[2026-08-24 21:00:00.284619][UC][I] DramPool CompletionPoller started [23989,24002][drampool_server.cc:555,CompletionPollerLoop]
[2026-08-24 21:00:00.284710][UC][I] DramPool TaskWorker started [23989,24003][drampool_server.cc:473,TaskWorkerLoop]
[2026-08-24 21:00:00.284863][UC][I] DramPool GCThread started, interval_ms=1000 [23989,24004][drampool_server.cc:562,GCThreadLoop]
[2026-08-24 21:00:00.285001][UC][I] DramPool RequestReceiver started, addr=127.0.0.1:9000 [23989,24005][drampool_server.cc:480,RequestReceiveLoop]
[2026-08-24 21:00:02.075220][UC][I] [HIXL_WORKER_PERF] task_id=1 queue_depth=1 enqueue_lock_wait_us=1 enqueue_us=0 queue_wait_us=21 execute_us=63 result_post_us=10 total_us=95 status=0 [23989,23989][hixl_instance.cpp:107,Run]
[2026-08-24 21:00:02.075353][UC][I] [HIXL_WORKER_PERF] task_id=2 queue_depth=1 enqueue_lock_wait_us=1 enqueue_us=0 queue_wait_us=15 execute_us=34 result_post_us=11 total_us=61 status=0 [23989,23989][hixl_instance.cpp:107,Run]
[2026-08-24 21:00:02.075406][UC][I] [HIXL_WORKER_PERF] task_id=3 queue_depth=1 enqueue_lock_wait_us=1 enqueue_us=0 queue_wait_us=8 execute_us=14 result_post_us=8 total_us=31 status=0 [23989,23989][hixl_instance.cpp:107,Run]
[2026-08-24 21:00:02.075452][UC][I] [HIXL_WORKER_PERF] task_id=4 queue_depth=1 enqueue_lock_wait_us=1 enqueue_us=0 queue_wait_us=10 execute_us=14 result_post_us=11 total_us=36 status=0 [23989,23989][hixl_instance.cpp:107,Run]
[2026-08-24 21:00:02.075491][UC][I] [HIXL_WORKER_PERF] task_id=5 queue_depth=1 enqueue_lock_wait_us=0 enqueue_us=0 queue_wait_us=7 execute_us=13 result_post_us=8 total_us=28 status=0 [23989,23989][hixl_instance.cpp:107,Run]
[2026-08-24 21:00:02.075535][UC][I] [HIXL_WORKER_PERF] task_id=6 queue_depth=1 enqueue_lock_wait_us=0 enqueue_us=0 queue_wait_us=10 execute_us=12 result_post_us=11 total_us=33 status=0 [23989,23989][hixl_instance.cpp:107,Run]
[2026-08-24 21:00:02.076016][UC][I] DramPool health server is disabled [23989,23989][health_server.cc:140,Start]
[2026-08-24 21:00:02.076041][UC][I] DramPool service ready, addr=127.0.0.1:9000 [23989,23989][drampool_daemon.cc:79,Run]
[2026-08-24 21:00:45.412281][UC][I] [HIXL_WORKER_PERF] task_id=7 queue_depth=1 enqueue_lock_wait_us=0 enqueue_us=1 queue_wait_us=20 execute_us=964802 result_post_us=26 total_us=964849 status=0 [23989,24051][hixl_instance.cpp:107,Run]
[2026-08-24 21:00:45.640042][UC][I] [HIXL_WORKER_PERF] task_id=8 queue_depth=1 enqueue_lock_wait_us=1 enqueue_us=0 queue_wait_us=16 execute_us=227178 result_post_us=20 total_us=227215 status=0 [23989,24051][hixl_instance.cpp:107,Run]
[2026-08-24 21:00:46.696094][UC][I] [HIXL_WORKER_PERF] task_id=9 queue_depth=1 enqueue_lock_wait_us=0 enqueue_us=0 queue_wait_us=25 execute_us=1055875 result_post_us=25 total_us=1055925 status=0 [23989,24051][hixl_instance.cpp:107,Run]
[2026-08-24 21:00:46.879105][UC][I] [HIXL_WORKER_PERF] task_id=10 queue_depth=1 enqueue_lock_wait_us=1 enqueue_us=0 queue_wait_us=7 execute_us=182747 result_post_us=16 total_us=182771 status=0 [23989,24051][hixl_instance.cpp:107,Run]
[2026-08-24 21:00:47.106652][UC][I] [HIXL_WORKER_PERF] task_id=11 queue_depth=1 enqueue_lock_wait_us=0 enqueue_us=0 queue_wait_us=23 execute_us=227347 result_post_us=18 total_us=227388 status=0 [23989,24051][hixl_instance.cpp:107,Run]
[2026-08-24 21:00:47.329669][UC][I] [HIXL_WORKER_PERF] task_id=12 queue_depth=1 enqueue_lock_wait_us=0 enqueue_us=1 queue_wait_us=10 execute_us=222835 result_post_us=12 total_us=222858 status=0 [23989,24051][hixl_instance.cpp:107,Run]
[2026-08-24 21:00:47.534847][UC][I] [HIXL_WORKER_PERF] task_id=13 queue_depth=1 enqueue_lock_wait_us=1 enqueue_us=0 queue_wait_us=14 execute_us=205052 result_post_us=18 total_us=205085 status=0 [23989,24051][hixl_instance.cpp:107,Run]
[2026-08-24 21:00:47.770388][UC][I] [HIXL_WORKER_PERF] task_id=14 queue_depth=1 enqueue_lock_wait_us=1 enqueue_us=1 queue_wait_us=14 execute_us=235417 result_post_us=9 total_us=235442 status=0 [23989,24051][hixl_instance.cpp:107,Run]
[2026-08-24 21:01:18.052236][UC][I] [HIXL_WORKER_PERF] task_id=15 queue_depth=1 enqueue_lock_wait_us=1 enqueue_us=0 queue_wait_us=15 execute_us=801365 result_post_us=14 total_us=801395 status=0 [23989,24051][hixl_instance.cpp:107,Run]
[HIXL_PERF] event=hccl_batch op=1 desc_num=1 hccl_us=222 status=0
[HIXL_PERF] event=issue_hccl_batch op=1 list_num=1 total_us=263
[HIXL_PERF] event=issue_async_host_flag op=1 list_num=1 context_us=1 hccl_issue_us=267 flag_memcpy_us=18 total_us=286
[HIXL_PERF] event=comm_channel_async op=1 list_num=1 mutex_wait_us=1 slot_us=1507 host_flag_us=12 record_us=2 issue_us=291 total_us=1813
[HIXL_PERF] event=adxl_inner_async op=1 list_num=1 context_us=7 connect_us=0 get_channel_us=4 channel_async_us=1818 tail_us=2 total_us=1831
[HIXL_PERF] event=comm_engine_async op=1 list_num=1 desc_build_us=0 inner_us=1836 total_us=1836 status=0
[2026-08-24 21:01:18.441624][UC][I] [HIXL_WORKER_PERF] task_id=16 queue_depth=1 enqueue_lock_wait_us=2 enqueue_us=1 queue_wait_us=19 execute_us=1860 result_post_us=10 total_us=1892 status=0 [23989,24002][hixl_instance.cpp:107,Run]
[2026-08-24 21:01:18.441667][UC][I] [PERF] component=transport event=transfer_submitted manager=127.0.0.1:8000 target=127.0.0.1:4500 handle=1 transport_handle=1 opcode=1 direct=2 segments=1 bytes=10 submitted_ts_us=1787576478441664 manager_execute_async_ts_us=1787576478439715 backend_execute_async_ts_us=1787576478439753 manager_to_backend_execute_async_us=38 submit_us=1943 [23989,24002][transport_manager.cpp:674,ExecuteAsync]
[HIXL_QUERY_PERF] layer=comm_channel request=0x1 mutex_wait_us=0 check_us=0 lookup_us=1 flag_check_us=0 complete_us=0 total_us=2 transfer_status=0
[HIXL_QUERY_PERF] layer=adxl_inner request=0x1 context_us=1 req_lock_wait_us=0 lookup_us=2 channel_us=10 cleanup_us=1 total_us=14 status=0 transfer_status=0
[HIXL_QUERY_PERF] layer=comm_engine request=0x1 total_us=17 status=0 transfer_status=0
[2026-08-24 21:01:18.441711][UC][I] [HIXL_WORKER_PERF] task_id=17 queue_depth=1 enqueue_lock_wait_us=1 enqueue_us=0 queue_wait_us=6 execute_us=21 result_post_us=5 total_us=33 status=0 [23989,24002][hixl_instance.cpp:107,Run]
[2026-08-24 21:01:18.441719][UC][I] [QUERY_PERF] component=ucm layer=hixl_instance request=0x1 queue_wait_us=8 backend_us=20 run_post_us=14 total_us=42 api_status=0 transfer_status=0 [23989,24002][hixl_instance.cpp:370,GetTransferStatus]
[2026-08-24 21:01:18.441724][UC][I] [QUERY_PERF] component=ucm layer=hixl_transport handle=1 request=0x1 lifecycle_lock_us=0 pending_lock_wait_us=0 pending_lookup_us=1 instance_us=46 erase_us=0 total_us=47 transfer_status=0 [23989,24002][hixl_transport.cpp:734,GetStatus]
[2026-08-24 21:01:18.441728][UC][I] [QUERY_PERF] component=ucm layer=transport_manager handle=1 transport_handle=1 transfers_lock_wait_us=0 lookup_us=0 transport_us=52 total_us=52 api_status=0 transfer_status=0 [23989,24002][transport_manager.cpp:716,GetStatus]
[HIXL_QUERY_PERF] layer=comm_channel request=0x1 mutex_wait_us=0 check_us=0 lookup_us=0 flag_check_us=0 complete_us=0 total_us=0 transfer_status=0
[HIXL_QUERY_PERF] layer=adxl_inner request=0x1 context_us=0 req_lock_wait_us=0 lookup_us=1 channel_us=6 cleanup_us=0 total_us=7 status=0 transfer_status=0
[HIXL_QUERY_PERF] layer=comm_engine request=0x1 total_us=12 status=0 transfer_status=0
[2026-08-24 21:01:18.441763][UC][I] [HIXL_WORKER_PERF] task_id=18 queue_depth=1 enqueue_lock_wait_us=0 enqueue_us=1 queue_wait_us=4 execute_us=17 result_post_us=5 total_us=27 status=0 [23989,24002][hixl_instance.cpp:107,Run]
[2026-08-24 21:01:18.441770][UC][I] [QUERY_PERF] component=ucm layer=hixl_instance request=0x1 queue_wait_us=6 backend_us=16 run_post_us=13 total_us=35 api_status=0 transfer_status=0 [23989,24002][hixl_instance.cpp:370,GetTransferStatus]
[2026-08-24 21:01:18.441774][UC][I] [QUERY_PERF] component=ucm layer=hixl_transport handle=1 request=0x1 lifecycle_lock_us=0 pending_lock_wait_us=0 pending_lookup_us=0 instance_us=38 erase_us=0 total_us=38 transfer_status=0 [23989,24002][hixl_transport.cpp:734,GetStatus]
[2026-08-24 21:01:18.441777][UC][I] [QUERY_PERF] component=ucm layer=transport_manager handle=1 transport_handle=1 transfers_lock_wait_us=0 lookup_us=0 transport_us=42 total_us=42 api_status=0 transfer_status=0 [23989,24002][transport_manager.cpp:716,GetStatus]
[HIXL_QUERY_PERF] layer=comm_channel request=0x1 mutex_wait_us=0 check_us=0 lookup_us=0 flag_check_us=0 complete_us=0 total_us=0 transfer_status=0
[HIXL_QUERY_PERF] layer=adxl_inner request=0x1 context_us=1 req_lock_wait_us=0 lookup_us=0 channel_us=4 cleanup_us=0 total_us=5 status=0 transfer_status=0
[HIXL_QUERY_PERF] layer=comm_engine request=0x1 total_us=7 status=0 transfer_status=0
[2026-08-24 21:01:18.441812][UC][I] [HIXL_WORKER_PERF] task_id=19 queue_depth=1 enqueue_lock_wait_us=0 enqueue_us=0 queue_wait_us=5 execute_us=9 result_post_us=5 total_us=19 status=0 [23989,24002][hixl_instance.cpp:107,Run]
[2026-08-24 21:01:18.441817][UC][I] [QUERY_PERF] component=ucm layer=hixl_instance request=0x1 queue_wait_us=5 backend_us=9 run_post_us=11 total_us=25 api_status=0 transfer_status=0 [23989,24002][hixl_instance.cpp:370,GetTransferStatus]
[2026-08-24 21:01:18.441823][UC][I] [QUERY_PERF] component=ucm layer=hixl_transport handle=1 request=0x1 lifecycle_lock_us=0 pending_lock_wait_us=0 pending_lookup_us=0 instance_us=31 erase_us=0 total_us=31 transfer_status=0 [23989,24002][hixl_transport.cpp:734,GetStatus]
[2026-08-24 21:01:18.441831][UC][I] [QUERY_PERF] component=ucm layer=transport_manager handle=1 transport_handle=1 transfers_lock_wait_us=1 lookup_us=0 transport_us=39 total_us=40 api_status=0 transfer_status=0 [23989,24002][transport_manager.cpp:716,GetStatus]
[HIXL_QUERY_PERF] layer=comm_channel request=0x1 mutex_wait_us=0 check_us=0 lookup_us=0 flag_check_us=0 complete_us=0 total_us=0 transfer_status=0
[HIXL_QUERY_PERF] layer=adxl_inner request=0x1 context_us=1 req_lock_wait_us=0 lookup_us=0 channel_us=5 cleanup_us=0 total_us=6 status=0 transfer_status=0
[HIXL_QUERY_PERF] layer=comm_engine request=0x1 total_us=8 status=0 transfer_status=0
[2026-08-24 21:01:18.441856][UC][I] [HIXL_WORKER_PERF] task_id=20 queue_depth=1 enqueue_lock_wait_us=0 enqueue_us=0 queue_wait_us=5 execute_us=9 result_post_us=5 total_us=19 status=0 [23989,24002][hixl_instance.cpp:107,Run]
[2026-08-24 21:01:18.441864][UC][I] [QUERY_PERF] component=ucm layer=hixl_instance request=0x1 queue_wait_us=5 backend_us=9 run_post_us=12 total_us=26 api_status=0 transfer_status=0 [23989,24002][hixl_instance.cpp:370,GetTransferStatus]
[2026-08-24 21:01:18.441880][UC][I] [QUERY_PERF] component=ucm layer=hixl_transport handle=1 request=0x1 lifecycle_lock_us=0 pending_lock_wait_us=0 pending_lookup_us=0 instance_us=43 erase_us=0 total_us=43 transfer_status=0 [23989,24002][hixl_transport.cpp:734,GetStatus]
[2026-08-24 21:01:18.441885][UC][I] [QUERY_PERF] component=ucm layer=transport_manager handle=1 transport_handle=1 transfers_lock_wait_us=1 lookup_us=0 transport_us=47 total_us=48 api_status=0 transfer_status=0 [23989,24002][transport_manager.cpp:716,GetStatus]
[HIXL_QUERY_PERF] layer=comm_channel request=0x1 mutex_wait_us=0 check_us=0 lookup_us=1 flag_check_us=0 complete_us=0 total_us=1 transfer_status=0
[HIXL_QUERY_PERF] layer=adxl_inner request=0x1 context_us=1 req_lock_wait_us=0 lookup_us=0 channel_us=7 cleanup_us=0 total_us=8 status=0 transfer_status=0
[HIXL_QUERY_PERF] layer=comm_engine request=0x1 total_us=12 status=0 transfer_status=0
[2026-08-24 21:01:18.441917][UC][I] [HIXL_WORKER_PERF] task_id=21 queue_depth=1 enqueue_lock_wait_us=0 enqueue_us=0 queue_wait_us=5 execute_us=18 result_post_us=5 total_us=28 status=0 [23989,24002][hixl_instance.cpp:107,Run]
[2026-08-24 21:01:18.441924][UC][I] [QUERY_PERF] component=ucm layer=hixl_instance request=0x1 queue_wait_us=5 backend_us=18 run_post_us=13 total_us=36 api_status=0 transfer_status=0 [23989,24002][hixl_instance.cpp:370,GetTransferStatus]
[2026-08-24 21:01:18.441927][UC][I] [QUERY_PERF] component=ucm layer=hixl_transport handle=1 request=0x1 lifecycle_lock_us=0 pending_lock_wait_us=0 pending_lookup_us=0 instance_us=39 erase_us=0 total_us=39 transfer_status=0 [23989,24002][hixl_transport.cpp:734,GetStatus]
[2026-08-24 21:01:18.441930][UC][I] [QUERY_PERF] component=ucm layer=transport_manager handle=1 transport_handle=1 transfers_lock_wait_us=0 lookup_us=0 transport_us=43 total_us=43 api_status=0 transfer_status=0 [23989,24002][transport_manager.cpp:716,GetStatus]
[HIXL_QUERY_PERF] layer=comm_channel request=0x1 mutex_wait_us=0 check_us=0 lookup_us=0 flag_check_us=0 complete_us=0 total_us=0 transfer_status=0
[HIXL_QUERY_PERF] layer=adxl_inner request=0x1 context_us=0 req_lock_wait_us=0 lookup_us=1 channel_us=4 cleanup_us=0 total_us=5 status=0 transfer_status=0
[HIXL_QUERY_PERF] layer=comm_engine request=0x1 total_us=7 status=0 transfer_status=0
[2026-08-24 21:01:18.441956][UC][I] [HIXL_WORKER_PERF] task_id=22 queue_depth=1 enqueue_lock_wait_us=0 enqueue_us=0 queue_wait_us=4 execute_us=10 result_post_us=4 total_us=18 status=0 [23989,24002][hixl_instance.cpp:107,Run]
[2026-08-24 21:01:18.441961][UC][I] [QUERY_PERF] component=ucm layer=hixl_instance request=0x1 queue_wait_us=5 backend_us=9 run_post_us=10 total_us=24 api_status=0 transfer_status=0 [23989,24002][hixl_instance.cpp:370,GetTransferStatus]
[2026-08-24 21:01:18.441967][UC][I] [QUERY_PERF] component=ucm layer=hixl_transport handle=1 request=0x1 lifecycle_lock_us=0 pending_lock_wait_us=0 pending_lookup_us=0 instance_us=29 erase_us=0 total_us=29 transfer_status=0 [23989,24002][hixl_transport.cpp:734,GetStatus]
[2026-08-24 21:01:18.441974][UC][I] [QUERY_PERF] component=ucm layer=transport_manager handle=1 transport_handle=1 transfers_lock_wait_us=0 lookup_us=0 transport_us=36 total_us=36 api_status=0 transfer_status=0 [23989,24002][transport_manager.cpp:716,GetStatus]
[HIXL_QUERY_PERF] layer=comm_channel request=0x1 mutex_wait_us=0 check_us=0 lookup_us=1 flag_check_us=0 complete_us=0 total_us=1 transfer_status=0
[HIXL_QUERY_PERF] layer=adxl_inner request=0x1 context_us=1 req_lock_wait_us=0 lookup_us=0 channel_us=4 cleanup_us=0 total_us=5 status=0 transfer_status=0
[HIXL_QUERY_PERF] layer=comm_engine request=0x1 total_us=7 status=0 transfer_status=0
[2026-08-24 21:01:18.441997][UC][I] [HIXL_WORKER_PERF] task_id=23 queue_depth=1 enqueue_lock_wait_us=1 enqueue_us=0 queue_wait_us=4 execute_us=8 result_post_us=5 total_us=18 status=0 [23989,24002][hixl_instance.cpp:107,Run]
[2026-08-24 21:01:18.442003][UC][I] [QUERY_PERF] component=ucm layer=hixl_instance request=0x1 queue_wait_us=5 backend_us=8 run_post_us=11 total_us=24 api_status=0 transfer_status=0 [23989,24002][hixl_instance.cpp:370,GetTransferStatus]
[2026-08-24 21:01:18.442009][UC][I] [QUERY_PERF] component=ucm layer=hixl_transport handle=1 request=0x1 lifecycle_lock_us=0 pending_lock_wait_us=0 pending_lookup_us=0 instance_us=29 erase_us=0 total_us=29 transfer_status=0 [23989,24002][hixl_transport.cpp:734,GetStatus]
[2026-08-24 21:01:18.442012][UC][I] [QUERY_PERF] component=ucm layer=transport_manager handle=1 transport_handle=1 transfers_lock_wait_us=0 lookup_us=0 transport_us=32 total_us=32 api_status=0 transfer_status=0 [23989,24002][transport_manager.cpp:716,GetStatus]
[HIXL_QUERY_PERF] layer=comm_channel request=0x1 mutex_wait_us=0 check_us=0 lookup_us=0 flag_check_us=0 complete_us=0 total_us=0 transfer_status=0
[HIXL_QUERY_PERF] layer=adxl_inner request=0x1 context_us=1 req_lock_wait_us=0 lookup_us=0 channel_us=3 cleanup_us=1 total_us=5 status=0 transfer_status=0
[HIXL_QUERY_PERF] layer=comm_engine request=0x1 total_us=7 status=0 transfer_status=0
[2026-08-24 21:01:18.442033][UC][I] [HIXL_WORKER_PERF] task_id=24 queue_depth=1 enqueue_lock_wait_us=0 enqueue_us=0 queue_wait_us=5 execute_us=8 result_post_us=5 total_us=18 status=0 [23989,24002][hixl_instance.cpp:107,Run]
[2026-08-24 21:01:18.442039][UC][I] [QUERY_PERF] component=ucm layer=hixl_instance request=0x1 queue_wait_us=5 backend_us=8 run_post_us=11 total_us=24 api_status=0 transfer_status=0 [23989,24002][hixl_instance.cpp:370,GetTransferStatus]
[2026-08-24 21:01:18.442050][UC][I] [QUERY_PERF] component=ucm layer=hixl_transport handle=1 request=0x1 lifecycle_lock_us=0 pending_lock_wait_us=0 pending_lookup_us=0 instance_us=35 erase_us=0 total_us=35 transfer_status=0 [23989,24002][hixl_transport.cpp:734,GetStatus]
[2026-08-24 21:01:18.442055][UC][I] [QUERY_PERF] component=ucm layer=transport_manager handle=1 transport_handle=1 transfers_lock_wait_us=0 lookup_us=0 transport_us=40 total_us=40 api_status=0 transfer_status=0 [23989,24002][transport_manager.cpp:716,GetStatus]
[HIXL_QUERY_PERF] layer=comm_channel request=0x1 mutex_wait_us=0 check_us=0 lookup_us=0 flag_check_us=0 complete_us=0 total_us=0 transfer_status=0
[HIXL_QUERY_PERF] layer=adxl_inner request=0x1 context_us=0 req_lock_wait_us=0 lookup_us=1 channel_us=3 cleanup_us=0 total_us=4 status=0 transfer_status=0
[HIXL_QUERY_PERF] layer=comm_engine request=0x1 total_us=6 status=0 transfer_status=0
[2026-08-24 21:01:18.442081][UC][I] [HIXL_WORKER_PERF] task_id=25 queue_depth=1 enqueue_lock_wait_us=0 enqueue_us=0 queue_wait_us=5 execute_us=8 result_post_us=5 total_us=18 status=0 [23989,24002][hixl_instance.cpp:107,Run]
[2026-08-24 21:01:18.442087][UC][I] [QUERY_PERF] component=ucm layer=hixl_instance request=0x1 queue_wait_us=5 backend_us=8 run_post_us=12 total_us=25 api_status=0 transfer_status=0 [23989,24002][hixl_instance.cpp:370,GetTransferStatus]
[2026-08-24 21:01:18.442091][UC][I] [QUERY_PERF] component=ucm layer=hixl_transport handle=1 request=0x1 lifecycle_lock_us=1 pending_lock_wait_us=0 pending_lookup_us=0 instance_us=28 erase_us=0 total_us=29 transfer_status=0 [23989,24002][hixl_transport.cpp:734,GetStatus]
[2026-08-24 21:01:18.442096][UC][I] [QUERY_PERF] component=ucm layer=transport_manager handle=1 transport_handle=1 transfers_lock_wait_us=0 lookup_us=0 transport_us=34 total_us=34 api_status=0 transfer_status=0 [23989,24002][transport_manager.cpp:716,GetStatus]
[HIXL_QUERY_PERF] layer=comm_channel request=0x1 mutex_wait_us=0 check_us=0 lookup_us=0 flag_check_us=0 complete_us=0 total_us=0 transfer_status=0
[HIXL_QUERY_PERF] layer=adxl_inner request=0x1 context_us=0 req_lock_wait_us=0 lookup_us=1 channel_us=5 cleanup_us=0 total_us=6 status=0 transfer_status=0
[HIXL_QUERY_PERF] layer=comm_engine request=0x1 total_us=8 status=0 transfer_status=0
[2026-08-24 21:01:18.442121][UC][I] [HIXL_WORKER_PERF] task_id=26 queue_depth=1 enqueue_lock_wait_us=0 enqueue_us=0 queue_wait_us=4 execute_us=10 result_post_us=4 total_us=18 status=0 [23989,24002][hixl_instance.cpp:107,Run]
[2026-08-24 21:01:18.442127][UC][I] [QUERY_PERF] component=ucm layer=hixl_instance request=0x1 queue_wait_us=4 backend_us=10 run_post_us=10 total_us=24 api_status=0 transfer_status=0 [23989,24002][hixl_instance.cpp:370,GetTransferStatus]
[2026-08-24 21:01:18.442130][UC][I] [QUERY_PERF] component=ucm layer=hixl_transport handle=1 request=0x1 lifecycle_lock_us=0 pending_lock_wait_us=0 pending_lookup_us=0 instance_us=28 erase_us=0 total_us=28 transfer_status=0 [23989,24002][hixl_transport.cpp:734,GetStatus]
[2026-08-24 21:01:18.442135][UC][I] [QUERY_PERF] component=ucm layer=transport_manager handle=1 transport_handle=1 transfers_lock_wait_us=0 lookup_us=0 transport_us=32 total_us=32 api_status=0 transfer_status=0 [23989,24002][transport_manager.cpp:716,GetStatus]
[HIXL_QUERY_PERF] layer=comm_channel request=0x1 mutex_wait_us=0 check_us=0 lookup_us=0 flag_check_us=0 complete_us=0 total_us=0 transfer_status=0
[HIXL_QUERY_PERF] layer=adxl_inner request=0x1 context_us=0 req_lock_wait_us=0 lookup_us=0 channel_us=5 cleanup_us=0 total_us=5 status=0 transfer_status=0
[HIXL_QUERY_PERF] layer=comm_engine request=0x1 total_us=7 status=0 transfer_status=0
[2026-08-24 21:01:18.442161][UC][I] [HIXL_WORKER_PERF] task_id=27 queue_depth=1 enqueue_lock_wait_us=1 enqueue_us=0 queue_wait_us=4 execute_us=12 result_post_us=4 total_us=21 status=0 [23989,24002][hixl_instance.cpp:107,Run]
[2026-08-24 21:01:18.442166][UC][I] [QUERY_PERF] component=ucm layer=hixl_instance request=0x1 queue_wait_us=5 backend_us=12 run_post_us=10 total_us=27 api_status=0 transfer_status=0 [23989,24002][hixl_instance.cpp:370,GetTransferStatus]
[2026-08-24 21:01:18.442169][UC][I] [QUERY_PERF] component=ucm layer=hixl_transport handle=1 request=0x1 lifecycle_lock_us=0 pending_lock_wait_us=0 pending_lookup_us=0 instance_us=30 erase_us=0 total_us=30 transfer_status=0 [23989,24002][hixl_transport.cpp:734,GetStatus]
[2026-08-24 21:01:18.442172][UC][I] [QUERY_PERF] component=ucm layer=transport_manager handle=1 transport_handle=1 transfers_lock_wait_us=0 lookup_us=0 transport_us=33 total_us=33 api_status=0 transfer_status=0 [23989,24002][transport_manager.cpp:716,GetStatus]
[HIXL_QUERY_PERF] layer=comm_channel request=0x1 mutex_wait_us=0 check_us=0 lookup_us=0 flag_check_us=0 complete_us=0 total_us=0 transfer_status=0
[HIXL_QUERY_PERF] layer=adxl_inner request=0x1 context_us=0 req_lock_wait_us=0 lookup_us=0 channel_us=5 cleanup_us=0 total_us=5 status=0 transfer_status=0
[HIXL_QUERY_PERF] layer=comm_engine request=0x1 total_us=10 status=0 transfer_status=0
[2026-08-24 21:01:18.442203][UC][I] [HIXL_WORKER_PERF] task_id=28 queue_depth=1 enqueue_lock_wait_us=0 enqueue_us=0 queue_wait_us=5 execute_us=15 result_post_us=4 total_us=24 status=0 [23989,24002][hixl_instance.cpp:107,Run]
[2026-08-24 21:01:18.442209][UC][I] [QUERY_PERF] component=ucm layer=hixl_instance request=0x1 queue_wait_us=5 backend_us=15 run_post_us=11 total_us=31 api_status=0 transfer_status=0 [23989,24002][hixl_instance.cpp:370,GetTransferStatus]
[2026-08-24 21:01:18.442212][UC][I] [QUERY_PERF] component=ucm layer=hixl_transport handle=1 request=0x1 lifecycle_lock_us=0 pending_lock_wait_us=0 pending_lookup_us=1 instance_us=34 erase_us=0 total_us=35 transfer_status=0 [23989,24002][hixl_transport.cpp:734,GetStatus]
[2026-08-24 21:01:18.442219][UC][I] [QUERY_PERF] component=ucm layer=transport_manager handle=1 transport_handle=1 transfers_lock_wait_us=0 lookup_us=0 transport_us=41 total_us=41 api_status=0 transfer_status=0 [23989,24002][transport_manager.cpp:716,GetStatus]
[HIXL_QUERY_PERF] layer=comm_channel request=0x1 mutex_wait_us=0 check_us=0 lookup_us=0 flag_check_us=0 complete_us=0 total_us=0 transfer_status=0
[HIXL_QUERY_PERF] layer=adxl_inner request=0x1 context_us=0 req_lock_wait_us=0 lookup_us=0 channel_us=5 cleanup_us=0 total_us=5 status=0 transfer_status=0
[HIXL_QUERY_PERF] layer=comm_engine request=0x1 total_us=7 status=0 transfer_status=0
[2026-08-24 21:01:18.442243][UC][I] [HIXL_WORKER_PERF] task_id=29 queue_depth=1 enqueue_lock_wait_us=0 enqueue_us=0 queue_wait_us=5 execute_us=10 result_post_us=5 total_us=20 status=0 [23989,24002][hixl_instance.cpp:107,Run]
[2026-08-24 21:01:18.442252][UC][I] [QUERY_PERF] component=ucm layer=hixl_instance request=0x1 queue_wait_us=5 backend_us=9 run_post_us=15 total_us=29 api_status=0 transfer_status=0 [23989,24002][hixl_instance.cpp:370,GetTransferStatus]
[2026-08-24 21:01:18.442259][UC][I] [QUERY_PERF] component=ucm layer=hixl_transport handle=1 request=0x1 lifecycle_lock_us=0 pending_lock_wait_us=0 pending_lookup_us=0 instance_us=35 erase_us=0 total_us=35 transfer_status=0 [23989,24002][hixl_transport.cpp:734,GetStatus]
[2026-08-24 21:01:18.442263][UC][I] [QUERY_PERF] component=ucm layer=transport_manager handle=1 transport_handle=1 transfers_lock_wait_us=0 lookup_us=1 transport_us=40 total_us=41 api_status=0 transfer_status=0 [23989,24002][transport_manager.cpp:716,GetStatus]
[HIXL_QUERY_PERF] layer=comm_channel request=0x1 mutex_wait_us=0 check_us=0 lookup_us=1 flag_check_us=0 complete_us=0 total_us=1 transfer_status=0
[HIXL_QUERY_PERF] layer=adxl_inner request=0x1 context_us=1 req_lock_wait_us=0 lookup_us=0 channel_us=5 cleanup_us=0 total_us=6 status=0 transfer_status=0
[HIXL_QUERY_PERF] layer=comm_engine request=0x1 total_us=8 status=0 transfer_status=0
[2026-08-24 21:01:18.442285][UC][I] [HIXL_WORKER_PERF] task_id=30 queue_depth=1 enqueue_lock_wait_us=1 enqueue_us=0 queue_wait_us=4 execute_us=9 result_post_us=4 total_us=18 status=0 [23989,24002][hixl_instance.cpp:107,Run]
[2026-08-24 21:01:18.442289][UC][I] [QUERY_PERF] component=ucm layer=hixl_instance request=0x1 queue_wait_us=5 backend_us=9 run_post_us=9 total_us=23 api_status=0 transfer_status=0 [23989,24002][hixl_instance.cpp:370,GetTransferStatus]
[2026-08-24 21:01:18.442292][UC][I] [QUERY_PERF] component=ucm layer=hixl_transport handle=1 request=0x1 lifecycle_lock_us=0 pending_lock_wait_us=0 pending_lookup_us=0 instance_us=26 erase_us=0 total_us=26 transfer_status=0 [23989,24002][hixl_transport.cpp:734,GetStatus]
[2026-08-24 21:01:18.442300][UC][I] [QUERY_PERF] component=ucm layer=transport_manager handle=1 transport_handle=1 transfers_lock_wait_us=0 lookup_us=0 transport_us=33 total_us=33 api_status=0 transfer_status=0 [23989,24002][transport_manager.cpp:716,GetStatus]
[HIXL_QUERY_PERF] layer=comm_channel request=0x1 mutex_wait_us=0 check_us=0 lookup_us=0 flag_check_us=0 complete_us=0 total_us=0 transfer_status=0
[HIXL_QUERY_PERF] layer=adxl_inner request=0x1 context_us=0 req_lock_wait_us=0 lookup_us=1 channel_us=4 cleanup_us=0 total_us=5 status=0 transfer_status=0
[HIXL_QUERY_PERF] layer=comm_engine request=0x1 total_us=8 status=0 transfer_status=0
[2026-08-24 21:01:18.442326][UC][I] [HIXL_WORKER_PERF] task_id=31 queue_depth=1 enqueue_lock_wait_us=0 enqueue_us=0 queue_wait_us=4 execute_us=11 result_post_us=4 total_us=19 status=0 [23989,24002][hixl_instance.cpp:107,Run]
[2026-08-24 21:01:18.442335][UC][I] [QUERY_PERF] component=ucm layer=hixl_instance request=0x1 queue_wait_us=5 backend_us=11 run_post_us=13 total_us=29 api_status=0 transfer_status=0 [23989,24002][hixl_instance.cpp:370,GetTransferStatus]
[2026-08-24 21:01:18.442340][UC][I] [QUERY_PERF] component=ucm layer=hixl_transport handle=1 request=0x1 lifecycle_lock_us=0 pending_lock_wait_us=0 pending_lookup_us=0 instance_us=34 erase_us=0 total_us=34 transfer_status=0 [23989,24002][hixl_transport.cpp:734,GetStatus]
[2026-08-24 21:01:18.442344][UC][I] [QUERY_PERF] component=ucm layer=transport_manager handle=1 transport_handle=1 transfers_lock_wait_us=0 lookup_us=0 transport_us=37 total_us=37 api_status=0 transfer_status=0 [23989,24002][transport_manager.cpp:716,GetStatus]
[HIXL_QUERY_PERF] layer=comm_channel request=0x1 mutex_wait_us=0 check_us=0 lookup_us=1 flag_check_us=0 complete_us=0 total_us=1 transfer_status=0
[HIXL_QUERY_PERF] layer=adxl_inner request=0x1 context_us=1 req_lock_wait_us=0 lookup_us=0 channel_us=5 cleanup_us=0 total_us=6 status=0 transfer_status=0
[HIXL_QUERY_PERF] layer=comm_engine request=0x1 total_us=8 status=0 transfer_status=0
[2026-08-24 21:01:18.442366][UC][I] [HIXL_WORKER_PERF] task_id=32 queue_depth=1 enqueue_lock_wait_us=0 enqueue_us=0 queue_wait_us=5 execute_us=9 result_post_us=4 total_us=18 status=0 [23989,24002][hixl_instance.cpp:107,Run]
[2026-08-24 21:01:18.442372][UC][I] [QUERY_PERF] component=ucm layer=hixl_instance request=0x1 queue_wait_us=5 backend_us=9 run_post_us=10 total_us=24 api_status=0 transfer_status=0 [23989,24002][hixl_instance.cpp:370,GetTransferStatus]
[2026-08-24 21:01:18.442375][UC][I] [QUERY_PERF] component=ucm layer=hixl_transport handle=1 request=0x1 lifecycle_lock_us=0 pending_lock_wait_us=0 pending_lookup_us=0 instance_us=28 erase_us=0 total_us=28 transfer_status=0 [23989,24002][hixl_transport.cpp:734,GetStatus]
[2026-08-24 21:01:18.442385][UC][I] [QUERY_PERF] component=ucm layer=transport_manager handle=1 transport_handle=1 transfers_lock_wait_us=0 lookup_us=1 transport_us=38 total_us=39 api_status=0 transfer_status=0 [23989,24002][transport_manager.cpp:716,GetStatus]
[HIXL_QUERY_PERF] layer=comm_channel request=0x1 mutex_wait_us=0 check_us=0 lookup_us=0 flag_check_us=0 complete_us=0 total_us=0 transfer_status=0
[HIXL_QUERY_PERF] layer=adxl_inner request=0x1 context_us=0 req_lock_wait_us=1 lookup_us=0 channel_us=4 cleanup_us=0 total_us=5 status=0 transfer_status=0
[HIXL_QUERY_PERF] layer=comm_engine request=0x1 total_us=7 status=0 transfer_status=0
[2026-08-24 21:01:18.442409][UC][I] [HIXL_WORKER_PERF] task_id=33 queue_depth=1 enqueue_lock_wait_us=0 enqueue_us=0 queue_wait_us=5 execute_us=8 result_post_us=5 total_us=18 status=0 [23989,24002][hixl_instance.cpp:107,Run]
[2026-08-24 21:01:18.442414][UC][I] [QUERY_PERF] component=ucm layer=hixl_instance request=0x1 queue_wait_us=5 backend_us=8 run_post_us=11 total_us=24 api_status=0 transfer_status=0 [23989,24002][hixl_instance.cpp:370,GetTransferStatus]
[2026-08-24 21:01:18.442417][UC][I] [QUERY_PERF] component=ucm layer=hixl_transport handle=1 request=0x1 lifecycle_lock_us=0 pending_lock_wait_us=0 pending_lookup_us=0 instance_us=27 erase_us=0 total_us=27 transfer_status=0 [23989,24002][hixl_transport.cpp:734,GetStatus]
[2026-08-24 21:01:18.442423][UC][I] [QUERY_PERF] component=ucm layer=transport_manager handle=1 transport_handle=1 transfers_lock_wait_us=0 lookup_us=1 transport_us=32 total_us=33 api_status=0 transfer_status=0 [23989,24002][transport_manager.cpp:716,GetStatus]
[HIXL_QUERY_PERF] layer=comm_channel request=0x1 mutex_wait_us=0 check_us=0 lookup_us=0 flag_check_us=0 complete_us=0 total_us=0 transfer_status=0
[HIXL_QUERY_PERF] layer=adxl_inner request=0x1 context_us=0 req_lock_wait_us=0 lookup_us=1 channel_us=6 cleanup_us=0 total_us=7 status=0 transfer_status=0
[HIXL_QUERY_PERF] layer=comm_engine request=0x1 total_us=9 status=0 transfer_status=0
[2026-08-24 21:01:18.442446][UC][I] [HIXL_WORKER_PERF] task_id=34 queue_depth=1 enqueue_lock_wait_us=0 enqueue_us=0 queue_wait_us=4 execute_us=12 result_post_us=4 total_us=20 status=0 [23989,24002][hixl_instance.cpp:107,Run]
[2026-08-24 21:01:18.442452][UC][I] [QUERY_PERF] component=ucm layer=hixl_instance request=0x1 queue_wait_us=4 backend_us=12 run_post_us=9 total_us=25 api_status=0 transfer_status=0 [23989,24002][hixl_instance.cpp:370,GetTransferStatus]
[2026-08-24 21:01:18.442455][UC][I] [QUERY_PERF] component=ucm layer=hixl_transport handle=1 request=0x1 lifecycle_lock_us=0 pending_lock_wait_us=0 pending_lookup_us=1 instance_us=28 erase_us=0 total_us=29 transfer_status=0 [23989,24002][hixl_transport.cpp:734,GetStatus]
[2026-08-24 21:01:18.442458][UC][I] [QUERY_PERF] component=ucm layer=transport_manager handle=1 transport_handle=1 transfers_lock_wait_us=0 lookup_us=0 transport_us=33 total_us=33 api_status=0 transfer_status=0 [23989,24002][transport_manager.cpp:716,GetStatus]
[HIXL_QUERY_PERF] layer=comm_channel request=0x1 mutex_wait_us=0 check_us=0 lookup_us=0 flag_check_us=0 complete_us=0 total_us=0 transfer_status=0
[HIXL_QUERY_PERF] layer=adxl_inner request=0x1 context_us=1 req_lock_wait_us=0 lookup_us=0 channel_us=5 cleanup_us=0 total_us=6 status=0 transfer_status=0
[HIXL_QUERY_PERF] layer=comm_engine request=0x1 total_us=11 status=0 transfer_status=0
[2026-08-24 21:01:18.442489][UC][I] [HIXL_WORKER_PERF] task_id=35 queue_depth=1 enqueue_lock_wait_us=0 enqueue_us=0 queue_wait_us=5 execute_us=15 result_post_us=5 total_us=25 status=0 [23989,24002][hixl_instance.cpp:107,Run]
[2026-08-24 21:01:18.442495][UC][I] [QUERY_PERF] component=ucm layer=hixl_instance request=0x1 queue_wait_us=5 backend_us=15 run_post_us=11 total_us=31 api_status=0 transfer_status=0 [23989,24002][hixl_instance.cpp:370,GetTransferStatus]
[2026-08-24 21:01:18.442498][UC][I] [QUERY_PERF] component=ucm layer=hixl_transport handle=1 request=0x1 lifecycle_lock_us=1 pending_lock_wait_us=0 pending_lookup_us=0 instance_us=34 erase_us=0 total_us=35 transfer_status=0 [23989,24002][hixl_transport.cpp:734,GetStatus]
[2026-08-24 21:01:18.442501][UC][I] [QUERY_PERF] component=ucm layer=transport_manager handle=1 transport_handle=1 transfers_lock_wait_us=0 lookup_us=0 transport_us=38 total_us=38 api_status=0 transfer_status=0 [23989,24002][transport_manager.cpp:716,GetStatus]
[HIXL_QUERY_PERF] layer=comm_channel request=0x1 mutex_wait_us=0 check_us=0 lookup_us=0 flag_check_us=0 complete_us=0 total_us=0 transfer_status=0
[HIXL_QUERY_PERF] layer=adxl_inner request=0x1 context_us=0 req_lock_wait_us=0 lookup_us=1 channel_us=4 cleanup_us=0 total_us=5 status=0 transfer_status=0
[HIXL_QUERY_PERF] layer=comm_engine request=0x1 total_us=7 status=0 transfer_status=0
[2026-08-24 21:01:18.442522][UC][I] [HIXL_WORKER_PERF] task_id=36 queue_depth=1 enqueue_lock_wait_us=0 enqueue_us=0 queue_wait_us=5 execute_us=8 result_post_us=5 total_us=18 status=0 [23989,24002][hixl_instance.cpp:107,Run]
[2026-08-24 21:01:18.442527][UC][I] [QUERY_PERF] component=ucm layer=hixl_instance request=0x1 queue_wait_us=5 backend_us=8 run_post_us=10 total_us=23 api_status=0 transfer_status=0 [23989,24002][hixl_instance.cpp:370,GetTransferStatus]
[2026-08-24 21:01:18.442530][UC][I] [QUERY_PERF] component=ucm layer=hixl_transport handle=1 request=0x1 lifecycle_lock_us=0 pending_lock_wait_us=0 pending_lookup_us=0 instance_us=26 erase_us=0 total_us=26 transfer_status=0 [23989,24002][hixl_transport.cpp:734,GetStatus]
[2026-08-24 21:01:18.442536][UC][I] [QUERY_PERF] component=ucm layer=transport_manager handle=1 transport_handle=1 transfers_lock_wait_us=0 lookup_us=1 transport_us=31 total_us=32 api_status=0 transfer_status=0 [23989,24002][transport_manager.cpp:716,GetStatus]
[HIXL_QUERY_PERF] layer=comm_channel request=0x1 mutex_wait_us=0 check_us=0 lookup_us=0 flag_check_us=0 complete_us=0 total_us=0 transfer_status=0
[HIXL_QUERY_PERF] layer=adxl_inner request=0x1 context_us=1 req_lock_wait_us=0 lookup_us=0 channel_us=5 cleanup_us=0 total_us=6 status=0 transfer_status=0
[HIXL_QUERY_PERF] layer=comm_engine request=0x1 total_us=8 status=0 transfer_status=0
[2026-08-24 21:01:18.442568][UC][I] [HIXL_WORKER_PERF] task_id=37 queue_depth=1 enqueue_lock_wait_us=0 enqueue_us=0 queue_wait_us=5 execute_us=9 result_post_us=5 total_us=19 status=0 [23989,24002][hixl_instance.cpp:107,Run]
[2026-08-24 21:01:18.442576][UC][I] [QUERY_PERF] component=ucm layer=hixl_instance request=0x1 queue_wait_us=5 backend_us=9 run_post_us=13 total_us=27 api_status=0 transfer_status=0 [23989,24002][hixl_instance.cpp:370,GetTransferStatus]
[2026-08-24 21:01:18.442581][UC][I] [QUERY_PERF] component=ucm layer=hixl_transport handle=1 request=0x1 lifecycle_lock_us=0 pending_lock_wait_us=0 pending_lookup_us=0 instance_us=33 erase_us=0 total_us=33 transfer_status=0 [23989,24002][hixl_transport.cpp:734,GetStatus]
[2026-08-24 21:01:18.442585][UC][I] [QUERY_PERF] component=ucm layer=transport_manager handle=1 transport_handle=1 transfers_lock_wait_us=0 lookup_us=0 transport_us=37 total_us=37 api_status=0 transfer_status=0 [23989,24002][transport_manager.cpp:716,GetStatus]
[HIXL_QUERY_PERF] layer=comm_channel request=0x1 mutex_wait_us=1 check_us=0 lookup_us=0 flag_check_us=0 complete_us=0 total_us=1 transfer_status=0
[HIXL_QUERY_PERF] layer=adxl_inner request=0x1 context_us=0 req_lock_wait_us=0 lookup_us=0 channel_us=4 cleanup_us=0 total_us=4 status=0 transfer_status=0
[HIXL_QUERY_PERF] layer=comm_engine request=0x1 total_us=6 status=0 transfer_status=0
[2026-08-24 21:01:18.442606][UC][I] [HIXL_WORKER_PERF] task_id=38 queue_depth=1 enqueue_lock_wait_us=0 enqueue_us=0 queue_wait_us=4 execute_us=8 result_post_us=5 total_us=17 status=0 [23989,24002][hixl_instance.cpp:107,Run]
[2026-08-24 21:01:18.442613][UC][I] [QUERY_PERF] component=ucm layer=hixl_instance request=0x1 queue_wait_us=4 backend_us=8 run_post_us=12 total_us=24 api_status=0 transfer_status=0 [23989,24002][hixl_instance.cpp:370,GetTransferStatus]
[2026-08-24 21:01:18.442619][UC][I] [QUERY_PERF] component=ucm layer=hixl_transport handle=1 request=0x1 lifecycle_lock_us=0 pending_lock_wait_us=0 pending_lookup_us=0 instance_us=30 erase_us=0 total_us=30 transfer_status=0 [23989,24002][hixl_transport.cpp:734,GetStatus]
[2026-08-24 21:01:18.442624][UC][I] [QUERY_PERF] component=ucm layer=transport_manager handle=1 transport_handle=1 transfers_lock_wait_us=0 lookup_us=0 transport_us=36 total_us=36 api_status=0 transfer_status=0 [23989,24002][transport_manager.cpp:716,GetStatus]
[HIXL_QUERY_PERF] layer=comm_channel request=0x1 mutex_wait_us=0 check_us=0 lookup_us=0 flag_check_us=0 complete_us=0 total_us=0 transfer_status=0
[HIXL_QUERY_PERF] layer=adxl_inner request=0x1 context_us=0 req_lock_wait_us=0 lookup_us=1 channel_us=7 cleanup_us=0 total_us=8 status=0 transfer_status=0
[HIXL_QUERY_PERF] layer=comm_engine request=0x1 total_us=13 status=0 transfer_status=0
[2026-08-24 21:01:18.442656][UC][I] [HIXL_WORKER_PERF] task_id=39 queue_depth=1 enqueue_lock_wait_us=0 enqueue_us=0 queue_wait_us=5 execute_us=18 result_post_us=5 total_us=28 status=0 [23989,24002][hixl_instance.cpp:107,Run]
[2026-08-24 21:01:18.442662][UC][I] [QUERY_PERF] component=ucm layer=hixl_instance request=0x1 queue_wait_us=5 backend_us=18 run_post_us=11 total_us=34 api_status=0 transfer_status=0 [23989,24002][hixl_instance.cpp:370,GetTransferStatus]
[2026-08-24 21:01:18.442665][UC][I] [QUERY_PERF] component=ucm layer=hixl_transport handle=1 request=0x1 lifecycle_lock_us=0 pending_lock_wait_us=0 pending_lookup_us=0 instance_us=37 erase_us=0 total_us=37 transfer_status=0 [23989,24002][hixl_transport.cpp:734,GetStatus]
[2026-08-24 21:01:18.442671][UC][I] [QUERY_PERF] component=ucm layer=transport_manager handle=1 transport_handle=1 transfers_lock_wait_us=0 lookup_us=1 transport_us=42 total_us=43 api_status=0 transfer_status=0 [23989,24002][transport_manager.cpp:716,GetStatus]
[HIXL_QUERY_PERF] layer=comm_channel request=0x1 mutex_wait_us=0 check_us=0 lookup_us=0 flag_check_us=0 complete_us=0 total_us=0 transfer_status=0
[HIXL_QUERY_PERF] layer=adxl_inner request=0x1 context_us=0 req_lock_wait_us=0 lookup_us=1 channel_us=5 cleanup_us=0 total_us=6 status=0 transfer_status=0
[HIXL_QUERY_PERF] layer=comm_engine request=0x1 total_us=10 status=0 transfer_status=0
[2026-08-24 21:01:18.442700][UC][I] [HIXL_WORKER_PERF] task_id=40 queue_depth=1 enqueue_lock_wait_us=1 enqueue_us=0 queue_wait_us=5 execute_us=15 result_post_us=5 total_us=26 status=0 [23989,24002][hixl_instance.cpp:107,Run]
[2026-08-24 21:01:18.442706][UC][I] [QUERY_PERF] component=ucm layer=hixl_instance request=0x1 queue_wait_us=7 backend_us=14 run_post_us=11 total_us=32 api_status=0 transfer_status=0 [23989,24002][hixl_instance.cpp:370,GetTransferStatus]
[2026-08-24 21:01:18.442710][UC][I] [QUERY_PERF] component=ucm layer=hixl_transport handle=1 request=0x1 lifecycle_lock_us=0 pending_lock_wait_us=0 pending_lookup_us=0 instance_us=35 erase_us=0 total_us=35 transfer_status=0 [23989,24002][hixl_transport.cpp:734,GetStatus]
[2026-08-24 21:01:18.442712][UC][I] [QUERY_PERF] component=ucm layer=transport_manager handle=1 transport_handle=1 transfers_lock_wait_us=0 lookup_us=0 transport_us=38 total_us=38 api_status=0 transfer_status=0 [23989,24002][transport_manager.cpp:716,GetStatus]
[HIXL_QUERY_PERF] layer=comm_channel request=0x1 mutex_wait_us=0 check_us=0 lookup_us=0 flag_check_us=0 complete_us=0 total_us=0 transfer_status=0
[HIXL_QUERY_PERF] layer=adxl_inner request=0x1 context_us=0 req_lock_wait_us=0 lookup_us=1 channel_us=4 cleanup_us=0 total_us=5 status=0 transfer_status=0
[HIXL_QUERY_PERF] layer=comm_engine request=0x1 total_us=7 status=0 transfer_status=0
[2026-08-24 21:01:18.442741][UC][I] [HIXL_WORKER_PERF] task_id=41 queue_depth=1 enqueue_lock_wait_us=0 enqueue_us=0 queue_wait_us=4 execute_us=10 result_post_us=4 total_us=18 status=0 [23989,24002][hixl_instance.cpp:107,Run]
[2026-08-24 21:01:18.442749][UC][I] [QUERY_PERF] component=ucm layer=hixl_instance request=0x1 queue_wait_us=5 backend_us=10 run_post_us=13 total_us=28 api_status=0 transfer_status=0 [23989,24002][hixl_instance.cpp:370,GetTransferStatus]
[2026-08-24 21:01:18.442756][UC][I] [QUERY_PERF] component=ucm layer=hixl_transport handle=1 request=0x1 lifecycle_lock_us=0 pending_lock_wait_us=0 pending_lookup_us=0 instance_us=35 erase_us=0 total_us=35 transfer_status=0 [23989,24002][hixl_transport.cpp:734,GetStatus]
[2026-08-24 21:01:18.442761][UC][I] [QUERY_PERF] component=ucm layer=transport_manager handle=1 transport_handle=1 transfers_lock_wait_us=0 lookup_us=0 transport_us=40 total_us=40 api_status=0 transfer_status=0 [23989,24002][transport_manager.cpp:716,GetStatus]
[HIXL_QUERY_PERF] layer=comm_channel request=0x1 mutex_wait_us=0 check_us=0 lookup_us=0 flag_check_us=0 complete_us=0 total_us=0 transfer_status=0
[HIXL_QUERY_PERF] layer=adxl_inner request=0x1 context_us=1 req_lock_wait_us=0 lookup_us=0 channel_us=4 cleanup_us=0 total_us=5 status=0 transfer_status=0
[HIXL_QUERY_PERF] layer=comm_engine request=0x1 total_us=7 status=0 transfer_status=0
[2026-08-24 21:01:18.442784][UC][I] [HIXL_WORKER_PERF] task_id=42 queue_depth=1 enqueue_lock_wait_us=1 enqueue_us=0 queue_wait_us=4 execute_us=9 result_post_us=4 total_us=18 status=0 [23989,24002][hixl_instance.cpp:107,Run]
[2026-08-24 21:01:18.442790][UC][I] [QUERY_PERF] component=ucm layer=hixl_instance request=0x1 queue_wait_us=5 backend_us=8 run_post_us=11 total_us=24 api_status=0 transfer_status=0 [23989,24002][hixl_instance.cpp:370,GetTransferStatus]
[2026-08-24 21:01:18.442796][UC][I] [QUERY_PERF] component=ucm layer=hixl_transport handle=1 request=0x1 lifecycle_lock_us=0 pending_lock_wait_us=0 pending_lookup_us=0 instance_us=30 erase_us=0 total_us=30 transfer_status=0 [23989,24002][hixl_transport.cpp:734,GetStatus]
[2026-08-24 21:01:18.442802][UC][I] [QUERY_PERF] component=ucm layer=transport_manager handle=1 transport_handle=1 transfers_lock_wait_us=0 lookup_us=0 transport_us=36 total_us=36 api_status=0 transfer_status=0 [23989,24002][transport_manager.cpp:716,GetStatus]
[HIXL_QUERY_PERF] layer=comm_channel request=0x1 mutex_wait_us=0 check_us=0 lookup_us=0 flag_check_us=1 complete_us=0 total_us=1 transfer_status=0
[HIXL_QUERY_PERF] layer=adxl_inner request=0x1 context_us=1 req_lock_wait_us=0 lookup_us=0 channel_us=4 cleanup_us=0 total_us=5 status=0 transfer_status=0
[HIXL_QUERY_PERF] layer=comm_engine request=0x1 total_us=8 status=0 transfer_status=0
[2026-08-24 21:01:18.442826][UC][I] [HIXL_WORKER_PERF] task_id=43 queue_depth=1 enqueue_lock_wait_us=0 enqueue_us=0 queue_wait_us=5 execute_us=9 result_post_us=4 total_us=18 status=0 [23989,24002][hixl_instance.cpp:107,Run]
[2026-08-24 21:01:18.442833][UC][I] [QUERY_PERF] component=ucm layer=hixl_instance request=0x1 queue_wait_us=5 backend_us=9 run_post_us=12 total_us=26 api_status=0 transfer_status=0 [23989,24002][hixl_instance.cpp:370,GetTransferStatus]
[2026-08-24 21:01:18.442841][UC][I] [QUERY_PERF] component=ucm layer=hixl_transport handle=1 request=0x1 lifecycle_lock_us=0 pending_lock_wait_us=0 pending_lookup_us=0 instance_us=34 erase_us=0 total_us=34 transfer_status=0 [23989,24002][hixl_transport.cpp:734,GetStatus]
[2026-08-24 21:01:18.442846][UC][I] [QUERY_PERF] component=ucm layer=transport_manager handle=1 transport_handle=1 transfers_lock_wait_us=0 lookup_us=0 transport_us=39 total_us=39 api_status=0 transfer_status=0 [23989,24002][transport_manager.cpp:716,GetStatus]
[HIXL_QUERY_PERF] layer=comm_channel request=0x1 mutex_wait_us=0 check_us=1 lookup_us=0 flag_check_us=0 complete_us=0 total_us=1 transfer_status=0
[HIXL_QUERY_PERF] layer=adxl_inner request=0x1 context_us=0 req_lock_wait_us=0 lookup_us=0 channel_us=5 cleanup_us=0 total_us=5 status=0 transfer_status=0
[HIXL_QUERY_PERF] layer=comm_engine request=0x1 total_us=8 status=0 transfer_status=0
[2026-08-24 21:01:18.442869][UC][I] [HIXL_WORKER_PERF] task_id=44 queue_depth=1 enqueue_lock_wait_us=1 enqueue_us=0 queue_wait_us=4 execute_us=10 result_post_us=5 total_us=20 status=0 [23989,24002][hixl_instance.cpp:107,Run]
[2026-08-24 21:01:18.442875][UC][I] [QUERY_PERF] component=ucm layer=hixl_instance request=0x1 queue_wait_us=5 backend_us=10 run_post_us=11 total_us=26 api_status=0 transfer_status=0 [23989,24002][hixl_instance.cpp:370,GetTransferStatus]
[2026-08-24 21:01:18.442878][UC][I] [QUERY_PERF] component=ucm layer=hixl_transport handle=1 request=0x1 lifecycle_lock_us=0 pending_lock_wait_us=0 pending_lookup_us=0 instance_us=29 erase_us=0 total_us=29 transfer_status=0 [23989,24002][hixl_transport.cpp:734,GetStatus]
[2026-08-24 21:01:18.442881][UC][I] [QUERY_PERF] component=ucm layer=transport_manager handle=1 transport_handle=1 transfers_lock_wait_us=0 lookup_us=0 transport_us=32 total_us=32 api_status=0 transfer_status=0 [23989,24002][transport_manager.cpp:716,GetStatus]
[HIXL_QUERY_PERF] layer=comm_channel request=0x1 mutex_wait_us=0 check_us=0 lookup_us=0 flag_check_us=0 complete_us=0 total_us=0 transfer_status=0
[HIXL_QUERY_PERF] layer=adxl_inner request=0x1 context_us=0 req_lock_wait_us=0 lookup_us=1 channel_us=4 cleanup_us=0 total_us=5 status=0 transfer_status=0
[HIXL_QUERY_PERF] layer=comm_engine request=0x1 total_us=7 status=0 transfer_status=0
[2026-08-24 21:01:18.442907][UC][I] [HIXL_WORKER_PERF] task_id=45 queue_depth=1 enqueue_lock_wait_us=0 enqueue_us=0 queue_wait_us=4 execute_us=10 result_post_us=4 total_us=18 status=0 [23989,24002][hixl_instance.cpp:107,Run]
[2026-08-24 21:01:18.442912][UC][I] [QUERY_PERF] component=ucm layer=hixl_instance request=0x1 queue_wait_us=5 backend_us=10 run_post_us=10 total_us=25 api_status=0 transfer_status=0 [23989,24002][hixl_instance.cpp:370,GetTransferStatus]
[2026-08-24 21:01:18.442920][UC][I] [QUERY_PERF] component=ucm layer=hixl_transport handle=1 request=0x1 lifecycle_lock_us=0 pending_lock_wait_us=0 pending_lookup_us=0 instance_us=32 erase_us=0 total_us=32 transfer_status=0 [23989,24002][hixl_transport.cpp:734,GetStatus]
[2026-08-24 21:01:18.442925][UC][I] [QUERY_PERF] component=ucm layer=transport_manager handle=1 transport_handle=1 transfers_lock_wait_us=0 lookup_us=0 transport_us=38 total_us=38 api_status=0 transfer_status=0 [23989,24002][transport_manager.cpp:716,GetStatus]
[HIXL_QUERY_PERF] layer=comm_channel request=0x1 mutex_wait_us=0 check_us=0 lookup_us=0 flag_check_us=0 complete_us=0 total_us=0 transfer_status=0
[HIXL_QUERY_PERF] layer=adxl_inner request=0x1 context_us=0 req_lock_wait_us=0 lookup_us=1 channel_us=5 cleanup_us=0 total_us=6 status=0 transfer_status=0
[HIXL_QUERY_PERF] layer=comm_engine request=0x1 total_us=7 status=0 transfer_status=0
[2026-08-24 21:01:18.442949][UC][I] [HIXL_WORKER_PERF] task_id=46 queue_depth=1 enqueue_lock_wait_us=0 enqueue_us=0 queue_wait_us=4 execute_us=11 result_post_us=5 total_us=20 status=0 [23989,24002][hixl_instance.cpp:107,Run]
[2026-08-24 21:01:18.442959][UC][I] [QUERY_PERF] component=ucm layer=hixl_instance request=0x1 queue_wait_us=5 backend_us=10 run_post_us=14 total_us=29 api_status=0 transfer_status=0 [23989,24002][hixl_instance.cpp:370,GetTransferStatus]
[2026-08-24 21:01:18.442964][UC][I] [QUERY_PERF] component=ucm layer=hixl_transport handle=1 request=0x1 lifecycle_lock_us=1 pending_lock_wait_us=0 pending_lookup_us=0 instance_us=35 erase_us=0 total_us=36 transfer_status=0 [23989,24002][hixl_transport.cpp:734,GetStatus]
[2026-08-24 21:01:18.442967][UC][I] [QUERY_PERF] component=ucm layer=transport_manager handle=1 transport_handle=1 transfers_lock_wait_us=0 lookup_us=0 transport_us=39 total_us=39 api_status=0 transfer_status=0 [23989,24002][transport_manager.cpp:716,GetStatus]
[HIXL_QUERY_PERF] layer=comm_channel request=0x1 mutex_wait_us=0 check_us=0 lookup_us=0 flag_check_us=0 complete_us=0 total_us=0 transfer_status=0
[HIXL_QUERY_PERF] layer=adxl_inner request=0x1 context_us=1 req_lock_wait_us=0 lookup_us=0 channel_us=4 cleanup_us=0 total_us=5 status=0 transfer_status=0
[HIXL_QUERY_PERF] layer=comm_engine request=0x1 total_us=7 status=0 transfer_status=0
[2026-08-24 21:01:18.442989][UC][I] [HIXL_WORKER_PERF] task_id=47 queue_depth=1 enqueue_lock_wait_us=0 enqueue_us=0 queue_wait_us=5 execute_us=8 result_post_us=5 total_us=18 status=0 [23989,24002][hixl_instance.cpp:107,Run]
[2026-08-24 21:01:18.442994][UC][I] [QUERY_PERF] component=ucm layer=hixl_instance request=0x1 queue_wait_us=5 backend_us=8 run_post_us=10 total_us=23 api_status=0 transfer_status=0 [23989,24002][hixl_instance.cpp:370,GetTransferStatus]
[2026-08-24 21:01:18.442997][UC][I] [QUERY_PERF] component=ucm layer=hixl_transport handle=1 request=0x1 lifecycle_lock_us=0 pending_lock_wait_us=0 pending_lookup_us=0 instance_us=25 erase_us=0 total_us=25 transfer_status=0 [23989,24002][hixl_transport.cpp:734,GetStatus]
[2026-08-24 21:01:18.443000][UC][I] [QUERY_PERF] component=ucm layer=transport_manager handle=1 transport_handle=1 transfers_lock_wait_us=0 lookup_us=0 transport_us=28 total_us=28 api_status=0 transfer_status=0 [23989,24002][transport_manager.cpp:716,GetStatus]
[HIXL_QUERY_PERF] layer=comm_channel request=0x1 mutex_wait_us=0 check_us=0 lookup_us=0 flag_check_us=0 complete_us=0 total_us=0 transfer_status=0
[HIXL_QUERY_PERF] layer=adxl_inner request=0x1 context_us=0 req_lock_wait_us=0 lookup_us=1 channel_us=5 cleanup_us=0 total_us=6 status=0 transfer_status=0
[HIXL_QUERY_PERF] layer=comm_engine request=0x1 total_us=8 status=0 transfer_status=0
[2026-08-24 21:01:18.443026][UC][I] [HIXL_WORKER_PERF] task_id=48 queue_depth=1 enqueue_lock_wait_us=0 enqueue_us=0 queue_wait_us=4 execute_us=11 result_post_us=4 total_us=19 status=0 [23989,24002][hixl_instance.cpp:107,Run]
[2026-08-24 21:01:18.443033][UC][I] [QUERY_PERF] component=ucm layer=hixl_instance request=0x1 queue_wait_us=4 backend_us=11 run_post_us=10 total_us=25 api_status=0 transfer_status=0 [23989,24002][hixl_instance.cpp:370,GetTransferStatus]
[2026-08-24 21:01:18.443038][UC][I] [QUERY_PERF] component=ucm layer=hixl_transport handle=1 request=0x1 lifecycle_lock_us=1 pending_lock_wait_us=0 pending_lookup_us=0 instance_us=30 erase_us=0 total_us=31 transfer_status=0 [23989,24002][hixl_transport.cpp:734,GetStatus]
[2026-08-24 21:01:18.443043][UC][I] [QUERY_PERF] component=ucm layer=transport_manager handle=1 transport_handle=1 transfers_lock_wait_us=0 lookup_us=0 transport_us=37 total_us=37 api_status=0 transfer_status=0 [23989,24002][transport_manager.cpp:716,GetStatus]
[HIXL_QUERY_PERF] layer=comm_channel request=0x1 mutex_wait_us=0 check_us=0 lookup_us=0 flag_check_us=0 complete_us=0 total_us=0 transfer_status=0
[HIXL_QUERY_PERF] layer=adxl_inner request=0x1 context_us=0 req_lock_wait_us=0 lookup_us=1 channel_us=4 cleanup_us=0 total_us=5 status=0 transfer_status=0
[HIXL_QUERY_PERF] layer=comm_engine request=0x1 total_us=7 status=0 transfer_status=0
[2026-08-24 21:01:18.443067][UC][I] [HIXL_WORKER_PERF] task_id=49 queue_depth=1 enqueue_lock_wait_us=0 enqueue_us=0 queue_wait_us=4 execute_us=9 result_post_us=5 total_us=18 status=0 [23989,24002][hixl_instance.cpp:107,Run]
[2026-08-24 21:01:18.443081][UC][I] [QUERY_PERF] component=ucm layer=hixl_instance request=0x1 queue_wait_us=5 backend_us=8 run_post_us=19 total_us=32 api_status=0 transfer_status=0 [23989,24002][hixl_instance.cpp:370,GetTransferStatus]
[2026-08-24 21:01:18.443085][UC][I] [QUERY_PERF] component=ucm layer=hixl_transport handle=1 request=0x1 lifecycle_lock_us=0 pending_lock_wait_us=0 pending_lookup_us=0 instance_us=35 erase_us=0 total_us=35 transfer_status=0 [23989,24002][hixl_transport.cpp:734,GetStatus]
[2026-08-24 21:01:18.443088][UC][I] [QUERY_PERF] component=ucm layer=transport_manager handle=1 transport_handle=1 transfers_lock_wait_us=0 lookup_us=0 transport_us=40 total_us=40 api_status=0 transfer_status=0 [23989,24002][transport_manager.cpp:716,GetStatus]
[HIXL_QUERY_PERF] layer=comm_channel request=0x1 mutex_wait_us=0 check_us=0 lookup_us=0 flag_check_us=0 complete_us=0 total_us=0 transfer_status=0
[HIXL_QUERY_PERF] layer=adxl_inner request=0x1 context_us=1 req_lock_wait_us=0 lookup_us=0 channel_us=4 cleanup_us=0 total_us=5 status=0 transfer_status=0
[HIXL_QUERY_PERF] layer=comm_engine request=0x1 total_us=7 status=0 transfer_status=0
[2026-08-24 21:01:18.443110][UC][I] [HIXL_WORKER_PERF] task_id=50 queue_depth=1 enqueue_lock_wait_us=0 enqueue_us=1 queue_wait_us=4 execute_us=8 result_post_us=6 total_us=19 status=0 [23989,24002][hixl_instance.cpp:107,Run]
[2026-08-24 21:01:18.443117][UC][I] [QUERY_PERF] component=ucm layer=hixl_instance request=0x1 queue_wait_us=5 backend_us=8 run_post_us=13 total_us=26 api_status=0 transfer_status=0 [23989,24002][hixl_instance.cpp:370,GetTransferStatus]
[2026-08-24 21:01:18.443120][UC][I] [QUERY_PERF] component=ucm layer=hixl_transport handle=1 request=0x1 lifecycle_lock_us=0 pending_lock_wait_us=0 pending_lookup_us=0 instance_us=29 erase_us=0 total_us=29 transfer_status=0 [23989,24002][hixl_transport.cpp:734,GetStatus]
[2026-08-24 21:01:18.443123][UC][I] [QUERY_PERF] component=ucm layer=transport_manager handle=1 transport_handle=1 transfers_lock_wait_us=0 lookup_us=0 transport_us=31 total_us=31 api_status=0 transfer_status=0 [23989,24002][transport_manager.cpp:716,GetStatus]
[HIXL_QUERY_PERF] layer=comm_channel request=0x1 mutex_wait_us=0 check_us=0 lookup_us=0 flag_check_us=0 complete_us=0 total_us=0 transfer_status=0
[HIXL_QUERY_PERF] layer=adxl_inner request=0x1 context_us=0 req_lock_wait_us=0 lookup_us=1 channel_us=4 cleanup_us=0 total_us=5 status=0 transfer_status=0
[HIXL_QUERY_PERF] layer=comm_engine request=0x1 total_us=8 status=0 transfer_status=0
[2026-08-24 21:01:18.443147][UC][I] [HIXL_WORKER_PERF] task_id=51 queue_depth=1 enqueue_lock_wait_us=0 enqueue_us=0 queue_wait_us=4 execute_us=12 result_post_us=4 total_us=20 status=0 [23989,24002][hixl_instance.cpp:107,Run]
[2026-08-24 21:01:18.443153][UC][I] [QUERY_PERF] component=ucm layer=hixl_instance request=0x1 queue_wait_us=5 backend_us=11 run_post_us=12 total_us=28 api_status=0 transfer_status=0 [23989,24002][hixl_instance.cpp:370,GetTransferStatus]
[2026-08-24 21:01:18.443159][UC][I] [QUERY_PERF] component=ucm layer=hixl_transport handle=1 request=0x1 lifecycle_lock_us=0 pending_lock_wait_us=0 pending_lookup_us=0 instance_us=34 erase_us=0 total_us=34 transfer_status=0 [23989,24002][hixl_transport.cpp:734,GetStatus]
[2026-08-24 21:01:18.443162][UC][I] [QUERY_PERF] component=ucm layer=transport_manager handle=1 transport_handle=1 transfers_lock_wait_us=0 lookup_us=0 transport_us=37 total_us=37 api_status=0 transfer_status=0 [23989,24002][transport_manager.cpp:716,GetStatus]
[HIXL_QUERY_PERF] layer=comm_channel request=0x1 mutex_wait_us=0 check_us=0 lookup_us=0 flag_check_us=0 complete_us=0 total_us=0 transfer_status=0
[HIXL_QUERY_PERF] layer=adxl_inner request=0x1 context_us=1 req_lock_wait_us=0 lookup_us=0 channel_us=5 cleanup_us=0 total_us=6 status=0 transfer_status=0
[HIXL_QUERY_PERF] layer=comm_engine request=0x1 total_us=9 status=0 transfer_status=0
[2026-08-24 21:01:18.443190][UC][I] [HIXL_WORKER_PERF] task_id=52 queue_depth=1 enqueue_lock_wait_us=1 enqueue_us=0 queue_wait_us=4 execute_us=13 result_post_us=5 total_us=23 status=0 [23989,24002][hixl_instance.cpp:107,Run]
[2026-08-24 21:01:18.443195][UC][I] [QUERY_PERF] component=ucm layer=hixl_instance request=0x1 queue_wait_us=5 backend_us=13 run_post_us=10 total_us=28 api_status=0 transfer_status=0 [23989,24002][hixl_instance.cpp:370,GetTransferStatus]
[2026-08-24 21:01:18.443199][UC][I] [QUERY_PERF] component=ucm layer=hixl_transport handle=1 request=0x1 lifecycle_lock_us=0 pending_lock_wait_us=0 pending_lookup_us=0 instance_us=32 erase_us=0 total_us=32 transfer_status=0 [23989,24002][hixl_transport.cpp:734,GetStatus]
[2026-08-24 21:01:18.443201][UC][I] [QUERY_PERF] component=ucm layer=transport_manager handle=1 transport_handle=1 transfers_lock_wait_us=0 lookup_us=0 transport_us=34 total_us=34 api_status=0 transfer_status=0 [23989,24002][transport_manager.cpp:716,GetStatus]
[HIXL_QUERY_PERF] layer=comm_channel request=0x1 mutex_wait_us=0 check_us=0 lookup_us=1 flag_check_us=0 complete_us=0 total_us=1 transfer_status=0
[HIXL_QUERY_PERF] layer=adxl_inner request=0x1 context_us=1 req_lock_wait_us=0 lookup_us=0 channel_us=7 cleanup_us=0 total_us=8 status=0 transfer_status=0
[HIXL_QUERY_PERF] layer=comm_engine request=0x1 total_us=12 status=0 transfer_status=0
[2026-08-24 21:01:18.443231][UC][I] [HIXL_WORKER_PERF] task_id=53 queue_depth=1 enqueue_lock_wait_us=1 enqueue_us=0 queue_wait_us=4 execute_us=17 result_post_us=4 total_us=26 status=0 [23989,24002][hixl_instance.cpp:107,Run]
[2026-08-24 21:01:18.443241][UC][I] [QUERY_PERF] component=ucm layer=hixl_instance request=0x1 queue_wait_us=5 backend_us=17 run_post_us=15 total_us=37 api_status=0 transfer_status=0 [23989,24002][hixl_instance.cpp:370,GetTransferStatus]
[2026-08-24 21:01:18.443245][UC][I] [QUERY_PERF] component=ucm layer=hixl_transport handle=1 request=0x1 lifecycle_lock_us=0 pending_lock_wait_us=0 pending_lookup_us=0 instance_us=40 erase_us=0 total_us=40 transfer_status=0 [23989,24002][hixl_transport.cpp:734,GetStatus]
[2026-08-24 21:01:18.443247][UC][I] [QUERY_PERF] component=ucm layer=transport_manager handle=1 transport_handle=1 transfers_lock_wait_us=0 lookup_us=0 transport_us=43 total_us=43 api_status=0 transfer_status=0 [23989,24002][transport_manager.cpp:716,GetStatus]
[HIXL_QUERY_PERF] layer=comm_channel request=0x1 mutex_wait_us=0 check_us=1 lookup_us=0 flag_check_us=0 complete_us=0 total_us=1 transfer_status=0
[HIXL_QUERY_PERF] layer=adxl_inner request=0x1 context_us=1 req_lock_wait_us=0 lookup_us=0 channel_us=5 cleanup_us=0 total_us=6 status=0 transfer_status=0
[HIXL_QUERY_PERF] layer=comm_engine request=0x1 total_us=8 status=0 transfer_status=0
[2026-08-24 21:01:18.443271][UC][I] [HIXL_WORKER_PERF] task_id=54 queue_depth=1 enqueue_lock_wait_us=1 enqueue_us=0 queue_wait_us=4 execute_us=11 result_post_us=4 total_us=20 status=0 [23989,24002][hixl_instance.cpp:107,Run]
[2026-08-24 21:01:18.443281][UC][I] [QUERY_PERF] component=ucm layer=hixl_instance request=0x1 queue_wait_us=5 backend_us=10 run_post_us=15 total_us=30 api_status=0 transfer_status=0 [23989,24002][hixl_instance.cpp:370,GetTransferStatus]
[2026-08-24 21:01:18.443284][UC][I] [QUERY_PERF] component=ucm layer=hixl_transport handle=1 request=0x1 lifecycle_lock_us=0 pending_lock_wait_us=0 pending_lookup_us=0 instance_us=34 erase_us=0 total_us=34 transfer_status=0 [23989,24002][hixl_transport.cpp:734,GetStatus]
[2026-08-24 21:01:18.443287][UC][I] [QUERY_PERF] component=ucm layer=transport_manager handle=1 transport_handle=1 transfers_lock_wait_us=0 lookup_us=0 transport_us=37 total_us=37 api_status=0 transfer_status=0 [23989,24002][transport_manager.cpp:716,GetStatus]
[HIXL_QUERY_PERF] layer=comm_channel request=0x1 mutex_wait_us=0 check_us=0 lookup_us=0 flag_check_us=0 complete_us=0 total_us=0 transfer_status=0
[HIXL_QUERY_PERF] layer=adxl_inner request=0x1 context_us=0 req_lock_wait_us=0 lookup_us=1 channel_us=3 cleanup_us=0 total_us=4 status=0 transfer_status=0
[HIXL_QUERY_PERF] layer=comm_engine request=0x1 total_us=6 status=0 transfer_status=0
[2026-08-24 21:01:18.443308][UC][I] [HIXL_WORKER_PERF] task_id=55 queue_depth=1 enqueue_lock_wait_us=0 enqueue_us=1 queue_wait_us=4 execute_us=9 result_post_us=4 total_us=18 status=0 [23989,24002][hixl_instance.cpp:107,Run]
[2026-08-24 21:01:18.443315][UC][I] [QUERY_PERF] component=ucm layer=hixl_instance request=0x1 queue_wait_us=6 backend_us=8 run_post_us=11 total_us=25 api_status=0 transfer_status=0 [23989,24002][hixl_instance.cpp:370,GetTransferStatus]
[2026-08-24 21:01:18.443320][UC][I] [QUERY_PERF] component=ucm layer=hixl_transport handle=1 request=0x1 lifecycle_lock_us=0 pending_lock_wait_us=0 pending_lookup_us=0 instance_us=29 erase_us=0 total_us=29 transfer_status=0 [23989,24002][hixl_transport.cpp:734,GetStatus]
[2026-08-24 21:01:18.443323][UC][I] [QUERY_PERF] component=ucm layer=transport_manager handle=1 transport_handle=1 transfers_lock_wait_us=0 lookup_us=0 transport_us=33 total_us=33 api_status=0 transfer_status=0 [23989,24002][transport_manager.cpp:716,GetStatus]
[HIXL_QUERY_PERF] layer=comm_channel request=0x1 mutex_wait_us=0 check_us=0 lookup_us=0 flag_check_us=0 complete_us=0 total_us=0 transfer_status=0
[HIXL_QUERY_PERF] layer=adxl_inner request=0x1 context_us=1 req_lock_wait_us=0 lookup_us=0 channel_us=5 cleanup_us=0 total_us=6 status=0 transfer_status=0
[HIXL_QUERY_PERF] layer=comm_engine request=0x1 total_us=9 status=0 transfer_status=0
[2026-08-24 21:01:18.443348][UC][I] [HIXL_WORKER_PERF] task_id=56 queue_depth=1 enqueue_lock_wait_us=1 enqueue_us=0 queue_wait_us=5 execute_us=11 result_post_us=4 total_us=21 status=0 [23989,24002][hixl_instance.cpp:107,Run]
[2026-08-24 21:01:18.443354][UC][I] [QUERY_PERF] component=ucm layer=hixl_instance request=0x1 queue_wait_us=6 backend_us=10 run_post_us=10 total_us=26 api_status=0 transfer_status=0 [23989,24002][hixl_instance.cpp:370,GetTransferStatus]
[2026-08-24 21:01:18.443356][UC][I] [QUERY_PERF] component=ucm layer=hixl_transport handle=1 request=0x1 lifecycle_lock_us=0 pending_lock_wait_us=0 pending_lookup_us=0 instance_us=29 erase_us=0 total_us=29 transfer_status=0 [23989,24002][hixl_transport.cpp:734,GetStatus]
[2026-08-24 21:01:18.443361][UC][I] [QUERY_PERF] component=ucm layer=transport_manager handle=1 transport_handle=1 transfers_lock_wait_us=0 lookup_us=0 transport_us=34 total_us=34 api_status=0 transfer_status=0 [23989,24002][transport_manager.cpp:716,GetStatus]
[HIXL_QUERY_PERF] layer=comm_channel request=0x1 mutex_wait_us=0 check_us=0 lookup_us=0 flag_check_us=0 complete_us=0 total_us=0 transfer_status=0
[HIXL_QUERY_PERF] layer=adxl_inner request=0x1 context_us=0 req_lock_wait_us=0 lookup_us=1 channel_us=5 cleanup_us=0 total_us=6 status=0 transfer_status=0
[HIXL_QUERY_PERF] layer=comm_engine request=0x1 total_us=8 status=0 transfer_status=0
[2026-08-24 21:01:18.443388][UC][I] [HIXL_WORKER_PERF] task_id=57 queue_depth=1 enqueue_lock_wait_us=0 enqueue_us=0 queue_wait_us=5 execute_us=9 result_post_us=4 total_us=18 status=0 [23989,24002][hixl_instance.cpp:107,Run]
[2026-08-24 21:01:18.443396][UC][I] [QUERY_PERF] component=ucm layer=hixl_instance request=0x1 queue_wait_us=5 backend_us=9 run_post_us=13 total_us=27 api_status=0 transfer_status=0 [23989,24002][hixl_instance.cpp:370,GetTransferStatus]
[2026-08-24 21:01:18.443402][UC][I] [QUERY_PERF] component=ucm layer=hixl_transport handle=1 request=0x1 lifecycle_lock_us=1 pending_lock_wait_us=0 pending_lookup_us=0 instance_us=33 erase_us=0 total_us=34 transfer_status=0 [23989,24002][hixl_transport.cpp:734,GetStatus]
[2026-08-24 21:01:18.443405][UC][I] [QUERY_PERF] component=ucm layer=transport_manager handle=1 transport_handle=1 transfers_lock_wait_us=0 lookup_us=0 transport_us=37 total_us=37 api_status=0 transfer_status=0 [23989,24002][transport_manager.cpp:716,GetStatus]
[HIXL_QUERY_PERF] layer=comm_channel request=0x1 mutex_wait_us=0 check_us=0 lookup_us=0 flag_check_us=0 complete_us=6 total_us=6 transfer_status=1
[HIXL_QUERY_PERF] layer=adxl_inner request=0x1 context_us=0 req_lock_wait_us=0 lookup_us=1 channel_us=12 cleanup_us=1 total_us=14 status=0 transfer_status=1
[HIXL_QUERY_PERF] layer=comm_engine request=0x1 total_us=20 status=0 transfer_status=1
[2026-08-24 21:01:18.443443][UC][I] [HIXL_WORKER_PERF] task_id=58 queue_depth=1 enqueue_lock_wait_us=1 enqueue_us=0 queue_wait_us=4 execute_us=25 result_post_us=4 total_us=34 status=0 [23989,24002][hixl_instance.cpp:107,Run]
[2026-08-24 21:01:18.443448][UC][I] [QUERY_PERF] component=ucm layer=hixl_instance request=0x1 queue_wait_us=5 backend_us=25 run_post_us=10 total_us=40 api_status=0 transfer_status=1 [23989,24002][hixl_instance.cpp:370,GetTransferStatus]
[2026-08-24 21:01:18.443453][UC][I] [QUERY_PERF] component=ucm layer=hixl_transport handle=1 request=0x1 lifecycle_lock_us=0 pending_lock_wait_us=0 pending_lookup_us=0 instance_us=43 erase_us=0 total_us=43 transfer_status=1 [23989,24002][hixl_transport.cpp:734,GetStatus]
[2026-08-24 21:01:18.443455][UC][I] [QUERY_PERF] component=ucm layer=transport_manager handle=1 transport_handle=1 transfers_lock_wait_us=0 lookup_us=0 transport_us=47 total_us=47 api_status=0 transfer_status=1 [23989,24002][transport_manager.cpp:716,GetStatus]
[2026-08-24 21:01:18.443459][UC][I] [PERF] component=transport event=transfer_done manager=127.0.0.1:8000 target=127.0.0.1:4500 handle=1 transport_handle=1 opcode=1 direct=2 segments=1 bytes=10 status=1 api_status=0 submitted_ts_us=1787576478441664 completed_ts_us=1787576478443458 manager_get_status_ts_us=1787576478443408 backend_query_ts_us=1787576478443413 submit_us=1943 transfer_us=1794 manager_to_backend_query_us=5 total_us=3737 [23989,24002][transport_manager.cpp:727,GetStatus]
[2026-08-24 21:01:18.443472][UC][I] [PERF] component=drampool event=request_done request_id=1 opcode=0 peer=127.0.0.1:4500 batch_size=2 data_bytes=0 failed_items=0 status=SUCCESS failed_stage=NONE received_ts_us=1787576478439436 worker_started_ts_us=1787576478439580 data_transfer_submitted_ts_us=0 data_transfer_completed_ts_us=0 response_submitted_ts_us=1787576478441674 completed_ts_us=1787576478443468 data_tm_execute_async_ts_us=0 data_hixl_execute_async_ts_us=0 data_tm_get_status_ts_us=0 data_hixl_query_handle_ts_us=0 response_tm_execute_async_ts_us=1787576478439715 response_hixl_execute_async_ts_us=1787576478439753 response_tm_get_status_ts_us=1787576478443408 response_hixl_query_handle_ts_us=1787576478443413 request_queue_us=144 metadata_prepare_us=2 taskworker_prepare_us=8 poller_queue_us=98 data_transfer_us=0 metadata_settle_us=0 response_slot_wait_us=109 response_submit_us=1979 response_transfer_us=1792 data_tm_to_hixl_execute_async_us=0 data_tm_to_hixl_query_handle_us=0 response_tm_to_hixl_execute_async_us=38 response_tm_to_hixl_query_handle_us=5 total_us=4032 [23989,24002][completion_poller.cc:56,LogRequestDone]
[HIXL_PERF] event=hccl_batch op=1 desc_num=1 hccl_us=95 status=0
[HIXL_PERF] event=issue_hccl_batch op=1 list_num=1 total_us=110
[HIXL_PERF] event=issue_async_host_flag op=1 list_num=1 context_us=0 hccl_issue_us=113 flag_memcpy_us=5 total_us=118
[HIXL_PERF] event=comm_channel_async op=1 list_num=1 mutex_wait_us=0 slot_us=0 host_flag_us=1 record_us=0 issue_us=123 total_us=124
[HIXL_PERF] event=adxl_inner_async op=1 list_num=1 context_us=0 connect_us=0 get_channel_us=1 channel_async_us=140 tail_us=0 total_us=141
[HIXL_PERF] event=comm_engine_async op=1 list_num=1 desc_build_us=1 inner_us=145 total_us=146 status=0
[2026-08-24 21:01:18.445034][UC][I] [HIXL_WORKER_PERF] task_id=59 queue_depth=1 enqueue_lock_wait_us=1 enqueue_us=0 queue_wait_us=6 execute_us=152 result_post_us=7 total_us=166 status=0 [23989,24002][hixl_instance.cpp:107,Run]
[2026-08-24 21:01:18.445046][UC][I] [PERF] component=transport event=transfer_submitted manager=127.0.0.1:8000 target=127.0.0.1:4500 handle=2 transport_handle=2 opcode=1 direct=2 segments=1 bytes=10 submitted_ts_us=1787576478445045 manager_execute_async_ts_us=1787576478444864 backend_execute_async_ts_us=1787576478444875 manager_to_backend_execute_async_us=11 submit_us=180 [23989,24002][transport_manager.cpp:674,ExecuteAsync]
[HIXL_QUERY_PERF] layer=comm_channel request=0x2 mutex_wait_us=0 check_us=0 lookup_us=0 flag_check_us=1 complete_us=2 total_us=3 transfer_status=1
[HIXL_QUERY_PERF] layer=adxl_inner request=0x2 context_us=1 req_lock_wait_us=0 lookup_us=1 channel_us=8 cleanup_us=0 total_us=10 status=0 transfer_status=1
[HIXL_QUERY_PERF] layer=comm_engine request=0x2 total_us=14 status=0 transfer_status=1
[2026-08-24 21:01:18.445079][UC][I] [HIXL_WORKER_PERF] task_id=60 queue_depth=1 enqueue_lock_wait_us=1 enqueue_us=0 queue_wait_us=5 execute_us=16 result_post_us=5 total_us=27 status=0 [23989,24002][hixl_instance.cpp:107,Run]
[2026-08-24 21:01:18.445100][UC][I] [QUERY_PERF] component=ucm layer=hixl_instance request=0x2 queue_wait_us=7 backend_us=15 run_post_us=25 total_us=47 api_status=0 transfer_status=1 [23989,24002][hixl_instance.cpp:370,GetTransferStatus]
[2026-08-24 21:01:18.445107][UC][I] [QUERY_PERF] component=ucm layer=hixl_transport handle=2 request=0x2 lifecycle_lock_us=0 pending_lock_wait_us=0 pending_lookup_us=0 instance_us=54 erase_us=0 total_us=54 transfer_status=1 [23989,24002][hixl_transport.cpp:734,GetStatus]
[2026-08-24 21:01:18.445111][UC][I] [QUERY_PERF] component=ucm layer=transport_manager handle=2 transport_handle=2 transfers_lock_wait_us=0 lookup_us=0 transport_us=59 total_us=59 api_status=0 transfer_status=1 [23989,24002][transport_manager.cpp:716,GetStatus]
[2026-08-24 21:01:18.445115][UC][I] [PERF] component=transport event=transfer_done manager=127.0.0.1:8000 target=127.0.0.1:4500 handle=2 transport_handle=2 opcode=1 direct=2 segments=1 bytes=10 status=1 api_status=0 submitted_ts_us=1787576478445045 completed_ts_us=1787576478445114 manager_get_status_ts_us=1787576478445052 backend_query_ts_us=1787576478445058 submit_us=180 transfer_us=69 manager_to_backend_query_us=7 total_us=249 [23989,24002][transport_manager.cpp:727,GetStatus]
[2026-08-24 21:01:18.445124][UC][I] [PERF] component=drampool event=request_done request_id=2 opcode=0 peer=127.0.0.1:4500 batch_size=2 data_bytes=0 failed_items=0 status=SUCCESS failed_stage=NONE received_ts_us=1787576478444686 worker_started_ts_us=1787576478444774 data_transfer_submitted_ts_us=0 data_transfer_completed_ts_us=0 response_submitted_ts_us=1787576478445051 completed_ts_us=1787576478445121 data_tm_execute_async_ts_us=0 data_hixl_execute_async_ts_us=0 data_tm_get_status_ts_us=0 data_hixl_query_handle_ts_us=0 response_tm_execute_async_ts_us=1787576478444864 response_hixl_execute_async_ts_us=1787576478444875 response_tm_get_status_ts_us=1787576478445052 response_hixl_query_handle_ts_us=1787576478445058 request_queue_us=88 metadata_prepare_us=0 taskworker_prepare_us=2 poller_queue_us=84 data_transfer_us=0 metadata_settle_us=0 response_slot_wait_us=85 response_submit_us=190 response_transfer_us=69 data_tm_to_hixl_execute_async_us=0 data_tm_to_hixl_query_handle_us=0 response_tm_to_hixl_execute_async_us=11 response_tm_to_hixl_query_handle_us=7 total_us=436 [23989,24002][completion_poller.cc:56,LogRequestDone]
[HIXL_PERF] event=hccl_batch op=0 desc_num=108 hccl_us=734 status=0
[HIXL_PERF] event=issue_hccl_batch op=0 list_num=108 total_us=775
[HIXL_PERF] event=issue_async_host_flag op=0 list_num=108 context_us=0 hccl_issue_us=787 flag_memcpy_us=15 total_us=802
[HIXL_PERF] event=comm_channel_async op=0 list_num=108 mutex_wait_us=0 slot_us=2440 host_flag_us=10 record_us=2 issue_us=809 total_us=3261
[HIXL_PERF] event=adxl_inner_async op=0 list_num=108 context_us=19 connect_us=0 get_channel_us=5 channel_async_us=3266 tail_us=2 total_us=3292
[HIXL_PERF] event=comm_engine_async op=0 list_num=108 desc_build_us=1 inner_us=3297 total_us=3298 status=0
[2026-08-24 21:01:18.956511][UC][I] [HIXL_WORKER_PERF] task_id=61 queue_depth=1 enqueue_lock_wait_us=1 enqueue_us=1 queue_wait_us=16 execute_us=3328 result_post_us=10 total_us=3356 status=0 [23989,24003][hixl_instance.cpp:107,Run]
[2026-08-24 21:01:18.956541][UC][I] [PERF] component=transport event=transfer_submitted manager=127.0.0.1:8000 target=127.0.0.1:4501 handle=3 transport_handle=3 opcode=0 direct=2 segments=108 bytes=7962624 submitted_ts_us=1787576478956539 manager_execute_async_ts_us=1787576478953142 backend_execute_async_ts_us=1787576478953182 manager_to_backend_execute_async_us=40 submit_us=3392 [23989,24003][transport_manager.cpp:674,ExecuteAsync]
[HIXL_QUERY_PERF] layer=comm_channel request=0x3 mutex_wait_us=0 check_us=1 lookup_us=0 flag_check_us=1 complete_us=0 total_us=2 transfer_status=0
[HIXL_QUERY_PERF] layer=adxl_inner request=0x3 context_us=1 req_lock_wait_us=0 lookup_us=2 channel_us=11 cleanup_us=0 total_us=14 status=0 transfer_status=0
[HIXL_QUERY_PERF] layer=comm_engine request=0x3 total_us=18 status=0 transfer_status=0
[2026-08-24 21:01:18.956757][UC][I] [HIXL_WORKER_PERF] task_id=62 queue_depth=1 enqueue_lock_wait_us=2 enqueue_us=1 queue_wait_us=18 execute_us=24 result_post_us=14 total_us=59 status=0 [23989,24002][hixl_instance.cpp:107,Run]
[2026-08-24 21:01:18.956804][UC][I] [QUERY_PERF] component=ucm layer=hixl_instance request=0x3 queue_wait_us=24 backend_us=22 run_post_us=70 total_us=116 api_status=0 transfer_status=0 [23989,24002][hixl_instance.cpp:370,GetTransferStatus]
[2026-08-24 21:01:18.956811][UC][I] [QUERY_PERF] component=ucm layer=hixl_transport handle=3 request=0x3 lifecycle_lock_us=1 pending_lock_wait_us=0 pending_lookup_us=1 instance_us=125 erase_us=0 total_us=127 transfer_status=0 [23989,24002][hixl_transport.cpp:734,GetStatus]
[2026-08-24 21:01:18.956816][UC][I] [QUERY_PERF] component=ucm layer=transport_manager handle=3 transport_handle=3 transfers_lock_wait_us=2 lookup_us=2 transport_us=134 total_us=138 api_status=0 transfer_status=0 [23989,24002][transport_manager.cpp:716,GetStatus]
[HIXL_QUERY_PERF] layer=comm_channel request=0x3 mutex_wait_us=0 check_us=1 lookup_us=0 flag_check_us=0 complete_us=0 total_us=1 transfer_status=0
[HIXL_QUERY_PERF] layer=adxl_inner request=0x3 context_us=1 req_lock_wait_us=0 lookup_us=0 channel_us=10 cleanup_us=0 total_us=11 status=0 transfer_status=0
[HIXL_QUERY_PERF] layer=comm_engine request=0x3 total_us=14 status=0 transfer_status=0
[2026-08-24 21:01:18.956904][UC][I] [HIXL_WORKER_PERF] task_id=63 queue_depth=1 enqueue_lock_wait_us=0 enqueue_us=1 queue_wait_us=12 execute_us=18 result_post_us=11 total_us=42 status=0 [23989,24002][hixl_instance.cpp:107,Run]
[2026-08-24 21:01:18.956914][UC][I] [QUERY_PERF] component=ucm layer=hixl_instance request=0x3 queue_wait_us=14 backend_us=17 run_post_us=22 total_us=53 api_status=0 transfer_status=0 [23989,24002][hixl_instance.cpp:370,GetTransferStatus]
[2026-08-24 21:01:18.956918][UC][I] [QUERY_PERF] component=ucm layer=hixl_transport handle=3 request=0x3 lifecycle_lock_us=0 pending_lock_wait_us=0 pending_lookup_us=0 instance_us=58 erase_us=0 total_us=58 transfer_status=0 [23989,24002][hixl_transport.cpp:734,GetStatus]
[2026-08-24 21:01:18.956922][UC][I] [QUERY_PERF] component=ucm layer=transport_manager handle=3 transport_handle=3 transfers_lock_wait_us=0 lookup_us=0 transport_us=62 total_us=62 api_status=0 transfer_status=0 [23989,24002][transport_manager.cpp:716,GetStatus]
[HIXL_QUERY_PERF] layer=comm_channel request=0x3 mutex_wait_us=0 check_us=0 lookup_us=0 flag_check_us=0 complete_us=0 total_us=0 transfer_status=0
[HIXL_QUERY_PERF] layer=adxl_inner request=0x3 context_us=0 req_lock_wait_us=0 lookup_us=1 channel_us=12 cleanup_us=0 total_us=13 status=0 transfer_status=0
[HIXL_QUERY_PERF] layer=comm_engine request=0x3 total_us=15 status=0 transfer_status=0
[2026-08-24 21:01:18.956968][UC][I] [HIXL_WORKER_PERF] task_id=64 queue_depth=1 enqueue_lock_wait_us=1 enqueue_us=0 queue_wait_us=12 execute_us=18 result_post_us=11 total_us=42 status=0 [23989,24002][hixl_instance.cpp:107,Run]
[2026-08-24 21:01:18.956981][UC][I] [QUERY_PERF] component=ucm layer=hixl_instance request=0x3 queue_wait_us=13 backend_us=18 run_post_us=23 total_us=54 api_status=0 transfer_status=0 [23989,24002][hixl_instance.cpp:370,GetTransferStatus]
[2026-08-24 21:01:18.956984][UC][I] [QUERY_PERF] component=ucm layer=hixl_transport handle=3 request=0x3 lifecycle_lock_us=0 pending_lock_wait_us=0 pending_lookup_us=0 instance_us=58 erase_us=0 total_us=58 transfer_status=0 [23989,24002][hixl_transport.cpp:734,GetStatus]
[2026-08-24 21:01:18.956987][UC][I] [QUERY_PERF] component=ucm layer=transport_manager handle=3 transport_handle=3 transfers_lock_wait_us=0 lookup_us=0 transport_us=61 total_us=61 api_status=0 transfer_status=0 [23989,24002][transport_manager.cpp:716,GetStatus]
[HIXL_QUERY_PERF] layer=comm_channel request=0x3 mutex_wait_us=1 check_us=0 lookup_us=0 flag_check_us=0 complete_us=0 total_us=1 transfer_status=0
[HIXL_QUERY_PERF] layer=adxl_inner request=0x3 context_us=1 req_lock_wait_us=0 lookup_us=0 channel_us=11 cleanup_us=0 total_us=12 status=0 transfer_status=0
[HIXL_QUERY_PERF] layer=comm_engine request=0x3 total_us=16 status=0 transfer_status=0
[2026-08-24 21:01:18.957035][UC][I] [HIXL_WORKER_PERF] task_id=65 queue_depth=1 enqueue_lock_wait_us=1 enqueue_us=0 queue_wait_us=12 execute_us=19 result_post_us=11 total_us=43 status=0 [23989,24002][hixl_instance.cpp:107,Run]
[2026-08-24 21:01:18.957044][UC][I] [QUERY_PERF] component=ucm layer=hixl_instance request=0x3 queue_wait_us=14 backend_us=18 run_post_us=20 total_us=52 api_status=0 transfer_status=0 [23989,24002][hixl_instance.cpp:370,GetTransferStatus]
[2026-08-24 21:01:18.957050][UC][I] [QUERY_PERF] component=ucm layer=hixl_transport handle=3 request=0x3 lifecycle_lock_us=0 pending_lock_wait_us=0 pending_lookup_us=0 instance_us=58 erase_us=0 total_us=58 transfer_status=0 [23989,24002][hixl_transport.cpp:734,GetStatus]
[2026-08-24 21:01:18.957054][UC][I] [QUERY_PERF] component=ucm layer=transport_manager handle=3 transport_handle=3 transfers_lock_wait_us=1 lookup_us=0 transport_us=63 total_us=64 api_status=0 transfer_status=0 [23989,24002][transport_manager.cpp:716,GetStatus]
[HIXL_QUERY_PERF] layer=comm_channel request=0x3 mutex_wait_us=0 check_us=0 lookup_us=0 flag_check_us=0 complete_us=0 total_us=0 transfer_status=0
[HIXL_QUERY_PERF] layer=adxl_inner request=0x3 context_us=1 req_lock_wait_us=0 lookup_us=0 channel_us=10 cleanup_us=0 total_us=11 status=0 transfer_status=0
[HIXL_QUERY_PERF] layer=comm_engine request=0x3 total_us=14 status=0 transfer_status=0
[2026-08-24 21:01:18.957099][UC][I] [HIXL_WORKER_PERF] task_id=66 queue_depth=1 enqueue_lock_wait_us=1 enqueue_us=0 queue_wait_us=11 execute_us=17 result_post_us=10 total_us=39 status=0 [23989,24002][hixl_instance.cpp:107,Run]
[2026-08-24 21:01:18.957109][UC][I] [QUERY_PERF] component=ucm layer=hixl_instance request=0x3 queue_wait_us=12 backend_us=16 run_post_us=22 total_us=50 api_status=0 transfer_status=0 [23989,24002][hixl_instance.cpp:370,GetTransferStatus]
[2026-08-24 21:01:18.957113][UC][I] [QUERY_PERF] component=ucm layer=hixl_transport handle=3 request=0x3 lifecycle_lock_us=0 pending_lock_wait_us=0 pending_lookup_us=0 instance_us=54 erase_us=0 total_us=54 transfer_status=0 [23989,24002][hixl_transport.cpp:734,GetStatus]
[2026-08-24 21:01:18.957116][UC][I] [QUERY_PERF] component=ucm layer=transport_manager handle=3 transport_handle=3 transfers_lock_wait_us=1 lookup_us=0 transport_us=57 total_us=58 api_status=0 transfer_status=0 [23989,24002][transport_manager.cpp:716,GetStatus]
[HIXL_QUERY_PERF] layer=comm_channel request=0x3 mutex_wait_us=0 check_us=0 lookup_us=0 flag_check_us=0 complete_us=0 total_us=0 transfer_status=0
[HIXL_QUERY_PERF] layer=adxl_inner request=0x3 context_us=0 req_lock_wait_us=0 lookup_us=1 channel_us=11 cleanup_us=0 total_us=12 status=0 transfer_status=0
[HIXL_QUERY_PERF] layer=comm_engine request=0x3 total_us=14 status=0 transfer_status=0
[2026-08-24 21:01:18.957165][UC][I] [HIXL_WORKER_PERF] task_id=67 queue_depth=1 enqueue_lock_wait_us=1 enqueue_us=0 queue_wait_us=12 execute_us=17 result_post_us=11 total_us=41 status=0 [23989,24002][hixl_instance.cpp:107,Run]
[2026-08-24 21:01:18.957180][UC][I] [QUERY_PERF] component=ucm layer=hixl_instance request=0x3 queue_wait_us=13 backend_us=17 run_post_us=26 total_us=56 api_status=0 transfer_status=0 [23989,24002][hixl_instance.cpp:370,GetTransferStatus]
[2026-08-24 21:01:18.957183][UC][I] [QUERY_PERF] component=ucm layer=hixl_transport handle=3 request=0x3 lifecycle_lock_us=1 pending_lock_wait_us=0 pending_lookup_us=0 instance_us=60 erase_us=0 total_us=61 transfer_status=0 [23989,24002][hixl_transport.cpp:734,GetStatus]
[2026-08-24 21:01:18.957186][UC][I] [QUERY_PERF] component=ucm layer=transport_manager handle=3 transport_handle=3 transfers_lock_wait_us=0 lookup_us=0 transport_us=64 total_us=64 api_status=0 transfer_status=0 [23989,24002][transport_manager.cpp:716,GetStatus]
[HIXL_QUERY_PERF] layer=comm_channel request=0x3 mutex_wait_us=0 check_us=0 lookup_us=0 flag_check_us=0 complete_us=0 total_us=0 transfer_status=0
[HIXL_QUERY_PERF] layer=adxl_inner request=0x3 context_us=0 req_lock_wait_us=0 lookup_us=1 channel_us=11 cleanup_us=0 total_us=12 status=0 transfer_status=0
[HIXL_QUERY_PERF] layer=comm_engine request=0x3 total_us=16 status=0 transfer_status=0
[2026-08-24 21:01:18.957232][UC][I] [HIXL_WORKER_PERF] task_id=68 queue_depth=1 enqueue_lock_wait_us=0 enqueue_us=1 queue_wait_us=11 execute_us=19 result_post_us=10 total_us=41 status=0 [23989,24002][hixl_instance.cpp:107,Run]
[2026-08-24 21:01:18.957242][UC][I] [QUERY_PERF] component=ucm layer=hixl_instance request=0x3 queue_wait_us=12 backend_us=18 run_post_us=21 total_us=51 api_status=0 transfer_status=0 [23989,24002][hixl_instance.cpp:370,GetTransferStatus]
[2026-08-24 21:01:18.957246][UC][I] [QUERY_PERF] component=ucm layer=hixl_transport handle=3 request=0x3 lifecycle_lock_us=0 pending_lock_wait_us=0 pending_lookup_us=1 instance_us=54 erase_us=0 total_us=55 transfer_status=0 [23989,24002][hixl_transport.cpp:734,GetStatus]
[2026-08-24 21:01:18.957249][UC][I] [QUERY_PERF] component=ucm layer=transport_manager handle=3 transport_handle=3 transfers_lock_wait_us=0 lookup_us=0 transport_us=58 total_us=58 api_status=0 transfer_status=0 [23989,24002][transport_manager.cpp:716,GetStatus]
[HIXL_QUERY_PERF] layer=comm_channel request=0x3 mutex_wait_us=0 check_us=1 lookup_us=0 flag_check_us=0 complete_us=0 total_us=1 transfer_status=0
[HIXL_QUERY_PERF] layer=adxl_inner request=0x3 context_us=1 req_lock_wait_us=0 lookup_us=0 channel_us=11 cleanup_us=0 total_us=12 status=0 transfer_status=0
[HIXL_QUERY_PERF] layer=comm_engine request=0x3 total_us=15 status=0 transfer_status=0
[2026-08-24 21:01:18.957292][UC][I] [HIXL_WORKER_PERF] task_id=69 queue_depth=1 enqueue_lock_wait_us=0 enqueue_us=1 queue_wait_us=10 execute_us=17 result_post_us=10 total_us=38 status=0 [23989,24002][hixl_instance.cpp:107,Run]
[2026-08-24 21:01:18.957302][UC][I] [QUERY_PERF] component=ucm layer=hixl_instance request=0x3 queue_wait_us=13 backend_us=16 run_post_us=20 total_us=49 api_status=0 transfer_status=0 [23989,24002][hixl_instance.cpp:370,GetTransferStatus]
[2026-08-24 21:01:18.957305][UC][I] [QUERY_PERF] component=ucm layer=hixl_transport handle=3 request=0x3 lifecycle_lock_us=0 pending_lock_wait_us=0 pending_lookup_us=0 instance_us=52 erase_us=0 total_us=52 transfer_status=0 [23989,24002][hixl_transport.cpp:734,GetStatus]
[2026-08-24 21:01:18.957307][UC][I] [QUERY_PERF] component=ucm layer=transport_manager handle=3 transport_handle=3 transfers_lock_wait_us=0 lookup_us=0 transport_us=55 total_us=55 api_status=0 transfer_status=0 [23989,24002][transport_manager.cpp:716,GetStatus]
[HIXL_QUERY_PERF] layer=comm_channel request=0x3 mutex_wait_us=0 check_us=0 lookup_us=0 flag_check_us=0 complete_us=0 total_us=0 transfer_status=0
[HIXL_QUERY_PERF] layer=adxl_inner request=0x3 context_us=0 req_lock_wait_us=0 lookup_us=1 channel_us=11 cleanup_us=0 total_us=12 status=0 transfer_status=0
[HIXL_QUERY_PERF] layer=comm_engine request=0x3 total_us=15 status=0 transfer_status=0
[2026-08-24 21:01:18.957365][UC][I] [HIXL_WORKER_PERF] task_id=70 queue_depth=1 enqueue_lock_wait_us=1 enqueue_us=0 queue_wait_us=21 execute_us=18 result_post_us=10 total_us=50 status=0 [23989,24002][hixl_instance.cpp:107,Run]
[2026-08-24 21:01:18.957376][UC][I] [QUERY_PERF] component=ucm layer=hixl_instance request=0x3 queue_wait_us=22 backend_us=17 run_post_us=21 total_us=60 api_status=0 transfer_status=0 [23989,24002][hixl_instance.cpp:370,GetTransferStatus]
[2026-08-24 21:01:18.957379][UC][I] [QUERY_PERF] component=ucm layer=hixl_transport handle=3 request=0x3 lifecycle_lock_us=0 pending_lock_wait_us=0 pending_lookup_us=0 instance_us=64 erase_us=0 total_us=64 transfer_status=0 [23989,24002][hixl_transport.cpp:734,GetStatus]
[2026-08-24 21:01:18.957381][UC][I] [QUERY_PERF] component=ucm layer=transport_manager handle=3 transport_handle=3 transfers_lock_wait_us=1 lookup_us=0 transport_us=66 total_us=67 api_status=0 transfer_status=0 [23989,24002][transport_manager.cpp:716,GetStatus]
[HIXL_QUERY_PERF] layer=comm_channel request=0x3 mutex_wait_us=0 check_us=0 lookup_us=0 flag_check_us=1 complete_us=0 total_us=1 transfer_status=0
[HIXL_QUERY_PERF] layer=adxl_inner request=0x3 context_us=1 req_lock_wait_us=0 lookup_us=0 channel_us=11 cleanup_us=0 total_us=12 status=0 transfer_status=0
[HIXL_QUERY_PERF] layer=comm_engine request=0x3 total_us=15 status=0 transfer_status=0
[2026-08-24 21:01:18.957425][UC][I] [HIXL_WORKER_PERF] task_id=71 queue_depth=1 enqueue_lock_wait_us=0 enqueue_us=1 queue_wait_us=10 execute_us=18 result_post_us=10 total_us=39 status=0 [23989,24002][hixl_instance.cpp:107,Run]
[2026-08-24 21:01:18.957439][UC][I] [QUERY_PERF] component=ucm layer=hixl_instance request=0x3 queue_wait_us=12 backend_us=17 run_post_us=25 total_us=54 api_status=0 transfer_status=0 [23989,24002][hixl_instance.cpp:370,GetTransferStatus]
[2026-08-24 21:01:18.957443][UC][I] [QUERY_PERF] component=ucm layer=hixl_transport handle=3 request=0x3 lifecycle_lock_us=0 pending_lock_wait_us=0 pending_lookup_us=0 instance_us=59 erase_us=0 total_us=59 transfer_status=0 [23989,24002][hixl_transport.cpp:734,GetStatus]
[2026-08-24 21:01:18.957446][UC][I] [QUERY_PERF] component=ucm layer=transport_manager handle=3 transport_handle=3 transfers_lock_wait_us=0 lookup_us=0 transport_us=62 total_us=62 api_status=0 transfer_status=0 [23989,24002][transport_manager.cpp:716,GetStatus]
[HIXL_QUERY_PERF] layer=comm_channel request=0x3 mutex_wait_us=0 check_us=0 lookup_us=0 flag_check_us=0 complete_us=0 total_us=0 transfer_status=0
[HIXL_QUERY_PERF] layer=adxl_inner request=0x3 context_us=0 req_lock_wait_us=0 lookup_us=1 channel_us=13 cleanup_us=0 total_us=14 status=0 transfer_status=0
[HIXL_QUERY_PERF] layer=comm_engine request=0x3 total_us=18 status=0 transfer_status=0
[2026-08-24 21:01:18.957496][UC][I] [HIXL_WORKER_PERF] task_id=72 queue_depth=1 enqueue_lock_wait_us=0 enqueue_us=2 queue_wait_us=11 execute_us=20 result_post_us=12 total_us=45 status=0 [23989,24002][hixl_instance.cpp:107,Run]
[2026-08-24 21:01:18.957506][UC][I] [QUERY_PERF] component=ucm layer=hixl_instance request=0x3 queue_wait_us=13 backend_us=20 run_post_us=23 total_us=56 api_status=0 transfer_status=0 [23989,24002][hixl_instance.cpp:370,GetTransferStatus]
[2026-08-24 21:01:18.957509][UC][I] [QUERY_PERF] component=ucm layer=hixl_transport handle=3 request=0x3 lifecycle_lock_us=0 pending_lock_wait_us=0 pending_lookup_us=0 instance_us=60 erase_us=0 total_us=60 transfer_status=0 [23989,24002][hixl_transport.cpp:734,GetStatus]
[2026-08-24 21:01:18.957512][UC][I] [QUERY_PERF] component=ucm layer=transport_manager handle=3 transport_handle=3 transfers_lock_wait_us=0 lookup_us=0 transport_us=63 total_us=63 api_status=0 transfer_status=0 [23989,24002][transport_manager.cpp:716,GetStatus]
[HIXL_QUERY_PERF] layer=comm_channel request=0x3 mutex_wait_us=0 check_us=1 lookup_us=0 flag_check_us=0 complete_us=0 total_us=1 transfer_status=0
[HIXL_QUERY_PERF] layer=adxl_inner request=0x3 context_us=1 req_lock_wait_us=0 lookup_us=0 channel_us=17 cleanup_us=0 total_us=18 status=0 transfer_status=0
[HIXL_QUERY_PERF] layer=comm_engine request=0x3 total_us=21 status=0 transfer_status=0
[2026-08-24 21:01:18.957566][UC][I] [HIXL_WORKER_PERF] task_id=73 queue_depth=1 enqueue_lock_wait_us=0 enqueue_us=1 queue_wait_us=11 execute_us=24 result_post_us=11 total_us=47 status=0 [23989,24002][hixl_instance.cpp:107,Run]
[2026-08-24 21:01:18.957576][UC][I] [QUERY_PERF] component=ucm layer=hixl_instance request=0x3 queue_wait_us=14 backend_us=23 run_post_us=21 total_us=58 api_status=0 transfer_status=0 [23989,24002][hixl_instance.cpp:370,GetTransferStatus]
[2026-08-24 21:01:18.957579][UC][I] [QUERY_PERF] component=ucm layer=hixl_transport handle=3 request=0x3 lifecycle_lock_us=0 pending_lock_wait_us=0 pending_lookup_us=0 instance_us=62 erase_us=0 total_us=62 transfer_status=0 [23989,24002][hixl_transport.cpp:734,GetStatus]
[2026-08-24 21:01:18.957581][UC][I] [QUERY_PERF] component=ucm layer=transport_manager handle=3 transport_handle=3 transfers_lock_wait_us=0 lookup_us=0 transport_us=64 total_us=64 api_status=0 transfer_status=0 [23989,24002][transport_manager.cpp:716,GetStatus]
[HIXL_QUERY_PERF] layer=comm_channel request=0x3 mutex_wait_us=0 check_us=0 lookup_us=0 flag_check_us=0 complete_us=10 total_us=10 transfer_status=1
[HIXL_QUERY_PERF] layer=adxl_inner request=0x3 context_us=1 req_lock_wait_us=0 lookup_us=0 channel_us=19 cleanup_us=1 total_us=21 status=0 transfer_status=1
[HIXL_QUERY_PERF] layer=comm_engine request=0x3 total_us=26 status=0 transfer_status=1
[2026-08-24 21:01:18.957641][UC][I] [HIXL_WORKER_PERF] task_id=74 queue_depth=1 enqueue_lock_wait_us=1 enqueue_us=0 queue_wait_us=11 execute_us=31 result_post_us=11 total_us=54 status=0 [23989,24002][hixl_instance.cpp:107,Run]
[2026-08-24 21:01:18.957653][UC][I] [QUERY_PERF] component=ucm layer=hixl_instance request=0x3 queue_wait_us=13 backend_us=29 run_post_us=23 total_us=65 api_status=0 transfer_status=1 [23989,24002][hixl_instance.cpp:370,GetTransferStatus]
[2026-08-24 21:01:18.957657][UC][I] [QUERY_PERF] component=ucm layer=hixl_transport handle=3 request=0x3 lifecycle_lock_us=0 pending_lock_wait_us=0 pending_lookup_us=0 instance_us=68 erase_us=1 total_us=69 transfer_status=1 [23989,24002][hixl_transport.cpp:734,GetStatus]
[2026-08-24 21:01:18.957661][UC][I] [QUERY_PERF] component=ucm layer=transport_manager handle=3 transport_handle=3 transfers_lock_wait_us=1 lookup_us=0 transport_us=74 total_us=75 api_status=0 transfer_status=1 [23989,24002][transport_manager.cpp:716,GetStatus]
[2026-08-24 21:01:18.957666][UC][I] [PERF] component=transport event=transfer_done manager=127.0.0.1:8000 target=127.0.0.1:4501 handle=3 transport_handle=3 opcode=0 direct=2 segments=108 bytes=7962624 status=1 api_status=0 submitted_ts_us=1787576478956539 completed_ts_us=1787576478957664 manager_get_status_ts_us=1787576478957586 backend_query_ts_us=1787576478957600 submit_us=3392 transfer_us=1126 manager_to_backend_query_us=14 total_us=4518 [23989,24002][transport_manager.cpp:727,GetStatus]
[HIXL_PERF] event=hccl_batch op=1 desc_num=1 hccl_us=117 status=0
[HIXL_PERF] event=issue_hccl_batch op=1 list_num=1 total_us=129
[HIXL_PERF] event=issue_async_host_flag op=1 list_num=1 context_us=0 hccl_issue_us=131 flag_memcpy_us=6 total_us=137
[HIXL_PERF] event=comm_channel_async op=1 list_num=1 mutex_wait_us=0 slot_us=1 host_flag_us=0 record_us=1 issue_us=140 total_us=142
[HIXL_PERF] event=adxl_inner_async op=1 list_num=1 context_us=1 connect_us=0 get_channel_us=1 channel_async_us=144 tail_us=0 total_us=146
[HIXL_PERF] event=comm_engine_async op=1 list_num=1 desc_build_us=0 inner_us=149 total_us=149 status=0
[2026-08-24 21:01:18.957984][UC][I] [HIXL_WORKER_PERF] task_id=75 queue_depth=1 enqueue_lock_wait_us=1 enqueue_us=0 queue_wait_us=11 execute_us=156 result_post_us=12 total_us=180 status=0 [23989,24002][hixl_instance.cpp:107,Run]
[2026-08-24 21:01:18.958005][UC][I] [PERF] component=transport event=transfer_submitted manager=127.0.0.1:8000 target=127.0.0.1:4501 handle=4 transport_handle=4 opcode=1 direct=2 segments=1 bytes=63 submitted_ts_us=1787576478958002 manager_execute_async_ts_us=1787576478957789 backend_execute_async_ts_us=1787576478957815 manager_to_backend_execute_async_us=25 submit_us=208 [23989,24002][transport_manager.cpp:674,ExecuteAsync]
[HIXL_QUERY_PERF] layer=comm_channel request=0x4 mutex_wait_us=0 check_us=0 lookup_us=0 flag_check_us=0 complete_us=2 total_us=2 transfer_status=1
[HIXL_QUERY_PERF] layer=adxl_inner request=0x4 context_us=1 req_lock_wait_us=0 lookup_us=1 channel_us=11 cleanup_us=0 total_us=13 status=0 transfer_status=1
[HIXL_QUERY_PERF] layer=comm_engine request=0x4 total_us=16 status=0 transfer_status=1
[2026-08-24 21:01:18.958055][UC][I] [HIXL_WORKER_PERF] task_id=76 queue_depth=1 enqueue_lock_wait_us=0 enqueue_us=0 queue_wait_us=12 execute_us=19 result_post_us=12 total_us=43 status=0 [23989,24002][hixl_instance.cpp:107,Run]
[2026-08-24 21:01:18.958068][UC][I] [QUERY_PERF] component=ucm layer=hixl_instance request=0x4 queue_wait_us=13 backend_us=18 run_post_us=25 total_us=56 api_status=0 transfer_status=1 [23989,24002][hixl_instance.cpp:370,GetTransferStatus]
[2026-08-24 21:01:18.958071][UC][I] [QUERY_PERF] component=ucm layer=hixl_transport handle=4 request=0x4 lifecycle_lock_us=0 pending_lock_wait_us=1 pending_lookup_us=0 instance_us=59 erase_us=1 total_us=61 transfer_status=1 [23989,24002][hixl_transport.cpp:734,GetStatus]
[2026-08-24 21:01:18.958075][UC][I] [QUERY_PERF] component=ucm layer=transport_manager handle=4 transport_handle=4 transfers_lock_wait_us=0 lookup_us=0 transport_us=64 total_us=64 api_status=0 transfer_status=1 [23989,24002][transport_manager.cpp:716,GetStatus]
[2026-08-24 21:01:18.958079][UC][I] [PERF] component=transport event=transfer_done manager=127.0.0.1:8000 target=127.0.0.1:4501 handle=4 transport_handle=4 opcode=1 direct=2 segments=1 bytes=63 status=1 api_status=0 submitted_ts_us=1787576478958002 completed_ts_us=1787576478958077 manager_get_status_ts_us=1787576478958010 backend_query_ts_us=1787576478958024 submit_us=208 transfer_us=74 manager_to_backend_query_us=14 total_us=282 [23989,24002][transport_manager.cpp:727,GetStatus]
[2026-08-24 21:01:18.958087][UC][I] [PERF] component=drampool event=request_done request_id=1 opcode=1 peer=127.0.0.1:4501 batch_size=108 data_bytes=7962624 failed_items=0 status=SUCCESS failed_stage=NONE received_ts_us=1787576478952926 worker_started_ts_us=1787576478953007 data_transfer_submitted_ts_us=1787576478956547 data_transfer_completed_ts_us=1787576478957679 response_submitted_ts_us=1787576478958008 completed_ts_us=1787576478958083 data_tm_execute_async_ts_us=1787576478953142 data_hixl_execute_async_ts_us=1787576478953182 data_tm_get_status_ts_us=1787576478957586 data_hixl_query_handle_ts_us=1787576478957600 response_tm_execute_async_ts_us=1787576478957789 response_hixl_execute_async_ts_us=1787576478957815 response_tm_get_status_ts_us=1787576478958010 response_hixl_query_handle_ts_us=1787576478958024 request_queue_us=82 metadata_prepare_us=124 taskworker_prepare_us=3540 poller_queue_us=124 data_transfer_us=1132 metadata_settle_us=99 response_slot_wait_us=5 response_submit_us=226 response_transfer_us=72 data_tm_to_hixl_execute_async_us=40 data_tm_to_hixl_query_handle_us=14 response_tm_to_hixl_execute_async_us=25 response_tm_to_hixl_query_handle_us=14 total_us=5157 [23989,24002][completion_poller.cc:56,LogRequestDone]
[HIXL_PERF] event=hccl_batch op=1 desc_num=1 hccl_us=92 status=0
[HIXL_PERF] event=issue_hccl_batch op=1 list_num=1 total_us=106
[HIXL_PERF] event=issue_async_host_flag op=1 list_num=1 context_us=1 hccl_issue_us=108 flag_memcpy_us=6 total_us=115
[HIXL_PERF] event=comm_channel_async op=1 list_num=1 mutex_wait_us=0 slot_us=1 host_flag_us=1 record_us=0 issue_us=117 total_us=119
[HIXL_PERF] event=adxl_inner_async op=1 list_num=1 context_us=1 connect_us=0 get_channel_us=1 channel_async_us=129 tail_us=1 total_us=132
[HIXL_PERF] event=comm_engine_async op=1 list_num=1 desc_build_us=0 inner_us=135 total_us=135 status=0
[2026-08-24 21:01:18.976507][UC][I] [HIXL_WORKER_PERF] task_id=77 queue_depth=1 enqueue_lock_wait_us=1 enqueue_us=0 queue_wait_us=15 execute_us=141 result_post_us=14 total_us=171 status=0 [23989,24002][hixl_instance.cpp:107,Run]
[2026-08-24 21:01:18.976535][UC][I] [PERF] component=transport event=transfer_submitted manager=127.0.0.1:8000 target=127.0.0.1:4500 handle=5 transport_handle=5 opcode=1 direct=2 segments=1 bytes=10 submitted_ts_us=1787576478976533 manager_execute_async_ts_us=1787576478976328 backend_execute_async_ts_us=1787576478976349 manager_to_backend_execute_async_us=21 submit_us=204 [23989,24002][transport_manager.cpp:674,ExecuteAsync]
[HIXL_QUERY_PERF] layer=comm_channel request=0x5 mutex_wait_us=0 check_us=0 lookup_us=0 flag_check_us=0 complete_us=2 total_us=2 transfer_status=1
[HIXL_QUERY_PERF] layer=adxl_inner request=0x5 context_us=1 req_lock_wait_us=0 lookup_us=1 channel_us=10 cleanup_us=1 total_us=13 status=0 transfer_status=1
[HIXL_QUERY_PERF] layer=comm_engine request=0x5 total_us=16 status=0 transfer_status=1
[2026-08-24 21:01:18.976605][UC][I] [HIXL_WORKER_PERF] task_id=78 queue_depth=1 enqueue_lock_wait_us=1 enqueue_us=0 queue_wait_us=12 execute_us=19 result_post_us=10 total_us=42 status=0 [23989,24002][hixl_instance.cpp:107,Run]
[2026-08-24 21:01:18.976617][UC][I] [QUERY_PERF] component=ucm layer=hixl_instance request=0x5 queue_wait_us=13 backend_us=18 run_post_us=23 total_us=54 api_status=0 transfer_status=1 [23989,24002][hixl_instance.cpp:370,GetTransferStatus]
[2026-08-24 21:01:18.976622][UC][I] [QUERY_PERF] component=ucm layer=hixl_transport handle=5 request=0x5 lifecycle_lock_us=1 pending_lock_wait_us=0 pending_lookup_us=0 instance_us=58 erase_us=1 total_us=60 transfer_status=1 [23989,24002][hixl_transport.cpp:734,GetStatus]
[2026-08-24 21:01:18.976626][UC][I] [QUERY_PERF] component=ucm layer=transport_manager handle=5 transport_handle=5 transfers_lock_wait_us=0 lookup_us=0 transport_us=64 total_us=64 api_status=0 transfer_status=1 [23989,24002][transport_manager.cpp:716,GetStatus]
[2026-08-24 21:01:18.976630][UC][I] [PERF] component=transport event=transfer_done manager=127.0.0.1:8000 target=127.0.0.1:4500 handle=5 transport_handle=5 opcode=1 direct=2 segments=1 bytes=10 status=1 api_status=0 submitted_ts_us=1787576478976533 completed_ts_us=1787576478976628 manager_get_status_ts_us=1787576478976561 backend_query_ts_us=1787576478976576 submit_us=204 transfer_us=95 manager_to_backend_query_us=14 total_us=299 [23989,24002][transport_manager.cpp:727,GetStatus]
[2026-08-24 21:01:18.976638][UC][I] [PERF] component=drampool event=request_done request_id=3 opcode=0 peer=127.0.0.1:4500 batch_size=2 data_bytes=0 failed_items=0 status=SUCCESS failed_stage=NONE received_ts_us=1787576478976161 worker_started_ts_us=1787576478976301 data_transfer_submitted_ts_us=0 data_transfer_completed_ts_us=0 response_submitted_ts_us=1787576478976560 completed_ts_us=1787576478976635 data_tm_execute_async_ts_us=0 data_hixl_execute_async_ts_us=0 data_tm_get_status_ts_us=0 data_hixl_query_handle_ts_us=0 response_tm_execute_async_ts_us=1787576478976328 response_hixl_execute_async_ts_us=1787576478976349 response_tm_get_status_ts_us=1787576478976561 response_hixl_query_handle_ts_us=1787576478976576 request_queue_us=140 metadata_prepare_us=2 taskworker_prepare_us=5 poller_queue_us=15 data_transfer_us=0 metadata_settle_us=0 response_slot_wait_us=17 response_submit_us=238 response_transfer_us=74 data_tm_to_hixl_execute_async_us=0 data_tm_to_hixl_query_handle_us=0 response_tm_to_hixl_execute_async_us=21 response_tm_to_hixl_query_handle_us=14 total_us=474 [23989,24002][completion_poller.cc:56,LogRequestDone]
[HIXL_PERF] event=hccl_batch op=1 desc_num=1 hccl_us=65 status=0
[HIXL_PERF] event=issue_hccl_batch op=1 list_num=1 total_us=80
[HIXL_PERF] event=issue_async_host_flag op=1 list_num=1 context_us=0 hccl_issue_us=82 flag_memcpy_us=5 total_us=87
[HIXL_PERF] event=comm_channel_async op=1 list_num=1 mutex_wait_us=0 slot_us=0 host_flag_us=0 record_us=1 issue_us=92 total_us=93
[HIXL_PERF] event=adxl_inner_async op=1 list_num=1 context_us=1 connect_us=0 get_channel_us=0 channel_async_us=96 tail_us=0 total_us=97
[HIXL_PERF] event=comm_engine_async op=1 list_num=1 desc_build_us=0 inner_us=100 total_us=100 status=0
[2026-08-24 21:01:18.977092][UC][I] [HIXL_WORKER_PERF] task_id=79 queue_depth=1 enqueue_lock_wait_us=0 enqueue_us=1 queue_wait_us=12 execute_us=106 result_post_us=12 total_us=131 status=0 [23989,24002][hixl_instance.cpp:107,Run]
[2026-08-24 21:01:18.977111][UC][I] [PERF] component=transport event=transfer_submitted manager=127.0.0.1:8000 target=127.0.0.1:4500 handle=6 transport_handle=6 opcode=1 direct=2 segments=1 bytes=10 submitted_ts_us=1787576478977110 manager_execute_async_ts_us=1787576478976956 backend_execute_async_ts_us=1787576478976973 manager_to_backend_execute_async_us=17 submit_us=154 [23989,24002][transport_manager.cpp:674,ExecuteAsync]
[HIXL_QUERY_PERF] layer=comm_channel request=0x6 mutex_wait_us=0 check_us=0 lookup_us=0 flag_check_us=1 complete_us=1 total_us=2 transfer_status=1
[HIXL_QUERY_PERF] layer=adxl_inner request=0x6 context_us=0 req_lock_wait_us=0 lookup_us=1 channel_us=9 cleanup_us=1 total_us=11 status=0 transfer_status=1
[HIXL_QUERY_PERF] layer=comm_engine request=0x6 total_us=15 status=0 transfer_status=1
[2026-08-24 21:01:18.977162][UC][I] [HIXL_WORKER_PERF] task_id=80 queue_depth=1 enqueue_lock_wait_us=0 enqueue_us=1 queue_wait_us=12 execute_us=19 result_post_us=11 total_us=43 status=0 [23989,24002][hixl_instance.cpp:107,Run]
[2026-08-24 21:01:18.977180][UC][I] [QUERY_PERF] component=ucm layer=hixl_instance request=0x6 queue_wait_us=13 backend_us=19 run_post_us=29 total_us=61 api_status=0 transfer_status=1 [23989,24002][hixl_instance.cpp:370,GetTransferStatus]
[2026-08-24 21:01:18.977185][UC][I] [QUERY_PERF] component=ucm layer=hixl_transport handle=6 request=0x6 lifecycle_lock_us=0 pending_lock_wait_us=0 pending_lookup_us=0 instance_us=67 erase_us=0 total_us=67 transfer_status=1 [23989,24002][hixl_transport.cpp:734,GetStatus]
[2026-08-24 21:01:18.977193][UC][I] [QUERY_PERF] component=ucm layer=transport_manager handle=6 transport_handle=6 transfers_lock_wait_us=0 lookup_us=0 transport_us=76 total_us=76 api_status=0 transfer_status=1 [23989,24002][transport_manager.cpp:716,GetStatus]
[2026-08-24 21:01:18.977197][UC][I] [PERF] component=transport event=transfer_done manager=127.0.0.1:8000 target=127.0.0.1:4500 handle=6 transport_handle=6 opcode=1 direct=2 segments=1 bytes=10 status=1 api_status=0 submitted_ts_us=1787576478977110 completed_ts_us=1787576478977196 manager_get_status_ts_us=1787576478977116 backend_query_ts_us=1787576478977131 submit_us=154 transfer_us=85 manager_to_backend_query_us=14 total_us=239 [23989,24002][transport_manager.cpp:727,GetStatus]
[2026-08-24 21:01:18.977204][UC][I] [PERF] component=drampool event=request_done request_id=4 opcode=0 peer=127.0.0.1:4500 batch_size=2 data_bytes=0 failed_items=0 status=SUCCESS failed_stage=NONE received_ts_us=1787576478976807 worker_started_ts_us=1787576478976918 data_transfer_submitted_ts_us=0 data_transfer_completed_ts_us=0 response_submitted_ts_us=1787576478977115 completed_ts_us=1787576478977201 data_tm_execute_async_ts_us=0 data_hixl_execute_async_ts_us=0 data_tm_get_status_ts_us=0 data_hixl_query_handle_ts_us=0 response_tm_execute_async_ts_us=1787576478976956 response_hixl_execute_async_ts_us=1787576478976973 response_tm_get_status_ts_us=1787576478977116 response_hixl_query_handle_ts_us=1787576478977131 request_queue_us=111 metadata_prepare_us=0 taskworker_prepare_us=1 poller_queue_us=31 data_transfer_us=0 metadata_settle_us=0 response_slot_wait_us=32 response_submit_us=163 response_transfer_us=86 data_tm_to_hixl_execute_async_us=0 data_tm_to_hixl_query_handle_us=0 response_tm_to_hixl_execute_async_us=17 response_tm_to_hixl_query_handle_us=14 total_us=394 [23989,24002][completion_poller.cc:56,LogRequestDone]
[2026-08-24 21:01:19.055714][UC][I] ShardMetadata StoreBegin: key already exists. [23989,24003][metadata.cc:57,StoreBegin]
[2026-08-24 21:01:19.055745][UC][I] ShardMetadata StoreBegin: key already exists. [23989,24003][metadata.cc:57,StoreBegin]
[2026-08-24 21:01:19.055749][UC][I] ShardMetadata StoreBegin: key already exists. [23989,24003][metadata.cc:57,StoreBegin]
[2026-08-24 21:01:19.055753][UC][I] ShardMetadata StoreBegin: key already exists. [23989,24003][metadata.cc:57,StoreBegin]
[2026-08-24 21:01:19.055756][UC][I] ShardMetadata StoreBegin: key already exists. [23989,24003][metadata.cc:57,StoreBegin]
[2026-08-24 21:01:19.055760][UC][I] ShardMetadata StoreBegin: key already exists. [23989,24003][metadata.cc:57,StoreBegin]
[2026-08-24 21:01:19.055763][UC][I] ShardMetadata StoreBegin: key already exists. [23989,24003][metadata.cc:57,StoreBegin]
[2026-08-24 21:01:19.055766][UC][I] ShardMetadata StoreBegin: key already exists. [23989,24003][metadata.cc:57,StoreBegin]
[2026-08-24 21:01:19.055770][UC][I] ShardMetadata StoreBegin: key already exists. [23989,24003][metadata.cc:57,StoreBegin]
[2026-08-24 21:01:19.055773][UC][I] ShardMetadata StoreBegin: key already exists. [23989,24003][metadata.cc:57,StoreBegin]
[2026-08-24 21:01:19.055776][UC][I] ShardMetadata StoreBegin: key already exists. [23989,24003][metadata.cc:57,StoreBegin]
[2026-08-24 21:01:19.055779][UC][I] ShardMetadata StoreBegin: key already exists. [23989,24003][metadata.cc:57,StoreBegin]
[2026-08-24 21:01:19.055782][UC][I] ShardMetadata StoreBegin: key already exists. [23989,24003][metadata.cc:57,StoreBegin]
[2026-08-24 21:01:19.055785][UC][I] ShardMetadata StoreBegin: key already exists. [23989,24003][metadata.cc:57,StoreBegin]
[2026-08-24 21:01:19.055789][UC][I] ShardMetadata StoreBegin: key already exists. [23989,24003][metadata.cc:57,StoreBegin]
[2026-08-24 21:01:19.055791][UC][I] ShardMetadata StoreBegin: key already exists. [23989,24003][metadata.cc:57,StoreBegin]
[2026-08-24 21:01:19.055795][UC][I] ShardMetadata StoreBegin: key already exists. [23989,24003][metadata.cc:57,StoreBegin]
[2026-08-24 21:01:19.055798][UC][I] ShardMetadata StoreBegin: key already exists. [23989,24003][metadata.cc:57,StoreBegin]
[2026-08-24 21:01:19.055811][UC][I] ShardMetadata StoreBegin: key already exists. [23989,24003][metadata.cc:57,StoreBegin]
[2026-08-24 21:01:19.055815][UC][I] ShardMetadata StoreBegin: key already exists. [23989,24003][metadata.cc:57,StoreBegin]
[2026-08-24 21:01:19.055818][UC][I] ShardMetadata StoreBegin: key already exists. [23989,24003][metadata.cc:57,StoreBegin]
[2026-08-24 21:01:19.055822][UC][I] ShardMetadata StoreBegin: key already exists. [23989,24003][metadata.cc:57,StoreBegin]
[2026-08-24 21:01:19.055826][UC][I] ShardMetadata StoreBegin: key already exists. [23989,24003][metadata.cc:57,StoreBegin]
[2026-08-24 21:01:19.055829][UC][I] ShardMetadata StoreBegin: key already exists. [23989,24003][metadata.cc:57,StoreBegin]
[2026-08-24 21:01:19.055832][UC][I] ShardMetadata StoreBegin: key already exists. [23989,24003][metadata.cc:57,StoreBegin]
[2026-08-24 21:01:19.055835][UC][I] ShardMetadata StoreBegin: key already exists. [23989,24003][metadata.cc:57,StoreBegin]
[2026-08-24 21:01:19.055839][UC][I] ShardMetadata StoreBegin: key already exists. [23989,24003][metadata.cc:57,StoreBegin]
[2026-08-24 21:01:19.055843][UC][I] ShardMetadata StoreBegin: key already exists. [23989,24003][metadata.cc:57,StoreBegin]
[2026-08-24 21:01:19.055846][UC][I] ShardMetadata StoreBegin: key already exists. [23989,24003][metadata.cc:57,StoreBegin]
[2026-08-24 21:01:19.055849][UC][I] ShardMetadata StoreBegin: key already exists. [23989,24003][metadata.cc:57,StoreBegin]
[2026-08-24 21:01:19.055852][UC][I] ShardMetadata StoreBegin: key already exists. [23989,24003][metadata.cc:57,StoreBegin]
[2026-08-24 21:01:19.055856][UC][I] ShardMetadata StoreBegin: key already exists. [23989,24003][metadata.cc:57,StoreBegin]
[2026-08-24 21:01:19.055860][UC][I] ShardMetadata StoreBegin: key already exists. [23989,24003][metadata.cc:57,StoreBegin]
[2026-08-24 21:01:19.055882][UC][I] ShardMetadata StoreBegin: key already exists. [23989,24003][metadata.cc:57,StoreBegin]
[2026-08-24 21:01:19.055889][UC][I] ShardMetadata StoreBegin: key already exists. [23989,24003][metadata.cc:57,StoreBegin]
[2026-08-24 21:01:19.055893][UC][I] ShardMetadata StoreBegin: key already exists. [23989,24003][metadata.cc:57,StoreBegin]
[2026-08-24 21:01:19.055895][UC][I] ShardMetadata StoreBegin: key already exists. [23989,24003][metadata.cc:57,StoreBegin]
[2026-08-24 21:01:19.055898][UC][I] ShardMetadata StoreBegin: key already exists. [23989,24003][metadata.cc:57,StoreBegin]
[2026-08-24 21:01:19.055901][UC][I] ShardMetadata StoreBegin: key already exists. [23989,24003][metadata.cc:57,StoreBegin]
[2026-08-24 21:01:19.055904][UC][I] ShardMetadata StoreBegin: key already exists. [23989,24003][metadata.cc:57,StoreBegin]
[2026-08-24 21:01:19.055908][UC][I] ShardMetadata StoreBegin: key already exists. [23989,24003][metadata.cc:57,StoreBegin]
[2026-08-24 21:01:19.055911][UC][I] ShardMetadata StoreBegin: key already exists. [23989,24003][metadata.cc:57,StoreBegin]
[2026-08-24 21:01:19.055913][UC][I] ShardMetadata StoreBegin: key already exists. [23989,24003][metadata.cc:57,StoreBegin]
[2026-08-24 21:01:19.055916][UC][I] ShardMetadata StoreBegin: key already exists. [23989,24003][metadata.cc:57,StoreBegin]
[2026-08-24 21:01:19.055920][UC][I] ShardMetadata StoreBegin: key already exists. [23989,24003][metadata.cc:57,StoreBegin]
[2026-08-24 21:01:19.055922][UC][I] ShardMetadata StoreBegin: key already exists. [23989,24003][metadata.cc:57,StoreBegin]
[2026-08-24 21:01:19.055926][UC][I] ShardMetadata StoreBegin: key already exists. [23989,24003][metadata.cc:57,StoreBegin]
[2026-08-24 21:01:19.055929][UC][I] ShardMetadata StoreBegin: key already exists. [23989,24003][metadata.cc:57,StoreBegin]
[2026-08-24 21:01:19.055932][UC][I] ShardMetadata StoreBegin: key already exists. [23989,24003][metadata.cc:57,StoreBegin]
[2026-08-24 21:01:19.055935][UC][I] ShardMetadata StoreBegin: key already exists. [23989,24003][metadata.cc:57,StoreBegin]
[2026-08-24 21:01:19.055938][UC][I] ShardMetadata StoreBegin: key already exists. [23989,24003][metadata.cc:57,StoreBegin]
[2026-08-24 21:01:19.055945][UC][I] ShardMetadata StoreBegin: key already exists. [23989,24003][metadata.cc:57,StoreBegin]
[2026-08-24 21:01:19.055948][UC][I] ShardMetadata StoreBegin: key already exists. [23989,24003][metadata.cc:57,StoreBegin]
[2026-08-24 21:01:19.055952][UC][I] ShardMetadata StoreBegin: key already exists. [23989,24003][metadata.cc:57,StoreBegin]
[2026-08-24 21:01:19.055955][UC][I] ShardMetadata StoreBegin: key already exists. [23989,24003][metadata.cc:57,StoreBegin]
[2026-08-24 21:01:19.055958][UC][I] ShardMetadata StoreBegin: key already exists. [23989,24003][metadata.cc:57,StoreBegin]
[2026-08-24 21:01:19.055961][UC][I] ShardMetadata StoreBegin: key already exists. [23989,24003][metadata.cc:57,StoreBegin]
[2026-08-24 21:01:19.055964][UC][I] ShardMetadata StoreBegin: key already exists. [23989,24003][metadata.cc:57,StoreBegin]
[2026-08-24 21:01:19.055966][UC][I] ShardMetadata StoreBegin: key already exists. [23989,24003][metadata.cc:57,StoreBegin]
[2026-08-24 21:01:19.055969][UC][I] ShardMetadata StoreBegin: key already exists. [23989,24003][metadata.cc:57,StoreBegin]
[2026-08-24 21:01:19.055972][UC][I] ShardMetadata StoreBegin: key already exists. [23989,24003][metadata.cc:57,StoreBegin]
[2026-08-24 21:01:19.055975][UC][I] ShardMetadata StoreBegin: key already exists. [23989,24003][metadata.cc:57,StoreBegin]
[2026-08-24 21:01:19.055978][UC][I] ShardMetadata StoreBegin: key already exists. [23989,24003][metadata.cc:57,StoreBegin]
[2026-08-24 21:01:19.055980][UC][I] ShardMetadata StoreBegin: key already exists. [23989,24003][metadata.cc:57,StoreBegin]
[2026-08-24 21:01:19.055983][UC][I] ShardMetadata StoreBegin: key already exists. [23989,24003][metadata.cc:57,StoreBegin]
[2026-08-24 21:01:19.055986][UC][I] ShardMetadata StoreBegin: key already exists. [23989,24003][metadata.cc:57,StoreBegin]
[2026-08-24 21:01:19.055989][UC][I] ShardMetadata StoreBegin: key already exists. [23989,24003][metadata.cc:57,StoreBegin]
[2026-08-24 21:01:19.055993][UC][I] ShardMetadata StoreBegin: key already exists. [23989,24003][metadata.cc:57,StoreBegin]
[2026-08-24 21:01:19.055996][UC][I] ShardMetadata StoreBegin: key already exists. [23989,24003][metadata.cc:57,StoreBegin]
[2026-08-24 21:01:19.056000][UC][I] ShardMetadata StoreBegin: key already exists. [23989,24003][metadata.cc:57,StoreBegin]
[2026-08-24 21:01:19.056003][UC][I] ShardMetadata StoreBegin: key already exists. [23989,24003][metadata.cc:57,StoreBegin]
[2026-08-24 21:01:19.056005][UC][I] ShardMetadata StoreBegin: key already exists. [23989,24003][metadata.cc:57,StoreBegin]
[2026-08-24 21:01:19.056009][UC][I] ShardMetadata StoreBegin: key already exists. [23989,24003][metadata.cc:57,StoreBegin]
[2026-08-24 21:01:19.056012][UC][I] ShardMetadata StoreBegin: key already exists. [23989,24003][metadata.cc:57,StoreBegin]
[2026-08-24 21:01:19.056015][UC][I] ShardMetadata StoreBegin: key already exists. [23989,24003][metadata.cc:57,StoreBegin]
[2026-08-24 21:01:19.056018][UC][I] ShardMetadata StoreBegin: key already exists. [23989,24003][metadata.cc:57,StoreBegin]
[2026-08-24 21:01:19.056021][UC][I] ShardMetadata StoreBegin: key already exists. [23989,24003][metadata.cc:57,StoreBegin]
[2026-08-24 21:01:19.056024][UC][I] ShardMetadata StoreBegin: key already exists. [23989,24003][metadata.cc:57,StoreBegin]
[2026-08-24 21:01:19.056027][UC][I] ShardMetadata StoreBegin: key already exists. [23989,24003][metadata.cc:57,StoreBegin]
[2026-08-24 21:01:19.056030][UC][I] ShardMetadata StoreBegin: key already exists. [23989,24003][metadata.cc:57,StoreBegin]
[2026-08-24 21:01:19.056033][UC][I] ShardMetadata StoreBegin: key already exists. [23989,24003][metadata.cc:57,StoreBegin]
[2026-08-24 21:01:19.056036][UC][I] ShardMetadata StoreBegin: key already exists. [23989,24003][metadata.cc:57,StoreBegin]
[2026-08-24 21:01:19.056039][UC][I] ShardMetadata StoreBegin: key already exists. [23989,24003][metadata.cc:57,StoreBegin]
[2026-08-24 21:01:19.056041][UC][I] ShardMetadata StoreBegin: key already exists. [23989,24003][metadata.cc:57,StoreBegin]
[2026-08-24 21:01:19.056047][UC][I] ShardMetadata StoreBegin: key already exists. [23989,24003][metadata.cc:57,StoreBegin]
[2026-08-24 21:01:19.056050][UC][I] ShardMetadata StoreBegin: key already exists. [23989,24003][metadata.cc:57,StoreBegin]
[2026-08-24 21:01:19.056053][UC][I] ShardMetadata StoreBegin: key already exists. [23989,24003][metadata.cc:57,StoreBegin]
[2026-08-24 21:01:19.056056][UC][I] ShardMetadata StoreBegin: key already exists. [23989,24003][metadata.cc:57,StoreBegin]
[2026-08-24 21:01:19.056059][UC][I] ShardMetadata StoreBegin: key already exists. [23989,24003][metadata.cc:57,StoreBegin]
[2026-08-24 21:01:19.056062][UC][I] ShardMetadata StoreBegin: key already exists. [23989,24003][metadata.cc:57,StoreBegin]
[2026-08-24 21:01:19.056065][UC][I] ShardMetadata StoreBegin: key already exists. [23989,24003][metadata.cc:57,StoreBegin]
[2026-08-24 21:01:19.056067][UC][I] ShardMetadata StoreBegin: key already exists. [23989,24003][metadata.cc:57,StoreBegin]
[2026-08-24 21:01:19.056070][UC][I] ShardMetadata StoreBegin: key already exists. [23989,24003][metadata.cc:57,StoreBegin]
[2026-08-24 21:01:19.056073][UC][I] ShardMetadata StoreBegin: key already exists. [23989,24003][metadata.cc:57,StoreBegin]
[2026-08-24 21:01:19.056076][UC][I] ShardMetadata StoreBegin: key already exists. [23989,24003][metadata.cc:57,StoreBegin]
[2026-08-24 21:01:19.056079][UC][I] ShardMetadata StoreBegin: key already exists. [23989,24003][metadata.cc:57,StoreBegin]
[2026-08-24 21:01:19.056082][UC][I] ShardMetadata StoreBegin: key already exists. [23989,24003][metadata.cc:57,StoreBegin]
[2026-08-24 21:01:19.056085][UC][I] ShardMetadata StoreBegin: key already exists. [23989,24003][metadata.cc:57,StoreBegin]
[2026-08-24 21:01:19.056088][UC][I] ShardMetadata StoreBegin: key already exists. [23989,24003][metadata.cc:57,StoreBegin]
[2026-08-24 21:01:19.056091][UC][I] ShardMetadata StoreBegin: key already exists. [23989,24003][metadata.cc:57,StoreBegin]
[2026-08-24 21:01:19.056098][UC][I] ShardMetadata StoreBegin: key already exists. [23989,24003][metadata.cc:57,StoreBegin]
[2026-08-24 21:01:19.056101][UC][I] ShardMetadata StoreBegin: key already exists. [23989,24003][metadata.cc:57,StoreBegin]
[2026-08-24 21:01:19.056104][UC][I] ShardMetadata StoreBegin: key already exists. [23989,24003][metadata.cc:57,StoreBegin]
[2026-08-24 21:01:19.056107][UC][I] ShardMetadata StoreBegin: key already exists. [23989,24003][metadata.cc:57,StoreBegin]
[2026-08-24 21:01:19.056110][UC][I] ShardMetadata StoreBegin: key already exists. [23989,24003][metadata.cc:57,StoreBegin]
[2026-08-24 21:01:19.056113][UC][I] ShardMetadata StoreBegin: key already exists. [23989,24003][metadata.cc:57,StoreBegin]
[2026-08-24 21:01:19.056115][UC][I] ShardMetadata StoreBegin: key already exists. [23989,24003][metadata.cc:57,StoreBegin]
[2026-08-24 21:01:19.056119][UC][I] ShardMetadata StoreBegin: key already exists. [23989,24003][metadata.cc:57,StoreBegin]
[HIXL_PERF] event=hccl_batch op=1 desc_num=1 hccl_us=98 status=0
[HIXL_PERF] event=issue_hccl_batch op=1 list_num=1 total_us=105
[HIXL_PERF] event=issue_async_host_flag op=1 list_num=1 context_us=0 hccl_issue_us=107 flag_memcpy_us=6 total_us=113
[HIXL_PERF] event=comm_channel_async op=1 list_num=1 mutex_wait_us=1 slot_us=0 host_flag_us=0 record_us=0 issue_us=117 total_us=118
[HIXL_PERF] event=adxl_inner_async op=1 list_num=1 context_us=1 connect_us=0 get_channel_us=1 channel_async_us=120 tail_us=1 total_us=123
[HIXL_PERF] event=comm_engine_async op=1 list_num=1 desc_build_us=0 inner_us=125 total_us=125 status=0
[2026-08-24 21:01:19.056373][UC][I] [HIXL_WORKER_PERF] task_id=81 queue_depth=1 enqueue_lock_wait_us=1 enqueue_us=0 queue_wait_us=15 execute_us=132 result_post_us=15 total_us=163 status=0 [23989,24002][hixl_instance.cpp:107,Run]
[2026-08-24 21:01:19.056416][UC][I] [PERF] component=transport event=transfer_submitted manager=127.0.0.1:8000 target=127.0.0.1:4501 handle=7 transport_handle=7 opcode=1 direct=2 segments=1 bytes=63 submitted_ts_us=1787576479056413 manager_execute_async_ts_us=1787576479056201 backend_execute_async_ts_us=1787576479056225 manager_to_backend_execute_async_us=24 submit_us=210 [23989,24002][transport_manager.cpp:674,ExecuteAsync]
[HIXL_QUERY_PERF] layer=comm_channel request=0x7 mutex_wait_us=0 check_us=0 lookup_us=0 flag_check_us=0 complete_us=3 total_us=3 transfer_status=1
[HIXL_QUERY_PERF] layer=adxl_inner request=0x7 context_us=1 req_lock_wait_us=0 lookup_us=0 channel_us=11 cleanup_us=1 total_us=13 status=0 transfer_status=1
[HIXL_QUERY_PERF] layer=comm_engine request=0x7 total_us=16 status=0 transfer_status=1
[2026-08-24 21:01:19.056470][UC][I] [HIXL_WORKER_PERF] task_id=82 queue_depth=1 enqueue_lock_wait_us=1 enqueue_us=0 queue_wait_us=13 execute_us=19 result_post_us=11 total_us=44 status=0 [23989,24002][hixl_instance.cpp:107,Run]
[2026-08-24 21:01:19.056483][UC][I] [QUERY_PERF] component=ucm layer=hixl_instance request=0x7 queue_wait_us=14 backend_us=19 run_post_us=25 total_us=58 api_status=0 transfer_status=1 [23989,24002][hixl_instance.cpp:370,GetTransferStatus]
[2026-08-24 21:01:19.056504][UC][I] [QUERY_PERF] component=ucm layer=hixl_transport handle=7 request=0x7 lifecycle_lock_us=0 pending_lock_wait_us=0 pending_lookup_us=0 instance_us=77 erase_us=1 total_us=78 transfer_status=1 [23989,24002][hixl_transport.cpp:734,GetStatus]
[2026-08-24 21:01:19.056509][UC][I] [QUERY_PERF] component=ucm layer=transport_manager handle=7 transport_handle=7 transfers_lock_wait_us=0 lookup_us=1 transport_us=85 total_us=86 api_status=0 transfer_status=1 [23989,24002][transport_manager.cpp:716,GetStatus]
[2026-08-24 21:01:19.056516][UC][I] [PERF] component=transport event=transfer_done manager=127.0.0.1:8000 target=127.0.0.1:4501 handle=7 transport_handle=7 opcode=1 direct=2 segments=1 bytes=63 status=1 api_status=0 submitted_ts_us=1787576479056413 completed_ts_us=1787576479056514 manager_get_status_ts_us=1787576479056423 backend_query_ts_us=1787576479056440 submit_us=210 transfer_us=101 manager_to_backend_query_us=16 total_us=311 [23989,24002][transport_manager.cpp:727,GetStatus]
[2026-08-24 21:01:19.056531][UC][I] [PERF] component=drampool event=request_done request_id=2 opcode=1 peer=127.0.0.1:4501 batch_size=108 data_bytes=0 failed_items=0 status=SUCCESS failed_stage=NONE received_ts_us=1787576479055602 worker_started_ts_us=1787576479055709 data_transfer_submitted_ts_us=0 data_transfer_completed_ts_us=0 response_submitted_ts_us=1787576479056421 completed_ts_us=1787576479056527 data_tm_execute_async_ts_us=0 data_hixl_execute_async_ts_us=0 data_tm_get_status_ts_us=0 data_hixl_query_handle_ts_us=0 response_tm_execute_async_ts_us=1787576479056201 response_hixl_execute_async_ts_us=1787576479056225 response_tm_get_status_ts_us=1787576479056423 response_hixl_query_handle_ts_us=1787576479056440 request_queue_us=107 metadata_prepare_us=410 taskworker_prepare_us=414 poller_queue_us=59 data_transfer_us=0 metadata_settle_us=0 response_slot_wait_us=67 response_submit_us=232 response_transfer_us=103 data_tm_to_hixl_execute_async_us=0 data_tm_to_hixl_query_handle_us=0 response_tm_to_hixl_execute_async_us=24 response_tm_to_hixl_query_handle_us=16 total_us=925 [23989,24002][completion_poller.cc:56,LogRequestDone]
[HIXL_PERF] event=hccl_batch op=1 desc_num=108 hccl_us=667 status=0
[HIXL_PERF] event=issue_hccl_batch op=1 list_num=108 total_us=715
[HIXL_PERF] event=issue_async_host_flag op=1 list_num=108 context_us=1 hccl_issue_us=719 flag_memcpy_us=14 total_us=734
[HIXL_PERF] event=comm_channel_async op=1 list_num=108 mutex_wait_us=1 slot_us=1925 host_flag_us=8 record_us=3 issue_us=741 total_us=2678
[HIXL_PERF] event=adxl_inner_async op=1 list_num=108 context_us=10 connect_us=0 get_channel_us=7 channel_async_us=2682 tail_us=2 total_us=2701
[HIXL_PERF] event=comm_engine_async op=1 list_num=108 desc_build_us=2 inner_us=2708 total_us=2710 status=0
[2026-08-24 21:01:19.062321][UC][I] [HIXL_WORKER_PERF] task_id=83 queue_depth=1 enqueue_lock_wait_us=0 enqueue_us=1 queue_wait_us=19 execute_us=2740 result_post_us=13 total_us=2773 status=0 [23989,24003][hixl_instance.cpp:107,Run]
[2026-08-24 21:01:19.062345][UC][I] [PERF] component=transport event=transfer_submitted manager=127.0.0.1:8000 target=127.0.0.1:4508 handle=8 transport_handle=8 opcode=1 direct=2 segments=108 bytes=7962624 submitted_ts_us=1787576479062342 manager_execute_async_ts_us=1787576479059532 backend_execute_async_ts_us=1787576479059574 manager_to_backend_execute_async_us=41 submit_us=2800 [23989,24003][transport_manager.cpp:674,ExecuteAsync]
[HIXL_PERF] event=hccl_batch op=1 desc_num=108 hccl_us=184 status=0
[HIXL_PERF] event=issue_hccl_batch op=1 list_num=108 total_us=218
[HIXL_PERF] event=issue_async_host_flag op=1 list_num=108 context_us=1 hccl_issue_us=221 flag_memcpy_us=9 total_us=231
[HIXL_PERF] event=comm_channel_async op=1 list_num=108 mutex_wait_us=0 slot_us=2440 host_flag_us=5 record_us=2 issue_us=234 total_us=2681
[HIXL_PERF] event=adxl_inner_async op=1 list_num=108 context_us=1 connect_us=0 get_channel_us=1 channel_async_us=2684 tail_us=1 total_us=2687
[HIXL_PERF] event=comm_engine_async op=1 list_num=108 desc_build_us=1 inner_us=2690 total_us=2691 status=0
[2026-08-24 21:01:19.065102][UC][I] [HIXL_WORKER_PERF] task_id=84 queue_depth=1 enqueue_lock_wait_us=0 enqueue_us=0 queue_wait_us=11 execute_us=2705 result_post_us=11 total_us=2727 status=0 [23989,24003][hixl_instance.cpp:107,Run]
[HIXL_QUERY_PERF] layer=comm_channel request=0x1 mutex_wait_us=0 check_us=0 lookup_us=1 flag_check_us=1 complete_us=7 total_us=9 transfer_status=1
[2026-08-24 21:01:19.065114][UC][I] [PERF] component=transport event=transfer_submitted manager=127.0.0.1:8000 target=127.0.0.1:4507 handle=9 transport_handle=9 opcode=1 direct=2 segments=108 bytes=7962624 submitted_ts_us=1787576479065112 manager_execute_async_ts_us=1787576479062371 backend_execute_async_ts_us=1787576479062387 manager_to_backend_execute_async_us=16 submit_us=2741 [23989,24003][transport_manager.cpp:674,ExecuteAsync]
[HIXL_QUERY_PERF] layer=adxl_inner request=0x1 context_us=0 req_lock_wait_us=0 lookup_us=2 channel_us=18 cleanup_us=1 total_us=21 status=0 transfer_status=1
[HIXL_QUERY_PERF] layer=comm_engine request=0x1 total_us=39 status=0 transfer_status=1
[2026-08-24 21:01:19.065162][UC][I] [HIXL_WORKER_PERF] task_id=85 queue_depth=1 enqueue_lock_wait_us=2 enqueue_us=0 queue_wait_us=2605 execute_us=44 result_post_us=16 total_us=2667 status=0 [23989,24002][hixl_instance.cpp:107,Run]
[2026-08-24 21:01:19.065191][UC][I] [QUERY_PERF] component=ucm layer=hixl_instance request=0x1 queue_wait_us=2609 backend_us=43 run_post_us=48 total_us=2700 api_status=0 transfer_status=1 [23989,24002][hixl_instance.cpp:370,GetTransferStatus]
[2026-08-24 21:01:19.065201][UC][I] [QUERY_PERF] component=ucm layer=hixl_transport handle=8 request=0x1 lifecycle_lock_us=1 pending_lock_wait_us=0 pending_lookup_us=2 instance_us=2709 erase_us=2 total_us=2714 transfer_status=1 [23989,24002][hixl_transport.cpp:734,GetStatus]
[2026-08-24 21:01:19.065231][UC][I] [QUERY_PERF] component=ucm layer=transport_manager handle=8 transport_handle=8 transfers_lock_wait_us=1 lookup_us=2 transport_us=2744 total_us=2747 api_status=0 transfer_status=1 [23989,24002][transport_manager.cpp:716,GetStatus]
[2026-08-24 21:01:19.065242][UC][I] [PERF] component=transport event=transfer_done manager=127.0.0.1:8000 target=127.0.0.1:4508 handle=8 transport_handle=8 opcode=1 direct=2 segments=108 bytes=7962624 status=1 api_status=0 submitted_ts_us=1787576479062342 completed_ts_us=1787576479065241 manager_get_status_ts_us=1787576479062484 backend_query_ts_us=1787576479065098 submit_us=2800 transfer_us=2899 manager_to_backend_query_us=2615 total_us=5699 [23989,24002][transport_manager.cpp:727,GetStatus]
[HIXL_PERF] event=hccl_batch op=1 desc_num=108 hccl_us=114 status=0
[HIXL_PERF] event=issue_hccl_batch op=1 list_num=108 total_us=125
[HIXL_PERF] event=issue_async_host_flag op=1 list_num=108 context_us=0 hccl_issue_us=127 flag_memcpy_us=5 total_us=132
[HIXL_PERF] event=comm_channel_async op=1 list_num=108 mutex_wait_us=0 slot_us=0 host_flag_us=5 record_us=1 issue_us=135 total_us=141
[HIXL_PERF] event=adxl_inner_async op=1 list_num=108 context_us=1 connect_us=0 get_channel_us=0 channel_async_us=144 tail_us=1 total_us=146
[HIXL_PERF] event=comm_engine_async op=1 list_num=108 desc_build_us=1 inner_us=148 total_us=149 status=0
[2026-08-24 21:01:19.065326][UC][I] [HIXL_WORKER_PERF] task_id=86 queue_depth=1 enqueue_lock_wait_us=1 enqueue_us=1 queue_wait_us=7 execute_us=159 result_post_us=8 total_us=176 status=0 [23989,24003][hixl_instance.cpp:107,Run]
[2026-08-24 21:01:19.065344][UC][I] [PERF] component=transport event=transfer_submitted manager=127.0.0.1:8000 target=127.0.0.1:4507 handle=10 transport_handle=10 opcode=1 direct=2 segments=108 bytes=7962624 submitted_ts_us=1787576479065340 manager_execute_async_ts_us=1787576479065145 backend_execute_async_ts_us=1787576479065160 manager_to_backend_execute_async_us=16 submit_us=194 [23989,24003][transport_manager.cpp:674,ExecuteAsync]
[HIXL_PERF] event=hccl_batch op=1 desc_num=1 hccl_us=64 status=0
[HIXL_PERF] event=issue_hccl_batch op=1 list_num=1 total_us=70
[HIXL_PERF] event=issue_async_host_flag op=1 list_num=1 context_us=1 hccl_issue_us=72 flag_memcpy_us=4 total_us=77
[HIXL_PERF] event=comm_channel_async op=1 list_num=1 mutex_wait_us=1 slot_us=0 host_flag_us=0 record_us=0 issue_us=80 total_us=81
[HIXL_PERF] event=adxl_inner_async op=1 list_num=1 context_us=0 connect_us=1 get_channel_us=0 channel_async_us=83 tail_us=1 total_us=85
[HIXL_PERF] event=comm_engine_async op=1 list_num=1 desc_build_us=1 inner_us=87 total_us=88 status=0
[2026-08-24 21:01:19.065475][UC][I] [HIXL_WORKER_PERF] task_id=87 queue_depth=1 enqueue_lock_wait_us=1 enqueue_us=0 queue_wait_us=14 execute_us=94 result_post_us=11 total_us=120 status=0 [23989,24002][hixl_instance.cpp:107,Run]
[2026-08-24 21:01:19.065495][UC][I] [PERF] component=transport event=transfer_submitted manager=127.0.0.1:8000 target=127.0.0.1:4508 handle=11 transport_handle=11 opcode=1 direct=2 segments=1 bytes=63 submitted_ts_us=1787576479065493 manager_execute_async_ts_us=1787576479065345 backend_execute_async_ts_us=1787576479065369 manager_to_backend_execute_async_us=23 submit_us=145 [23989,24002][transport_manager.cpp:674,ExecuteAsync]
[HIXL_PERF] event=hccl_batch op=1 desc_num=108 hccl_us=106 status=0
[HIXL_PERF] event=issue_hccl_batch op=1 list_num=108 total_us=116
[HIXL_PERF] event=issue_async_host_flag op=1 list_num=108 context_us=0 hccl_issue_us=118 flag_memcpy_us=4 total_us=122
[HIXL_PERF] event=comm_channel_async op=1 list_num=108 mutex_wait_us=0 slot_us=1 host_flag_us=5 record_us=0 issue_us=125 total_us=131
[HIXL_PERF] event=adxl_inner_async op=1 list_num=108 context_us=1 connect_us=0 get_channel_us=0 channel_async_us=133 tail_us=1 total_us=135
[HIXL_PERF] event=comm_engine_async op=1 list_num=108 desc_build_us=1 inner_us=137 total_us=138 status=0
[2026-08-24 21:01:19.065621][UC][I] [HIXL_WORKER_PERF] task_id=88 queue_depth=1 enqueue_lock_wait_us=0 enqueue_us=0 queue_wait_us=15 execute_us=145 result_post_us=7 total_us=167 status=0 [23989,24003][hixl_instance.cpp:107,Run]
[HIXL_QUERY_PERF] layer=comm_channel request=0x4 mutex_wait_us=0 check_us=0 lookup_us=0 flag_check_us=0 complete_us=2 total_us=2 transfer_status=1
[HIXL_QUERY_PERF] layer=adxl_inner request=0x4 context_us=1 req_lock_wait_us=0 lookup_us=0 channel_us=17 cleanup_us=1 total_us=19 status=0 transfer_status=1
[2026-08-24 21:01:19.065638][UC][I] [PERF] component=transport event=transfer_submitted manager=127.0.0.1:8000 target=127.0.0.1:4508 handle=12 transport_handle=12 opcode=1 direct=2 segments=108 bytes=7962624 submitted_ts_us=1787576479065636 manager_execute_async_ts_us=1787576479065449 backend_execute_async_ts_us=1787576479065469 manager_to_backend_execute_async_us=20 submit_us=186 [23989,24003][transport_manager.cpp:674,ExecuteAsync]
[HIXL_QUERY_PERF] layer=comm_engine request=0x4 total_us=22 status=0 transfer_status=1
[2026-08-24 21:01:19.065665][UC][I] [HIXL_WORKER_PERF] task_id=89 queue_depth=1 enqueue_lock_wait_us=1 enqueue_us=1 queue_wait_us=102 execute_us=35 result_post_us=10 total_us=149 status=0 [23989,24002][hixl_instance.cpp:107,Run]
[2026-08-24 21:01:19.065682][UC][I] [QUERY_PERF] component=ucm layer=hixl_instance request=0x4 queue_wait_us=104 backend_us=34 run_post_us=29 total_us=167 api_status=0 transfer_status=1 [23989,24002][hixl_instance.cpp:370,GetTransferStatus]
[2026-08-24 21:01:19.065691][UC][I] [QUERY_PERF] component=ucm layer=hixl_transport handle=11 request=0x4 lifecycle_lock_us=0 pending_lock_wait_us=0 pending_lookup_us=0 instance_us=175 erase_us=2 total_us=177 transfer_status=1 [23989,24002][hixl_transport.cpp:734,GetStatus]
[2026-08-24 21:01:19.065697][UC][I] [QUERY_PERF] component=ucm layer=transport_manager handle=11 transport_handle=11 transfers_lock_wait_us=0 lookup_us=0 transport_us=184 total_us=184 api_status=0 transfer_status=1 [23989,24002][transport_manager.cpp:716,GetStatus]
[2026-08-24 21:01:19.065703][UC][I] [PERF] component=transport event=transfer_done manager=127.0.0.1:8000 target=127.0.0.1:4508 handle=11 transport_handle=11 opcode=1 direct=2 segments=1 bytes=63 status=1 api_status=0 submitted_ts_us=1787576479065493 completed_ts_us=1787576479065702 manager_get_status_ts_us=1787576479065513 backend_query_ts_us=1787576479065619 submit_us=145 transfer_us=209 manager_to_backend_query_us=105 total_us=354 [23989,24002][transport_manager.cpp:727,GetStatus]
[2026-08-24 21:01:19.065722][UC][I] [PERF] component=drampool event=request_done request_id=1 opcode=2 peer=127.0.0.1:4508 batch_size=108 data_bytes=7962624 failed_items=0 status=SUCCESS failed_stage=NONE received_ts_us=1787576479059408 worker_started_ts_us=1787576479059491 data_transfer_submitted_ts_us=1787576479062350 data_transfer_completed_ts_us=1787576479065250 response_submitted_ts_us=1787576479065508 completed_ts_us=1787576479065718 data_tm_execute_async_ts_us=1787576479059532 data_hixl_execute_async_ts_us=1787576479059574 data_tm_get_status_ts_us=1787576479062484 data_hixl_query_handle_ts_us=1787576479065098 response_tm_execute_async_ts_us=1787576479065345 response_hixl_execute_async_ts_us=1787576479065369 response_tm_get_status_ts_us=1787576479065513 response_hixl_query_handle_ts_us=1787576479065619 request_queue_us=82 metadata_prepare_us=38 taskworker_prepare_us=2860 poller_queue_us=130 data_transfer_us=2900 metadata_settle_us=85 response_slot_wait_us=5 response_submit_us=169 response_transfer_us=208 data_tm_to_hixl_execute_async_us=41 data_tm_to_hixl_query_handle_us=2615 response_tm_to_hixl_execute_async_us=23 response_tm_to_hixl_query_handle_us=105 total_us=6309 [23989,24002][completion_poller.cc:56,LogRequestDone]
[HIXL_PERF] event=hccl_batch op=1 desc_num=108 hccl_us=177 status=0
[HIXL_PERF] event=issue_hccl_batch op=1 list_num=108 total_us=204
[HIXL_PERF] event=issue_async_host_flag op=1 list_num=108 context_us=0 hccl_issue_us=207 flag_memcpy_us=7 total_us=214
[HIXL_PERF] event=comm_channel_async op=1 list_num=108 mutex_wait_us=0 slot_us=1457 host_flag_us=4 record_us=1 issue_us=219 total_us=1681
[HIXL_PERF] event=adxl_inner_async op=1 list_num=108 context_us=1 connect_us=0 get_channel_us=1 channel_async_us=1683 tail_us=1 total_us=1686
[HIXL_PERF] event=comm_engine_async op=1 list_num=108 desc_build_us=1 inner_us=1689 total_us=1690 status=0
[2026-08-24 21:01:19.067393][UC][I] [HIXL_WORKER_PERF] task_id=90 queue_depth=1 enqueue_lock_wait_us=1 enqueue_us=0 queue_wait_us=8 execute_us=1701 result_post_us=10 total_us=1720 status=0 [23989,24003][hixl_instance.cpp:107,Run]
[HIXL_QUERY_PERF] layer=comm_channel request=0x2 mutex_wait_us=1 check_us=0 lookup_us=0 flag_check_us=0 complete_us=5 total_us=6 transfer_status=1
[2026-08-24 21:01:19.067411][UC][I] [PERF] component=transport event=transfer_submitted manager=127.0.0.1:8000 target=127.0.0.1:4506 handle=13 transport_handle=13 opcode=1 direct=2 segments=108 bytes=7962624 submitted_ts_us=1787576479067409 manager_execute_async_ts_us=1787576479065668 backend_execute_async_ts_us=1787576479065683 manager_to_backend_execute_async_us=15 submit_us=1738 [23989,24003][transport_manager.cpp:674,ExecuteAsync]
[HIXL_QUERY_PERF] layer=adxl_inner request=0x2 context_us=1 req_lock_wait_us=0 lookup_us=1 channel_us=19 cleanup_us=1 total_us=22 status=0 transfer_status=1
[HIXL_QUERY_PERF] layer=comm_engine request=0x2 total_us=35 status=0 transfer_status=1
[2026-08-24 21:01:19.067443][UC][I] [HIXL_WORKER_PERF] task_id=91 queue_depth=1 enqueue_lock_wait_us=1 enqueue_us=1 queue_wait_us=1645 execute_us=38 result_post_us=13 total_us=1698 status=0 [23989,24002][hixl_instance.cpp:107,Run]
[2026-08-24 21:01:19.067459][UC][I] [QUERY_PERF] component=ucm layer=hixl_instance request=0x2 queue_wait_us=1647 backend_us=38 run_post_us=31 total_us=1716 api_status=0 transfer_status=1 [23989,24002][hixl_instance.cpp:370,GetTransferStatus]
[2026-08-24 21:01:19.067467][UC][I] [QUERY_PERF] component=ucm layer=hixl_transport handle=9 request=0x2 lifecycle_lock_us=0 pending_lock_wait_us=0 pending_lookup_us=1 instance_us=1723 erase_us=1 total_us=1725 transfer_status=1 [23989,24002][hixl_transport.cpp:734,GetStatus]
[2026-08-24 21:01:19.067474][UC][I] [QUERY_PERF] component=ucm layer=transport_manager handle=9 transport_handle=9 transfers_lock_wait_us=0 lookup_us=1 transport_us=1733 total_us=1734 api_status=0 transfer_status=1 [23989,24002][transport_manager.cpp:716,GetStatus]
[2026-08-24 21:01:19.067481][UC][I] [PERF] component=transport event=transfer_done manager=127.0.0.1:8000 target=127.0.0.1:4507 handle=9 transport_handle=9 opcode=1 direct=2 segments=108 bytes=7962624 status=1 api_status=0 submitted_ts_us=1787576479065112 completed_ts_us=1787576479067480 manager_get_status_ts_us=1787576479065740 backend_query_ts_us=1787576479067389 submit_us=2741 transfer_us=2367 manager_to_backend_query_us=1649 total_us=5108 [23989,24002][transport_manager.cpp:727,GetStatus]
[HIXL_PERF] event=hccl_batch op=1 desc_num=108 hccl_us=108 status=0
[HIXL_PERF] event=issue_hccl_batch op=1 list_num=108 total_us=121
[HIXL_PERF] event=issue_async_host_flag op=1 list_num=108 context_us=1 hccl_issue_us=123 flag_memcpy_us=5 total_us=129
[HIXL_PERF] event=comm_channel_async op=1 list_num=108 mutex_wait_us=0 slot_us=1 host_flag_us=4 record_us=0 issue_us=131 total_us=136
[HIXL_PERF] event=adxl_inner_async op=1 list_num=108 context_us=0 connect_us=0 get_channel_us=1 channel_async_us=139 tail_us=0 total_us=140
[HIXL_PERF] event=comm_engine_async op=1 list_num=108 desc_build_us=1 inner_us=146 total_us=147 status=0
[2026-08-24 21:01:19.067613][UC][I] [HIXL_WORKER_PERF] task_id=92 queue_depth=1 enqueue_lock_wait_us=1 enqueue_us=0 queue_wait_us=8 execute_us=156 result_post_us=8 total_us=173 status=0 [23989,24003][hixl_instance.cpp:107,Run]
[2026-08-24 21:01:19.067628][UC][I] [PERF] component=transport event=transfer_submitted manager=127.0.0.1:8000 target=127.0.0.1:4506 handle=14 transport_handle=14 opcode=1 direct=2 segments=108 bytes=7962624 submitted_ts_us=1787576479067625 manager_execute_async_ts_us=1787576479067437 backend_execute_async_ts_us=1787576479067450 manager_to_backend_execute_async_us=13 submit_us=188 [23989,24003][transport_manager.cpp:674,ExecuteAsync]
[HIXL_PERF] event=hccl_batch op=1 desc_num=1 hccl_us=60 status=0
[HIXL_PERF] event=issue_hccl_batch op=1 list_num=1 total_us=66
[HIXL_PERF] event=issue_async_host_flag op=1 list_num=1 context_us=1 hccl_issue_us=68 flag_memcpy_us=5 total_us=74
[HIXL_PERF] event=comm_channel_async op=1 list_num=1 mutex_wait_us=0 slot_us=0 host_flag_us=0 record_us=0 issue_us=76 total_us=76
[HIXL_PERF] event=adxl_inner_async op=1 list_num=1 context_us=1 connect_us=0 get_channel_us=0 channel_async_us=79 tail_us=1 total_us=81
[HIXL_PERF] event=comm_engine_async op=1 list_num=1 desc_build_us=0 inner_us=83 total_us=83 status=0
[2026-08-24 21:01:19.067712][UC][I] [HIXL_WORKER_PERF] task_id=93 queue_depth=1 enqueue_lock_wait_us=1 enqueue_us=1 queue_wait_us=49 execute_us=89 result_post_us=12 total_us=152 status=0 [23989,24002][hixl_instance.cpp:107,Run]
[2026-08-24 21:01:19.067735][UC][I] [PERF] component=transport event=transfer_submitted manager=127.0.0.1:8000 target=127.0.0.1:4507 handle=15 transport_handle=15 opcode=1 direct=2 segments=1 bytes=63 submitted_ts_us=1787576479067733 manager_execute_async_ts_us=1787576479067556 backend_execute_async_ts_us=1787576479067611 manager_to_backend_execute_async_us=55 submit_us=176 [23989,24002][transport_manager.cpp:674,ExecuteAsync]
[HIXL_QUERY_PERF] layer=comm_channel request=0x3 mutex_wait_us=0 check_us=0 lookup_us=0 flag_check_us=0 complete_us=2 total_us=2 transfer_status=1
[HIXL_QUERY_PERF] layer=adxl_inner request=0x3 context_us=1 req_lock_wait_us=0 lookup_us=1 channel_us=10 cleanup_us=0 total_us=12 status=0 transfer_status=1
[HIXL_QUERY_PERF] layer=comm_engine request=0x3 total_us=15 status=0 transfer_status=1
[2026-08-24 21:01:19.067788][UC][I] [HIXL_WORKER_PERF] task_id=94 queue_depth=1 enqueue_lock_wait_us=1 enqueue_us=0 queue_wait_us=13 execute_us=18 result_post_us=11 total_us=43 status=0 [23989,24002][hixl_instance.cpp:107,Run]
[2026-08-24 21:01:19.067801][UC][I] [QUERY_PERF] component=ucm layer=hixl_instance request=0x3 queue_wait_us=14 backend_us=18 run_post_us=24 total_us=56 api_status=0 transfer_status=1 [23989,24002][hixl_instance.cpp:370,GetTransferStatus]
[2026-08-24 21:01:19.067806][UC][I] [QUERY_PERF] component=ucm layer=hixl_transport handle=10 request=0x3 lifecycle_lock_us=0 pending_lock_wait_us=0 pending_lookup_us=1 instance_us=60 erase_us=1 total_us=62 transfer_status=1 [23989,24002][hixl_transport.cpp:734,GetStatus]
[2026-08-24 21:01:19.067811][UC][I] [QUERY_PERF] component=ucm layer=transport_manager handle=10 transport_handle=10 transfers_lock_wait_us=0 lookup_us=0 transport_us=67 total_us=67 api_status=0 transfer_status=1 [23989,24002][transport_manager.cpp:716,GetStatus]
[2026-08-24 21:01:19.067815][UC][I] [PERF] component=transport event=transfer_done manager=127.0.0.1:8000 target=127.0.0.1:4507 handle=10 transport_handle=10 opcode=1 direct=2 segments=108 bytes=7962624 status=1 api_status=0 submitted_ts_us=1787576479065340 completed_ts_us=1787576479067814 manager_get_status_ts_us=1787576479067743 backend_query_ts_us=1787576479067759 submit_us=194 transfer_us=2473 manager_to_backend_query_us=15 total_us=2667 [23989,24002][transport_manager.cpp:727,GetStatus]
[HIXL_PERF] event=hccl_batch op=1 desc_num=1 hccl_us=56 status=0
[HIXL_PERF] event=issue_hccl_batch op=1 list_num=1 total_us=76
[HIXL_PERF] event=issue_async_host_flag op=1 list_num=1 context_us=1 hccl_issue_us=78 flag_memcpy_us=5 total_us=84
[HIXL_PERF] event=comm_channel_async op=1 list_num=1 mutex_wait_us=0 slot_us=0 host_flag_us=0 record_us=0 issue_us=90 total_us=90
[HIXL_PERF] event=adxl_inner_async op=1 list_num=1 context_us=0 connect_us=0 get_channel_us=1 channel_async_us=94 tail_us=1 total_us=96
[HIXL_PERF] event=comm_engine_async op=1 list_num=1 desc_build_us=0 inner_us=100 total_us=100 status=0
[2026-08-24 21:01:19.068034][UC][I] [HIXL_WORKER_PERF] task_id=96 queue_depth=1 enqueue_lock_wait_us=1 enqueue_us=0 queue_wait_us=13 execute_us=106 result_post_us=13 total_us=133 status=0 [23989,24002][hixl_instance.cpp:107,Run]
[2026-08-24 21:01:19.068046][UC][I] [PERF] component=transport event=transfer_submitted manager=127.0.0.1:8000 target=127.0.0.1:4507 handle=16 transport_handle=16 opcode=1 direct=2 segments=1 bytes=63 submitted_ts_us=1787576479068045 manager_execute_async_ts_us=1787576479067898 backend_execute_async_ts_us=1787576479067915 manager_to_backend_execute_async_us=17 submit_us=147 [23989,24002][transport_manager.cpp:674,ExecuteAsync]
[HIXL_QUERY_PERF] layer=comm_channel request=0x8 mutex_wait_us=0 check_us=0 lookup_us=0 flag_check_us=0 complete_us=1 total_us=1 transfer_status=1
[HIXL_QUERY_PERF] layer=adxl_inner request=0x8 context_us=1 req_lock_wait_us=0 lookup_us=1 channel_us=11 cleanup_us=1 total_us=14 status=0 transfer_status=1
[HIXL_QUERY_PERF] layer=comm_engine request=0x8 total_us=17 status=0 transfer_status=1
[2026-08-24 21:01:19.068101][UC][I] [HIXL_WORKER_PERF] task_id=97 queue_depth=1 enqueue_lock_wait_us=0 enqueue_us=1 queue_wait_us=12 execute_us=21 result_post_us=11 total_us=45 status=0 [23989,24002][hixl_instance.cpp:107,Run]
[2026-08-24 21:01:19.068111][UC][I] [QUERY_PERF] component=ucm layer=hixl_instance request=0x8 queue_wait_us=14 backend_us=19 run_post_us=23 total_us=56 api_status=0 transfer_status=1 [23989,24002][hixl_instance.cpp:370,GetTransferStatus]
[2026-08-24 21:01:19.068116][UC][I] [QUERY_PERF] component=ucm layer=hixl_transport handle=15 request=0x8 lifecycle_lock_us=0 pending_lock_wait_us=0 pending_lookup_us=0 instance_us=61 erase_us=0 total_us=61 transfer_status=1 [23989,24002][hixl_transport.cpp:734,GetStatus]
[2026-08-24 21:01:19.068120][UC][I] [QUERY_PERF] component=ucm layer=transport_manager handle=15 transport_handle=15 transfers_lock_wait_us=0 lookup_us=0 transport_us=66 total_us=66 api_status=0 transfer_status=1 [23989,24002][transport_manager.cpp:716,GetStatus]
[2026-08-24 21:01:19.068137][UC][I] [PERF] component=transport event=transfer_done manager=127.0.0.1:8000 target=127.0.0.1:4507 handle=15 transport_handle=15 opcode=1 direct=2 segments=1 bytes=63 status=1 api_status=0 submitted_ts_us=1787576479067733 completed_ts_us=1787576479068135 manager_get_status_ts_us=1787576479068054 backend_query_ts_us=1787576479068069 submit_us=176 transfer_us=402 manager_to_backend_query_us=15 total_us=578 [23989,24002][transport_manager.cpp:727,GetStatus]
[2026-08-24 21:01:19.068145][UC][I] [PERF] component=drampool event=request_done request_id=1 opcode=2 peer=127.0.0.1:4507 batch_size=108 data_bytes=7962624 failed_items=0 status=SUCCESS failed_stage=NONE received_ts_us=1787576479059413 worker_started_ts_us=1787576479062353 data_transfer_submitted_ts_us=1787576479065127 data_transfer_completed_ts_us=1787576479067486 response_submitted_ts_us=1787576479067742 completed_ts_us=1787576479068142 data_tm_execute_async_ts_us=1787576479062371 data_hixl_execute_async_ts_us=1787576479062387 data_tm_get_status_ts_us=1787576479065740 data_hixl_query_handle_ts_us=1787576479067389 response_tm_execute_async_ts_us=1787576479067556 response_hixl_execute_async_ts_us=1787576479067611 response_tm_get_status_ts_us=1787576479068054 response_hixl_query_handle_ts_us=1787576479068069 request_queue_us=2940 metadata_prepare_us=16 taskworker_prepare_us=2775 poller_queue_us=383 data_transfer_us=2359 metadata_settle_us=66 response_slot_wait_us=2 response_submit_us=188 response_transfer_us=399 data_tm_to_hixl_execute_async_us=16 data_tm_to_hixl_query_handle_us=1649 response_tm_to_hixl_execute_async_us=55 response_tm_to_hixl_query_handle_us=15 total_us=8729 [23989,24002][completion_poller.cc:56,LogRequestDone]
[HIXL_QUERY_PERF] layer=comm_channel request=0x9 mutex_wait_us=1 check_us=0 lookup_us=0 flag_check_us=0 complete_us=1 total_us=2 transfer_status=1
[HIXL_QUERY_PERF] layer=adxl_inner request=0x9 context_us=1 req_lock_wait_us=0 lookup_us=0 channel_us=12 cleanup_us=20 total_us=33 status=0 transfer_status=1
[HIXL_QUERY_PERF] layer=comm_engine request=0x9 total_us=43 status=0 transfer_status=1
[2026-08-24 21:01:19.068224][UC][I] [HIXL_WORKER_PERF] task_id=98 queue_depth=1 enqueue_lock_wait_us=1 enqueue_us=1 queue_wait_us=11 execute_us=46 result_post_us=11 total_us=70 status=0 [23989,24002][hixl_instance.cpp:107,Run]
[2026-08-24 21:01:19.068235][UC][I] [QUERY_PERF] component=ucm layer=hixl_instance request=0x9 queue_wait_us=14 backend_us=45 run_post_us=22 total_us=81 api_status=0 transfer_status=1 [23989,24002][hixl_instance.cpp:370,GetTransferStatus]
[2026-08-24 21:01:19.068239][UC][I] [QUERY_PERF] component=ucm layer=hixl_transport handle=16 request=0x9 lifecycle_lock_us=0 pending_lock_wait_us=0 pending_lookup_us=0 instance_us=85 erase_us=0 total_us=85 transfer_status=1 [23989,24002][hixl_transport.cpp:734,GetStatus]
[2026-08-24 21:01:19.068242][UC][I] [QUERY_PERF] component=ucm layer=transport_manager handle=16 transport_handle=16 transfers_lock_wait_us=0 lookup_us=0 transport_us=89 total_us=89 api_status=0 transfer_status=1 [23989,24002][transport_manager.cpp:716,GetStatus]
[2026-08-24 21:01:19.068246][UC][I] [PERF] component=transport event=transfer_done manager=127.0.0.1:8000 target=127.0.0.1:4507 handle=16 transport_handle=16 opcode=1 direct=2 segments=1 bytes=63 status=1 api_status=0 submitted_ts_us=1787576479068045 completed_ts_us=1787576479068245 manager_get_status_ts_us=1787576479068153 backend_query_ts_us=1787576479068167 submit_us=147 transfer_us=200 manager_to_backend_query_us=14 total_us=347 [23989,24002][transport_manager.cpp:727,GetStatus]
[2026-08-24 21:01:19.068252][UC][I] [PERF] component=drampool event=request_done request_id=2 opcode=2 peer=127.0.0.1:4507 batch_size=108 data_bytes=7962624 failed_items=0 status=SUCCESS failed_stage=NONE received_ts_us=1787576479059416 worker_started_ts_us=1787576479065129 data_transfer_submitted_ts_us=1787576479065348 data_transfer_completed_ts_us=1787576479067820 response_submitted_ts_us=1787576479068050 completed_ts_us=1787576479068250 data_tm_execute_async_ts_us=1787576479065145 data_hixl_execute_async_ts_us=1787576479065160 data_tm_get_status_ts_us=1787576479067743 data_hixl_query_handle_ts_us=1787576479067759 response_tm_execute_async_ts_us=1787576479067898 response_hixl_execute_async_ts_us=1787576479067915 response_tm_get_status_ts_us=1787576479068153 response_hixl_query_handle_ts_us=1787576479068167 request_queue_us=5713 metadata_prepare_us=15 taskworker_prepare_us=222 poller_queue_us=161 data_transfer_us=2471 metadata_settle_us=75 response_slot_wait_us=1 response_submit_us=154 response_transfer_us=199 data_tm_to_hixl_execute_async_us=16 data_tm_to_hixl_query_handle_us=15 response_tm_to_hixl_execute_async_us=17 response_tm_to_hixl_query_handle_us=14 total_us=8834 [23989,24002][completion_poller.cc:56,LogRequestDone]
[HIXL_QUERY_PERF] layer=comm_channel request=0x5 mutex_wait_us=1 check_us=0 lookup_us=0 flag_check_us=0 complete_us=1 total_us=2 transfer_status=1
[HIXL_QUERY_PERF] layer=adxl_inner request=0x5 context_us=1 req_lock_wait_us=0 lookup_us=0 channel_us=10 cleanup_us=1 total_us=12 status=0 transfer_status=1
[HIXL_QUERY_PERF] layer=comm_engine request=0x5 total_us=15 status=0 transfer_status=1
[2026-08-24 21:01:19.068309][UC][I] [HIXL_WORKER_PERF] task_id=99 queue_depth=1 enqueue_lock_wait_us=1 enqueue_us=0 queue_wait_us=12 execute_us=20 result_post_us=11 total_us=44 status=0 [23989,24002][hixl_instance.cpp:107,Run]
[2026-08-24 21:01:19.068319][UC][I] [QUERY_PERF] component=ucm layer=hixl_instance request=0x5 queue_wait_us=13 backend_us=20 run_post_us=21 total_us=54 api_status=0 transfer_status=1 [23989,24002][hixl_instance.cpp:370,GetTransferStatus]
[2026-08-24 21:01:19.068325][UC][I] [QUERY_PERF] component=ucm layer=hixl_transport handle=12 request=0x5 lifecycle_lock_us=0 pending_lock_wait_us=0 pending_lookup_us=0 instance_us=60 erase_us=0 total_us=60 transfer_status=1 [23989,24002][hixl_transport.cpp:734,GetStatus]
[2026-08-24 21:01:19.068329][UC][I] [QUERY_PERF] component=ucm layer=transport_manager handle=12 transport_handle=12 transfers_lock_wait_us=0 lookup_us=1 transport_us=65 total_us=66 api_status=0 transfer_status=1 [23989,24002][transport_manager.cpp:716,GetStatus]
[2026-08-24 21:01:19.068332][UC][I] [PERF] component=transport event=transfer_done manager=127.0.0.1:8000 target=127.0.0.1:4508 handle=12 transport_handle=12 opcode=1 direct=2 segments=108 bytes=7962624 status=1 api_status=0 submitted_ts_us=1787576479065636 completed_ts_us=1787576479068331 manager_get_status_ts_us=1787576479068263 backend_query_ts_us=1787576479068278 submit_us=186 transfer_us=2696 manager_to_backend_query_us=14 total_us=2882 [23989,24002][transport_manager.cpp:727,GetStatus]
[HIXL_PERF] event=hccl_batch op=1 desc_num=1 hccl_us=63 status=0
[HIXL_PERF] event=issue_hccl_batch op=1 list_num=1 total_us=75
[HIXL_PERF] event=issue_async_host_flag op=1 list_num=1 context_us=0 hccl_issue_us=78 flag_memcpy_us=4 total_us=82
[HIXL_PERF] event=comm_channel_async op=1 list_num=1 mutex_wait_us=0 slot_us=1 host_flag_us=0 record_us=0 issue_us=87 total_us=88
[HIXL_PERF] event=adxl_inner_async op=1 list_num=1 context_us=1 connect_us=0 get_channel_us=0 channel_async_us=91 tail_us=0 total_us=92
[HIXL_PERF] event=comm_engine_async op=1 list_num=1 desc_build_us=0 inner_us=94 total_us=94 status=0
[2026-08-24 21:01:19.068481][UC][I] [HIXL_WORKER_PERF] task_id=100 queue_depth=1 enqueue_lock_wait_us=0 enqueue_us=1 queue_wait_us=11 execute_us=102 result_post_us=12 total_us=126 status=0 [23989,24002][hixl_instance.cpp:107,Run]
[2026-08-24 21:01:19.068493][UC][I] [PERF] component=transport event=transfer_submitted manager=127.0.0.1:8000 target=127.0.0.1:4508 handle=17 transport_handle=17 opcode=1 direct=2 segments=1 bytes=63 submitted_ts_us=1787576479068492 manager_execute_async_ts_us=1787576479068351 backend_execute_async_ts_us=1787576479068366 manager_to_backend_execute_async_us=14 submit_us=140 [23989,24002][transport_manager.cpp:674,ExecuteAsync]
[HIXL_QUERY_PERF] layer=comm_channel request=0x6 mutex_wait_us=0 check_us=0 lookup_us=1 flag_check_us=0 complete_us=0 total_us=1 transfer_status=0
[HIXL_QUERY_PERF] layer=adxl_inner request=0x6 context_us=1 req_lock_wait_us=0 lookup_us=0 channel_us=12 cleanup_us=0 total_us=13 status=0 transfer_status=0
[HIXL_QUERY_PERF] layer=comm_engine request=0x6 total_us=15 status=0 transfer_status=0
[2026-08-24 21:01:19.068541][UC][I] [HIXL_WORKER_PERF] task_id=101 queue_depth=1 enqueue_lock_wait_us=1 enqueue_us=0 queue_wait_us=13 execute_us=20 result_post_us=10 total_us=44 status=0 [23989,24002][hixl_instance.cpp:107,Run]
[2026-08-24 21:01:19.068552][UC][I] [QUERY_PERF] component=ucm layer=hixl_instance request=0x6 queue_wait_us=14 backend_us=19 run_post_us=21 total_us=54 api_status=0 transfer_status=0 [23989,24002][hixl_instance.cpp:370,GetTransferStatus]
[2026-08-24 21:01:19.068555][UC][I] [QUERY_PERF] component=ucm layer=hixl_transport handle=13 request=0x6 lifecycle_lock_us=0 pending_lock_wait_us=0 pending_lookup_us=0 instance_us=58 erase_us=0 total_us=58 transfer_status=0 [23989,24002][hixl_transport.cpp:734,GetStatus]
[2026-08-24 21:01:19.068558][UC][I] [QUERY_PERF] component=ucm layer=transport_manager handle=13 transport_handle=13 transfers_lock_wait_us=1 lookup_us=0 transport_us=61 total_us=62 api_status=0 transfer_status=0 [23989,24002][transport_manager.cpp:716,GetStatus]
[HIXL_QUERY_PERF] layer=comm_channel request=0x7 mutex_wait_us=0 check_us=0 lookup_us=0 flag_check_us=0 complete_us=0 total_us=0 transfer_status=0
[HIXL_QUERY_PERF] layer=adxl_inner request=0x7 context_us=0 req_lock_wait_us=0 lookup_us=1 channel_us=12 cleanup_us=0 total_us=13 status=0 transfer_status=0
[HIXL_QUERY_PERF] layer=comm_engine request=0x7 total_us=19 status=0 transfer_status=0
[2026-08-24 21:01:19.068609][UC][I] [HIXL_WORKER_PERF] task_id=102 queue_depth=1 enqueue_lock_wait_us=0 enqueue_us=1 queue_wait_us=12 execute_us=22 result_post_us=11 total_us=46 status=0 [23989,24002][hixl_instance.cpp:107,Run]
[2026-08-24 21:01:19.068620][UC][I] [QUERY_PERF] component=ucm layer=hixl_instance request=0x7 queue_wait_us=14 backend_us=22 run_post_us=21 total_us=57 api_status=0 transfer_status=0 [23989,24002][hixl_instance.cpp:370,GetTransferStatus]
[2026-08-24 21:01:19.068624][UC][I] [QUERY_PERF] component=ucm layer=hixl_transport handle=14 request=0x7 lifecycle_lock_us=0 pending_lock_wait_us=0 pending_lookup_us=0 instance_us=61 erase_us=0 total_us=61 transfer_status=0 [23989,24002][hixl_transport.cpp:734,GetStatus]
[2026-08-24 21:01:19.068631][UC][I] [QUERY_PERF] component=ucm layer=transport_manager handle=14 transport_handle=14 transfers_lock_wait_us=0 lookup_us=0 transport_us=68 total_us=68 api_status=0 transfer_status=0 [23989,24002][transport_manager.cpp:716,GetStatus]
[HIXL_QUERY_PERF] layer=comm_channel request=0xa mutex_wait_us=0 check_us=0 lookup_us=0 flag_check_us=0 complete_us=1 total_us=1 transfer_status=1
[HIXL_QUERY_PERF] layer=adxl_inner request=0xa context_us=0 req_lock_wait_us=0 lookup_us=1 channel_us=9 cleanup_us=0 total_us=10 status=0 transfer_status=1
[HIXL_QUERY_PERF] layer=comm_engine request=0xa total_us=18 status=0 transfer_status=1
[2026-08-24 21:01:19.068679][UC][I] [HIXL_WORKER_PERF] task_id=103 queue_depth=1 enqueue_lock_wait_us=1 enqueue_us=1 queue_wait_us=10 execute_us=21 result_post_us=11 total_us=44 status=0 [23989,24002][hixl_instance.cpp:107,Run]
[2026-08-24 21:01:19.068690][UC][I] [QUERY_PERF] component=ucm layer=hixl_instance request=0xa queue_wait_us=13 backend_us=20 run_post_us=21 total_us=54 api_status=0 transfer_status=1 [23989,24002][hixl_instance.cpp:370,GetTransferStatus]
[2026-08-24 21:01:19.068695][UC][I] [QUERY_PERF] component=ucm layer=hixl_transport handle=17 request=0xa lifecycle_lock_us=0 pending_lock_wait_us=0 pending_lookup_us=0 instance_us=59 erase_us=0 total_us=59 transfer_status=1 [23989,24002][hixl_transport.cpp:734,GetStatus]
[2026-08-24 21:01:19.068701][UC][I] [QUERY_PERF] component=ucm layer=transport_manager handle=17 transport_handle=17 transfers_lock_wait_us=0 lookup_us=0 transport_us=66 total_us=66 api_status=0 transfer_status=1 [23989,24002][transport_manager.cpp:716,GetStatus]
[2026-08-24 21:01:19.068705][UC][I] [PERF] component=transport event=transfer_done manager=127.0.0.1:8000 target=127.0.0.1:4508 handle=17 transport_handle=17 opcode=1 direct=2 segments=1 bytes=63 status=1 api_status=0 submitted_ts_us=1787576479068492 completed_ts_us=1787576479068704 manager_get_status_ts_us=1787576479068634 backend_query_ts_us=1787576479068648 submit_us=140 transfer_us=212 manager_to_backend_query_us=13 total_us=352 [23989,24002][transport_manager.cpp:727,GetStatus]
[2026-08-24 21:01:19.068714][UC][I] [PERF] component=drampool event=request_done request_id=2 opcode=2 peer=127.0.0.1:4508 batch_size=108 data_bytes=7962624 failed_items=0 status=SUCCESS failed_stage=NONE received_ts_us=1787576479059418 worker_started_ts_us=1787576479065352 data_transfer_submitted_ts_us=1787576479065649 data_transfer_completed_ts_us=1787576479068337 response_submitted_ts_us=1787576479068496 completed_ts_us=1787576479068711 data_tm_execute_async_ts_us=1787576479065449 data_hixl_execute_async_ts_us=1787576479065469 data_tm_get_status_ts_us=1787576479068263 data_hixl_query_handle_ts_us=1787576479068278 response_tm_execute_async_ts_us=1787576479068351 response_hixl_execute_async_ts_us=1787576479068366 response_tm_get_status_ts_us=1787576479068634 response_hixl_query_handle_ts_us=1787576479068648 request_queue_us=5934 metadata_prepare_us=96 taskworker_prepare_us=298 poller_queue_us=2402 data_transfer_us=2687 metadata_settle_us=12 response_slot_wait_us=1 response_submit_us=146 response_transfer_us=215 data_tm_to_hixl_execute_async_us=20 data_tm_to_hixl_query_handle_us=14 response_tm_to_hixl_execute_async_us=14 response_tm_to_hixl_query_handle_us=13 total_us=9294 [23989,24002][completion_poller.cc:56,LogRequestDone]
[HIXL_QUERY_PERF] layer=comm_channel request=0x6 mutex_wait_us=0 check_us=0 lookup_us=0 flag_check_us=0 complete_us=1 total_us=1 transfer_status=1
[HIXL_QUERY_PERF] layer=adxl_inner request=0x6 context_us=0 req_lock_wait_us=0 lookup_us=1 channel_us=8 cleanup_us=0 total_us=9 status=0 transfer_status=1
[HIXL_QUERY_PERF] layer=comm_engine request=0x6 total_us=12 status=0 transfer_status=1
[2026-08-24 21:01:19.068765][UC][I] [HIXL_WORKER_PERF] task_id=104 queue_depth=1 enqueue_lock_wait_us=0 enqueue_us=1 queue_wait_us=12 execute_us=15 result_post_us=11 total_us=39 status=0 [23989,24002][hixl_instance.cpp:107,Run]
[2026-08-24 21:01:19.068778][UC][I] [QUERY_PERF] component=ucm layer=hixl_instance request=0x6 queue_wait_us=14 backend_us=15 run_post_us=24 total_us=53 api_status=0 transfer_status=1 [23989,24002][hixl_instance.cpp:370,GetTransferStatus]
[2026-08-24 21:01:19.068783][UC][I] [QUERY_PERF] component=ucm layer=hixl_transport handle=13 request=0x6 lifecycle_lock_us=0 pending_lock_wait_us=0 pending_lookup_us=0 instance_us=57 erase_us=1 total_us=58 transfer_status=1 [23989,24002][hixl_transport.cpp:734,GetStatus]
[2026-08-24 21:01:19.068790][UC][I] [QUERY_PERF] component=ucm layer=transport_manager handle=13 transport_handle=13 transfers_lock_wait_us=0 lookup_us=0 transport_us=65 total_us=65 api_status=0 transfer_status=1 [23989,24002][transport_manager.cpp:716,GetStatus]
[2026-08-24 21:01:19.068803][UC][I] [PERF] component=transport event=transfer_done manager=127.0.0.1:8000 target=127.0.0.1:4506 handle=13 transport_handle=13 opcode=1 direct=2 segments=108 bytes=7962624 status=1 api_status=0 submitted_ts_us=1787576479067409 completed_ts_us=1787576479068802 manager_get_status_ts_us=1787576479068724 backend_query_ts_us=1787576479068738 submit_us=1738 transfer_us=1393 manager_to_backend_query_us=14 total_us=3131 [23989,24002][transport_manager.cpp:727,GetStatus]
[HIXL_PERF] event=hccl_batch op=1 desc_num=1 hccl_us=58 status=0
[HIXL_PERF] event=issue_hccl_batch op=1 list_num=1 total_us=66
[HIXL_PERF] event=issue_async_host_flag op=1 list_num=1 context_us=1 hccl_issue_us=68 flag_memcpy_us=4 total_us=73
[HIXL_PERF] event=comm_channel_async op=1 list_num=1 mutex_wait_us=0 slot_us=0 host_flag_us=0 record_us=0 issue_us=76 total_us=76
[HIXL_PERF] event=adxl_inner_async op=1 list_num=1 context_us=1 connect_us=0 get_channel_us=0 channel_async_us=79 tail_us=1 total_us=81
[HIXL_PERF] event=comm_engine_async op=1 list_num=1 desc_build_us=0 inner_us=83 total_us=83 status=0
[2026-08-24 21:01:19.068935][UC][I] [HIXL_WORKER_PERF] task_id=105 queue_depth=1 enqueue_lock_wait_us=1 enqueue_us=1 queue_wait_us=11 execute_us=87 result_post_us=12 total_us=112 status=0 [23989,24002][hixl_instance.cpp:107,Run]
[2026-08-24 21:01:19.068948][UC][I] [PERF] component=transport event=transfer_submitted manager=127.0.0.1:8000 target=127.0.0.1:4506 handle=18 transport_handle=18 opcode=1 direct=2 segments=1 bytes=63 submitted_ts_us=1787576479068946 manager_execute_async_ts_us=1787576479068820 backend_execute_async_ts_us=1787576479068835 manager_to_backend_execute_async_us=15 submit_us=126 [23989,24002][transport_manager.cpp:674,ExecuteAsync]
[HIXL_QUERY_PERF] layer=comm_channel request=0x7 mutex_wait_us=0 check_us=0 lookup_us=1 flag_check_us=0 complete_us=0 total_us=1 transfer_status=0
[HIXL_QUERY_PERF] layer=adxl_inner request=0x7 context_us=1 req_lock_wait_us=0 lookup_us=0 channel_us=8 cleanup_us=0 total_us=9 status=0 transfer_status=0
[HIXL_QUERY_PERF] layer=comm_engine request=0x7 total_us=13 status=0 transfer_status=0
[2026-08-24 21:01:19.068996][UC][I] [HIXL_WORKER_PERF] task_id=106 queue_depth=1 enqueue_lock_wait_us=1 enqueue_us=1 queue_wait_us=11 execute_us=18 result_post_us=10 total_us=41 status=0 [23989,24002][hixl_instance.cpp:107,Run]
[2026-08-24 21:01:19.069007][UC][I] [QUERY_PERF] component=ucm layer=hixl_instance request=0x7 queue_wait_us=13 backend_us=17 run_post_us=21 total_us=51 api_status=0 transfer_status=0 [23989,24002][hixl_instance.cpp:370,GetTransferStatus]
[2026-08-24 21:01:19.069013][UC][I] [QUERY_PERF] component=ucm layer=hixl_transport handle=14 request=0x7 lifecycle_lock_us=0 pending_lock_wait_us=0 pending_lookup_us=0 instance_us=57 erase_us=0 total_us=57 transfer_status=0 [23989,24002][hixl_transport.cpp:734,GetStatus]
[2026-08-24 21:01:19.069016][UC][I] [QUERY_PERF] component=ucm layer=transport_manager handle=14 transport_handle=14 transfers_lock_wait_us=0 lookup_us=0 transport_us=60 total_us=60 api_status=0 transfer_status=0 [23989,24002][transport_manager.cpp:716,GetStatus]
[HIXL_QUERY_PERF] layer=comm_channel request=0xb mutex_wait_us=0 check_us=0 lookup_us=0 flag_check_us=0 complete_us=0 total_us=0 transfer_status=0
[HIXL_QUERY_PERF] layer=adxl_inner request=0xb context_us=0 req_lock_wait_us=0 lookup_us=1 channel_us=7 cleanup_us=0 total_us=8 status=0 transfer_status=0
[HIXL_QUERY_PERF] layer=comm_engine request=0xb total_us=11 status=0 transfer_status=0
[2026-08-24 21:01:19.069062][UC][I] [HIXL_WORKER_PERF] task_id=107 queue_depth=1 enqueue_lock_wait_us=0 enqueue_us=2 queue_wait_us=12 execute_us=15 result_post_us=10 total_us=39 status=0 [23989,24002][hixl_instance.cpp:107,Run]
[2026-08-24 21:01:19.069072][UC][I] [QUERY_PERF] component=ucm layer=hixl_instance request=0xb queue_wait_us=15 backend_us=15 run_post_us=20 total_us=50 api_status=0 transfer_status=0 [23989,24002][hixl_instance.cpp:370,GetTransferStatus]
[2026-08-24 21:01:19.069079][UC][I] [QUERY_PERF] component=ucm layer=hixl_transport handle=18 request=0xb lifecycle_lock_us=0 pending_lock_wait_us=0 pending_lookup_us=0 instance_us=58 erase_us=0 total_us=58 transfer_status=0 [23989,24002][hixl_transport.cpp:734,GetStatus]
[2026-08-24 21:01:19.069084][UC][I] [QUERY_PERF] component=ucm layer=transport_manager handle=18 transport_handle=18 transfers_lock_wait_us=0 lookup_us=0 transport_us=63 total_us=63 api_status=0 transfer_status=0 [23989,24002][transport_manager.cpp:716,GetStatus]
[HIXL_QUERY_PERF] layer=comm_channel request=0x7 mutex_wait_us=0 check_us=0 lookup_us=0 flag_check_us=0 complete_us=2 total_us=2 transfer_status=1
[HIXL_QUERY_PERF] layer=adxl_inner request=0x7 context_us=1 req_lock_wait_us=0 lookup_us=0 channel_us=9 cleanup_us=1 total_us=11 status=0 transfer_status=1
[HIXL_QUERY_PERF] layer=comm_engine request=0x7 total_us=15 status=0 transfer_status=1
[2026-08-24 21:01:19.069132][UC][I] [HIXL_WORKER_PERF] task_id=108 queue_depth=1 enqueue_lock_wait_us=1 enqueue_us=0 queue_wait_us=11 execute_us=19 result_post_us=11 total_us=42 status=0 [23989,24002][hixl_instance.cpp:107,Run]
[2026-08-24 21:01:19.069143][UC][I] [QUERY_PERF] component=ucm layer=hixl_instance request=0x7 queue_wait_us=12 backend_us=19 run_post_us=22 total_us=53 api_status=0 transfer_status=1 [23989,24002][hixl_instance.cpp:370,GetTransferStatus]
[2026-08-24 21:01:19.069150][UC][I] [QUERY_PERF] component=ucm layer=hixl_transport handle=14 request=0x7 lifecycle_lock_us=1 pending_lock_wait_us=0 pending_lookup_us=0 instance_us=60 erase_us=0 total_us=61 transfer_status=1 [23989,24002][hixl_transport.cpp:734,GetStatus]
[2026-08-24 21:01:19.069156][UC][I] [QUERY_PERF] component=ucm layer=transport_manager handle=14 transport_handle=14 transfers_lock_wait_us=0 lookup_us=0 transport_us=67 total_us=67 api_status=0 transfer_status=1 [23989,24002][transport_manager.cpp:716,GetStatus]
[2026-08-24 21:01:19.069164][UC][I] [PERF] component=transport event=transfer_done manager=127.0.0.1:8000 target=127.0.0.1:4506 handle=14 transport_handle=14 opcode=1 direct=2 segments=108 bytes=7962624 status=1 api_status=0 submitted_ts_us=1787576479067625 completed_ts_us=1787576479069163 manager_get_status_ts_us=1787576479069088 backend_query_ts_us=1787576479069102 submit_us=188 transfer_us=1537 manager_to_backend_query_us=13 total_us=1725 [23989,24002][transport_manager.cpp:727,GetStatus]
[HIXL_PERF] event=hccl_batch op=1 desc_num=1 hccl_us=56 status=0
[HIXL_PERF] event=issue_hccl_batch op=1 list_num=1 total_us=65
[HIXL_PERF] event=issue_async_host_flag op=1 list_num=1 context_us=0 hccl_issue_us=67 flag_memcpy_us=4 total_us=71
[HIXL_PERF] event=comm_channel_async op=1 list_num=1 mutex_wait_us=0 slot_us=0 host_flag_us=0 record_us=0 issue_us=82 total_us=82
[HIXL_PERF] event=adxl_inner_async op=1 list_num=1 context_us=1 connect_us=0 get_channel_us=0 channel_async_us=85 tail_us=0 total_us=86
[HIXL_PERF] event=comm_engine_async op=1 list_num=1 desc_build_us=0 inner_us=88 total_us=88 status=0
[2026-08-24 21:01:19.069302][UC][I] [HIXL_WORKER_PERF] task_id=109 queue_depth=1 enqueue_lock_wait_us=1 enqueue_us=0 queue_wait_us=11 execute_us=94 result_post_us=12 total_us=118 status=0 [23989,24002][hixl_instance.cpp:107,Run]
[2026-08-24 21:01:19.069317][UC][I] [PERF] component=transport event=transfer_submitted manager=127.0.0.1:8000 target=127.0.0.1:4506 handle=19 transport_handle=19 opcode=1 direct=2 segments=1 bytes=63 submitted_ts_us=1787576479069316 manager_execute_async_ts_us=1787576479069182 backend_execute_async_ts_us=1787576479069196 manager_to_backend_execute_async_us=14 submit_us=134 [23989,24002][transport_manager.cpp:674,ExecuteAsync]
[HIXL_QUERY_PERF] layer=comm_channel request=0xb mutex_wait_us=0 check_us=0 lookup_us=0 flag_check_us=0 complete_us=2 total_us=2 transfer_status=1
[HIXL_QUERY_PERF] layer=adxl_inner request=0xb context_us=0 req_lock_wait_us=0 lookup_us=1 channel_us=9 cleanup_us=1 total_us=11 status=0 transfer_status=1
[HIXL_QUERY_PERF] layer=comm_engine request=0xb total_us=14 status=0 transfer_status=1
[2026-08-24 21:01:19.069370][UC][I] [HIXL_WORKER_PERF] task_id=110 queue_depth=1 enqueue_lock_wait_us=1 enqueue_us=1 queue_wait_us=12 execute_us=20 result_post_us=10 total_us=44 status=0 [23989,24002][hixl_instance.cpp:107,Run]
[2026-08-24 21:01:19.069384][UC][I] [QUERY_PERF] component=ucm layer=hixl_instance request=0xb queue_wait_us=14 backend_us=19 run_post_us=25 total_us=58 api_status=0 transfer_status=1 [23989,24002][hixl_instance.cpp:370,GetTransferStatus]
[2026-08-24 21:01:19.069391][UC][I] [QUERY_PERF] component=ucm layer=hixl_transport handle=18 request=0xb lifecycle_lock_us=1 pending_lock_wait_us=0 pending_lookup_us=0 instance_us=64 erase_us=0 total_us=65 transfer_status=1 [23989,24002][hixl_transport.cpp:734,GetStatus]
[2026-08-24 21:01:19.069397][UC][I] [QUERY_PERF] component=ucm layer=transport_manager handle=18 transport_handle=18 transfers_lock_wait_us=0 lookup_us=0 transport_us=71 total_us=71 api_status=0 transfer_status=1 [23989,24002][transport_manager.cpp:716,GetStatus]
[2026-08-24 21:01:19.069405][UC][I] [PERF] component=transport event=transfer_done manager=127.0.0.1:8000 target=127.0.0.1:4506 handle=18 transport_handle=18 opcode=1 direct=2 segments=1 bytes=63 status=1 api_status=0 submitted_ts_us=1787576479068946 completed_ts_us=1787576479069404 manager_get_status_ts_us=1787576479069325 backend_query_ts_us=1787576479069340 submit_us=126 transfer_us=457 manager_to_backend_query_us=15 total_us=583 [23989,24002][transport_manager.cpp:727,GetStatus]
[2026-08-24 21:01:19.069411][UC][I] [PERF] component=drampool event=request_done request_id=1 opcode=2 peer=127.0.0.1:4506 batch_size=108 data_bytes=7962624 failed_items=0 status=SUCCESS failed_stage=NONE received_ts_us=1787576479059461 worker_started_ts_us=1787576479065652 data_transfer_submitted_ts_us=1787576479067419 data_transfer_completed_ts_us=1787576479068807 response_submitted_ts_us=1787576479068954 completed_ts_us=1787576479069408 data_tm_execute_async_ts_us=1787576479065668 data_hixl_execute_async_ts_us=1787576479065683 data_tm_get_status_ts_us=1787576479068724 data_hixl_query_handle_ts_us=1787576479068738 response_tm_execute_async_ts_us=1787576479068820 response_hixl_execute_async_ts_us=1787576479068835 response_tm_get_status_ts_us=1787576479069325 response_hixl_query_handle_ts_us=1787576479069340 request_queue_us=6191 metadata_prepare_us=14 taskworker_prepare_us=1769 poller_queue_us=632 data_transfer_us=1387 metadata_settle_us=11 response_slot_wait_us=1 response_submit_us=135 response_transfer_us=454 data_tm_to_hixl_execute_async_us=15 data_tm_to_hixl_query_handle_us=14 response_tm_to_hixl_execute_async_us=15 response_tm_to_hixl_query_handle_us=15 total_us=9947 [23989,24002][completion_poller.cc:56,LogRequestDone]
[HIXL_QUERY_PERF] layer=comm_channel request=0xc mutex_wait_us=0 check_us=0 lookup_us=1 flag_check_us=0 complete_us=0 total_us=1 transfer_status=1
[HIXL_QUERY_PERF] layer=adxl_inner request=0xc context_us=1 req_lock_wait_us=0 lookup_us=0 channel_us=9 cleanup_us=1 total_us=11 status=0 transfer_status=1
[HIXL_QUERY_PERF] layer=comm_engine request=0xc total_us=15 status=0 transfer_status=1
[2026-08-24 21:01:19.069466][UC][I] [HIXL_WORKER_PERF] task_id=111 queue_depth=1 enqueue_lock_wait_us=1 enqueue_us=0 queue_wait_us=11 execute_us=17 result_post_us=11 total_us=40 status=0 [23989,24002][hixl_instance.cpp:107,Run]
[2026-08-24 21:01:19.069477][UC][I] [QUERY_PERF] component=ucm layer=hixl_instance request=0xc queue_wait_us=13 backend_us=16 run_post_us=23 total_us=52 api_status=0 transfer_status=1 [23989,24002][hixl_instance.cpp:370,GetTransferStatus]
[2026-08-24 21:01:19.069483][UC][I] [QUERY_PERF] component=ucm layer=hixl_transport handle=19 request=0xc lifecycle_lock_us=0 pending_lock_wait_us=0 pending_lookup_us=0 instance_us=58 erase_us=0 total_us=58 transfer_status=1 [23989,24002][hixl_transport.cpp:734,GetStatus]
[2026-08-24 21:01:19.069489][UC][I] [QUERY_PERF] component=ucm layer=transport_manager handle=19 transport_handle=19 transfers_lock_wait_us=0 lookup_us=0 transport_us=64 total_us=64 api_status=0 transfer_status=1 [23989,24002][transport_manager.cpp:716,GetStatus]
[2026-08-24 21:01:19.069495][UC][I] [PERF] component=transport event=transfer_done manager=127.0.0.1:8000 target=127.0.0.1:4506 handle=19 transport_handle=19 opcode=1 direct=2 segments=1 bytes=63 status=1 api_status=0 submitted_ts_us=1787576479069316 completed_ts_us=1787576479069494 manager_get_status_ts_us=1787576479069424 backend_query_ts_us=1787576479069438 submit_us=134 transfer_us=178 manager_to_backend_query_us=13 total_us=312 [23989,24002][transport_manager.cpp:727,GetStatus]
[2026-08-24 21:01:19.069503][UC][I] [PERF] component=drampool event=request_done request_id=2 opcode=2 peer=127.0.0.1:4506 batch_size=108 data_bytes=7962624 failed_items=0 status=SUCCESS failed_stage=NONE received_ts_us=1787576479059542 worker_started_ts_us=1787576479067422 data_transfer_submitted_ts_us=1787576479067647 data_transfer_completed_ts_us=1787576479069171 response_submitted_ts_us=1787576479069324 completed_ts_us=1787576479069502 data_tm_execute_async_ts_us=1787576479067437 data_hixl_execute_async_ts_us=1787576479067450 data_tm_get_status_ts_us=1787576479069088 data_hixl_query_handle_ts_us=1787576479069102 response_tm_execute_async_ts_us=1787576479069182 response_hixl_execute_async_ts_us=1787576479069196 response_tm_get_status_ts_us=1787576479069424 response_hixl_query_handle_ts_us=1787576479069438 request_queue_us=7879 metadata_prepare_us=14 taskworker_prepare_us=226 poller_queue_us=406 data_transfer_us=1524 metadata_settle_us=9 response_slot_wait_us=1 response_submit_us=143 response_transfer_us=177 data_tm_to_hixl_execute_async_us=13 data_tm_to_hixl_query_handle_us=13 response_tm_to_hixl_execute_async_us=14 response_tm_to_hixl_query_handle_us=13 total_us=9959 [23989,24002][completion_poller.cc:56,LogRequestDone]
[HIXL_PERF] event=hccl_batch op=1 desc_num=108 hccl_us=210 status=0
[HIXL_PERF] event=issue_hccl_batch op=1 list_num=108 total_us=239
[HIXL_PERF] event=issue_async_host_flag op=1 list_num=108 context_us=1 hccl_issue_us=242 flag_memcpy_us=8 total_us=251
[HIXL_PERF] event=comm_channel_async op=1 list_num=108 mutex_wait_us=0 slot_us=2414 host_flag_us=7 record_us=2 issue_us=254 total_us=2677
[HIXL_PERF] event=adxl_inner_async op=1 list_num=108 context_us=1 connect_us=0 get_channel_us=2 channel_async_us=2680 tail_us=1 total_us=2684
[HIXL_PERF] event=comm_engine_async op=1 list_num=108 desc_build_us=1 inner_us=2688 total_us=2689 status=0
[2026-08-24 21:01:19.070479][UC][I] [HIXL_WORKER_PERF] task_id=95 queue_depth=1 enqueue_lock_wait_us=0 enqueue_us=0 queue_wait_us=8 execute_us=2698 result_post_us=13 total_us=2719 status=0 [23989,24003][hixl_instance.cpp:107,Run]
[2026-08-24 21:01:19.070510][UC][I] [PERF] component=transport event=transfer_submitted manager=127.0.0.1:8000 target=127.0.0.1:4505 handle=20 transport_handle=20 opcode=1 direct=2 segments=108 bytes=7962624 submitted_ts_us=1787576479070505 manager_execute_async_ts_us=1787576479067751 backend_execute_async_ts_us=1787576479067765 manager_to_backend_execute_async_us=15 submit_us=2751 [23989,24003][transport_manager.cpp:674,ExecuteAsync]
[HIXL_QUERY_PERF] layer=comm_channel request=0x8 mutex_wait_us=0 check_us=1 lookup_us=0 flag_check_us=0 complete_us=0 total_us=1 transfer_status=0
[HIXL_QUERY_PERF] layer=adxl_inner request=0x8 context_us=1 req_lock_wait_us=0 lookup_us=1 channel_us=5 cleanup_us=0 total_us=7 status=0 transfer_status=0
[HIXL_QUERY_PERF] layer=comm_engine request=0x8 total_us=10 status=0 transfer_status=0
[2026-08-24 21:01:19.070628][UC][I] [HIXL_WORKER_PERF] task_id=112 queue_depth=1 enqueue_lock_wait_us=1 enqueue_us=0 queue_wait_us=13 execute_us=14 result_post_us=11 total_us=39 status=0 [23989,24002][hixl_instance.cpp:107,Run]
[2026-08-24 21:01:19.070645][UC][I] [QUERY_PERF] component=ucm layer=hixl_instance request=0x8 queue_wait_us=16 backend_us=12 run_post_us=30 total_us=58 api_status=0 transfer_status=0 [23989,24002][hixl_instance.cpp:370,GetTransferStatus]
[2026-08-24 21:01:19.070653][UC][I] [QUERY_PERF] component=ucm layer=hixl_transport handle=20 request=0x8 lifecycle_lock_us=0 pending_lock_wait_us=1 pending_lookup_us=0 instance_us=67 erase_us=0 total_us=68 transfer_status=0 [23989,24002][hixl_transport.cpp:734,GetStatus]
[2026-08-24 21:01:19.070664][UC][I] [QUERY_PERF] component=ucm layer=transport_manager handle=20 transport_handle=20 transfers_lock_wait_us=0 lookup_us=1 transport_us=79 total_us=80 api_status=0 transfer_status=0 [23989,24002][transport_manager.cpp:716,GetStatus]
[HIXL_PERF] event=hccl_batch op=1 desc_num=108 hccl_us=105 status=0
[HIXL_PERF] event=issue_hccl_batch op=1 list_num=108 total_us=114
[HIXL_PERF] event=issue_async_host_flag op=1 list_num=108 context_us=1 hccl_issue_us=116 flag_memcpy_us=5 total_us=122
[HIXL_PERF] event=comm_channel_async op=1 list_num=108 mutex_wait_us=0 slot_us=1 host_flag_us=5 record_us=0 issue_us=124 total_us=130
[HIXL_PERF] event=adxl_inner_async op=1 list_num=108 context_us=1 connect_us=0 get_channel_us=0 channel_async_us=132 tail_us=1 total_us=134
[HIXL_PERF] event=comm_engine_async op=1 list_num=108 desc_build_us=1 inner_us=136 total_us=137 status=0
[HIXL_QUERY_PERF] layer=comm_channel request=0x8 mutex_wait_us=0 check_us=0 lookup_us=1 flag_check_us=0 complete_us=0 total_us=1 transfer_status=0
[HIXL_QUERY_PERF] layer=adxl_inner request=0x8 context_us=1 req_lock_wait_us=0 lookup_us=0 channel_us=3 cleanup_us=0 total_us=4 status=0 transfer_status=0
[2026-08-24 21:01:19.070801][UC][I] [HIXL_WORKER_PERF] task_id=113 queue_depth=1 enqueue_lock_wait_us=1 enqueue_us=0 queue_wait_us=6 execute_us=145 result_post_us=6 total_us=158 status=0 [23989,24003][hixl_instance.cpp:107,Run]
[HIXL_QUERY_PERF] layer=comm_engine request=0x8 total_us=7 status=0 transfer_status=0
[2026-08-24 21:01:19.070814][UC][I] [PERF] component=transport event=transfer_submitted manager=127.0.0.1:8000 target=127.0.0.1:4505 handle=21 transport_handle=21 opcode=1 direct=2 segments=108 bytes=7962624 submitted_ts_us=1787576479070812 manager_execute_async_ts_us=1787576479070634 backend_execute_async_ts_us=1787576479070650 manager_to_backend_execute_async_us=16 submit_us=175 [23989,24003][transport_manager.cpp:674,ExecuteAsync]
[2026-08-24 21:01:19.070823][UC][I] [HIXL_WORKER_PERF] task_id=114 queue_depth=1 enqueue_lock_wait_us=1 enqueue_us=0 queue_wait_us=127 execute_us=12 result_post_us=12 total_us=152 status=0 [23989,24002][hixl_instance.cpp:107,Run]
[2026-08-24 21:01:19.070840][UC][I] [QUERY_PERF] component=ucm layer=hixl_instance request=0x8 queue_wait_us=128 backend_us=12 run_post_us=28 total_us=168 api_status=0 transfer_status=0 [23989,24002][hixl_instance.cpp:370,GetTransferStatus]
[2026-08-24 21:01:19.070847][UC][I] [QUERY_PERF] component=ucm layer=hixl_transport handle=20 request=0x8 lifecycle_lock_us=0 pending_lock_wait_us=0 pending_lookup_us=1 instance_us=177 erase_us=0 total_us=178 transfer_status=0 [23989,24002][hixl_transport.cpp:734,GetStatus]
[2026-08-24 21:01:19.070856][UC][I] [QUERY_PERF] component=ucm layer=transport_manager handle=20 transport_handle=20 transfers_lock_wait_us=0 lookup_us=0 transport_us=186 total_us=186 api_status=0 transfer_status=0 [23989,24002][transport_manager.cpp:716,GetStatus]
[HIXL_QUERY_PERF] layer=comm_channel request=0x8 mutex_wait_us=1 check_us=0 lookup_us=0 flag_check_us=0 complete_us=0 total_us=1 transfer_status=0
[HIXL_QUERY_PERF] layer=adxl_inner request=0x8 context_us=1 req_lock_wait_us=0 lookup_us=0 channel_us=8 cleanup_us=0 total_us=9 status=0 transfer_status=0
[HIXL_QUERY_PERF] layer=comm_engine request=0x8 total_us=11 status=0 transfer_status=0
[2026-08-24 21:01:19.070905][UC][I] [HIXL_WORKER_PERF] task_id=116 queue_depth=1 enqueue_lock_wait_us=1 enqueue_us=0 queue_wait_us=12 execute_us=14 result_post_us=11 total_us=38 status=0 [23989,24002][hixl_instance.cpp:107,Run]
[2026-08-24 21:01:19.070918][UC][I] [QUERY_PERF] component=ucm layer=hixl_instance request=0x8 queue_wait_us=15 backend_us=13 run_post_us=25 total_us=53 api_status=0 transfer_status=0 [23989,24002][hixl_instance.cpp:370,GetTransferStatus]
[2026-08-24 21:01:19.070927][UC][I] [QUERY_PERF] component=ucm layer=hixl_transport handle=20 request=0x8 lifecycle_lock_us=0 pending_lock_wait_us=1 pending_lookup_us=0 instance_us=61 erase_us=0 total_us=62 transfer_status=0 [23989,24002][hixl_transport.cpp:734,GetStatus]
[2026-08-24 21:01:19.070932][UC][I] [QUERY_PERF] component=ucm layer=transport_manager handle=20 transport_handle=20 transfers_lock_wait_us=0 lookup_us=1 transport_us=68 total_us=69 api_status=0 transfer_status=0 [23989,24002][transport_manager.cpp:716,GetStatus]
[HIXL_QUERY_PERF] layer=comm_channel request=0x9 mutex_wait_us=0 check_us=1 lookup_us=0 flag_check_us=0 complete_us=0 total_us=1 transfer_status=0
[HIXL_QUERY_PERF] layer=adxl_inner request=0x9 context_us=1 req_lock_wait_us=0 lookup_us=0 channel_us=7 cleanup_us=0 total_us=8 status=0 transfer_status=0
[HIXL_QUERY_PERF] layer=comm_engine request=0x9 total_us=11 status=0 transfer_status=0
[2026-08-24 21:01:19.070973][UC][I] [HIXL_WORKER_PERF] task_id=117 queue_depth=1 enqueue_lock_wait_us=0 enqueue_us=1 queue_wait_us=10 execute_us=14 result_post_us=10 total_us=35 status=0 [23989,24002][hixl_instance.cpp:107,Run]
[2026-08-24 21:01:19.070986][UC][I] [QUERY_PERF] component=ucm layer=hixl_instance request=0x9 queue_wait_us=12 backend_us=12 run_post_us=25 total_us=49 api_status=0 transfer_status=0 [23989,24002][hixl_instance.cpp:370,GetTransferStatus]
[2026-08-24 21:01:19.070991][UC][I] [QUERY_PERF] component=ucm layer=hixl_transport handle=21 request=0x9 lifecycle_lock_us=1 pending_lock_wait_us=0 pending_lookup_us=0 instance_us=54 erase_us=0 total_us=55 transfer_status=0 [23989,24002][hixl_transport.cpp:734,GetStatus]
[2026-08-24 21:01:19.070998][UC][I] [QUERY_PERF] component=ucm layer=transport_manager handle=21 transport_handle=21 transfers_lock_wait_us=0 lookup_us=0 transport_us=62 total_us=62 api_status=0 transfer_status=0 [23989,24002][transport_manager.cpp:716,GetStatus]
[HIXL_QUERY_PERF] layer=comm_channel request=0x8 mutex_wait_us=0 check_us=0 lookup_us=0 flag_check_us=0 complete_us=0 total_us=0 transfer_status=0
[HIXL_QUERY_PERF] layer=adxl_inner request=0x8 context_us=0 req_lock_wait_us=0 lookup_us=1 channel_us=5 cleanup_us=0 total_us=6 status=0 transfer_status=0
[HIXL_QUERY_PERF] layer=comm_engine request=0x8 total_us=10 status=0 transfer_status=0
[2026-08-24 21:01:19.071038][UC][I] [HIXL_WORKER_PERF] task_id=118 queue_depth=1 enqueue_lock_wait_us=1 enqueue_us=0 queue_wait_us=11 execute_us=11 result_post_us=11 total_us=34 status=0 [23989,24002][hixl_instance.cpp:107,Run]
[2026-08-24 21:01:19.071060][UC][I] [QUERY_PERF] component=ucm layer=hixl_instance request=0x8 queue_wait_us=12 backend_us=11 run_post_us=32 total_us=55 api_status=0 transfer_status=0 [23989,24002][hixl_instance.cpp:370,GetTransferStatus]
[2026-08-24 21:01:19.071069][UC][I] [QUERY_PERF] component=ucm layer=hixl_transport handle=20 request=0x8 lifecycle_lock_us=0 pending_lock_wait_us=0 pending_lookup_us=0 instance_us=65 erase_us=0 total_us=65 transfer_status=0 [23989,24002][hixl_transport.cpp:734,GetStatus]
[2026-08-24 21:01:19.071076][UC][I] [QUERY_PERF] component=ucm layer=transport_manager handle=20 transport_handle=20 transfers_lock_wait_us=0 lookup_us=0 transport_us=72 total_us=72 api_status=0 transfer_status=0 [23989,24002][transport_manager.cpp:716,GetStatus]
[HIXL_QUERY_PERF] layer=comm_channel request=0x9 mutex_wait_us=0 check_us=0 lookup_us=0 flag_check_us=0 complete_us=0 total_us=0 transfer_status=0
[HIXL_QUERY_PERF] layer=adxl_inner request=0x9 context_us=1 req_lock_wait_us=0 lookup_us=0 channel_us=8 cleanup_us=0 total_us=9 status=0 transfer_status=0
[HIXL_QUERY_PERF] layer=comm_engine request=0x9 total_us=12 status=0 transfer_status=0
[2026-08-24 21:01:19.071118][UC][I] [HIXL_WORKER_PERF] task_id=119 queue_depth=1 enqueue_lock_wait_us=0 enqueue_us=1 queue_wait_us=10 execute_us=15 result_post_us=11 total_us=37 status=0 [23989,24002][hixl_instance.cpp:107,Run]
[2026-08-24 21:01:19.071132][UC][I] [QUERY_PERF] component=ucm layer=hixl_instance request=0x9 queue_wait_us=12 backend_us=15 run_post_us=24 total_us=51 api_status=0 transfer_status=0 [23989,24002][hixl_instance.cpp:370,GetTransferStatus]
[2026-08-24 21:01:19.071136][UC][I] [QUERY_PERF] component=ucm layer=hixl_transport handle=21 request=0x9 lifecycle_lock_us=0 pending_lock_wait_us=0 pending_lookup_us=0 instance_us=55 erase_us=0 total_us=55 transfer_status=0 [23989,24002][hixl_transport.cpp:734,GetStatus]
[2026-08-24 21:01:19.071142][UC][I] [QUERY_PERF] component=ucm layer=transport_manager handle=21 transport_handle=21 transfers_lock_wait_us=0 lookup_us=0 transport_us=61 total_us=61 api_status=0 transfer_status=0 [23989,24002][transport_manager.cpp:716,GetStatus]
[HIXL_QUERY_PERF] layer=comm_channel request=0x8 mutex_wait_us=0 check_us=0 lookup_us=0 flag_check_us=0 complete_us=0 total_us=0 transfer_status=0
[HIXL_QUERY_PERF] layer=adxl_inner request=0x8 context_us=0 req_lock_wait_us=0 lookup_us=1 channel_us=7 cleanup_us=0 total_us=8 status=0 transfer_status=0
[HIXL_QUERY_PERF] layer=comm_engine request=0x8 total_us=11 status=0 transfer_status=0
[2026-08-24 21:01:19.071185][UC][I] [HIXL_WORKER_PERF] task_id=120 queue_depth=1 enqueue_lock_wait_us=0 enqueue_us=1 queue_wait_us=11 execute_us=14 result_post_us=10 total_us=36 status=0 [23989,24002][hixl_instance.cpp:107,Run]
[2026-08-24 21:01:19.071196][UC][I] [QUERY_PERF] component=ucm layer=hixl_instance request=0x8 queue_wait_us=13 backend_us=14 run_post_us=21 total_us=48 api_status=0 transfer_status=0 [23989,24002][hixl_instance.cpp:370,GetTransferStatus]
[2026-08-24 21:01:19.071201][UC][I] [QUERY_PERF] component=ucm layer=hixl_transport handle=20 request=0x8 lifecycle_lock_us=0 pending_lock_wait_us=0 pending_lookup_us=0 instance_us=54 erase_us=0 total_us=54 transfer_status=0 [23989,24002][hixl_transport.cpp:734,GetStatus]
[2026-08-24 21:01:19.071205][UC][I] [QUERY_PERF] component=ucm layer=transport_manager handle=20 transport_handle=20 transfers_lock_wait_us=0 lookup_us=0 transport_us=57 total_us=57 api_status=0 transfer_status=0 [23989,24002][transport_manager.cpp:716,GetStatus]
[HIXL_QUERY_PERF] layer=comm_channel request=0x9 mutex_wait_us=0 check_us=0 lookup_us=0 flag_check_us=0 complete_us=0 total_us=0 transfer_status=0
[HIXL_QUERY_PERF] layer=adxl_inner request=0x9 context_us=1 req_lock_wait_us=0 lookup_us=0 channel_us=7 cleanup_us=0 total_us=8 status=0 transfer_status=0
[HIXL_QUERY_PERF] layer=comm_engine request=0x9 total_us=10 status=0 transfer_status=0
[2026-08-24 21:01:19.071245][UC][I] [HIXL_WORKER_PERF] task_id=121 queue_depth=1 enqueue_lock_wait_us=1 enqueue_us=0 queue_wait_us=11 execute_us=13 result_post_us=10 total_us=35 status=0 [23989,24002][hixl_instance.cpp:107,Run]
[2026-08-24 21:01:19.071258][UC][I] [QUERY_PERF] component=ucm layer=hixl_instance request=0x9 queue_wait_us=13 backend_us=11 run_post_us=24 total_us=48 api_status=0 transfer_status=0 [23989,24002][hixl_instance.cpp:370,GetTransferStatus]
[2026-08-24 21:01:19.071265][UC][I] [QUERY_PERF] component=ucm layer=hixl_transport handle=21 request=0x9 lifecycle_lock_us=0 pending_lock_wait_us=0 pending_lookup_us=0 instance_us=56 erase_us=0 total_us=56 transfer_status=0 [23989,24002][hixl_transport.cpp:734,GetStatus]
[2026-08-24 21:01:19.071270][UC][I] [QUERY_PERF] component=ucm layer=transport_manager handle=21 transport_handle=21 transfers_lock_wait_us=0 lookup_us=0 transport_us=61 total_us=61 api_status=0 transfer_status=0 [23989,24002][transport_manager.cpp:716,GetStatus]
[HIXL_QUERY_PERF] layer=comm_channel request=0x8 mutex_wait_us=0 check_us=0 lookup_us=0 flag_check_us=0 complete_us=0 total_us=0 transfer_status=0
[HIXL_QUERY_PERF] layer=adxl_inner request=0x8 context_us=1 req_lock_wait_us=0 lookup_us=0 channel_us=7 cleanup_us=0 total_us=8 status=0 transfer_status=0
[HIXL_QUERY_PERF] layer=comm_engine request=0x8 total_us=10 status=0 transfer_status=0
[2026-08-24 21:01:19.071310][UC][I] [HIXL_WORKER_PERF] task_id=122 queue_depth=1 enqueue_lock_wait_us=0 enqueue_us=1 queue_wait_us=10 execute_us=13 result_post_us=10 total_us=34 status=0 [23989,24002][hixl_instance.cpp:107,Run]
[2026-08-24 21:01:19.071328][UC][I] [QUERY_PERF] component=ucm layer=hixl_instance request=0x8 queue_wait_us=12 backend_us=11 run_post_us=29 total_us=52 api_status=0 transfer_status=0 [23989,24002][hixl_instance.cpp:370,GetTransferStatus]
[2026-08-24 21:01:19.071333][UC][I] [QUERY_PERF] component=ucm layer=hixl_transport handle=20 request=0x8 lifecycle_lock_us=0 pending_lock_wait_us=0 pending_lookup_us=1 instance_us=57 erase_us=0 total_us=58 transfer_status=0 [23989,24002][hixl_transport.cpp:734,GetStatus]
[2026-08-24 21:01:19.071340][UC][I] [QUERY_PERF] component=ucm layer=transport_manager handle=20 transport_handle=20 transfers_lock_wait_us=0 lookup_us=0 transport_us=66 total_us=66 api_status=0 transfer_status=0 [23989,24002][transport_manager.cpp:716,GetStatus]
[HIXL_QUERY_PERF] layer=comm_channel request=0x9 mutex_wait_us=0 check_us=0 lookup_us=0 flag_check_us=0 complete_us=0 total_us=0 transfer_status=0
[HIXL_QUERY_PERF] layer=adxl_inner request=0x9 context_us=0 req_lock_wait_us=1 lookup_us=0 channel_us=7 cleanup_us=0 total_us=8 status=0 transfer_status=0
[HIXL_QUERY_PERF] layer=comm_engine request=0x9 total_us=10 status=0 transfer_status=0
[2026-08-24 21:01:19.071382][UC][I] [HIXL_WORKER_PERF] task_id=123 queue_depth=1 enqueue_lock_wait_us=1 enqueue_us=0 queue_wait_us=11 execute_us=13 result_post_us=10 total_us=35 status=0 [23989,24002][hixl_instance.cpp:107,Run]
[2026-08-24 21:01:19.071393][UC][I] [QUERY_PERF] component=ucm layer=hixl_instance request=0x9 queue_wait_us=12 backend_us=13 run_post_us=21 total_us=46 api_status=0 transfer_status=0 [23989,24002][hixl_instance.cpp:370,GetTransferStatus]
[2026-08-24 21:01:19.071399][UC][I] [QUERY_PERF] component=ucm layer=hixl_transport handle=21 request=0x9 lifecycle_lock_us=0 pending_lock_wait_us=0 pending_lookup_us=0 instance_us=52 erase_us=0 total_us=52 transfer_status=0 [23989,24002][hixl_transport.cpp:734,GetStatus]
[2026-08-24 21:01:19.071406][UC][I] [QUERY_PERF] component=ucm layer=transport_manager handle=21 transport_handle=21 transfers_lock_wait_us=0 lookup_us=0 transport_us=60 total_us=60 api_status=0 transfer_status=0 [23989,24002][transport_manager.cpp:716,GetStatus]
[HIXL_QUERY_PERF] layer=comm_channel request=0x8 mutex_wait_us=0 check_us=0 lookup_us=0 flag_check_us=0 complete_us=0 total_us=0 transfer_status=0
[HIXL_QUERY_PERF] layer=adxl_inner request=0x8 context_us=0 req_lock_wait_us=0 lookup_us=1 channel_us=6 cleanup_us=0 total_us=7 status=0 transfer_status=0
[HIXL_QUERY_PERF] layer=comm_engine request=0x8 total_us=10 status=0 transfer_status=0
[2026-08-24 21:01:19.071448][UC][I] [HIXL_WORKER_PERF] task_id=124 queue_depth=1 enqueue_lock_wait_us=1 enqueue_us=0 queue_wait_us=11 execute_us=13 result_post_us=10 total_us=35 status=0 [23989,24002][hixl_instance.cpp:107,Run]
[2026-08-24 21:01:19.071462][UC][I] [QUERY_PERF] component=ucm layer=hixl_instance request=0x8 queue_wait_us=12 backend_us=13 run_post_us=25 total_us=50 api_status=0 transfer_status=0 [23989,24002][hixl_instance.cpp:370,GetTransferStatus]
[2026-08-24 21:01:19.071469][UC][I] [QUERY_PERF] component=ucm layer=hixl_transport handle=20 request=0x8 lifecycle_lock_us=0 pending_lock_wait_us=0 pending_lookup_us=0 instance_us=56 erase_us=0 total_us=56 transfer_status=0 [23989,24002][hixl_transport.cpp:734,GetStatus]
[2026-08-24 21:01:19.071474][UC][I] [QUERY_PERF] component=ucm layer=transport_manager handle=20 transport_handle=20 transfers_lock_wait_us=0 lookup_us=0 transport_us=62 total_us=62 api_status=0 transfer_status=0 [23989,24002][transport_manager.cpp:716,GetStatus]
[HIXL_QUERY_PERF] layer=comm_channel request=0x9 mutex_wait_us=0 check_us=0 lookup_us=1 flag_check_us=0 complete_us=0 total_us=1 transfer_status=0
[HIXL_QUERY_PERF] layer=adxl_inner request=0x9 context_us=1 req_lock_wait_us=0 lookup_us=0 channel_us=9 cleanup_us=0 total_us=10 status=0 transfer_status=0
[HIXL_QUERY_PERF] layer=comm_engine request=0x9 total_us=12 status=0 transfer_status=0
[2026-08-24 21:01:19.071517][UC][I] [HIXL_WORKER_PERF] task_id=125 queue_depth=1 enqueue_lock_wait_us=0 enqueue_us=1 queue_wait_us=10 execute_us=15 result_post_us=10 total_us=36 status=0 [23989,24002][hixl_instance.cpp:107,Run]
[2026-08-24 21:01:19.071529][UC][I] [QUERY_PERF] component=ucm layer=hixl_instance request=0x9 queue_wait_us=12 backend_us=14 run_post_us=22 total_us=48 api_status=0 transfer_status=0 [23989,24002][hixl_instance.cpp:370,GetTransferStatus]
[2026-08-24 21:01:19.071535][UC][I] [QUERY_PERF] component=ucm layer=hixl_transport handle=21 request=0x9 lifecycle_lock_us=0 pending_lock_wait_us=0 pending_lookup_us=0 instance_us=55 erase_us=0 total_us=55 transfer_status=0 [23989,24002][hixl_transport.cpp:734,GetStatus]
[2026-08-24 21:01:19.071539][UC][I] [QUERY_PERF] component=ucm layer=transport_manager handle=21 transport_handle=21 transfers_lock_wait_us=0 lookup_us=0 transport_us=60 total_us=60 api_status=0 transfer_status=0 [23989,24002][transport_manager.cpp:716,GetStatus]
[HIXL_QUERY_PERF] layer=comm_channel request=0x8 mutex_wait_us=0 check_us=0 lookup_us=0 flag_check_us=0 complete_us=0 total_us=0 transfer_status=0
[HIXL_QUERY_PERF] layer=adxl_inner request=0x8 context_us=0 req_lock_wait_us=1 lookup_us=0 channel_us=6 cleanup_us=1 total_us=8 status=0 transfer_status=0
[HIXL_QUERY_PERF] layer=comm_engine request=0x8 total_us=10 status=0 transfer_status=0
[2026-08-24 21:01:19.071580][UC][I] [HIXL_WORKER_PERF] task_id=126 queue_depth=1 enqueue_lock_wait_us=0 enqueue_us=1 queue_wait_us=10 execute_us=13 result_post_us=10 total_us=34 status=0 [23989,24002][hixl_instance.cpp:107,Run]
[2026-08-24 21:01:19.071593][UC][I] [QUERY_PERF] component=ucm layer=hixl_instance request=0x8 queue_wait_us=12 backend_us=12 run_post_us=24 total_us=48 api_status=0 transfer_status=0 [23989,24002][hixl_instance.cpp:370,GetTransferStatus]
[2026-08-24 21:01:19.071602][UC][I] [QUERY_PERF] component=ucm layer=hixl_transport handle=20 request=0x8 lifecycle_lock_us=0 pending_lock_wait_us=0 pending_lookup_us=0 instance_us=57 erase_us=0 total_us=57 transfer_status=0 [23989,24002][hixl_transport.cpp:734,GetStatus]
[2026-08-24 21:01:19.071606][UC][I] [QUERY_PERF] component=ucm layer=transport_manager handle=20 transport_handle=20 transfers_lock_wait_us=0 lookup_us=0 transport_us=62 total_us=62 api_status=0 transfer_status=0 [23989,24002][transport_manager.cpp:716,GetStatus]
[HIXL_QUERY_PERF] layer=comm_channel request=0x9 mutex_wait_us=0 check_us=0 lookup_us=0 flag_check_us=0 complete_us=0 total_us=0 transfer_status=0
[HIXL_QUERY_PERF] layer=adxl_inner request=0x9 context_us=0 req_lock_wait_us=1 lookup_us=0 channel_us=7 cleanup_us=0 total_us=8 status=0 transfer_status=0
[HIXL_QUERY_PERF] layer=comm_engine request=0x9 total_us=10 status=0 transfer_status=0
[2026-08-24 21:01:19.071650][UC][I] [HIXL_WORKER_PERF] task_id=127 queue_depth=1 enqueue_lock_wait_us=0 enqueue_us=1 queue_wait_us=11 execute_us=13 result_post_us=10 total_us=35 status=0 [23989,24002][hixl_instance.cpp:107,Run]
[2026-08-24 21:01:19.071665][UC][I] [QUERY_PERF] component=ucm layer=hixl_instance request=0x9 queue_wait_us=12 backend_us=13 run_post_us=25 total_us=50 api_status=0 transfer_status=0 [23989,24002][hixl_instance.cpp:370,GetTransferStatus]
[2026-08-24 21:01:19.071669][UC][I] [QUERY_PERF] component=ucm layer=hixl_transport handle=21 request=0x9 lifecycle_lock_us=1 pending_lock_wait_us=0 pending_lookup_us=0 instance_us=55 erase_us=0 total_us=56 transfer_status=0 [23989,24002][hixl_transport.cpp:734,GetStatus]
[2026-08-24 21:01:19.071675][UC][I] [QUERY_PERF] component=ucm layer=transport_manager handle=21 transport_handle=21 transfers_lock_wait_us=0 lookup_us=0 transport_us=62 total_us=62 api_status=0 transfer_status=0 [23989,24002][transport_manager.cpp:716,GetStatus]
[HIXL_QUERY_PERF] layer=comm_channel request=0x8 mutex_wait_us=1 check_us=0 lookup_us=0 flag_check_us=0 complete_us=0 total_us=1 transfer_status=0
[HIXL_QUERY_PERF] layer=adxl_inner request=0x8 context_us=0 req_lock_wait_us=0 lookup_us=0 channel_us=7 cleanup_us=0 total_us=7 status=0 transfer_status=0
[HIXL_QUERY_PERF] layer=comm_engine request=0x8 total_us=11 status=0 transfer_status=0
[2026-08-24 21:01:19.071714][UC][I] [HIXL_WORKER_PERF] task_id=128 queue_depth=1 enqueue_lock_wait_us=1 enqueue_us=0 queue_wait_us=11 execute_us=13 result_post_us=10 total_us=35 status=0 [23989,24002][hixl_instance.cpp:107,Run]
[2026-08-24 21:01:19.071728][UC][I] [QUERY_PERF] component=ucm layer=hixl_instance request=0x8 queue_wait_us=12 backend_us=12 run_post_us=25 total_us=49 api_status=0 transfer_status=0 [23989,24002][hixl_instance.cpp:370,GetTransferStatus]
[2026-08-24 21:01:19.071734][UC][I] [QUERY_PERF] component=ucm layer=hixl_transport handle=20 request=0x8 lifecycle_lock_us=0 pending_lock_wait_us=0 pending_lookup_us=0 instance_us=54 erase_us=0 total_us=54 transfer_status=0 [23989,24002][hixl_transport.cpp:734,GetStatus]
[2026-08-24 21:01:19.071739][UC][I] [QUERY_PERF] component=ucm layer=transport_manager handle=20 transport_handle=20 transfers_lock_wait_us=0 lookup_us=0 transport_us=59 total_us=59 api_status=0 transfer_status=0 [23989,24002][transport_manager.cpp:716,GetStatus]
[HIXL_QUERY_PERF] layer=comm_channel request=0x9 mutex_wait_us=0 check_us=0 lookup_us=0 flag_check_us=0 complete_us=0 total_us=0 transfer_status=0
[HIXL_QUERY_PERF] layer=adxl_inner request=0x9 context_us=0 req_lock_wait_us=0 lookup_us=1 channel_us=6 cleanup_us=0 total_us=7 status=0 transfer_status=0
[HIXL_QUERY_PERF] layer=comm_engine request=0x9 total_us=9 status=0 transfer_status=0
[2026-08-24 21:01:19.071776][UC][I] [HIXL_WORKER_PERF] task_id=129 queue_depth=1 enqueue_lock_wait_us=0 enqueue_us=1 queue_wait_us=10 execute_us=12 result_post_us=10 total_us=33 status=0 [23989,24002][hixl_instance.cpp:107,Run]
[2026-08-24 21:01:19.071791][UC][I] [QUERY_PERF] component=ucm layer=hixl_instance request=0x9 queue_wait_us=11 backend_us=12 run_post_us=24 total_us=47 api_status=0 transfer_status=0 [23989,24002][hixl_instance.cpp:370,GetTransferStatus]
[2026-08-24 21:01:19.071795][UC][I] [QUERY_PERF] component=ucm layer=hixl_transport handle=21 request=0x9 lifecycle_lock_us=0 pending_lock_wait_us=0 pending_lookup_us=0 instance_us=52 erase_us=0 total_us=52 transfer_status=0 [23989,24002][hixl_transport.cpp:734,GetStatus]
[2026-08-24 21:01:19.071801][UC][I] [QUERY_PERF] component=ucm layer=transport_manager handle=21 transport_handle=21 transfers_lock_wait_us=0 lookup_us=0 transport_us=58 total_us=58 api_status=0 transfer_status=0 [23989,24002][transport_manager.cpp:716,GetStatus]
[HIXL_QUERY_PERF] layer=comm_channel request=0x8 mutex_wait_us=0 check_us=0 lookup_us=0 flag_check_us=1 complete_us=3 total_us=4 transfer_status=1
[HIXL_QUERY_PERF] layer=adxl_inner request=0x8 context_us=1 req_lock_wait_us=0 lookup_us=0 channel_us=11 cleanup_us=1 total_us=13 status=0 transfer_status=1
[HIXL_QUERY_PERF] layer=comm_engine request=0x8 total_us=16 status=0 transfer_status=1
[2026-08-24 21:01:19.071846][UC][I] [HIXL_WORKER_PERF] task_id=130 queue_depth=1 enqueue_lock_wait_us=1 enqueue_us=0 queue_wait_us=10 execute_us=18 result_post_us=11 total_us=40 status=0 [23989,24002][hixl_instance.cpp:107,Run]
[2026-08-24 21:01:19.071877][UC][I] [QUERY_PERF] component=ucm layer=hixl_instance request=0x8 queue_wait_us=12 backend_us=17 run_post_us=43 total_us=72 api_status=0 transfer_status=1 [23989,24002][hixl_instance.cpp:370,GetTransferStatus]
[2026-08-24 21:01:19.071905][UC][I] [QUERY_PERF] component=ucm layer=hixl_transport handle=20 request=0x8 lifecycle_lock_us=0 pending_lock_wait_us=0 pending_lookup_us=0 instance_us=98 erase_us=1 total_us=99 transfer_status=1 [23989,24002][hixl_transport.cpp:734,GetStatus]
[2026-08-24 21:01:19.071910][UC][I] [QUERY_PERF] component=ucm layer=transport_manager handle=20 transport_handle=20 transfers_lock_wait_us=0 lookup_us=0 transport_us=105 total_us=105 api_status=0 transfer_status=1 [23989,24002][transport_manager.cpp:716,GetStatus]
[2026-08-24 21:01:19.071915][UC][I] [PERF] component=transport event=transfer_done manager=127.0.0.1:8000 target=127.0.0.1:4505 handle=20 transport_handle=20 opcode=1 direct=2 segments=108 bytes=7962624 status=1 api_status=0 submitted_ts_us=1787576479070505 completed_ts_us=1787576479071914 manager_get_status_ts_us=1787576479071805 backend_query_ts_us=1787576479071817 submit_us=2751 transfer_us=1409 manager_to_backend_query_us=12 total_us=4160 [23989,24002][transport_manager.cpp:727,GetStatus]
[HIXL_PERF] event=hccl_batch op=1 desc_num=1 hccl_us=67 status=0
[HIXL_PERF] event=issue_hccl_batch op=1 list_num=1 total_us=76
[HIXL_PERF] event=issue_async_host_flag op=1 list_num=1 context_us=0 hccl_issue_us=78 flag_memcpy_us=5 total_us=83
[HIXL_PERF] event=comm_channel_async op=1 list_num=1 mutex_wait_us=0 slot_us=0 host_flag_us=0 record_us=1 issue_us=86 total_us=87
[HIXL_PERF] event=adxl_inner_async op=1 list_num=1 context_us=0 connect_us=0 get_channel_us=1 channel_async_us=89 tail_us=0 total_us=90
[HIXL_PERF] event=comm_engine_async op=1 list_num=1 desc_build_us=0 inner_us=93 total_us=93 status=0
[2026-08-24 21:01:19.072119][UC][I] [HIXL_WORKER_PERF] task_id=131 queue_depth=1 enqueue_lock_wait_us=1 enqueue_us=0 queue_wait_us=13 execute_us=99 result_post_us=13 total_us=126 status=0 [23989,24002][hixl_instance.cpp:107,Run]
[2026-08-24 21:01:19.072134][UC][I] [PERF] component=transport event=transfer_submitted manager=127.0.0.1:8000 target=127.0.0.1:4505 handle=22 transport_handle=22 opcode=1 direct=2 segments=1 bytes=63 submitted_ts_us=1787576479072133 manager_execute_async_ts_us=1787576479071989 backend_execute_async_ts_us=1787576479072006 manager_to_backend_execute_async_us=17 submit_us=143 [23989,24002][transport_manager.cpp:674,ExecuteAsync]
[HIXL_QUERY_PERF] layer=comm_channel request=0x9 mutex_wait_us=0 check_us=0 lookup_us=0 flag_check_us=0 complete_us=0 total_us=0 transfer_status=0
[HIXL_QUERY_PERF] layer=adxl_inner request=0x9 context_us=1 req_lock_wait_us=0 lookup_us=1 channel_us=7 cleanup_us=0 total_us=9 status=0 transfer_status=0
[HIXL_QUERY_PERF] layer=comm_engine request=0x9 total_us=12 status=0 transfer_status=0
[2026-08-24 21:01:19.072181][UC][I] [HIXL_WORKER_PERF] task_id=132 queue_depth=1 enqueue_lock_wait_us=0 enqueue_us=1 queue_wait_us=11 execute_us=15 result_post_us=10 total_us=37 status=0 [23989,24002][hixl_instance.cpp:107,Run]
[2026-08-24 21:01:19.072195][UC][I] [QUERY_PERF] component=ucm layer=hixl_instance request=0x9 queue_wait_us=14 backend_us=14 run_post_us=24 total_us=52 api_status=0 transfer_status=0 [23989,24002][hixl_instance.cpp:370,GetTransferStatus]
[2026-08-24 21:01:19.072203][UC][I] [QUERY_PERF] component=ucm layer=hixl_transport handle=21 request=0x9 lifecycle_lock_us=0 pending_lock_wait_us=0 pending_lookup_us=0 instance_us=61 erase_us=0 total_us=61 transfer_status=0 [23989,24002][hixl_transport.cpp:734,GetStatus]
[2026-08-24 21:01:19.072208][UC][I] [QUERY_PERF] component=ucm layer=transport_manager handle=21 transport_handle=21 transfers_lock_wait_us=0 lookup_us=0 transport_us=66 total_us=66 api_status=0 transfer_status=0 [23989,24002][transport_manager.cpp:716,GetStatus]
[HIXL_QUERY_PERF] layer=comm_channel request=0xa mutex_wait_us=0 check_us=0 lookup_us=0 flag_check_us=0 complete_us=0 total_us=0 transfer_status=0
[HIXL_QUERY_PERF] layer=adxl_inner request=0xa context_us=0 req_lock_wait_us=0 lookup_us=1 channel_us=10 cleanup_us=0 total_us=11 status=0 transfer_status=0
[HIXL_QUERY_PERF] layer=comm_engine request=0xa total_us=14 status=0 transfer_status=0
[2026-08-24 21:01:19.072255][UC][I] [HIXL_WORKER_PERF] task_id=133 queue_depth=1 enqueue_lock_wait_us=1 enqueue_us=1 queue_wait_us=11 execute_us=17 result_post_us=11 total_us=41 status=0 [23989,24002][hixl_instance.cpp:107,Run]
[2026-08-24 21:01:19.072269][UC][I] [QUERY_PERF] component=ucm layer=hixl_instance request=0xa queue_wait_us=13 backend_us=16 run_post_us=26 total_us=55 api_status=0 transfer_status=0 [23989,24002][hixl_instance.cpp:370,GetTransferStatus]
[2026-08-24 21:01:19.072273][UC][I] [QUERY_PERF] component=ucm layer=hixl_transport handle=22 request=0xa lifecycle_lock_us=0 pending_lock_wait_us=0 pending_lookup_us=0 instance_us=59 erase_us=0 total_us=59 transfer_status=0 [23989,24002][hixl_transport.cpp:734,GetStatus]
[2026-08-24 21:01:19.072280][UC][I] [QUERY_PERF] component=ucm layer=transport_manager handle=22 transport_handle=22 transfers_lock_wait_us=1 lookup_us=0 transport_us=67 total_us=68 api_status=0 transfer_status=0 [23989,24002][transport_manager.cpp:716,GetStatus]
[HIXL_QUERY_PERF] layer=comm_channel request=0x9 mutex_wait_us=1 check_us=0 lookup_us=0 flag_check_us=0 complete_us=1 total_us=2 transfer_status=1
[HIXL_QUERY_PERF] layer=adxl_inner request=0x9 context_us=1 req_lock_wait_us=0 lookup_us=0 channel_us=10 cleanup_us=0 total_us=11 status=0 transfer_status=1
[HIXL_QUERY_PERF] layer=comm_engine request=0x9 total_us=16 status=0 transfer_status=1
[2026-08-24 21:01:19.072329][UC][I] [HIXL_WORKER_PERF] task_id=134 queue_depth=1 enqueue_lock_wait_us=1 enqueue_us=0 queue_wait_us=11 execute_us=20 result_post_us=10 total_us=42 status=0 [23989,24002][hixl_instance.cpp:107,Run]
[2026-08-24 21:01:19.072340][UC][I] [QUERY_PERF] component=ucm layer=hixl_instance request=0x9 queue_wait_us=13 backend_us=18 run_post_us=22 total_us=53 api_status=0 transfer_status=1 [23989,24002][hixl_instance.cpp:370,GetTransferStatus]
[2026-08-24 21:01:19.072349][UC][I] [QUERY_PERF] component=ucm layer=hixl_transport handle=21 request=0x9 lifecycle_lock_us=0 pending_lock_wait_us=0 pending_lookup_us=0 instance_us=62 erase_us=0 total_us=62 transfer_status=1 [23989,24002][hixl_transport.cpp:734,GetStatus]
[2026-08-24 21:01:19.072358][UC][I] [QUERY_PERF] component=ucm layer=transport_manager handle=21 transport_handle=21 transfers_lock_wait_us=0 lookup_us=0 transport_us=72 total_us=72 api_status=0 transfer_status=1 [23989,24002][transport_manager.cpp:716,GetStatus]
[2026-08-24 21:01:19.072367][UC][I] [PERF] component=transport event=transfer_done manager=127.0.0.1:8000 target=127.0.0.1:4505 handle=21 transport_handle=21 opcode=1 direct=2 segments=108 bytes=7962624 status=1 api_status=0 submitted_ts_us=1787576479070812 completed_ts_us=1787576479072365 manager_get_status_ts_us=1787576479072285 backend_query_ts_us=1787576479072299 submit_us=175 transfer_us=1554 manager_to_backend_query_us=13 total_us=1729 [23989,24002][transport_manager.cpp:727,GetStatus]
[HIXL_PERF] event=hccl_batch op=1 desc_num=1 hccl_us=62 status=0
[HIXL_PERF] event=issue_hccl_batch op=1 list_num=1 total_us=70
[HIXL_PERF] event=issue_async_host_flag op=1 list_num=1 context_us=0 hccl_issue_us=71 flag_memcpy_us=5 total_us=76
[HIXL_PERF] event=comm_channel_async op=1 list_num=1 mutex_wait_us=0 slot_us=0 host_flag_us=0 record_us=1 issue_us=79 total_us=80
[HIXL_PERF] event=adxl_inner_async op=1 list_num=1 context_us=0 connect_us=0 get_channel_us=1 channel_async_us=81 tail_us=1 total_us=83
[HIXL_PERF] event=comm_engine_async op=1 list_num=1 desc_build_us=1 inner_us=85 total_us=86 status=0
[2026-08-24 21:01:19.072498][UC][I] [HIXL_WORKER_PERF] task_id=135 queue_depth=1 enqueue_lock_wait_us=1 enqueue_us=0 queue_wait_us=11 execute_us=91 result_post_us=12 total_us=115 status=0 [23989,24002][hixl_instance.cpp:107,Run]
[2026-08-24 21:01:19.072513][UC][I] [PERF] component=transport event=transfer_submitted manager=127.0.0.1:8000 target=127.0.0.1:4505 handle=23 transport_handle=23 opcode=1 direct=2 segments=1 bytes=63 submitted_ts_us=1787576479072512 manager_execute_async_ts_us=1787576479072381 backend_execute_async_ts_us=1787576479072395 manager_to_backend_execute_async_us=14 submit_us=131 [23989,24002][transport_manager.cpp:674,ExecuteAsync]
[HIXL_QUERY_PERF] layer=comm_channel request=0xa mutex_wait_us=0 check_us=0 lookup_us=0 flag_check_us=0 complete_us=1 total_us=1 transfer_status=1
[HIXL_QUERY_PERF] layer=adxl_inner request=0xa context_us=1 req_lock_wait_us=0 lookup_us=0 channel_us=8 cleanup_us=0 total_us=9 status=0 transfer_status=1
[HIXL_QUERY_PERF] layer=comm_engine request=0xa total_us=12 status=0 transfer_status=1
[HIXL_PERF] event=hccl_batch op=1 desc_num=108 hccl_us=180 status=0
[2026-08-24 21:01:19.072561][UC][I] [HIXL_WORKER_PERF] task_id=136 queue_depth=1 enqueue_lock_wait_us=0 enqueue_us=1 queue_wait_us=11 execute_us=15 result_post_us=11 total_us=38 status=0 [23989,24002][hixl_instance.cpp:107,Run]
[HIXL_PERF] event=issue_hccl_batch op=1 list_num=108 total_us=205
[2026-08-24 21:01:19.072579][UC][I] [QUERY_PERF] component=ucm layer=hixl_instance request=0xa queue_wait_us=12 backend_us=15 run_post_us=29 total_us=56 api_status=0 transfer_status=1 [23989,24002][hixl_instance.cpp:370,GetTransferStatus]
[HIXL_PERF] event=issue_async_host_flag op=1 list_num=108 context_us=0 hccl_issue_us=223 flag_memcpy_us=7 total_us=230
[2026-08-24 21:01:19.072593][UC][I] [QUERY_PERF] component=ucm layer=hixl_transport handle=22 request=0xa lifecycle_lock_us=0 pending_lock_wait_us=0 pending_lookup_us=0 instance_us=70 erase_us=0 total_us=70 transfer_status=1 [23989,24002][hixl_transport.cpp:734,GetStatus]
[HIXL_PERF] event=comm_channel_async op=1 list_num=108 mutex_wait_us=0 slot_us=1496 host_flag_us=6 record_us=1 issue_us=241 total_us=1744
[2026-08-24 21:01:19.072611][UC][I] [QUERY_PERF] component=ucm layer=transport_manager handle=22 transport_handle=22 transfers_lock_wait_us=0 lookup_us=0 transport_us=89 total_us=89 api_status=0 transfer_status=1 [23989,24002][transport_manager.cpp:716,GetStatus]
[HIXL_PERF] event=adxl_inner_async op=1 list_num=108 context_us=1 connect_us=0 get_channel_us=0 channel_async_us=1761 tail_us=1 total_us=1763
[2026-08-24 21:01:19.072629][UC][I] [PERF] component=transport event=transfer_done manager=127.0.0.1:8000 target=127.0.0.1:4505 handle=22 transport_handle=22 opcode=1 direct=2 segments=1 bytes=63 status=1 api_status=0 submitted_ts_us=1787576479072133 completed_ts_us=1787576479072628 manager_get_status_ts_us=1787576479072522 backend_query_ts_us=1787576479072536 submit_us=143 transfer_us=495 manager_to_backend_query_us=13 total_us=638 [23989,24002][transport_manager.cpp:727,GetStatus]
[HIXL_PERF] event=comm_engine_async op=1 list_num=108 desc_build_us=1 inner_us=1781 total_us=1782 status=0
[2026-08-24 21:01:19.072649][UC][I] [PERF] component=drampool event=request_done request_id=1 opcode=2 peer=127.0.0.1:4505 batch_size=108 data_bytes=7962624 failed_items=0 status=SUCCESS failed_stage=NONE received_ts_us=1787576479059545 worker_started_ts_us=1787576479067649 data_transfer_submitted_ts_us=1787576479070516 data_transfer_completed_ts_us=1787576479071922 response_submitted_ts_us=1787576479072141 completed_ts_us=1787576479072646 data_tm_execute_async_ts_us=1787576479067751 data_hixl_execute_async_ts_us=1787576479067765 data_tm_get_status_ts_us=1787576479071805 data_hixl_query_handle_ts_us=1787576479071817 response_tm_execute_async_ts_us=1787576479071989 response_hixl_execute_async_ts_us=1787576479072006 response_tm_get_status_ts_us=1787576479072522 response_hixl_query_handle_ts_us=1787576479072536 request_queue_us=8104 metadata_prepare_us=100 taskworker_prepare_us=2868 poller_queue_us=65 data_transfer_us=1406 metadata_settle_us=65 response_slot_wait_us=1 response_submit_us=153 response_transfer_us=505 data_tm_to_hixl_execute_async_us=15 data_tm_to_hixl_query_handle_us=12 response_tm_to_hixl_execute_async_us=17 response_tm_to_hixl_query_handle_us=13 total_us=13101 [23989,24002][completion_poller.cc:56,LogRequestDone]
[2026-08-24 21:01:19.072670][UC][I] [HIXL_WORKER_PERF] task_id=115 queue_depth=1 enqueue_lock_wait_us=1 enqueue_us=1 queue_wait_us=8 execute_us=1804 result_post_us=12 total_us=1826 status=0 [23989,24003][hixl_instance.cpp:107,Run]
[2026-08-24 21:01:19.072686][UC][I] [PERF] component=transport event=transfer_submitted manager=127.0.0.1:8000 target=127.0.0.1:4502 handle=24 transport_handle=24 opcode=1 direct=2 segments=108 bytes=7962624 submitted_ts_us=1787576479072683 manager_execute_async_ts_us=1787576479070840 backend_execute_async_ts_us=1787576479070855 manager_to_backend_execute_async_us=15 submit_us=1843 [23989,24003][transport_manager.cpp:674,ExecuteAsync]
[HIXL_QUERY_PERF] layer=comm_channel request=0xb mutex_wait_us=0 check_us=0 lookup_us=0 flag_check_us=0 complete_us=1 total_us=1 transfer_status=1
[HIXL_QUERY_PERF] layer=adxl_inner request=0xb context_us=1 req_lock_wait_us=0 lookup_us=0 channel_us=5 cleanup_us=1 total_us=7 status=0 transfer_status=1
[HIXL_QUERY_PERF] layer=comm_engine request=0xb total_us=10 status=0 transfer_status=1
[2026-08-24 21:01:19.072712][UC][I] [HIXL_WORKER_PERF] task_id=137 queue_depth=1 enqueue_lock_wait_us=1 enqueue_us=0 queue_wait_us=12 execute_us=13 result_post_us=10 total_us=36 status=0 [23989,24002][hixl_instance.cpp:107,Run]
[2026-08-24 21:01:19.072724][UC][I] [QUERY_PERF] component=ucm layer=hixl_instance request=0xb queue_wait_us=14 backend_us=11 run_post_us=24 total_us=49 api_status=0 transfer_status=1 [23989,24002][hixl_instance.cpp:370,GetTransferStatus]
[2026-08-24 21:01:19.072737][UC][I] [QUERY_PERF] component=ucm layer=hixl_transport handle=23 request=0xb lifecycle_lock_us=0 pending_lock_wait_us=0 pending_lookup_us=0 instance_us=59 erase_us=2 total_us=61 transfer_status=1 [23989,24002][hixl_transport.cpp:734,GetStatus]
[2026-08-24 21:01:19.072743][UC][I] [QUERY_PERF] component=ucm layer=transport_manager handle=23 transport_handle=23 transfers_lock_wait_us=1 lookup_us=0 transport_us=68 total_us=69 api_status=0 transfer_status=1 [23989,24002][transport_manager.cpp:716,GetStatus]
[2026-08-24 21:01:19.072750][UC][I] [PERF] component=transport event=transfer_done manager=127.0.0.1:8000 target=127.0.0.1:4505 handle=23 transport_handle=23 opcode=1 direct=2 segments=1 bytes=63 status=1 api_status=0 submitted_ts_us=1787576479072512 completed_ts_us=1787576479072749 manager_get_status_ts_us=1787576479072673 backend_query_ts_us=1787576479072688 submit_us=131 transfer_us=237 manager_to_backend_query_us=15 total_us=368 [23989,24002][transport_manager.cpp:727,GetStatus]
[2026-08-24 21:01:19.072762][UC][I] [PERF] component=drampool event=request_done request_id=2 opcode=2 peer=127.0.0.1:4505 batch_size=108 data_bytes=7962624 failed_items=0 status=SUCCESS failed_stage=NONE received_ts_us=1787576479059550 worker_started_ts_us=1787576479070521 data_transfer_submitted_ts_us=1787576479070818 data_transfer_completed_ts_us=1787576479072371 response_submitted_ts_us=1787576479072521 completed_ts_us=1787576479072760 data_tm_execute_async_ts_us=1787576479070634 data_hixl_execute_async_ts_us=1787576479070650 data_tm_get_status_ts_us=1787576479072285 data_hixl_query_handle_ts_us=1787576479072299 response_tm_execute_async_ts_us=1787576479072381 response_hixl_execute_async_ts_us=1787576479072395 response_tm_get_status_ts_us=1787576479072673 response_hixl_query_handle_ts_us=1787576479072688 request_queue_us=10971 metadata_prepare_us=107 taskworker_prepare_us=299 poller_queue_us=42 data_transfer_us=1553 metadata_settle_us=9 response_slot_wait_us=0 response_submit_us=141 response_transfer_us=239 data_tm_to_hixl_execute_async_us=16 data_tm_to_hixl_query_handle_us=13 response_tm_to_hixl_execute_async_us=14 response_tm_to_hixl_query_handle_us=15 total_us=13210 [23989,24002][completion_poller.cc:56,LogRequestDone]
[HIXL_QUERY_PERF] layer=comm_channel request=0xd mutex_wait_us=0 check_us=0 lookup_us=1 flag_check_us=0 complete_us=0 total_us=1 transfer_status=0
[HIXL_QUERY_PERF] layer=adxl_inner request=0xd context_us=0 req_lock_wait_us=1 lookup_us=1 channel_us=11 cleanup_us=1 total_us=14 status=0 transfer_status=0
[HIXL_QUERY_PERF] layer=comm_engine request=0xd total_us=23 status=0 transfer_status=0
[2026-08-24 21:01:19.072827][UC][I] [HIXL_WORKER_PERF] task_id=138 queue_depth=1 enqueue_lock_wait_us=0 enqueue_us=1 queue_wait_us=14 execute_us=28 result_post_us=11 total_us=54 status=0 [23989,24002][hixl_instance.cpp:107,Run]
[2026-08-24 21:01:19.072851][UC][I] [QUERY_PERF] component=ucm layer=hixl_instance request=0xd queue_wait_us=15 backend_us=27 run_post_us=37 total_us=79 api_status=0 transfer_status=0 [23989,24002][hixl_instance.cpp:370,GetTransferStatus]
[2026-08-24 21:01:19.072857][UC][I] [QUERY_PERF] component=ucm layer=hixl_transport handle=24 request=0xd lifecycle_lock_us=0 pending_lock_wait_us=0 pending_lookup_us=1 instance_us=85 erase_us=0 total_us=86 transfer_status=0 [23989,24002][hixl_transport.cpp:734,GetStatus]
[2026-08-24 21:01:19.072861][UC][I] [QUERY_PERF] component=ucm layer=transport_manager handle=24 transport_handle=24 transfers_lock_wait_us=0 lookup_us=0 transport_us=91 total_us=91 api_status=0 transfer_status=0 [23989,24002][transport_manager.cpp:716,GetStatus]
[HIXL_PERF] event=hccl_batch op=1 desc_num=108 hccl_us=99 status=0
[HIXL_PERF] event=issue_hccl_batch op=1 list_num=108 total_us=110
[HIXL_PERF] event=issue_async_host_flag op=1 list_num=108 context_us=1 hccl_issue_us=112 flag_memcpy_us=6 total_us=119
[HIXL_PERF] event=comm_channel_async op=1 list_num=108 mutex_wait_us=0 slot_us=1 host_flag_us=4 record_us=0 issue_us=123 total_us=128
[HIXL_PERF] event=adxl_inner_async op=1 list_num=108 context_us=0 connect_us=0 get_channel_us=1 channel_async_us=130 tail_us=1 total_us=132
[HIXL_PERF] event=comm_engine_async op=1 list_num=108 desc_build_us=1 inner_us=135 total_us=136 status=0
[HIXL_QUERY_PERF] layer=comm_channel request=0xd mutex_wait_us=0 check_us=0 lookup_us=0 flag_check_us=0 complete_us=0 total_us=0 transfer_status=0
[2026-08-24 21:01:19.072973][UC][I] [HIXL_WORKER_PERF] task_id=139 queue_depth=1 enqueue_lock_wait_us=0 enqueue_us=1 queue_wait_us=15 execute_us=145 result_post_us=7 total_us=168 status=0 [23989,24003][hixl_instance.cpp:107,Run]
[HIXL_QUERY_PERF] layer=adxl_inner request=0xd context_us=1 req_lock_wait_us=0 lookup_us=1 channel_us=7 cleanup_us=0 total_us=9 status=0 transfer_status=0
[HIXL_QUERY_PERF] layer=comm_engine request=0xd total_us=19 status=0 transfer_status=0
[2026-08-24 21:01:19.072991][UC][I] [PERF] component=transport event=transfer_submitted manager=127.0.0.1:8000 target=127.0.0.1:4502 handle=25 transport_handle=25 opcode=1 direct=2 segments=108 bytes=7962624 submitted_ts_us=1787576479072989 manager_execute_async_ts_us=1787576479072797 backend_execute_async_ts_us=1787576479072822 manager_to_backend_execute_async_us=25 submit_us=187 [23989,24003][transport_manager.cpp:674,ExecuteAsync]
[2026-08-24 21:01:19.073005][UC][I] [HIXL_WORKER_PERF] task_id=140 queue_depth=1 enqueue_lock_wait_us=1 enqueue_us=1 queue_wait_us=96 execute_us=23 result_post_us=11 total_us=132 status=0 [23989,24002][hixl_instance.cpp:107,Run]
[2026-08-24 21:01:19.073021][UC][I] [QUERY_PERF] component=ucm layer=hixl_instance request=0xd queue_wait_us=99 backend_us=22 run_post_us=27 total_us=148 api_status=0 transfer_status=0 [23989,24002][hixl_instance.cpp:370,GetTransferStatus]
[2026-08-24 21:01:19.073030][UC][I] [QUERY_PERF] component=ucm layer=hixl_transport handle=24 request=0xd lifecycle_lock_us=0 pending_lock_wait_us=0 pending_lookup_us=1 instance_us=157 erase_us=0 total_us=158 transfer_status=0 [23989,24002][hixl_transport.cpp:734,GetStatus]
[2026-08-24 21:01:19.073035][UC][I] [QUERY_PERF] component=ucm layer=transport_manager handle=24 transport_handle=24 transfers_lock_wait_us=0 lookup_us=0 transport_us=164 total_us=164 api_status=0 transfer_status=0 [23989,24002][transport_manager.cpp:716,GetStatus]
[HIXL_PERF] event=hccl_batch op=1 desc_num=108 hccl_us=176 status=0
[HIXL_PERF] event=issue_hccl_batch op=1 list_num=108 total_us=203
[HIXL_PERF] event=issue_async_host_flag op=1 list_num=108 context_us=1 hccl_issue_us=205 flag_memcpy_us=8 total_us=214
[HIXL_PERF] event=comm_channel_async op=1 list_num=108 mutex_wait_us=0 slot_us=1291 host_flag_us=5 record_us=1 issue_us=224 total_us=1521
[HIXL_PERF] event=adxl_inner_async op=1 list_num=108 context_us=1 connect_us=0 get_channel_us=0 channel_async_us=1525 tail_us=1 total_us=1527
[HIXL_PERF] event=comm_engine_async op=1 list_num=108 desc_build_us=1 inner_us=1530 total_us=1531 status=0
[2026-08-24 21:01:19.074582][UC][I] [HIXL_WORKER_PERF] task_id=141 queue_depth=1 enqueue_lock_wait_us=1 enqueue_us=0 queue_wait_us=8 execute_us=1544 result_post_us=9 total_us=1562 status=0 [23989,24003][hixl_instance.cpp:107,Run]
[HIXL_QUERY_PERF] layer=comm_channel request=0xd mutex_wait_us=0 check_us=0 lookup_us=1 flag_check_us=0 complete_us=3 total_us=4 transfer_status=1
[HIXL_QUERY_PERF] layer=adxl_inner request=0xd context_us=0 req_lock_wait_us=0 lookup_us=1 channel_us=12 cleanup_us=1 total_us=14 status=0 transfer_status=1
[2026-08-24 21:01:19.074595][UC][I] [PERF] component=transport event=transfer_submitted manager=127.0.0.1:8000 target=127.0.0.1:4503 handle=26 transport_handle=26 opcode=1 direct=2 segments=108 bytes=7962624 submitted_ts_us=1787576479074593 manager_execute_async_ts_us=1787576479073016 backend_execute_async_ts_us=1787576479073030 manager_to_backend_execute_async_us=14 submit_us=1575 [23989,24003][transport_manager.cpp:674,ExecuteAsync]
[HIXL_QUERY_PERF] layer=comm_engine request=0xd total_us=18 status=0 transfer_status=1
[2026-08-24 21:01:19.074619][UC][I] [HIXL_WORKER_PERF] task_id=142 queue_depth=1 enqueue_lock_wait_us=0 enqueue_us=1 queue_wait_us=1534 execute_us=28 result_post_us=11 total_us=1574 status=0 [23989,24002][hixl_instance.cpp:107,Run]
[2026-08-24 21:01:19.074636][UC][I] [QUERY_PERF] component=ucm layer=hixl_instance request=0xd queue_wait_us=1536 backend_us=27 run_post_us=29 total_us=1592 api_status=0 transfer_status=1 [23989,24002][hixl_instance.cpp:370,GetTransferStatus]
[2026-08-24 21:01:19.074648][UC][I] [QUERY_PERF] component=ucm layer=hixl_transport handle=24 request=0xd lifecycle_lock_us=0 pending_lock_wait_us=0 pending_lookup_us=1 instance_us=1602 erase_us=2 total_us=1605 transfer_status=1 [23989,24002][hixl_transport.cpp:734,GetStatus]
[2026-08-24 21:01:19.074653][UC][I] [QUERY_PERF] component=ucm layer=transport_manager handle=24 transport_handle=24 transfers_lock_wait_us=0 lookup_us=0 transport_us=1612 total_us=1612 api_status=0 transfer_status=1 [23989,24002][transport_manager.cpp:716,GetStatus]
[2026-08-24 21:01:19.074665][UC][I] [PERF] component=transport event=transfer_done manager=127.0.0.1:8000 target=127.0.0.1:4502 handle=24 transport_handle=24 opcode=1 direct=2 segments=108 bytes=7962624 status=1 api_status=0 submitted_ts_us=1787576479072683 completed_ts_us=1787576479074664 manager_get_status_ts_us=1787576479073040 backend_query_ts_us=1787576479074580 submit_us=1843 transfer_us=1981 manager_to_backend_query_us=1538 total_us=3824 [23989,24002][transport_manager.cpp:727,GetStatus]
[HIXL_PERF] event=hccl_batch op=1 desc_num=1 hccl_us=65 status=0
[HIXL_PERF] event=issue_hccl_batch op=1 list_num=1 total_us=76
[HIXL_PERF] event=issue_async_host_flag op=1 list_num=1 context_us=0 hccl_issue_us=78 flag_memcpy_us=5 total_us=83
[HIXL_PERF] event=comm_channel_async op=1 list_num=1 mutex_wait_us=0 slot_us=0 host_flag_us=0 record_us=1 issue_us=86 total_us=87
[HIXL_PERF] event=adxl_inner_async op=1 list_num=1 context_us=0 connect_us=0 get_channel_us=1 channel_async_us=90 tail_us=0 total_us=91
[HIXL_PERF] event=comm_engine_async op=1 list_num=1 desc_build_us=0 inner_us=94 total_us=94 status=0
[2026-08-24 21:01:19.074872][UC][I] [HIXL_WORKER_PERF] task_id=144 queue_depth=1 enqueue_lock_wait_us=1 enqueue_us=0 queue_wait_us=12 execute_us=103 result_post_us=12 total_us=128 status=0 [23989,24002][hixl_instance.cpp:107,Run]
[2026-08-24 21:01:19.074888][UC][I] [PERF] component=transport event=transfer_submitted manager=127.0.0.1:8000 target=127.0.0.1:4502 handle=27 transport_handle=27 opcode=1 direct=2 segments=1 bytes=63 submitted_ts_us=1787576479074887 manager_execute_async_ts_us=1787576479074741 backend_execute_async_ts_us=1787576479074757 manager_to_backend_execute_async_us=16 submit_us=145 [23989,24002][transport_manager.cpp:674,ExecuteAsync]
[HIXL_QUERY_PERF] layer=comm_channel request=0xe mutex_wait_us=0 check_us=0 lookup_us=0 flag_check_us=0 complete_us=2 total_us=2 transfer_status=1
[HIXL_QUERY_PERF] layer=adxl_inner request=0xe context_us=0 req_lock_wait_us=0 lookup_us=1 channel_us=12 cleanup_us=1 total_us=14 status=0 transfer_status=1
[HIXL_QUERY_PERF] layer=comm_engine request=0xe total_us=18 status=0 transfer_status=1
[2026-08-24 21:01:19.074946][UC][I] [HIXL_WORKER_PERF] task_id=145 queue_depth=1 enqueue_lock_wait_us=1 enqueue_us=0 queue_wait_us=12 execute_us=23 result_post_us=10 total_us=46 status=0 [23989,24002][hixl_instance.cpp:107,Run]
[2026-08-24 21:01:19.074960][UC][I] [QUERY_PERF] component=ucm layer=hixl_instance request=0xe queue_wait_us=15 backend_us=21 run_post_us=26 total_us=62 api_status=0 transfer_status=1 [23989,24002][hixl_instance.cpp:370,GetTransferStatus]
[2026-08-24 21:01:19.074967][UC][I] [QUERY_PERF] component=ucm layer=hixl_transport handle=25 request=0xe lifecycle_lock_us=0 pending_lock_wait_us=0 pending_lookup_us=0 instance_us=68 erase_us=0 total_us=68 transfer_status=1 [23989,24002][hixl_transport.cpp:734,GetStatus]
[2026-08-24 21:01:19.074972][UC][I] [QUERY_PERF] component=ucm layer=transport_manager handle=25 transport_handle=25 transfers_lock_wait_us=0 lookup_us=0 transport_us=73 total_us=73 api_status=0 transfer_status=1 [23989,24002][transport_manager.cpp:716,GetStatus]
[2026-08-24 21:01:19.074976][UC][I] [PERF] component=transport event=transfer_done manager=127.0.0.1:8000 target=127.0.0.1:4502 handle=25 transport_handle=25 opcode=1 direct=2 segments=108 bytes=7962624 status=1 api_status=0 submitted_ts_us=1787576479072989 completed_ts_us=1787576479074975 manager_get_status_ts_us=1787576479074898 backend_query_ts_us=1787576479074913 submit_us=187 transfer_us=1986 manager_to_backend_query_us=15 total_us=2173 [23989,24002][transport_manager.cpp:727,GetStatus]
[HIXL_PERF] event=hccl_batch op=1 desc_num=1 hccl_us=58 status=0
[HIXL_PERF] event=issue_hccl_batch op=1 list_num=1 total_us=68
[HIXL_PERF] event=issue_async_host_flag op=1 list_num=1 context_us=1 hccl_issue_us=70 flag_memcpy_us=4 total_us=75
[HIXL_PERF] event=comm_channel_async op=1 list_num=1 mutex_wait_us=0 slot_us=0 host_flag_us=0 record_us=0 issue_us=79 total_us=79
[HIXL_PERF] event=adxl_inner_async op=1 list_num=1 context_us=0 connect_us=0 get_channel_us=1 channel_async_us=82 tail_us=0 total_us=83
[HIXL_PERF] event=comm_engine_async op=1 list_num=1 desc_build_us=0 inner_us=87 total_us=87 status=0
[2026-08-24 21:01:19.075111][UC][I] [HIXL_WORKER_PERF] task_id=146 queue_depth=1 enqueue_lock_wait_us=1 enqueue_us=0 queue_wait_us=11 execute_us=95 result_post_us=11 total_us=118 status=0 [23989,24002][hixl_instance.cpp:107,Run]
[2026-08-24 21:01:19.075126][UC][I] [PERF] component=transport event=transfer_submitted manager=127.0.0.1:8000 target=127.0.0.1:4502 handle=28 transport_handle=28 opcode=1 direct=2 segments=1 bytes=63 submitted_ts_us=1787576479075125 manager_execute_async_ts_us=1787576479074991 backend_execute_async_ts_us=1787576479075005 manager_to_backend_execute_async_us=14 submit_us=133 [23989,24002][transport_manager.cpp:674,ExecuteAsync]
[HIXL_QUERY_PERF] layer=comm_channel request=0x10 mutex_wait_us=0 check_us=0 lookup_us=0 flag_check_us=1 complete_us=1 total_us=2 transfer_status=1
[HIXL_QUERY_PERF] layer=adxl_inner request=0x10 context_us=1 req_lock_wait_us=0 lookup_us=0 channel_us=9 cleanup_us=1 total_us=11 status=0 transfer_status=1
[HIXL_QUERY_PERF] layer=comm_engine request=0x10 total_us=18 status=0 transfer_status=1
[2026-08-24 21:01:19.075181][UC][I] [HIXL_WORKER_PERF] task_id=147 queue_depth=1 enqueue_lock_wait_us=1 enqueue_us=0 queue_wait_us=12 execute_us=22 result_post_us=11 total_us=46 status=0 [23989,24002][hixl_instance.cpp:107,Run]
[2026-08-24 21:01:19.075195][UC][I] [QUERY_PERF] component=ucm layer=hixl_instance request=0x10 queue_wait_us=13 backend_us=22 run_post_us=25 total_us=60 api_status=0 transfer_status=1 [23989,24002][hixl_instance.cpp:370,GetTransferStatus]
[2026-08-24 21:01:19.075206][UC][I] [QUERY_PERF] component=ucm layer=hixl_transport handle=27 request=0x10 lifecycle_lock_us=1 pending_lock_wait_us=0 pending_lookup_us=0 instance_us=70 erase_us=0 total_us=71 transfer_status=1 [23989,24002][hixl_transport.cpp:734,GetStatus]
[2026-08-24 21:01:19.075215][UC][I] [QUERY_PERF] component=ucm layer=transport_manager handle=27 transport_handle=27 transfers_lock_wait_us=0 lookup_us=0 transport_us=80 total_us=80 api_status=0 transfer_status=1 [23989,24002][transport_manager.cpp:716,GetStatus]
[2026-08-24 21:01:19.075219][UC][I] [PERF] component=transport event=transfer_done manager=127.0.0.1:8000 target=127.0.0.1:4502 handle=27 transport_handle=27 opcode=1 direct=2 segments=1 bytes=63 status=1 api_status=0 submitted_ts_us=1787576479074887 completed_ts_us=1787576479075218 manager_get_status_ts_us=1787576479075134 backend_query_ts_us=1787576479075149 submit_us=145 transfer_us=332 manager_to_backend_query_us=14 total_us=477 [23989,24002][transport_manager.cpp:727,GetStatus]
[2026-08-24 21:01:19.075231][UC][I] [PERF] component=drampool event=request_done request_id=1 opcode=2 peer=127.0.0.1:4502 batch_size=108 data_bytes=7962624 failed_items=0 status=SUCCESS failed_stage=NONE received_ts_us=1787576479059553 worker_started_ts_us=1787576479070821 data_transfer_submitted_ts_us=1787576479072690 data_transfer_completed_ts_us=1787576479074676 response_submitted_ts_us=1787576479074897 completed_ts_us=1787576479075229 data_tm_execute_async_ts_us=1787576479070840 data_hixl_execute_async_ts_us=1787576479070855 data_tm_get_status_ts_us=1787576479073040 data_hixl_query_handle_ts_us=1787576479074580 response_tm_execute_async_ts_us=1787576479074741 response_hixl_execute_async_ts_us=1787576479074757 response_tm_get_status_ts_us=1787576479075134 response_hixl_query_handle_ts_us=1787576479075149 request_queue_us=11268 metadata_prepare_us=15 taskworker_prepare_us=1871 poller_queue_us=78 data_transfer_us=1985 metadata_settle_us=63 response_slot_wait_us=1 response_submit_us=157 response_transfer_us=331 data_tm_to_hixl_execute_async_us=15 data_tm_to_hixl_query_handle_us=1538 response_tm_to_hixl_execute_async_us=16 response_tm_to_hixl_query_handle_us=14 total_us=15676 [23989,24002][completion_poller.cc:56,LogRequestDone]
[HIXL_QUERY_PERF] layer=comm_channel request=0x11 mutex_wait_us=0 check_us=0 lookup_us=1 flag_check_us=0 complete_us=0 total_us=1 transfer_status=1
[HIXL_QUERY_PERF] layer=adxl_inner request=0x11 context_us=1 req_lock_wait_us=0 lookup_us=0 channel_us=9 cleanup_us=1 total_us=11 status=0 transfer_status=1
[HIXL_QUERY_PERF] layer=comm_engine request=0x11 total_us=14 status=0 transfer_status=1
[2026-08-24 21:01:19.075278][UC][I] [HIXL_WORKER_PERF] task_id=148 queue_depth=1 enqueue_lock_wait_us=0 enqueue_us=1 queue_wait_us=11 execute_us=16 result_post_us=10 total_us=38 status=0 [23989,24002][hixl_instance.cpp:107,Run]
[2026-08-24 21:01:19.075288][UC][I] [QUERY_PERF] component=ucm layer=hixl_instance request=0x11 queue_wait_us=14 backend_us=15 run_post_us=21 total_us=50 api_status=0 transfer_status=1 [23989,24002][hixl_instance.cpp:370,GetTransferStatus]
[2026-08-24 21:01:19.075294][UC][I] [QUERY_PERF] component=ucm layer=hixl_transport handle=28 request=0x11 lifecycle_lock_us=0 pending_lock_wait_us=0 pending_lookup_us=0 instance_us=55 erase_us=0 total_us=55 transfer_status=1 [23989,24002][hixl_transport.cpp:734,GetStatus]
[2026-08-24 21:01:19.075301][UC][I] [QUERY_PERF] component=ucm layer=transport_manager handle=28 transport_handle=28 transfers_lock_wait_us=0 lookup_us=0 transport_us=63 total_us=63 api_status=0 transfer_status=1 [23989,24002][transport_manager.cpp:716,GetStatus]
[2026-08-24 21:01:19.075307][UC][I] [PERF] component=transport event=transfer_done manager=127.0.0.1:8000 target=127.0.0.1:4502 handle=28 transport_handle=28 opcode=1 direct=2 segments=1 bytes=63 status=1 api_status=0 submitted_ts_us=1787576479075125 completed_ts_us=1787576479075306 manager_get_status_ts_us=1787576479075238 backend_query_ts_us=1787576479075252 submit_us=133 transfer_us=181 manager_to_backend_query_us=14 total_us=314 [23989,24002][transport_manager.cpp:727,GetStatus]
[2026-08-24 21:01:19.075316][UC][I] [PERF] component=drampool event=request_done request_id=2 opcode=2 peer=127.0.0.1:4502 batch_size=108 data_bytes=7962624 failed_items=0 status=SUCCESS failed_stage=NONE received_ts_us=1787576479059554 worker_started_ts_us=1787576479072694 data_transfer_submitted_ts_us=1787576479072998 data_transfer_completed_ts_us=1787576479074982 response_submitted_ts_us=1787576479075132 completed_ts_us=1787576479075314 data_tm_execute_async_ts_us=1787576479072797 data_hixl_execute_async_ts_us=1787576479072822 data_tm_get_status_ts_us=1787576479074898 data_hixl_query_handle_ts_us=1787576479074913 response_tm_execute_async_ts_us=1787576479074991 response_hixl_execute_async_ts_us=1787576479075005 response_tm_get_status_ts_us=1787576479075238 response_hixl_query_handle_ts_us=1787576479075252 request_queue_us=13140 metadata_prepare_us=100 taskworker_prepare_us=305 poller_queue_us=41 data_transfer_us=1984 metadata_settle_us=8 response_slot_wait_us=0 response_submit_us=142 response_transfer_us=181 data_tm_to_hixl_execute_async_us=25 data_tm_to_hixl_query_handle_us=15 response_tm_to_hixl_execute_async_us=14 response_tm_to_hixl_query_handle_us=14 total_us=15760 [23989,24002][completion_poller.cc:56,LogRequestDone]
[HIXL_QUERY_PERF] layer=comm_channel request=0xf mutex_wait_us=0 check_us=0 lookup_us=1 flag_check_us=0 complete_us=0 total_us=1 transfer_status=0
[HIXL_QUERY_PERF] layer=adxl_inner request=0xf context_us=0 req_lock_wait_us=0 lookup_us=1 channel_us=11 cleanup_us=0 total_us=12 status=0 transfer_status=0
[HIXL_QUERY_PERF] layer=comm_engine request=0xf total_us=14 status=0 transfer_status=0
[2026-08-24 21:01:19.075373][UC][I] [HIXL_WORKER_PERF] task_id=149 queue_depth=1 enqueue_lock_wait_us=1 enqueue_us=0 queue_wait_us=12 execute_us=18 result_post_us=10 total_us=41 status=0 [23989,24002][hixl_instance.cpp:107,Run]
[2026-08-24 21:01:19.075386][UC][I] [QUERY_PERF] component=ucm layer=hixl_instance request=0xf queue_wait_us=13 backend_us=18 run_post_us=24 total_us=55 api_status=0 transfer_status=0 [23989,24002][hixl_instance.cpp:370,GetTransferStatus]
[2026-08-24 21:01:19.075390][UC][I] [QUERY_PERF] component=ucm layer=hixl_transport handle=26 request=0xf lifecycle_lock_us=0 pending_lock_wait_us=0 pending_lookup_us=0 instance_us=59 erase_us=0 total_us=59 transfer_status=0 [23989,24002][hixl_transport.cpp:734,GetStatus]
[2026-08-24 21:01:19.075398][UC][I] [QUERY_PERF] component=ucm layer=transport_manager handle=26 transport_handle=26 transfers_lock_wait_us=0 lookup_us=0 transport_us=66 total_us=66 api_status=0 transfer_status=0 [23989,24002][transport_manager.cpp:716,GetStatus]
[HIXL_QUERY_PERF] layer=comm_channel request=0xf mutex_wait_us=0 check_us=0 lookup_us=0 flag_check_us=0 complete_us=0 total_us=0 transfer_status=0
[HIXL_QUERY_PERF] layer=adxl_inner request=0xf context_us=0 req_lock_wait_us=1 lookup_us=0 channel_us=8 cleanup_us=0 total_us=9 status=0 transfer_status=0
[HIXL_QUERY_PERF] layer=comm_engine request=0xf total_us=13 status=0 transfer_status=0
[2026-08-24 21:01:19.075443][UC][I] [HIXL_WORKER_PERF] task_id=150 queue_depth=1 enqueue_lock_wait_us=1 enqueue_us=1 queue_wait_us=11 execute_us=17 result_post_us=10 total_us=40 status=0 [23989,24002][hixl_instance.cpp:107,Run]
[2026-08-24 21:01:19.075455][UC][I] [QUERY_PERF] component=ucm layer=hixl_instance request=0xf queue_wait_us=13 backend_us=17 run_post_us=21 total_us=51 api_status=0 transfer_status=0 [23989,24002][hixl_instance.cpp:370,GetTransferStatus]
[2026-08-24 21:01:19.075461][UC][I] [QUERY_PERF] component=ucm layer=hixl_transport handle=26 request=0xf lifecycle_lock_us=0 pending_lock_wait_us=0 pending_lookup_us=0 instance_us=58 erase_us=0 total_us=58 transfer_status=0 [23989,24002][hixl_transport.cpp:734,GetStatus]
[2026-08-24 21:01:19.075467][UC][I] [QUERY_PERF] component=ucm layer=transport_manager handle=26 transport_handle=26 transfers_lock_wait_us=0 lookup_us=0 transport_us=63 total_us=63 api_status=0 transfer_status=0 [23989,24002][transport_manager.cpp:716,GetStatus]
[HIXL_QUERY_PERF] layer=comm_channel request=0xf mutex_wait_us=0 check_us=0 lookup_us=0 flag_check_us=0 complete_us=0 total_us=0 transfer_status=0
[HIXL_QUERY_PERF] layer=adxl_inner request=0xf context_us=0 req_lock_wait_us=0 lookup_us=1 channel_us=10 cleanup_us=0 total_us=11 status=0 transfer_status=0
[HIXL_QUERY_PERF] layer=comm_engine request=0xf total_us=14 status=0 transfer_status=0
[2026-08-24 21:01:19.075523][UC][I] [HIXL_WORKER_PERF] task_id=151 queue_depth=1 enqueue_lock_wait_us=0 enqueue_us=1 queue_wait_us=11 execute_us=19 result_post_us=10 total_us=41 status=0 [23989,24002][hixl_instance.cpp:107,Run]
[2026-08-24 21:01:19.075537][UC][I] [QUERY_PERF] component=ucm layer=hixl_instance request=0xf queue_wait_us=13 backend_us=19 run_post_us=23 total_us=55 api_status=0 transfer_status=0 [23989,24002][hixl_instance.cpp:370,GetTransferStatus]
[2026-08-24 21:01:19.075543][UC][I] [QUERY_PERF] component=ucm layer=hixl_transport handle=26 request=0xf lifecycle_lock_us=0 pending_lock_wait_us=0 pending_lookup_us=0 instance_us=61 erase_us=0 total_us=61 transfer_status=0 [23989,24002][hixl_transport.cpp:734,GetStatus]
[2026-08-24 21:01:19.075548][UC][I] [QUERY_PERF] component=ucm layer=transport_manager handle=26 transport_handle=26 transfers_lock_wait_us=0 lookup_us=0 transport_us=67 total_us=67 api_status=0 transfer_status=0 [23989,24002][transport_manager.cpp:716,GetStatus]
[HIXL_QUERY_PERF] layer=comm_channel request=0xf mutex_wait_us=0 check_us=0 lookup_us=1 flag_check_us=0 complete_us=0 total_us=1 transfer_status=0
[HIXL_QUERY_PERF] layer=adxl_inner request=0xf context_us=1 req_lock_wait_us=0 lookup_us=0 channel_us=10 cleanup_us=0 total_us=11 status=0 transfer_status=0
[HIXL_QUERY_PERF] layer=comm_engine request=0xf total_us=13 status=0 transfer_status=0
[2026-08-24 21:01:19.075591][UC][I] [HIXL_WORKER_PERF] task_id=152 queue_depth=1 enqueue_lock_wait_us=1 enqueue_us=1 queue_wait_us=10 execute_us=17 result_post_us=10 total_us=39 status=0 [23989,24002][hixl_instance.cpp:107,Run]
[2026-08-24 21:01:19.075605][UC][I] [QUERY_PERF] component=ucm layer=hixl_instance request=0xf queue_wait_us=13 backend_us=15 run_post_us=24 total_us=52 api_status=0 transfer_status=0 [23989,24002][hixl_instance.cpp:370,GetTransferStatus]
[2026-08-24 21:01:19.075614][UC][I] [QUERY_PERF] component=ucm layer=hixl_transport handle=26 request=0xf lifecycle_lock_us=0 pending_lock_wait_us=0 pending_lookup_us=0 instance_us=61 erase_us=0 total_us=61 transfer_status=0 [23989,24002][hixl_transport.cpp:734,GetStatus]
[2026-08-24 21:01:19.075618][UC][I] [QUERY_PERF] component=ucm layer=transport_manager handle=26 transport_handle=26 transfers_lock_wait_us=0 lookup_us=0 transport_us=66 total_us=66 api_status=0 transfer_status=0 [23989,24002][transport_manager.cpp:716,GetStatus]
[HIXL_QUERY_PERF] layer=comm_channel request=0xf mutex_wait_us=0 check_us=0 lookup_us=0 flag_check_us=0 complete_us=0 total_us=0 transfer_status=0
[HIXL_QUERY_PERF] layer=adxl_inner request=0xf context_us=0 req_lock_wait_us=0 lookup_us=1 channel_us=10 cleanup_us=0 total_us=11 status=0 transfer_status=0
[HIXL_QUERY_PERF] layer=comm_engine request=0xf total_us=13 status=0 transfer_status=0
[2026-08-24 21:01:19.075664][UC][I] [HIXL_WORKER_PERF] task_id=153 queue_depth=1 enqueue_lock_wait_us=0 enqueue_us=1 queue_wait_us=10 execute_us=17 result_post_us=10 total_us=38 status=0 [23989,24002][hixl_instance.cpp:107,Run]
[2026-08-24 21:01:19.075680][UC][I] [QUERY_PERF] component=ucm layer=hixl_instance request=0xf queue_wait_us=12 backend_us=16 run_post_us=26 total_us=54 api_status=0 transfer_status=0 [23989,24002][hixl_instance.cpp:370,GetTransferStatus]
[2026-08-24 21:01:19.075683][UC][I] [QUERY_PERF] component=ucm layer=hixl_transport handle=26 request=0xf lifecycle_lock_us=0 pending_lock_wait_us=0 pending_lookup_us=0 instance_us=58 erase_us=0 total_us=58 transfer_status=0 [23989,24002][hixl_transport.cpp:734,GetStatus]
[2026-08-24 21:01:19.075686][UC][I] [QUERY_PERF] component=ucm layer=transport_manager handle=26 transport_handle=26 transfers_lock_wait_us=0 lookup_us=0 transport_us=61 total_us=61 api_status=0 transfer_status=0 [23989,24002][transport_manager.cpp:716,GetStatus]
[HIXL_QUERY_PERF] layer=comm_channel request=0xf mutex_wait_us=0 check_us=0 lookup_us=1 flag_check_us=0 complete_us=2 total_us=3 transfer_status=1
[HIXL_QUERY_PERF] layer=adxl_inner request=0xf context_us=1 req_lock_wait_us=0 lookup_us=0 channel_us=11 cleanup_us=1 total_us=13 status=0 transfer_status=1
[HIXL_QUERY_PERF] layer=comm_engine request=0xf total_us=18 status=0 transfer_status=1
[2026-08-24 21:01:19.075738][UC][I] [HIXL_WORKER_PERF] task_id=154 queue_depth=1 enqueue_lock_wait_us=1 enqueue_us=0 queue_wait_us=10 execute_us=22 result_post_us=10 total_us=43 status=0 [23989,24002][hixl_instance.cpp:107,Run]
[2026-08-24 21:01:19.075748][UC][I] [QUERY_PERF] component=ucm layer=hixl_instance request=0xf queue_wait_us=12 backend_us=20 run_post_us=21 total_us=53 api_status=0 transfer_status=1 [23989,24002][hixl_instance.cpp:370,GetTransferStatus]
[2026-08-24 21:01:19.075752][UC][I] [QUERY_PERF] component=ucm layer=hixl_transport handle=26 request=0xf lifecycle_lock_us=0 pending_lock_wait_us=0 pending_lookup_us=0 instance_us=57 erase_us=1 total_us=58 transfer_status=1 [23989,24002][hixl_transport.cpp:734,GetStatus]
[2026-08-24 21:01:19.075759][UC][I] [QUERY_PERF] component=ucm layer=transport_manager handle=26 transport_handle=26 transfers_lock_wait_us=0 lookup_us=1 transport_us=64 total_us=65 api_status=0 transfer_status=1 [23989,24002][transport_manager.cpp:716,GetStatus]
[2026-08-24 21:01:19.075762][UC][I] [PERF] component=transport event=transfer_done manager=127.0.0.1:8000 target=127.0.0.1:4503 handle=26 transport_handle=26 opcode=1 direct=2 segments=108 bytes=7962624 status=1 api_status=0 submitted_ts_us=1787576479074593 completed_ts_us=1787576479075761 manager_get_status_ts_us=1787576479075693 backend_query_ts_us=1787576479075706 submit_us=1575 transfer_us=1168 manager_to_backend_query_us=13 total_us=2743 [23989,24002][transport_manager.cpp:727,GetStatus]
[HIXL_PERF] event=hccl_batch op=1 desc_num=1 hccl_us=58 status=0
[HIXL_PERF] event=issue_hccl_batch op=1 list_num=1 total_us=69
[HIXL_PERF] event=issue_async_host_flag op=1 list_num=1 context_us=0 hccl_issue_us=90 flag_memcpy_us=4 total_us=94
[HIXL_PERF] event=comm_channel_async op=1 list_num=1 mutex_wait_us=0 slot_us=1 host_flag_us=0 record_us=0 issue_us=106 total_us=107
[HIXL_PERF] event=adxl_inner_async op=1 list_num=1 context_us=1 connect_us=0 get_channel_us=0 channel_async_us=111 tail_us=0 total_us=112
[HIXL_PERF] event=comm_engine_async op=1 list_num=1 desc_build_us=0 inner_us=117 total_us=117 status=0
[2026-08-24 21:01:19.075928][UC][I] [HIXL_WORKER_PERF] task_id=155 queue_depth=1 enqueue_lock_wait_us=0 enqueue_us=1 queue_wait_us=10 execute_us=126 result_post_us=13 total_us=150 status=0 [23989,24002][hixl_instance.cpp:107,Run]
[2026-08-24 21:01:19.075940][UC][I] [PERF] component=transport event=transfer_submitted manager=127.0.0.1:8000 target=127.0.0.1:4503 handle=29 transport_handle=29 opcode=1 direct=2 segments=1 bytes=63 submitted_ts_us=1787576479075939 manager_execute_async_ts_us=1787576479075775 backend_execute_async_ts_us=1787576479075789 manager_to_backend_execute_async_us=14 submit_us=163 [23989,24002][transport_manager.cpp:674,ExecuteAsync]
[HIXL_QUERY_PERF] layer=comm_channel request=0x12 mutex_wait_us=0 check_us=0 lookup_us=0 flag_check_us=0 complete_us=1 total_us=1 transfer_status=1
[HIXL_QUERY_PERF] layer=adxl_inner request=0x12 context_us=1 req_lock_wait_us=0 lookup_us=1 channel_us=9 cleanup_us=1 total_us=12 status=0 transfer_status=1
[HIXL_QUERY_PERF] layer=comm_engine request=0x12 total_us=15 status=0 transfer_status=1
[2026-08-24 21:01:19.075988][UC][I] [HIXL_WORKER_PERF] task_id=156 queue_depth=1 enqueue_lock_wait_us=1 enqueue_us=1 queue_wait_us=12 execute_us=18 result_post_us=10 total_us=42 status=0 [23989,24002][hixl_instance.cpp:107,Run]
[2026-08-24 21:01:19.075997][UC][I] [QUERY_PERF] component=ucm layer=hixl_instance request=0x12 queue_wait_us=15 backend_us=16 run_post_us=21 total_us=52 api_status=0 transfer_status=1 [23989,24002][hixl_instance.cpp:370,GetTransferStatus]
[2026-08-24 21:01:19.076012][UC][I] [QUERY_PERF] component=ucm layer=hixl_transport handle=29 request=0x12 lifecycle_lock_us=0 pending_lock_wait_us=0 pending_lookup_us=0 instance_us=65 erase_us=1 total_us=66 transfer_status=1 [23989,24002][hixl_transport.cpp:734,GetStatus]
[2026-08-24 21:01:19.076018][UC][I] [QUERY_PERF] component=ucm layer=transport_manager handle=29 transport_handle=29 transfers_lock_wait_us=0 lookup_us=0 transport_us=73 total_us=73 api_status=0 transfer_status=1 [23989,24002][transport_manager.cpp:716,GetStatus]
[2026-08-24 21:01:19.076023][UC][I] [PERF] component=transport event=transfer_done manager=127.0.0.1:8000 target=127.0.0.1:4503 handle=29 transport_handle=29 opcode=1 direct=2 segments=1 bytes=63 status=1 api_status=0 submitted_ts_us=1787576479075939 completed_ts_us=1787576479076022 manager_get_status_ts_us=1787576479075944 backend_query_ts_us=1787576479075960 submit_us=163 transfer_us=84 manager_to_backend_query_us=15 total_us=247 [23989,24002][transport_manager.cpp:727,GetStatus]
[2026-08-24 21:01:19.076030][UC][I] [PERF] component=drampool event=request_done request_id=1 opcode=2 peer=127.0.0.1:4503 batch_size=108 data_bytes=7962624 failed_items=0 status=SUCCESS failed_stage=NONE received_ts_us=1787576479059805 worker_started_ts_us=1787576479073001 data_transfer_submitted_ts_us=1787576479074603 data_transfer_completed_ts_us=1787576479075765 response_submitted_ts_us=1787576479075944 completed_ts_us=1787576479076028 data_tm_execute_async_ts_us=1787576479073016 data_hixl_execute_async_ts_us=1787576479073030 data_tm_get_status_ts_us=1787576479075693 data_hixl_query_handle_ts_us=1787576479075706 response_tm_execute_async_ts_us=1787576479075775 response_hixl_execute_async_ts_us=1787576479075789 response_tm_get_status_ts_us=1787576479075944 response_hixl_query_handle_ts_us=1787576479075960 request_queue_us=13196 metadata_prepare_us=13 taskworker_prepare_us=1604 poller_queue_us=529 data_transfer_us=1161 metadata_settle_us=9 response_slot_wait_us=0 response_submit_us=170 response_transfer_us=84 data_tm_to_hixl_execute_async_us=14 data_tm_to_hixl_query_handle_us=13 response_tm_to_hixl_execute_async_us=14 response_tm_to_hixl_query_handle_us=15 total_us=16223 [23989,24002][completion_poller.cc:56,LogRequestDone]
[HIXL_PERF] event=hccl_batch op=1 desc_num=108 hccl_us=212 status=0
[HIXL_PERF] event=issue_hccl_batch op=1 list_num=108 total_us=248
[HIXL_PERF] event=issue_async_host_flag op=1 list_num=108 context_us=0 hccl_issue_us=250 flag_memcpy_us=7 total_us=257
[HIXL_PERF] event=comm_channel_async op=1 list_num=108 mutex_wait_us=1 slot_us=1759 host_flag_us=6 record_us=1 issue_us=263 total_us=2030
[HIXL_PERF] event=adxl_inner_async op=1 list_num=108 context_us=0 connect_us=0 get_channel_us=1 channel_async_us=2033 tail_us=1 total_us=2035
[HIXL_PERF] event=comm_engine_async op=1 list_num=108 desc_build_us=1 inner_us=2039 total_us=2040 status=0
[2026-08-24 21:01:19.076690][UC][I] [HIXL_WORKER_PERF] task_id=143 queue_depth=1 enqueue_lock_wait_us=0 enqueue_us=1 queue_wait_us=5 execute_us=2048 result_post_us=9 total_us=2063 status=0 [23989,24003][hixl_instance.cpp:107,Run]
[2026-08-24 21:01:19.076707][UC][I] [PERF] component=transport event=transfer_submitted manager=127.0.0.1:8000 target=127.0.0.1:4504 handle=30 transport_handle=30 opcode=1 direct=2 segments=108 bytes=7962624 submitted_ts_us=1787576479076705 manager_execute_async_ts_us=1787576479074623 backend_execute_async_ts_us=1787576479074634 manager_to_backend_execute_async_us=11 submit_us=2081 [23989,24003][transport_manager.cpp:674,ExecuteAsync]
[HIXL_QUERY_PERF] layer=comm_channel request=0xc mutex_wait_us=0 check_us=0 lookup_us=1 flag_check_us=0 complete_us=0 total_us=1 transfer_status=0
[HIXL_QUERY_PERF] layer=adxl_inner request=0xc context_us=1 req_lock_wait_us=0 lookup_us=2 channel_us=8 cleanup_us=1 total_us=12 status=0 transfer_status=0
[HIXL_QUERY_PERF] layer=comm_engine request=0xc total_us=14 status=0 transfer_status=0
[2026-08-24 21:01:19.076851][UC][I] [HIXL_WORKER_PERF] task_id=157 queue_depth=1 enqueue_lock_wait_us=1 enqueue_us=0 queue_wait_us=14 execute_us=17 result_post_us=11 total_us=43 status=0 [23989,24002][hixl_instance.cpp:107,Run]
[2026-08-24 21:01:19.076865][UC][I] [QUERY_PERF] component=ucm layer=hixl_instance request=0xc queue_wait_us=15 backend_us=17 run_post_us=26 total_us=58 api_status=0 transfer_status=0 [23989,24002][hixl_instance.cpp:370,GetTransferStatus]
[2026-08-24 21:01:19.076870][UC][I] [QUERY_PERF] component=ucm layer=hixl_transport handle=30 request=0xc lifecycle_lock_us=0 pending_lock_wait_us=1 pending_lookup_us=0 instance_us=63 erase_us=0 total_us=64 transfer_status=0 [23989,24002][hixl_transport.cpp:734,GetStatus]
[2026-08-24 21:01:19.076874][UC][I] [QUERY_PERF] component=ucm layer=transport_manager handle=30 transport_handle=30 transfers_lock_wait_us=0 lookup_us=1 transport_us=68 total_us=69 api_status=0 transfer_status=0 [23989,24002][transport_manager.cpp:716,GetStatus]
[HIXL_PERF] event=hccl_batch op=1 desc_num=108 hccl_us=103 status=0
[HIXL_PERF] event=issue_hccl_batch op=1 list_num=108 total_us=115
[HIXL_PERF] event=issue_async_host_flag op=1 list_num=108 context_us=1 hccl_issue_us=117 flag_memcpy_us=5 total_us=123
[HIXL_PERF] event=comm_channel_async op=1 list_num=108 mutex_wait_us=0 slot_us=1 host_flag_us=4 record_us=0 issue_us=128 total_us=133
[HIXL_PERF] event=adxl_inner_async op=1 list_num=108 context_us=1 connect_us=0 get_channel_us=0 channel_async_us=137 tail_us=1 total_us=139
[HIXL_PERF] event=comm_engine_async op=1 list_num=108 desc_build_us=1 inner_us=143 total_us=144 status=0
[HIXL_QUERY_PERF] layer=comm_channel request=0xc mutex_wait_us=0 check_us=1 lookup_us=0 flag_check_us=0 complete_us=0 total_us=1 transfer_status=0
[2026-08-24 21:01:19.077002][UC][I] [HIXL_WORKER_PERF] task_id=158 queue_depth=1 enqueue_lock_wait_us=1 enqueue_us=0 queue_wait_us=20 execute_us=152 result_post_us=5 total_us=178 status=0 [23989,24003][hixl_instance.cpp:107,Run]
[HIXL_QUERY_PERF] layer=adxl_inner request=0xc context_us=1 req_lock_wait_us=0 lookup_us=0 channel_us=4 cleanup_us=0 total_us=5 status=0 transfer_status=0
[HIXL_QUERY_PERF] layer=comm_engine request=0xc total_us=14 status=0 transfer_status=0
[2026-08-24 21:01:19.077014][UC][I] [PERF] component=transport event=transfer_submitted manager=127.0.0.1:8000 target=127.0.0.1:4504 handle=31 transport_handle=31 opcode=1 direct=2 segments=108 bytes=7962624 submitted_ts_us=1787576479077013 manager_execute_async_ts_us=1787576479076819 backend_execute_async_ts_us=1787576479076846 manager_to_backend_execute_async_us=27 submit_us=193 [23989,24003][transport_manager.cpp:674,ExecuteAsync]
[2026-08-24 21:01:19.077033][UC][I] [HIXL_WORKER_PERF] task_id=159 queue_depth=1 enqueue_lock_wait_us=0 enqueue_us=1 queue_wait_us=114 execute_us=20 result_post_us=11 total_us=146 status=0 [23989,24002][hixl_instance.cpp:107,Run]
[2026-08-24 21:01:19.077045][UC][I] [QUERY_PERF] component=ucm layer=hixl_instance request=0xc queue_wait_us=116 backend_us=20 run_post_us=24 total_us=160 api_status=0 transfer_status=0 [23989,24002][hixl_instance.cpp:370,GetTransferStatus]
[2026-08-24 21:01:19.077051][UC][I] [QUERY_PERF] component=ucm layer=hixl_transport handle=30 request=0xc lifecycle_lock_us=0 pending_lock_wait_us=0 pending_lookup_us=0 instance_us=166 erase_us=0 total_us=166 transfer_status=0 [23989,24002][hixl_transport.cpp:734,GetStatus]
[2026-08-24 21:01:19.077056][UC][I] [QUERY_PERF] component=ucm layer=transport_manager handle=30 transport_handle=30 transfers_lock_wait_us=1 lookup_us=0 transport_us=172 total_us=173 api_status=0 transfer_status=0 [23989,24002][transport_manager.cpp:716,GetStatus]
[HIXL_QUERY_PERF] layer=comm_channel request=0xc mutex_wait_us=0 check_us=0 lookup_us=0 flag_check_us=0 complete_us=0 total_us=0 transfer_status=0
[HIXL_QUERY_PERF] layer=adxl_inner request=0xc context_us=0 req_lock_wait_us=0 lookup_us=1 channel_us=7 cleanup_us=0 total_us=8 status=0 transfer_status=0
[HIXL_QUERY_PERF] layer=comm_engine request=0xc total_us=13 status=0 transfer_status=0
[2026-08-24 21:01:19.077108][UC][I] [HIXL_WORKER_PERF] task_id=161 queue_depth=1 enqueue_lock_wait_us=1 enqueue_us=0 queue_wait_us=12 execute_us=20 result_post_us=11 total_us=44 status=0 [23989,24002][hixl_instance.cpp:107,Run]
[2026-08-24 21:01:19.077119][UC][I] [QUERY_PERF] component=ucm layer=hixl_instance request=0xc queue_wait_us=13 backend_us=20 run_post_us=21 total_us=54 api_status=0 transfer_status=0 [23989,24002][hixl_instance.cpp:370,GetTransferStatus]
[2026-08-24 21:01:19.077123][UC][I] [QUERY_PERF] component=ucm layer=hixl_transport handle=30 request=0xc lifecycle_lock_us=1 pending_lock_wait_us=0 pending_lookup_us=1 instance_us=58 erase_us=0 total_us=60 transfer_status=0 [23989,24002][hixl_transport.cpp:734,GetStatus]
[2026-08-24 21:01:19.077127][UC][I] [QUERY_PERF] component=ucm layer=transport_manager handle=30 transport_handle=30 transfers_lock_wait_us=1 lookup_us=0 transport_us=65 total_us=66 api_status=0 transfer_status=0 [23989,24002][transport_manager.cpp:716,GetStatus]
[HIXL_QUERY_PERF] layer=comm_channel request=0xd mutex_wait_us=0 check_us=0 lookup_us=0 flag_check_us=0 complete_us=0 total_us=0 transfer_status=0
[HIXL_QUERY_PERF] layer=adxl_inner request=0xd context_us=1 req_lock_wait_us=0 lookup_us=0 channel_us=8 cleanup_us=0 total_us=9 status=0 transfer_status=0
[HIXL_QUERY_PERF] layer=comm_engine request=0xd total_us=12 status=0 transfer_status=0
[2026-08-24 21:01:19.077173][UC][I] [HIXL_WORKER_PERF] task_id=162 queue_depth=1 enqueue_lock_wait_us=1 enqueue_us=0 queue_wait_us=11 execute_us=17 result_post_us=11 total_us=40 status=0 [23989,24002][hixl_instance.cpp:107,Run]
[2026-08-24 21:01:19.077183][UC][I] [QUERY_PERF] component=ucm layer=hixl_instance request=0xd queue_wait_us=13 backend_us=16 run_post_us=21 total_us=50 api_status=0 transfer_status=0 [23989,24002][hixl_instance.cpp:370,GetTransferStatus]
[2026-08-24 21:01:19.077186][UC][I] [QUERY_PERF] component=ucm layer=hixl_transport handle=31 request=0xd lifecycle_lock_us=0 pending_lock_wait_us=0 pending_lookup_us=0 instance_us=54 erase_us=0 total_us=54 transfer_status=0 [23989,24002][hixl_transport.cpp:734,GetStatus]
[2026-08-24 21:01:19.077189][UC][I] [QUERY_PERF] component=ucm layer=transport_manager handle=31 transport_handle=31 transfers_lock_wait_us=0 lookup_us=0 transport_us=57 total_us=57 api_status=0 transfer_status=0 [23989,24002][transport_manager.cpp:716,GetStatus]
[HIXL_PERF] event=hccl_batch op=1 desc_num=108 hccl_us=106 status=0
[HIXL_PERF] event=issue_hccl_batch op=1 list_num=108 total_us=134
[HIXL_PERF] event=issue_async_host_flag op=1 list_num=108 context_us=1 hccl_issue_us=138 flag_memcpy_us=4 total_us=143
[HIXL_PERF] event=comm_channel_async op=1 list_num=108 mutex_wait_us=0 slot_us=1 host_flag_us=0 record_us=0 issue_us=152 total_us=153
[HIXL_PERF] event=adxl_inner_async op=1 list_num=108 context_us=1 connect_us=0 get_channel_us=0 channel_async_us=160 tail_us=0 total_us=161
[HIXL_PERF] event=comm_engine_async op=1 list_num=108 desc_build_us=0 inner_us=169 total_us=169 status=0
[HIXL_QUERY_PERF] layer=comm_channel request=0xc mutex_wait_us=0 check_us=0 lookup_us=0 flag_check_us=0 complete_us=0 total_us=0 transfer_status=0
[HIXL_QUERY_PERF] layer=adxl_inner request=0xc context_us=1 req_lock_wait_us=0 lookup_us=0 channel_us=33 cleanup_us=0 total_us=34 status=0 transfer_status=0
[HIXL_QUERY_PERF] layer=comm_engine request=0xc total_us=38 status=0 transfer_status=0
[2026-08-24 21:01:19.077244][UC][I] [HIXL_WORKER_PERF] task_id=160 queue_depth=1 enqueue_lock_wait_us=1 enqueue_us=0 queue_wait_us=9 execute_us=177 result_post_us=7 total_us=194 status=0 [23989,24003][hixl_instance.cpp:107,Run]
[2026-08-24 21:01:19.077256][UC][I] [PERF] component=transport event=transfer_submitted manager=127.0.0.1:8000 target=127.0.0.1:4503 handle=32 transport_handle=32 opcode=1 direct=2 segments=108 bytes=7962624 submitted_ts_us=1787576479077254 manager_execute_async_ts_us=1787576479077046 backend_execute_async_ts_us=1787576479077061 manager_to_backend_execute_async_us=15 submit_us=207 [23989,24003][transport_manager.cpp:674,ExecuteAsync]
[2026-08-24 21:01:19.077261][UC][I] [HIXL_WORKER_PERF] task_id=163 queue_depth=1 enqueue_lock_wait_us=1 enqueue_us=0 queue_wait_us=11 execute_us=42 result_post_us=11 total_us=65 status=0 [23989,24002][hixl_instance.cpp:107,Run]
[2026-08-24 21:01:19.077277][UC][I] [QUERY_PERF] component=ucm layer=hixl_instance request=0xc queue_wait_us=12 backend_us=42 run_post_us=27 total_us=81 api_status=0 transfer_status=0 [23989,24002][hixl_instance.cpp:370,GetTransferStatus]
[2026-08-24 21:01:19.077283][UC][I] [QUERY_PERF] component=ucm layer=hixl_transport handle=30 request=0xc lifecycle_lock_us=0 pending_lock_wait_us=0 pending_lookup_us=0 instance_us=88 erase_us=0 total_us=88 transfer_status=0 [23989,24002][hixl_transport.cpp:734,GetStatus]
[2026-08-24 21:01:19.077287][UC][I] [QUERY_PERF] component=ucm layer=transport_manager handle=30 transport_handle=30 transfers_lock_wait_us=0 lookup_us=0 transport_us=93 total_us=93 api_status=0 transfer_status=0 [23989,24002][transport_manager.cpp:716,GetStatus]
[HIXL_QUERY_PERF] layer=comm_channel request=0xd mutex_wait_us=0 check_us=0 lookup_us=0 flag_check_us=0 complete_us=0 total_us=0 transfer_status=0
[HIXL_QUERY_PERF] layer=adxl_inner request=0xd context_us=1 req_lock_wait_us=0 lookup_us=0 channel_us=8 cleanup_us=0 total_us=9 status=0 transfer_status=0
[HIXL_QUERY_PERF] layer=comm_engine request=0xd total_us=13 status=0 transfer_status=0
[2026-08-24 21:01:19.077334][UC][I] [HIXL_WORKER_PERF] task_id=164 queue_depth=1 enqueue_lock_wait_us=1 enqueue_us=0 queue_wait_us=11 execute_us=15 result_post_us=10 total_us=37 status=0 [23989,24002][hixl_instance.cpp:107,Run]
[2026-08-24 21:01:19.077345][UC][I] [QUERY_PERF] component=ucm layer=hixl_instance request=0xd queue_wait_us=12 backend_us=14 run_post_us=23 total_us=49 api_status=0 transfer_status=0 [23989,24002][hixl_instance.cpp:370,GetTransferStatus]
[2026-08-24 21:01:19.077351][UC][I] [QUERY_PERF] component=ucm layer=hixl_transport handle=31 request=0xd lifecycle_lock_us=0 pending_lock_wait_us=1 pending_lookup_us=1 instance_us=55 erase_us=0 total_us=57 transfer_status=0 [23989,24002][hixl_transport.cpp:734,GetStatus]
[2026-08-24 21:01:19.077355][UC][I] [QUERY_PERF] component=ucm layer=transport_manager handle=31 transport_handle=31 transfers_lock_wait_us=0 lookup_us=1 transport_us=62 total_us=63 api_status=0 transfer_status=0 [23989,24002][transport_manager.cpp:716,GetStatus]
[HIXL_PERF] event=hccl_batch op=1 desc_num=108 hccl_us=103 status=0
[HIXL_PERF] event=issue_hccl_batch op=1 list_num=108 total_us=114
[HIXL_PERF] event=issue_async_host_flag op=1 list_num=108 context_us=1 hccl_issue_us=116 flag_memcpy_us=5 total_us=122
[HIXL_PERF] event=comm_channel_async op=1 list_num=108 mutex_wait_us=0 slot_us=1 host_flag_us=0 record_us=0 issue_us=126 total_us=127
[HIXL_PERF] event=adxl_inner_async op=1 list_num=108 context_us=0 connect_us=1 get_channel_us=0 channel_async_us=129 tail_us=1 total_us=131
[HIXL_PERF] event=comm_engine_async op=1 list_num=108 desc_build_us=1 inner_us=133 total_us=134 status=0
[2026-08-24 21:01:19.077473][UC][I] [HIXL_WORKER_PERF] task_id=165 queue_depth=2 enqueue_lock_wait_us=1 enqueue_us=0 queue_wait_us=30 execute_us=140 result_post_us=5 total_us=176 status=0 [23989,24003][hixl_instance.cpp:107,Run]
[HIXL_QUERY_PERF] layer=comm_channel request=0xc mutex_wait_us=0 check_us=0 lookup_us=0 flag_check_us=0 complete_us=3 total_us=3 transfer_status=1
[2026-08-24 21:01:19.077485][UC][I] [PERF] component=transport event=transfer_submitted manager=127.0.0.1:8000 target=127.0.0.1:4501 handle=33 transport_handle=33 opcode=1 direct=2 segments=108 bytes=7962624 submitted_ts_us=1787576479077483 manager_execute_async_ts_us=1787576479077292 backend_execute_async_ts_us=1787576479077328 manager_to_backend_execute_async_us=35 submit_us=190 [23989,24003][transport_manager.cpp:674,ExecuteAsync]
[HIXL_QUERY_PERF] layer=adxl_inner request=0xc context_us=1 req_lock_wait_us=0 lookup_us=0 channel_us=13 cleanup_us=1 total_us=15 status=0 transfer_status=1
[HIXL_QUERY_PERF] layer=comm_engine request=0xc total_us=23 status=0 transfer_status=1
[2026-08-24 21:01:19.077510][UC][I] [HIXL_WORKER_PERF] task_id=166 queue_depth=1 enqueue_lock_wait_us=0 enqueue_us=1 queue_wait_us=109 execute_us=27 result_post_us=11 total_us=148 status=0 [23989,24002][hixl_instance.cpp:107,Run]
[2026-08-24 21:01:19.077523][UC][I] [QUERY_PERF] component=ucm layer=hixl_instance request=0xc queue_wait_us=112 backend_us=26 run_post_us=24 total_us=162 api_status=0 transfer_status=1 [23989,24002][hixl_instance.cpp:370,GetTransferStatus]
[2026-08-24 21:01:19.077529][UC][I] [QUERY_PERF] component=ucm layer=hixl_transport handle=30 request=0xc lifecycle_lock_us=0 pending_lock_wait_us=0 pending_lookup_us=0 instance_us=167 erase_us=1 total_us=168 transfer_status=1 [23989,24002][hixl_transport.cpp:734,GetStatus]
[2026-08-24 21:01:19.077533][UC][I] [QUERY_PERF] component=ucm layer=transport_manager handle=30 transport_handle=30 transfers_lock_wait_us=0 lookup_us=1 transport_us=173 total_us=174 api_status=0 transfer_status=1 [23989,24002][transport_manager.cpp:716,GetStatus]
[2026-08-24 21:01:19.077537][UC][I] [PERF] component=transport event=transfer_done manager=127.0.0.1:8000 target=127.0.0.1:4504 handle=30 transport_handle=30 opcode=1 direct=2 segments=108 bytes=7962624 status=1 api_status=0 submitted_ts_us=1787576479076705 completed_ts_us=1787576479077536 manager_get_status_ts_us=1787576479077359 backend_query_ts_us=1787576479077472 submit_us=2081 transfer_us=831 manager_to_backend_query_us=113 total_us=2912 [23989,24002][transport_manager.cpp:727,GetStatus]
[HIXL_PERF] event=hccl_batch op=1 desc_num=108 hccl_us=119 status=0
[HIXL_PERF] event=issue_hccl_batch op=1 list_num=108 total_us=131
[HIXL_PERF] event=issue_async_host_flag op=1 list_num=108 context_us=0 hccl_issue_us=133 flag_memcpy_us=5 total_us=138
[HIXL_PERF] event=comm_channel_async op=1 list_num=108 mutex_wait_us=0 slot_us=0 host_flag_us=5 record_us=1 issue_us=143 total_us=149
[HIXL_PERF] event=adxl_inner_async op=1 list_num=108 context_us=1 connect_us=0 get_channel_us=0 channel_async_us=154 tail_us=1 total_us=156
[HIXL_PERF] event=comm_engine_async op=1 list_num=108 desc_build_us=0 inner_us=161 total_us=161 status=0
[2026-08-24 21:01:19.077694][UC][I] [HIXL_WORKER_PERF] task_id=167 queue_depth=1 enqueue_lock_wait_us=0 enqueue_us=0 queue_wait_us=7 execute_us=168 result_post_us=6 total_us=181 status=0 [23989,24003][hixl_instance.cpp:107,Run]
[2026-08-24 21:01:19.077708][UC][I] [PERF] component=transport event=transfer_submitted manager=127.0.0.1:8000 target=127.0.0.1:4501 handle=34 transport_handle=34 opcode=1 direct=2 segments=108 bytes=7962624 submitted_ts_us=1787576479077706 manager_execute_async_ts_us=1787576479077509 backend_execute_async_ts_us=1787576479077521 manager_to_backend_execute_async_us=12 submit_us=196 [23989,24003][transport_manager.cpp:674,ExecuteAsync]
[HIXL_PERF] event=hccl_batch op=1 desc_num=1 hccl_us=58 status=0
[HIXL_PERF] event=issue_hccl_batch op=1 list_num=1 total_us=63
[HIXL_PERF] event=issue_async_host_flag op=1 list_num=1 context_us=0 hccl_issue_us=65 flag_memcpy_us=4 total_us=69
[HIXL_PERF] event=comm_channel_async op=1 list_num=1 mutex_wait_us=0 slot_us=0 host_flag_us=0 record_us=0 issue_us=73 total_us=73
[HIXL_PERF] event=adxl_inner_async op=1 list_num=1 context_us=1 connect_us=0 get_channel_us=0 channel_async_us=76 tail_us=0 total_us=77
[HIXL_PERF] event=comm_engine_async op=1 list_num=1 desc_build_us=0 inner_us=79 total_us=79 status=0
[2026-08-24 21:01:19.077789][UC][I] [HIXL_WORKER_PERF] task_id=168 queue_depth=1 enqueue_lock_wait_us=1 enqueue_us=0 queue_wait_us=71 execute_us=84 result_post_us=11 total_us=167 status=0 [23989,24002][hixl_instance.cpp:107,Run]
[2026-08-24 21:01:19.077804][UC][I] [PERF] component=transport event=transfer_submitted manager=127.0.0.1:8000 target=127.0.0.1:4504 handle=35 transport_handle=35 opcode=1 direct=2 segments=1 bytes=63 submitted_ts_us=1787576479077802 manager_execute_async_ts_us=1787576479077618 backend_execute_async_ts_us=1787576479077693 manager_to_backend_execute_async_us=74 submit_us=184 [23989,24002][transport_manager.cpp:674,ExecuteAsync]
[HIXL_QUERY_PERF] layer=comm_channel request=0xd mutex_wait_us=0 check_us=0 lookup_us=0 flag_check_us=0 complete_us=2 total_us=2 transfer_status=1
[HIXL_QUERY_PERF] layer=adxl_inner request=0xd context_us=1 req_lock_wait_us=0 lookup_us=1 channel_us=19 cleanup_us=1 total_us=22 status=0 transfer_status=1
[HIXL_QUERY_PERF] layer=comm_engine request=0xd total_us=26 status=0 transfer_status=1
[2026-08-24 21:01:19.077862][UC][I] [HIXL_WORKER_PERF] task_id=169 queue_depth=1 enqueue_lock_wait_us=0 enqueue_us=0 queue_wait_us=12 execute_us=29 result_post_us=11 total_us=52 status=0 [23989,24002][hixl_instance.cpp:107,Run]
[2026-08-24 21:01:19.077873][UC][I] [QUERY_PERF] component=ucm layer=hixl_instance request=0xd queue_wait_us=14 backend_us=28 run_post_us=21 total_us=63 api_status=0 transfer_status=1 [23989,24002][hixl_instance.cpp:370,GetTransferStatus]
[2026-08-24 21:01:19.077878][UC][I] [QUERY_PERF] component=ucm layer=hixl_transport handle=31 request=0xd lifecycle_lock_us=1 pending_lock_wait_us=0 pending_lookup_us=0 instance_us=68 erase_us=0 total_us=69 transfer_status=1 [23989,24002][hixl_transport.cpp:734,GetStatus]
[2026-08-24 21:01:19.077883][UC][I] [QUERY_PERF] component=ucm layer=transport_manager handle=31 transport_handle=31 transfers_lock_wait_us=0 lookup_us=0 transport_us=74 total_us=74 api_status=0 transfer_status=1 [23989,24002][transport_manager.cpp:716,GetStatus]
[2026-08-24 21:01:19.077888][UC][I] [PERF] component=transport event=transfer_done manager=127.0.0.1:8000 target=127.0.0.1:4504 handle=31 transport_handle=31 opcode=1 direct=2 segments=108 bytes=7962624 status=1 api_status=0 submitted_ts_us=1787576479077013 completed_ts_us=1787576479077887 manager_get_status_ts_us=1787576479077808 backend_query_ts_us=1787576479077823 submit_us=193 transfer_us=874 manager_to_backend_query_us=15 total_us=1067 [23989,24002][transport_manager.cpp:727,GetStatus]
[HIXL_PERF] event=hccl_batch op=1 desc_num=1 hccl_us=58 status=0
[HIXL_PERF] event=issue_hccl_batch op=1 list_num=1 total_us=67
[HIXL_PERF] event=issue_async_host_flag op=1 list_num=1 context_us=1 hccl_issue_us=70 flag_memcpy_us=4 total_us=75
[HIXL_PERF] event=comm_channel_async op=1 list_num=1 mutex_wait_us=0 slot_us=0 host_flag_us=0 record_us=0 issue_us=80 total_us=80
[HIXL_PERF] event=adxl_inner_async op=1 list_num=1 context_us=0 connect_us=0 get_channel_us=1 channel_async_us=85 tail_us=0 total_us=86
[HIXL_PERF] event=comm_engine_async op=1 list_num=1 desc_build_us=0 inner_us=91 total_us=91 status=0
[2026-08-24 21:01:19.078031][UC][I] [HIXL_WORKER_PERF] task_id=170 queue_depth=1 enqueue_lock_wait_us=0 enqueue_us=1 queue_wait_us=11 execute_us=97 result_post_us=17 total_us=126 status=0 [23989,24002][hixl_instance.cpp:107,Run]
[2026-08-24 21:01:19.078046][UC][I] [PERF] component=transport event=transfer_submitted manager=127.0.0.1:8000 target=127.0.0.1:4504 handle=36 transport_handle=36 opcode=1 direct=2 segments=1 bytes=63 submitted_ts_us=1787576479078043 manager_execute_async_ts_us=1787576479077903 backend_execute_async_ts_us=1787576479077917 manager_to_backend_execute_async_us=14 submit_us=140 [23989,24002][transport_manager.cpp:674,ExecuteAsync]
[HIXL_QUERY_PERF] layer=comm_channel request=0x13 mutex_wait_us=0 check_us=0 lookup_us=0 flag_check_us=1 complete_us=1 total_us=2 transfer_status=1
[HIXL_QUERY_PERF] layer=adxl_inner request=0x13 context_us=1 req_lock_wait_us=0 lookup_us=1 channel_us=9 cleanup_us=1 total_us=12 status=0 transfer_status=1
[HIXL_QUERY_PERF] layer=comm_engine request=0x13 total_us=16 status=0 transfer_status=1
[2026-08-24 21:01:19.078101][UC][I] [HIXL_WORKER_PERF] task_id=171 queue_depth=1 enqueue_lock_wait_us=1 enqueue_us=0 queue_wait_us=9 execute_us=22 result_post_us=9 total_us=41 status=0 [23989,24002][hixl_instance.cpp:107,Run]
[2026-08-24 21:01:19.078118][UC][I] [QUERY_PERF] component=ucm layer=hixl_instance request=0x13 queue_wait_us=11 backend_us=21 run_post_us=27 total_us=59 api_status=0 transfer_status=1 [23989,24002][hixl_instance.cpp:370,GetTransferStatus]
[2026-08-24 21:01:19.078129][UC][I] [QUERY_PERF] component=ucm layer=hixl_transport handle=32 request=0x13 lifecycle_lock_us=0 pending_lock_wait_us=0 pending_lookup_us=0 instance_us=69 erase_us=0 total_us=69 transfer_status=1 [23989,24002][hixl_transport.cpp:734,GetStatus]
[2026-08-24 21:01:19.078136][UC][I] [QUERY_PERF] component=ucm layer=transport_manager handle=32 transport_handle=32 transfers_lock_wait_us=0 lookup_us=1 transport_us=78 total_us=79 api_status=0 transfer_status=1 [23989,24002][transport_manager.cpp:716,GetStatus]
[2026-08-24 21:01:19.078142][UC][I] [PERF] component=transport event=transfer_done manager=127.0.0.1:8000 target=127.0.0.1:4503 handle=32 transport_handle=32 opcode=1 direct=2 segments=108 bytes=7962624 status=1 api_status=0 submitted_ts_us=1787576479077254 completed_ts_us=1787576479078140 manager_get_status_ts_us=1787576479078057 backend_query_ts_us=1787576479078070 submit_us=207 transfer_us=886 manager_to_backend_query_us=13 total_us=1093 [23989,24002][transport_manager.cpp:727,GetStatus]
[HIXL_PERF] event=hccl_batch op=1 desc_num=1 hccl_us=60 status=0
[HIXL_PERF] event=issue_hccl_batch op=1 list_num=1 total_us=69
[HIXL_PERF] event=issue_async_host_flag op=1 list_num=1 context_us=1 hccl_issue_us=72 flag_memcpy_us=4 total_us=77
[HIXL_PERF] event=comm_channel_async op=1 list_num=1 mutex_wait_us=0 slot_us=0 host_flag_us=0 record_us=0 issue_us=81 total_us=81
[HIXL_PERF] event=adxl_inner_async op=1 list_num=1 context_us=0 connect_us=0 get_channel_us=1 channel_async_us=87 tail_us=0 total_us=88
[HIXL_PERF] event=comm_engine_async op=1 list_num=1 desc_build_us=0 inner_us=93 total_us=93 status=0
[2026-08-24 21:01:19.078330][UC][I] [HIXL_WORKER_PERF] task_id=172 queue_depth=1 enqueue_lock_wait_us=0 enqueue_us=1 queue_wait_us=7 execute_us=100 result_post_us=8 total_us=116 status=0 [23989,24002][hixl_instance.cpp:107,Run]
[2026-08-24 21:01:19.078339][UC][I] [PERF] component=transport event=transfer_submitted manager=127.0.0.1:8000 target=127.0.0.1:4503 handle=37 transport_handle=37 opcode=1 direct=2 segments=1 bytes=63 submitted_ts_us=1787576479078338 manager_execute_async_ts_us=1787576479078211 backend_execute_async_ts_us=1787576479078222 manager_to_backend_execute_async_us=11 submit_us=127 [23989,24002][transport_manager.cpp:674,ExecuteAsync]
[HIXL_QUERY_PERF] layer=comm_channel request=0x10 mutex_wait_us=0 check_us=0 lookup_us=1 flag_check_us=0 complete_us=1 total_us=2 transfer_status=1
[HIXL_QUERY_PERF] layer=adxl_inner request=0x10 context_us=1 req_lock_wait_us=0 lookup_us=0 channel_us=7 cleanup_us=1 total_us=9 status=0 transfer_status=1
[HIXL_QUERY_PERF] layer=comm_engine request=0x10 total_us=15 status=0 transfer_status=1
[2026-08-24 21:01:19.078376][UC][I] [HIXL_WORKER_PERF] task_id=173 queue_depth=1 enqueue_lock_wait_us=0 enqueue_us=0 queue_wait_us=5 execute_us=19 result_post_us=4 total_us=28 status=0 [23989,24002][hixl_instance.cpp:107,Run]
[2026-08-24 21:01:19.078381][UC][I] [QUERY_PERF] component=ucm layer=hixl_instance request=0x10 queue_wait_us=7 backend_us=18 run_post_us=10 total_us=35 api_status=0 transfer_status=1 [23989,24002][hixl_instance.cpp:370,GetTransferStatus]
[2026-08-24 21:01:19.078384][UC][I] [QUERY_PERF] component=ucm layer=hixl_transport handle=35 request=0x10 lifecycle_lock_us=0 pending_lock_wait_us=0 pending_lookup_us=0 instance_us=37 erase_us=1 total_us=38 transfer_status=1 [23989,24002][hixl_transport.cpp:734,GetStatus]
[2026-08-24 21:01:19.078388][UC][I] [QUERY_PERF] component=ucm layer=transport_manager handle=35 transport_handle=35 transfers_lock_wait_us=0 lookup_us=0 transport_us=42 total_us=42 api_status=0 transfer_status=1 [23989,24002][transport_manager.cpp:716,GetStatus]
[2026-08-24 21:01:19.078392][UC][I] [PERF] component=transport event=transfer_done manager=127.0.0.1:8000 target=127.0.0.1:4504 handle=35 transport_handle=35 opcode=1 direct=2 segments=1 bytes=63 status=1 api_status=0 submitted_ts_us=1787576479077802 completed_ts_us=1787576479078391 manager_get_status_ts_us=1787576479078346 backend_query_ts_us=1787576479078352 submit_us=184 transfer_us=588 manager_to_backend_query_us=7 total_us=772 [23989,24002][transport_manager.cpp:727,GetStatus]
[2026-08-24 21:01:19.078404][UC][I] [PERF] component=drampool event=request_done request_id=1 opcode=2 peer=127.0.0.1:4504 batch_size=108 data_bytes=7962624 failed_items=0 status=SUCCESS failed_stage=NONE received_ts_us=1787576479059819 worker_started_ts_us=1787576479074607 data_transfer_submitted_ts_us=1787576479076714 data_transfer_completed_ts_us=1787576479077549 response_submitted_ts_us=1787576479077807 completed_ts_us=1787576479078398 data_tm_execute_async_ts_us=1787576479074623 data_hixl_execute_async_ts_us=1787576479074634 data_tm_get_status_ts_us=1787576479077359 data_hixl_query_handle_ts_us=1787576479077472 response_tm_execute_async_ts_us=1787576479077618 response_hixl_execute_async_ts_us=1787576479077693 response_tm_get_status_ts_us=1787576479078346 response_hixl_query_handle_ts_us=1787576479078352 request_queue_us=14788 metadata_prepare_us=14 taskworker_prepare_us=2108 poller_queue_us=88 data_transfer_us=835 metadata_settle_us=68 response_slot_wait_us=0 response_submit_us=191 response_transfer_us=588 data_tm_to_hixl_execute_async_us=11 data_tm_to_hixl_query_handle_us=113 response_tm_to_hixl_execute_async_us=74 response_tm_to_hixl_query_handle_us=7 total_us=18579 [23989,24002][completion_poller.cc:56,LogRequestDone]
[HIXL_QUERY_PERF] layer=comm_channel request=0x11 mutex_wait_us=1 check_us=0 lookup_us=0 flag_check_us=0 complete_us=1 total_us=2 transfer_status=1
[HIXL_QUERY_PERF] layer=adxl_inner request=0x11 context_us=1 req_lock_wait_us=0 lookup_us=0 channel_us=6 cleanup_us=0 total_us=7 status=0 transfer_status=1
[HIXL_QUERY_PERF] layer=comm_engine request=0x11 total_us=10 status=0 transfer_status=1
[2026-08-24 21:01:19.078444][UC][I] [HIXL_WORKER_PERF] task_id=174 queue_depth=1 enqueue_lock_wait_us=0 enqueue_us=0 queue_wait_us=4 execute_us=11 result_post_us=5 total_us=20 status=0 [23989,24002][hixl_instance.cpp:107,Run]
[2026-08-24 21:01:19.078452][UC][I] [QUERY_PERF] component=ucm layer=hixl_instance request=0x11 queue_wait_us=4 backend_us=11 run_post_us=13 total_us=28 api_status=0 transfer_status=1 [23989,24002][hixl_instance.cpp:370,GetTransferStatus]
[2026-08-24 21:01:19.078460][UC][I] [QUERY_PERF] component=ucm layer=hixl_transport handle=36 request=0x11 lifecycle_lock_us=0 pending_lock_wait_us=0 pending_lookup_us=0 instance_us=36 erase_us=0 total_us=36 transfer_status=1 [23989,24002][hixl_transport.cpp:734,GetStatus]
[2026-08-24 21:01:19.078466][UC][I] [QUERY_PERF] component=ucm layer=transport_manager handle=36 transport_handle=36 transfers_lock_wait_us=1 lookup_us=0 transport_us=42 total_us=43 api_status=0 transfer_status=1 [23989,24002][transport_manager.cpp:716,GetStatus]
[2026-08-24 21:01:19.078470][UC][I] [PERF] component=transport event=transfer_done manager=127.0.0.1:8000 target=127.0.0.1:4504 handle=36 transport_handle=36 opcode=1 direct=2 segments=1 bytes=63 status=1 api_status=0 submitted_ts_us=1787576479078043 completed_ts_us=1787576479078469 manager_get_status_ts_us=1787576479078423 backend_query_ts_us=1787576479078428 submit_us=140 transfer_us=426 manager_to_backend_query_us=5 total_us=566 [23989,24002][transport_manager.cpp:727,GetStatus]
[2026-08-24 21:01:19.078478][UC][I] [PERF] component=drampool event=request_done request_id=2 opcode=2 peer=127.0.0.1:4504 batch_size=108 data_bytes=7962624 failed_items=0 status=SUCCESS failed_stage=NONE received_ts_us=1787576479059822 worker_started_ts_us=1787576479076717 data_transfer_submitted_ts_us=1787576479077025 data_transfer_completed_ts_us=1787576479077892 response_submitted_ts_us=1787576479078053 completed_ts_us=1787576479078475 data_tm_execute_async_ts_us=1787576479076819 data_hixl_execute_async_ts_us=1787576479076846 data_tm_get_status_ts_us=1787576479077808 data_hixl_query_handle_ts_us=1787576479077823 response_tm_execute_async_ts_us=1787576479077903 response_hixl_execute_async_ts_us=1787576479077917 response_tm_get_status_ts_us=1787576479078423 response_hixl_query_handle_ts_us=1787576479078428 request_queue_us=16895 metadata_prepare_us=99 taskworker_prepare_us=310 poller_queue_us=34 data_transfer_us=867 metadata_settle_us=8 response_slot_wait_us=1 response_submit_us=151 response_transfer_us=422 data_tm_to_hixl_execute_async_us=27 data_tm_to_hixl_query_handle_us=15 response_tm_to_hixl_execute_async_us=14 response_tm_to_hixl_query_handle_us=5 total_us=18654 [23989,24002][completion_poller.cc:56,LogRequestDone]
[HIXL_QUERY_PERF] layer=comm_channel request=0x14 mutex_wait_us=0 check_us=0 lookup_us=1 flag_check_us=0 complete_us=1 total_us=2 transfer_status=1
[HIXL_QUERY_PERF] layer=adxl_inner request=0x14 context_us=0 req_lock_wait_us=1 lookup_us=0 channel_us=11 cleanup_us=0 total_us=12 status=0 transfer_status=1
[HIXL_QUERY_PERF] layer=comm_engine request=0x14 total_us=17 status=0 transfer_status=1
[2026-08-24 21:01:19.078526][UC][I] [HIXL_WORKER_PERF] task_id=175 queue_depth=1 enqueue_lock_wait_us=1 enqueue_us=0 queue_wait_us=9 execute_us=22 result_post_us=8 total_us=40 status=0 [23989,24002][hixl_instance.cpp:107,Run]
[2026-08-24 21:01:19.078534][UC][I] [QUERY_PERF] component=ucm layer=hixl_instance request=0x14 queue_wait_us=10 backend_us=22 run_post_us=16 total_us=48 api_status=0 transfer_status=1 [23989,24002][hixl_instance.cpp:370,GetTransferStatus]
[2026-08-24 21:01:19.078537][UC][I] [QUERY_PERF] component=ucm layer=hixl_transport handle=37 request=0x14 lifecycle_lock_us=0 pending_lock_wait_us=0 pending_lookup_us=0 instance_us=51 erase_us=1 total_us=52 transfer_status=1 [23989,24002][hixl_transport.cpp:734,GetStatus]
[2026-08-24 21:01:19.078540][UC][I] [QUERY_PERF] component=ucm layer=transport_manager handle=37 transport_handle=37 transfers_lock_wait_us=0 lookup_us=0 transport_us=55 total_us=55 api_status=0 transfer_status=1 [23989,24002][transport_manager.cpp:716,GetStatus]
[2026-08-24 21:01:19.078546][UC][I] [PERF] component=transport event=transfer_done manager=127.0.0.1:8000 target=127.0.0.1:4503 handle=37 transport_handle=37 opcode=1 direct=2 segments=1 bytes=63 status=1 api_status=0 submitted_ts_us=1787576479078338 completed_ts_us=1787576479078545 manager_get_status_ts_us=1787576479078485 backend_query_ts_us=1787576479078495 submit_us=127 transfer_us=207 manager_to_backend_query_us=10 total_us=334 [23989,24002][transport_manager.cpp:727,GetStatus]
[2026-08-24 21:01:19.078552][UC][I] [PERF] component=drampool event=request_done request_id=2 opcode=2 peer=127.0.0.1:4503 batch_size=108 data_bytes=7962624 failed_items=0 status=SUCCESS failed_stage=NONE received_ts_us=1787576479059827 worker_started_ts_us=1787576479077028 data_transfer_submitted_ts_us=1787576479077269 data_transfer_completed_ts_us=1787576479078147 response_submitted_ts_us=1787576479078342 completed_ts_us=1787576479078549 data_tm_execute_async_ts_us=1787576479077046 data_hixl_execute_async_ts_us=1787576479077061 data_tm_get_status_ts_us=1787576479078057 data_hixl_query_handle_ts_us=1787576479078070 response_tm_execute_async_ts_us=1787576479078211 response_hixl_execute_async_ts_us=1787576479078222 response_tm_get_status_ts_us=1787576479078485 response_hixl_query_handle_ts_us=1787576479078495 request_queue_us=17201 metadata_prepare_us=16 taskworker_prepare_us=244 poller_queue_us=87 data_transfer_us=878 metadata_settle_us=57 response_slot_wait_us=3 response_submit_us=135 response_transfer_us=207 data_tm_to_hixl_execute_async_us=15 data_tm_to_hixl_query_handle_us=13 response_tm_to_hixl_execute_async_us=11 response_tm_to_hixl_query_handle_us=10 total_us=18723 [23989,24002][completion_poller.cc:56,LogRequestDone]
[HIXL_QUERY_PERF] layer=comm_channel request=0xe mutex_wait_us=0 check_us=0 lookup_us=0 flag_check_us=0 complete_us=1 total_us=1 transfer_status=1
[HIXL_QUERY_PERF] layer=adxl_inner request=0xe context_us=1 req_lock_wait_us=0 lookup_us=1 channel_us=5 cleanup_us=0 total_us=7 status=0 transfer_status=1
[HIXL_QUERY_PERF] layer=comm_engine request=0xe total_us=9 status=0 transfer_status=1
[2026-08-24 21:01:19.078575][UC][I] [HIXL_WORKER_PERF] task_id=176 queue_depth=1 enqueue_lock_wait_us=0 enqueue_us=0 queue_wait_us=4 execute_us=11 result_post_us=4 total_us=19 status=0 [23989,24002][hixl_instance.cpp:107,Run]
[2026-08-24 21:01:19.078579][UC][I] [QUERY_PERF] component=ucm layer=hixl_instance request=0xe queue_wait_us=4 backend_us=11 run_post_us=8 total_us=23 api_status=0 transfer_status=1 [23989,24002][hixl_instance.cpp:370,GetTransferStatus]
[2026-08-24 21:01:19.078584][UC][I] [QUERY_PERF] component=ucm layer=hixl_transport handle=33 request=0xe lifecycle_lock_us=0 pending_lock_wait_us=0 pending_lookup_us=0 instance_us=27 erase_us=0 total_us=27 transfer_status=1 [23989,24002][hixl_transport.cpp:734,GetStatus]
[2026-08-24 21:01:19.078587][UC][I] [QUERY_PERF] component=ucm layer=transport_manager handle=33 transport_handle=33 transfers_lock_wait_us=0 lookup_us=1 transport_us=30 total_us=31 api_status=0 transfer_status=1 [23989,24002][transport_manager.cpp:716,GetStatus]
[2026-08-24 21:01:19.078590][UC][I] [PERF] component=transport event=transfer_done manager=127.0.0.1:8000 target=127.0.0.1:4501 handle=33 transport_handle=33 opcode=1 direct=2 segments=108 bytes=7962624 status=1 api_status=0 submitted_ts_us=1787576479077483 completed_ts_us=1787576479078589 manager_get_status_ts_us=1787576479078555 backend_query_ts_us=1787576479078560 submit_us=190 transfer_us=1105 manager_to_backend_query_us=5 total_us=1295 [23989,24002][transport_manager.cpp:727,GetStatus]
[HIXL_PERF] event=hccl_batch op=1 desc_num=1 hccl_us=60 status=0
[HIXL_PERF] event=issue_hccl_batch op=1 list_num=1 total_us=65
[HIXL_PERF] event=issue_async_host_flag op=1 list_num=1 context_us=1 hccl_issue_us=66 flag_memcpy_us=5 total_us=72
[HIXL_PERF] event=comm_channel_async op=1 list_num=1 mutex_wait_us=0 slot_us=0 host_flag_us=0 record_us=0 issue_us=74 total_us=74
[HIXL_PERF] event=adxl_inner_async op=1 list_num=1 context_us=0 connect_us=0 get_channel_us=1 channel_async_us=76 tail_us=0 total_us=77
[HIXL_PERF] event=comm_engine_async op=1 list_num=1 desc_build_us=0 inner_us=79 total_us=79 status=0
[2026-08-24 21:01:19.078695][UC][I] [HIXL_WORKER_PERF] task_id=177 queue_depth=1 enqueue_lock_wait_us=0 enqueue_us=0 queue_wait_us=4 execute_us=83 result_post_us=4 total_us=91 status=0 [23989,24002][hixl_instance.cpp:107,Run]
[2026-08-24 21:01:19.078703][UC][I] [PERF] component=transport event=transfer_submitted manager=127.0.0.1:8000 target=127.0.0.1:4501 handle=38 transport_handle=38 opcode=1 direct=2 segments=1 bytes=63 submitted_ts_us=1787576479078702 manager_execute_async_ts_us=1787576479078603 backend_execute_async_ts_us=1787576479078608 manager_to_backend_execute_async_us=5 submit_us=98 [23989,24002][transport_manager.cpp:674,ExecuteAsync]
[HIXL_QUERY_PERF] layer=comm_channel request=0xf mutex_wait_us=0 check_us=0 lookup_us=0 flag_check_us=0 complete_us=1 total_us=1 transfer_status=1
[HIXL_QUERY_PERF] layer=adxl_inner request=0xf context_us=1 req_lock_wait_us=0 lookup_us=1 channel_us=5 cleanup_us=0 total_us=7 status=0 transfer_status=1
[HIXL_QUERY_PERF] layer=comm_engine request=0xf total_us=11 status=0 transfer_status=1
[2026-08-24 21:01:19.078734][UC][I] [HIXL_WORKER_PERF] task_id=178 queue_depth=1 enqueue_lock_wait_us=0 enqueue_us=0 queue_wait_us=4 execute_us=12 result_post_us=4 total_us=20 status=0 [23989,24002][hixl_instance.cpp:107,Run]
[2026-08-24 21:01:19.078739][UC][I] [QUERY_PERF] component=ucm layer=hixl_instance request=0xf queue_wait_us=4 backend_us=12 run_post_us=9 total_us=25 api_status=0 transfer_status=1 [23989,24002][hixl_instance.cpp:370,GetTransferStatus]
[2026-08-24 21:01:19.078744][UC][I] [QUERY_PERF] component=ucm layer=hixl_transport handle=34 request=0xf lifecycle_lock_us=0 pending_lock_wait_us=0 pending_lookup_us=0 instance_us=30 erase_us=1 total_us=31 transfer_status=1 [23989,24002][hixl_transport.cpp:734,GetStatus]
[2026-08-24 21:01:19.078750][UC][I] [QUERY_PERF] component=ucm layer=transport_manager handle=34 transport_handle=34 transfers_lock_wait_us=0 lookup_us=1 transport_us=37 total_us=38 api_status=0 transfer_status=1 [23989,24002][transport_manager.cpp:716,GetStatus]
[2026-08-24 21:01:19.078758][UC][I] [PERF] component=transport event=transfer_done manager=127.0.0.1:8000 target=127.0.0.1:4501 handle=34 transport_handle=34 opcode=1 direct=2 segments=108 bytes=7962624 status=1 api_status=0 submitted_ts_us=1787576479077706 completed_ts_us=1787576479078757 manager_get_status_ts_us=1787576479078712 backend_query_ts_us=1787576479078717 submit_us=196 transfer_us=1050 manager_to_backend_query_us=5 total_us=1246 [23989,24002][transport_manager.cpp:727,GetStatus]
[HIXL_PERF] event=hccl_batch op=1 desc_num=1 hccl_us=53 status=0
[HIXL_PERF] event=issue_hccl_batch op=1 list_num=1 total_us=60
[HIXL_PERF] event=issue_async_host_flag op=1 list_num=1 context_us=1 hccl_issue_us=62 flag_memcpy_us=4 total_us=67
[HIXL_PERF] event=comm_channel_async op=1 list_num=1 mutex_wait_us=0 slot_us=0 host_flag_us=0 record_us=0 issue_us=72 total_us=72
[HIXL_PERF] event=adxl_inner_async op=1 list_num=1 context_us=0 connect_us=0 get_channel_us=1 channel_async_us=76 tail_us=1 total_us=78
[HIXL_PERF] event=comm_engine_async op=1 list_num=1 desc_build_us=0 inner_us=83 total_us=83 status=0
[2026-08-24 21:01:19.078873][UC][I] [HIXL_WORKER_PERF] task_id=179 queue_depth=1 enqueue_lock_wait_us=0 enqueue_us=0 queue_wait_us=5 execute_us=88 result_post_us=5 total_us=98 status=0 [23989,24002][hixl_instance.cpp:107,Run]
[2026-08-24 21:01:19.078880][UC][I] [PERF] component=transport event=transfer_submitted manager=127.0.0.1:8000 target=127.0.0.1:4501 handle=39 transport_handle=39 opcode=1 direct=2 segments=1 bytes=63 submitted_ts_us=1787576479078879 manager_execute_async_ts_us=1787576479078774 backend_execute_async_ts_us=1787576479078780 manager_to_backend_execute_async_us=6 submit_us=104 [23989,24002][transport_manager.cpp:674,ExecuteAsync]
[HIXL_QUERY_PERF] layer=comm_channel request=0x12 mutex_wait_us=0 check_us=1 lookup_us=0 flag_check_us=0 complete_us=1 total_us=2 transfer_status=1
[HIXL_QUERY_PERF] layer=adxl_inner request=0x12 context_us=1 req_lock_wait_us=0 lookup_us=0 channel_us=7 cleanup_us=0 total_us=8 status=0 transfer_status=1
[HIXL_QUERY_PERF] layer=comm_engine request=0x12 total_us=13 status=0 transfer_status=1
[2026-08-24 21:01:19.078909][UC][I] [HIXL_WORKER_PERF] task_id=180 queue_depth=1 enqueue_lock_wait_us=1 enqueue_us=0 queue_wait_us=4 execute_us=15 result_post_us=4 total_us=24 status=0 [23989,24002][hixl_instance.cpp:107,Run]
[2026-08-24 21:01:19.078920][UC][I] [QUERY_PERF] component=ucm layer=hixl_instance request=0x12 queue_wait_us=5 backend_us=15 run_post_us=15 total_us=35 api_status=0 transfer_status=1 [23989,24002][hixl_instance.cpp:370,GetTransferStatus]
[2026-08-24 21:01:19.078927][UC][I] [QUERY_PERF] component=ucm layer=hixl_transport handle=38 request=0x12 lifecycle_lock_us=0 pending_lock_wait_us=0 pending_lookup_us=0 instance_us=41 erase_us=0 total_us=41 transfer_status=1 [23989,24002][hixl_transport.cpp:734,GetStatus]
[2026-08-24 21:01:19.078931][UC][I] [QUERY_PERF] component=ucm layer=transport_manager handle=38 transport_handle=38 transfers_lock_wait_us=0 lookup_us=0 transport_us=46 total_us=46 api_status=0 transfer_status=1 [23989,24002][transport_manager.cpp:716,GetStatus]
[2026-08-24 21:01:19.078935][UC][I] [PERF] component=transport event=transfer_done manager=127.0.0.1:8000 target=127.0.0.1:4501 handle=38 transport_handle=38 opcode=1 direct=2 segments=1 bytes=63 status=1 api_status=0 submitted_ts_us=1787576479078702 completed_ts_us=1787576479078934 manager_get_status_ts_us=1787576479078885 backend_query_ts_us=1787576479078890 submit_us=98 transfer_us=232 manager_to_backend_query_us=5 total_us=330 [23989,24002][transport_manager.cpp:727,GetStatus]
[2026-08-24 21:01:19.078940][UC][I] [PERF] component=drampool event=request_done request_id=3 opcode=2 peer=127.0.0.1:4501 batch_size=108 data_bytes=7962624 failed_items=0 status=SUCCESS failed_stage=NONE received_ts_us=1787576479062014 worker_started_ts_us=1787576479077273 data_transfer_submitted_ts_us=1787576479077492 data_transfer_completed_ts_us=1787576479078593 response_submitted_ts_us=1787576479078711 completed_ts_us=1787576479078938 data_tm_execute_async_ts_us=1787576479077292 data_hixl_execute_async_ts_us=1787576479077328 data_tm_get_status_ts_us=1787576479078555 data_hixl_query_handle_ts_us=1787576479078560 response_tm_execute_async_ts_us=1787576479078603 response_hixl_execute_async_ts_us=1787576479078608 response_tm_get_status_ts_us=1787576479078885 response_hixl_query_handle_ts_us=1787576479078890 request_queue_us=15260 metadata_prepare_us=17 taskworker_prepare_us=219 poller_queue_us=851 data_transfer_us=1101 metadata_settle_us=9 response_slot_wait_us=0 response_submit_us=110 response_transfer_us=225 data_tm_to_hixl_execute_async_us=35 data_tm_to_hixl_query_handle_us=5 response_tm_to_hixl_execute_async_us=5 response_tm_to_hixl_query_handle_us=5 total_us=16924 [23989,24002][completion_poller.cc:56,LogRequestDone]
[HIXL_QUERY_PERF] layer=comm_channel request=0x13 mutex_wait_us=0 check_us=0 lookup_us=0 flag_check_us=0 complete_us=1 total_us=1 transfer_status=1
[HIXL_QUERY_PERF] layer=adxl_inner request=0x13 context_us=1 req_lock_wait_us=0 lookup_us=0 channel_us=4 cleanup_us=1 total_us=6 status=0 transfer_status=1
[HIXL_QUERY_PERF] layer=comm_engine request=0x13 total_us=8 status=0 transfer_status=1
[2026-08-24 21:01:19.078967][UC][I] [HIXL_WORKER_PERF] task_id=181 queue_depth=1 enqueue_lock_wait_us=0 enqueue_us=0 queue_wait_us=4 execute_us=10 result_post_us=3 total_us=17 status=0 [23989,24002][hixl_instance.cpp:107,Run]
[2026-08-24 21:01:19.078972][UC][I] [QUERY_PERF] component=ucm layer=hixl_instance request=0x13 queue_wait_us=5 backend_us=10 run_post_us=9 total_us=24 api_status=0 transfer_status=1 [23989,24002][hixl_instance.cpp:370,GetTransferStatus]
[2026-08-24 21:01:19.078980][UC][I] [QUERY_PERF] component=ucm layer=hixl_transport handle=39 request=0x13 lifecycle_lock_us=0 pending_lock_wait_us=0 pending_lookup_us=0 instance_us=31 erase_us=0 total_us=31 transfer_status=1 [23989,24002][hixl_transport.cpp:734,GetStatus]
[2026-08-24 21:01:19.078987][UC][I] [QUERY_PERF] component=ucm layer=transport_manager handle=39 transport_handle=39 transfers_lock_wait_us=0 lookup_us=0 transport_us=39 total_us=39 api_status=0 transfer_status=1 [23989,24002][transport_manager.cpp:716,GetStatus]
[2026-08-24 21:01:19.078993][UC][I] [PERF] component=transport event=transfer_done manager=127.0.0.1:8000 target=127.0.0.1:4501 handle=39 transport_handle=39 opcode=1 direct=2 segments=1 bytes=63 status=1 api_status=0 submitted_ts_us=1787576479078879 completed_ts_us=1787576479078992 manager_get_status_ts_us=1787576479078948 backend_query_ts_us=1787576479078953 submit_us=104 transfer_us=113 manager_to_backend_query_us=5 total_us=217 [23989,24002][transport_manager.cpp:727,GetStatus]
[2026-08-24 21:01:19.078999][UC][I] [PERF] component=drampool event=request_done request_id=4 opcode=2 peer=127.0.0.1:4501 batch_size=108 data_bytes=7962624 failed_items=0 status=SUCCESS failed_stage=NONE received_ts_us=1787576479062017 worker_started_ts_us=1787576479077495 data_transfer_submitted_ts_us=1787576479077714 data_transfer_completed_ts_us=1787576479078765 response_submitted_ts_us=1787576479078884 completed_ts_us=1787576479078997 data_tm_execute_async_ts_us=1787576479077509 data_hixl_execute_async_ts_us=1787576479077521 data_tm_get_status_ts_us=1787576479078712 data_hixl_query_handle_ts_us=1787576479078717 response_tm_execute_async_ts_us=1787576479078774 response_hixl_execute_async_ts_us=1787576479078780 response_tm_get_status_ts_us=1787576479078948 response_hixl_query_handle_ts_us=1787576479078953 request_queue_us=15478 metadata_prepare_us=13 taskworker_prepare_us=221 poller_queue_us=629 data_transfer_us=1050 metadata_settle_us=8 response_slot_wait_us=0 response_submit_us=111 response_transfer_us=113 data_tm_to_hixl_execute_async_us=12 data_tm_to_hixl_query_handle_us=5 response_tm_to_hixl_execute_async_us=6 response_tm_to_hixl_query_handle_us=5 total_us=16981 [23989,24002][completion_poller.cc:56,LogRequestDone]
[HIXL_PERF] event=hccl_batch op=1 desc_num=1 hccl_us=244 status=0
[HIXL_PERF] event=issue_hccl_batch op=1 list_num=1 total_us=273
[HIXL_PERF] event=issue_async_host_flag op=1 list_num=1 context_us=1 hccl_issue_us=278 flag_memcpy_us=14 total_us=293
[HIXL_PERF] event=comm_channel_async op=1 list_num=1 mutex_wait_us=0 slot_us=2 host_flag_us=1 record_us=1 issue_us=297 total_us=301
[HIXL_PERF] event=adxl_inner_async op=1 list_num=1 context_us=10 connect_us=0 get_channel_us=4 channel_async_us=304 tail_us=1 total_us=319
[HIXL_PERF] event=comm_engine_async op=1 list_num=1 desc_build_us=1 inner_us=328 total_us=329 status=0
[2026-08-24 21:01:24.180372][UC][I] [HIXL_WORKER_PERF] task_id=182 queue_depth=1 enqueue_lock_wait_us=1 enqueue_us=1 queue_wait_us=13 execute_us=346 result_post_us=9 total_us=370 status=0 [23989,24002][hixl_instance.cpp:107,Run]
[2026-08-24 21:01:24.180409][UC][I] [PERF] component=transport event=transfer_submitted manager=127.0.0.1:8000 target=127.0.0.1:4500 handle=40 transport_handle=40 opcode=1 direct=2 segments=1 bytes=10 submitted_ts_us=1787576484180406 manager_execute_async_ts_us=1787576484179990 backend_execute_async_ts_us=1787576484180018 manager_to_backend_execute_async_us=28 submit_us=413 [23989,24002][transport_manager.cpp:674,ExecuteAsync]
[HIXL_QUERY_PERF] layer=comm_channel request=0x14 mutex_wait_us=0 check_us=1 lookup_us=0 flag_check_us=1 complete_us=6 total_us=8 transfer_status=1
[HIXL_QUERY_PERF] layer=adxl_inner request=0x14 context_us=2 req_lock_wait_us=0 lookup_us=1 channel_us=13 cleanup_us=1 total_us=17 status=0 transfer_status=1
[HIXL_QUERY_PERF] layer=comm_engine request=0x14 total_us=22 status=0 transfer_status=1
[2026-08-24 21:01:24.180471][UC][I] [HIXL_WORKER_PERF] task_id=183 queue_depth=1 enqueue_lock_wait_us=0 enqueue_us=0 queue_wait_us=6 execute_us=26 result_post_us=6 total_us=38 status=0 [23989,24002][hixl_instance.cpp:107,Run]
[2026-08-24 21:01:24.180477][UC][I] [QUERY_PERF] component=ucm layer=hixl_instance request=0x14 queue_wait_us=7 backend_us=26 run_post_us=11 total_us=44 api_status=0 transfer_status=1 [23989,24002][hixl_instance.cpp:370,GetTransferStatus]
[2026-08-24 21:01:24.180483][UC][I] [QUERY_PERF] component=ucm layer=hixl_transport handle=40 request=0x14 lifecycle_lock_us=0 pending_lock_wait_us=1 pending_lookup_us=0 instance_us=48 erase_us=1 total_us=50 transfer_status=1 [23989,24002][hixl_transport.cpp:734,GetStatus]
[2026-08-24 21:01:24.180487][UC][I] [QUERY_PERF] component=ucm layer=transport_manager handle=40 transport_handle=40 transfers_lock_wait_us=1 lookup_us=0 transport_us=55 total_us=56 api_status=0 transfer_status=1 [23989,24002][transport_manager.cpp:716,GetStatus]
[2026-08-24 21:01:24.180493][UC][I] [PERF] component=transport event=transfer_done manager=127.0.0.1:8000 target=127.0.0.1:4500 handle=40 transport_handle=40 opcode=1 direct=2 segments=1 bytes=10 status=1 api_status=0 submitted_ts_us=1787576484180406 completed_ts_us=1787576484180491 manager_get_status_ts_us=1787576484180430 backend_query_ts_us=1787576484180439 submit_us=413 transfer_us=84 manager_to_backend_query_us=9 total_us=497 [23989,24002][transport_manager.cpp:727,GetStatus]
[2026-08-24 21:01:24.180504][UC][I] [PERF] component=drampool event=request_done request_id=5 opcode=0 peer=127.0.0.1:4500 batch_size=2 data_bytes=0 failed_items=0 status=SUCCESS failed_stage=NONE received_ts_us=1787576484179857 worker_started_ts_us=1787576484179942 data_transfer_submitted_ts_us=0 data_transfer_completed_ts_us=0 response_submitted_ts_us=1787576484180429 completed_ts_us=1787576484180500 data_tm_execute_async_ts_us=0 data_hixl_execute_async_ts_us=0 data_tm_get_status_ts_us=0 data_hixl_query_handle_ts_us=0 response_tm_execute_async_ts_us=1787576484179990 response_hixl_execute_async_ts_us=1787576484180018 response_tm_get_status_ts_us=1787576484180430 response_hixl_query_handle_ts_us=1787576484180439 request_queue_us=85 metadata_prepare_us=2 taskworker_prepare_us=6 poller_queue_us=31 data_transfer_us=0 metadata_settle_us=0 response_slot_wait_us=35 response_submit_us=447 response_transfer_us=69 data_tm_to_hixl_execute_async_us=0 data_tm_to_hixl_query_handle_us=0 response_tm_to_hixl_execute_async_us=28 response_tm_to_hixl_query_handle_us=9 total_us=643 [23989,24002][completion_poller.cc:56,LogRequestDone]
[HIXL_PERF] event=hccl_batch op=1 desc_num=1 hccl_us=90 status=0
[HIXL_PERF] event=issue_hccl_batch op=1 list_num=1 total_us=96
[HIXL_PERF] event=issue_async_host_flag op=1 list_num=1 context_us=0 hccl_issue_us=99 flag_memcpy_us=6 total_us=105
[HIXL_PERF] event=comm_channel_async op=1 list_num=1 mutex_wait_us=0 slot_us=1 host_flag_us=0 record_us=1 issue_us=108 total_us=110
[HIXL_PERF] event=adxl_inner_async op=1 list_num=1 context_us=1 connect_us=0 get_channel_us=0 channel_async_us=114 tail_us=1 total_us=116
[HIXL_PERF] event=comm_engine_async op=1 list_num=1 desc_build_us=0 inner_us=118 total_us=118 status=0
[2026-08-24 21:01:24.181112][UC][I] [HIXL_WORKER_PERF] task_id=184 queue_depth=1 enqueue_lock_wait_us=0 enqueue_us=0 queue_wait_us=7 execute_us=123 result_post_us=6 total_us=136 status=0 [23989,24002][hixl_instance.cpp:107,Run]
[2026-08-24 21:01:24.181119][UC][I] [PERF] component=transport event=transfer_submitted manager=127.0.0.1:8000 target=127.0.0.1:4500 handle=41 transport_handle=41 opcode=1 direct=2 segments=1 bytes=10 submitted_ts_us=1787576484181117 manager_execute_async_ts_us=1787576484180973 backend_execute_async_ts_us=1787576484180982 manager_to_backend_execute_async_us=9 submit_us=144 [23989,24002][transport_manager.cpp:674,ExecuteAsync]
[HIXL_QUERY_PERF] layer=comm_channel request=0x15 mutex_wait_us=0 check_us=0 lookup_us=0 flag_check_us=0 complete_us=2 total_us=2 transfer_status=1
[HIXL_QUERY_PERF] layer=adxl_inner request=0x15 context_us=1 req_lock_wait_us=0 lookup_us=1 channel_us=6 cleanup_us=0 total_us=8 status=0 transfer_status=1
[HIXL_QUERY_PERF] layer=comm_engine request=0x15 total_us=11 status=0 transfer_status=1
[2026-08-24 21:01:24.181148][UC][I] [HIXL_WORKER_PERF] task_id=185 queue_depth=1 enqueue_lock_wait_us=1 enqueue_us=0 queue_wait_us=5 execute_us=13 result_post_us=5 total_us=24 status=0 [23989,24002][hixl_instance.cpp:107,Run]
[2026-08-24 21:01:24.181155][UC][I] [QUERY_PERF] component=ucm layer=hixl_instance request=0x15 queue_wait_us=6 backend_us=13 run_post_us=11 total_us=30 api_status=0 transfer_status=1 [23989,24002][hixl_instance.cpp:370,GetTransferStatus]
[2026-08-24 21:01:24.181159][UC][I] [QUERY_PERF] component=ucm layer=hixl_transport handle=41 request=0x15 lifecycle_lock_us=0 pending_lock_wait_us=0 pending_lookup_us=0 instance_us=34 erase_us=0 total_us=34 transfer_status=1 [23989,24002][hixl_transport.cpp:734,GetStatus]
[2026-08-24 21:01:24.181166][UC][I] [QUERY_PERF] component=ucm layer=transport_manager handle=41 transport_handle=41 transfers_lock_wait_us=0 lookup_us=0 transport_us=42 total_us=42 api_status=0 transfer_status=1 [23989,24002][transport_manager.cpp:716,GetStatus]
[2026-08-24 21:01:24.181170][UC][I] [PERF] component=transport event=transfer_done manager=127.0.0.1:8000 target=127.0.0.1:4500 handle=41 transport_handle=41 opcode=1 direct=2 segments=1 bytes=10 status=1 api_status=0 submitted_ts_us=1787576484181117 completed_ts_us=1787576484181169 manager_get_status_ts_us=1787576484181124 backend_query_ts_us=1787576484181130 submit_us=144 transfer_us=51 manager_to_backend_query_us=6 total_us=195 [23989,24002][transport_manager.cpp:727,GetStatus]
[2026-08-24 21:01:24.181177][UC][I] [PERF] component=drampool event=request_done request_id=6 opcode=0 peer=127.0.0.1:4500 batch_size=2 data_bytes=0 failed_items=0 status=SUCCESS failed_stage=NONE received_ts_us=1787576484180814 worker_started_ts_us=1787576484180865 data_transfer_submitted_ts_us=0 data_transfer_completed_ts_us=0 response_submitted_ts_us=1787576484181123 completed_ts_us=1787576484181174 data_tm_execute_async_ts_us=0 data_hixl_execute_async_ts_us=0 data_tm_get_status_ts_us=0 data_hixl_query_handle_ts_us=0 response_tm_execute_async_ts_us=1787576484180973 response_hixl_execute_async_ts_us=1787576484180982 response_tm_get_status_ts_us=1787576484181124 response_hixl_query_handle_ts_us=1787576484181130 request_queue_us=51 metadata_prepare_us=1 taskworker_prepare_us=2 poller_queue_us=103 data_transfer_us=0 metadata_settle_us=0 response_slot_wait_us=105 response_submit_us=152 response_transfer_us=51 data_tm_to_hixl_execute_async_us=0 data_tm_to_hixl_query_handle_us=0 response_tm_to_hixl_execute_async_us=9 response_tm_to_hixl_query_handle_us=6 total_us=360 [23989,24002][completion_poller.cc:56,LogRequestDone]
[HIXL_PERF] event=hccl_batch op=1 desc_num=1 hccl_us=61 status=0
[HIXL_PERF] event=issue_hccl_batch op=1 list_num=1 total_us=70
[HIXL_PERF] event=issue_async_host_flag op=1 list_num=1 context_us=1 hccl_issue_us=74 flag_memcpy_us=5 total_us=80
[HIXL_PERF] event=comm_channel_async op=1 list_num=1 mutex_wait_us=0 slot_us=0 host_flag_us=0 record_us=0 issue_us=84 total_us=84
[HIXL_PERF] event=adxl_inner_async op=1 list_num=1 context_us=1 connect_us=0 get_channel_us=0 channel_async_us=88 tail_us=0 total_us=89
[HIXL_PERF] event=comm_engine_async op=1 list_num=1 desc_build_us=0 inner_us=92 total_us=92 status=0
[2026-08-24 21:01:24.181597][UC][I] [HIXL_WORKER_PERF] task_id=186 queue_depth=1 enqueue_lock_wait_us=0 enqueue_us=0 queue_wait_us=5 execute_us=96 result_post_us=5 total_us=106 status=0 [23989,24002][hixl_instance.cpp:107,Run]
[2026-08-24 21:01:24.181609][UC][I] [PERF] component=transport event=transfer_submitted manager=127.0.0.1:8000 target=127.0.0.1:4500 handle=42 transport_handle=42 opcode=1 direct=2 segments=1 bytes=10 submitted_ts_us=1787576484181608 manager_execute_async_ts_us=1787576484181489 backend_execute_async_ts_us=1787576484181495 manager_to_backend_execute_async_us=6 submit_us=120 [23989,24002][transport_manager.cpp:674,ExecuteAsync]
[HIXL_QUERY_PERF] layer=comm_channel request=0x16 mutex_wait_us=0 check_us=0 lookup_us=0 flag_check_us=0 complete_us=0 total_us=0 transfer_status=0
[HIXL_QUERY_PERF] layer=adxl_inner request=0x16 context_us=0 req_lock_wait_us=0 lookup_us=1 channel_us=4 cleanup_us=0 total_us=5 status=0 transfer_status=0
[HIXL_QUERY_PERF] layer=comm_engine request=0x16 total_us=7 status=0 transfer_status=0
[2026-08-24 21:01:24.181636][UC][I] [HIXL_WORKER_PERF] task_id=187 queue_depth=1 enqueue_lock_wait_us=0 enqueue_us=1 queue_wait_us=5 execute_us=10 result_post_us=5 total_us=21 status=0 [23989,24002][hixl_instance.cpp:107,Run]
[2026-08-24 21:01:24.181642][UC][I] [QUERY_PERF] component=ucm layer=hixl_instance request=0x16 queue_wait_us=6 backend_us=10 run_post_us=10 total_us=26 api_status=0 transfer_status=0 [23989,24002][hixl_instance.cpp:370,GetTransferStatus]
[2026-08-24 21:01:24.181645][UC][I] [QUERY_PERF] component=ucm layer=hixl_transport handle=42 request=0x16 lifecycle_lock_us=0 pending_lock_wait_us=0 pending_lookup_us=0 instance_us=29 erase_us=0 total_us=29 transfer_status=0 [23989,24002][hixl_transport.cpp:734,GetStatus]
[2026-08-24 21:01:24.181648][UC][I] [QUERY_PERF] component=ucm layer=transport_manager handle=42 transport_handle=42 transfers_lock_wait_us=0 lookup_us=0 transport_us=32 total_us=32 api_status=0 transfer_status=0 [23989,24002][transport_manager.cpp:716,GetStatus]
[HIXL_QUERY_PERF] layer=comm_channel request=0x16 mutex_wait_us=0 check_us=0 lookup_us=0 flag_check_us=0 complete_us=1 total_us=1 transfer_status=1
[HIXL_QUERY_PERF] layer=adxl_inner request=0x16 context_us=0 req_lock_wait_us=0 lookup_us=1 channel_us=5 cleanup_us=0 total_us=6 status=0 transfer_status=1
[HIXL_QUERY_PERF] layer=comm_engine request=0x16 total_us=10 status=0 transfer_status=1
[2026-08-24 21:01:24.181672][UC][I] [HIXL_WORKER_PERF] task_id=188 queue_depth=1 enqueue_lock_wait_us=1 enqueue_us=0 queue_wait_us=4 execute_us=11 result_post_us=5 total_us=21 status=0 [23989,24002][hixl_instance.cpp:107,Run]
[2026-08-24 21:01:24.181678][UC][I] [QUERY_PERF] component=ucm layer=hixl_instance request=0x16 queue_wait_us=5 backend_us=11 run_post_us=10 total_us=26 api_status=0 transfer_status=1 [23989,24002][hixl_instance.cpp:370,GetTransferStatus]
[2026-08-24 21:01:24.181681][UC][I] [QUERY_PERF] component=ucm layer=hixl_transport handle=42 request=0x16 lifecycle_lock_us=0 pending_lock_wait_us=0 pending_lookup_us=0 instance_us=29 erase_us=0 total_us=29 transfer_status=1 [23989,24002][hixl_transport.cpp:734,GetStatus]
[2026-08-24 21:01:24.181688][UC][I] [QUERY_PERF] component=ucm layer=transport_manager handle=42 transport_handle=42 transfers_lock_wait_us=0 lookup_us=0 transport_us=37 total_us=37 api_status=0 transfer_status=1 [23989,24002][transport_manager.cpp:716,GetStatus]
[2026-08-24 21:01:24.181692][UC][I] [PERF] component=transport event=transfer_done manager=127.0.0.1:8000 target=127.0.0.1:4500 handle=42 transport_handle=42 opcode=1 direct=2 segments=1 bytes=10 status=1 api_status=0 submitted_ts_us=1787576484181608 completed_ts_us=1787576484181691 manager_get_status_ts_us=1787576484181650 backend_query_ts_us=1787576484181656 submit_us=120 transfer_us=82 manager_to_backend_query_us=5 total_us=202 [23989,24002][transport_manager.cpp:727,GetStatus]
[2026-08-24 21:01:24.181700][UC][I] [PERF] component=drampool event=request_done request_id=7 opcode=0 peer=127.0.0.1:4500 batch_size=2 data_bytes=0 failed_items=0 status=SUCCESS failed_stage=NONE received_ts_us=1787576484181407 worker_started_ts_us=1787576484181476 data_transfer_submitted_ts_us=0 data_transfer_completed_ts_us=0 response_submitted_ts_us=1787576484181614 completed_ts_us=1787576484181698 data_tm_execute_async_ts_us=0 data_hixl_execute_async_ts_us=0 data_tm_get_status_ts_us=0 data_hixl_query_handle_ts_us=0 response_tm_execute_async_ts_us=1787576484181489 response_hixl_execute_async_ts_us=1787576484181495 response_tm_get_status_ts_us=1787576484181650 response_hixl_query_handle_ts_us=1787576484181656 request_queue_us=69 metadata_prepare_us=0 taskworker_prepare_us=2 poller_queue_us=9 data_transfer_us=0 metadata_settle_us=0 response_slot_wait_us=10 response_submit_us=127 response_transfer_us=83 data_tm_to_hixl_execute_async_us=0 data_tm_to_hixl_query_handle_us=0 response_tm_to_hixl_execute_async_us=6 response_tm_to_hixl_query_handle_us=5 total_us=291 [23989,24002][completion_poller.cc:56,LogRequestDone]
[HIXL_PERF] event=hccl_batch op=1 desc_num=1 hccl_us=63 status=0
[HIXL_PERF] event=issue_hccl_batch op=1 list_num=1 total_us=68
[HIXL_PERF] event=issue_async_host_flag op=1 list_num=1 context_us=0 hccl_issue_us=70 flag_memcpy_us=5 total_us=75
[HIXL_PERF] event=comm_channel_async op=1 list_num=1 mutex_wait_us=0 slot_us=0 host_flag_us=1 record_us=0 issue_us=78 total_us=79
[HIXL_PERF] event=adxl_inner_async op=1 list_num=1 context_us=1 connect_us=0 get_channel_us=0 channel_async_us=81 tail_us=0 total_us=82
[HIXL_PERF] event=comm_engine_async op=1 list_num=1 desc_build_us=0 inner_us=85 total_us=85 status=0
[2026-08-24 21:01:24.182113][UC][I] [HIXL_WORKER_PERF] task_id=189 queue_depth=1 enqueue_lock_wait_us=1 enqueue_us=0 queue_wait_us=5 execute_us=89 result_post_us=5 total_us=100 status=0 [23989,24002][hixl_instance.cpp:107,Run]
[2026-08-24 21:01:24.182120][UC][I] [PERF] component=transport event=transfer_submitted manager=127.0.0.1:8000 target=127.0.0.1:4500 handle=43 transport_handle=43 opcode=1 direct=2 segments=1 bytes=10 submitted_ts_us=1787576484182119 manager_execute_async_ts_us=1787576484182012 backend_execute_async_ts_us=1787576484182019 manager_to_backend_execute_async_us=8 submit_us=106 [23989,24002][transport_manager.cpp:674,ExecuteAsync]
[HIXL_QUERY_PERF] layer=comm_channel request=0x17 mutex_wait_us=0 check_us=0 lookup_us=0 flag_check_us=0 complete_us=0 total_us=0 transfer_status=0
[HIXL_QUERY_PERF] layer=adxl_inner request=0x17 context_us=0 req_lock_wait_us=0 lookup_us=1 channel_us=5 cleanup_us=0 total_us=6 status=0 transfer_status=0
[HIXL_QUERY_PERF] layer=comm_engine request=0x17 total_us=9 status=0 transfer_status=0
[2026-08-24 21:01:24.182146][UC][I] [HIXL_WORKER_PERF] task_id=190 queue_depth=1 enqueue_lock_wait_us=0 enqueue_us=0 queue_wait_us=5 execute_us=11 result_post_us=5 total_us=21 status=0 [23989,24002][hixl_instance.cpp:107,Run]
[2026-08-24 21:01:24.182151][UC][I] [QUERY_PERF] component=ucm layer=hixl_instance request=0x17 queue_wait_us=5 backend_us=11 run_post_us=10 total_us=26 api_status=0 transfer_status=0 [23989,24002][hixl_instance.cpp:370,GetTransferStatus]
[2026-08-24 21:01:24.182154][UC][I] [QUERY_PERF] component=ucm layer=hixl_transport handle=43 request=0x17 lifecycle_lock_us=0 pending_lock_wait_us=0 pending_lookup_us=0 instance_us=29 erase_us=0 total_us=29 transfer_status=0 [23989,24002][hixl_transport.cpp:734,GetStatus]
[2026-08-24 21:01:24.182157][UC][I] [QUERY_PERF] component=ucm layer=transport_manager handle=43 transport_handle=43 transfers_lock_wait_us=0 lookup_us=0 transport_us=34 total_us=34 api_status=0 transfer_status=0 [23989,24002][transport_manager.cpp:716,GetStatus]
[HIXL_QUERY_PERF] layer=comm_channel request=0x17 mutex_wait_us=0 check_us=0 lookup_us=0 flag_check_us=0 complete_us=2 total_us=2 transfer_status=1
[HIXL_QUERY_PERF] layer=adxl_inner request=0x17 context_us=1 req_lock_wait_us=0 lookup_us=0 channel_us=6 cleanup_us=0 total_us=7 status=0 transfer_status=1
[HIXL_QUERY_PERF] layer=comm_engine request=0x17 total_us=10 status=0 transfer_status=1
[2026-08-24 21:01:24.182184][UC][I] [HIXL_WORKER_PERF] task_id=191 queue_depth=1 enqueue_lock_wait_us=0 enqueue_us=0 queue_wait_us=5 execute_us=12 result_post_us=4 total_us=21 status=0 [23989,24002][hixl_instance.cpp:107,Run]
[2026-08-24 21:01:24.182189][UC][I] [QUERY_PERF] component=ucm layer=hixl_instance request=0x17 queue_wait_us=5 backend_us=12 run_post_us=9 total_us=26 api_status=0 transfer_status=1 [23989,24002][hixl_instance.cpp:370,GetTransferStatus]
[2026-08-24 21:01:24.182195][UC][I] [QUERY_PERF] component=ucm layer=hixl_transport handle=43 request=0x17 lifecycle_lock_us=0 pending_lock_wait_us=0 pending_lookup_us=0 instance_us=32 erase_us=0 total_us=32 transfer_status=1 [23989,24002][hixl_transport.cpp:734,GetStatus]
[2026-08-24 21:01:24.182199][UC][I] [QUERY_PERF] component=ucm layer=transport_manager handle=43 transport_handle=43 transfers_lock_wait_us=0 lookup_us=1 transport_us=36 total_us=37 api_status=0 transfer_status=1 [23989,24002][transport_manager.cpp:716,GetStatus]
[2026-08-24 21:01:24.182202][UC][I] [PERF] component=transport event=transfer_done manager=127.0.0.1:8000 target=127.0.0.1:4500 handle=43 transport_handle=43 opcode=1 direct=2 segments=1 bytes=10 status=1 api_status=0 submitted_ts_us=1787576484182119 completed_ts_us=1787576484182201 manager_get_status_ts_us=1787576484182161 backend_query_ts_us=1787576484182167 submit_us=106 transfer_us=83 manager_to_backend_query_us=6 total_us=189 [23989,24002][transport_manager.cpp:727,GetStatus]
[2026-08-24 21:01:24.182208][UC][I] [PERF] component=drampool event=request_done request_id=8 opcode=0 peer=127.0.0.1:4500 batch_size=2 data_bytes=0 failed_items=0 status=SUCCESS failed_stage=NONE received_ts_us=1787576484181917 worker_started_ts_us=1787576484181937 data_transfer_submitted_ts_us=0 data_transfer_completed_ts_us=0 response_submitted_ts_us=1787576484182123 completed_ts_us=1787576484182206 data_tm_execute_async_ts_us=0 data_hixl_execute_async_ts_us=0 data_tm_get_status_ts_us=0 data_hixl_query_handle_ts_us=0 response_tm_execute_async_ts_us=1787576484182012 response_hixl_execute_async_ts_us=1787576484182019 response_tm_get_status_ts_us=1787576484182161 response_hixl_query_handle_ts_us=1787576484182167 request_queue_us=20 metadata_prepare_us=1 taskworker_prepare_us=2 poller_queue_us=72 data_transfer_us=0 metadata_settle_us=0 response_slot_wait_us=72 response_submit_us=112 response_transfer_us=82 data_tm_to_hixl_execute_async_us=0 data_tm_to_hixl_query_handle_us=0 response_tm_to_hixl_execute_async_us=8 response_tm_to_hixl_query_handle_us=6 total_us=289 [23989,24002][completion_poller.cc:56,LogRequestDone]
[HIXL_PERF] event=hccl_batch op=1 desc_num=108 hccl_us=258 status=0
[HIXL_PERF] event=issue_hccl_batch op=1 list_num=108 total_us=270
[HIXL_PERF] event=issue_async_host_flag op=1 list_num=108 context_us=1 hccl_issue_us=274 flag_memcpy_us=8 total_us=283
[HIXL_PERF] event=comm_channel_async op=1 list_num=108 mutex_wait_us=1 slot_us=2 host_flag_us=1 record_us=1 issue_us=287 total_us=292
[HIXL_PERF] event=adxl_inner_async op=1 list_num=108 context_us=6 connect_us=0 get_channel_us=2 channel_async_us=295 tail_us=1 total_us=304
[HIXL_PERF] event=comm_engine_async op=1 list_num=108 desc_build_us=1 inner_us=307 total_us=308 status=0
[2026-08-24 21:01:24.189487][UC][I] [HIXL_WORKER_PERF] task_id=192 queue_depth=1 enqueue_lock_wait_us=1 enqueue_us=1 queue_wait_us=13 execute_us=322 result_post_us=9 total_us=346 status=0 [23989,24003][hixl_instance.cpp:107,Run]
[2026-08-24 21:01:24.189511][UC][I] [PERF] component=transport event=transfer_submitted manager=127.0.0.1:8000 target=127.0.0.1:4507 handle=44 transport_handle=44 opcode=1 direct=2 segments=108 bytes=7962624 submitted_ts_us=1787576484189509 manager_execute_async_ts_us=1787576484189133 backend_execute_async_ts_us=1787576484189159 manager_to_backend_execute_async_us=26 submit_us=374 [23989,24003][transport_manager.cpp:674,ExecuteAsync]
[HIXL_PERF] event=hccl_batch op=1 desc_num=108 hccl_us=114 status=0
[HIXL_PERF] event=issue_hccl_batch op=1 list_num=108 total_us=120
[HIXL_PERF] event=issue_async_host_flag op=1 list_num=108 context_us=1 hccl_issue_us=122 flag_memcpy_us=5 total_us=128
[HIXL_PERF] event=comm_channel_async op=1 list_num=108 mutex_wait_us=0 slot_us=1 host_flag_us=0 record_us=1 issue_us=131 total_us=133
[HIXL_PERF] event=adxl_inner_async op=1 list_num=108 context_us=1 connect_us=0 get_channel_us=1 channel_async_us=135 tail_us=0 total_us=137
[HIXL_PERF] event=comm_engine_async op=1 list_num=108 desc_build_us=1 inner_us=140 total_us=141 status=0
[HIXL_QUERY_PERF] layer=comm_channel request=0x15 mutex_wait_us=0 check_us=0 lookup_us=1 flag_check_us=0 complete_us=0 total_us=1 transfer_status=0
[2026-08-24 21:01:24.189728][UC][I] [HIXL_WORKER_PERF] task_id=193 queue_depth=1 enqueue_lock_wait_us=1 enqueue_us=0 queue_wait_us=6 execute_us=148 result_post_us=6 total_us=161 status=0 [23989,24003][hixl_instance.cpp:107,Run]
[HIXL_QUERY_PERF] layer=adxl_inner request=0x15 context_us=1 req_lock_wait_us=0 lookup_us=1 channel_us=5 cleanup_us=0 total_us=7 status=0 transfer_status=0
[HIXL_QUERY_PERF] layer=comm_engine request=0x15 total_us=13 status=0 transfer_status=0
[2026-08-24 21:01:24.189739][UC][I] [PERF] component=transport event=transfer_submitted manager=127.0.0.1:8000 target=127.0.0.1:4507 handle=45 transport_handle=45 opcode=1 direct=2 segments=108 bytes=7962624 submitted_ts_us=1787576484189738 manager_execute_async_ts_us=1787576484189563 backend_execute_async_ts_us=1787576484189575 manager_to_backend_execute_async_us=12 submit_us=173 [23989,24003][transport_manager.cpp:674,ExecuteAsync]
[2026-08-24 21:01:24.189745][UC][I] [HIXL_WORKER_PERF] task_id=194 queue_depth=1 enqueue_lock_wait_us=0 enqueue_us=0 queue_wait_us=52 execute_us=15 result_post_us=5 total_us=72 status=0 [23989,24002][hixl_instance.cpp:107,Run]
[2026-08-24 21:01:24.189750][UC][I] [QUERY_PERF] component=ucm layer=hixl_instance request=0x15 queue_wait_us=52 backend_us=15 run_post_us=11 total_us=78 api_status=0 transfer_status=0 [23989,24002][hixl_instance.cpp:370,GetTransferStatus]
[2026-08-24 21:01:24.189758][UC][I] [QUERY_PERF] component=ucm layer=hixl_transport handle=44 request=0x15 lifecycle_lock_us=0 pending_lock_wait_us=0 pending_lookup_us=1 instance_us=86 erase_us=0 total_us=87 transfer_status=0 [23989,24002][hixl_transport.cpp:734,GetStatus]
[2026-08-24 21:01:24.189762][UC][I] [QUERY_PERF] component=ucm layer=transport_manager handle=44 transport_handle=44 transfers_lock_wait_us=1 lookup_us=0 transport_us=91 total_us=92 api_status=0 transfer_status=0 [23989,24002][transport_manager.cpp:716,GetStatus]
[HIXL_QUERY_PERF] layer=comm_channel request=0x15 mutex_wait_us=0 check_us=0 lookup_us=0 flag_check_us=0 complete_us=0 total_us=0 transfer_status=0
[HIXL_QUERY_PERF] layer=adxl_inner request=0x15 context_us=0 req_lock_wait_us=0 lookup_us=1 channel_us=3 cleanup_us=0 total_us=4 status=0 transfer_status=0
[HIXL_QUERY_PERF] layer=comm_engine request=0x15 total_us=6 status=0 transfer_status=0
[2026-08-24 21:01:24.189785][UC][I] [HIXL_WORKER_PERF] task_id=195 queue_depth=1 enqueue_lock_wait_us=0 enqueue_us=0 queue_wait_us=5 execute_us=8 result_post_us=5 total_us=18 status=0 [23989,24002][hixl_instance.cpp:107,Run]
[2026-08-24 21:01:24.189790][UC][I] [QUERY_PERF] component=ucm layer=hixl_instance request=0x15 queue_wait_us=5 backend_us=8 run_post_us=10 total_us=23 api_status=0 transfer_status=0 [23989,24002][hixl_instance.cpp:370,GetTransferStatus]
[2026-08-24 21:01:24.189794][UC][I] [QUERY_PERF] component=ucm layer=hixl_transport handle=44 request=0x15 lifecycle_lock_us=0 pending_lock_wait_us=0 pending_lookup_us=1 instance_us=26 erase_us=0 total_us=27 transfer_status=0 [23989,24002][hixl_transport.cpp:734,GetStatus]
[2026-08-24 21:01:24.189798][UC][I] [QUERY_PERF] component=ucm layer=transport_manager handle=44 transport_handle=44 transfers_lock_wait_us=0 lookup_us=0 transport_us=32 total_us=32 api_status=0 transfer_status=0 [23989,24002][transport_manager.cpp:716,GetStatus]
[HIXL_PERF] event=hccl_batch op=1 desc_num=108 hccl_us=99 status=0
[HIXL_PERF] event=issue_hccl_batch op=1 list_num=108 total_us=104
[HIXL_PERF] event=issue_async_host_flag op=1 list_num=108 context_us=0 hccl_issue_us=107 flag_memcpy_us=5 total_us=112
[HIXL_PERF] event=comm_channel_async op=1 list_num=108 mutex_wait_us=0 slot_us=1 host_flag_us=25 record_us=0 issue_us=115 total_us=141
[HIXL_PERF] event=adxl_inner_async op=1 list_num=108 context_us=1 connect_us=0 get_channel_us=0 channel_async_us=143 tail_us=0 total_us=144
[HIXL_PERF] event=comm_engine_async op=1 list_num=108 desc_build_us=1 inner_us=147 total_us=148 status=0
[HIXL_QUERY_PERF] layer=comm_channel request=0x16 mutex_wait_us=0 check_us=0 lookup_us=0 flag_check_us=0 complete_us=0 total_us=0 transfer_status=0
[2026-08-24 21:01:24.189943][UC][I] [HIXL_WORKER_PERF] task_id=196 queue_depth=1 enqueue_lock_wait_us=0 enqueue_us=1 queue_wait_us=8 execute_us=154 result_post_us=6 total_us=169 status=0 [23989,24003][hixl_instance.cpp:107,Run]
[HIXL_QUERY_PERF] layer=adxl_inner request=0x16 context_us=1 req_lock_wait_us=0 lookup_us=1 channel_us=3 cleanup_us=0 total_us=5 status=0 transfer_status=0
[HIXL_QUERY_PERF] layer=comm_engine request=0x16 total_us=11 status=0 transfer_status=0
[2026-08-24 21:01:24.189951][UC][I] [PERF] component=transport event=transfer_submitted manager=127.0.0.1:8000 target=127.0.0.1:4507 handle=46 transport_handle=46 opcode=1 direct=2 segments=108 bytes=7962624 submitted_ts_us=1787576484189950 manager_execute_async_ts_us=1787576484189770 backend_execute_async_ts_us=1787576484189784 manager_to_backend_execute_async_us=14 submit_us=178 [23989,24003][transport_manager.cpp:674,ExecuteAsync]
[2026-08-24 21:01:24.189957][UC][I] [HIXL_WORKER_PERF] task_id=197 queue_depth=1 enqueue_lock_wait_us=0 enqueue_us=0 queue_wait_us=137 execute_us=13 result_post_us=5 total_us=155 status=0 [23989,24002][hixl_instance.cpp:107,Run]
[2026-08-24 21:01:24.189962][UC][I] [QUERY_PERF] component=ucm layer=hixl_instance request=0x16 queue_wait_us=137 backend_us=13 run_post_us=10 total_us=160 api_status=0 transfer_status=0 [23989,24002][hixl_instance.cpp:370,GetTransferStatus]
[2026-08-24 21:01:24.189965][UC][I] [QUERY_PERF] component=ucm layer=hixl_transport handle=45 request=0x16 lifecycle_lock_us=0 pending_lock_wait_us=0 pending_lookup_us=1 instance_us=163 erase_us=0 total_us=164 transfer_status=0 [23989,24002][hixl_transport.cpp:734,GetStatus]
[2026-08-24 21:01:24.189969][UC][I] [QUERY_PERF] component=ucm layer=transport_manager handle=45 transport_handle=45 transfers_lock_wait_us=0 lookup_us=0 transport_us=167 total_us=167 api_status=0 transfer_status=0 [23989,24002][transport_manager.cpp:716,GetStatus]
[HIXL_QUERY_PERF] layer=comm_channel request=0x15 mutex_wait_us=0 check_us=0 lookup_us=0 flag_check_us=0 complete_us=5 total_us=5 transfer_status=1
[HIXL_QUERY_PERF] layer=adxl_inner request=0x15 context_us=1 req_lock_wait_us=0 lookup_us=1 channel_us=9 cleanup_us=0 total_us=11 status=0 transfer_status=1
[HIXL_QUERY_PERF] layer=comm_engine request=0x15 total_us=15 status=0 transfer_status=1
[2026-08-24 21:01:24.189999][UC][I] [HIXL_WORKER_PERF] task_id=198 queue_depth=1 enqueue_lock_wait_us=1 enqueue_us=0 queue_wait_us=4 execute_us=17 result_post_us=4 total_us=26 status=0 [23989,24002][hixl_instance.cpp:107,Run]
[2026-08-24 21:01:24.190003][UC][I] [QUERY_PERF] component=ucm layer=hixl_instance request=0x15 queue_wait_us=5 backend_us=17 run_post_us=8 total_us=30 api_status=0 transfer_status=1 [23989,24002][hixl_instance.cpp:370,GetTransferStatus]
[2026-08-24 21:01:24.190007][UC][I] [QUERY_PERF] component=ucm layer=hixl_transport handle=44 request=0x15 lifecycle_lock_us=0 pending_lock_wait_us=0 pending_lookup_us=0 instance_us=33 erase_us=0 total_us=33 transfer_status=1 [23989,24002][hixl_transport.cpp:734,GetStatus]
[2026-08-24 21:01:24.190012][UC][I] [QUERY_PERF] component=ucm layer=transport_manager handle=44 transport_handle=44 transfers_lock_wait_us=1 lookup_us=0 transport_us=39 total_us=40 api_status=0 transfer_status=1 [23989,24002][transport_manager.cpp:716,GetStatus]
[2026-08-24 21:01:24.190019][UC][I] [PERF] component=transport event=transfer_done manager=127.0.0.1:8000 target=127.0.0.1:4507 handle=44 transport_handle=44 opcode=1 direct=2 segments=108 bytes=7962624 status=1 api_status=0 submitted_ts_us=1787576484189509 completed_ts_us=1787576484190018 manager_get_status_ts_us=1787576484189972 backend_query_ts_us=1787576484189978 submit_us=374 transfer_us=509 manager_to_backend_query_us=6 total_us=883 [23989,24002][transport_manager.cpp:727,GetStatus]
[HIXL_PERF] event=hccl_batch op=1 desc_num=108 hccl_us=124 status=0
[HIXL_PERF] event=issue_hccl_batch op=1 list_num=108 total_us=130
[HIXL_PERF] event=issue_async_host_flag op=1 list_num=108 context_us=0 hccl_issue_us=132 flag_memcpy_us=5 total_us=137
[HIXL_PERF] event=comm_channel_async op=1 list_num=108 mutex_wait_us=0 slot_us=1 host_flag_us=0 record_us=0 issue_us=139 total_us=140
[HIXL_PERF] event=adxl_inner_async op=1 list_num=108 context_us=1 connect_us=0 get_channel_us=0 channel_async_us=142 tail_us=1 total_us=144
[HIXL_PERF] event=comm_engine_async op=1 list_num=108 desc_build_us=1 inner_us=146 total_us=147 status=0
[2026-08-24 21:01:24.190154][UC][I] [HIXL_WORKER_PERF] task_id=199 queue_depth=1 enqueue_lock_wait_us=1 enqueue_us=0 queue_wait_us=19 execute_us=151 result_post_us=6 total_us=177 status=0 [23989,24003][hixl_instance.cpp:107,Run]
[2026-08-24 21:01:24.190161][UC][I] [PERF] component=transport event=transfer_submitted manager=127.0.0.1:8000 target=127.0.0.1:4507 handle=47 transport_handle=47 opcode=1 direct=2 segments=108 bytes=7962624 submitted_ts_us=1787576484190160 manager_execute_async_ts_us=1787576484189975 backend_execute_async_ts_us=1787576484189998 manager_to_backend_execute_async_us=23 submit_us=185 [23989,24003][transport_manager.cpp:674,ExecuteAsync]
[HIXL_PERF] event=hccl_batch op=1 desc_num=1 hccl_us=62 status=0
[HIXL_PERF] event=issue_hccl_batch op=1 list_num=1 total_us=66
[HIXL_PERF] event=issue_async_host_flag op=1 list_num=1 context_us=1 hccl_issue_us=68 flag_memcpy_us=5 total_us=74
[HIXL_PERF] event=comm_channel_async op=1 list_num=1 mutex_wait_us=0 slot_us=1 host_flag_us=6 record_us=1 issue_us=76 total_us=84
[HIXL_PERF] event=adxl_inner_async op=1 list_num=1 context_us=0 connect_us=0 get_channel_us=1 channel_async_us=86 tail_us=0 total_us=87
[HIXL_PERF] event=comm_engine_async op=1 list_num=1 desc_build_us=1 inner_us=90 total_us=91 status=0
[2026-08-24 21:01:24.190252][UC][I] [HIXL_WORKER_PERF] task_id=200 queue_depth=1 enqueue_lock_wait_us=0 enqueue_us=0 queue_wait_us=96 execute_us=95 result_post_us=5 total_us=196 status=0 [23989,24002][hixl_instance.cpp:107,Run]
[2026-08-24 21:01:24.190258][UC][I] [PERF] component=transport event=transfer_submitted manager=127.0.0.1:8000 target=127.0.0.1:4507 handle=48 transport_handle=48 opcode=1 direct=2 segments=1 bytes=63 submitted_ts_us=1787576484190257 manager_execute_async_ts_us=1787576484190054 backend_execute_async_ts_us=1787576484190152 manager_to_backend_execute_async_us=98 submit_us=202 [23989,24002][transport_manager.cpp:674,ExecuteAsync]
[HIXL_PERF] event=hccl_batch op=1 desc_num=108 hccl_us=147 status=0
[HIXL_PERF] event=issue_hccl_batch op=1 list_num=108 total_us=164
[HIXL_PERF] event=issue_async_host_flag op=1 list_num=108 context_us=0 hccl_issue_us=166 flag_memcpy_us=5 total_us=171
[HIXL_PERF] event=comm_channel_async op=1 list_num=108 mutex_wait_us=1 slot_us=1 host_flag_us=1 record_us=1 issue_us=173 total_us=177
[HIXL_PERF] event=adxl_inner_async op=1 list_num=108 context_us=0 connect_us=1 get_channel_us=1 channel_async_us=179 tail_us=0 total_us=181
[HIXL_PERF] event=comm_engine_async op=1 list_num=108 desc_build_us=1 inner_us=183 total_us=184 status=0
[2026-08-24 21:01:24.190445][UC][I] [HIXL_WORKER_PERF] task_id=201 queue_depth=1 enqueue_lock_wait_us=0 enqueue_us=0 queue_wait_us=39 execute_us=189 result_post_us=6 total_us=234 status=0 [23989,24003][hixl_instance.cpp:107,Run]
[HIXL_QUERY_PERF] layer=comm_channel request=0x16 mutex_wait_us=0 check_us=0 lookup_us=1 flag_check_us=0 complete_us=2 total_us=3 transfer_status=1
[HIXL_QUERY_PERF] layer=adxl_inner request=0x16 context_us=0 req_lock_wait_us=0 lookup_us=1 channel_us=12 cleanup_us=1 total_us=14 status=0 transfer_status=1
[2026-08-24 21:01:24.190456][UC][I] [PERF] component=transport event=transfer_submitted manager=127.0.0.1:8000 target=127.0.0.1:4508 handle=49 transport_handle=49 opcode=1 direct=2 segments=108 bytes=7962624 submitted_ts_us=1787576484190455 manager_execute_async_ts_us=1787576484190207 backend_execute_async_ts_us=1787576484190250 manager_to_backend_execute_async_us=42 submit_us=247 [23989,24003][transport_manager.cpp:674,ExecuteAsync]
[HIXL_QUERY_PERF] layer=comm_engine request=0x16 total_us=17 status=0 transfer_status=1
[2026-08-24 21:01:24.190467][UC][I] [HIXL_WORKER_PERF] task_id=202 queue_depth=1 enqueue_lock_wait_us=0 enqueue_us=0 queue_wait_us=179 execute_us=21 result_post_us=4 total_us=204 status=0 [23989,24002][hixl_instance.cpp:107,Run]
[2026-08-24 21:01:24.190472][UC][I] [QUERY_PERF] component=ucm layer=hixl_instance request=0x16 queue_wait_us=180 backend_us=21 run_post_us=8 total_us=209 api_status=0 transfer_status=1 [23989,24002][hixl_instance.cpp:370,GetTransferStatus]
[2026-08-24 21:01:24.190476][UC][I] [QUERY_PERF] component=ucm layer=hixl_transport handle=45 request=0x16 lifecycle_lock_us=0 pending_lock_wait_us=0 pending_lookup_us=0 instance_us=212 erase_us=1 total_us=213 transfer_status=1 [23989,24002][hixl_transport.cpp:734,GetStatus]
[2026-08-24 21:01:24.190479][UC][I] [QUERY_PERF] component=ucm layer=transport_manager handle=45 transport_handle=45 transfers_lock_wait_us=0 lookup_us=0 transport_us=217 total_us=217 api_status=0 transfer_status=1 [23989,24002][transport_manager.cpp:716,GetStatus]
[2026-08-24 21:01:24.190484][UC][I] [PERF] component=transport event=transfer_done manager=127.0.0.1:8000 target=127.0.0.1:4507 handle=45 transport_handle=45 opcode=1 direct=2 segments=108 bytes=7962624 status=1 api_status=0 submitted_ts_us=1787576484189738 completed_ts_us=1787576484190482 manager_get_status_ts_us=1787576484190262 backend_query_ts_us=1787576484190442 submit_us=173 transfer_us=744 manager_to_backend_query_us=180 total_us=917 [23989,24002][transport_manager.cpp:727,GetStatus]
[HIXL_PERF] event=hccl_batch op=1 desc_num=108 hccl_us=133 status=0
[HIXL_PERF] event=issue_hccl_batch op=1 list_num=108 total_us=139
[HIXL_PERF] event=issue_async_host_flag op=1 list_num=108 context_us=1 hccl_issue_us=140 flag_memcpy_us=5 total_us=146
[HIXL_PERF] event=comm_channel_async op=1 list_num=108 mutex_wait_us=1 slot_us=2 host_flag_us=0 record_us=1 issue_us=148 total_us=152
[HIXL_PERF] event=adxl_inner_async op=1 list_num=108 context_us=1 connect_us=0 get_channel_us=0 channel_async_us=154 tail_us=1 total_us=156
[HIXL_PERF] event=comm_engine_async op=1 list_num=108 desc_build_us=1 inner_us=158 total_us=159 status=0
[2026-08-24 21:01:24.190662][UC][I] [HIXL_WORKER_PERF] task_id=203 queue_depth=1 enqueue_lock_wait_us=0 enqueue_us=0 queue_wait_us=6 execute_us=164 result_post_us=6 total_us=176 status=0 [23989,24003][hixl_instance.cpp:107,Run]
[2026-08-24 21:01:24.190670][UC][I] [PERF] component=transport event=transfer_submitted manager=127.0.0.1:8000 target=127.0.0.1:4502 handle=50 transport_handle=50 opcode=1 direct=2 segments=108 bytes=7962624 submitted_ts_us=1787576484190669 manager_execute_async_ts_us=1787576484190484 backend_execute_async_ts_us=1787576484190493 manager_to_backend_execute_async_us=9 submit_us=184 [23989,24003][transport_manager.cpp:674,ExecuteAsync]
[HIXL_PERF] event=hccl_batch op=1 desc_num=1 hccl_us=57 status=0
[HIXL_PERF] event=issue_hccl_batch op=1 list_num=1 total_us=61
[HIXL_PERF] event=issue_async_host_flag op=1 list_num=1 context_us=1 hccl_issue_us=63 flag_memcpy_us=5 total_us=69
[HIXL_PERF] event=comm_channel_async op=1 list_num=1 mutex_wait_us=0 slot_us=0 host_flag_us=0 record_us=0 issue_us=71 total_us=71
[HIXL_PERF] event=adxl_inner_async op=1 list_num=1 context_us=1 connect_us=0 get_channel_us=0 channel_async_us=77 tail_us=1 total_us=79
[HIXL_PERF] event=comm_engine_async op=1 list_num=1 desc_build_us=0 inner_us=81 total_us=81 status=0
[2026-08-24 21:01:24.190750][UC][I] [HIXL_WORKER_PERF] task_id=204 queue_depth=1 enqueue_lock_wait_us=1 enqueue_us=0 queue_wait_us=142 execute_us=85 result_post_us=5 total_us=233 status=0 [23989,24002][hixl_instance.cpp:107,Run]
[2026-08-24 21:01:24.190756][UC][I] [PERF] component=transport event=transfer_submitted manager=127.0.0.1:8000 target=127.0.0.1:4507 handle=51 transport_handle=51 opcode=1 direct=2 segments=1 bytes=63 submitted_ts_us=1787576484190754 manager_execute_async_ts_us=1787576484190515 backend_execute_async_ts_us=1787576484190660 manager_to_backend_execute_async_us=145 submit_us=239 [23989,24002][transport_manager.cpp:674,ExecuteAsync]
[HIXL_PERF] event=hccl_batch op=1 desc_num=108 hccl_us=102 status=0
[HIXL_PERF] event=issue_hccl_batch op=1 list_num=108 total_us=107
[HIXL_PERF] event=issue_async_host_flag op=1 list_num=108 context_us=0 hccl_issue_us=109 flag_memcpy_us=4 total_us=113
[HIXL_PERF] event=comm_channel_async op=1 list_num=108 mutex_wait_us=0 slot_us=1 host_flag_us=0 record_us=0 issue_us=116 total_us=117
[HIXL_PERF] event=adxl_inner_async op=1 list_num=108 context_us=0 connect_us=0 get_channel_us=1 channel_async_us=119 tail_us=0 total_us=120
[HIXL_PERF] event=comm_engine_async op=1 list_num=108 desc_build_us=1 inner_us=122 total_us=123 status=0
[HIXL_QUERY_PERF] layer=comm_channel request=0x17 mutex_wait_us=0 check_us=0 lookup_us=0 flag_check_us=1 complete_us=0 total_us=1 transfer_status=0
[2026-08-24 21:01:24.190881][UC][I] [HIXL_WORKER_PERF] task_id=205 queue_depth=1 enqueue_lock_wait_us=1 enqueue_us=0 queue_wait_us=28 execute_us=128 result_post_us=6 total_us=163 status=0 [23989,24003][hixl_instance.cpp:107,Run]
[HIXL_QUERY_PERF] layer=adxl_inner request=0x17 context_us=0 req_lock_wait_us=0 lookup_us=1 channel_us=3 cleanup_us=0 total_us=4 status=0 transfer_status=0
[HIXL_QUERY_PERF] layer=comm_engine request=0x17 total_us=9 status=0 transfer_status=0
[2026-08-24 21:01:24.190889][UC][I] [PERF] component=transport event=transfer_submitted manager=127.0.0.1:8000 target=127.0.0.1:4502 handle=52 transport_handle=52 opcode=1 direct=2 segments=108 bytes=7962624 submitted_ts_us=1787576484190888 manager_execute_async_ts_us=1787576484190715 backend_execute_async_ts_us=1787576484190748 manager_to_backend_execute_async_us=33 submit_us=171 [23989,24003][transport_manager.cpp:674,ExecuteAsync]
[2026-08-24 21:01:24.190894][UC][I] [HIXL_WORKER_PERF] task_id=206 queue_depth=1 enqueue_lock_wait_us=0 enqueue_us=0 queue_wait_us=118 execute_us=12 result_post_us=4 total_us=134 status=0 [23989,24002][hixl_instance.cpp:107,Run]
[2026-08-24 21:01:24.190900][UC][I] [QUERY_PERF] component=ucm layer=hixl_instance request=0x17 queue_wait_us=118 backend_us=12 run_post_us=9 total_us=139 api_status=0 transfer_status=0 [23989,24002][hixl_instance.cpp:370,GetTransferStatus]
[2026-08-24 21:01:24.190903][UC][I] [QUERY_PERF] component=ucm layer=hixl_transport handle=46 request=0x17 lifecycle_lock_us=0 pending_lock_wait_us=0 pending_lookup_us=0 instance_us=142 erase_us=0 total_us=142 transfer_status=0 [23989,24002][hixl_transport.cpp:734,GetStatus]
[2026-08-24 21:01:24.190906][UC][I] [QUERY_PERF] component=ucm layer=transport_manager handle=46 transport_handle=46 transfers_lock_wait_us=0 lookup_us=1 transport_us=146 total_us=147 api_status=0 transfer_status=0 [23989,24002][transport_manager.cpp:716,GetStatus]
[HIXL_QUERY_PERF] layer=comm_channel request=0x19 mutex_wait_us=0 check_us=0 lookup_us=0 flag_check_us=0 complete_us=0 total_us=0 transfer_status=0
[HIXL_QUERY_PERF] layer=adxl_inner request=0x19 context_us=0 req_lock_wait_us=1 lookup_us=0 channel_us=4 cleanup_us=0 total_us=5 status=0 transfer_status=0
[HIXL_QUERY_PERF] layer=comm_engine request=0x19 total_us=7 status=0 transfer_status=0
[2026-08-24 21:01:24.190931][UC][I] [HIXL_WORKER_PERF] task_id=207 queue_depth=1 enqueue_lock_wait_us=0 enqueue_us=0 queue_wait_us=5 execute_us=9 result_post_us=4 total_us=18 status=0 [23989,24002][hixl_instance.cpp:107,Run]
[2026-08-24 21:01:24.190939][UC][I] [QUERY_PERF] component=ucm layer=hixl_instance request=0x19 queue_wait_us=6 backend_us=9 run_post_us=12 total_us=27 api_status=0 transfer_status=0 [23989,24002][hixl_instance.cpp:370,GetTransferStatus]
[2026-08-24 21:01:24.190943][UC][I] [QUERY_PERF] component=ucm layer=hixl_transport handle=48 request=0x19 lifecycle_lock_us=0 pending_lock_wait_us=0 pending_lookup_us=0 instance_us=30 erase_us=0 total_us=30 transfer_status=0 [23989,24002][hixl_transport.cpp:734,GetStatus]
[2026-08-24 21:01:24.190946][UC][I] [QUERY_PERF] component=ucm layer=transport_manager handle=48 transport_handle=48 transfers_lock_wait_us=0 lookup_us=0 transport_us=34 total_us=34 api_status=0 transfer_status=0 [23989,24002][transport_manager.cpp:716,GetStatus]
[HIXL_PERF] event=hccl_batch op=1 desc_num=108 hccl_us=88 status=0
[HIXL_PERF] event=issue_hccl_batch op=1 list_num=108 total_us=94
[HIXL_PERF] event=issue_async_host_flag op=1 list_num=108 context_us=0 hccl_issue_us=96 flag_memcpy_us=5 total_us=101
[HIXL_PERF] event=comm_channel_async op=1 list_num=108 mutex_wait_us=0 slot_us=0 host_flag_us=7 record_us=0 issue_us=103 total_us=110
[HIXL_PERF] event=adxl_inner_async op=1 list_num=108 context_us=0 connect_us=0 get_channel_us=1 channel_async_us=112 tail_us=0 total_us=113
[HIXL_PERF] event=comm_engine_async op=1 list_num=108 desc_build_us=1 inner_us=116 total_us=117 status=0
[HIXL_QUERY_PERF] layer=comm_channel request=0x1c mutex_wait_us=0 check_us=0 lookup_us=0 flag_check_us=1 complete_us=0 total_us=1 transfer_status=0
[2026-08-24 21:01:24.191056][UC][I] [HIXL_WORKER_PERF] task_id=208 queue_depth=2 enqueue_lock_wait_us=1 enqueue_us=0 queue_wait_us=12 execute_us=122 result_post_us=5 total_us=140 status=0 [23989,24003][hixl_instance.cpp:107,Run]
[HIXL_QUERY_PERF] layer=adxl_inner request=0x1c context_us=0 req_lock_wait_us=1 lookup_us=0 channel_us=3 cleanup_us=0 total_us=4 status=0 transfer_status=0
[HIXL_QUERY_PERF] layer=comm_engine request=0x1c total_us=9 status=0 transfer_status=0
[2026-08-24 21:01:24.191069][UC][I] [PERF] component=transport event=transfer_submitted manager=127.0.0.1:8000 target=127.0.0.1:4502 handle=53 transport_handle=53 opcode=1 direct=2 segments=108 bytes=7962624 submitted_ts_us=1787576484191068 manager_execute_async_ts_us=1787576484190914 backend_execute_async_ts_us=1787576484190930 manager_to_backend_execute_async_us=16 submit_us=153 [23989,24003][transport_manager.cpp:674,ExecuteAsync]
[2026-08-24 21:01:24.191070][UC][I] [HIXL_WORKER_PERF] task_id=209 queue_depth=1 enqueue_lock_wait_us=0 enqueue_us=1 queue_wait_us=104 execute_us=11 result_post_us=4 total_us=120 status=0 [23989,24002][hixl_instance.cpp:107,Run]
[2026-08-24 21:01:24.191081][UC][I] [QUERY_PERF] component=ucm layer=hixl_instance request=0x1c queue_wait_us=105 backend_us=11 run_post_us=16 total_us=132 api_status=0 transfer_status=0 [23989,24002][hixl_instance.cpp:370,GetTransferStatus]
[2026-08-24 21:01:24.191085][UC][I] [QUERY_PERF] component=ucm layer=hixl_transport handle=51 request=0x1c lifecycle_lock_us=0 pending_lock_wait_us=0 pending_lookup_us=0 instance_us=135 erase_us=0 total_us=135 transfer_status=0 [23989,24002][hixl_transport.cpp:734,GetStatus]
[2026-08-24 21:01:24.191088][UC][I] [QUERY_PERF] component=ucm layer=transport_manager handle=51 transport_handle=51 transfers_lock_wait_us=0 lookup_us=0 transport_us=138 total_us=138 api_status=0 transfer_status=0 [23989,24002][transport_manager.cpp:716,GetStatus]
[HIXL_QUERY_PERF] layer=comm_channel request=0x17 mutex_wait_us=0 check_us=0 lookup_us=0 flag_check_us=1 complete_us=1 total_us=2 transfer_status=1
[HIXL_QUERY_PERF] layer=adxl_inner request=0x17 context_us=1 req_lock_wait_us=0 lookup_us=0 channel_us=5 cleanup_us=1 total_us=7 status=0 transfer_status=1
[HIXL_QUERY_PERF] layer=comm_engine request=0x17 total_us=9 status=0 transfer_status=1
[2026-08-24 21:01:24.191112][UC][I] [HIXL_WORKER_PERF] task_id=210 queue_depth=1 enqueue_lock_wait_us=0 enqueue_us=0 queue_wait_us=5 execute_us=11 result_post_us=4 total_us=20 status=0 [23989,24002][hixl_instance.cpp:107,Run]
[2026-08-24 21:01:24.191118][UC][I] [QUERY_PERF] component=ucm layer=hixl_instance request=0x17 queue_wait_us=5 backend_us=11 run_post_us=10 total_us=26 api_status=0 transfer_status=1 [23989,24002][hixl_instance.cpp:370,GetTransferStatus]
[2026-08-24 21:01:24.191122][UC][I] [QUERY_PERF] component=ucm layer=hixl_transport handle=46 request=0x17 lifecycle_lock_us=0 pending_lock_wait_us=0 pending_lookup_us=0 instance_us=30 erase_us=0 total_us=30 transfer_status=1 [23989,24002][hixl_transport.cpp:734,GetStatus]
[2026-08-24 21:01:24.191125][UC][I] [QUERY_PERF] component=ucm layer=transport_manager handle=46 transport_handle=46 transfers_lock_wait_us=0 lookup_us=1 transport_us=34 total_us=35 api_status=0 transfer_status=1 [23989,24002][transport_manager.cpp:716,GetStatus]
[2026-08-24 21:01:24.191128][UC][I] [PERF] component=transport event=transfer_done manager=127.0.0.1:8000 target=127.0.0.1:4507 handle=46 transport_handle=46 opcode=1 direct=2 segments=108 bytes=7962624 status=1 api_status=0 submitted_ts_us=1787576484189950 completed_ts_us=1787576484191128 manager_get_status_ts_us=1787576484191090 backend_query_ts_us=1787576484191096 submit_us=178 transfer_us=1178 manager_to_backend_query_us=6 total_us=1356 [23989,24002][transport_manager.cpp:727,GetStatus]
[HIXL_PERF] event=hccl_batch op=1 desc_num=108 hccl_us=86 status=0
[HIXL_PERF] event=issue_hccl_batch op=1 list_num=108 total_us=91
[HIXL_PERF] event=issue_async_host_flag op=1 list_num=108 context_us=1 hccl_issue_us=93 flag_memcpy_us=5 total_us=99
[HIXL_PERF] event=comm_channel_async op=1 list_num=108 mutex_wait_us=0 slot_us=0 host_flag_us=4 record_us=0 issue_us=101 total_us=105
[HIXL_PERF] event=adxl_inner_async op=1 list_num=108 context_us=0 connect_us=0 get_channel_us=1 channel_async_us=107 tail_us=1 total_us=109
[HIXL_PERF] event=comm_engine_async op=1 list_num=108 desc_build_us=1 inner_us=111 total_us=112 status=0
[2026-08-24 21:01:24.191232][UC][I] [HIXL_WORKER_PERF] task_id=211 queue_depth=1 enqueue_lock_wait_us=0 enqueue_us=0 queue_wait_us=11 execute_us=117 result_post_us=6 total_us=134 status=0 [23989,24003][hixl_instance.cpp:107,Run]
[2026-08-24 21:01:24.191240][UC][I] [PERF] component=transport event=transfer_submitted manager=127.0.0.1:8000 target=127.0.0.1:4502 handle=54 transport_handle=54 opcode=1 direct=2 segments=108 bytes=7962624 submitted_ts_us=1787576484191239 manager_execute_async_ts_us=1787576484191095 backend_execute_async_ts_us=1787576484191110 manager_to_backend_execute_async_us=15 submit_us=142 [23989,24003][transport_manager.cpp:674,ExecuteAsync]
[HIXL_PERF] event=hccl_batch op=1 desc_num=1 hccl_us=58 status=0
[HIXL_PERF] event=issue_hccl_batch op=1 list_num=1 total_us=62
[HIXL_PERF] event=issue_async_host_flag op=1 list_num=1 context_us=1 hccl_issue_us=64 flag_memcpy_us=4 total_us=69
[HIXL_PERF] event=comm_channel_async op=1 list_num=1 mutex_wait_us=1 slot_us=0 host_flag_us=0 record_us=0 issue_us=72 total_us=73
[HIXL_PERF] event=adxl_inner_async op=1 list_num=1 context_us=1 connect_us=0 get_channel_us=0 channel_async_us=75 tail_us=0 total_us=76
[HIXL_PERF] event=comm_engine_async op=1 list_num=1 desc_build_us=0 inner_us=78 total_us=78 status=0
[2026-08-24 21:01:24.191316][UC][I] [HIXL_WORKER_PERF] task_id=212 queue_depth=1 enqueue_lock_wait_us=0 enqueue_us=0 queue_wait_us=72 execute_us=82 result_post_us=4 total_us=158 status=0 [23989,24002][hixl_instance.cpp:107,Run]
[2026-08-24 21:01:24.191323][UC][I] [PERF] component=transport event=transfer_submitted manager=127.0.0.1:8000 target=127.0.0.1:4507 handle=55 transport_handle=55 opcode=1 direct=2 segments=1 bytes=63 submitted_ts_us=1787576484191322 manager_execute_async_ts_us=1787576484191156 backend_execute_async_ts_us=1787576484191230 manager_to_backend_execute_async_us=74 submit_us=165 [23989,24002][transport_manager.cpp:674,ExecuteAsync]
[HIXL_QUERY_PERF] layer=comm_channel request=0x18 mutex_wait_us=0 check_us=0 lookup_us=0 flag_check_us=1 complete_us=0 total_us=1 transfer_status=0
[HIXL_QUERY_PERF] layer=adxl_inner request=0x18 context_us=0 req_lock_wait_us=0 lookup_us=1 channel_us=7 cleanup_us=0 total_us=8 status=0 transfer_status=0
[HIXL_QUERY_PERF] layer=comm_engine request=0x18 total_us=10 status=0 transfer_status=0
[2026-08-24 21:01:24.191353][UC][I] [HIXL_WORKER_PERF] task_id=214 queue_depth=1 enqueue_lock_wait_us=0 enqueue_us=0 queue_wait_us=5 execute_us=13 result_post_us=3 total_us=21 status=0 [23989,24002][hixl_instance.cpp:107,Run]
[2026-08-24 21:01:24.191357][UC][I] [QUERY_PERF] component=ucm layer=hixl_instance request=0x18 queue_wait_us=5 backend_us=13 run_post_us=8 total_us=26 api_status=0 transfer_status=0 [23989,24002][hixl_instance.cpp:370,GetTransferStatus]
[2026-08-24 21:01:24.191360][UC][I] [QUERY_PERF] component=ucm layer=hixl_transport handle=47 request=0x18 lifecycle_lock_us=0 pending_lock_wait_us=0 pending_lookup_us=0 instance_us=29 erase_us=0 total_us=29 transfer_status=0 [23989,24002][hixl_transport.cpp:734,GetStatus]
[2026-08-24 21:01:24.191363][UC][I] [QUERY_PERF] component=ucm layer=transport_manager handle=47 transport_handle=47 transfers_lock_wait_us=1 lookup_us=0 transport_us=32 total_us=33 api_status=0 transfer_status=0 [23989,24002][transport_manager.cpp:716,GetStatus]
[HIXL_QUERY_PERF] layer=comm_channel request=0x1a mutex_wait_us=0 check_us=0 lookup_us=1 flag_check_us=0 complete_us=2 total_us=3 transfer_status=1
[HIXL_QUERY_PERF] layer=adxl_inner request=0x1a context_us=0 req_lock_wait_us=0 lookup_us=1 channel_us=6 cleanup_us=1 total_us=8 status=0 transfer_status=1
[HIXL_QUERY_PERF] layer=comm_engine request=0x1a total_us=10 status=0 transfer_status=1
[2026-08-24 21:01:24.191387][UC][I] [HIXL_WORKER_PERF] task_id=215 queue_depth=1 enqueue_lock_wait_us=1 enqueue_us=0 queue_wait_us=4 execute_us=12 result_post_us=4 total_us=21 status=0 [23989,24002][hixl_instance.cpp:107,Run]
[2026-08-24 21:01:24.191391][UC][I] [QUERY_PERF] component=ucm layer=hixl_instance request=0x1a queue_wait_us=5 backend_us=12 run_post_us=8 total_us=25 api_status=0 transfer_status=1 [23989,24002][hixl_instance.cpp:370,GetTransferStatus]
[2026-08-24 21:01:24.191395][UC][I] [QUERY_PERF] component=ucm layer=hixl_transport handle=49 request=0x1a lifecycle_lock_us=0 pending_lock_wait_us=0 pending_lookup_us=0 instance_us=28 erase_us=0 total_us=28 transfer_status=1 [23989,24002][hixl_transport.cpp:734,GetStatus]
[2026-08-24 21:01:24.191398][UC][I] [QUERY_PERF] component=ucm layer=transport_manager handle=49 transport_handle=49 transfers_lock_wait_us=0 lookup_us=0 transport_us=31 total_us=31 api_status=0 transfer_status=1 [23989,24002][transport_manager.cpp:716,GetStatus]
[2026-08-24 21:01:24.191401][UC][I] [PERF] component=transport event=transfer_done manager=127.0.0.1:8000 target=127.0.0.1:4508 handle=49 transport_handle=49 opcode=1 direct=2 segments=108 bytes=7962624 status=1 api_status=0 submitted_ts_us=1787576484190455 completed_ts_us=1787576484191400 manager_get_status_ts_us=1787576484191366 backend_query_ts_us=1787576484191371 submit_us=247 transfer_us=945 manager_to_backend_query_us=5 total_us=1192 [23989,24002][transport_manager.cpp:727,GetStatus]
[HIXL_PERF] event=hccl_batch op=1 desc_num=108 hccl_us=138 status=0
[HIXL_PERF] event=issue_hccl_batch op=1 list_num=108 total_us=162
[HIXL_PERF] event=issue_async_host_flag op=1 list_num=108 context_us=1 hccl_issue_us=164 flag_memcpy_us=6 total_us=171
[HIXL_PERF] event=comm_channel_async op=1 list_num=108 mutex_wait_us=1 slot_us=1 host_flag_us=0 record_us=1 issue_us=174 total_us=177
[HIXL_PERF] event=adxl_inner_async op=1 list_num=108 context_us=1 connect_us=0 get_channel_us=1 channel_async_us=179 tail_us=1 total_us=182
[HIXL_PERF] event=comm_engine_async op=1 list_num=108 desc_build_us=2 inner_us=185 total_us=187 status=0
[HIXL_PERF] event=hccl_batch op=1 desc_num=1 hccl_us=58 status=0
[2026-08-24 21:01:24.191496][UC][I] [HIXL_WORKER_PERF] task_id=213 queue_depth=1 enqueue_lock_wait_us=0 enqueue_us=0 queue_wait_us=6 execute_us=196 result_post_us=6 total_us=208 status=0 [23989,24003][hixl_instance.cpp:107,Run]
[HIXL_PERF] event=issue_hccl_batch op=1 list_num=1 total_us=63
[2026-08-24 21:01:24.191506][UC][I] [PERF] component=transport event=transfer_submitted manager=127.0.0.1:8000 target=127.0.0.1:4501 handle=56 transport_handle=56 opcode=1 direct=2 segments=108 bytes=7962624 submitted_ts_us=1787576484191505 manager_execute_async_ts_us=1787576484191285 backend_execute_async_ts_us=1787576484191296 manager_to_backend_execute_async_us=11 submit_us=220 [23989,24003][transport_manager.cpp:674,ExecuteAsync]
[HIXL_PERF] event=issue_async_host_flag op=1 list_num=1 context_us=0 hccl_issue_us=70 flag_memcpy_us=5 total_us=75
[HIXL_PERF] event=comm_channel_async op=1 list_num=1 mutex_wait_us=0 slot_us=0 host_flag_us=1 record_us=0 issue_us=78 total_us=79
[HIXL_PERF] event=adxl_inner_async op=1 list_num=1 context_us=0 connect_us=0 get_channel_us=1 channel_async_us=81 tail_us=1 total_us=83
[HIXL_PERF] event=comm_engine_async op=1 list_num=1 desc_build_us=1 inner_us=85 total_us=86 status=0
[2026-08-24 21:01:24.191528][UC][I] [HIXL_WORKER_PERF] task_id=216 queue_depth=1 enqueue_lock_wait_us=0 enqueue_us=0 queue_wait_us=4 execute_us=90 result_post_us=5 total_us=99 status=0 [23989,24002][hixl_instance.cpp:107,Run]
[2026-08-24 21:01:24.191535][UC][I] [PERF] component=transport event=transfer_submitted manager=127.0.0.1:8000 target=127.0.0.1:4508 handle=57 transport_handle=57 opcode=1 direct=2 segments=1 bytes=63 submitted_ts_us=1787576484191534 manager_execute_async_ts_us=1787576484191428 backend_execute_async_ts_us=1787576484191433 manager_to_backend_execute_async_us=6 submit_us=106 [23989,24002][transport_manager.cpp:674,ExecuteAsync]
[HIXL_QUERY_PERF] layer=comm_channel request=0x1b mutex_wait_us=0 check_us=0 lookup_us=0 flag_check_us=0 complete_us=2 total_us=2 transfer_status=1
[HIXL_QUERY_PERF] layer=adxl_inner request=0x1b context_us=1 req_lock_wait_us=0 lookup_us=1 channel_us=5 cleanup_us=0 total_us=7 status=0 transfer_status=1
[HIXL_QUERY_PERF] layer=comm_engine request=0x1b total_us=10 status=0 transfer_status=1
[2026-08-24 21:01:24.191564][UC][I] [HIXL_WORKER_PERF] task_id=217 queue_depth=1 enqueue_lock_wait_us=0 enqueue_us=0 queue_wait_us=5 execute_us=12 result_post_us=3 total_us=20 status=0 [23989,24002][hixl_instance.cpp:107,Run]
[2026-08-24 21:01:24.191569][UC][I] [QUERY_PERF] component=ucm layer=hixl_instance request=0x1b queue_wait_us=5 backend_us=12 run_post_us=8 total_us=25 api_status=0 transfer_status=1 [23989,24002][hixl_instance.cpp:370,GetTransferStatus]
[2026-08-24 21:01:24.191573][UC][I] [QUERY_PERF] component=ucm layer=hixl_transport handle=50 request=0x1b lifecycle_lock_us=0 pending_lock_wait_us=0 pending_lookup_us=0 instance_us=29 erase_us=0 total_us=29 transfer_status=1 [23989,24002][hixl_transport.cpp:734,GetStatus]
[2026-08-24 21:01:24.191576][UC][I] [QUERY_PERF] component=ucm layer=transport_manager handle=50 transport_handle=50 transfers_lock_wait_us=1 lookup_us=0 transport_us=33 total_us=34 api_status=0 transfer_status=1 [23989,24002][transport_manager.cpp:716,GetStatus]
[2026-08-24 21:01:24.191579][UC][I] [PERF] component=transport event=transfer_done manager=127.0.0.1:8000 target=127.0.0.1:4502 handle=50 transport_handle=50 opcode=1 direct=2 segments=108 bytes=7962624 status=1 api_status=0 submitted_ts_us=1787576484190669 completed_ts_us=1787576484191578 manager_get_status_ts_us=1787576484191542 backend_query_ts_us=1787576484191548 submit_us=184 transfer_us=909 manager_to_backend_query_us=6 total_us=1093 [23989,24002][transport_manager.cpp:727,GetStatus]
[HIXL_PERF] event=hccl_batch op=1 desc_num=108 hccl_us=94 status=0
[HIXL_PERF] event=issue_hccl_batch op=1 list_num=108 total_us=101
[HIXL_PERF] event=hccl_batch op=1 desc_num=1 hccl_us=58 status=0
[HIXL_PERF] event=issue_hccl_batch op=1 list_num=1 total_us=62
[HIXL_PERF] event=issue_async_host_flag op=1 list_num=108 context_us=1 hccl_issue_us=103 flag_memcpy_us=5 total_us=109
[HIXL_PERF] event=comm_channel_async op=1 list_num=108 mutex_wait_us=0 slot_us=1 host_flag_us=0 record_us=0 issue_us=115 total_us=116
[HIXL_PERF] event=adxl_inner_async op=1 list_num=108 context_us=0 connect_us=0 get_channel_us=2 channel_async_us=119 tail_us=1 total_us=122
[HIXL_PERF] event=comm_engine_async op=1 list_num=108 desc_build_us=0 inner_us=131 total_us=131 status=0
[HIXL_PERF] event=issue_async_host_flag op=1 list_num=1 context_us=0 hccl_issue_us=65 flag_memcpy_us=5 total_us=70
[HIXL_PERF] event=comm_channel_async op=1 list_num=1 mutex_wait_us=0 slot_us=0 host_flag_us=0 record_us=0 issue_us=91 total_us=91
[HIXL_PERF] event=adxl_inner_async op=1 list_num=1 context_us=1 connect_us=0 get_channel_us=1 channel_async_us=93 tail_us=1 total_us=96
[2026-08-24 21:01:24.191707][UC][I] [HIXL_WORKER_PERF] task_id=218 queue_depth=1 enqueue_lock_wait_us=0 enqueue_us=1 queue_wait_us=5 execute_us=139 result_post_us=6 total_us=151 status=0 [23989,24003][hixl_instance.cpp:107,Run]
[HIXL_PERF] event=comm_engine_async op=1 list_num=1 desc_build_us=0 inner_us=98 total_us=98 status=0
[2026-08-24 21:01:24.191718][UC][I] [PERF] component=transport event=transfer_submitted manager=127.0.0.1:8000 target=127.0.0.1:4501 handle=58 transport_handle=58 opcode=1 direct=2 segments=108 bytes=7962624 submitted_ts_us=1787576484191716 manager_execute_async_ts_us=1787576484191553 backend_execute_async_ts_us=1787576484191564 manager_to_backend_execute_async_us=11 submit_us=161 [23989,24003][transport_manager.cpp:674,ExecuteAsync]
[2026-08-24 21:01:24.191723][UC][I] [HIXL_WORKER_PERF] task_id=219 queue_depth=1 enqueue_lock_wait_us=1 enqueue_us=0 queue_wait_us=4 execute_us=105 result_post_us=4 total_us=114 status=0 [23989,24002][hixl_instance.cpp:107,Run]
[2026-08-24 21:01:24.191731][UC][I] [PERF] component=transport event=transfer_submitted manager=127.0.0.1:8000 target=127.0.0.1:4502 handle=59 transport_handle=59 opcode=1 direct=2 segments=1 bytes=63 submitted_ts_us=1787576484191730 manager_execute_async_ts_us=1787576484191607 backend_execute_async_ts_us=1787576484191613 manager_to_backend_execute_async_us=5 submit_us=122 [23989,24002][transport_manager.cpp:674,ExecuteAsync]
[HIXL_QUERY_PERF] layer=comm_channel request=0x1d mutex_wait_us=0 check_us=0 lookup_us=0 flag_check_us=1 complete_us=1 total_us=2 transfer_status=1
[HIXL_QUERY_PERF] layer=adxl_inner request=0x1d context_us=0 req_lock_wait_us=0 lookup_us=1 channel_us=5 cleanup_us=1 total_us=7 status=0 transfer_status=1
[HIXL_QUERY_PERF] layer=comm_engine request=0x1d total_us=10 status=0 transfer_status=1
[2026-08-24 21:01:24.191758][UC][I] [HIXL_WORKER_PERF] task_id=220 queue_depth=1 enqueue_lock_wait_us=0 enqueue_us=0 queue_wait_us=5 execute_us=12 result_post_us=5 total_us=22 status=0 [23989,24002][hixl_instance.cpp:107,Run]
[2026-08-24 21:01:24.191763][UC][I] [QUERY_PERF] component=ucm layer=hixl_instance request=0x1d queue_wait_us=6 backend_us=12 run_post_us=9 total_us=27 api_status=0 transfer_status=1 [23989,24002][hixl_instance.cpp:370,GetTransferStatus]
[2026-08-24 21:01:24.191767][UC][I] [QUERY_PERF] component=ucm layer=hixl_transport handle=52 request=0x1d lifecycle_lock_us=0 pending_lock_wait_us=0 pending_lookup_us=0 instance_us=30 erase_us=0 total_us=30 transfer_status=1 [23989,24002][hixl_transport.cpp:734,GetStatus]
[2026-08-24 21:01:24.191770][UC][I] [QUERY_PERF] component=ucm layer=transport_manager handle=52 transport_handle=52 transfers_lock_wait_us=0 lookup_us=0 transport_us=35 total_us=35 api_status=0 transfer_status=1 [23989,24002][transport_manager.cpp:716,GetStatus]
[2026-08-24 21:01:24.191774][UC][I] [PERF] component=transport event=transfer_done manager=127.0.0.1:8000 target=127.0.0.1:4502 handle=52 transport_handle=52 opcode=1 direct=2 segments=108 bytes=7962624 status=1 api_status=0 submitted_ts_us=1787576484190888 completed_ts_us=1787576484191773 manager_get_status_ts_us=1787576484191735 backend_query_ts_us=1787576484191741 submit_us=171 transfer_us=885 manager_to_backend_query_us=6 total_us=1056 [23989,24002][transport_manager.cpp:727,GetStatus]
[HIXL_PERF] event=hccl_batch op=1 desc_num=1 hccl_us=68 status=0
[HIXL_PERF] event=issue_hccl_batch op=1 list_num=1 total_us=79
[HIXL_PERF] event=issue_async_host_flag op=1 list_num=1 context_us=1 hccl_issue_us=81 flag_memcpy_us=5 total_us=87
[HIXL_PERF] event=hccl_batch op=1 desc_num=108 hccl_us=107 status=0
[HIXL_PERF] event=issue_hccl_batch op=1 list_num=108 total_us=118
[HIXL_PERF] event=comm_channel_async op=1 list_num=1 mutex_wait_us=0 slot_us=0 host_flag_us=0 record_us=0 issue_us=93 total_us=93
[HIXL_PERF] event=adxl_inner_async op=1 list_num=1 context_us=0 connect_us=0 get_channel_us=1 channel_async_us=116 tail_us=1 total_us=118
[HIXL_PERF] event=issue_async_host_flag op=1 list_num=108 context_us=1 hccl_issue_us=120 flag_memcpy_us=4 total_us=125
[HIXL_PERF] event=comm_channel_async op=1 list_num=108 mutex_wait_us=0 slot_us=0 host_flag_us=12 record_us=0 issue_us=149 total_us=161
[HIXL_PERF] event=adxl_inner_async op=1 list_num=108 context_us=1 connect_us=0 get_channel_us=1 channel_async_us=164 tail_us=0 total_us=166
[HIXL_PERF] event=comm_engine_async op=1 list_num=108 desc_build_us=0 inner_us=168 total_us=168 status=0
[2026-08-24 21:01:24.191958][UC][I] [HIXL_WORKER_PERF] task_id=221 queue_depth=1 enqueue_lock_wait_us=1 enqueue_us=0 queue_wait_us=6 execute_us=174 result_post_us=7 total_us=188 status=0 [23989,24003][hixl_instance.cpp:107,Run]
[2026-08-24 21:01:24.191966][UC][I] [PERF] component=transport event=transfer_submitted manager=127.0.0.1:8000 target=127.0.0.1:4501 handle=60 transport_handle=60 opcode=1 direct=2 segments=108 bytes=7962624 submitted_ts_us=1787576484191964 manager_execute_async_ts_us=1787576484191767 backend_execute_async_ts_us=1787576484191777 manager_to_backend_execute_async_us=11 submit_us=197 [23989,24003][transport_manager.cpp:674,ExecuteAsync]
[HIXL_PERF] event=hccl_batch op=1 desc_num=108 hccl_us=88 status=0
[HIXL_PERF] event=issue_hccl_batch op=1 list_num=108 total_us=100
[HIXL_PERF] event=comm_engine_async op=1 list_num=1 desc_build_us=0 inner_us=127 total_us=127 status=0
[HIXL_PERF] event=issue_async_host_flag op=1 list_num=108 context_us=0 hccl_issue_us=102 flag_memcpy_us=4 total_us=106
[HIXL_PERF] event=comm_channel_async op=1 list_num=108 mutex_wait_us=0 slot_us=1 host_flag_us=4 record_us=0 issue_us=113 total_us=118
[HIXL_PERF] event=adxl_inner_async op=1 list_num=108 context_us=0 connect_us=0 get_channel_us=1 channel_async_us=122 tail_us=1 total_us=124
[2026-08-24 21:01:24.192148][UC][I] [HIXL_WORKER_PERF] task_id=222 queue_depth=1 enqueue_lock_wait_us=0 enqueue_us=0 queue_wait_us=4 execute_us=332 result_post_us=6 total_us=342 status=0 [23989,24002][hixl_instance.cpp:107,Run]
[HIXL_PERF] event=comm_engine_async op=1 list_num=108 desc_build_us=1 inner_us=126 total_us=127 status=0
[2026-08-24 21:01:24.192156][UC][I] [PERF] component=transport event=transfer_submitted manager=127.0.0.1:8000 target=127.0.0.1:4502 handle=61 transport_handle=61 opcode=1 direct=2 segments=1 bytes=63 submitted_ts_us=1787576484192155 manager_execute_async_ts_us=1787576484191804 backend_execute_async_ts_us=1787576484191809 manager_to_backend_execute_async_us=5 submit_us=351 [23989,24002][transport_manager.cpp:674,ExecuteAsync]
[2026-08-24 21:01:24.192163][UC][I] [HIXL_WORKER_PERF] task_id=223 queue_depth=1 enqueue_lock_wait_us=1 enqueue_us=0 queue_wait_us=6 execute_us=136 result_post_us=6 total_us=149 status=0 [23989,24003][hixl_instance.cpp:107,Run]
[2026-08-24 21:01:24.192171][UC][I] [PERF] component=transport event=transfer_submitted manager=127.0.0.1:8000 target=127.0.0.1:4501 handle=62 transport_handle=62 opcode=1 direct=2 segments=108 bytes=7962624 submitted_ts_us=1787576484192170 manager_execute_async_ts_us=1787576484192011 backend_execute_async_ts_us=1787576484192022 manager_to_backend_execute_async_us=10 submit_us=157 [23989,24003][transport_manager.cpp:674,ExecuteAsync]
[HIXL_QUERY_PERF] layer=comm_channel request=0x19 mutex_wait_us=0 check_us=0 lookup_us=0 flag_check_us=1 complete_us=3 total_us=4 transfer_status=1
[HIXL_QUERY_PERF] layer=adxl_inner request=0x19 context_us=2 req_lock_wait_us=0 lookup_us=1 channel_us=11 cleanup_us=1 total_us=15 status=0 transfer_status=1
[HIXL_QUERY_PERF] layer=comm_engine request=0x19 total_us=20 status=0 transfer_status=1
[2026-08-24 21:01:24.192201][UC][I] [HIXL_WORKER_PERF] task_id=224 queue_depth=1 enqueue_lock_wait_us=1 enqueue_us=0 queue_wait_us=4 execute_us=27 result_post_us=4 total_us=36 status=0 [23989,24002][hixl_instance.cpp:107,Run]
[2026-08-24 21:01:24.192210][UC][I] [QUERY_PERF] component=ucm layer=hixl_instance request=0x19 queue_wait_us=6 backend_us=26 run_post_us=13 total_us=45 api_status=0 transfer_status=1 [23989,24002][hixl_instance.cpp:370,GetTransferStatus]
[2026-08-24 21:01:24.192213][UC][I] [QUERY_PERF] component=ucm layer=hixl_transport handle=48 request=0x19 lifecycle_lock_us=0 pending_lock_wait_us=0 pending_lookup_us=0 instance_us=48 erase_us=0 total_us=48 transfer_status=1 [23989,24002][hixl_transport.cpp:734,GetStatus]
[2026-08-24 21:01:24.192216][UC][I] [QUERY_PERF] component=ucm layer=transport_manager handle=48 transport_handle=48 transfers_lock_wait_us=0 lookup_us=0 transport_us=52 total_us=52 api_status=0 transfer_status=1 [23989,24002][transport_manager.cpp:716,GetStatus]
[2026-08-24 21:01:24.192219][UC][I] [PERF] component=transport event=transfer_done manager=127.0.0.1:8000 target=127.0.0.1:4507 handle=48 transport_handle=48 opcode=1 direct=2 segments=1 bytes=63 status=1 api_status=0 submitted_ts_us=1787576484190257 completed_ts_us=1787576484192218 manager_get_status_ts_us=1787576484192163 backend_query_ts_us=1787576484192169 submit_us=202 transfer_us=1961 manager_to_backend_query_us=6 total_us=2163 [23989,24002][transport_manager.cpp:727,GetStatus]
[2026-08-24 21:01:24.192228][UC][I] [PERF] component=drampool event=request_done request_id=3 opcode=2 peer=127.0.0.1:4507 batch_size=108 data_bytes=7962624 failed_items=0 status=SUCCESS failed_stage=NONE received_ts_us=1787576484189064 worker_started_ts_us=1787576484189091 data_transfer_submitted_ts_us=1787576484189527 data_transfer_completed_ts_us=1787576484190023 response_submitted_ts_us=1787576484190261 completed_ts_us=1787576484192223 data_tm_execute_async_ts_us=1787576484189133 data_hixl_execute_async_ts_us=1787576484189159 data_tm_get_status_ts_us=1787576484189972 data_hixl_query_handle_ts_us=1787576484189978 response_tm_execute_async_ts_us=1787576484190054 response_hixl_execute_async_ts_us=1787576484190152 response_tm_get_status_ts_us=1787576484192163 response_hixl_query_handle_ts_us=1787576484192169 request_queue_us=27 metadata_prepare_us=38 taskworker_prepare_us=438 poller_queue_us=141 data_transfer_us=496 metadata_settle_us=29 response_slot_wait_us=1 response_submit_us=208 response_transfer_us=1962 data_tm_to_hixl_execute_async_us=26 data_tm_to_hixl_query_handle_us=6 response_tm_to_hixl_execute_async_us=98 response_tm_to_hixl_query_handle_us=6 total_us=3159 [23989,24002][completion_poller.cc:56,LogRequestDone]
[HIXL_PERF] event=hccl_batch op=1 desc_num=108 hccl_us=157 status=0
[HIXL_PERF] event=issue_hccl_batch op=1 list_num=108 total_us=181
[HIXL_PERF] event=issue_async_host_flag op=1 list_num=108 context_us=0 hccl_issue_us=184 flag_memcpy_us=6 total_us=190
[HIXL_PERF] event=comm_channel_async op=1 list_num=108 mutex_wait_us=1 slot_us=0 host_flag_us=0 record_us=1 issue_us=195 total_us=197
[HIXL_PERF] event=adxl_inner_async op=1 list_num=108 context_us=1 connect_us=0 get_channel_us=0 channel_async_us=201 tail_us=1 total_us=203
[HIXL_PERF] event=comm_engine_async op=1 list_num=108 desc_build_us=1 inner_us=206 total_us=207 status=0
[2026-08-24 21:01:24.192420][UC][I] [HIXL_WORKER_PERF] task_id=225 queue_depth=1 enqueue_lock_wait_us=1 enqueue_us=0 queue_wait_us=3 execute_us=215 result_post_us=5 total_us=224 status=0 [23989,24003][hixl_instance.cpp:107,Run]
[HIXL_QUERY_PERF] layer=comm_channel request=0x1c mutex_wait_us=0 check_us=0 lookup_us=0 flag_check_us=0 complete_us=2 total_us=2 transfer_status=1
[2026-08-24 21:01:24.192431][UC][I] [PERF] component=transport event=transfer_submitted manager=127.0.0.1:8000 target=127.0.0.1:4508 handle=63 transport_handle=63 opcode=1 direct=2 segments=108 bytes=7962624 submitted_ts_us=1787576484192429 manager_execute_async_ts_us=1787576484192193 backend_execute_async_ts_us=1787576484192201 manager_to_backend_execute_async_us=7 submit_us=236 [23989,24003][transport_manager.cpp:674,ExecuteAsync]
[HIXL_QUERY_PERF] layer=adxl_inner request=0x1c context_us=1 req_lock_wait_us=0 lookup_us=1 channel_us=13 cleanup_us=0 total_us=15 status=0 transfer_status=1
[HIXL_QUERY_PERF] layer=comm_engine request=0x1c total_us=25 status=0 transfer_status=1
[2026-08-24 21:01:24.192450][UC][I] [HIXL_WORKER_PERF] task_id=226 queue_depth=1 enqueue_lock_wait_us=0 enqueue_us=1 queue_wait_us=177 execute_us=28 result_post_us=4 total_us=210 status=0 [23989,24002][hixl_instance.cpp:107,Run]
[2026-08-24 21:01:24.192455][UC][I] [QUERY_PERF] component=ucm layer=hixl_instance request=0x1c queue_wait_us=178 backend_us=28 run_post_us=9 total_us=215 api_status=0 transfer_status=1 [23989,24002][hixl_instance.cpp:370,GetTransferStatus]
[2026-08-24 21:01:24.192459][UC][I] [QUERY_PERF] component=ucm layer=hixl_transport handle=51 request=0x1c lifecycle_lock_us=0 pending_lock_wait_us=0 pending_lookup_us=0 instance_us=219 erase_us=0 total_us=219 transfer_status=1 [23989,24002][hixl_transport.cpp:734,GetStatus]
[2026-08-24 21:01:24.192463][UC][I] [QUERY_PERF] component=ucm layer=transport_manager handle=51 transport_handle=51 transfers_lock_wait_us=0 lookup_us=0 transport_us=224 total_us=224 api_status=0 transfer_status=1 [23989,24002][transport_manager.cpp:716,GetStatus]
[2026-08-24 21:01:24.192466][UC][I] [PERF] component=transport event=transfer_done manager=127.0.0.1:8000 target=127.0.0.1:4507 handle=51 transport_handle=51 opcode=1 direct=2 segments=1 bytes=63 status=1 api_status=0 submitted_ts_us=1787576484190754 completed_ts_us=1787576484192465 manager_get_status_ts_us=1787576484192239 backend_query_ts_us=1787576484192417 submit_us=239 transfer_us=1710 manager_to_backend_query_us=178 total_us=1949 [23989,24002][transport_manager.cpp:727,GetStatus]
[2026-08-24 21:01:24.192472][UC][I] [PERF] component=drampool event=request_done request_id=4 opcode=2 peer=127.0.0.1:4507 batch_size=108 data_bytes=7962624 failed_items=0 status=SUCCESS failed_stage=NONE received_ts_us=1787576484189114 worker_started_ts_us=1787576484189530 data_transfer_submitted_ts_us=1787576484189743 data_transfer_completed_ts_us=1787576484190491 response_submitted_ts_us=1787576484190759 completed_ts_us=1787576484192470 data_tm_execute_async_ts_us=1787576484189563 data_hixl_execute_async_ts_us=1787576484189575 data_tm_get_status_ts_us=1787576484190262 data_hixl_query_handle_ts_us=1787576484190442 response_tm_execute_async_ts_us=1787576484190515 response_hixl_execute_async_ts_us=1787576484190660 response_tm_get_status_ts_us=1787576484192239 response_hixl_query_handle_ts_us=1787576484192417 request_queue_us=416 metadata_prepare_us=32 taskworker_prepare_us=214 poller_queue_us=21 data_transfer_us=748 metadata_settle_us=23 response_slot_wait_us=0 response_submit_us=245 response_transfer_us=1710 data_tm_to_hixl_execute_async_us=12 data_tm_to_hixl_query_handle_us=180 response_tm_to_hixl_execute_async_us=145 response_tm_to_hixl_query_handle_us=178 total_us=3356 [23989,24002][completion_poller.cc:56,LogRequestDone]
[HIXL_PERF] event=hccl_batch op=1 desc_num=108 hccl_us=100 status=0
[HIXL_PERF] event=issue_hccl_batch op=1 list_num=108 total_us=110
[HIXL_PERF] event=issue_async_host_flag op=1 list_num=108 context_us=0 hccl_issue_us=113 flag_memcpy_us=5 total_us=118
[HIXL_PERF] event=comm_channel_async op=1 list_num=108 mutex_wait_us=0 slot_us=1 host_flag_us=8 record_us=0 issue_us=122 total_us=131
[HIXL_PERF] event=adxl_inner_async op=1 list_num=108 context_us=0 connect_us=1 get_channel_us=0 channel_async_us=136 tail_us=1 total_us=138
[HIXL_PERF] event=comm_engine_async op=1 list_num=108 desc_build_us=1 inner_us=141 total_us=142 status=0
[HIXL_QUERY_PERF] layer=comm_channel request=0x20 mutex_wait_us=1 check_us=0 lookup_us=0 flag_check_us=0 complete_us=2 total_us=3 transfer_status=1
[2026-08-24 21:01:24.192620][UC][I] [HIXL_WORKER_PERF] task_id=227 queue_depth=1 enqueue_lock_wait_us=1 enqueue_us=0 queue_wait_us=5 execute_us=149 result_post_us=6 total_us=161 status=0 [23989,24003][hixl_instance.cpp:107,Run]
[HIXL_QUERY_PERF] layer=adxl_inner request=0x20 context_us=1 req_lock_wait_us=0 lookup_us=0 channel_us=5 cleanup_us=1 total_us=7 status=0 transfer_status=1
[2026-08-24 21:01:24.192630][UC][I] [PERF] component=transport event=transfer_submitted manager=127.0.0.1:8000 target=127.0.0.1:4508 handle=64 transport_handle=64 opcode=1 direct=2 segments=108 bytes=7962624 submitted_ts_us=1787576484192628 manager_execute_async_ts_us=1787576484192456 backend_execute_async_ts_us=1787576484192466 manager_to_backend_execute_async_us=10 submit_us=171 [23989,24003][transport_manager.cpp:674,ExecuteAsync]
[HIXL_QUERY_PERF] layer=comm_engine request=0x20 total_us=17 status=0 transfer_status=1
[2026-08-24 21:01:24.192643][UC][I] [HIXL_WORKER_PERF] task_id=228 queue_depth=1 enqueue_lock_wait_us=0 enqueue_us=0 queue_wait_us=133 execute_us=21 result_post_us=4 total_us=158 status=0 [23989,24002][hixl_instance.cpp:107,Run]
[2026-08-24 21:01:24.192650][UC][I] [QUERY_PERF] component=ucm layer=hixl_instance request=0x20 queue_wait_us=133 backend_us=21 run_post_us=12 total_us=166 api_status=0 transfer_status=1 [23989,24002][hixl_instance.cpp:370,GetTransferStatus]
[2026-08-24 21:01:24.192658][UC][I] [QUERY_PERF] component=ucm layer=hixl_transport handle=55 request=0x20 lifecycle_lock_us=1 pending_lock_wait_us=0 pending_lookup_us=0 instance_us=173 erase_us=0 total_us=174 transfer_status=1 [23989,24002][hixl_transport.cpp:734,GetStatus]
[2026-08-24 21:01:24.192663][UC][I] [QUERY_PERF] component=ucm layer=transport_manager handle=55 transport_handle=55 transfers_lock_wait_us=0 lookup_us=0 transport_us=180 total_us=180 api_status=0 transfer_status=1 [23989,24002][transport_manager.cpp:716,GetStatus]
[2026-08-24 21:01:24.192666][UC][I] [PERF] component=transport event=transfer_done manager=127.0.0.1:8000 target=127.0.0.1:4507 handle=55 transport_handle=55 opcode=1 direct=2 segments=1 bytes=63 status=1 api_status=0 submitted_ts_us=1787576484191322 completed_ts_us=1787576484192665 manager_get_status_ts_us=1787576484192483 backend_query_ts_us=1787576484192617 submit_us=165 transfer_us=1343 manager_to_backend_query_us=134 total_us=1508 [23989,24002][transport_manager.cpp:727,GetStatus]
[2026-08-24 21:01:24.192672][UC][I] [PERF] component=drampool event=request_done request_id=5 opcode=2 peer=127.0.0.1:4507 batch_size=108 data_bytes=7962624 failed_items=0 status=SUCCESS failed_stage=NONE received_ts_us=1787576484189117 worker_started_ts_us=1787576484189745 data_transfer_submitted_ts_us=1787576484189955 data_transfer_completed_ts_us=1787576484191131 response_submitted_ts_us=1787576484191330 completed_ts_us=1787576484192670 data_tm_execute_async_ts_us=1787576484189770 data_hixl_execute_async_ts_us=1787576484189784 data_tm_get_status_ts_us=1787576484191090 data_hixl_query_handle_ts_us=1787576484191096 response_tm_execute_async_ts_us=1787576484191156 response_hixl_execute_async_ts_us=1787576484191230 response_tm_get_status_ts_us=1787576484192483 response_hixl_query_handle_ts_us=1787576484192617 request_queue_us=628 metadata_prepare_us=24 taskworker_prepare_us=211 poller_queue_us=16 data_transfer_us=1176 metadata_settle_us=23 response_slot_wait_us=0 response_submit_us=175 response_transfer_us=1339 data_tm_to_hixl_execute_async_us=14 data_tm_to_hixl_query_handle_us=6 response_tm_to_hixl_execute_async_us=74 response_tm_to_hixl_query_handle_us=134 total_us=3553 [23989,24002][completion_poller.cc:56,LogRequestDone]
[HIXL_PERF] event=hccl_batch op=1 desc_num=108 hccl_us=93 status=0
[HIXL_PERF] event=issue_hccl_batch op=1 list_num=108 total_us=102
[HIXL_PERF] event=issue_async_host_flag op=1 list_num=108 context_us=1 hccl_issue_us=104 flag_memcpy_us=5 total_us=110
[HIXL_PERF] event=comm_channel_async op=1 list_num=108 mutex_wait_us=0 slot_us=0 host_flag_us=6 record_us=0 issue_us=115 total_us=121
[HIXL_PERF] event=adxl_inner_async op=1 list_num=108 context_us=0 connect_us=0 get_channel_us=1 channel_async_us=126 tail_us=0 total_us=127
[HIXL_PERF] event=comm_engine_async op=1 list_num=108 desc_build_us=1 inner_us=132 total_us=133 status=0
[HIXL_QUERY_PERF] layer=comm_channel request=0x18 mutex_wait_us=0 check_us=0 lookup_us=0 flag_check_us=0 complete_us=1 total_us=1 transfer_status=1
[2026-08-24 21:01:24.192805][UC][I] [HIXL_WORKER_PERF] task_id=229 queue_depth=1 enqueue_lock_wait_us=0 enqueue_us=0 queue_wait_us=5 execute_us=140 result_post_us=5 total_us=150 status=0 [23989,24003][hixl_instance.cpp:107,Run]
[HIXL_QUERY_PERF] layer=adxl_inner request=0x18 context_us=1 req_lock_wait_us=0 lookup_us=1 channel_us=8 cleanup_us=0 total_us=10 status=0 transfer_status=1
[2026-08-24 21:01:24.192818][UC][I] [PERF] component=transport event=transfer_submitted manager=127.0.0.1:8000 target=127.0.0.1:4508 handle=65 transport_handle=65 opcode=1 direct=2 segments=108 bytes=7962624 submitted_ts_us=1787576484192817 manager_execute_async_ts_us=1787576484192652 backend_execute_async_ts_us=1787576484192661 manager_to_backend_execute_async_us=9 submit_us=164 [23989,24003][transport_manager.cpp:674,ExecuteAsync]
[HIXL_QUERY_PERF] layer=comm_engine request=0x18 total_us=18 status=0 transfer_status=1
[2026-08-24 21:01:24.192835][UC][I] [HIXL_WORKER_PERF] task_id=230 queue_depth=1 enqueue_lock_wait_us=0 enqueue_us=0 queue_wait_us=125 execute_us=27 result_post_us=5 total_us=157 status=0 [23989,24002][hixl_instance.cpp:107,Run]
[2026-08-24 21:01:24.192844][UC][I] [QUERY_PERF] component=ucm layer=hixl_instance request=0x18 queue_wait_us=125 backend_us=27 run_post_us=14 total_us=166 api_status=0 transfer_status=1 [23989,24002][hixl_instance.cpp:370,GetTransferStatus]
[2026-08-24 21:01:24.192850][UC][I] [QUERY_PERF] component=ucm layer=hixl_transport handle=47 request=0x18 lifecycle_lock_us=0 pending_lock_wait_us=0 pending_lookup_us=0 instance_us=171 erase_us=1 total_us=172 transfer_status=1 [23989,24002][hixl_transport.cpp:734,GetStatus]
[2026-08-24 21:01:24.192854][UC][I] [QUERY_PERF] component=ucm layer=transport_manager handle=47 transport_handle=47 transfers_lock_wait_us=1 lookup_us=0 transport_us=177 total_us=178 api_status=0 transfer_status=1 [23989,24002][transport_manager.cpp:716,GetStatus]
[2026-08-24 21:01:24.192857][UC][I] [PERF] component=transport event=transfer_done manager=127.0.0.1:8000 target=127.0.0.1:4507 handle=47 transport_handle=47 opcode=1 direct=2 segments=108 bytes=7962624 status=1 api_status=0 submitted_ts_us=1787576484190160 completed_ts_us=1787576484192856 manager_get_status_ts_us=1787576484192676 backend_query_ts_us=1787576484192802 submit_us=185 transfer_us=2695 manager_to_backend_query_us=126 total_us=2880 [23989,24002][transport_manager.cpp:727,GetStatus]
[HIXL_PERF] event=hccl_batch op=1 desc_num=1 hccl_us=59 status=0
[HIXL_PERF] event=issue_hccl_batch op=1 list_num=1 total_us=67
[HIXL_PERF] event=issue_async_host_flag op=1 list_num=1 context_us=1 hccl_issue_us=69 flag_memcpy_us=4 total_us=74
[HIXL_PERF] event=comm_channel_async op=1 list_num=1 mutex_wait_us=0 slot_us=0 host_flag_us=0 record_us=0 issue_us=79 total_us=79
[HIXL_PERF] event=adxl_inner_async op=1 list_num=1 context_us=0 connect_us=0 get_channel_us=1 channel_async_us=85 tail_us=0 total_us=86
[HIXL_PERF] event=comm_engine_async op=1 list_num=1 desc_build_us=1 inner_us=90 total_us=91 status=0
[HIXL_PERF] event=hccl_batch op=1 desc_num=108 hccl_us=119 status=0
[HIXL_PERF] event=issue_hccl_batch op=1 list_num=108 total_us=126
[2026-08-24 21:01:24.192990][UC][I] [HIXL_WORKER_PERF] task_id=232 queue_depth=1 enqueue_lock_wait_us=1 enqueue_us=0 queue_wait_us=5 execute_us=95 result_post_us=5 total_us=106 status=0 [23989,24002][hixl_instance.cpp:107,Run]
[HIXL_PERF] event=issue_async_host_flag op=1 list_num=108 context_us=1 hccl_issue_us=127 flag_memcpy_us=4 total_us=132
[2026-08-24 21:01:24.192996][UC][I] [PERF] component=transport event=transfer_submitted manager=127.0.0.1:8000 target=127.0.0.1:4507 handle=66 transport_handle=66 opcode=1 direct=2 segments=1 bytes=63 submitted_ts_us=1787576484192996 manager_execute_async_ts_us=1787576484192883 backend_execute_async_ts_us=1787576484192890 manager_to_backend_execute_async_us=6 submit_us=112 [23989,24002][transport_manager.cpp:674,ExecuteAsync]
[HIXL_PERF] event=comm_channel_async op=1 list_num=108 mutex_wait_us=1 slot_us=1 host_flag_us=0 record_us=0 issue_us=136 total_us=138
[HIXL_PERF] event=adxl_inner_async op=1 list_num=108 context_us=0 connect_us=0 get_channel_us=1 channel_async_us=146 tail_us=1 total_us=148
[HIXL_PERF] event=comm_engine_async op=1 list_num=108 desc_build_us=1 inner_us=151 total_us=152 status=0
[HIXL_QUERY_PERF] layer=comm_channel request=0x21 mutex_wait_us=0 check_us=0 lookup_us=0 flag_check_us=1 complete_us=1 total_us=2 transfer_status=1
[HIXL_QUERY_PERF] layer=adxl_inner request=0x21 context_us=1 req_lock_wait_us=0 lookup_us=1 channel_us=11 cleanup_us=1 total_us=14 status=0 transfer_status=1
[2026-08-24 21:01:24.193021][UC][I] [HIXL_WORKER_PERF] task_id=231 queue_depth=1 enqueue_lock_wait_us=0 enqueue_us=1 queue_wait_us=5 execute_us=159 result_post_us=5 total_us=170 status=0 [23989,24003][hixl_instance.cpp:107,Run]
[HIXL_QUERY_PERF] layer=comm_engine request=0x21 total_us=20 status=0 transfer_status=1
[2026-08-24 21:01:24.193034][UC][I] [PERF] component=transport event=transfer_submitted manager=127.0.0.1:8000 target=127.0.0.1:4505 handle=67 transport_handle=67 opcode=1 direct=2 segments=108 bytes=7962624 submitted_ts_us=1787576484193032 manager_execute_async_ts_us=1787576484192848 backend_execute_async_ts_us=1787576484192857 manager_to_backend_execute_async_us=9 submit_us=183 [23989,24003][transport_manager.cpp:674,ExecuteAsync]
[2026-08-24 21:01:24.193035][UC][I] [HIXL_WORKER_PERF] task_id=233 queue_depth=1 enqueue_lock_wait_us=0 enqueue_us=0 queue_wait_us=5 execute_us=24 result_post_us=4 total_us=33 status=0 [23989,24002][hixl_instance.cpp:107,Run]
[2026-08-24 21:01:24.193052][UC][I] [QUERY_PERF] component=ucm layer=hixl_instance request=0x21 queue_wait_us=5 backend_us=24 run_post_us=20 total_us=49 api_status=0 transfer_status=1 [23989,24002][hixl_instance.cpp:370,GetTransferStatus]
[2026-08-24 21:01:24.193057][UC][I] [QUERY_PERF] component=ucm layer=hixl_transport handle=57 request=0x21 lifecycle_lock_us=0 pending_lock_wait_us=0 pending_lookup_us=0 instance_us=54 erase_us=0 total_us=54 transfer_status=1 [23989,24002][hixl_transport.cpp:734,GetStatus]
[2026-08-24 21:01:24.193061][UC][I] [QUERY_PERF] component=ucm layer=transport_manager handle=57 transport_handle=57 transfers_lock_wait_us=0 lookup_us=1 transport_us=59 total_us=60 api_status=0 transfer_status=1 [23989,24002][transport_manager.cpp:716,GetStatus]
[2026-08-24 21:01:24.193064][UC][I] [PERF] component=transport event=transfer_done manager=127.0.0.1:8000 target=127.0.0.1:4508 handle=57 transport_handle=57 opcode=1 direct=2 segments=1 bytes=63 status=1 api_status=0 submitted_ts_us=1787576484191534 completed_ts_us=1787576484193063 manager_get_status_ts_us=1787576484193001 backend_query_ts_us=1787576484193007 submit_us=106 transfer_us=1530 manager_to_backend_query_us=6 total_us=1636 [23989,24002][transport_manager.cpp:727,GetStatus]
[2026-08-24 21:01:24.193075][UC][I] [PERF] component=drampool event=request_done request_id=3 opcode=2 peer=127.0.0.1:4508 batch_size=108 data_bytes=7962624 failed_items=0 status=SUCCESS failed_stage=NONE received_ts_us=1787576484189424 worker_started_ts_us=1787576484190167 data_transfer_submitted_ts_us=1787576484190462 data_transfer_completed_ts_us=1787576484191404 response_submitted_ts_us=1787576484191542 completed_ts_us=1787576484193072 data_tm_execute_async_ts_us=1787576484190207 data_hixl_execute_async_ts_us=1787576484190250 data_tm_get_status_ts_us=1787576484191366 data_hixl_query_handle_ts_us=1787576484191371 response_tm_execute_async_ts_us=1787576484191428 response_hixl_execute_async_ts_us=1787576484191433 response_tm_get_status_ts_us=1787576484193001 response_hixl_query_handle_ts_us=1787576484193007 request_queue_us=743 metadata_prepare_us=39 taskworker_prepare_us=296 poller_queue_us=447 data_transfer_us=942 metadata_settle_us=22 response_slot_wait_us=1 response_submit_us=115 response_transfer_us=1530 data_tm_to_hixl_execute_async_us=42 data_tm_to_hixl_query_handle_us=5 response_tm_to_hixl_execute_async_us=6 response_tm_to_hixl_query_handle_us=6 total_us=3648 [23989,24002][completion_poller.cc:56,LogRequestDone]
[HIXL_QUERY_PERF] layer=comm_channel request=0x22 mutex_wait_us=0 check_us=0 lookup_us=1 flag_check_us=0 complete_us=1 total_us=2 transfer_status=1
[HIXL_QUERY_PERF] layer=adxl_inner request=0x22 context_us=0 req_lock_wait_us=1 lookup_us=0 channel_us=9 cleanup_us=0 total_us=10 status=0 transfer_status=1
[HIXL_QUERY_PERF] layer=comm_engine request=0x22 total_us=14 status=0 transfer_status=1
[2026-08-24 21:01:24.193110][UC][I] [HIXL_WORKER_PERF] task_id=235 queue_depth=1 enqueue_lock_wait_us=0 enqueue_us=0 queue_wait_us=4 execute_us=16 result_post_us=4 total_us=24 status=0 [23989,24002][hixl_instance.cpp:107,Run]
[2026-08-24 21:01:24.193115][UC][I] [QUERY_PERF] component=ucm layer=hixl_instance request=0x22 queue_wait_us=4 backend_us=16 run_post_us=9 total_us=29 api_status=0 transfer_status=1 [23989,24002][hixl_instance.cpp:370,GetTransferStatus]
[2026-08-24 21:01:24.193121][UC][I] [QUERY_PERF] component=ucm layer=hixl_transport handle=59 request=0x22 lifecycle_lock_us=0 pending_lock_wait_us=0 pending_lookup_us=1 instance_us=34 erase_us=0 total_us=35 transfer_status=1 [23989,24002][hixl_transport.cpp:734,GetStatus]
[2026-08-24 21:01:24.193127][UC][I] [QUERY_PERF] component=ucm layer=transport_manager handle=59 transport_handle=59 transfers_lock_wait_us=0 lookup_us=0 transport_us=42 total_us=42 api_status=0 transfer_status=1 [23989,24002][transport_manager.cpp:716,GetStatus]
[2026-08-24 21:01:24.193131][UC][I] [PERF] component=transport event=transfer_done manager=127.0.0.1:8000 target=127.0.0.1:4502 handle=59 transport_handle=59 opcode=1 direct=2 segments=1 bytes=63 status=1 api_status=0 submitted_ts_us=1787576484191730 completed_ts_us=1787576484193130 manager_get_status_ts_us=1787576484193085 backend_query_ts_us=1787576484193090 submit_us=122 transfer_us=1400 manager_to_backend_query_us=5 total_us=1522 [23989,24002][transport_manager.cpp:727,GetStatus]
[2026-08-24 21:01:24.193140][UC][I] [PERF] component=drampool event=request_done request_id=3 opcode=2 peer=127.0.0.1:4502 batch_size=108 data_bytes=7962624 failed_items=0 status=SUCCESS failed_stage=NONE received_ts_us=1787576484189443 worker_started_ts_us=1787576484190463 data_transfer_submitted_ts_us=1787576484190673 data_transfer_completed_ts_us=1787576484191583 response_submitted_ts_us=1787576484191734 completed_ts_us=1787576484193138 data_tm_execute_async_ts_us=1787576484190484 data_hixl_execute_async_ts_us=1787576484190493 data_tm_get_status_ts_us=1787576484191542 data_hixl_query_handle_ts_us=1787576484191548 response_tm_execute_async_ts_us=1787576484191607 response_hixl_execute_async_ts_us=1787576484191613 response_tm_get_status_ts_us=1787576484193085 response_hixl_query_handle_ts_us=1787576484193090 request_queue_us=1019 metadata_prepare_us=19 taskworker_prepare_us=212 poller_queue_us=236 data_transfer_us=909 metadata_settle_us=23 response_slot_wait_us=0 response_submit_us=128 response_transfer_us=1403 data_tm_to_hixl_execute_async_us=9 data_tm_to_hixl_query_handle_us=6 response_tm_to_hixl_execute_async_us=5 response_tm_to_hixl_query_handle_us=5 total_us=3694 [23989,24002][completion_poller.cc:56,LogRequestDone]
[HIXL_QUERY_PERF] layer=comm_channel request=0x23 mutex_wait_us=0 check_us=0 lookup_us=1 flag_check_us=0 complete_us=1 total_us=2 transfer_status=1
[HIXL_QUERY_PERF] layer=adxl_inner request=0x23 context_us=1 req_lock_wait_us=0 lookup_us=0 channel_us=8 cleanup_us=1 total_us=10 status=0 transfer_status=1
[HIXL_QUERY_PERF] layer=comm_engine request=0x23 total_us=14 status=0 transfer_status=1
[2026-08-24 21:01:24.193174][UC][I] [HIXL_WORKER_PERF] task_id=236 queue_depth=1 enqueue_lock_wait_us=0 enqueue_us=0 queue_wait_us=4 execute_us=18 result_post_us=4 total_us=26 status=0 [23989,24002][hixl_instance.cpp:107,Run]
[2026-08-24 21:01:24.193181][UC][I] [QUERY_PERF] component=ucm layer=hixl_instance request=0x23 queue_wait_us=4 backend_us=18 run_post_us=10 total_us=32 api_status=0 transfer_status=1 [23989,24002][hixl_instance.cpp:370,GetTransferStatus]
[2026-08-24 21:01:24.193184][UC][I] [QUERY_PERF] component=ucm layer=hixl_transport handle=61 request=0x23 lifecycle_lock_us=0 pending_lock_wait_us=0 pending_lookup_us=1 instance_us=36 erase_us=0 total_us=37 transfer_status=1 [23989,24002][hixl_transport.cpp:734,GetStatus]
[2026-08-24 21:01:24.193189][UC][I] [QUERY_PERF] component=ucm layer=transport_manager handle=61 transport_handle=61 transfers_lock_wait_us=0 lookup_us=0 transport_us=42 total_us=42 api_status=0 transfer_status=1 [23989,24002][transport_manager.cpp:716,GetStatus]
[2026-08-24 21:01:24.193192][UC][I] [PERF] component=transport event=transfer_done manager=127.0.0.1:8000 target=127.0.0.1:4502 handle=61 transport_handle=61 opcode=1 direct=2 segments=1 bytes=63 status=1 api_status=0 submitted_ts_us=1787576484192155 completed_ts_us=1787576484193191 manager_get_status_ts_us=1787576484193147 backend_query_ts_us=1787576484193152 submit_us=351 transfer_us=1037 manager_to_backend_query_us=5 total_us=1388 [23989,24002][transport_manager.cpp:727,GetStatus]
[2026-08-24 21:01:24.193197][UC][I] [PERF] component=drampool event=request_done request_id=4 opcode=2 peer=127.0.0.1:4502 batch_size=108 data_bytes=7962624 failed_items=0 status=SUCCESS failed_stage=NONE received_ts_us=1787576484189502 worker_started_ts_us=1787576484190675 data_transfer_submitted_ts_us=1787576484190894 data_transfer_completed_ts_us=1787576484191780 response_submitted_ts_us=1787576484192160 completed_ts_us=1787576484193196 data_tm_execute_async_ts_us=1787576484190715 data_hixl_execute_async_ts_us=1787576484190748 data_tm_get_status_ts_us=1787576484191735 data_hixl_query_handle_ts_us=1787576484191741 response_tm_execute_async_ts_us=1787576484191804 response_hixl_execute_async_ts_us=1787576484191809 response_tm_get_status_ts_us=1787576484193147 response_hixl_query_handle_ts_us=1787576484193152 request_queue_us=1174 metadata_prepare_us=39 taskworker_prepare_us=219 poller_queue_us=16 data_transfer_us=886 metadata_settle_us=22 response_slot_wait_us=1 response_submit_us=357 response_transfer_us=1035 data_tm_to_hixl_execute_async_us=33 data_tm_to_hixl_query_handle_us=6 response_tm_to_hixl_execute_async_us=5 response_tm_to_hixl_query_handle_us=5 total_us=3694 [23989,24002][completion_poller.cc:56,LogRequestDone]
[HIXL_PERF] event=hccl_batch op=1 desc_num=108 hccl_us=102 status=0
[HIXL_PERF] event=issue_hccl_batch op=1 list_num=108 total_us=110
[HIXL_QUERY_PERF] layer=comm_channel request=0x1e mutex_wait_us=0 check_us=0 lookup_us=0 flag_check_us=0 complete_us=1 total_us=1 transfer_status=1
[HIXL_QUERY_PERF] layer=adxl_inner request=0x1e context_us=1 req_lock_wait_us=0 lookup_us=0 channel_us=7 cleanup_us=0 total_us=8 status=0 transfer_status=1
[HIXL_PERF] event=issue_async_host_flag op=1 list_num=108 context_us=0 hccl_issue_us=112 flag_memcpy_us=4 total_us=116
[HIXL_PERF] event=comm_channel_async op=1 list_num=108 mutex_wait_us=0 slot_us=0 host_flag_us=0 record_us=1 issue_us=128 total_us=129
[HIXL_PERF] event=adxl_inner_async op=1 list_num=108 context_us=1 connect_us=0 get_channel_us=1 channel_async_us=135 tail_us=1 total_us=138
[HIXL_PERF] event=comm_engine_async op=1 list_num=108 desc_build_us=1 inner_us=144 total_us=145 status=0
[HIXL_QUERY_PERF] layer=comm_engine request=0x1e total_us=11 status=0 transfer_status=1
[2026-08-24 21:01:24.193250][UC][I] [HIXL_WORKER_PERF] task_id=234 queue_depth=1 enqueue_lock_wait_us=0 enqueue_us=0 queue_wait_us=5 execute_us=154 result_post_us=6 total_us=165 status=0 [23989,24003][hixl_instance.cpp:107,Run]
[2026-08-24 21:01:24.193253][UC][I] [HIXL_WORKER_PERF] task_id=237 queue_depth=1 enqueue_lock_wait_us=1 enqueue_us=0 queue_wait_us=3 execute_us=43 result_post_us=3 total_us=50 status=0 [23989,24002][hixl_instance.cpp:107,Run]
[2026-08-24 21:01:24.193266][UC][I] [QUERY_PERF] component=ucm layer=hixl_instance request=0x1e queue_wait_us=4 backend_us=42 run_post_us=17 total_us=63 api_status=0 transfer_status=1 [23989,24002][hixl_instance.cpp:370,GetTransferStatus]
[2026-08-24 21:01:24.193259][UC][I] [PERF] component=transport event=transfer_submitted manager=127.0.0.1:8000 target=127.0.0.1:4505 handle=68 transport_handle=68 opcode=1 direct=2 segments=108 bytes=7962624 submitted_ts_us=1787576484193258 manager_execute_async_ts_us=1787576484193079 backend_execute_async_ts_us=1787576484193091 manager_to_backend_execute_async_us=12 submit_us=175 [23989,24003][transport_manager.cpp:674,ExecuteAsync]
[2026-08-24 21:01:24.193272][UC][I] [QUERY_PERF] component=ucm layer=hixl_transport handle=53 request=0x1e lifecycle_lock_us=0 pending_lock_wait_us=0 pending_lookup_us=0 instance_us=68 erase_us=1 total_us=69 transfer_status=1 [23989,24002][hixl_transport.cpp:734,GetStatus]
[2026-08-24 21:01:24.193289][UC][I] [QUERY_PERF] component=ucm layer=transport_manager handle=53 transport_handle=53 transfers_lock_wait_us=0 lookup_us=0 transport_us=87 total_us=87 api_status=0 transfer_status=1 [23989,24002][transport_manager.cpp:716,GetStatus]
[2026-08-24 21:01:24.193295][UC][I] [PERF] component=transport event=transfer_done manager=127.0.0.1:8000 target=127.0.0.1:4502 handle=53 transport_handle=53 opcode=1 direct=2 segments=108 bytes=7962624 status=1 api_status=0 submitted_ts_us=1787576484191068 completed_ts_us=1787576484193294 manager_get_status_ts_us=1787576484193202 backend_query_ts_us=1787576484193206 submit_us=153 transfer_us=2227 manager_to_backend_query_us=4 total_us=2380 [23989,24002][transport_manager.cpp:727,GetStatus]
[HIXL_PERF] event=hccl_batch op=1 desc_num=1 hccl_us=62 status=0
[HIXL_PERF] event=issue_hccl_batch op=1 list_num=1 total_us=70
[HIXL_PERF] event=hccl_batch op=1 desc_num=108 hccl_us=85 status=0
[HIXL_PERF] event=issue_hccl_batch op=1 list_num=108 total_us=93
[HIXL_PERF] event=issue_async_host_flag op=1 list_num=1 context_us=1 hccl_issue_us=72 flag_memcpy_us=5 total_us=78
[HIXL_PERF] event=comm_channel_async op=1 list_num=1 mutex_wait_us=1 slot_us=0 host_flag_us=0 record_us=0 issue_us=97 total_us=98
[HIXL_PERF] event=issue_async_host_flag op=1 list_num=108 context_us=0 hccl_issue_us=99 flag_memcpy_us=4 total_us=103
[HIXL_PERF] event=comm_channel_async op=1 list_num=108 mutex_wait_us=0 slot_us=0 host_flag_us=6 record_us=1 issue_us=115 total_us=122
[HIXL_PERF] event=adxl_inner_async op=1 list_num=1 context_us=1 connect_us=0 get_channel_us=0 channel_async_us=100 tail_us=1 total_us=102
[HIXL_PERF] event=comm_engine_async op=1 list_num=1 desc_build_us=0 inner_us=113 total_us=113 status=0
[HIXL_PERF] event=adxl_inner_async op=1 list_num=108 context_us=0 connect_us=0 get_channel_us=1 channel_async_us=125 tail_us=0 total_us=126
[HIXL_PERF] event=comm_engine_async op=1 list_num=108 desc_build_us=1 inner_us=144 total_us=145 status=0
[2026-08-24 21:01:24.193457][UC][I] [HIXL_WORKER_PERF] task_id=239 queue_depth=1 enqueue_lock_wait_us=0 enqueue_us=0 queue_wait_us=3 execute_us=122 result_post_us=4 total_us=129 status=0 [23989,24002][hixl_instance.cpp:107,Run]
[2026-08-24 21:01:24.193466][UC][I] [PERF] component=transport event=transfer_submitted manager=127.0.0.1:8000 target=127.0.0.1:4502 handle=69 transport_handle=69 opcode=1 direct=2 segments=1 bytes=63 submitted_ts_us=1787576484193465 manager_execute_async_ts_us=1787576484193326 backend_execute_async_ts_us=1787576484193331 manager_to_backend_execute_async_us=6 submit_us=138 [23989,24002][transport_manager.cpp:674,ExecuteAsync]
[2026-08-24 21:01:24.193468][UC][I] [HIXL_WORKER_PERF] task_id=238 queue_depth=1 enqueue_lock_wait_us=1 enqueue_us=0 queue_wait_us=5 execute_us=151 result_post_us=5 total_us=162 status=0 [23989,24003][hixl_instance.cpp:107,Run]
[2026-08-24 21:01:24.193478][UC][I] [PERF] component=transport event=transfer_submitted manager=127.0.0.1:8000 target=127.0.0.1:4505 handle=70 transport_handle=70 opcode=1 direct=2 segments=108 bytes=7962624 submitted_ts_us=1787576484193476 manager_execute_async_ts_us=1787576484193303 backend_execute_async_ts_us=1787576484193313 manager_to_backend_execute_async_us=10 submit_us=173 [23989,24003][transport_manager.cpp:674,ExecuteAsync]
[HIXL_QUERY_PERF] layer=comm_channel request=0x1f mutex_wait_us=0 check_us=0 lookup_us=0 flag_check_us=0 complete_us=1 total_us=1 transfer_status=1
[HIXL_QUERY_PERF] layer=adxl_inner request=0x1f context_us=1 req_lock_wait_us=0 lookup_us=1 channel_us=6 cleanup_us=1 total_us=9 status=0 transfer_status=1
[HIXL_QUERY_PERF] layer=comm_engine request=0x1f total_us=11 status=0 transfer_status=1
[2026-08-24 21:01:24.193497][UC][I] [HIXL_WORKER_PERF] task_id=240 queue_depth=1 enqueue_lock_wait_us=0 enqueue_us=0 queue_wait_us=4 execute_us=18 result_post_us=4 total_us=26 status=0 [23989,24002][hixl_instance.cpp:107,Run]
[2026-08-24 21:01:24.193503][UC][I] [QUERY_PERF] component=ucm layer=hixl_instance request=0x1f queue_wait_us=4 backend_us=18 run_post_us=10 total_us=32 api_status=0 transfer_status=1 [23989,24002][hixl_instance.cpp:370,GetTransferStatus]
[2026-08-24 21:01:24.193509][UC][I] [QUERY_PERF] component=ucm layer=hixl_transport handle=54 request=0x1f lifecycle_lock_us=0 pending_lock_wait_us=0 pending_lookup_us=0 instance_us=37 erase_us=0 total_us=37 transfer_status=1 [23989,24002][hixl_transport.cpp:734,GetStatus]
[2026-08-24 21:01:24.193512][UC][I] [QUERY_PERF] component=ucm layer=transport_manager handle=54 transport_handle=54 transfers_lock_wait_us=0 lookup_us=1 transport_us=40 total_us=41 api_status=0 transfer_status=1 [23989,24002][transport_manager.cpp:716,GetStatus]
[2026-08-24 21:01:24.193515][UC][I] [PERF] component=transport event=transfer_done manager=127.0.0.1:8000 target=127.0.0.1:4502 handle=54 transport_handle=54 opcode=1 direct=2 segments=108 bytes=7962624 status=1 api_status=0 submitted_ts_us=1787576484191239 completed_ts_us=1787576484193514 manager_get_status_ts_us=1787576484193470 backend_query_ts_us=1787576484193475 submit_us=142 transfer_us=2275 manager_to_backend_query_us=5 total_us=2417 [23989,24002][transport_manager.cpp:727,GetStatus]
[HIXL_PERF] event=hccl_batch op=1 desc_num=1 hccl_us=62 status=0
[HIXL_PERF] event=issue_hccl_batch op=1 list_num=1 total_us=70
[HIXL_PERF] event=hccl_batch op=1 desc_num=108 hccl_us=91 status=0
[HIXL_PERF] event=issue_hccl_batch op=1 list_num=108 total_us=104
[HIXL_PERF] event=issue_async_host_flag op=1 list_num=1 context_us=0 hccl_issue_us=79 flag_memcpy_us=5 total_us=84
[HIXL_PERF] event=comm_channel_async op=1 list_num=1 mutex_wait_us=0 slot_us=1 host_flag_us=0 record_us=0 issue_us=95 total_us=96
[HIXL_PERF] event=adxl_inner_async op=1 list_num=1 context_us=1 connect_us=0 get_channel_us=0 channel_async_us=99 tail_us=0 total_us=100
[HIXL_PERF] event=comm_engine_async op=1 list_num=1 desc_build_us=0 inner_us=104 total_us=104 status=0
[HIXL_PERF] event=issue_async_host_flag op=1 list_num=108 context_us=1 hccl_issue_us=106 flag_memcpy_us=5 total_us=112
[HIXL_PERF] event=comm_channel_async op=1 list_num=108 mutex_wait_us=0 slot_us=0 host_flag_us=4 record_us=0 issue_us=125 total_us=129
[HIXL_PERF] event=adxl_inner_async op=1 list_num=108 context_us=1 connect_us=0 get_channel_us=1 channel_async_us=130 tail_us=1 total_us=133
[2026-08-24 21:01:24.193661][UC][I] [HIXL_WORKER_PERF] task_id=242 queue_depth=1 enqueue_lock_wait_us=1 enqueue_us=0 queue_wait_us=3 execute_us=108 result_post_us=4 total_us=116 status=0 [23989,24002][hixl_instance.cpp:107,Run]
[HIXL_PERF] event=comm_engine_async op=1 list_num=108 desc_build_us=1 inner_us=135 total_us=136 status=0
[2026-08-24 21:01:24.193675][UC][I] [PERF] component=transport event=transfer_submitted manager=127.0.0.1:8000 target=127.0.0.1:4502 handle=71 transport_handle=71 opcode=1 direct=2 segments=1 bytes=63 submitted_ts_us=1787576484193674 manager_execute_async_ts_us=1787576484193543 backend_execute_async_ts_us=1787576484193548 manager_to_backend_execute_async_us=6 submit_us=130 [23989,24002][transport_manager.cpp:674,ExecuteAsync]
[2026-08-24 21:01:24.193676][UC][I] [HIXL_WORKER_PERF] task_id=241 queue_depth=1 enqueue_lock_wait_us=0 enqueue_us=0 queue_wait_us=5 execute_us=144 result_post_us=7 total_us=156 status=0 [23989,24003][hixl_instance.cpp:107,Run]
[2026-08-24 21:01:24.193693][UC][I] [PERF] component=transport event=transfer_submitted manager=127.0.0.1:8000 target=127.0.0.1:4505 handle=72 transport_handle=72 opcode=1 direct=2 segments=108 bytes=7962624 submitted_ts_us=1787576484193691 manager_execute_async_ts_us=1787576484193518 backend_execute_async_ts_us=1787576484193527 manager_to_backend_execute_async_us=9 submit_us=174 [23989,24003][transport_manager.cpp:674,ExecuteAsync]
[HIXL_QUERY_PERF] layer=comm_channel request=0x18 mutex_wait_us=0 check_us=0 lookup_us=1 flag_check_us=0 complete_us=3 total_us=4 transfer_status=1
[HIXL_QUERY_PERF] layer=adxl_inner request=0x18 context_us=1 req_lock_wait_us=0 lookup_us=0 channel_us=10 cleanup_us=1 total_us=12 status=0 transfer_status=1
[HIXL_QUERY_PERF] layer=comm_engine request=0x18 total_us=17 status=0 transfer_status=1
[2026-08-24 21:01:24.193719][UC][I] [HIXL_WORKER_PERF] task_id=243 queue_depth=1 enqueue_lock_wait_us=0 enqueue_us=0 queue_wait_us=5 execute_us=24 result_post_us=4 total_us=33 status=0 [23989,24002][hixl_instance.cpp:107,Run]
[2026-08-24 21:01:24.193726][UC][I] [QUERY_PERF] component=ucm layer=hixl_instance request=0x18 queue_wait_us=5 backend_us=23 run_post_us=13 total_us=41 api_status=0 transfer_status=1 [23989,24002][hixl_instance.cpp:370,GetTransferStatus]
[2026-08-24 21:01:24.193730][UC][I] [QUERY_PERF] component=ucm layer=hixl_transport handle=56 request=0x18 lifecycle_lock_us=0 pending_lock_wait_us=0 pending_lookup_us=0 instance_us=44 erase_us=0 total_us=44 transfer_status=1 [23989,24002][hixl_transport.cpp:734,GetStatus]
[2026-08-24 21:01:24.193733][UC][I] [QUERY_PERF] component=ucm layer=transport_manager handle=56 transport_handle=56 transfers_lock_wait_us=1 lookup_us=0 transport_us=48 total_us=49 api_status=0 transfer_status=1 [23989,24002][transport_manager.cpp:716,GetStatus]
[2026-08-24 21:01:24.193738][UC][I] [PERF] component=transport event=transfer_done manager=127.0.0.1:8000 target=127.0.0.1:4501 handle=56 transport_handle=56 opcode=1 direct=2 segments=108 bytes=7962624 status=1 api_status=0 submitted_ts_us=1787576484191505 completed_ts_us=1787576484193737 manager_get_status_ts_us=1787576484193684 backend_query_ts_us=1787576484193690 submit_us=220 transfer_us=2232 manager_to_backend_query_us=6 total_us=2452 [23989,24002][transport_manager.cpp:727,GetStatus]
[HIXL_PERF] event=hccl_batch op=1 desc_num=1 hccl_us=56 status=0
[HIXL_PERF] event=issue_hccl_batch op=1 list_num=1 total_us=66
[HIXL_PERF] event=issue_async_host_flag op=1 list_num=1 context_us=0 hccl_issue_us=68 flag_memcpy_us=4 total_us=72
[HIXL_PERF] event=comm_channel_async op=1 list_num=1 mutex_wait_us=0 slot_us=0 host_flag_us=0 record_us=0 issue_us=77 total_us=77
[HIXL_PERF] event=adxl_inner_async op=1 list_num=1 context_us=1 connect_us=0 get_channel_us=0 channel_async_us=84 tail_us=0 total_us=85
[HIXL_PERF] event=comm_engine_async op=1 list_num=1 desc_build_us=0 inner_us=89 total_us=89 status=0
[2026-08-24 21:01:24.193872][UC][I] [HIXL_WORKER_PERF] task_id=245 queue_depth=1 enqueue_lock_wait_us=1 enqueue_us=0 queue_wait_us=5 execute_us=94 result_post_us=5 total_us=105 status=0 [23989,24002][hixl_instance.cpp:107,Run]
[2026-08-24 21:01:24.193879][UC][I] [PERF] component=transport event=transfer_submitted manager=127.0.0.1:8000 target=127.0.0.1:4501 handle=73 transport_handle=73 opcode=1 direct=2 segments=1 bytes=63 submitted_ts_us=1787576484193879 manager_execute_async_ts_us=1787576484193765 backend_execute_async_ts_us=1787576484193772 manager_to_backend_execute_async_us=6 submit_us=113 [23989,24002][transport_manager.cpp:674,ExecuteAsync]
[HIXL_QUERY_PERF] layer=comm_channel request=0x19 mutex_wait_us=0 check_us=0 lookup_us=1 flag_check_us=0 complete_us=1 total_us=2 transfer_status=1
[HIXL_QUERY_PERF] layer=adxl_inner request=0x19 context_us=1 req_lock_wait_us=0 lookup_us=0 channel_us=7 cleanup_us=1 total_us=9 status=0 transfer_status=1
[HIXL_QUERY_PERF] layer=comm_engine request=0x19 total_us=14 status=0 transfer_status=1
[HIXL_PERF] event=hccl_batch op=1 desc_num=108 hccl_us=142 status=0
[2026-08-24 21:01:24.193914][UC][I] [HIXL_WORKER_PERF] task_id=246 queue_depth=1 enqueue_lock_wait_us=1 enqueue_us=0 queue_wait_us=5 execute_us=20 result_post_us=4 total_us=30 status=0 [23989,24002][hixl_instance.cpp:107,Run]
[HIXL_PERF] event=issue_hccl_batch op=1 list_num=108 total_us=168
[2026-08-24 21:01:24.193919][UC][I] [QUERY_PERF] component=ucm layer=hixl_instance request=0x19 queue_wait_us=6 backend_us=20 run_post_us=10 total_us=36 api_status=0 transfer_status=1 [23989,24002][hixl_instance.cpp:370,GetTransferStatus]
[HIXL_PERF] event=issue_async_host_flag op=1 list_num=108 context_us=1 hccl_issue_us=172 flag_memcpy_us=4 total_us=177
[2026-08-24 21:01:24.193925][UC][I] [QUERY_PERF] component=ucm layer=hixl_transport handle=58 request=0x19 lifecycle_lock_us=0 pending_lock_wait_us=0 pending_lookup_us=0 instance_us=41 erase_us=0 total_us=41 transfer_status=1 [23989,24002][hixl_transport.cpp:734,GetStatus]
[HIXL_PERF] event=comm_channel_async op=1 list_num=108 mutex_wait_us=0 slot_us=0 host_flag_us=0 record_us=1 issue_us=181 total_us=182
[2026-08-24 21:01:24.193932][UC][I] [QUERY_PERF] component=ucm layer=transport_manager handle=58 transport_handle=58 transfers_lock_wait_us=0 lookup_us=0 transport_us=48 total_us=48 api_status=0 transfer_status=1 [23989,24002][transport_manager.cpp:716,GetStatus]
[HIXL_PERF] event=adxl_inner_async op=1 list_num=108 context_us=0 connect_us=0 get_channel_us=2 channel_async_us=185 tail_us=0 total_us=187
[HIXL_PERF] event=comm_engine_async op=1 list_num=108 desc_build_us=1 inner_us=190 total_us=191 status=0
[2026-08-24 21:01:24.193938][UC][I] [PERF] component=transport event=transfer_done manager=127.0.0.1:8000 target=127.0.0.1:4501 handle=58 transport_handle=58 opcode=1 direct=2 segments=108 bytes=7962624 status=1 api_status=0 submitted_ts_us=1787576484191716 completed_ts_us=1787576484193937 manager_get_status_ts_us=1787576484193883 backend_query_ts_us=1787576484193889 submit_us=161 transfer_us=2221 manager_to_backend_query_us=6 total_us=2382 [23989,24002][transport_manager.cpp:727,GetStatus]
[2026-08-24 21:01:24.193945][UC][I] [HIXL_WORKER_PERF] task_id=244 queue_depth=1 enqueue_lock_wait_us=0 enqueue_us=1 queue_wait_us=5 execute_us=196 result_post_us=6 total_us=208 status=0 [23989,24003][hixl_instance.cpp:107,Run]
[2026-08-24 21:01:24.193953][UC][I] [PERF] component=transport event=transfer_submitted manager=127.0.0.1:8000 target=127.0.0.1:4506 handle=74 transport_handle=74 opcode=1 direct=2 segments=108 bytes=7962624 submitted_ts_us=1787576484193952 manager_execute_async_ts_us=1787576484193734 backend_execute_async_ts_us=1787576484193743 manager_to_backend_execute_async_us=9 submit_us=217 [23989,24003][transport_manager.cpp:674,ExecuteAsync]
[HIXL_PERF] event=hccl_batch op=1 desc_num=1 hccl_us=54 status=0
[HIXL_PERF] event=issue_hccl_batch op=1 list_num=1 total_us=63
[HIXL_PERF] event=issue_async_host_flag op=1 list_num=1 context_us=0 hccl_issue_us=65 flag_memcpy_us=5 total_us=70
[HIXL_PERF] event=comm_channel_async op=1 list_num=1 mutex_wait_us=0 slot_us=0 host_flag_us=1 record_us=0 issue_us=74 total_us=75
[HIXL_PERF] event=adxl_inner_async op=1 list_num=1 context_us=1 connect_us=0 get_channel_us=0 channel_async_us=80 tail_us=0 total_us=81
[HIXL_PERF] event=comm_engine_async op=1 list_num=1 desc_build_us=0 inner_us=86 total_us=86 status=0
[2026-08-24 21:01:24.194055][UC][I] [HIXL_WORKER_PERF] task_id=247 queue_depth=1 enqueue_lock_wait_us=0 enqueue_us=0 queue_wait_us=6 execute_us=90 result_post_us=6 total_us=102 status=0 [23989,24002][hixl_instance.cpp:107,Run]
[2026-08-24 21:01:24.194063][UC][I] [PERF] component=transport event=transfer_submitted manager=127.0.0.1:8000 target=127.0.0.1:4501 handle=75 transport_handle=75 opcode=1 direct=2 segments=1 bytes=63 submitted_ts_us=1787576484194062 manager_execute_async_ts_us=1787576484193952 backend_execute_async_ts_us=1787576484193959 manager_to_backend_execute_async_us=7 submit_us=109 [23989,24002][transport_manager.cpp:674,ExecuteAsync]
[HIXL_QUERY_PERF] layer=comm_channel request=0x1a mutex_wait_us=0 check_us=0 lookup_us=0 flag_check_us=0 complete_us=2 total_us=2 transfer_status=1
[HIXL_QUERY_PERF] layer=adxl_inner request=0x1a context_us=0 req_lock_wait_us=0 lookup_us=1 channel_us=7 cleanup_us=0 total_us=8 status=0 transfer_status=1
[HIXL_QUERY_PERF] layer=comm_engine request=0x1a total_us=12 status=0 transfer_status=1
[2026-08-24 21:01:24.194094][UC][I] [HIXL_WORKER_PERF] task_id=249 queue_depth=1 enqueue_lock_wait_us=0 enqueue_us=0 queue_wait_us=5 execute_us=16 result_post_us=4 total_us=25 status=0 [23989,24002][hixl_instance.cpp:107,Run]
[HIXL_PERF] event=hccl_batch op=1 desc_num=108 hccl_us=87 status=0
[2026-08-24 21:01:24.194104][UC][I] [QUERY_PERF] component=ucm layer=hixl_instance request=0x1a queue_wait_us=6 backend_us=15 run_post_us=16 total_us=37 api_status=0 transfer_status=1 [23989,24002][hixl_instance.cpp:370,GetTransferStatus]
[HIXL_PERF] event=issue_hccl_batch op=1 list_num=108 total_us=99
[2026-08-24 21:01:24.194110][UC][I] [QUERY_PERF] component=ucm layer=hixl_transport handle=60 request=0x1a lifecycle_lock_us=0 pending_lock_wait_us=0 pending_lookup_us=0 instance_us=42 erase_us=0 total_us=42 transfer_status=1 [23989,24002][hixl_transport.cpp:734,GetStatus]
[2026-08-24 21:01:24.194113][UC][I] [QUERY_PERF] component=ucm layer=transport_manager handle=60 transport_handle=60 transfers_lock_wait_us=0 lookup_us=0 transport_us=46 total_us=46 api_status=0 transfer_status=1 [23989,24002][transport_manager.cpp:716,GetStatus]
[HIXL_PERF] event=issue_async_host_flag op=1 list_num=108 context_us=1 hccl_issue_us=102 flag_memcpy_us=5 total_us=108
[2026-08-24 21:01:24.194116][UC][I] [PERF] component=transport event=transfer_done manager=127.0.0.1:8000 target=127.0.0.1:4501 handle=60 transport_handle=60 opcode=1 direct=2 segments=108 bytes=7962624 status=1 api_status=0 submitted_ts_us=1787576484191964 completed_ts_us=1787576484194115 manager_get_status_ts_us=1787576484194067 backend_query_ts_us=1787576484194073 submit_us=197 transfer_us=2150 manager_to_backend_query_us=6 total_us=2347 [23989,24002][transport_manager.cpp:727,GetStatus]
[HIXL_PERF] event=comm_channel_async op=1 list_num=108 mutex_wait_us=0 slot_us=1 host_flag_us=0 record_us=0 issue_us=113 total_us=114
[HIXL_PERF] event=adxl_inner_async op=1 list_num=108 context_us=1 connect_us=0 get_channel_us=0 channel_async_us=122 tail_us=1 total_us=124
[HIXL_PERF] event=comm_engine_async op=1 list_num=108 desc_build_us=1 inner_us=129 total_us=130 status=0
[2026-08-24 21:01:24.194145][UC][I] [HIXL_WORKER_PERF] task_id=248 queue_depth=1 enqueue_lock_wait_us=0 enqueue_us=1 queue_wait_us=5 execute_us=136 result_post_us=6 total_us=148 status=0 [23989,24003][hixl_instance.cpp:107,Run]
[2026-08-24 21:01:24.194155][UC][I] [PERF] component=transport event=transfer_submitted manager=127.0.0.1:8000 target=127.0.0.1:4506 handle=76 transport_handle=76 opcode=1 direct=2 segments=108 bytes=7962624 submitted_ts_us=1787576484194154 manager_execute_async_ts_us=1787576484193994 backend_execute_async_ts_us=1787576484194003 manager_to_backend_execute_async_us=9 submit_us=159 [23989,24003][transport_manager.cpp:674,ExecuteAsync]
[HIXL_PERF] event=hccl_batch op=1 desc_num=1 hccl_us=55 status=0
[HIXL_PERF] event=issue_hccl_batch op=1 list_num=1 total_us=62
[HIXL_PERF] event=issue_async_host_flag op=1 list_num=1 context_us=0 hccl_issue_us=64 flag_memcpy_us=5 total_us=69
[HIXL_PERF] event=comm_channel_async op=1 list_num=1 mutex_wait_us=0 slot_us=1 host_flag_us=0 record_us=0 issue_us=71 total_us=72
[HIXL_PERF] event=adxl_inner_async op=1 list_num=1 context_us=1 connect_us=0 get_channel_us=0 channel_async_us=75 tail_us=0 total_us=76
[HIXL_PERF] event=comm_engine_async op=1 list_num=1 desc_build_us=0 inner_us=78 total_us=78 status=0
[2026-08-24 21:01:24.194243][UC][I] [HIXL_WORKER_PERF] task_id=250 queue_depth=1 enqueue_lock_wait_us=0 enqueue_us=0 queue_wait_us=5 execute_us=82 result_post_us=5 total_us=92 status=0 [23989,24002][hixl_instance.cpp:107,Run]
[2026-08-24 21:01:24.194252][UC][I] [PERF] component=transport event=transfer_submitted manager=127.0.0.1:8000 target=127.0.0.1:4501 handle=77 transport_handle=77 opcode=1 direct=2 segments=1 bytes=63 submitted_ts_us=1787576484194251 manager_execute_async_ts_us=1787576484194149 backend_execute_async_ts_us=1787576484194155 manager_to_backend_execute_async_us=7 submit_us=102 [23989,24002][transport_manager.cpp:674,ExecuteAsync]
[HIXL_PERF] event=hccl_batch op=1 desc_num=108 hccl_us=115 status=0
[HIXL_PERF] event=issue_hccl_batch op=1 list_num=108 total_us=126
[HIXL_PERF] event=issue_async_host_flag op=1 list_num=108 context_us=0 hccl_issue_us=129 flag_memcpy_us=4 total_us=133
[HIXL_PERF] event=comm_channel_async op=1 list_num=108 mutex_wait_us=0 slot_us=0 host_flag_us=8 record_us=0 issue_us=139 total_us=147
[HIXL_PERF] event=adxl_inner_async op=1 list_num=108 context_us=1 connect_us=0 get_channel_us=1 channel_async_us=148 tail_us=1 total_us=151
[HIXL_PERF] event=comm_engine_async op=1 list_num=108 desc_build_us=0 inner_us=155 total_us=155 status=0
[2026-08-24 21:01:24.194390][UC][I] [HIXL_WORKER_PERF] task_id=251 queue_depth=1 enqueue_lock_wait_us=1 enqueue_us=0 queue_wait_us=5 execute_us=161 result_post_us=5 total_us=172 status=0 [23989,24003][hixl_instance.cpp:107,Run]
[HIXL_QUERY_PERF] layer=comm_channel request=0x27 mutex_wait_us=0 check_us=0 lookup_us=1 flag_check_us=0 complete_us=2 total_us=3 transfer_status=1
[HIXL_QUERY_PERF] layer=adxl_inner request=0x27 context_us=1 req_lock_wait_us=0 lookup_us=0 channel_us=11 cleanup_us=0 total_us=12 status=0 transfer_status=1
[2026-08-24 21:01:24.194399][UC][I] [PERF] component=transport event=transfer_submitted manager=127.0.0.1:8000 target=127.0.0.1:4506 handle=78 transport_handle=78 opcode=1 direct=2 segments=108 bytes=7962624 submitted_ts_us=1787576484194398 manager_execute_async_ts_us=1787576484194212 backend_execute_async_ts_us=1787576484194225 manager_to_backend_execute_async_us=13 submit_us=182 [23989,24003][transport_manager.cpp:674,ExecuteAsync]
[HIXL_QUERY_PERF] layer=comm_engine request=0x27 total_us=15 status=0 transfer_status=1
[2026-08-24 21:01:24.194411][UC][I] [HIXL_WORKER_PERF] task_id=252 queue_depth=1 enqueue_lock_wait_us=0 enqueue_us=1 queue_wait_us=125 execute_us=19 result_post_us=4 total_us=149 status=0 [23989,24002][hixl_instance.cpp:107,Run]
[2026-08-24 21:01:24.194417][UC][I] [QUERY_PERF] component=ucm layer=hixl_instance request=0x27 queue_wait_us=126 backend_us=19 run_post_us=11 total_us=156 api_status=0 transfer_status=1 [23989,24002][hixl_instance.cpp:370,GetTransferStatus]
[2026-08-24 21:01:24.194421][UC][I] [QUERY_PERF] component=ucm layer=hixl_transport handle=66 request=0x27 lifecycle_lock_us=0 pending_lock_wait_us=0 pending_lookup_us=0 instance_us=159 erase_us=0 total_us=159 transfer_status=1 [23989,24002][hixl_transport.cpp:734,GetStatus]
[2026-08-24 21:01:24.194424][UC][I] [QUERY_PERF] component=ucm layer=transport_manager handle=66 transport_handle=66 transfers_lock_wait_us=0 lookup_us=0 transport_us=163 total_us=163 api_status=0 transfer_status=1 [23989,24002][transport_manager.cpp:716,GetStatus]
[2026-08-24 21:01:24.194427][UC][I] [PERF] component=transport event=transfer_done manager=127.0.0.1:8000 target=127.0.0.1:4507 handle=66 transport_handle=66 opcode=1 direct=2 segments=1 bytes=63 status=1 api_status=0 submitted_ts_us=1787576484192996 completed_ts_us=1787576484194426 manager_get_status_ts_us=1787576484194260 backend_query_ts_us=1787576484194387 submit_us=112 transfer_us=1431 manager_to_backend_query_us=126 total_us=1543 [23989,24002][transport_manager.cpp:727,GetStatus]
[2026-08-24 21:01:24.194433][UC][I] [PERF] component=drampool event=request_done request_id=6 opcode=2 peer=127.0.0.1:4507 batch_size=108 data_bytes=7962624 failed_items=0 status=SUCCESS failed_stage=NONE received_ts_us=1787576484189144 worker_started_ts_us=1787576484189957 data_transfer_submitted_ts_us=1787576484190165 data_transfer_completed_ts_us=1787576484192860 response_submitted_ts_us=1787576484193001 completed_ts_us=1787576484194431 data_tm_execute_async_ts_us=1787576484189975 data_hixl_execute_async_ts_us=1787576484189998 data_tm_get_status_ts_us=1787576484192676 data_hixl_query_handle_ts_us=1787576484192802 response_tm_execute_async_ts_us=1787576484192883 response_hixl_execute_async_ts_us=1787576484192890 response_tm_get_status_ts_us=1787576484194260 response_hixl_query_handle_ts_us=1787576484194387 request_queue_us=814 metadata_prepare_us=17 taskworker_prepare_us=208 poller_queue_us=744 data_transfer_us=2695 metadata_settle_us=22 response_slot_wait_us=1 response_submit_us=118 response_transfer_us=1429 data_tm_to_hixl_execute_async_us=23 data_tm_to_hixl_query_handle_us=126 response_tm_to_hixl_execute_async_us=6 response_tm_to_hixl_query_handle_us=126 total_us=5287 [23989,24002][completion_poller.cc:56,LogRequestDone]
[HIXL_PERF] event=hccl_batch op=1 desc_num=108 hccl_us=90 status=0
[HIXL_PERF] event=issue_hccl_batch op=1 list_num=108 total_us=101
[HIXL_PERF] event=issue_async_host_flag op=1 list_num=108 context_us=1 hccl_issue_us=103 flag_memcpy_us=5 total_us=109
[HIXL_PERF] event=comm_channel_async op=1 list_num=108 mutex_wait_us=0 slot_us=0 host_flag_us=5 record_us=0 issue_us=111 total_us=116
[HIXL_PERF] event=adxl_inner_async op=1 list_num=108 context_us=0 connect_us=0 get_channel_us=1 channel_async_us=118 tail_us=0 total_us=119
[HIXL_PERF] event=comm_engine_async op=1 list_num=108 desc_build_us=2 inner_us=121 total_us=123 status=0
[HIXL_QUERY_PERF] layer=comm_channel request=0x28 mutex_wait_us=0 check_us=0 lookup_us=0 flag_check_us=0 complete_us=2 total_us=2 transfer_status=1
[2026-08-24 21:01:24.194565][UC][I] [HIXL_WORKER_PERF] task_id=253 queue_depth=1 enqueue_lock_wait_us=0 enqueue_us=0 queue_wait_us=5 execute_us=128 result_post_us=5 total_us=138 status=0 [23989,24003][hixl_instance.cpp:107,Run]
[HIXL_QUERY_PERF] layer=adxl_inner request=0x28 context_us=0 req_lock_wait_us=0 lookup_us=1 channel_us=5 cleanup_us=0 total_us=6 status=0 transfer_status=1
[HIXL_QUERY_PERF] layer=comm_engine request=0x28 total_us=11 status=0 transfer_status=1
[2026-08-24 21:01:24.194575][UC][I] [PERF] component=transport event=transfer_submitted manager=127.0.0.1:8000 target=127.0.0.1:4506 handle=79 transport_handle=79 opcode=1 direct=2 segments=108 bytes=7962624 submitted_ts_us=1787576484194574 manager_execute_async_ts_us=1787576484194424 backend_execute_async_ts_us=1787576484194433 manager_to_backend_execute_async_us=9 submit_us=150 [23989,24003][transport_manager.cpp:674,ExecuteAsync]
[2026-08-24 21:01:24.194588][UC][I] [HIXL_WORKER_PERF] task_id=254 queue_depth=1 enqueue_lock_wait_us=0 enqueue_us=0 queue_wait_us=119 execute_us=14 result_post_us=9 total_us=142 status=0 [23989,24002][hixl_instance.cpp:107,Run]
[2026-08-24 21:01:24.194602][UC][I] [QUERY_PERF] component=ucm layer=hixl_instance request=0x28 queue_wait_us=119 backend_us=14 run_post_us=25 total_us=158 api_status=0 transfer_status=1 [23989,24002][hixl_instance.cpp:370,GetTransferStatus]
[2026-08-24 21:01:24.194608][UC][I] [QUERY_PERF] component=ucm layer=hixl_transport handle=69 request=0x28 lifecycle_lock_us=0 pending_lock_wait_us=0 pending_lookup_us=0 instance_us=163 erase_us=0 total_us=163 transfer_status=1 [23989,24002][hixl_transport.cpp:734,GetStatus]
[2026-08-24 21:01:24.194613][UC][I] [QUERY_PERF] component=ucm layer=transport_manager handle=69 transport_handle=69 transfers_lock_wait_us=0 lookup_us=0 transport_us=169 total_us=169 api_status=0 transfer_status=1 [23989,24002][transport_manager.cpp:716,GetStatus]
[2026-08-24 21:01:24.194617][UC][I] [PERF] component=transport event=transfer_done manager=127.0.0.1:8000 target=127.0.0.1:4502 handle=69 transport_handle=69 opcode=1 direct=2 segments=1 bytes=63 status=1 api_status=0 submitted_ts_us=1787576484193465 completed_ts_us=1787576484194615 manager_get_status_ts_us=1787576484194442 backend_query_ts_us=1787576484194562 submit_us=138 transfer_us=1150 manager_to_backend_query_us=120 total_us=1288 [23989,24002][transport_manager.cpp:727,GetStatus]
[2026-08-24 21:01:24.194625][UC][I] [PERF] component=drampool event=request_done request_id=5 opcode=2 peer=127.0.0.1:4502 batch_size=108 data_bytes=7962624 failed_items=0 status=SUCCESS failed_stage=NONE received_ts_us=1787576484189507 worker_started_ts_us=1787576484190896 data_transfer_submitted_ts_us=1787576484191075 data_transfer_completed_ts_us=1787576484193302 response_submitted_ts_us=1787576484193470 completed_ts_us=1787576484194622 data_tm_execute_async_ts_us=1787576484190914 data_hixl_execute_async_ts_us=1787576484190930 data_tm_get_status_ts_us=1787576484193202 data_hixl_query_handle_ts_us=1787576484193206 response_tm_execute_async_ts_us=1787576484193326 response_hixl_execute_async_ts_us=1787576484193331 response_tm_get_status_ts_us=1787576484194442 response_hixl_query_handle_ts_us=1787576484194562 request_queue_us=1389 metadata_prepare_us=17 taskworker_prepare_us=180 poller_queue_us=1085 data_transfer_us=2227 metadata_settle_us=23 response_slot_wait_us=0 response_submit_us=145 response_transfer_us=1151 data_tm_to_hixl_execute_async_us=16 data_tm_to_hixl_query_handle_us=4 response_tm_to_hixl_execute_async_us=6 response_tm_to_hixl_query_handle_us=120 total_us=5115 [23989,24002][completion_poller.cc:56,LogRequestDone]
[HIXL_PERF] event=hccl_batch op=1 desc_num=108 hccl_us=109 status=0
[HIXL_PERF] event=issue_hccl_batch op=1 list_num=108 total_us=114
[HIXL_PERF] event=issue_async_host_flag op=1 list_num=108 context_us=1 hccl_issue_us=116 flag_memcpy_us=5 total_us=122
[HIXL_PERF] event=comm_channel_async op=1 list_num=108 mutex_wait_us=0 slot_us=1 host_flag_us=1 record_us=0 issue_us=124 total_us=126
[HIXL_PERF] event=adxl_inner_async op=1 list_num=108 context_us=0 connect_us=0 get_channel_us=1 channel_async_us=128 tail_us=0 total_us=129
[HIXL_PERF] event=comm_engine_async op=1 list_num=108 desc_build_us=1 inner_us=131 total_us=132 status=0
[HIXL_QUERY_PERF] layer=comm_channel request=0x29 mutex_wait_us=0 check_us=0 lookup_us=0 flag_check_us=0 complete_us=1 total_us=1 transfer_status=1
[2026-08-24 21:01:24.194751][UC][I] [HIXL_WORKER_PERF] task_id=255 queue_depth=1 enqueue_lock_wait_us=1 enqueue_us=0 queue_wait_us=5 execute_us=138 result_post_us=6 total_us=150 status=0 [23989,24003][hixl_instance.cpp:107,Run]
[HIXL_QUERY_PERF] layer=adxl_inner request=0x29 context_us=1 req_lock_wait_us=0 lookup_us=1 channel_us=4 cleanup_us=0 total_us=6 status=0 transfer_status=1
[HIXL_QUERY_PERF] layer=comm_engine request=0x29 total_us=11 status=0 transfer_status=1
[2026-08-24 21:01:24.194759][UC][I] [PERF] component=transport event=transfer_submitted manager=127.0.0.1:8000 target=127.0.0.1:4503 handle=80 transport_handle=80 opcode=1 direct=2 segments=108 bytes=7962624 submitted_ts_us=1787576484194758 manager_execute_async_ts_us=1787576484194597 backend_execute_async_ts_us=1787576484194607 manager_to_backend_execute_async_us=10 submit_us=159 [23989,24003][transport_manager.cpp:674,ExecuteAsync]
[2026-08-24 21:01:24.194766][UC][I] [HIXL_WORKER_PERF] task_id=256 queue_depth=1 enqueue_lock_wait_us=1 enqueue_us=0 queue_wait_us=109 execute_us=13 result_post_us=5 total_us=128 status=0 [23989,24002][hixl_instance.cpp:107,Run]
[2026-08-24 21:01:24.194772][UC][I] [QUERY_PERF] component=ucm layer=hixl_instance request=0x29 queue_wait_us=110 backend_us=13 run_post_us=11 total_us=134 api_status=0 transfer_status=1 [23989,24002][hixl_instance.cpp:370,GetTransferStatus]
[2026-08-24 21:01:24.194776][UC][I] [QUERY_PERF] component=ucm layer=hixl_transport handle=71 request=0x29 lifecycle_lock_us=0 pending_lock_wait_us=0 pending_lookup_us=0 instance_us=138 erase_us=0 total_us=138 transfer_status=1 [23989,24002][hixl_transport.cpp:734,GetStatus]
[2026-08-24 21:01:24.194780][UC][I] [QUERY_PERF] component=ucm layer=transport_manager handle=71 transport_handle=71 transfers_lock_wait_us=0 lookup_us=1 transport_us=142 total_us=143 api_status=0 transfer_status=1 [23989,24002][transport_manager.cpp:716,GetStatus]
[2026-08-24 21:01:24.194784][UC][I] [PERF] component=transport event=transfer_done manager=127.0.0.1:8000 target=127.0.0.1:4502 handle=71 transport_handle=71 opcode=1 direct=2 segments=1 bytes=63 status=1 api_status=0 submitted_ts_us=1787576484193674 completed_ts_us=1787576484194782 manager_get_status_ts_us=1787576484194636 backend_query_ts_us=1787576484194747 submit_us=130 transfer_us=1109 manager_to_backend_query_us=111 total_us=1239 [23989,24002][transport_manager.cpp:727,GetStatus]
[2026-08-24 21:01:24.194790][UC][I] [PERF] component=drampool event=request_done request_id=6 opcode=2 peer=127.0.0.1:4502 batch_size=108 data_bytes=7962624 failed_items=0 status=SUCCESS failed_stage=NONE received_ts_us=1787576484189510 worker_started_ts_us=1787576484191077 data_transfer_submitted_ts_us=1787576484191244 data_transfer_completed_ts_us=1787576484193519 response_submitted_ts_us=1787576484193684 completed_ts_us=1787576484194787 data_tm_execute_async_ts_us=1787576484191095 data_hixl_execute_async_ts_us=1787576484191110 data_tm_get_status_ts_us=1787576484193470 data_hixl_query_handle_ts_us=1787576484193475 response_tm_execute_async_ts_us=1787576484193543 response_hixl_execute_async_ts_us=1787576484193548 response_tm_get_status_ts_us=1787576484194636 response_hixl_query_handle_ts_us=1787576484194747 request_queue_us=1567 metadata_prepare_us=17 taskworker_prepare_us=168 poller_queue_us=917 data_transfer_us=2275 metadata_settle_us=23 response_slot_wait_us=0 response_submit_us=142 response_transfer_us=1103 data_tm_to_hixl_execute_async_us=15 data_tm_to_hixl_query_handle_us=5 response_tm_to_hixl_execute_async_us=6 response_tm_to_hixl_query_handle_us=111 total_us=5278 [23989,24002][completion_poller.cc:56,LogRequestDone]
[HIXL_QUERY_PERF] layer=comm_channel request=0x20 mutex_wait_us=1 check_us=0 lookup_us=0 flag_check_us=0 complete_us=1 total_us=2 transfer_status=1
[HIXL_QUERY_PERF] layer=adxl_inner request=0x20 context_us=1 req_lock_wait_us=0 lookup_us=0 channel_us=6 cleanup_us=1 total_us=8 status=0 transfer_status=1
[HIXL_QUERY_PERF] layer=comm_engine request=0x20 total_us=11 status=0 transfer_status=1
[2026-08-24 21:01:24.194822][UC][I] [HIXL_WORKER_PERF] task_id=258 queue_depth=1 enqueue_lock_wait_us=0 enqueue_us=0 queue_wait_us=6 execute_us=13 result_post_us=5 total_us=24 status=0 [23989,24002][hixl_instance.cpp:107,Run]
[2026-08-24 21:01:24.194828][UC][I] [QUERY_PERF] component=ucm layer=hixl_instance request=0x20 queue_wait_us=6 backend_us=13 run_post_us=10 total_us=29 api_status=0 transfer_status=1 [23989,24002][hixl_instance.cpp:370,GetTransferStatus]
[2026-08-24 21:01:24.194832][UC][I] [QUERY_PERF] component=ucm layer=hixl_transport handle=73 request=0x20 lifecycle_lock_us=0 pending_lock_wait_us=0 pending_lookup_us=1 instance_us=32 erase_us=1 total_us=34 transfer_status=1 [23989,24002][hixl_transport.cpp:734,GetStatus]
[2026-08-24 21:01:24.194835][UC][I] [QUERY_PERF] component=ucm layer=transport_manager handle=73 transport_handle=73 transfers_lock_wait_us=0 lookup_us=0 transport_us=38 total_us=38 api_status=0 transfer_status=1 [23989,24002][transport_manager.cpp:716,GetStatus]
[2026-08-24 21:01:24.194839][UC][I] [PERF] component=transport event=transfer_done manager=127.0.0.1:8000 target=127.0.0.1:4501 handle=73 transport_handle=73 opcode=1 direct=2 segments=1 bytes=63 status=1 api_status=0 submitted_ts_us=1787576484193879 completed_ts_us=1787576484194838 manager_get_status_ts_us=1787576484194796 backend_query_ts_us=1787576484194804 submit_us=113 transfer_us=959 manager_to_backend_query_us=7 total_us=1072 [23989,24002][transport_manager.cpp:727,GetStatus]
[2026-08-24 21:01:24.194848][UC][I] [PERF] component=drampool event=request_done request_id=5 opcode=2 peer=127.0.0.1:4501 batch_size=108 data_bytes=7962624 failed_items=0 status=SUCCESS failed_stage=NONE received_ts_us=1787576484189539 worker_started_ts_us=1787576484191245 data_transfer_submitted_ts_us=1787576484191511 data_transfer_completed_ts_us=1787576484193741 response_submitted_ts_us=1787576484193882 completed_ts_us=1787576484194846 data_tm_execute_async_ts_us=1787576484191285 data_hixl_execute_async_ts_us=1787576484191296 data_tm_get_status_ts_us=1787576484193684 data_hixl_query_handle_ts_us=1787576484193690 response_tm_execute_async_ts_us=1787576484193765 response_hixl_execute_async_ts_us=1787576484193772 response_tm_get_status_ts_us=1787576484194796 response_hixl_query_handle_ts_us=1787576484194804 request_queue_us=1706 metadata_prepare_us=39 taskworker_prepare_us=266 poller_queue_us=650 data_transfer_us=2230 metadata_settle_us=23 response_slot_wait_us=0 response_submit_us=118 response_transfer_us=964 data_tm_to_hixl_execute_async_us=11 data_tm_to_hixl_query_handle_us=6 response_tm_to_hixl_execute_async_us=6 response_tm_to_hixl_query_handle_us=7 total_us=5306 [23989,24002][completion_poller.cc:56,LogRequestDone]
[HIXL_QUERY_PERF] layer=comm_channel request=0x21 mutex_wait_us=0 check_us=0 lookup_us=0 flag_check_us=0 complete_us=1 total_us=1 transfer_status=1
[HIXL_QUERY_PERF] layer=adxl_inner request=0x21 context_us=0 req_lock_wait_us=0 lookup_us=1 channel_us=7 cleanup_us=1 total_us=9 status=0 transfer_status=1
[HIXL_QUERY_PERF] layer=comm_engine request=0x21 total_us=11 status=0 transfer_status=1
[2026-08-24 21:01:24.194877][UC][I] [HIXL_WORKER_PERF] task_id=259 queue_depth=1 enqueue_lock_wait_us=1 enqueue_us=0 queue_wait_us=4 execute_us=14 result_post_us=5 total_us=24 status=0 [23989,24002][hixl_instance.cpp:107,Run]
[2026-08-24 21:01:24.194882][UC][I] [QUERY_PERF] component=ucm layer=hixl_instance request=0x21 queue_wait_us=6 backend_us=13 run_post_us=10 total_us=29 api_status=0 transfer_status=1 [23989,24002][hixl_instance.cpp:370,GetTransferStatus]
[2026-08-24 21:01:24.194886][UC][I] [QUERY_PERF] component=ucm layer=hixl_transport handle=75 request=0x21 lifecycle_lock_us=0 pending_lock_wait_us=0 pending_lookup_us=0 instance_us=32 erase_us=0 total_us=32 transfer_status=1 [23989,24002][hixl_transport.cpp:734,GetStatus]
[2026-08-24 21:01:24.194889][UC][I] [QUERY_PERF] component=ucm layer=transport_manager handle=75 transport_handle=75 transfers_lock_wait_us=0 lookup_us=0 transport_us=36 total_us=36 api_status=0 transfer_status=1 [23989,24002][transport_manager.cpp:716,GetStatus]
[2026-08-24 21:01:24.194893][UC][I] [PERF] component=transport event=transfer_done manager=127.0.0.1:8000 target=127.0.0.1:4501 handle=75 transport_handle=75 opcode=1 direct=2 segments=1 bytes=63 status=1 api_status=0 submitted_ts_us=1787576484194062 completed_ts_us=1787576484194892 manager_get_status_ts_us=1787576484194852 backend_query_ts_us=1787576484194858 submit_us=109 transfer_us=830 manager_to_backend_query_us=6 total_us=939 [23989,24002][transport_manager.cpp:727,GetStatus]
[2026-08-24 21:01:24.194899][UC][I] [PERF] component=drampool event=request_done request_id=6 opcode=2 peer=127.0.0.1:4501 batch_size=108 data_bytes=7962624 failed_items=0 status=SUCCESS failed_stage=NONE received_ts_us=1787576484189635 worker_started_ts_us=1787576484191512 data_transfer_submitted_ts_us=1787576484191722 data_transfer_completed_ts_us=1787576484193942 response_submitted_ts_us=1787576484194066 completed_ts_us=1787576484194896 data_tm_execute_async_ts_us=1787576484191553 data_hixl_execute_async_ts_us=1787576484191564 data_tm_get_status_ts_us=1787576484193883 data_hixl_query_handle_ts_us=1787576484193889 response_tm_execute_async_ts_us=1787576484193952 response_hixl_execute_async_ts_us=1787576484193959 response_tm_get_status_ts_us=1787576484194852 response_hixl_query_handle_ts_us=1787576484194858 request_queue_us=1878 metadata_prepare_us=39 taskworker_prepare_us=211 poller_queue_us=439 data_transfer_us=2219 metadata_settle_us=8 response_slot_wait_us=1 response_submit_us=115 response_transfer_us=830 data_tm_to_hixl_execute_async_us=11 data_tm_to_hixl_query_handle_us=6 response_tm_to_hixl_execute_async_us=7 response_tm_to_hixl_query_handle_us=6 total_us=5262 [23989,24002][completion_poller.cc:56,LogRequestDone]
[HIXL_PERF] event=hccl_batch op=1 desc_num=108 hccl_us=104 status=0
[HIXL_QUERY_PERF] layer=comm_channel request=0x22 mutex_wait_us=0 check_us=0 lookup_us=0 flag_check_us=1 complete_us=0 total_us=1 transfer_status=1
[HIXL_QUERY_PERF] layer=adxl_inner request=0x22 context_us=1 req_lock_wait_us=0 lookup_us=0 channel_us=6 cleanup_us=0 total_us=7 status=0 transfer_status=1
[HIXL_PERF] event=issue_hccl_batch op=1 list_num=108 total_us=109
[HIXL_QUERY_PERF] layer=comm_engine request=0x22 total_us=10 status=0 transfer_status=1
[HIXL_PERF] event=issue_async_host_flag op=1 list_num=108 context_us=0 hccl_issue_us=120 flag_memcpy_us=5 total_us=125
[HIXL_PERF] event=comm_channel_async op=1 list_num=108 mutex_wait_us=0 slot_us=0 host_flag_us=5 record_us=1 issue_us=129 total_us=135
[2026-08-24 21:01:24.194935][UC][I] [HIXL_WORKER_PERF] task_id=260 queue_depth=1 enqueue_lock_wait_us=0 enqueue_us=0 queue_wait_us=5 execute_us=19 result_post_us=5 total_us=29 status=0 [23989,24002][hixl_instance.cpp:107,Run]
[HIXL_PERF] event=adxl_inner_async op=1 list_num=108 context_us=1 connect_us=0 get_channel_us=0 channel_async_us=137 tail_us=0 total_us=138
[2026-08-24 21:01:24.194940][UC][I] [QUERY_PERF] component=ucm layer=hixl_instance request=0x22 queue_wait_us=5 backend_us=19 run_post_us=9 total_us=33 api_status=0 transfer_status=1 [23989,24002][hixl_instance.cpp:370,GetTransferStatus]
[HIXL_PERF] event=comm_engine_async op=1 list_num=108 desc_build_us=1 inner_us=146 total_us=147 status=0
[2026-08-24 21:01:24.194947][UC][I] [QUERY_PERF] component=ucm layer=hixl_transport handle=77 request=0x22 lifecycle_lock_us=1 pending_lock_wait_us=0 pending_lookup_us=0 instance_us=40 erase_us=0 total_us=41 transfer_status=1 [23989,24002][hixl_transport.cpp:734,GetStatus]
[2026-08-24 21:01:24.194950][UC][I] [QUERY_PERF] component=ucm layer=transport_manager handle=77 transport_handle=77 transfers_lock_wait_us=0 lookup_us=0 transport_us=45 total_us=45 api_status=0 transfer_status=1 [23989,24002][transport_manager.cpp:716,GetStatus]
[2026-08-24 21:01:24.194954][UC][I] [PERF] component=transport event=transfer_done manager=127.0.0.1:8000 target=127.0.0.1:4501 handle=77 transport_handle=77 opcode=1 direct=2 segments=1 bytes=63 status=1 api_status=0 submitted_ts_us=1787576484194251 completed_ts_us=1787576484194953 manager_get_status_ts_us=1787576484194905 backend_query_ts_us=1787576484194911 submit_us=102 transfer_us=702 manager_to_backend_query_us=6 total_us=804 [23989,24002][transport_manager.cpp:727,GetStatus]
[2026-08-24 21:01:24.194955][UC][I] [HIXL_WORKER_PERF] task_id=257 queue_depth=1 enqueue_lock_wait_us=0 enqueue_us=0 queue_wait_us=5 execute_us=154 result_post_us=5 total_us=164 status=0 [23989,24003][hixl_instance.cpp:107,Run]
[2026-08-24 21:01:24.194961][UC][I] [PERF] component=drampool event=request_done request_id=7 opcode=2 peer=127.0.0.1:4501 batch_size=108 data_bytes=7962624 failed_items=0 status=SUCCESS failed_stage=NONE received_ts_us=1787576484189637 worker_started_ts_us=1787576484191725 data_transfer_submitted_ts_us=1787576484191969 data_transfer_completed_ts_us=1787576484194124 response_submitted_ts_us=1787576484194257 completed_ts_us=1787576484194959 data_tm_execute_async_ts_us=1787576484191767 data_hixl_execute_async_ts_us=1787576484191777 data_tm_get_status_ts_us=1787576484194067 data_hixl_query_handle_ts_us=1787576484194073 response_tm_execute_async_ts_us=1787576484194149 response_hixl_execute_async_ts_us=1787576484194155 response_tm_get_status_ts_us=1787576484194905 response_hixl_query_handle_ts_us=1787576484194911 request_queue_us=2088 metadata_prepare_us=42 taskworker_prepare_us=245 poller_queue_us=193 data_transfer_us=2155 metadata_settle_us=23 response_slot_wait_us=1 response_submit_us=110 response_transfer_us=701 data_tm_to_hixl_execute_async_us=11 data_tm_to_hixl_query_handle_us=6 response_tm_to_hixl_execute_async_us=7 response_tm_to_hixl_query_handle_us=6 total_us=5322 [23989,24002][completion_poller.cc:56,LogRequestDone]
[2026-08-24 21:01:24.194968][UC][I] [PERF] component=transport event=transfer_submitted manager=127.0.0.1:8000 target=127.0.0.1:4503 handle=81 transport_handle=81 opcode=1 direct=2 segments=108 bytes=7962624 submitted_ts_us=1787576484194967 manager_execute_async_ts_us=1787576484194786 backend_execute_async_ts_us=1787576484194796 manager_to_backend_execute_async_us=10 submit_us=179 [23989,24003][transport_manager.cpp:674,ExecuteAsync]
[HIXL_QUERY_PERF] layer=comm_channel request=0x1b mutex_wait_us=0 check_us=0 lookup_us=0 flag_check_us=1 complete_us=0 total_us=1 transfer_status=1
[HIXL_QUERY_PERF] layer=adxl_inner request=0x1b context_us=1 req_lock_wait_us=0 lookup_us=0 channel_us=4 cleanup_us=1 total_us=6 status=0 transfer_status=1
[HIXL_QUERY_PERF] layer=comm_engine request=0x1b total_us=8 status=0 transfer_status=1
[2026-08-24 21:01:24.194995][UC][I] [HIXL_WORKER_PERF] task_id=261 queue_depth=1 enqueue_lock_wait_us=0 enqueue_us=1 queue_wait_us=4 execute_us=10 result_post_us=4 total_us=19 status=0 [23989,24002][hixl_instance.cpp:107,Run]
[2026-08-24 21:01:24.195000][UC][I] [QUERY_PERF] component=ucm layer=hixl_instance request=0x1b queue_wait_us=5 backend_us=10 run_post_us=9 total_us=24 api_status=0 transfer_status=1 [23989,24002][hixl_instance.cpp:370,GetTransferStatus]
[2026-08-24 21:01:24.195006][UC][I] [QUERY_PERF] component=ucm layer=hixl_transport handle=62 request=0x1b lifecycle_lock_us=1 pending_lock_wait_us=0 pending_lookup_us=0 instance_us=29 erase_us=1 total_us=31 transfer_status=1 [23989,24002][hixl_transport.cpp:734,GetStatus]
[2026-08-24 21:01:24.195012][UC][I] [QUERY_PERF] component=ucm layer=transport_manager handle=62 transport_handle=62 transfers_lock_wait_us=0 lookup_us=0 transport_us=37 total_us=37 api_status=0 transfer_status=1 [23989,24002][transport_manager.cpp:716,GetStatus]
[2026-08-24 21:01:24.195016][UC][I] [PERF] component=transport event=transfer_done manager=127.0.0.1:8000 target=127.0.0.1:4501 handle=62 transport_handle=62 opcode=1 direct=2 segments=108 bytes=7962624 status=1 api_status=0 submitted_ts_us=1787576484192170 completed_ts_us=1787576484195015 manager_get_status_ts_us=1787576484194974 backend_query_ts_us=1787576484194980 submit_us=157 transfer_us=2845 manager_to_backend_query_us=6 total_us=3002 [23989,24002][transport_manager.cpp:727,GetStatus]
[HIXL_PERF] event=hccl_batch op=1 desc_num=108 hccl_us=83 status=0
[HIXL_PERF] event=issue_hccl_batch op=1 list_num=108 total_us=90
[HIXL_PERF] event=issue_async_host_flag op=1 list_num=108 context_us=0 hccl_issue_us=92 flag_memcpy_us=4 total_us=96
[HIXL_PERF] event=comm_channel_async op=1 list_num=108 mutex_wait_us=0 slot_us=0 host_flag_us=5 record_us=0 issue_us=100 total_us=105
[HIXL_PERF] event=adxl_inner_async op=1 list_num=108 context_us=0 connect_us=0 get_channel_us=1 channel_async_us=109 tail_us=0 total_us=110
[HIXL_PERF] event=comm_engine_async op=1 list_num=108 desc_build_us=0 inner_us=115 total_us=115 status=0
[HIXL_PERF] event=hccl_batch op=1 desc_num=1 hccl_us=55 status=0
[HIXL_PERF] event=issue_hccl_batch op=1 list_num=1 total_us=71
[2026-08-24 21:01:24.195133][UC][I] [HIXL_WORKER_PERF] task_id=262 queue_depth=1 enqueue_lock_wait_us=1 enqueue_us=0 queue_wait_us=5 execute_us=121 result_post_us=5 total_us=132 status=0 [23989,24003][hixl_instance.cpp:107,Run]
[HIXL_PERF] event=issue_async_host_flag op=1 list_num=1 context_us=1 hccl_issue_us=73 flag_memcpy_us=4 total_us=78
[HIXL_PERF] event=comm_channel_async op=1 list_num=1 mutex_wait_us=0 slot_us=0 host_flag_us=0 record_us=0 issue_us=83 total_us=83
[2026-08-24 21:01:24.195140][UC][I] [PERF] component=transport event=transfer_submitted manager=127.0.0.1:8000 target=127.0.0.1:4503 handle=82 transport_handle=82 opcode=1 direct=2 segments=108 bytes=7962624 submitted_ts_us=1787576484195139 manager_execute_async_ts_us=1787576484194998 backend_execute_async_ts_us=1787576484195008 manager_to_backend_execute_async_us=10 submit_us=140 [23989,24003][transport_manager.cpp:674,ExecuteAsync]
[HIXL_PERF] event=adxl_inner_async op=1 list_num=1 context_us=0 connect_us=0 get_channel_us=1 channel_async_us=85 tail_us=0 total_us=86
[HIXL_PERF] event=comm_engine_async op=1 list_num=1 desc_build_us=0 inner_us=90 total_us=90 status=0
[2026-08-24 21:01:24.195155][UC][I] [HIXL_WORKER_PERF] task_id=263 queue_depth=1 enqueue_lock_wait_us=0 enqueue_us=0 queue_wait_us=5 execute_us=94 result_post_us=5 total_us=104 status=0 [23989,24002][hixl_instance.cpp:107,Run]
[2026-08-24 21:01:24.195163][UC][I] [PERF] component=transport event=transfer_submitted manager=127.0.0.1:8000 target=127.0.0.1:4501 handle=83 transport_handle=83 opcode=1 direct=2 segments=1 bytes=63 submitted_ts_us=1787576484195162 manager_execute_async_ts_us=1787576484195047 backend_execute_async_ts_us=1787576484195055 manager_to_backend_execute_async_us=8 submit_us=114 [23989,24002][transport_manager.cpp:674,ExecuteAsync]
[HIXL_QUERY_PERF] layer=comm_channel request=0x24 mutex_wait_us=0 check_us=0 lookup_us=1 flag_check_us=0 complete_us=1 total_us=2 transfer_status=1
[HIXL_QUERY_PERF] layer=adxl_inner request=0x24 context_us=0 req_lock_wait_us=0 lookup_us=1 channel_us=6 cleanup_us=1 total_us=8 status=0 transfer_status=1
[HIXL_QUERY_PERF] layer=comm_engine request=0x24 total_us=11 status=0 transfer_status=1
[2026-08-24 21:01:24.195190][UC][I] [HIXL_WORKER_PERF] task_id=264 queue_depth=1 enqueue_lock_wait_us=1 enqueue_us=0 queue_wait_us=4 execute_us=13 result_post_us=4 total_us=22 status=0 [23989,24002][hixl_instance.cpp:107,Run]
[2026-08-24 21:01:24.195196][UC][I] [QUERY_PERF] component=ucm layer=hixl_instance request=0x24 queue_wait_us=5 backend_us=13 run_post_us=10 total_us=28 api_status=0 transfer_status=1 [23989,24002][hixl_instance.cpp:370,GetTransferStatus]
[2026-08-24 21:01:24.195200][UC][I] [QUERY_PERF] component=ucm layer=hixl_transport handle=63 request=0x24 lifecycle_lock_us=0 pending_lock_wait_us=0 pending_lookup_us=0 instance_us=31 erase_us=0 total_us=31 transfer_status=1 [23989,24002][hixl_transport.cpp:734,GetStatus]
[2026-08-24 21:01:24.195203][UC][I] [QUERY_PERF] component=ucm layer=transport_manager handle=63 transport_handle=63 transfers_lock_wait_us=0 lookup_us=0 transport_us=35 total_us=35 api_status=0 transfer_status=1 [23989,24002][transport_manager.cpp:716,GetStatus]
[2026-08-24 21:01:24.195207][UC][I] [PERF] component=transport event=transfer_done manager=127.0.0.1:8000 target=127.0.0.1:4508 handle=63 transport_handle=63 opcode=1 direct=2 segments=108 bytes=7962624 status=1 api_status=0 submitted_ts_us=1787576484192429 completed_ts_us=1787576484195206 manager_get_status_ts_us=1787576484195167 backend_query_ts_us=1787576484195173 submit_us=236 transfer_us=2776 manager_to_backend_query_us=5 total_us=3012 [23989,24002][transport_manager.cpp:727,GetStatus]
[HIXL_PERF] event=hccl_batch op=1 desc_num=108 hccl_us=85 status=0
[HIXL_PERF] event=issue_hccl_batch op=1 list_num=108 total_us=93
[HIXL_PERF] event=issue_async_host_flag op=1 list_num=108 context_us=0 hccl_issue_us=98 flag_memcpy_us=4 total_us=102
[HIXL_PERF] event=comm_channel_async op=1 list_num=108 mutex_wait_us=0 slot_us=0 host_flag_us=5 record_us=0 issue_us=106 total_us=111
[HIXL_PERF] event=adxl_inner_async op=1 list_num=108 context_us=1 connect_us=0 get_channel_us=0 channel_async_us=113 tail_us=1 total_us=115
[HIXL_PERF] event=comm_engine_async op=1 list_num=108 desc_build_us=1 inner_us=117 total_us=118 status=0
[2026-08-24 21:01:24.195322][UC][I] [HIXL_WORKER_PERF] task_id=265 queue_depth=1 enqueue_lock_wait_us=0 enqueue_us=0 queue_wait_us=5 execute_us=123 result_post_us=5 total_us=133 status=0 [23989,24003][hixl_instance.cpp:107,Run]
[2026-08-24 21:01:24.195330][UC][I] [PERF] component=transport event=transfer_submitted manager=127.0.0.1:8000 target=127.0.0.1:4503 handle=84 transport_handle=84 opcode=1 direct=2 segments=108 bytes=7962624 submitted_ts_us=1787576484195328 manager_execute_async_ts_us=1787576484195186 backend_execute_async_ts_us=1787576484195194 manager_to_backend_execute_async_us=9 submit_us=143 [23989,24003][transport_manager.cpp:674,ExecuteAsync]
[HIXL_PERF] event=hccl_batch op=1 desc_num=1 hccl_us=55 status=0
[HIXL_PERF] event=issue_hccl_batch op=1 list_num=1 total_us=60
[HIXL_PERF] event=issue_async_host_flag op=1 list_num=1 context_us=1 hccl_issue_us=62 flag_memcpy_us=4 total_us=67
[HIXL_PERF] event=comm_channel_async op=1 list_num=1 mutex_wait_us=1 slot_us=0 host_flag_us=0 record_us=0 issue_us=71 total_us=72
[HIXL_PERF] event=adxl_inner_async op=1 list_num=1 context_us=1 connect_us=0 get_channel_us=0 channel_async_us=78 tail_us=0 total_us=79
[HIXL_PERF] event=comm_engine_async op=1 list_num=1 desc_build_us=0 inner_us=85 total_us=85 status=0
[2026-08-24 21:01:24.195415][UC][I] [HIXL_WORKER_PERF] task_id=266 queue_depth=1 enqueue_lock_wait_us=0 enqueue_us=0 queue_wait_us=82 execute_us=91 result_post_us=5 total_us=178 status=0 [23989,24002][hixl_instance.cpp:107,Run]
[2026-08-24 21:01:24.195422][UC][I] [PERF] component=transport event=transfer_submitted manager=127.0.0.1:8000 target=127.0.0.1:4508 handle=85 transport_handle=85 opcode=1 direct=2 segments=1 bytes=63 submitted_ts_us=1787576484195421 manager_execute_async_ts_us=1787576484195234 backend_execute_async_ts_us=1787576484195319 manager_to_backend_execute_async_us=84 submit_us=186 [23989,24002][transport_manager.cpp:674,ExecuteAsync]
[HIXL_QUERY_PERF] layer=comm_channel request=0x25 mutex_wait_us=0 check_us=0 lookup_us=0 flag_check_us=0 complete_us=1 total_us=1 transfer_status=1
[HIXL_QUERY_PERF] layer=adxl_inner request=0x25 context_us=1 req_lock_wait_us=0 lookup_us=1 channel_us=11 cleanup_us=0 total_us=13 status=0 transfer_status=1
[HIXL_QUERY_PERF] layer=comm_engine request=0x25 total_us=18 status=0 transfer_status=1
[2026-08-24 21:01:24.195459][UC][I] [HIXL_WORKER_PERF] task_id=268 queue_depth=1 enqueue_lock_wait_us=0 enqueue_us=1 queue_wait_us=4 execute_us=24 result_post_us=3 total_us=32 status=0 [23989,24002][hixl_instance.cpp:107,Run]
[2026-08-24 21:01:24.195464][UC][I] [QUERY_PERF] component=ucm layer=hixl_instance request=0x25 queue_wait_us=5 backend_us=23 run_post_us=10 total_us=38 api_status=0 transfer_status=1 [23989,24002][hixl_instance.cpp:370,GetTransferStatus]
[2026-08-24 21:01:24.195468][UC][I] [QUERY_PERF] component=ucm layer=hixl_transport handle=64 request=0x25 lifecycle_lock_us=0 pending_lock_wait_us=0 pending_lookup_us=0 instance_us=41 erase_us=0 total_us=41 transfer_status=1 [23989,24002][hixl_transport.cpp:734,GetStatus]
[2026-08-24 21:01:24.195471][UC][I] [QUERY_PERF] component=ucm layer=transport_manager handle=64 transport_handle=64 transfers_lock_wait_us=0 lookup_us=0 transport_us=45 total_us=45 api_status=0 transfer_status=1 [23989,24002][transport_manager.cpp:716,GetStatus]
[2026-08-24 21:01:24.195474][UC][I] [PERF] component=transport event=transfer_done manager=127.0.0.1:8000 target=127.0.0.1:4508 handle=64 transport_handle=64 opcode=1 direct=2 segments=108 bytes=7962624 status=1 api_status=0 submitted_ts_us=1787576484192628 completed_ts_us=1787576484195473 manager_get_status_ts_us=1787576484195425 backend_query_ts_us=1787576484195431 submit_us=171 transfer_us=2845 manager_to_backend_query_us=5 total_us=3016 [23989,24002][transport_manager.cpp:727,GetStatus]
[HIXL_PERF] event=hccl_batch op=1 desc_num=108 hccl_us=116 status=0
[HIXL_PERF] event=issue_hccl_batch op=1 list_num=108 total_us=139
[HIXL_PERF] event=issue_async_host_flag op=1 list_num=108 context_us=0 hccl_issue_us=141 flag_memcpy_us=4 total_us=145
[HIXL_PERF] event=comm_channel_async op=1 list_num=108 mutex_wait_us=1 slot_us=1 host_flag_us=0 record_us=1 issue_us=148 total_us=151
[HIXL_PERF] event=adxl_inner_async op=1 list_num=108 context_us=1 connect_us=0 get_channel_us=0 channel_async_us=152 tail_us=1 total_us=154
[HIXL_PERF] event=comm_engine_async op=1 list_num=108 desc_build_us=1 inner_us=155 total_us=156 status=0
[2026-08-24 21:01:24.195553][UC][I] [HIXL_WORKER_PERF] task_id=267 queue_depth=1 enqueue_lock_wait_us=0 enqueue_us=0 queue_wait_us=5 execute_us=162 result_post_us=5 total_us=172 status=0 [23989,24003][hixl_instance.cpp:107,Run]
[2026-08-24 21:01:24.195560][UC][I] [PERF] component=transport event=transfer_submitted manager=127.0.0.1:8000 target=127.0.0.1:4504 handle=86 transport_handle=86 opcode=1 direct=2 segments=108 bytes=7962624 submitted_ts_us=1787576484195558 manager_execute_async_ts_us=1787576484195378 backend_execute_async_ts_us=1787576484195386 manager_to_backend_execute_async_us=8 submit_us=180 [23989,24003][transport_manager.cpp:674,ExecuteAsync]
[HIXL_PERF] event=hccl_batch op=1 desc_num=1 hccl_us=57 status=0
[HIXL_PERF] event=issue_hccl_batch op=1 list_num=1 total_us=61
[HIXL_PERF] event=issue_async_host_flag op=1 list_num=1 context_us=1 hccl_issue_us=63 flag_memcpy_us=3 total_us=67
[HIXL_PERF] event=comm_channel_async op=1 list_num=1 mutex_wait_us=0 slot_us=0 host_flag_us=0 record_us=0 issue_us=70 total_us=70
[HIXL_PERF] event=adxl_inner_async op=1 list_num=1 context_us=0 connect_us=0 get_channel_us=1 channel_async_us=74 tail_us=0 total_us=75
[HIXL_PERF] event=comm_engine_async op=1 list_num=1 desc_build_us=1 inner_us=77 total_us=78 status=0
[2026-08-24 21:01:24.195594][UC][I] [HIXL_WORKER_PERF] task_id=269 queue_depth=1 enqueue_lock_wait_us=0 enqueue_us=0 queue_wait_us=4 execute_us=82 result_post_us=5 total_us=91 status=0 [23989,24002][hixl_instance.cpp:107,Run]
[2026-08-24 21:01:24.195600][UC][I] [PERF] component=transport event=transfer_submitted manager=127.0.0.1:8000 target=127.0.0.1:4508 handle=87 transport_handle=87 opcode=1 direct=2 segments=1 bytes=63 submitted_ts_us=1787576484195599 manager_execute_async_ts_us=1787576484195501 backend_execute_async_ts_us=1787576484195506 manager_to_backend_execute_async_us=5 submit_us=98 [23989,24002][transport_manager.cpp:674,ExecuteAsync]
[HIXL_QUERY_PERF] layer=comm_channel request=0x26 mutex_wait_us=0 check_us=0 lookup_us=1 flag_check_us=0 complete_us=1 total_us=2 transfer_status=1
[HIXL_QUERY_PERF] layer=adxl_inner request=0x26 context_us=1 req_lock_wait_us=0 lookup_us=0 channel_us=5 cleanup_us=0 total_us=6 status=0 transfer_status=1
[HIXL_QUERY_PERF] layer=comm_engine request=0x26 total_us=9 status=0 transfer_status=1
[2026-08-24 21:01:24.195627][UC][I] [HIXL_WORKER_PERF] task_id=270 queue_depth=1 enqueue_lock_wait_us=0 enqueue_us=0 queue_wait_us=5 execute_us=11 result_post_us=4 total_us=20 status=0 [23989,24002][hixl_instance.cpp:107,Run]
[2026-08-24 21:01:24.195632][UC][I] [QUERY_PERF] component=ucm layer=hixl_instance request=0x26 queue_wait_us=5 backend_us=11 run_post_us=8 total_us=24 api_status=0 transfer_status=1 [23989,24002][hixl_instance.cpp:370,GetTransferStatus]
[2026-08-24 21:01:24.195640][UC][I] [QUERY_PERF] component=ucm layer=hixl_transport handle=65 request=0x26 lifecycle_lock_us=0 pending_lock_wait_us=0 pending_lookup_us=0 instance_us=32 erase_us=0 total_us=32 transfer_status=1 [23989,24002][hixl_transport.cpp:734,GetStatus]
[2026-08-24 21:01:24.195644][UC][I] [QUERY_PERF] component=ucm layer=transport_manager handle=65 transport_handle=65 transfers_lock_wait_us=0 lookup_us=1 transport_us=36 total_us=37 api_status=0 transfer_status=1 [23989,24002][transport_manager.cpp:716,GetStatus]
[2026-08-24 21:01:24.195647][UC][I] [PERF] component=transport event=transfer_done manager=127.0.0.1:8000 target=127.0.0.1:4508 handle=65 transport_handle=65 opcode=1 direct=2 segments=108 bytes=7962624 status=1 api_status=0 submitted_ts_us=1787576484192817 completed_ts_us=1787576484195646 manager_get_status_ts_us=1787576484195606 backend_query_ts_us=1787576484195612 submit_us=164 transfer_us=2829 manager_to_backend_query_us=6 total_us=2993 [23989,24002][transport_manager.cpp:727,GetStatus]
[HIXL_PERF] event=hccl_batch op=1 desc_num=108 hccl_us=83 status=0
[HIXL_PERF] event=issue_hccl_batch op=1 list_num=108 total_us=89
[HIXL_PERF] event=issue_async_host_flag op=1 list_num=108 context_us=0 hccl_issue_us=92 flag_memcpy_us=4 total_us=96
[HIXL_PERF] event=comm_channel_async op=1 list_num=108 mutex_wait_us=0 slot_us=0 host_flag_us=1 record_us=0 issue_us=99 total_us=100
[HIXL_PERF] event=adxl_inner_async op=1 list_num=108 context_us=0 connect_us=0 get_channel_us=1 channel_async_us=102 tail_us=0 total_us=103
[HIXL_PERF] event=comm_engine_async op=1 list_num=108 desc_build_us=1 inner_us=105 total_us=106 status=0
[2026-08-24 21:01:24.195734][UC][I] [HIXL_WORKER_PERF] task_id=271 queue_depth=1 enqueue_lock_wait_us=0 enqueue_us=0 queue_wait_us=6 execute_us=111 result_post_us=6 total_us=123 status=0 [23989,24003][hixl_instance.cpp:107,Run]
[HIXL_PERF] event=hccl_batch op=1 desc_num=1 hccl_us=54 status=0
[HIXL_PERF] event=issue_hccl_batch op=1 list_num=1 total_us=59
[2026-08-24 21:01:24.195742][UC][I] [PERF] component=transport event=transfer_submitted manager=127.0.0.1:8000 target=127.0.0.1:4504 handle=88 transport_handle=88 opcode=1 direct=2 segments=108 bytes=7962624 submitted_ts_us=1787576484195740 manager_execute_async_ts_us=1787576484195608 backend_execute_async_ts_us=1787576484195617 manager_to_backend_execute_async_us=9 submit_us=131 [23989,24003][transport_manager.cpp:674,ExecuteAsync]
[HIXL_PERF] event=issue_async_host_flag op=1 list_num=1 context_us=0 hccl_issue_us=61 flag_memcpy_us=5 total_us=66
[HIXL_PERF] event=comm_channel_async op=1 list_num=1 mutex_wait_us=0 slot_us=1 host_flag_us=0 record_us=0 issue_us=69 total_us=70
[HIXL_PERF] event=adxl_inner_async op=1 list_num=1 context_us=1 connect_us=0 get_channel_us=0 channel_async_us=75 tail_us=0 total_us=76
[HIXL_PERF] event=comm_engine_async op=1 list_num=1 desc_build_us=0 inner_us=79 total_us=79 status=0
[2026-08-24 21:01:24.195769][UC][I] [HIXL_WORKER_PERF] task_id=272 queue_depth=1 enqueue_lock_wait_us=0 enqueue_us=0 queue_wait_us=4 execute_us=84 result_post_us=4 total_us=92 status=0 [23989,24002][hixl_instance.cpp:107,Run]
[2026-08-24 21:01:24.195779][UC][I] [PERF] component=transport event=transfer_submitted manager=127.0.0.1:8000 target=127.0.0.1:4508 handle=89 transport_handle=89 opcode=1 direct=2 segments=1 bytes=63 submitted_ts_us=1787576484195778 manager_execute_async_ts_us=1787576484195675 backend_execute_async_ts_us=1787576484195680 manager_to_backend_execute_async_us=5 submit_us=103 [23989,24002][transport_manager.cpp:674,ExecuteAsync]
[HIXL_QUERY_PERF] layer=comm_channel request=0x1c mutex_wait_us=0 check_us=0 lookup_us=0 flag_check_us=1 complete_us=2 total_us=3 transfer_status=1
[HIXL_QUERY_PERF] layer=adxl_inner request=0x1c context_us=1 req_lock_wait_us=0 lookup_us=1 channel_us=6 cleanup_us=1 total_us=9 status=0 transfer_status=1
[HIXL_QUERY_PERF] layer=comm_engine request=0x1c total_us=12 status=0 transfer_status=1
[2026-08-24 21:01:24.195809][UC][I] [HIXL_WORKER_PERF] task_id=273 queue_depth=1 enqueue_lock_wait_us=0 enqueue_us=0 queue_wait_us=6 execute_us=14 result_post_us=5 total_us=25 status=0 [23989,24002][hixl_instance.cpp:107,Run]
[2026-08-24 21:01:24.195814][UC][I] [QUERY_PERF] component=ucm layer=hixl_instance request=0x1c queue_wait_us=6 backend_us=13 run_post_us=11 total_us=30 api_status=0 transfer_status=1 [23989,24002][hixl_instance.cpp:370,GetTransferStatus]
[2026-08-24 21:01:24.195818][UC][I] [QUERY_PERF] component=ucm layer=hixl_transport handle=67 request=0x1c lifecycle_lock_us=0 pending_lock_wait_us=0 pending_lookup_us=0 instance_us=33 erase_us=0 total_us=33 transfer_status=1 [23989,24002][hixl_transport.cpp:734,GetStatus]
[2026-08-24 21:01:24.195821][UC][I] [QUERY_PERF] component=ucm layer=transport_manager handle=67 transport_handle=67 transfers_lock_wait_us=0 lookup_us=0 transport_us=38 total_us=38 api_status=0 transfer_status=1 [23989,24002][transport_manager.cpp:716,GetStatus]
[2026-08-24 21:01:24.195825][UC][I] [PERF] component=transport event=transfer_done manager=127.0.0.1:8000 target=127.0.0.1:4505 handle=67 transport_handle=67 opcode=1 direct=2 segments=108 bytes=7962624 status=1 api_status=0 submitted_ts_us=1787576484193032 completed_ts_us=1787576484195824 manager_get_status_ts_us=1787576484195783 backend_query_ts_us=1787576484195790 submit_us=183 transfer_us=2792 manager_to_backend_query_us=7 total_us=2975 [23989,24002][transport_manager.cpp:727,GetStatus]
[HIXL_PERF] event=hccl_batch op=1 desc_num=108 hccl_us=93 status=0
[HIXL_PERF] event=issue_hccl_batch op=1 list_num=108 total_us=106
[HIXL_PERF] event=issue_async_host_flag op=1 list_num=108 context_us=0 hccl_issue_us=108 flag_memcpy_us=5 total_us=113
[HIXL_PERF] event=comm_channel_async op=1 list_num=108 mutex_wait_us=0 slot_us=0 host_flag_us=7 record_us=1 issue_us=118 total_us=126
[HIXL_PERF] event=adxl_inner_async op=1 list_num=108 context_us=1 connect_us=0 get_channel_us=0 channel_async_us=129 tail_us=0 total_us=130
[HIXL_PERF] event=comm_engine_async op=1 list_num=108 desc_build_us=1 inner_us=133 total_us=134 status=0
[2026-08-24 21:01:24.195953][UC][I] [HIXL_WORKER_PERF] task_id=274 queue_depth=1 enqueue_lock_wait_us=0 enqueue_us=0 queue_wait_us=15 execute_us=139 result_post_us=8 total_us=162 status=0 [23989,24003][hixl_instance.cpp:107,Run]
[2026-08-24 21:01:24.195973][UC][I] [PERF] component=transport event=transfer_submitted manager=127.0.0.1:8000 target=127.0.0.1:4504 handle=90 transport_handle=90 opcode=1 direct=2 segments=108 bytes=7962624 submitted_ts_us=1787576484195971 manager_execute_async_ts_us=1787576484195789 backend_execute_async_ts_us=1787576484195807 manager_to_backend_execute_async_us=18 submit_us=183 [23989,24003][transport_manager.cpp:674,ExecuteAsync]
[HIXL_PERF] event=hccl_batch op=1 desc_num=1 hccl_us=58 status=0
[HIXL_PERF] event=issue_hccl_batch op=1 list_num=1 total_us=62
[HIXL_PERF] event=issue_async_host_flag op=1 list_num=1 context_us=1 hccl_issue_us=64 flag_memcpy_us=3 total_us=68
[HIXL_PERF] event=comm_channel_async op=1 list_num=1 mutex_wait_us=0 slot_us=0 host_flag_us=0 record_us=0 issue_us=71 total_us=71
[HIXL_PERF] event=adxl_inner_async op=1 list_num=1 context_us=0 connect_us=0 get_channel_us=1 channel_async_us=78 tail_us=1 total_us=80
[HIXL_PERF] event=comm_engine_async op=1 list_num=1 desc_build_us=1 inner_us=82 total_us=83 status=0
[2026-08-24 21:01:24.196044][UC][I] [HIXL_WORKER_PERF] task_id=275 queue_depth=1 enqueue_lock_wait_us=1 enqueue_us=0 queue_wait_us=95 execute_us=87 result_post_us=7 total_us=190 status=0 [23989,24002][hixl_instance.cpp:107,Run]
[2026-08-24 21:01:24.196051][UC][I] [PERF] component=transport event=transfer_submitted manager=127.0.0.1:8000 target=127.0.0.1:4505 handle=91 transport_handle=91 opcode=1 direct=2 segments=1 bytes=63 submitted_ts_us=1787576484196050 manager_execute_async_ts_us=1787576484195852 backend_execute_async_ts_us=1787576484195949 manager_to_backend_execute_async_us=97 submit_us=197 [23989,24002][transport_manager.cpp:674,ExecuteAsync]
[HIXL_PERF] event=hccl_batch op=1 desc_num=108 hccl_us=88 status=0
[HIXL_PERF] event=issue_hccl_batch op=1 list_num=108 total_us=105
[HIXL_PERF] event=issue_async_host_flag op=1 list_num=108 context_us=1 hccl_issue_us=106 flag_memcpy_us=5 total_us=112
[HIXL_PERF] event=comm_channel_async op=1 list_num=108 mutex_wait_us=0 slot_us=0 host_flag_us=6 record_us=0 issue_us=114 total_us=120
[HIXL_PERF] event=adxl_inner_async op=1 list_num=108 context_us=0 connect_us=0 get_channel_us=1 channel_async_us=122 tail_us=1 total_us=124
[HIXL_PERF] event=comm_engine_async op=1 list_num=108 desc_build_us=1 inner_us=126 total_us=127 status=0
[HIXL_QUERY_PERF] layer=comm_channel request=0x1d mutex_wait_us=0 check_us=0 lookup_us=1 flag_check_us=0 complete_us=1 total_us=2 transfer_status=1
[2026-08-24 21:01:24.196179][UC][I] [HIXL_WORKER_PERF] task_id=276 queue_depth=1 enqueue_lock_wait_us=0 enqueue_us=0 queue_wait_us=4 execute_us=132 result_post_us=6 total_us=142 status=0 [23989,24003][hixl_instance.cpp:107,Run]
[HIXL_QUERY_PERF] layer=adxl_inner request=0x1d context_us=0 req_lock_wait_us=1 lookup_us=0 channel_us=5 cleanup_us=0 total_us=6 status=0 transfer_status=1
[HIXL_QUERY_PERF] layer=comm_engine request=0x1d total_us=11 status=0 transfer_status=1
[2026-08-24 21:01:24.196187][UC][I] [PERF] component=transport event=transfer_submitted manager=127.0.0.1:8000 target=127.0.0.1:4504 handle=92 transport_handle=92 opcode=1 direct=2 segments=108 bytes=7962624 submitted_ts_us=1787576484196186 manager_execute_async_ts_us=1787576484196018 backend_execute_async_ts_us=1787576484196041 manager_to_backend_execute_async_us=23 submit_us=153 [23989,24003][transport_manager.cpp:674,ExecuteAsync]
[2026-08-24 21:01:24.196195][UC][I] [HIXL_WORKER_PERF] task_id=277 queue_depth=1 enqueue_lock_wait_us=0 enqueue_us=0 queue_wait_us=120 execute_us=14 result_post_us=5 total_us=139 status=0 [23989,24002][hixl_instance.cpp:107,Run]
[2026-08-24 21:01:24.196200][UC][I] [QUERY_PERF] component=ucm layer=hixl_instance request=0x1d queue_wait_us=121 backend_us=13 run_post_us=10 total_us=144 api_status=0 transfer_status=1 [23989,24002][hixl_instance.cpp:370,GetTransferStatus]
[2026-08-24 21:01:24.196203][UC][I] [QUERY_PERF] component=ucm layer=hixl_transport handle=68 request=0x1d lifecycle_lock_us=1 pending_lock_wait_us=0 pending_lookup_us=0 instance_us=147 erase_us=0 total_us=148 transfer_status=1 [23989,24002][hixl_transport.cpp:734,GetStatus]
[2026-08-24 21:01:24.196207][UC][I] [QUERY_PERF] component=ucm layer=transport_manager handle=68 transport_handle=68 transfers_lock_wait_us=0 lookup_us=0 transport_us=152 total_us=152 api_status=0 transfer_status=1 [23989,24002][transport_manager.cpp:716,GetStatus]
[2026-08-24 21:01:24.196211][UC][I] [PERF] component=transport event=transfer_done manager=127.0.0.1:8000 target=127.0.0.1:4505 handle=68 transport_handle=68 opcode=1 direct=2 segments=108 bytes=7962624 status=1 api_status=0 submitted_ts_us=1787576484193258 completed_ts_us=1787576484196210 manager_get_status_ts_us=1787576484196054 backend_query_ts_us=1787576484196175 submit_us=175 transfer_us=2952 manager_to_backend_query_us=122 total_us=3127 [23989,24002][transport_manager.cpp:727,GetStatus]
[HIXL_PERF] event=hccl_batch op=1 desc_num=1 hccl_us=53 status=0
[HIXL_PERF] event=issue_hccl_batch op=1 list_num=1 total_us=59
[HIXL_PERF] event=issue_async_host_flag op=1 list_num=1 context_us=1 hccl_issue_us=61 flag_memcpy_us=3 total_us=65
[HIXL_PERF] event=comm_channel_async op=1 list_num=1 mutex_wait_us=0 slot_us=0 host_flag_us=0 record_us=0 issue_us=68 total_us=68
[HIXL_PERF] event=adxl_inner_async op=1 list_num=1 context_us=0 connect_us=0 get_channel_us=1 channel_async_us=72 tail_us=0 total_us=73
[HIXL_PERF] event=comm_engine_async op=1 list_num=1 desc_build_us=0 inner_us=77 total_us=77 status=0
[2026-08-24 21:01:24.196334][UC][I] [HIXL_WORKER_PERF] task_id=278 queue_depth=1 enqueue_lock_wait_us=0 enqueue_us=0 queue_wait_us=6 execute_us=82 result_post_us=5 total_us=93 status=0 [23989,24002][hixl_instance.cpp:107,Run]
[2026-08-24 21:01:24.196340][UC][I] [PERF] component=transport event=transfer_submitted manager=127.0.0.1:8000 target=127.0.0.1:4505 handle=93 transport_handle=93 opcode=1 direct=2 segments=1 bytes=63 submitted_ts_us=1787576484196340 manager_execute_async_ts_us=1787576484196240 backend_execute_async_ts_us=1787576484196247 manager_to_backend_execute_async_us=8 submit_us=100 [23989,24002][transport_manager.cpp:674,ExecuteAsync]
[HIXL_QUERY_PERF] layer=comm_channel request=0x1e mutex_wait_us=0 check_us=0 lookup_us=1 flag_check_us=0 complete_us=1 total_us=2 transfer_status=1
[HIXL_QUERY_PERF] layer=adxl_inner request=0x1e context_us=1 req_lock_wait_us=0 lookup_us=0 channel_us=7 cleanup_us=0 total_us=8 status=0 transfer_status=1
[HIXL_QUERY_PERF] layer=comm_engine request=0x1e total_us=11 status=0 transfer_status=1
[2026-08-24 21:01:24.196369][UC][I] [HIXL_WORKER_PERF] task_id=279 queue_depth=1 enqueue_lock_wait_us=1 enqueue_us=0 queue_wait_us=5 execute_us=14 result_post_us=5 total_us=25 status=0 [23989,24002][hixl_instance.cpp:107,Run]
[2026-08-24 21:01:24.196378][UC][I] [QUERY_PERF] component=ucm layer=hixl_instance request=0x1e queue_wait_us=7 backend_us=13 run_post_us=13 total_us=33 api_status=0 transfer_status=1 [23989,24002][hixl_instance.cpp:370,GetTransferStatus]
[2026-08-24 21:01:24.196381][UC][I] [QUERY_PERF] component=ucm layer=hixl_transport handle=70 request=0x1e lifecycle_lock_us=0 pending_lock_wait_us=0 pending_lookup_us=0 instance_us=36 erase_us=0 total_us=36 transfer_status=1 [23989,24002][hixl_transport.cpp:734,GetStatus]
[2026-08-24 21:01:24.196384][UC][I] [QUERY_PERF] component=ucm layer=transport_manager handle=70 transport_handle=70 transfers_lock_wait_us=0 lookup_us=0 transport_us=40 total_us=40 api_status=0 transfer_status=1 [23989,24002][transport_manager.cpp:716,GetStatus]
[2026-08-24 21:01:24.196388][UC][I] [PERF] component=transport event=transfer_done manager=127.0.0.1:8000 target=127.0.0.1:4505 handle=70 transport_handle=70 opcode=1 direct=2 segments=108 bytes=7962624 status=1 api_status=0 submitted_ts_us=1787576484193476 completed_ts_us=1787576484196387 manager_get_status_ts_us=1787576484196344 backend_query_ts_us=1787576484196351 submit_us=173 transfer_us=2910 manager_to_backend_query_us=7 total_us=3083 [23989,24002][transport_manager.cpp:727,GetStatus]
[HIXL_PERF] event=hccl_batch op=1 desc_num=1 hccl_us=52 status=0
[HIXL_PERF] event=issue_hccl_batch op=1 list_num=1 total_us=56
[HIXL_PERF] event=issue_async_host_flag op=1 list_num=1 context_us=1 hccl_issue_us=59 flag_memcpy_us=4 total_us=64
[HIXL_PERF] event=comm_channel_async op=1 list_num=1 mutex_wait_us=0 slot_us=0 host_flag_us=0 record_us=0 issue_us=66 total_us=66
[HIXL_PERF] event=adxl_inner_async op=1 list_num=1 context_us=0 connect_us=0 get_channel_us=1 channel_async_us=68 tail_us=0 total_us=69
[HIXL_PERF] event=comm_engine_async op=1 list_num=1 desc_build_us=0 inner_us=71 total_us=71 status=0
[2026-08-24 21:01:24.196487][UC][I] [HIXL_WORKER_PERF] task_id=280 queue_depth=1 enqueue_lock_wait_us=0 enqueue_us=0 queue_wait_us=5 execute_us=76 result_post_us=5 total_us=86 status=0 [23989,24002][hixl_instance.cpp:107,Run]
[2026-08-24 21:01:24.196495][UC][I] [PERF] component=transport event=transfer_submitted manager=127.0.0.1:8000 target=127.0.0.1:4505 handle=94 transport_handle=94 opcode=1 direct=2 segments=1 bytes=63 submitted_ts_us=1787576484196494 manager_execute_async_ts_us=1787576484196400 backend_execute_async_ts_us=1787576484196406 manager_to_backend_execute_async_us=6 submit_us=95 [23989,24002][transport_manager.cpp:674,ExecuteAsync]
[HIXL_QUERY_PERF] layer=comm_channel request=0x1f mutex_wait_us=0 check_us=0 lookup_us=0 flag_check_us=0 complete_us=1 total_us=1 transfer_status=1
[HIXL_QUERY_PERF] layer=adxl_inner request=0x1f context_us=0 req_lock_wait_us=0 lookup_us=1 channel_us=6 cleanup_us=1 total_us=8 status=0 transfer_status=1
[HIXL_QUERY_PERF] layer=comm_engine request=0x1f total_us=11 status=0 transfer_status=1
[2026-08-24 21:01:24.196523][UC][I] [HIXL_WORKER_PERF] task_id=281 queue_depth=1 enqueue_lock_wait_us=0 enqueue_us=0 queue_wait_us=5 execute_us=13 result_post_us=5 total_us=23 status=0 [23989,24002][hixl_instance.cpp:107,Run]
[2026-08-24 21:01:24.196528][UC][I] [QUERY_PERF] component=ucm layer=hixl_instance request=0x1f queue_wait_us=5 backend_us=13 run_post_us=10 total_us=28 api_status=0 transfer_status=1 [23989,24002][hixl_instance.cpp:370,GetTransferStatus]
[2026-08-24 21:01:24.196537][UC][I] [QUERY_PERF] component=ucm layer=hixl_transport handle=72 request=0x1f lifecycle_lock_us=0 pending_lock_wait_us=1 pending_lookup_us=0 instance_us=36 erase_us=0 total_us=37 transfer_status=1 [23989,24002][hixl_transport.cpp:734,GetStatus]
[2026-08-24 21:01:24.196540][UC][I] [QUERY_PERF] component=ucm layer=transport_manager handle=72 transport_handle=72 transfers_lock_wait_us=0 lookup_us=0 transport_us=41 total_us=41 api_status=0 transfer_status=1 [23989,24002][transport_manager.cpp:716,GetStatus]
[2026-08-24 21:01:24.196543][UC][I] [PERF] component=transport event=transfer_done manager=127.0.0.1:8000 target=127.0.0.1:4505 handle=72 transport_handle=72 opcode=1 direct=2 segments=108 bytes=7962624 status=1 api_status=0 submitted_ts_us=1787576484193691 completed_ts_us=1787576484196542 manager_get_status_ts_us=1787576484196499 backend_query_ts_us=1787576484196505 submit_us=174 transfer_us=2851 manager_to_backend_query_us=6 total_us=3025 [23989,24002][transport_manager.cpp:727,GetStatus]
[HIXL_PERF] event=hccl_batch op=1 desc_num=1 hccl_us=53 status=0
[HIXL_PERF] event=issue_hccl_batch op=1 list_num=1 total_us=58
[HIXL_PERF] event=issue_async_host_flag op=1 list_num=1 context_us=0 hccl_issue_us=60 flag_memcpy_us=5 total_us=65
[HIXL_PERF] event=comm_channel_async op=1 list_num=1 mutex_wait_us=0 slot_us=0 host_flag_us=0 record_us=0 issue_us=68 total_us=68
[HIXL_PERF] event=adxl_inner_async op=1 list_num=1 context_us=1 connect_us=0 get_channel_us=0 channel_async_us=70 tail_us=0 total_us=71
[HIXL_PERF] event=comm_engine_async op=1 list_num=1 desc_build_us=0 inner_us=73 total_us=73 status=0
[2026-08-24 21:01:24.196644][UC][I] [HIXL_WORKER_PERF] task_id=282 queue_depth=1 enqueue_lock_wait_us=0 enqueue_us=0 queue_wait_us=5 execute_us=77 result_post_us=5 total_us=87 status=0 [23989,24002][hixl_instance.cpp:107,Run]
[2026-08-24 21:01:24.196650][UC][I] [PERF] component=transport event=transfer_submitted manager=127.0.0.1:8000 target=127.0.0.1:4505 handle=95 transport_handle=95 opcode=1 direct=2 segments=1 bytes=63 submitted_ts_us=1787576484196649 manager_execute_async_ts_us=1787576484196555 backend_execute_async_ts_us=1787576484196561 manager_to_backend_execute_async_us=6 submit_us=93 [23989,24002][transport_manager.cpp:674,ExecuteAsync]
[HIXL_QUERY_PERF] layer=comm_channel request=0x2a mutex_wait_us=0 check_us=0 lookup_us=0 flag_check_us=0 complete_us=1 total_us=1 transfer_status=1
[HIXL_QUERY_PERF] layer=adxl_inner request=0x2a context_us=1 req_lock_wait_us=0 lookup_us=1 channel_us=5 cleanup_us=0 total_us=7 status=0 transfer_status=1
[HIXL_QUERY_PERF] layer=comm_engine request=0x2a total_us=10 status=0 transfer_status=1
[2026-08-24 21:01:24.196680][UC][I] [HIXL_WORKER_PERF] task_id=283 queue_depth=1 enqueue_lock_wait_us=1 enqueue_us=0 queue_wait_us=6 execute_us=12 result_post_us=4 total_us=23 status=0 [23989,24002][hixl_instance.cpp:107,Run]
[2026-08-24 21:01:24.196689][UC][I] [QUERY_PERF] component=ucm layer=hixl_instance request=0x2a queue_wait_us=7 backend_us=12 run_post_us=12 total_us=31 api_status=0 transfer_status=1 [23989,24002][hixl_instance.cpp:370,GetTransferStatus]
[2026-08-24 21:01:24.196693][UC][I] [QUERY_PERF] component=ucm layer=hixl_transport handle=74 request=0x2a lifecycle_lock_us=0 pending_lock_wait_us=0 pending_lookup_us=0 instance_us=35 erase_us=0 total_us=35 transfer_status=1 [23989,24002][hixl_transport.cpp:734,GetStatus]
[2026-08-24 21:01:24.196696][UC][I] [QUERY_PERF] component=ucm layer=transport_manager handle=74 transport_handle=74 transfers_lock_wait_us=0 lookup_us=0 transport_us=39 total_us=39 api_status=0 transfer_status=1 [23989,24002][transport_manager.cpp:716,GetStatus]
[2026-08-24 21:01:24.196699][UC][I] [PERF] component=transport event=transfer_done manager=127.0.0.1:8000 target=127.0.0.1:4506 handle=74 transport_handle=74 opcode=1 direct=2 segments=108 bytes=7962624 status=1 api_status=0 submitted_ts_us=1787576484193952 completed_ts_us=1787576484196698 manager_get_status_ts_us=1787576484196657 backend_query_ts_us=1787576484196664 submit_us=217 transfer_us=2747 manager_to_backend_query_us=7 total_us=2964 [23989,24002][transport_manager.cpp:727,GetStatus]
[HIXL_PERF] event=hccl_batch op=1 desc_num=1 hccl_us=58 status=0
[HIXL_PERF] event=issue_hccl_batch op=1 list_num=1 total_us=63
[HIXL_PERF] event=issue_async_host_flag op=1 list_num=1 context_us=0 hccl_issue_us=65 flag_memcpy_us=5 total_us=70
[HIXL_PERF] event=comm_channel_async op=1 list_num=1 mutex_wait_us=0 slot_us=0 host_flag_us=0 record_us=1 issue_us=74 total_us=75
[HIXL_PERF] event=adxl_inner_async op=1 list_num=1 context_us=1 connect_us=0 get_channel_us=0 channel_async_us=77 tail_us=0 total_us=78
[HIXL_PERF] event=comm_engine_async op=1 list_num=1 desc_build_us=0 inner_us=80 total_us=80 status=0
[2026-08-24 21:01:24.196805][UC][I] [HIXL_WORKER_PERF] task_id=284 queue_depth=1 enqueue_lock_wait_us=0 enqueue_us=0 queue_wait_us=4 execute_us=84 result_post_us=4 total_us=92 status=0 [23989,24002][hixl_instance.cpp:107,Run]
[2026-08-24 21:01:24.196811][UC][I] [PERF] component=transport event=transfer_submitted manager=127.0.0.1:8000 target=127.0.0.1:4506 handle=96 transport_handle=96 opcode=1 direct=2 segments=1 bytes=63 submitted_ts_us=1787576484196811 manager_execute_async_ts_us=1787576484196711 backend_execute_async_ts_us=1787576484196716 manager_to_backend_execute_async_us=5 submit_us=100 [23989,24002][transport_manager.cpp:674,ExecuteAsync]
[HIXL_QUERY_PERF] layer=comm_channel request=0x2b mutex_wait_us=0 check_us=0 lookup_us=0 flag_check_us=0 complete_us=1 total_us=1 transfer_status=1
[HIXL_QUERY_PERF] layer=adxl_inner request=0x2b context_us=1 req_lock_wait_us=0 lookup_us=1 channel_us=4 cleanup_us=1 total_us=7 status=0 transfer_status=1
[HIXL_QUERY_PERF] layer=comm_engine request=0x2b total_us=10 status=0 transfer_status=1
[2026-08-24 21:01:24.196838][UC][I] [HIXL_WORKER_PERF] task_id=285 queue_depth=1 enqueue_lock_wait_us=0 enqueue_us=1 queue_wait_us=4 execute_us=11 result_post_us=5 total_us=21 status=0 [23989,24002][hixl_instance.cpp:107,Run]
[2026-08-24 21:01:24.196842][UC][I] [QUERY_PERF] component=ucm layer=hixl_instance request=0x2b queue_wait_us=5 backend_us=11 run_post_us=9 total_us=25 api_status=0 transfer_status=1 [23989,24002][hixl_instance.cpp:370,GetTransferStatus]
[2026-08-24 21:01:24.196845][UC][I] [QUERY_PERF] component=ucm layer=hixl_transport handle=76 request=0x2b lifecycle_lock_us=0 pending_lock_wait_us=0 pending_lookup_us=0 instance_us=27 erase_us=0 total_us=27 transfer_status=1 [23989,24002][hixl_transport.cpp:734,GetStatus]
[2026-08-24 21:01:24.196848][UC][I] [QUERY_PERF] component=ucm layer=transport_manager handle=76 transport_handle=76 transfers_lock_wait_us=0 lookup_us=0 transport_us=30 total_us=30 api_status=0 transfer_status=1 [23989,24002][transport_manager.cpp:716,GetStatus]
[2026-08-24 21:01:24.196853][UC][I] [PERF] component=transport event=transfer_done manager=127.0.0.1:8000 target=127.0.0.1:4506 handle=76 transport_handle=76 opcode=1 direct=2 segments=108 bytes=7962624 status=1 api_status=0 submitted_ts_us=1787576484194154 completed_ts_us=1787576484196852 manager_get_status_ts_us=1787576484196817 backend_query_ts_us=1787576484196822 submit_us=159 transfer_us=2699 manager_to_backend_query_us=5 total_us=2858 [23989,24002][transport_manager.cpp:727,GetStatus]
[HIXL_PERF] event=hccl_batch op=1 desc_num=1 hccl_us=53 status=0
[HIXL_PERF] event=issue_hccl_batch op=1 list_num=1 total_us=62
[HIXL_PERF] event=issue_async_host_flag op=1 list_num=1 context_us=0 hccl_issue_us=64 flag_memcpy_us=5 total_us=69
[HIXL_PERF] event=comm_channel_async op=1 list_num=1 mutex_wait_us=1 slot_us=0 host_flag_us=0 record_us=0 issue_us=73 total_us=74
[HIXL_PERF] event=adxl_inner_async op=1 list_num=1 context_us=1 connect_us=0 get_channel_us=0 channel_async_us=80 tail_us=0 total_us=81
[HIXL_PERF] event=comm_engine_async op=1 list_num=1 desc_build_us=0 inner_us=85 total_us=85 status=0
[2026-08-24 21:01:24.196968][UC][I] [HIXL_WORKER_PERF] task_id=286 queue_depth=1 enqueue_lock_wait_us=0 enqueue_us=0 queue_wait_us=4 execute_us=89 result_post_us=5 total_us=98 status=0 [23989,24002][hixl_instance.cpp:107,Run]
[2026-08-24 21:01:24.196974][UC][I] [PERF] component=transport event=transfer_submitted manager=127.0.0.1:8000 target=127.0.0.1:4506 handle=97 transport_handle=97 opcode=1 direct=2 segments=1 bytes=63 submitted_ts_us=1787576484196973 manager_execute_async_ts_us=1787576484196869 backend_execute_async_ts_us=1787576484196875 manager_to_backend_execute_async_us=6 submit_us=104 [23989,24002][transport_manager.cpp:674,ExecuteAsync]
[HIXL_QUERY_PERF] layer=comm_channel request=0x23 mutex_wait_us=0 check_us=0 lookup_us=0 flag_check_us=0 complete_us=2 total_us=2 transfer_status=1
[HIXL_QUERY_PERF] layer=adxl_inner request=0x23 context_us=1 req_lock_wait_us=0 lookup_us=1 channel_us=8 cleanup_us=0 total_us=10 status=0 transfer_status=1
[HIXL_QUERY_PERF] layer=comm_engine request=0x23 total_us=15 status=0 transfer_status=1
[2026-08-24 21:01:24.197016][UC][I] [HIXL_WORKER_PERF] task_id=287 queue_depth=1 enqueue_lock_wait_us=0 enqueue_us=0 queue_wait_us=7 execute_us=19 result_post_us=5 total_us=31 status=0 [23989,24002][hixl_instance.cpp:107,Run]
[2026-08-24 21:01:24.197023][UC][I] [QUERY_PERF] component=ucm layer=hixl_instance request=0x23 queue_wait_us=7 backend_us=19 run_post_us=12 total_us=38 api_status=0 transfer_status=1 [23989,24002][hixl_instance.cpp:370,GetTransferStatus]
[2026-08-24 21:01:24.197027][UC][I] [QUERY_PERF] component=ucm layer=hixl_transport handle=83 request=0x23 lifecycle_lock_us=0 pending_lock_wait_us=0 pending_lookup_us=0 instance_us=41 erase_us=0 total_us=41 transfer_status=1 [23989,24002][hixl_transport.cpp:734,GetStatus]
[2026-08-24 21:01:24.197030][UC][I] [QUERY_PERF] component=ucm layer=transport_manager handle=83 transport_handle=83 transfers_lock_wait_us=0 lookup_us=0 transport_us=45 total_us=45 api_status=0 transfer_status=1 [23989,24002][transport_manager.cpp:716,GetStatus]
[2026-08-24 21:01:24.197033][UC][I] [PERF] component=transport event=transfer_done manager=127.0.0.1:8000 target=127.0.0.1:4501 handle=83 transport_handle=83 opcode=1 direct=2 segments=1 bytes=63 status=1 api_status=0 submitted_ts_us=1787576484195162 completed_ts_us=1787576484197032 manager_get_status_ts_us=1787576484196984 backend_query_ts_us=1787576484196992 submit_us=114 transfer_us=1870 manager_to_backend_query_us=8 total_us=1984 [23989,24002][transport_manager.cpp:727,GetStatus]
[2026-08-24 21:01:24.197041][UC][I] [PERF] component=drampool event=request_done request_id=8 opcode=2 peer=127.0.0.1:4501 batch_size=108 data_bytes=7962624 failed_items=0 status=SUCCESS failed_stage=NONE received_ts_us=1787576484189639 worker_started_ts_us=1787576484191971 data_transfer_submitted_ts_us=1787576484192174 data_transfer_completed_ts_us=1787576484195019 response_submitted_ts_us=1787576484195167 completed_ts_us=1787576484197036 data_tm_execute_async_ts_us=1787576484192011 data_hixl_execute_async_ts_us=1787576484192022 data_tm_get_status_ts_us=1787576484194974 data_hixl_query_handle_ts_us=1787576484194980 response_tm_execute_async_ts_us=1787576484195047 response_hixl_execute_async_ts_us=1787576484195055 response_tm_get_status_ts_us=1787576484196984 response_hixl_query_handle_ts_us=1787576484196992 request_queue_us=2332 metadata_prepare_us=40 taskworker_prepare_us=204 poller_queue_us=2083 data_transfer_us=2845 metadata_settle_us=24 response_slot_wait_us=1 response_submit_us=122 response_transfer_us=1869 data_tm_to_hixl_execute_async_us=10 data_tm_to_hixl_query_handle_us=6 response_tm_to_hixl_execute_async_us=8 response_tm_to_hixl_query_handle_us=8 total_us=7397 [23989,24002][completion_poller.cc:56,LogRequestDone]
[HIXL_QUERY_PERF] layer=comm_channel request=0x32 mutex_wait_us=0 check_us=0 lookup_us=1 flag_check_us=0 complete_us=1 total_us=2 transfer_status=1
[HIXL_QUERY_PERF] layer=adxl_inner request=0x32 context_us=1 req_lock_wait_us=0 lookup_us=0 channel_us=7 cleanup_us=1 total_us=9 status=0 transfer_status=1
[HIXL_QUERY_PERF] layer=comm_engine request=0x32 total_us=14 status=0 transfer_status=1
[2026-08-24 21:01:24.197076][UC][I] [HIXL_WORKER_PERF] task_id=288 queue_depth=1 enqueue_lock_wait_us=0 enqueue_us=0 queue_wait_us=5 execute_us=18 result_post_us=4 total_us=27 status=0 [23989,24002][hixl_instance.cpp:107,Run]
[2026-08-24 21:01:24.197081][UC][I] [QUERY_PERF] component=ucm layer=hixl_instance request=0x32 queue_wait_us=5 backend_us=18 run_post_us=9 total_us=32 api_status=0 transfer_status=1 [23989,24002][hixl_instance.cpp:370,GetTransferStatus]
[2026-08-24 21:01:24.197085][UC][I] [QUERY_PERF] component=ucm layer=hixl_transport handle=85 request=0x32 lifecycle_lock_us=0 pending_lock_wait_us=0 pending_lookup_us=0 instance_us=36 erase_us=0 total_us=36 transfer_status=1 [23989,24002][hixl_transport.cpp:734,GetStatus]
[2026-08-24 21:01:24.197088][UC][I] [QUERY_PERF] component=ucm layer=transport_manager handle=85 transport_handle=85 transfers_lock_wait_us=0 lookup_us=0 transport_us=39 total_us=39 api_status=0 transfer_status=1 [23989,24002][transport_manager.cpp:716,GetStatus]
[2026-08-24 21:01:24.197094][UC][I] [PERF] component=transport event=transfer_done manager=127.0.0.1:8000 target=127.0.0.1:4508 handle=85 transport_handle=85 opcode=1 direct=2 segments=1 bytes=63 status=1 api_status=0 submitted_ts_us=1787576484195421 completed_ts_us=1787576484197093 manager_get_status_ts_us=1787576484197047 backend_query_ts_us=1787576484197053 submit_us=186 transfer_us=1672 manager_to_backend_query_us=5 total_us=1858 [23989,24002][transport_manager.cpp:727,GetStatus]
[2026-08-24 21:01:24.197099][UC][I] [PERF] component=drampool event=request_done request_id=4 opcode=2 peer=127.0.0.1:4508 batch_size=108 data_bytes=7962624 failed_items=0 status=SUCCESS failed_stage=NONE received_ts_us=1787576484189641 worker_started_ts_us=1787576484192176 data_transfer_submitted_ts_us=1787576484192440 data_transfer_completed_ts_us=1787576484195210 response_submitted_ts_us=1787576484195425 completed_ts_us=1787576484197097 data_tm_execute_async_ts_us=1787576484192193 data_hixl_execute_async_ts_us=1787576484192201 data_tm_get_status_ts_us=1787576484195167 data_hixl_query_handle_ts_us=1787576484195173 response_tm_execute_async_ts_us=1787576484195234 response_hixl_execute_async_ts_us=1787576484195319 response_tm_get_status_ts_us=1787576484197047 response_hixl_query_handle_ts_us=1787576484197053 request_queue_us=2535 metadata_prepare_us=16 taskworker_prepare_us=265 poller_queue_us=1818 data_transfer_us=2770 metadata_settle_us=22 response_slot_wait_us=1 response_submit_us=192 response_transfer_us=1671 data_tm_to_hixl_execute_async_us=7 data_tm_to_hixl_query_handle_us=5 response_tm_to_hixl_execute_async_us=84 response_tm_to_hixl_query_handle_us=5 total_us=7456 [23989,24002][completion_poller.cc:56,LogRequestDone]
[HIXL_QUERY_PERF] layer=comm_channel request=0x33 mutex_wait_us=0 check_us=1 lookup_us=0 flag_check_us=0 complete_us=1 total_us=2 transfer_status=1
[HIXL_QUERY_PERF] layer=adxl_inner request=0x33 context_us=1 req_lock_wait_us=0 lookup_us=0 channel_us=7 cleanup_us=0 total_us=8 status=0 transfer_status=1
[HIXL_QUERY_PERF] layer=comm_engine request=0x33 total_us=16 status=0 transfer_status=1
[2026-08-24 21:01:24.197131][UC][I] [HIXL_WORKER_PERF] task_id=289 queue_depth=1 enqueue_lock_wait_us=1 enqueue_us=0 queue_wait_us=4 execute_us=18 result_post_us=4 total_us=27 status=0 [23989,24002][hixl_instance.cpp:107,Run]
[2026-08-24 21:01:24.197135][UC][I] [QUERY_PERF] component=ucm layer=hixl_instance request=0x33 queue_wait_us=5 backend_us=18 run_post_us=9 total_us=32 api_status=0 transfer_status=1 [23989,24002][hixl_instance.cpp:370,GetTransferStatus]
[2026-08-24 21:01:24.197139][UC][I] [QUERY_PERF] component=ucm layer=hixl_transport handle=87 request=0x33 lifecycle_lock_us=0 pending_lock_wait_us=0 pending_lookup_us=0 instance_us=35 erase_us=0 total_us=35 transfer_status=1 [23989,24002][hixl_transport.cpp:734,GetStatus]
[2026-08-24 21:01:24.197144][UC][I] [QUERY_PERF] component=ucm layer=transport_manager handle=87 transport_handle=87 transfers_lock_wait_us=0 lookup_us=0 transport_us=41 total_us=41 api_status=0 transfer_status=1 [23989,24002][transport_manager.cpp:716,GetStatus]
[2026-08-24 21:01:24.197147][UC][I] [PERF] component=transport event=transfer_done manager=127.0.0.1:8000 target=127.0.0.1:4508 handle=87 transport_handle=87 opcode=1 direct=2 segments=1 bytes=63 status=1 api_status=0 submitted_ts_us=1787576484195599 completed_ts_us=1787576484197146 manager_get_status_ts_us=1787576484197103 backend_query_ts_us=1787576484197108 submit_us=98 transfer_us=1548 manager_to_backend_query_us=5 total_us=1646 [23989,24002][transport_manager.cpp:727,GetStatus]
[2026-08-24 21:01:24.197152][UC][I] [PERF] component=drampool event=request_done request_id=5 opcode=2 peer=127.0.0.1:4508 batch_size=108 data_bytes=7962624 failed_items=0 status=SUCCESS failed_stage=NONE received_ts_us=1787576484189643 worker_started_ts_us=1787576484192442 data_transfer_submitted_ts_us=1787576484192636 data_transfer_completed_ts_us=1787576484195477 response_submitted_ts_us=1787576484195605 completed_ts_us=1787576484197150 data_tm_execute_async_ts_us=1787576484192456 data_hixl_execute_async_ts_us=1787576484192466 data_tm_get_status_ts_us=1787576484195425 data_hixl_query_handle_ts_us=1787576484195431 response_tm_execute_async_ts_us=1787576484195501 response_hixl_execute_async_ts_us=1787576484195506 response_tm_get_status_ts_us=1787576484197103 response_hixl_query_handle_ts_us=1787576484197108 request_queue_us=2799 metadata_prepare_us=14 taskworker_prepare_us=195 poller_queue_us=1622 data_transfer_us=2840 metadata_settle_us=22 response_slot_wait_us=1 response_submit_us=106 response_transfer_us=1544 data_tm_to_hixl_execute_async_us=10 data_tm_to_hixl_query_handle_us=5 response_tm_to_hixl_execute_async_us=5 response_tm_to_hixl_query_handle_us=5 total_us=7508 [23989,24002][completion_poller.cc:56,LogRequestDone]
[HIXL_QUERY_PERF] layer=comm_channel request=0x34 mutex_wait_us=0 check_us=0 lookup_us=1 flag_check_us=0 complete_us=0 total_us=1 transfer_status=1
[HIXL_QUERY_PERF] layer=adxl_inner request=0x34 context_us=1 req_lock_wait_us=0 lookup_us=0 channel_us=5 cleanup_us=0 total_us=6 status=0 transfer_status=1
[HIXL_QUERY_PERF] layer=comm_engine request=0x34 total_us=9 status=0 transfer_status=1
[2026-08-24 21:01:24.197186][UC][I] [HIXL_WORKER_PERF] task_id=290 queue_depth=1 enqueue_lock_wait_us=0 enqueue_us=0 queue_wait_us=4 execute_us=11 result_post_us=3 total_us=18 status=0 [23989,24002][hixl_instance.cpp:107,Run]
[2026-08-24 21:01:24.197190][UC][I] [QUERY_PERF] component=ucm layer=hixl_instance request=0x34 queue_wait_us=4 backend_us=11 run_post_us=8 total_us=23 api_status=0 transfer_status=1 [23989,24002][hixl_instance.cpp:370,GetTransferStatus]
[2026-08-24 21:01:24.197194][UC][I] [QUERY_PERF] component=ucm layer=hixl_transport handle=89 request=0x34 lifecycle_lock_us=0 pending_lock_wait_us=0 pending_lookup_us=0 instance_us=26 erase_us=0 total_us=26 transfer_status=1 [23989,24002][hixl_transport.cpp:734,GetStatus]
[2026-08-24 21:01:24.197197][UC][I] [QUERY_PERF] component=ucm layer=transport_manager handle=89 transport_handle=89 transfers_lock_wait_us=0 lookup_us=0 transport_us=30 total_us=30 api_status=0 transfer_status=1 [23989,24002][transport_manager.cpp:716,GetStatus]
[2026-08-24 21:01:24.197206][UC][I] [PERF] component=transport event=transfer_done manager=127.0.0.1:8000 target=127.0.0.1:4508 handle=89 transport_handle=89 opcode=1 direct=2 segments=1 bytes=63 status=1 api_status=0 submitted_ts_us=1787576484195778 completed_ts_us=1787576484197205 manager_get_status_ts_us=1787576484197166 backend_query_ts_us=1787576484197171 submit_us=103 transfer_us=1427 manager_to_backend_query_us=4 total_us=1530 [23989,24002][transport_manager.cpp:727,GetStatus]
[2026-08-24 21:01:24.197211][UC][I] [PERF] component=drampool event=request_done request_id=6 opcode=2 peer=127.0.0.1:4508 batch_size=108 data_bytes=7962624 failed_items=0 status=SUCCESS failed_stage=NONE received_ts_us=1787576484189644 worker_started_ts_us=1787576484192638 data_transfer_submitted_ts_us=1787576484192833 data_transfer_completed_ts_us=1787576484195650 response_submitted_ts_us=1787576484195782 completed_ts_us=1787576484197209 data_tm_execute_async_ts_us=1787576484192652 data_hixl_execute_async_ts_us=1787576484192661 data_tm_get_status_ts_us=1787576484195606 data_hixl_query_handle_ts_us=1787576484195612 response_tm_execute_async_ts_us=1787576484195675 response_hixl_execute_async_ts_us=1787576484195680 response_tm_get_status_ts_us=1787576484197166 response_hixl_query_handle_ts_us=1787576484197171 request_queue_us=2993 metadata_prepare_us=13 taskworker_prepare_us=196 poller_queue_us=1425 data_transfer_us=2817 metadata_settle_us=23 response_slot_wait_us=1 response_submit_us=109 response_transfer_us=1426 data_tm_to_hixl_execute_async_us=9 data_tm_to_hixl_query_handle_us=6 response_tm_to_hixl_execute_async_us=5 response_tm_to_hixl_query_handle_us=4 total_us=7564 [23989,24002][completion_poller.cc:56,LogRequestDone]
[HIXL_QUERY_PERF] layer=comm_channel request=0x27 mutex_wait_us=0 check_us=0 lookup_us=0 flag_check_us=1 complete_us=0 total_us=1 transfer_status=1
[HIXL_QUERY_PERF] layer=adxl_inner request=0x27 context_us=1 req_lock_wait_us=0 lookup_us=0 channel_us=6 cleanup_us=0 total_us=7 status=0 transfer_status=1
[HIXL_QUERY_PERF] layer=comm_engine request=0x27 total_us=10 status=0 transfer_status=1
[2026-08-24 21:01:24.197240][UC][I] [HIXL_WORKER_PERF] task_id=291 queue_depth=1 enqueue_lock_wait_us=1 enqueue_us=0 queue_wait_us=5 execute_us=12 result_post_us=4 total_us=22 status=0 [23989,24002][hixl_instance.cpp:107,Run]
[2026-08-24 21:01:24.197245][UC][I] [QUERY_PERF] component=ucm layer=hixl_instance request=0x27 queue_wait_us=6 backend_us=12 run_post_us=10 total_us=28 api_status=0 transfer_status=1 [23989,24002][hixl_instance.cpp:370,GetTransferStatus]
[2026-08-24 21:01:24.197251][UC][I] [QUERY_PERF] component=ucm layer=hixl_transport handle=91 request=0x27 lifecycle_lock_us=0 pending_lock_wait_us=0 pending_lookup_us=0 instance_us=33 erase_us=0 total_us=33 transfer_status=1 [23989,24002][hixl_transport.cpp:734,GetStatus]
[2026-08-24 21:01:24.197257][UC][I] [QUERY_PERF] component=ucm layer=transport_manager handle=91 transport_handle=91 transfers_lock_wait_us=0 lookup_us=0 transport_us=40 total_us=40 api_status=0 transfer_status=1 [23989,24002][transport_manager.cpp:716,GetStatus]
[2026-08-24 21:01:24.197266][UC][I] [PERF] component=transport event=transfer_done manager=127.0.0.1:8000 target=127.0.0.1:4505 handle=91 transport_handle=91 opcode=1 direct=2 segments=1 bytes=63 status=1 api_status=0 submitted_ts_us=1787576484196050 completed_ts_us=1787576484197265 manager_get_status_ts_us=1787576484197217 backend_query_ts_us=1787576484197223 submit_us=197 transfer_us=1216 manager_to_backend_query_us=6 total_us=1413 [23989,24002][transport_manager.cpp:727,GetStatus]
[2026-08-24 21:01:24.197272][UC][I] [PERF] component=drampool event=request_done request_id=3 opcode=2 peer=127.0.0.1:4505 batch_size=108 data_bytes=7962624 failed_items=0 status=SUCCESS failed_stage=NONE received_ts_us=1787576484189646 worker_started_ts_us=1787576484192835 data_transfer_submitted_ts_us=1787576484193042 data_transfer_completed_ts_us=1787576484195828 response_submitted_ts_us=1787576484196053 completed_ts_us=1787576484197270 data_tm_execute_async_ts_us=1787576484192848 data_hixl_execute_async_ts_us=1787576484192857 data_tm_get_status_ts_us=1787576484195783 data_hixl_query_handle_ts_us=1787576484195790 response_tm_execute_async_ts_us=1787576484195852 response_hixl_execute_async_ts_us=1787576484195949 response_tm_get_status_ts_us=1787576484197217 response_hixl_query_handle_ts_us=1787576484197223 request_queue_us=3189 metadata_prepare_us=13 taskworker_prepare_us=209 poller_queue_us=1215 data_transfer_us=2786 metadata_settle_us=23 response_slot_wait_us=0 response_submit_us=203 response_transfer_us=1216 data_tm_to_hixl_execute_async_us=9 data_tm_to_hixl_query_handle_us=7 response_tm_to_hixl_execute_async_us=97 response_tm_to_hixl_query_handle_us=6 total_us=7625 [23989,24002][completion_poller.cc:56,LogRequestDone]
[HIXL_QUERY_PERF] layer=comm_channel request=0x29 mutex_wait_us=0 check_us=0 lookup_us=0 flag_check_us=1 complete_us=0 total_us=1 transfer_status=1
[HIXL_QUERY_PERF] layer=adxl_inner request=0x29 context_us=1 req_lock_wait_us=0 lookup_us=0 channel_us=5 cleanup_us=0 total_us=6 status=0 transfer_status=1
[HIXL_QUERY_PERF] layer=comm_engine request=0x29 total_us=9 status=0 transfer_status=1
[2026-08-24 21:01:24.197300][UC][I] [HIXL_WORKER_PERF] task_id=292 queue_depth=1 enqueue_lock_wait_us=0 enqueue_us=0 queue_wait_us=5 execute_us=11 result_post_us=4 total_us=20 status=0 [23989,24002][hixl_instance.cpp:107,Run]
[2026-08-24 21:01:24.197309][UC][I] [QUERY_PERF] component=ucm layer=hixl_instance request=0x29 queue_wait_us=5 backend_us=11 run_post_us=13 total_us=29 api_status=0 transfer_status=1 [23989,24002][hixl_instance.cpp:370,GetTransferStatus]
[2026-08-24 21:01:24.197316][UC][I] [QUERY_PERF] component=ucm layer=hixl_transport handle=93 request=0x29 lifecycle_lock_us=0 pending_lock_wait_us=0 pending_lookup_us=1 instance_us=36 erase_us=0 total_us=37 transfer_status=1 [23989,24002][hixl_transport.cpp:734,GetStatus]
[2026-08-24 21:01:24.197321][UC][I] [QUERY_PERF] component=ucm layer=transport_manager handle=93 transport_handle=93 transfers_lock_wait_us=0 lookup_us=0 transport_us=42 total_us=42 api_status=0 transfer_status=1 [23989,24002][transport_manager.cpp:716,GetStatus]
[2026-08-24 21:01:24.197324][UC][I] [PERF] component=transport event=transfer_done manager=127.0.0.1:8000 target=127.0.0.1:4505 handle=93 transport_handle=93 opcode=1 direct=2 segments=1 bytes=63 status=1 api_status=0 submitted_ts_us=1787576484196340 completed_ts_us=1787576484197323 manager_get_status_ts_us=1787576484197278 backend_query_ts_us=1787576484197284 submit_us=100 transfer_us=983 manager_to_backend_query_us=6 total_us=1083 [23989,24002][transport_manager.cpp:727,GetStatus]
[2026-08-24 21:01:24.197329][UC][I] [PERF] component=drampool event=request_done request_id=4 opcode=2 peer=127.0.0.1:4505 batch_size=108 data_bytes=7962624 failed_items=0 status=SUCCESS failed_stage=NONE received_ts_us=1787576484189653 worker_started_ts_us=1787576484193044 data_transfer_submitted_ts_us=1787576484193285 data_transfer_completed_ts_us=1787576484196216 response_submitted_ts_us=1787576484196343 completed_ts_us=1787576484197327 data_tm_execute_async_ts_us=1787576484193079 data_hixl_execute_async_ts_us=1787576484193091 data_tm_get_status_ts_us=1787576484196054 data_hixl_query_handle_ts_us=1787576484196175 response_tm_execute_async_ts_us=1787576484196240 response_hixl_execute_async_ts_us=1787576484196247 response_tm_get_status_ts_us=1787576484197278 response_hixl_query_handle_ts_us=1787576484197284 request_queue_us=3391 metadata_prepare_us=33 taskworker_prepare_us=243 poller_queue_us=973 data_transfer_us=2931 metadata_settle_us=21 response_slot_wait_us=1 response_submit_us=104 response_transfer_us=984 data_tm_to_hixl_execute_async_us=12 data_tm_to_hixl_query_handle_us=122 response_tm_to_hixl_execute_async_us=8 response_tm_to_hixl_query_handle_us=6 total_us=7674 [23989,24002][completion_poller.cc:56,LogRequestDone]
[HIXL_QUERY_PERF] layer=comm_channel request=0x2a mutex_wait_us=0 check_us=0 lookup_us=0 flag_check_us=0 complete_us=1 total_us=1 transfer_status=1
[HIXL_QUERY_PERF] layer=adxl_inner request=0x2a context_us=0 req_lock_wait_us=0 lookup_us=1 channel_us=5 cleanup_us=0 total_us=6 status=0 transfer_status=1
[HIXL_QUERY_PERF] layer=comm_engine request=0x2a total_us=9 status=0 transfer_status=1
[2026-08-24 21:01:24.197360][UC][I] [HIXL_WORKER_PERF] task_id=293 queue_depth=1 enqueue_lock_wait_us=0 enqueue_us=0 queue_wait_us=4 execute_us=11 result_post_us=5 total_us=20 status=0 [23989,24002][hixl_instance.cpp:107,Run]
[2026-08-24 21:01:24.197366][UC][I] [QUERY_PERF] component=ucm layer=hixl_instance request=0x2a queue_wait_us=4 backend_us=11 run_post_us=11 total_us=26 api_status=0 transfer_status=1 [23989,24002][hixl_instance.cpp:370,GetTransferStatus]
[2026-08-24 21:01:24.197370][UC][I] [QUERY_PERF] component=ucm layer=hixl_transport handle=94 request=0x2a lifecycle_lock_us=0 pending_lock_wait_us=0 pending_lookup_us=1 instance_us=30 erase_us=0 total_us=31 transfer_status=1 [23989,24002][hixl_transport.cpp:734,GetStatus]
[2026-08-24 21:01:24.197373][UC][I] [QUERY_PERF] component=ucm layer=transport_manager handle=94 transport_handle=94 transfers_lock_wait_us=0 lookup_us=0 transport_us=35 total_us=35 api_status=0 transfer_status=1 [23989,24002][transport_manager.cpp:716,GetStatus]
[2026-08-24 21:01:24.197376][UC][I] [PERF] component=transport event=transfer_done manager=127.0.0.1:8000 target=127.0.0.1:4505 handle=94 transport_handle=94 opcode=1 direct=2 segments=1 bytes=63 status=1 api_status=0 submitted_ts_us=1787576484196494 completed_ts_us=1787576484197375 manager_get_status_ts_us=1787576484197338 backend_query_ts_us=1787576484197343 submit_us=95 transfer_us=880 manager_to_backend_query_us=5 total_us=975 [23989,24002][transport_manager.cpp:727,GetStatus]
[2026-08-24 21:01:24.197381][UC][I] [PERF] component=drampool event=request_done request_id=5 opcode=2 peer=127.0.0.1:4505 batch_size=108 data_bytes=7962624 failed_items=0 status=SUCCESS failed_stage=NONE received_ts_us=1787576484189655 worker_started_ts_us=1787576484193287 data_transfer_submitted_ts_us=1787576484193481 data_transfer_completed_ts_us=1787576484196391 response_submitted_ts_us=1787576484196498 completed_ts_us=1787576484197379 data_tm_execute_async_ts_us=1787576484193303 data_hixl_execute_async_ts_us=1787576484193313 data_tm_get_status_ts_us=1787576484196344 data_hixl_query_handle_ts_us=1787576484196351 response_tm_execute_async_ts_us=1787576484196400 response_hixl_execute_async_ts_us=1787576484196406 response_tm_get_status_ts_us=1787576484197338 response_hixl_query_handle_ts_us=1787576484197343 request_queue_us=3633 metadata_prepare_us=13 taskworker_prepare_us=194 poller_queue_us=778 data_transfer_us=2910 metadata_settle_us=7 response_slot_wait_us=1 response_submit_us=100 response_transfer_us=880 data_tm_to_hixl_execute_async_us=10 data_tm_to_hixl_query_handle_us=7 response_tm_to_hixl_execute_async_us=6 response_tm_to_hixl_query_handle_us=5 total_us=7725 [23989,24002][completion_poller.cc:56,LogRequestDone]
[HIXL_QUERY_PERF] layer=comm_channel request=0x2b mutex_wait_us=0 check_us=0 lookup_us=1 flag_check_us=0 complete_us=0 total_us=1 transfer_status=1
[HIXL_QUERY_PERF] layer=adxl_inner request=0x2b context_us=1 req_lock_wait_us=0 lookup_us=0 channel_us=6 cleanup_us=0 total_us=7 status=0 transfer_status=1
[HIXL_QUERY_PERF] layer=comm_engine request=0x2b total_us=9 status=0 transfer_status=1
[2026-08-24 21:01:24.197409][UC][I] [HIXL_WORKER_PERF] task_id=294 queue_depth=1 enqueue_lock_wait_us=1 enqueue_us=0 queue_wait_us=5 execute_us=13 result_post_us=5 total_us=24 status=0 [23989,24002][hixl_instance.cpp:107,Run]
[2026-08-24 21:01:24.197415][UC][I] [QUERY_PERF] component=ucm layer=hixl_instance request=0x2b queue_wait_us=6 backend_us=13 run_post_us=10 total_us=29 api_status=0 transfer_status=1 [23989,24002][hixl_instance.cpp:370,GetTransferStatus]
[2026-08-24 21:01:24.197419][UC][I] [QUERY_PERF] component=ucm layer=hixl_transport handle=95 request=0x2b lifecycle_lock_us=0 pending_lock_wait_us=0 pending_lookup_us=0 instance_us=33 erase_us=0 total_us=33 transfer_status=1 [23989,24002][hixl_transport.cpp:734,GetStatus]
[2026-08-24 21:01:24.197424][UC][I] [QUERY_PERF] component=ucm layer=transport_manager handle=95 transport_handle=95 transfers_lock_wait_us=0 lookup_us=0 transport_us=38 total_us=38 api_status=0 transfer_status=1 [23989,24002][transport_manager.cpp:716,GetStatus]
[2026-08-24 21:01:24.197430][UC][I] [PERF] component=transport event=transfer_done manager=127.0.0.1:8000 target=127.0.0.1:4505 handle=95 transport_handle=95 opcode=1 direct=2 segments=1 bytes=63 status=1 api_status=0 submitted_ts_us=1787576484196649 completed_ts_us=1787576484197429 manager_get_status_ts_us=1787576484197385 backend_query_ts_us=1787576484197391 submit_us=93 transfer_us=781 manager_to_backend_query_us=6 total_us=874 [23989,24002][transport_manager.cpp:727,GetStatus]
[2026-08-24 21:01:24.197436][UC][I] [PERF] component=drampool event=request_done request_id=6 opcode=2 peer=127.0.0.1:4505 batch_size=108 data_bytes=7962624 failed_items=0 status=SUCCESS failed_stage=NONE received_ts_us=1787576484189657 worker_started_ts_us=1787576484193483 data_transfer_submitted_ts_us=1787576484193698 data_transfer_completed_ts_us=1787576484196547 response_submitted_ts_us=1787576484196656 completed_ts_us=1787576484197434 data_tm_execute_async_ts_us=1787576484193518 data_hixl_execute_async_ts_us=1787576484193527 data_tm_get_status_ts_us=1787576484196499 data_hixl_query_handle_ts_us=1787576484196505 response_tm_execute_async_ts_us=1787576484196555 response_hixl_execute_async_ts_us=1787576484196561 response_tm_get_status_ts_us=1787576484197385 response_hixl_query_handle_ts_us=1787576484197391 request_queue_us=3825 metadata_prepare_us=34 taskworker_prepare_us=216 poller_queue_us=561 data_transfer_us=2849 metadata_settle_us=7 response_slot_wait_us=0 response_submit_us=102 response_transfer_us=778 data_tm_to_hixl_execute_async_us=9 data_tm_to_hixl_query_handle_us=6 response_tm_to_hixl_execute_async_us=6 response_tm_to_hixl_query_handle_us=6 total_us=7776 [23989,24002][completion_poller.cc:56,LogRequestDone]
[HIXL_QUERY_PERF] layer=comm_channel request=0x35 mutex_wait_us=0 check_us=0 lookup_us=0 flag_check_us=0 complete_us=1 total_us=1 transfer_status=1
[HIXL_QUERY_PERF] layer=adxl_inner request=0x35 context_us=1 req_lock_wait_us=0 lookup_us=1 channel_us=5 cleanup_us=0 total_us=7 status=0 transfer_status=1
[HIXL_QUERY_PERF] layer=comm_engine request=0x35 total_us=10 status=0 transfer_status=1
[2026-08-24 21:01:24.197464][UC][I] [HIXL_WORKER_PERF] task_id=295 queue_depth=1 enqueue_lock_wait_us=0 enqueue_us=0 queue_wait_us=4 execute_us=11 result_post_us=4 total_us=19 status=0 [23989,24002][hixl_instance.cpp:107,Run]
[2026-08-24 21:01:24.197469][UC][I] [QUERY_PERF] component=ucm layer=hixl_instance request=0x35 queue_wait_us=4 backend_us=11 run_post_us=10 total_us=25 api_status=0 transfer_status=1 [23989,24002][hixl_instance.cpp:370,GetTransferStatus]
[2026-08-24 21:01:24.197475][UC][I] [QUERY_PERF] component=ucm layer=hixl_transport handle=96 request=0x35 lifecycle_lock_us=1 pending_lock_wait_us=0 pending_lookup_us=0 instance_us=30 erase_us=0 total_us=31 transfer_status=1 [23989,24002][hixl_transport.cpp:734,GetStatus]
[2026-08-24 21:01:24.197481][UC][I] [QUERY_PERF] component=ucm layer=transport_manager handle=96 transport_handle=96 transfers_lock_wait_us=0 lookup_us=0 transport_us=37 total_us=37 api_status=0 transfer_status=1 [23989,24002][transport_manager.cpp:716,GetStatus]
[2026-08-24 21:01:24.197488][UC][I] [PERF] component=transport event=transfer_done manager=127.0.0.1:8000 target=127.0.0.1:4506 handle=96 transport_handle=96 opcode=1 direct=2 segments=1 bytes=63 status=1 api_status=0 submitted_ts_us=1787576484196811 completed_ts_us=1787576484197487 manager_get_status_ts_us=1787576484197443 backend_query_ts_us=1787576484197448 submit_us=100 transfer_us=676 manager_to_backend_query_us=5 total_us=776 [23989,24002][transport_manager.cpp:727,GetStatus]
[2026-08-24 21:01:24.197497][UC][I] [PERF] component=drampool event=request_done request_id=3 opcode=2 peer=127.0.0.1:4506 batch_size=108 data_bytes=7962624 failed_items=0 status=SUCCESS failed_stage=NONE received_ts_us=1787576484189660 worker_started_ts_us=1787576484193700 data_transfer_submitted_ts_us=1787576484193956 data_transfer_completed_ts_us=1787576484196702 response_submitted_ts_us=1787576484196816 completed_ts_us=1787576484197495 data_tm_execute_async_ts_us=1787576484193734 data_hixl_execute_async_ts_us=1787576484193743 data_tm_get_status_ts_us=1787576484196657 data_hixl_query_handle_ts_us=1787576484196664 response_tm_execute_async_ts_us=1787576484196711 response_hixl_execute_async_ts_us=1787576484196716 response_tm_get_status_ts_us=1787576484197443 response_hixl_query_handle_ts_us=1787576484197448 request_queue_us=4039 metadata_prepare_us=33 taskworker_prepare_us=257 poller_queue_us=303 data_transfer_us=2745 metadata_settle_us=7 response_slot_wait_us=1 response_submit_us=106 response_transfer_us=679 data_tm_to_hixl_execute_async_us=9 data_tm_to_hixl_query_handle_us=7 response_tm_to_hixl_execute_async_us=5 response_tm_to_hixl_query_handle_us=5 total_us=7835 [23989,24002][completion_poller.cc:56,LogRequestDone]
[HIXL_QUERY_PERF] layer=comm_channel request=0x36 mutex_wait_us=0 check_us=0 lookup_us=0 flag_check_us=0 complete_us=1 total_us=1 transfer_status=1
[HIXL_QUERY_PERF] layer=adxl_inner request=0x36 context_us=0 req_lock_wait_us=0 lookup_us=1 channel_us=4 cleanup_us=0 total_us=5 status=0 transfer_status=1
[HIXL_QUERY_PERF] layer=comm_engine request=0x36 total_us=8 status=0 transfer_status=1
[2026-08-24 21:01:24.197532][UC][I] [HIXL_WORKER_PERF] task_id=296 queue_depth=1 enqueue_lock_wait_us=0 enqueue_us=0 queue_wait_us=6 execute_us=10 result_post_us=6 total_us=22 status=0 [23989,24002][hixl_instance.cpp:107,Run]
[2026-08-24 21:01:24.197537][UC][I] [QUERY_PERF] component=ucm layer=hixl_instance request=0x36 queue_wait_us=6 backend_us=10 run_post_us=11 total_us=27 api_status=0 transfer_status=1 [23989,24002][hixl_instance.cpp:370,GetTransferStatus]
[2026-08-24 21:01:24.197541][UC][I] [QUERY_PERF] component=ucm layer=hixl_transport handle=97 request=0x36 lifecycle_lock_us=0 pending_lock_wait_us=0 pending_lookup_us=0 instance_us=31 erase_us=0 total_us=31 transfer_status=1 [23989,24002][hixl_transport.cpp:734,GetStatus]
[2026-08-24 21:01:24.197544][UC][I] [QUERY_PERF] component=ucm layer=transport_manager handle=97 transport_handle=97 transfers_lock_wait_us=0 lookup_us=0 transport_us=35 total_us=35 api_status=0 transfer_status=1 [23989,24002][transport_manager.cpp:716,GetStatus]
[2026-08-24 21:01:24.197550][UC][I] [PERF] component=transport event=transfer_done manager=127.0.0.1:8000 target=127.0.0.1:4506 handle=97 transport_handle=97 opcode=1 direct=2 segments=1 bytes=63 status=1 api_status=0 submitted_ts_us=1787576484196973 completed_ts_us=1787576484197549 manager_get_status_ts_us=1787576484197509 backend_query_ts_us=1787576484197516 submit_us=104 transfer_us=575 manager_to_backend_query_us=7 total_us=679 [23989,24002][transport_manager.cpp:727,GetStatus]
[2026-08-24 21:01:24.197558][UC][I] [PERF] component=drampool event=request_done request_id=4 opcode=2 peer=127.0.0.1:4506 batch_size=108 data_bytes=7962624 failed_items=0 status=SUCCESS failed_stage=NONE received_ts_us=1787576484189663 worker_started_ts_us=1787576484193958 data_transfer_submitted_ts_us=1787576484194172 data_transfer_completed_ts_us=1787576484196861 response_submitted_ts_us=1787576484196980 completed_ts_us=1787576484197556 data_tm_execute_async_ts_us=1787576484193994 data_hixl_execute_async_ts_us=1787576484194003 data_tm_get_status_ts_us=1787576484196817 data_hixl_query_handle_ts_us=1787576484196822 response_tm_execute_async_ts_us=1787576484196869 response_hixl_execute_async_ts_us=1787576484196875 response_tm_get_status_ts_us=1787576484197509 response_hixl_query_handle_ts_us=1787576484197516 request_queue_us=4295 metadata_prepare_us=35 taskworker_prepare_us=215 poller_queue_us=88 data_transfer_us=2689 metadata_settle_us=7 response_slot_wait_us=0 response_submit_us=113 response_transfer_us=575 data_tm_to_hixl_execute_async_us=9 data_tm_to_hixl_query_handle_us=5 response_tm_to_hixl_execute_async_us=6 response_tm_to_hixl_query_handle_us=7 total_us=7894 [23989,24002][completion_poller.cc:56,LogRequestDone]
[HIXL_QUERY_PERF] layer=comm_channel request=0x2c mutex_wait_us=0 check_us=0 lookup_us=0 flag_check_us=0 complete_us=1 total_us=1 transfer_status=1
[HIXL_QUERY_PERF] layer=adxl_inner request=0x2c context_us=1 req_lock_wait_us=0 lookup_us=1 channel_us=4 cleanup_us=0 total_us=6 status=0 transfer_status=1
[HIXL_QUERY_PERF] layer=comm_engine request=0x2c total_us=8 status=0 transfer_status=1
[2026-08-24 21:01:24.197585][UC][I] [HIXL_WORKER_PERF] task_id=297 queue_depth=1 enqueue_lock_wait_us=0 enqueue_us=0 queue_wait_us=4 execute_us=10 result_post_us=3 total_us=17 status=0 [23989,24002][hixl_instance.cpp:107,Run]
[2026-08-24 21:01:24.197591][UC][I] [QUERY_PERF] component=ucm layer=hixl_instance request=0x2c queue_wait_us=4 backend_us=10 run_post_us=10 total_us=24 api_status=0 transfer_status=1 [23989,24002][hixl_instance.cpp:370,GetTransferStatus]
[2026-08-24 21:01:24.197597][UC][I] [QUERY_PERF] component=ucm layer=hixl_transport handle=78 request=0x2c lifecycle_lock_us=0 pending_lock_wait_us=0 pending_lookup_us=0 instance_us=29 erase_us=0 total_us=29 transfer_status=1 [23989,24002][hixl_transport.cpp:734,GetStatus]
[2026-08-24 21:01:24.197602][UC][I] [QUERY_PERF] component=ucm layer=transport_manager handle=78 transport_handle=78 transfers_lock_wait_us=1 lookup_us=0 transport_us=35 total_us=36 api_status=0 transfer_status=1 [23989,24002][transport_manager.cpp:716,GetStatus]
[2026-08-24 21:01:24.197609][UC][I] [PERF] component=transport event=transfer_done manager=127.0.0.1:8000 target=127.0.0.1:4506 handle=78 transport_handle=78 opcode=1 direct=2 segments=108 bytes=7962624 status=1 api_status=0 submitted_ts_us=1787576484194398 completed_ts_us=1787576484197608 manager_get_status_ts_us=1787576484197566 backend_query_ts_us=1787576484197571 submit_us=182 transfer_us=3210 manager_to_backend_query_us=5 total_us=3392 [23989,24002][transport_manager.cpp:727,GetStatus]
[HIXL_PERF] event=hccl_batch op=1 desc_num=1 hccl_us=54 status=0
[HIXL_PERF] event=issue_hccl_batch op=1 list_num=1 total_us=61
[HIXL_PERF] event=issue_async_host_flag op=1 list_num=1 context_us=1 hccl_issue_us=63 flag_memcpy_us=5 total_us=69
[HIXL_PERF] event=comm_channel_async op=1 list_num=1 mutex_wait_us=0 slot_us=0 host_flag_us=0 record_us=0 issue_us=71 total_us=71
[HIXL_PERF] event=adxl_inner_async op=1 list_num=1 context_us=0 connect_us=0 get_channel_us=1 channel_async_us=72 tail_us=1 total_us=74
[HIXL_PERF] event=comm_engine_async op=1 list_num=1 desc_build_us=0 inner_us=76 total_us=76 status=0
[2026-08-24 21:01:24.197711][UC][I] [HIXL_WORKER_PERF] task_id=298 queue_depth=1 enqueue_lock_wait_us=0 enqueue_us=0 queue_wait_us=4 execute_us=79 result_post_us=5 total_us=88 status=0 [23989,24002][hixl_instance.cpp:107,Run]
[2026-08-24 21:01:24.197716][UC][I] [PERF] component=transport event=transfer_submitted manager=127.0.0.1:8000 target=127.0.0.1:4506 handle=98 transport_handle=98 opcode=1 direct=2 segments=1 bytes=63 submitted_ts_us=1787576484197716 manager_execute_async_ts_us=1787576484197621 backend_execute_async_ts_us=1787576484197626 manager_to_backend_execute_async_us=5 submit_us=95 [23989,24002][transport_manager.cpp:674,ExecuteAsync]
[HIXL_QUERY_PERF] layer=comm_channel request=0x2d mutex_wait_us=0 check_us=0 lookup_us=1 flag_check_us=0 complete_us=1 total_us=2 transfer_status=1
[HIXL_QUERY_PERF] layer=adxl_inner request=0x2d context_us=1 req_lock_wait_us=0 lookup_us=0 channel_us=4 cleanup_us=1 total_us=6 status=0 transfer_status=1
[HIXL_QUERY_PERF] layer=comm_engine request=0x2d total_us=8 status=0 transfer_status=1
[2026-08-24 21:01:24.197738][UC][I] [HIXL_WORKER_PERF] task_id=299 queue_depth=1 enqueue_lock_wait_us=0 enqueue_us=0 queue_wait_us=5 execute_us=9 result_post_us=4 total_us=18 status=0 [23989,24002][hixl_instance.cpp:107,Run]
[2026-08-24 21:01:24.197742][UC][I] [QUERY_PERF] component=ucm layer=hixl_instance request=0x2d queue_wait_us=5 backend_us=9 run_post_us=8 total_us=22 api_status=0 transfer_status=1 [23989,24002][hixl_instance.cpp:370,GetTransferStatus]
[2026-08-24 21:01:24.197747][UC][I] [QUERY_PERF] component=ucm layer=hixl_transport handle=79 request=0x2d lifecycle_lock_us=0 pending_lock_wait_us=0 pending_lookup_us=0 instance_us=26 erase_us=0 total_us=26 transfer_status=1 [23989,24002][hixl_transport.cpp:734,GetStatus]
[2026-08-24 21:01:24.197750][UC][I] [QUERY_PERF] component=ucm layer=transport_manager handle=79 transport_handle=79 transfers_lock_wait_us=0 lookup_us=0 transport_us=30 total_us=30 api_status=0 transfer_status=1 [23989,24002][transport_manager.cpp:716,GetStatus]
[2026-08-24 21:01:24.197753][UC][I] [PERF] component=transport event=transfer_done manager=127.0.0.1:8000 target=127.0.0.1:4506 handle=79 transport_handle=79 opcode=1 direct=2 segments=108 bytes=7962624 status=1 api_status=0 submitted_ts_us=1787576484194574 completed_ts_us=1787576484197752 manager_get_status_ts_us=1787576484197719 backend_query_ts_us=1787576484197725 submit_us=150 transfer_us=3178 manager_to_backend_query_us=5 total_us=3328 [23989,24002][transport_manager.cpp:727,GetStatus]
[HIXL_PERF] event=hccl_batch op=1 desc_num=1 hccl_us=53 status=0
[HIXL_PERF] event=issue_hccl_batch op=1 list_num=1 total_us=59
[HIXL_PERF] event=issue_async_host_flag op=1 list_num=1 context_us=0 hccl_issue_us=62 flag_memcpy_us=4 total_us=66
[HIXL_PERF] event=comm_channel_async op=1 list_num=1 mutex_wait_us=0 slot_us=0 host_flag_us=0 record_us=1 issue_us=70 total_us=71
[HIXL_PERF] event=adxl_inner_async op=1 list_num=1 context_us=0 connect_us=0 get_channel_us=1 channel_async_us=77 tail_us=0 total_us=78
[HIXL_PERF] event=comm_engine_async op=1 list_num=1 desc_build_us=0 inner_us=83 total_us=83 status=0
[2026-08-24 21:01:24.197863][UC][I] [HIXL_WORKER_PERF] task_id=300 queue_depth=1 enqueue_lock_wait_us=0 enqueue_us=0 queue_wait_us=5 execute_us=88 result_post_us=4 total_us=97 status=0 [23989,24002][hixl_instance.cpp:107,Run]
[2026-08-24 21:01:24.197871][UC][I] [PERF] component=transport event=transfer_submitted manager=127.0.0.1:8000 target=127.0.0.1:4506 handle=99 transport_handle=99 opcode=1 direct=2 segments=1 bytes=63 submitted_ts_us=1787576484197870 manager_execute_async_ts_us=1787576484197764 backend_execute_async_ts_us=1787576484197770 manager_to_backend_execute_async_us=6 submit_us=106 [23989,24002][transport_manager.cpp:674,ExecuteAsync]
[HIXL_QUERY_PERF] layer=comm_channel request=0x2e mutex_wait_us=0 check_us=0 lookup_us=0 flag_check_us=0 complete_us=3 total_us=3 transfer_status=1
[HIXL_QUERY_PERF] layer=adxl_inner request=0x2e context_us=0 req_lock_wait_us=0 lookup_us=1 channel_us=6 cleanup_us=1 total_us=8 status=0 transfer_status=1
[HIXL_QUERY_PERF] layer=comm_engine request=0x2e total_us=10 status=0 transfer_status=1
[2026-08-24 21:01:24.197897][UC][I] [HIXL_WORKER_PERF] task_id=301 queue_depth=1 enqueue_lock_wait_us=0 enqueue_us=0 queue_wait_us=4 execute_us=12 result_post_us=5 total_us=21 status=0 [23989,24002][hixl_instance.cpp:107,Run]
[2026-08-24 21:01:24.197901][UC][I] [QUERY_PERF] component=ucm layer=hixl_instance request=0x2e queue_wait_us=4 backend_us=12 run_post_us=9 total_us=25 api_status=0 transfer_status=1 [23989,24002][hixl_instance.cpp:370,GetTransferStatus]
[2026-08-24 21:01:24.197905][UC][I] [QUERY_PERF] component=ucm layer=hixl_transport handle=80 request=0x2e lifecycle_lock_us=1 pending_lock_wait_us=0 pending_lookup_us=0 instance_us=28 erase_us=0 total_us=29 transfer_status=1 [23989,24002][hixl_transport.cpp:734,GetStatus]
[2026-08-24 21:01:24.197907][UC][I] [QUERY_PERF] component=ucm layer=transport_manager handle=80 transport_handle=80 transfers_lock_wait_us=0 lookup_us=0 transport_us=32 total_us=32 api_status=0 transfer_status=1 [23989,24002][transport_manager.cpp:716,GetStatus]
[2026-08-24 21:01:24.197914][UC][I] [PERF] component=transport event=transfer_done manager=127.0.0.1:8000 target=127.0.0.1:4503 handle=80 transport_handle=80 opcode=1 direct=2 segments=108 bytes=7962624 status=1 api_status=0 submitted_ts_us=1787576484194758 completed_ts_us=1787576484197913 manager_get_status_ts_us=1787576484197875 backend_query_ts_us=1787576484197880 submit_us=159 transfer_us=3155 manager_to_backend_query_us=5 total_us=3314 [23989,24002][transport_manager.cpp:727,GetStatus]
[HIXL_PERF] event=hccl_batch op=1 desc_num=1 hccl_us=65 status=0
[HIXL_PERF] event=issue_hccl_batch op=1 list_num=1 total_us=73
[HIXL_PERF] event=issue_async_host_flag op=1 list_num=1 context_us=0 hccl_issue_us=75 flag_memcpy_us=5 total_us=80
[HIXL_PERF] event=comm_channel_async op=1 list_num=1 mutex_wait_us=0 slot_us=0 host_flag_us=0 record_us=1 issue_us=84 total_us=85
[HIXL_PERF] event=adxl_inner_async op=1 list_num=1 context_us=0 connect_us=0 get_channel_us=1 channel_async_us=89 tail_us=1 total_us=91
[HIXL_PERF] event=comm_engine_async op=1 list_num=1 desc_build_us=0 inner_us=95 total_us=95 status=0
[2026-08-24 21:01:24.198039][UC][I] [HIXL_WORKER_PERF] task_id=302 queue_depth=1 enqueue_lock_wait_us=0 enqueue_us=0 queue_wait_us=4 execute_us=103 result_post_us=4 total_us=111 status=0 [23989,24002][hixl_instance.cpp:107,Run]
[2026-08-24 21:01:24.198046][UC][I] [PERF] component=transport event=transfer_submitted manager=127.0.0.1:8000 target=127.0.0.1:4503 handle=100 transport_handle=100 opcode=1 direct=2 segments=1 bytes=63 submitted_ts_us=1787576484198045 manager_execute_async_ts_us=1787576484197927 backend_execute_async_ts_us=1787576484197932 manager_to_backend_execute_async_us=5 submit_us=118 [23989,24002][transport_manager.cpp:674,ExecuteAsync]
[HIXL_QUERY_PERF] layer=comm_channel request=0x2f mutex_wait_us=0 check_us=0 lookup_us=0 flag_check_us=1 complete_us=1 total_us=2 transfer_status=1
[HIXL_QUERY_PERF] layer=adxl_inner request=0x2f context_us=0 req_lock_wait_us=0 lookup_us=1 channel_us=7 cleanup_us=0 total_us=8 status=0 transfer_status=1
[HIXL_QUERY_PERF] layer=comm_engine request=0x2f total_us=11 status=0 transfer_status=1
[2026-08-24 21:01:24.198075][UC][I] [HIXL_WORKER_PERF] task_id=303 queue_depth=1 enqueue_lock_wait_us=0 enqueue_us=0 queue_wait_us=4 execute_us=15 result_post_us=3 total_us=22 status=0 [23989,24002][hixl_instance.cpp:107,Run]
[2026-08-24 21:01:24.198079][UC][I] [QUERY_PERF] component=ucm layer=hixl_instance request=0x2f queue_wait_us=4 backend_us=14 run_post_us=8 total_us=26 api_status=0 transfer_status=1 [23989,24002][hixl_instance.cpp:370,GetTransferStatus]
[2026-08-24 21:01:24.198082][UC][I] [QUERY_PERF] component=ucm layer=hixl_transport handle=81 request=0x2f lifecycle_lock_us=0 pending_lock_wait_us=0 pending_lookup_us=0 instance_us=29 erase_us=0 total_us=29 transfer_status=1 [23989,24002][hixl_transport.cpp:734,GetStatus]
[2026-08-24 21:01:24.198088][UC][I] [QUERY_PERF] component=ucm layer=transport_manager handle=81 transport_handle=81 transfers_lock_wait_us=1 lookup_us=0 transport_us=35 total_us=36 api_status=0 transfer_status=1 [23989,24002][transport_manager.cpp:716,GetStatus]
[2026-08-24 21:01:24.198093][UC][I] [PERF] component=transport event=transfer_done manager=127.0.0.1:8000 target=127.0.0.1:4503 handle=81 transport_handle=81 opcode=1 direct=2 segments=108 bytes=7962624 status=1 api_status=0 submitted_ts_us=1787576484194967 completed_ts_us=1787576484198092 manager_get_status_ts_us=1787576484198051 backend_query_ts_us=1787576484198056 submit_us=179 transfer_us=3125 manager_to_backend_query_us=5 total_us=3304 [23989,24002][transport_manager.cpp:727,GetStatus]
[HIXL_PERF] event=hccl_batch op=1 desc_num=1 hccl_us=55 status=0
[HIXL_PERF] event=issue_hccl_batch op=1 list_num=1 total_us=63
[HIXL_PERF] event=issue_async_host_flag op=1 list_num=1 context_us=1 hccl_issue_us=66 flag_memcpy_us=4 total_us=71
[HIXL_PERF] event=comm_channel_async op=1 list_num=1 mutex_wait_us=0 slot_us=0 host_flag_us=0 record_us=0 issue_us=73 total_us=73
[HIXL_PERF] event=adxl_inner_async op=1 list_num=1 context_us=0 connect_us=0 get_channel_us=1 channel_async_us=75 tail_us=0 total_us=76
[HIXL_PERF] event=comm_engine_async op=1 list_num=1 desc_build_us=0 inner_us=79 total_us=79 status=0
[2026-08-24 21:01:24.198199][UC][I] [HIXL_WORKER_PERF] task_id=304 queue_depth=1 enqueue_lock_wait_us=0 enqueue_us=0 queue_wait_us=4 execute_us=83 result_post_us=4 total_us=91 status=0 [23989,24002][hixl_instance.cpp:107,Run]
[2026-08-24 21:01:24.198206][UC][I] [PERF] component=transport event=transfer_submitted manager=127.0.0.1:8000 target=127.0.0.1:4503 handle=101 transport_handle=101 opcode=1 direct=2 segments=1 bytes=63 submitted_ts_us=1787576484198205 manager_execute_async_ts_us=1787576484198107 backend_execute_async_ts_us=1787576484198112 manager_to_backend_execute_async_us=5 submit_us=99 [23989,24002][transport_manager.cpp:674,ExecuteAsync]
[HIXL_QUERY_PERF] layer=comm_channel request=0x30 mutex_wait_us=0 check_us=1 lookup_us=0 flag_check_us=0 complete_us=1 total_us=2 transfer_status=1
[HIXL_QUERY_PERF] layer=adxl_inner request=0x30 context_us=1 req_lock_wait_us=0 lookup_us=0 channel_us=5 cleanup_us=1 total_us=7 status=0 transfer_status=1
[HIXL_QUERY_PERF] layer=comm_engine request=0x30 total_us=9 status=0 transfer_status=1
[2026-08-24 21:01:24.198230][UC][I] [HIXL_WORKER_PERF] task_id=305 queue_depth=1 enqueue_lock_wait_us=0 enqueue_us=1 queue_wait_us=4 execute_us=10 result_post_us=4 total_us=19 status=0 [23989,24002][hixl_instance.cpp:107,Run]
[2026-08-24 21:01:24.198234][UC][I] [QUERY_PERF] component=ucm layer=hixl_instance request=0x30 queue_wait_us=5 backend_us=10 run_post_us=9 total_us=24 api_status=0 transfer_status=1 [23989,24002][hixl_instance.cpp:370,GetTransferStatus]
[2026-08-24 21:01:24.198238][UC][I] [QUERY_PERF] component=ucm layer=hixl_transport handle=82 request=0x30 lifecycle_lock_us=0 pending_lock_wait_us=0 pending_lookup_us=0 instance_us=27 erase_us=0 total_us=27 transfer_status=1 [23989,24002][hixl_transport.cpp:734,GetStatus]
[2026-08-24 21:01:24.198244][UC][I] [QUERY_PERF] component=ucm layer=transport_manager handle=82 transport_handle=82 transfers_lock_wait_us=0 lookup_us=0 transport_us=34 total_us=34 api_status=0 transfer_status=1 [23989,24002][transport_manager.cpp:716,GetStatus]
[2026-08-24 21:01:24.198249][UC][I] [PERF] component=transport event=transfer_done manager=127.0.0.1:8000 target=127.0.0.1:4503 handle=82 transport_handle=82 opcode=1 direct=2 segments=108 bytes=7962624 status=1 api_status=0 submitted_ts_us=1787576484195139 completed_ts_us=1787576484198248 manager_get_status_ts_us=1787576484198210 backend_query_ts_us=1787576484198215 submit_us=140 transfer_us=3109 manager_to_backend_query_us=5 total_us=3249 [23989,24002][transport_manager.cpp:727,GetStatus]
[HIXL_PERF] event=hccl_batch op=1 desc_num=1 hccl_us=52 status=0
[HIXL_PERF] event=issue_hccl_batch op=1 list_num=1 total_us=57
[HIXL_PERF] event=issue_async_host_flag op=1 list_num=1 context_us=0 hccl_issue_us=59 flag_memcpy_us=4 total_us=63
[HIXL_PERF] event=comm_channel_async op=1 list_num=1 mutex_wait_us=0 slot_us=0 host_flag_us=0 record_us=0 issue_us=65 total_us=65
[HIXL_PERF] event=adxl_inner_async op=1 list_num=1 context_us=0 connect_us=0 get_channel_us=1 channel_async_us=68 tail_us=0 total_us=69
[HIXL_PERF] event=comm_engine_async op=1 list_num=1 desc_build_us=1 inner_us=72 total_us=73 status=0
[2026-08-24 21:01:24.198350][UC][I] [HIXL_WORKER_PERF] task_id=306 queue_depth=1 enqueue_lock_wait_us=1 enqueue_us=0 queue_wait_us=3 execute_us=81 result_post_us=4 total_us=89 status=0 [23989,24002][hixl_instance.cpp:107,Run]
[2026-08-24 21:01:24.198356][UC][I] [PERF] component=transport event=transfer_submitted manager=127.0.0.1:8000 target=127.0.0.1:4503 handle=102 transport_handle=102 opcode=1 direct=2 segments=1 bytes=63 submitted_ts_us=1787576484198355 manager_execute_async_ts_us=1787576484198260 backend_execute_async_ts_us=1787576484198265 manager_to_backend_execute_async_us=5 submit_us=94 [23989,24002][transport_manager.cpp:674,ExecuteAsync]
[HIXL_QUERY_PERF] layer=comm_channel request=0x31 mutex_wait_us=0 check_us=0 lookup_us=0 flag_check_us=0 complete_us=1 total_us=1 transfer_status=1
[HIXL_QUERY_PERF] layer=adxl_inner request=0x31 context_us=1 req_lock_wait_us=0 lookup_us=1 channel_us=4 cleanup_us=0 total_us=6 status=0 transfer_status=1
[HIXL_QUERY_PERF] layer=comm_engine request=0x31 total_us=10 status=0 transfer_status=1
[2026-08-24 21:01:24.198380][UC][I] [HIXL_WORKER_PERF] task_id=307 queue_depth=1 enqueue_lock_wait_us=1 enqueue_us=0 queue_wait_us=4 execute_us=11 result_post_us=4 total_us=20 status=0 [23989,24002][hixl_instance.cpp:107,Run]
[2026-08-24 21:01:24.198386][UC][I] [QUERY_PERF] component=ucm layer=hixl_instance request=0x31 queue_wait_us=5 backend_us=11 run_post_us=9 total_us=25 api_status=0 transfer_status=1 [23989,24002][hixl_instance.cpp:370,GetTransferStatus]
[2026-08-24 21:01:24.198389][UC][I] [QUERY_PERF] component=ucm layer=hixl_transport handle=84 request=0x31 lifecycle_lock_us=0 pending_lock_wait_us=0 pending_lookup_us=0 instance_us=28 erase_us=0 total_us=28 transfer_status=1 [23989,24002][hixl_transport.cpp:734,GetStatus]
[2026-08-24 21:01:24.198392][UC][I] [QUERY_PERF] component=ucm layer=transport_manager handle=84 transport_handle=84 transfers_lock_wait_us=0 lookup_us=0 transport_us=32 total_us=32 api_status=0 transfer_status=1 [23989,24002][transport_manager.cpp:716,GetStatus]
[2026-08-24 21:01:24.198396][UC][I] [PERF] component=transport event=transfer_done manager=127.0.0.1:8000 target=127.0.0.1:4503 handle=84 transport_handle=84 opcode=1 direct=2 segments=108 bytes=7962624 status=1 api_status=0 submitted_ts_us=1787576484195328 completed_ts_us=1787576484198395 manager_get_status_ts_us=1787576484198360 backend_query_ts_us=1787576484198365 submit_us=143 transfer_us=3066 manager_to_backend_query_us=5 total_us=3209 [23989,24002][transport_manager.cpp:727,GetStatus]
[HIXL_PERF] event=hccl_batch op=1 desc_num=1 hccl_us=64 status=0
[HIXL_PERF] event=issue_hccl_batch op=1 list_num=1 total_us=70
[HIXL_PERF] event=issue_async_host_flag op=1 list_num=1 context_us=0 hccl_issue_us=72 flag_memcpy_us=5 total_us=77
[HIXL_PERF] event=comm_channel_async op=1 list_num=1 mutex_wait_us=0 slot_us=0 host_flag_us=0 record_us=0 issue_us=81 total_us=81
[HIXL_PERF] event=adxl_inner_async op=1 list_num=1 context_us=0 connect_us=0 get_channel_us=1 channel_async_us=83 tail_us=0 total_us=84
[HIXL_PERF] event=comm_engine_async op=1 list_num=1 desc_build_us=1 inner_us=86 total_us=87 status=0
[2026-08-24 21:01:24.198508][UC][I] [HIXL_WORKER_PERF] task_id=308 queue_depth=1 enqueue_lock_wait_us=1 enqueue_us=0 queue_wait_us=4 execute_us=90 result_post_us=4 total_us=99 status=0 [23989,24002][hixl_instance.cpp:107,Run]
[2026-08-24 21:01:24.198513][UC][I] [PERF] component=transport event=transfer_submitted manager=127.0.0.1:8000 target=127.0.0.1:4503 handle=103 transport_handle=103 opcode=1 direct=2 segments=1 bytes=63 submitted_ts_us=1787576484198512 manager_execute_async_ts_us=1787576484198407 backend_execute_async_ts_us=1787576484198413 manager_to_backend_execute_async_us=5 submit_us=104 [23989,24002][transport_manager.cpp:674,ExecuteAsync]
[HIXL_QUERY_PERF] layer=comm_channel request=0x24 mutex_wait_us=0 check_us=0 lookup_us=0 flag_check_us=0 complete_us=1 total_us=1 transfer_status=1
[HIXL_QUERY_PERF] layer=adxl_inner request=0x24 context_us=1 req_lock_wait_us=0 lookup_us=1 channel_us=6 cleanup_us=1 total_us=9 status=0 transfer_status=1
[HIXL_QUERY_PERF] layer=comm_engine request=0x24 total_us=11 status=0 transfer_status=1
[2026-08-24 21:01:24.198542][UC][I] [HIXL_WORKER_PERF] task_id=309 queue_depth=1 enqueue_lock_wait_us=1 enqueue_us=0 queue_wait_us=6 execute_us=13 result_post_us=5 total_us=25 status=0 [23989,24002][hixl_instance.cpp:107,Run]
[2026-08-24 21:01:24.198547][UC][I] [QUERY_PERF] component=ucm layer=hixl_instance request=0x24 queue_wait_us=7 backend_us=13 run_post_us=9 total_us=29 api_status=0 transfer_status=1 [23989,24002][hixl_instance.cpp:370,GetTransferStatus]
[2026-08-24 21:01:24.198553][UC][I] [QUERY_PERF] component=ucm layer=hixl_transport handle=86 request=0x24 lifecycle_lock_us=0 pending_lock_wait_us=0 pending_lookup_us=0 instance_us=35 erase_us=0 total_us=35 transfer_status=1 [23989,24002][hixl_transport.cpp:734,GetStatus]
[2026-08-24 21:01:24.198557][UC][I] [QUERY_PERF] component=ucm layer=transport_manager handle=86 transport_handle=86 transfers_lock_wait_us=0 lookup_us=0 transport_us=39 total_us=39 api_status=0 transfer_status=1 [23989,24002][transport_manager.cpp:716,GetStatus]
[2026-08-24 21:01:24.198562][UC][I] [PERF] component=transport event=transfer_done manager=127.0.0.1:8000 target=127.0.0.1:4504 handle=86 transport_handle=86 opcode=1 direct=2 segments=108 bytes=7962624 status=1 api_status=0 submitted_ts_us=1787576484195558 completed_ts_us=1787576484198561 manager_get_status_ts_us=1787576484198517 backend_query_ts_us=1787576484198524 submit_us=180 transfer_us=3002 manager_to_backend_query_us=7 total_us=3182 [23989,24002][transport_manager.cpp:727,GetStatus]
[HIXL_PERF] event=hccl_batch op=1 desc_num=1 hccl_us=54 status=0
[HIXL_PERF] event=issue_hccl_batch op=1 list_num=1 total_us=59
[HIXL_PERF] event=issue_async_host_flag op=1 list_num=1 context_us=0 hccl_issue_us=61 flag_memcpy_us=4 total_us=65
[HIXL_PERF] event=comm_channel_async op=1 list_num=1 mutex_wait_us=0 slot_us=1 host_flag_us=0 record_us=0 issue_us=68 total_us=69
[HIXL_PERF] event=adxl_inner_async op=1 list_num=1 context_us=1 connect_us=0 get_channel_us=0 channel_async_us=71 tail_us=0 total_us=72
[HIXL_PERF] event=comm_engine_async op=1 list_num=1 desc_build_us=0 inner_us=74 total_us=74 status=0
[2026-08-24 21:01:24.198666][UC][I] [HIXL_WORKER_PERF] task_id=310 queue_depth=1 enqueue_lock_wait_us=0 enqueue_us=0 queue_wait_us=4 execute_us=82 result_post_us=5 total_us=91 status=0 [23989,24002][hixl_instance.cpp:107,Run]
[2026-08-24 21:01:24.198671][UC][I] [PERF] component=transport event=transfer_submitted manager=127.0.0.1:8000 target=127.0.0.1:4504 handle=104 transport_handle=104 opcode=1 direct=2 segments=1 bytes=63 submitted_ts_us=1787576484198671 manager_execute_async_ts_us=1787576484198573 backend_execute_async_ts_us=1787576484198579 manager_to_backend_execute_async_us=6 submit_us=98 [23989,24002][transport_manager.cpp:674,ExecuteAsync]
[HIXL_QUERY_PERF] layer=comm_channel request=0x25 mutex_wait_us=0 check_us=0 lookup_us=0 flag_check_us=0 complete_us=1 total_us=1 transfer_status=1
[HIXL_QUERY_PERF] layer=adxl_inner request=0x25 context_us=0 req_lock_wait_us=0 lookup_us=1 channel_us=6 cleanup_us=0 total_us=7 status=0 transfer_status=1
[HIXL_QUERY_PERF] layer=comm_engine request=0x25 total_us=10 status=0 transfer_status=1
[2026-08-24 21:01:24.198699][UC][I] [HIXL_WORKER_PERF] task_id=311 queue_depth=1 enqueue_lock_wait_us=0 enqueue_us=0 queue_wait_us=5 execute_us=13 result_post_us=4 total_us=22 status=0 [23989,24002][hixl_instance.cpp:107,Run]
[2026-08-24 21:01:24.198704][UC][I] [QUERY_PERF] component=ucm layer=hixl_instance request=0x25 queue_wait_us=5 backend_us=13 run_post_us=9 total_us=27 api_status=0 transfer_status=1 [23989,24002][hixl_instance.cpp:370,GetTransferStatus]
[2026-08-24 21:01:24.198707][UC][I] [QUERY_PERF] component=ucm layer=hixl_transport handle=88 request=0x25 lifecycle_lock_us=0 pending_lock_wait_us=0 pending_lookup_us=0 instance_us=30 erase_us=0 total_us=30 transfer_status=1 [23989,24002][hixl_transport.cpp:734,GetStatus]
[2026-08-24 21:01:24.198710][UC][I] [QUERY_PERF] component=ucm layer=transport_manager handle=88 transport_handle=88 transfers_lock_wait_us=0 lookup_us=0 transport_us=35 total_us=35 api_status=0 transfer_status=1 [23989,24002][transport_manager.cpp:716,GetStatus]
[2026-08-24 21:01:24.198713][UC][I] [PERF] component=transport event=transfer_done manager=127.0.0.1:8000 target=127.0.0.1:4504 handle=88 transport_handle=88 opcode=1 direct=2 segments=108 bytes=7962624 status=1 api_status=0 submitted_ts_us=1787576484195740 completed_ts_us=1787576484198712 manager_get_status_ts_us=1787576484198675 backend_query_ts_us=1787576484198681 submit_us=131 transfer_us=2973 manager_to_backend_query_us=6 total_us=3104 [23989,24002][transport_manager.cpp:727,GetStatus]
[HIXL_PERF] event=hccl_batch op=1 desc_num=1 hccl_us=52 status=0
[HIXL_PERF] event=issue_hccl_batch op=1 list_num=1 total_us=56
[HIXL_PERF] event=issue_async_host_flag op=1 list_num=1 context_us=1 hccl_issue_us=58 flag_memcpy_us=4 total_us=63
[HIXL_PERF] event=comm_channel_async op=1 list_num=1 mutex_wait_us=0 slot_us=0 host_flag_us=0 record_us=0 issue_us=65 total_us=65
[HIXL_PERF] event=adxl_inner_async op=1 list_num=1 context_us=1 connect_us=0 get_channel_us=0 channel_async_us=67 tail_us=0 total_us=68
[HIXL_PERF] event=comm_engine_async op=1 list_num=1 desc_build_us=0 inner_us=81 total_us=81 status=0
[2026-08-24 21:01:24.198821][UC][I] [HIXL_WORKER_PERF] task_id=312 queue_depth=1 enqueue_lock_wait_us=0 enqueue_us=1 queue_wait_us=4 execute_us=86 result_post_us=4 total_us=95 status=0 [23989,24002][hixl_instance.cpp:107,Run]
[2026-08-24 21:01:24.198827][UC][I] [PERF] component=transport event=transfer_submitted manager=127.0.0.1:8000 target=127.0.0.1:4504 handle=105 transport_handle=105 opcode=1 direct=2 segments=1 bytes=63 submitted_ts_us=1787576484198826 manager_execute_async_ts_us=1787576484198724 backend_execute_async_ts_us=1787576484198730 manager_to_backend_execute_async_us=6 submit_us=102 [23989,24002][transport_manager.cpp:674,ExecuteAsync]
[HIXL_QUERY_PERF] layer=comm_channel request=0x26 mutex_wait_us=0 check_us=0 lookup_us=0 flag_check_us=0 complete_us=1 total_us=1 transfer_status=1
[HIXL_QUERY_PERF] layer=adxl_inner request=0x26 context_us=1 req_lock_wait_us=0 lookup_us=1 channel_us=5 cleanup_us=0 total_us=7 status=0 transfer_status=1
[HIXL_QUERY_PERF] layer=comm_engine request=0x26 total_us=10 status=0 transfer_status=1
[2026-08-24 21:01:24.198854][UC][I] [HIXL_WORKER_PERF] task_id=313 queue_depth=1 enqueue_lock_wait_us=0 enqueue_us=0 queue_wait_us=5 execute_us=12 result_post_us=4 total_us=21 status=0 [23989,24002][hixl_instance.cpp:107,Run]
[2026-08-24 21:01:24.198861][UC][I] [QUERY_PERF] component=ucm layer=hixl_instance request=0x26 queue_wait_us=6 backend_us=12 run_post_us=12 total_us=30 api_status=0 transfer_status=1 [23989,24002][hixl_instance.cpp:370,GetTransferStatus]
[2026-08-24 21:01:24.198866][UC][I] [QUERY_PERF] component=ucm layer=hixl_transport handle=90 request=0x26 lifecycle_lock_us=0 pending_lock_wait_us=0 pending_lookup_us=0 instance_us=34 erase_us=0 total_us=34 transfer_status=1 [23989,24002][hixl_transport.cpp:734,GetStatus]
[2026-08-24 21:01:24.198869][UC][I] [QUERY_PERF] component=ucm layer=transport_manager handle=90 transport_handle=90 transfers_lock_wait_us=0 lookup_us=0 transport_us=38 total_us=38 api_status=0 transfer_status=1 [23989,24002][transport_manager.cpp:716,GetStatus]
[2026-08-24 21:01:24.198872][UC][I] [PERF] component=transport event=transfer_done manager=127.0.0.1:8000 target=127.0.0.1:4504 handle=90 transport_handle=90 opcode=1 direct=2 segments=108 bytes=7962624 status=1 api_status=0 submitted_ts_us=1787576484195971 completed_ts_us=1787576484198872 manager_get_status_ts_us=1787576484198831 backend_query_ts_us=1787576484198837 submit_us=183 transfer_us=2900 manager_to_backend_query_us=6 total_us=3083 [23989,24002][transport_manager.cpp:727,GetStatus]
[HIXL_PERF] event=hccl_batch op=1 desc_num=1 hccl_us=52 status=0
[HIXL_PERF] event=issue_hccl_batch op=1 list_num=1 total_us=57
[HIXL_PERF] event=issue_async_host_flag op=1 list_num=1 context_us=1 hccl_issue_us=58 flag_memcpy_us=5 total_us=64
[HIXL_PERF] event=comm_channel_async op=1 list_num=1 mutex_wait_us=0 slot_us=0 host_flag_us=0 record_us=0 issue_us=67 total_us=67
[HIXL_PERF] event=adxl_inner_async op=1 list_num=1 context_us=0 connect_us=1 get_channel_us=0 channel_async_us=73 tail_us=0 total_us=74
[HIXL_PERF] event=comm_engine_async op=1 list_num=1 desc_build_us=0 inner_us=78 total_us=78 status=0
[2026-08-24 21:01:24.198978][UC][I] [HIXL_WORKER_PERF] task_id=314 queue_depth=1 enqueue_lock_wait_us=0 enqueue_us=0 queue_wait_us=5 execute_us=82 result_post_us=5 total_us=92 status=0 [23989,24002][hixl_instance.cpp:107,Run]
[2026-08-24 21:01:24.198986][UC][I] [PERF] component=transport event=transfer_submitted manager=127.0.0.1:8000 target=127.0.0.1:4504 handle=106 transport_handle=106 opcode=1 direct=2 segments=1 bytes=63 submitted_ts_us=1787576484198986 manager_execute_async_ts_us=1787576484198884 backend_execute_async_ts_us=1787576484198890 manager_to_backend_execute_async_us=6 submit_us=102 [23989,24002][transport_manager.cpp:674,ExecuteAsync]
[HIXL_QUERY_PERF] layer=comm_channel request=0x28 mutex_wait_us=0 check_us=0 lookup_us=0 flag_check_us=0 complete_us=1 total_us=1 transfer_status=1
[HIXL_QUERY_PERF] layer=adxl_inner request=0x28 context_us=0 req_lock_wait_us=1 lookup_us=0 channel_us=7 cleanup_us=1 total_us=9 status=0 transfer_status=1
[HIXL_QUERY_PERF] layer=comm_engine request=0x28 total_us=11 status=0 transfer_status=1
[2026-08-24 21:01:24.199017][UC][I] [HIXL_WORKER_PERF] task_id=315 queue_depth=1 enqueue_lock_wait_us=0 enqueue_us=0 queue_wait_us=5 execute_us=14 result_post_us=5 total_us=24 status=0 [23989,24002][hixl_instance.cpp:107,Run]
[2026-08-24 21:01:24.199022][UC][I] [QUERY_PERF] component=ucm layer=hixl_instance request=0x28 queue_wait_us=7 backend_us=13 run_post_us=10 total_us=30 api_status=0 transfer_status=1 [23989,24002][hixl_instance.cpp:370,GetTransferStatus]
[2026-08-24 21:01:24.199026][UC][I] [QUERY_PERF] component=ucm layer=hixl_transport handle=92 request=0x28 lifecycle_lock_us=0 pending_lock_wait_us=0 pending_lookup_us=0 instance_us=33 erase_us=0 total_us=33 transfer_status=1 [23989,24002][hixl_transport.cpp:734,GetStatus]
[2026-08-24 21:01:24.199029][UC][I] [QUERY_PERF] component=ucm layer=transport_manager handle=92 transport_handle=92 transfers_lock_wait_us=0 lookup_us=0 transport_us=37 total_us=37 api_status=0 transfer_status=1 [23989,24002][transport_manager.cpp:716,GetStatus]
[2026-08-24 21:01:24.199032][UC][I] [PERF] component=transport event=transfer_done manager=127.0.0.1:8000 target=127.0.0.1:4504 handle=92 transport_handle=92 opcode=1 direct=2 segments=108 bytes=7962624 status=1 api_status=0 submitted_ts_us=1787576484196186 completed_ts_us=1787576484199031 manager_get_status_ts_us=1787576484198992 backend_query_ts_us=1787576484198998 submit_us=153 transfer_us=2845 manager_to_backend_query_us=7 total_us=2998 [23989,24002][transport_manager.cpp:727,GetStatus]
[HIXL_PERF] event=hccl_batch op=1 desc_num=1 hccl_us=51 status=0
[HIXL_PERF] event=issue_hccl_batch op=1 list_num=1 total_us=56
[HIXL_PERF] event=issue_async_host_flag op=1 list_num=1 context_us=0 hccl_issue_us=58 flag_memcpy_us=4 total_us=62
[HIXL_PERF] event=comm_channel_async op=1 list_num=1 mutex_wait_us=0 slot_us=1 host_flag_us=0 record_us=0 issue_us=65 total_us=66
[HIXL_PERF] event=adxl_inner_async op=1 list_num=1 context_us=1 connect_us=0 get_channel_us=0 channel_async_us=68 tail_us=0 total_us=69
[HIXL_PERF] event=comm_engine_async op=1 list_num=1 desc_build_us=0 inner_us=71 total_us=71 status=0
[2026-08-24 21:01:24.199130][UC][I] [HIXL_WORKER_PERF] task_id=316 queue_depth=1 enqueue_lock_wait_us=1 enqueue_us=0 queue_wait_us=4 execute_us=75 result_post_us=5 total_us=85 status=0 [23989,24002][hixl_instance.cpp:107,Run]
[2026-08-24 21:01:24.199137][UC][I] [PERF] component=transport event=transfer_submitted manager=127.0.0.1:8000 target=127.0.0.1:4504 handle=107 transport_handle=107 opcode=1 direct=2 segments=1 bytes=63 submitted_ts_us=1787576484199137 manager_execute_async_ts_us=1787576484199043 backend_execute_async_ts_us=1787576484199049 manager_to_backend_execute_async_us=5 submit_us=93 [23989,24002][transport_manager.cpp:674,ExecuteAsync]
[HIXL_QUERY_PERF] layer=comm_channel request=0x37 mutex_wait_us=0 check_us=0 lookup_us=0 flag_check_us=0 complete_us=1 total_us=1 transfer_status=1
[HIXL_QUERY_PERF] layer=adxl_inner request=0x37 context_us=0 req_lock_wait_us=0 lookup_us=1 channel_us=4 cleanup_us=1 total_us=6 status=0 transfer_status=1
[HIXL_QUERY_PERF] layer=comm_engine request=0x37 total_us=10 status=0 transfer_status=1
[2026-08-24 21:01:24.199168][UC][I] [HIXL_WORKER_PERF] task_id=317 queue_depth=1 enqueue_lock_wait_us=1 enqueue_us=0 queue_wait_us=4 execute_us=11 result_post_us=4 total_us=20 status=0 [23989,24002][hixl_instance.cpp:107,Run]
[2026-08-24 21:01:24.199172][UC][I] [QUERY_PERF] component=ucm layer=hixl_instance request=0x37 queue_wait_us=5 backend_us=11 run_post_us=8 total_us=24 api_status=0 transfer_status=1 [23989,24002][hixl_instance.cpp:370,GetTransferStatus]
[2026-08-24 21:01:24.199176][UC][I] [QUERY_PERF] component=ucm layer=hixl_transport handle=98 request=0x37 lifecycle_lock_us=0 pending_lock_wait_us=0 pending_lookup_us=0 instance_us=28 erase_us=0 total_us=28 transfer_status=1 [23989,24002][hixl_transport.cpp:734,GetStatus]
[2026-08-24 21:01:24.199180][UC][I] [QUERY_PERF] component=ucm layer=transport_manager handle=98 transport_handle=98 transfers_lock_wait_us=0 lookup_us=0 transport_us=33 total_us=33 api_status=0 transfer_status=1 [23989,24002][transport_manager.cpp:716,GetStatus]
[2026-08-24 21:01:24.199184][UC][I] [PERF] component=transport event=transfer_done manager=127.0.0.1:8000 target=127.0.0.1:4506 handle=98 transport_handle=98 opcode=1 direct=2 segments=1 bytes=63 status=1 api_status=0 submitted_ts_us=1787576484197716 completed_ts_us=1787576484199183 manager_get_status_ts_us=1787576484199147 backend_query_ts_us=1787576484199152 submit_us=95 transfer_us=1467 manager_to_backend_query_us=5 total_us=1562 [23989,24002][transport_manager.cpp:727,GetStatus]
[2026-08-24 21:01:24.199189][UC][I] [PERF] component=drampool event=request_done request_id=5 opcode=2 peer=127.0.0.1:4506 batch_size=108 data_bytes=7962624 failed_items=0 status=SUCCESS failed_stage=NONE received_ts_us=1787576484189665 worker_started_ts_us=1787576484194173 data_transfer_submitted_ts_us=1787576484194405 data_transfer_completed_ts_us=1787576484197612 response_submitted_ts_us=1787576484197719 completed_ts_us=1787576484199187 data_tm_execute_async_ts_us=1787576484194212 data_hixl_execute_async_ts_us=1787576484194225 data_tm_get_status_ts_us=1787576484197566 data_hixl_query_handle_ts_us=1787576484197571 response_tm_execute_async_ts_us=1787576484197621 response_hixl_execute_async_ts_us=1787576484197626 response_tm_get_status_ts_us=1787576484199147 response_hixl_query_handle_ts_us=1787576484199152 request_queue_us=4509 metadata_prepare_us=38 taskworker_prepare_us=232 poller_queue_us=2576 data_transfer_us=3207 metadata_settle_us=7 response_slot_wait_us=1 response_submit_us=99 response_transfer_us=1468 data_tm_to_hixl_execute_async_us=13 data_tm_to_hixl_query_handle_us=5 response_tm_to_hixl_execute_async_us=5 response_tm_to_hixl_query_handle_us=5 total_us=9522 [23989,24002][completion_poller.cc:56,LogRequestDone]
[HIXL_QUERY_PERF] layer=comm_channel request=0x38 mutex_wait_us=0 check_us=0 lookup_us=0 flag_check_us=0 complete_us=1 total_us=1 transfer_status=1
[HIXL_QUERY_PERF] layer=adxl_inner request=0x38 context_us=0 req_lock_wait_us=0 lookup_us=1 channel_us=3 cleanup_us=1 total_us=5 status=0 transfer_status=1
[HIXL_QUERY_PERF] layer=comm_engine request=0x38 total_us=7 status=0 transfer_status=1
[2026-08-24 21:01:24.199212][UC][I] [HIXL_WORKER_PERF] task_id=318 queue_depth=1 enqueue_lock_wait_us=1 enqueue_us=0 queue_wait_us=3 execute_us=10 result_post_us=4 total_us=18 status=0 [23989,24002][hixl_instance.cpp:107,Run]
[2026-08-24 21:01:24.199215][UC][I] [QUERY_PERF] component=ucm layer=hixl_instance request=0x38 queue_wait_us=5 backend_us=9 run_post_us=8 total_us=22 api_status=0 transfer_status=1 [23989,24002][hixl_instance.cpp:370,GetTransferStatus]
[2026-08-24 21:01:24.199219][UC][I] [QUERY_PERF] component=ucm layer=hixl_transport handle=99 request=0x38 lifecycle_lock_us=0 pending_lock_wait_us=0 pending_lookup_us=0 instance_us=25 erase_us=0 total_us=25 transfer_status=1 [23989,24002][hixl_transport.cpp:734,GetStatus]
[2026-08-24 21:01:24.199222][UC][I] [QUERY_PERF] component=ucm layer=transport_manager handle=99 transport_handle=99 transfers_lock_wait_us=0 lookup_us=0 transport_us=28 total_us=28 api_status=0 transfer_status=1 [23989,24002][transport_manager.cpp:716,GetStatus]
[2026-08-24 21:01:24.199224][UC][I] [PERF] component=transport event=transfer_done manager=127.0.0.1:8000 target=127.0.0.1:4506 handle=99 transport_handle=99 opcode=1 direct=2 segments=1 bytes=63 status=1 api_status=0 submitted_ts_us=1787576484197870 completed_ts_us=1787576484199224 manager_get_status_ts_us=1787576484199193 backend_query_ts_us=1787576484199197 submit_us=106 transfer_us=1353 manager_to_backend_query_us=5 total_us=1459 [23989,24002][transport_manager.cpp:727,GetStatus]
[2026-08-24 21:01:24.199232][UC][I] [PERF] component=drampool event=request_done request_id=6 opcode=2 peer=127.0.0.1:4506 batch_size=108 data_bytes=7962624 failed_items=0 status=SUCCESS failed_stage=NONE received_ts_us=1787576484189668 worker_started_ts_us=1787576484194406 data_transfer_submitted_ts_us=1787576484194579 data_transfer_completed_ts_us=1787576484197756 response_submitted_ts_us=1787576484197875 completed_ts_us=1787576484199230 data_tm_execute_async_ts_us=1787576484194424 data_hixl_execute_async_ts_us=1787576484194433 data_tm_get_status_ts_us=1787576484197719 data_hixl_query_handle_ts_us=1787576484197725 response_tm_execute_async_ts_us=1787576484197764 response_hixl_execute_async_ts_us=1787576484197770 response_tm_get_status_ts_us=1787576484199193 response_hixl_query_handle_ts_us=1787576484199197 request_queue_us=4739 metadata_prepare_us=16 taskworker_prepare_us=173 poller_queue_us=2402 data_transfer_us=3176 metadata_settle_us=7 response_slot_wait_us=0 response_submit_us=112 response_transfer_us=1355 data_tm_to_hixl_execute_async_us=9 data_tm_to_hixl_query_handle_us=5 response_tm_to_hixl_execute_async_us=6 response_tm_to_hixl_query_handle_us=5 total_us=9562 [23989,24002][completion_poller.cc:56,LogRequestDone]
[HIXL_QUERY_PERF] layer=comm_channel request=0x39 mutex_wait_us=0 check_us=0 lookup_us=0 flag_check_us=0 complete_us=1 total_us=1 transfer_status=1
[HIXL_QUERY_PERF] layer=adxl_inner request=0x39 context_us=1 req_lock_wait_us=0 lookup_us=0 channel_us=6 cleanup_us=0 total_us=7 status=0 transfer_status=1
[HIXL_QUERY_PERF] layer=comm_engine request=0x39 total_us=9 status=0 transfer_status=1
[2026-08-24 21:01:24.199259][UC][I] [HIXL_WORKER_PERF] task_id=319 queue_depth=1 enqueue_lock_wait_us=1 enqueue_us=0 queue_wait_us=4 execute_us=11 result_post_us=3 total_us=19 status=0 [23989,24002][hixl_instance.cpp:107,Run]
[2026-08-24 21:01:24.199263][UC][I] [QUERY_PERF] component=ucm layer=hixl_instance request=0x39 queue_wait_us=5 backend_us=11 run_post_us=7 total_us=23 api_status=0 transfer_status=1 [23989,24002][hixl_instance.cpp:370,GetTransferStatus]
[2026-08-24 21:01:24.199266][UC][I] [QUERY_PERF] component=ucm layer=hixl_transport handle=100 request=0x39 lifecycle_lock_us=0 pending_lock_wait_us=0 pending_lookup_us=0 instance_us=26 erase_us=0 total_us=26 transfer_status=1 [23989,24002][hixl_transport.cpp:734,GetStatus]
[2026-08-24 21:01:24.199269][UC][I] [QUERY_PERF] component=ucm layer=transport_manager handle=100 transport_handle=100 transfers_lock_wait_us=0 lookup_us=0 transport_us=29 total_us=29 api_status=0 transfer_status=1 [23989,24002][transport_manager.cpp:716,GetStatus]
[2026-08-24 21:01:24.199272][UC][I] [PERF] component=transport event=transfer_done manager=127.0.0.1:8000 target=127.0.0.1:4503 handle=100 transport_handle=100 opcode=1 direct=2 segments=1 bytes=63 status=1 api_status=0 submitted_ts_us=1787576484198045 completed_ts_us=1787576484199272 manager_get_status_ts_us=1787576484199239 backend_query_ts_us=1787576484199244 submit_us=118 transfer_us=1227 manager_to_backend_query_us=5 total_us=1345 [23989,24002][transport_manager.cpp:727,GetStatus]
[2026-08-24 21:01:24.199277][UC][I] [PERF] component=drampool event=request_done request_id=3 opcode=2 peer=127.0.0.1:4503 batch_size=108 data_bytes=7962624 failed_items=0 status=SUCCESS failed_stage=NONE received_ts_us=1787576484189670 worker_started_ts_us=1787576484194581 data_transfer_submitted_ts_us=1787576484194769 data_transfer_completed_ts_us=1787576484197918 response_submitted_ts_us=1787576484198051 completed_ts_us=1787576484199276 data_tm_execute_async_ts_us=1787576484194597 data_hixl_execute_async_ts_us=1787576484194607 data_tm_get_status_ts_us=1787576484197875 data_hixl_query_handle_ts_us=1787576484197880 response_tm_execute_async_ts_us=1787576484197927 response_hixl_execute_async_ts_us=1787576484197932 response_tm_get_status_ts_us=1787576484199239 response_hixl_query_handle_ts_us=1787576484199244 request_queue_us=4911 metadata_prepare_us=14 taskworker_prepare_us=189 poller_queue_us=2212 data_transfer_us=3150 metadata_settle_us=6 response_slot_wait_us=1 response_submit_us=125 response_transfer_us=1224 data_tm_to_hixl_execute_async_us=10 data_tm_to_hixl_query_handle_us=5 response_tm_to_hixl_execute_async_us=5 response_tm_to_hixl_query_handle_us=5 total_us=9606 [23989,24002][completion_poller.cc:56,LogRequestDone]
[HIXL_QUERY_PERF] layer=comm_channel request=0x3a mutex_wait_us=0 check_us=0 lookup_us=0 flag_check_us=1 complete_us=0 total_us=1 transfer_status=1
[HIXL_QUERY_PERF] layer=adxl_inner request=0x3a context_us=1 req_lock_wait_us=0 lookup_us=0 channel_us=4 cleanup_us=0 total_us=5 status=0 transfer_status=1
[HIXL_QUERY_PERF] layer=comm_engine request=0x3a total_us=8 status=0 transfer_status=1
[2026-08-24 21:01:24.199304][UC][I] [HIXL_WORKER_PERF] task_id=320 queue_depth=1 enqueue_lock_wait_us=0 enqueue_us=0 queue_wait_us=4 execute_us=9 result_post_us=4 total_us=17 status=0 [23989,24002][hixl_instance.cpp:107,Run]
[2026-08-24 21:01:24.199310][UC][I] [QUERY_PERF] component=ucm layer=hixl_instance request=0x3a queue_wait_us=4 backend_us=9 run_post_us=11 total_us=24 api_status=0 transfer_status=1 [23989,24002][hixl_instance.cpp:370,GetTransferStatus]
[2026-08-24 21:01:24.199313][UC][I] [QUERY_PERF] component=ucm layer=hixl_transport handle=101 request=0x3a lifecycle_lock_us=0 pending_lock_wait_us=0 pending_lookup_us=0 instance_us=27 erase_us=1 total_us=28 transfer_status=1 [23989,24002][hixl_transport.cpp:734,GetStatus]
[2026-08-24 21:01:24.199316][UC][I] [QUERY_PERF] component=ucm layer=transport_manager handle=101 transport_handle=101 transfers_lock_wait_us=0 lookup_us=0 transport_us=31 total_us=31 api_status=0 transfer_status=1 [23989,24002][transport_manager.cpp:716,GetStatus]
[2026-08-24 21:01:24.199319][UC][I] [PERF] component=transport event=transfer_done manager=127.0.0.1:8000 target=127.0.0.1:4503 handle=101 transport_handle=101 opcode=1 direct=2 segments=1 bytes=63 status=1 api_status=0 submitted_ts_us=1787576484198205 completed_ts_us=1787576484199318 manager_get_status_ts_us=1787576484199285 backend_query_ts_us=1787576484199290 submit_us=99 transfer_us=1113 manager_to_backend_query_us=5 total_us=1212 [23989,24002][transport_manager.cpp:727,GetStatus]
[2026-08-24 21:01:24.199326][UC][I] [PERF] component=drampool event=request_done request_id=4 opcode=2 peer=127.0.0.1:4503 batch_size=108 data_bytes=7962624 failed_items=0 status=SUCCESS failed_stage=NONE received_ts_us=1787576484189673 worker_started_ts_us=1787576484194770 data_transfer_submitted_ts_us=1787576484194979 data_transfer_completed_ts_us=1787576484198099 response_submitted_ts_us=1787576484198209 completed_ts_us=1787576484199325 data_tm_execute_async_ts_us=1787576484194786 data_hixl_execute_async_ts_us=1787576484194796 data_tm_get_status_ts_us=1787576484198051 data_hixl_query_handle_ts_us=1787576484198056 response_tm_execute_async_ts_us=1787576484198107 response_hixl_execute_async_ts_us=1787576484198112 response_tm_get_status_ts_us=1787576484199285 response_hixl_query_handle_ts_us=1787576484199290 request_queue_us=5098 metadata_prepare_us=15 taskworker_prepare_us=210 poller_queue_us=2002 data_transfer_us=3119 metadata_settle_us=7 response_slot_wait_us=0 response_submit_us=103 response_transfer_us=1115 data_tm_to_hixl_execute_async_us=10 data_tm_to_hixl_query_handle_us=5 response_tm_to_hixl_execute_async_us=5 response_tm_to_hixl_query_handle_us=5 total_us=9652 [23989,24002][completion_poller.cc:56,LogRequestDone]
[HIXL_QUERY_PERF] layer=comm_channel request=0x3b mutex_wait_us=0 check_us=0 lookup_us=0 flag_check_us=0 complete_us=1 total_us=1 transfer_status=1
[HIXL_QUERY_PERF] layer=adxl_inner request=0x3b context_us=1 req_lock_wait_us=0 lookup_us=0 channel_us=4 cleanup_us=0 total_us=5 status=0 transfer_status=1
[HIXL_QUERY_PERF] layer=comm_engine request=0x3b total_us=7 status=0 transfer_status=1
[2026-08-24 21:01:24.199348][UC][I] [HIXL_WORKER_PERF] task_id=321 queue_depth=1 enqueue_lock_wait_us=0 enqueue_us=0 queue_wait_us=4 execute_us=9 result_post_us=4 total_us=17 status=0 [23989,24002][hixl_instance.cpp:107,Run]
[2026-08-24 21:01:24.199352][UC][I] [QUERY_PERF] component=ucm layer=hixl_instance request=0x3b queue_wait_us=5 backend_us=9 run_post_us=8 total_us=22 api_status=0 transfer_status=1 [23989,24002][hixl_instance.cpp:370,GetTransferStatus]
[2026-08-24 21:01:24.199361][UC][I] [QUERY_PERF] component=ucm layer=hixl_transport handle=102 request=0x3b lifecycle_lock_us=0 pending_lock_wait_us=0 pending_lookup_us=0 instance_us=30 erase_us=0 total_us=30 transfer_status=1 [23989,24002][hixl_transport.cpp:734,GetStatus]
[2026-08-24 21:01:24.199364][UC][I] [QUERY_PERF] component=ucm layer=transport_manager handle=102 transport_handle=102 transfers_lock_wait_us=0 lookup_us=0 transport_us=33 total_us=33 api_status=0 transfer_status=1 [23989,24002][transport_manager.cpp:716,GetStatus]
[2026-08-24 21:01:24.199367][UC][I] [PERF] component=transport event=transfer_done manager=127.0.0.1:8000 target=127.0.0.1:4503 handle=102 transport_handle=102 opcode=1 direct=2 segments=1 bytes=63 status=1 api_status=0 submitted_ts_us=1787576484198355 completed_ts_us=1787576484199366 manager_get_status_ts_us=1787576484199330 backend_query_ts_us=1787576484199335 submit_us=94 transfer_us=1011 manager_to_backend_query_us=5 total_us=1105 [23989,24002][transport_manager.cpp:727,GetStatus]
[2026-08-24 21:01:24.199374][UC][I] [PERF] component=drampool event=request_done request_id=5 opcode=2 peer=127.0.0.1:4503 batch_size=108 data_bytes=7962624 failed_items=0 status=SUCCESS failed_stage=NONE received_ts_us=1787576484189676 worker_started_ts_us=1787576484194981 data_transfer_submitted_ts_us=1787576484195145 data_transfer_completed_ts_us=1787576484198252 response_submitted_ts_us=1787576484198359 completed_ts_us=1787576484199372 data_tm_execute_async_ts_us=1787576484194998 data_hixl_execute_async_ts_us=1787576484195008 data_tm_get_status_ts_us=1787576484198210 data_hixl_query_handle_ts_us=1787576484198215 response_tm_execute_async_ts_us=1787576484198260 response_hixl_execute_async_ts_us=1787576484198265 response_tm_get_status_ts_us=1787576484199330 response_hixl_query_handle_ts_us=1787576484199335 request_queue_us=5305 metadata_prepare_us=15 taskworker_prepare_us=165 poller_queue_us=1837 data_transfer_us=3108 metadata_settle_us=6 response_slot_wait_us=1 response_submit_us=99 response_transfer_us=1013 data_tm_to_hixl_execute_async_us=10 data_tm_to_hixl_query_handle_us=5 response_tm_to_hixl_execute_async_us=5 response_tm_to_hixl_query_handle_us=5 total_us=9697 [23989,24002][completion_poller.cc:56,LogRequestDone]
[HIXL_QUERY_PERF] layer=comm_channel request=0x3c mutex_wait_us=0 check_us=0 lookup_us=1 flag_check_us=0 complete_us=0 total_us=1 transfer_status=1
[HIXL_QUERY_PERF] layer=adxl_inner request=0x3c context_us=1 req_lock_wait_us=0 lookup_us=0 channel_us=4 cleanup_us=0 total_us=5 status=0 transfer_status=1
[HIXL_QUERY_PERF] layer=comm_engine request=0x3c total_us=7 status=0 transfer_status=1
[2026-08-24 21:01:24.199396][UC][I] [HIXL_WORKER_PERF] task_id=322 queue_depth=1 enqueue_lock_wait_us=0 enqueue_us=0 queue_wait_us=4 execute_us=9 result_post_us=4 total_us=17 status=0 [23989,24002][hixl_instance.cpp:107,Run]
[2026-08-24 21:01:24.199400][UC][I] [QUERY_PERF] component=ucm layer=hixl_instance request=0x3c queue_wait_us=4 backend_us=9 run_post_us=8 total_us=21 api_status=0 transfer_status=1 [23989,24002][hixl_instance.cpp:370,GetTransferStatus]
[2026-08-24 21:01:24.199403][UC][I] [QUERY_PERF] component=ucm layer=hixl_transport handle=103 request=0x3c lifecycle_lock_us=0 pending_lock_wait_us=0 pending_lookup_us=0 instance_us=24 erase_us=0 total_us=24 transfer_status=1 [23989,24002][hixl_transport.cpp:734,GetStatus]
[2026-08-24 21:01:24.199406][UC][I] [QUERY_PERF] component=ucm layer=transport_manager handle=103 transport_handle=103 transfers_lock_wait_us=0 lookup_us=1 transport_us=27 total_us=28 api_status=0 transfer_status=1 [23989,24002][transport_manager.cpp:716,GetStatus]
[2026-08-24 21:01:24.199410][UC][I] [PERF] component=transport event=transfer_done manager=127.0.0.1:8000 target=127.0.0.1:4503 handle=103 transport_handle=103 opcode=1 direct=2 segments=1 bytes=63 status=1 api_status=0 submitted_ts_us=1787576484198512 completed_ts_us=1787576484199409 manager_get_status_ts_us=1787576484199378 backend_query_ts_us=1787576484199383 submit_us=104 transfer_us=897 manager_to_backend_query_us=5 total_us=1001 [23989,24002][transport_manager.cpp:727,GetStatus]
[2026-08-24 21:01:24.199416][UC][I] [PERF] component=drampool event=request_done request_id=6 opcode=2 peer=127.0.0.1:4503 batch_size=108 data_bytes=7962624 failed_items=0 status=SUCCESS failed_stage=NONE received_ts_us=1787576484189678 worker_started_ts_us=1787576484195147 data_transfer_submitted_ts_us=1787576484195337 data_transfer_completed_ts_us=1787576484198399 response_submitted_ts_us=1787576484198516 completed_ts_us=1787576484199414 data_tm_execute_async_ts_us=1787576484195186 data_hixl_execute_async_ts_us=1787576484195194 data_tm_get_status_ts_us=1787576484198360 data_hixl_query_handle_ts_us=1787576484198365 response_tm_execute_async_ts_us=1787576484198407 response_hixl_execute_async_ts_us=1787576484198413 response_tm_get_status_ts_us=1787576484199378 response_hixl_query_handle_ts_us=1787576484199383 request_queue_us=5469 metadata_prepare_us=37 taskworker_prepare_us=191 poller_queue_us=1645 data_transfer_us=3062 metadata_settle_us=7 response_slot_wait_us=1 response_submit_us=109 response_transfer_us=898 data_tm_to_hixl_execute_async_us=9 data_tm_to_hixl_query_handle_us=5 response_tm_to_hixl_execute_async_us=5 response_tm_to_hixl_query_handle_us=5 total_us=9737 [23989,24002][completion_poller.cc:56,LogRequestDone]
[HIXL_QUERY_PERF] layer=comm_channel request=0x2c mutex_wait_us=1 check_us=0 lookup_us=0 flag_check_us=0 complete_us=1 total_us=2 transfer_status=1
[HIXL_QUERY_PERF] layer=adxl_inner request=0x2c context_us=1 req_lock_wait_us=0 lookup_us=0 channel_us=5 cleanup_us=1 total_us=7 status=0 transfer_status=1
[HIXL_QUERY_PERF] layer=comm_engine request=0x2c total_us=9 status=0 transfer_status=1
[2026-08-24 21:01:24.199445][UC][I] [HIXL_WORKER_PERF] task_id=323 queue_depth=1 enqueue_lock_wait_us=0 enqueue_us=1 queue_wait_us=5 execute_us=11 result_post_us=5 total_us=22 status=0 [23989,24002][hixl_instance.cpp:107,Run]
[2026-08-24 21:01:24.199450][UC][I] [QUERY_PERF] component=ucm layer=hixl_instance request=0x2c queue_wait_us=6 backend_us=11 run_post_us=9 total_us=26 api_status=0 transfer_status=1 [23989,24002][hixl_instance.cpp:370,GetTransferStatus]
[2026-08-24 21:01:24.199453][UC][I] [QUERY_PERF] component=ucm layer=hixl_transport handle=104 request=0x2c lifecycle_lock_us=0 pending_lock_wait_us=0 pending_lookup_us=0 instance_us=29 erase_us=0 total_us=29 transfer_status=1 [23989,24002][hixl_transport.cpp:734,GetStatus]
[2026-08-24 21:01:24.199456][UC][I] [QUERY_PERF] component=ucm layer=transport_manager handle=104 transport_handle=104 transfers_lock_wait_us=0 lookup_us=0 transport_us=32 total_us=32 api_status=0 transfer_status=1 [23989,24002][transport_manager.cpp:716,GetStatus]
[2026-08-24 21:01:24.199459][UC][I] [PERF] component=transport event=transfer_done manager=127.0.0.1:8000 target=127.0.0.1:4504 handle=104 transport_handle=104 opcode=1 direct=2 segments=1 bytes=63 status=1 api_status=0 submitted_ts_us=1787576484198671 completed_ts_us=1787576484199458 manager_get_status_ts_us=1787576484199422 backend_query_ts_us=1787576484199429 submit_us=98 transfer_us=787 manager_to_backend_query_us=6 total_us=885 [23989,24002][transport_manager.cpp:727,GetStatus]
[2026-08-24 21:01:24.199464][UC][I] [PERF] component=drampool event=request_done request_id=3 opcode=2 peer=127.0.0.1:4504 batch_size=108 data_bytes=7962624 failed_items=0 status=SUCCESS failed_stage=NONE received_ts_us=1787576484189685 worker_started_ts_us=1787576484195339 data_transfer_submitted_ts_us=1787576484195567 data_transfer_completed_ts_us=1787576484198565 response_submitted_ts_us=1787576484198675 completed_ts_us=1787576484199462 data_tm_execute_async_ts_us=1787576484195378 data_hixl_execute_async_ts_us=1787576484195386 data_tm_get_status_ts_us=1787576484198517 data_hixl_query_handle_ts_us=1787576484198524 response_tm_execute_async_ts_us=1787576484198573 response_hixl_execute_async_ts_us=1787576484198579 response_tm_get_status_ts_us=1787576484199422 response_hixl_query_handle_ts_us=1787576484199429 request_queue_us=5654 metadata_prepare_us=39 taskworker_prepare_us=229 poller_queue_us=1415 data_transfer_us=2998 metadata_settle_us=7 response_slot_wait_us=0 response_submit_us=103 response_transfer_us=787 data_tm_to_hixl_execute_async_us=8 data_tm_to_hixl_query_handle_us=7 response_tm_to_hixl_execute_async_us=6 response_tm_to_hixl_query_handle_us=6 total_us=9777 [23989,24002][completion_poller.cc:56,LogRequestDone]
[HIXL_QUERY_PERF] layer=comm_channel request=0x2d mutex_wait_us=0 check_us=0 lookup_us=0 flag_check_us=0 complete_us=1 total_us=1 transfer_status=1
[HIXL_QUERY_PERF] layer=adxl_inner request=0x2d context_us=0 req_lock_wait_us=0 lookup_us=1 channel_us=4 cleanup_us=1 total_us=6 status=0 transfer_status=1
[HIXL_QUERY_PERF] layer=comm_engine request=0x2d total_us=8 status=0 transfer_status=1
[2026-08-24 21:01:24.199490][UC][I] [HIXL_WORKER_PERF] task_id=324 queue_depth=1 enqueue_lock_wait_us=0 enqueue_us=0 queue_wait_us=4 execute_us=11 result_post_us=4 total_us=19 status=0 [23989,24002][hixl_instance.cpp:107,Run]
[2026-08-24 21:01:24.199494][UC][I] [QUERY_PERF] component=ucm layer=hixl_instance request=0x2d queue_wait_us=5 backend_us=11 run_post_us=9 total_us=25 api_status=0 transfer_status=1 [23989,24002][hixl_instance.cpp:370,GetTransferStatus]
[2026-08-24 21:01:24.199497][UC][I] [QUERY_PERF] component=ucm layer=hixl_transport handle=105 request=0x2d lifecycle_lock_us=0 pending_lock_wait_us=0 pending_lookup_us=0 instance_us=28 erase_us=0 total_us=28 transfer_status=1 [23989,24002][hixl_transport.cpp:734,GetStatus]
[2026-08-24 21:01:24.199500][UC][I] [QUERY_PERF] component=ucm layer=transport_manager handle=105 transport_handle=105 transfers_lock_wait_us=0 lookup_us=0 transport_us=31 total_us=31 api_status=0 transfer_status=1 [23989,24002][transport_manager.cpp:716,GetStatus]
[2026-08-24 21:01:24.199503][UC][I] [PERF] component=transport event=transfer_done manager=127.0.0.1:8000 target=127.0.0.1:4504 handle=105 transport_handle=105 opcode=1 direct=2 segments=1 bytes=63 status=1 api_status=0 submitted_ts_us=1787576484198826 completed_ts_us=1787576484199502 manager_get_status_ts_us=1787576484199469 backend_query_ts_us=1787576484199474 submit_us=102 transfer_us=676 manager_to_backend_query_us=5 total_us=778 [23989,24002][transport_manager.cpp:727,GetStatus]
[2026-08-24 21:01:24.199511][UC][I] [PERF] component=drampool event=request_done request_id=4 opcode=2 peer=127.0.0.1:4504 batch_size=108 data_bytes=7962624 failed_items=0 status=SUCCESS failed_stage=NONE received_ts_us=1787576484189687 worker_started_ts_us=1787576484195568 data_transfer_submitted_ts_us=1787576484195747 data_transfer_completed_ts_us=1787576484198716 response_submitted_ts_us=1787576484198830 completed_ts_us=1787576484199509 data_tm_execute_async_ts_us=1787576484195608 data_hixl_execute_async_ts_us=1787576484195617 data_tm_get_status_ts_us=1787576484198675 data_hixl_query_handle_ts_us=1787576484198681 response_tm_execute_async_ts_us=1787576484198724 response_hixl_execute_async_ts_us=1787576484198730 response_tm_get_status_ts_us=1787576484199469 response_hixl_query_handle_ts_us=1787576484199474 request_queue_us=5881 metadata_prepare_us=38 taskworker_prepare_us=179 poller_queue_us=1236 data_transfer_us=2970 metadata_settle_us=6 response_slot_wait_us=1 response_submit_us=107 response_transfer_us=678 data_tm_to_hixl_execute_async_us=9 data_tm_to_hixl_query_handle_us=6 response_tm_to_hixl_execute_async_us=6 response_tm_to_hixl_query_handle_us=5 total_us=9821 [23989,24002][completion_poller.cc:56,LogRequestDone]
[HIXL_QUERY_PERF] layer=comm_channel request=0x2e mutex_wait_us=0 check_us=0 lookup_us=0 flag_check_us=0 complete_us=1 total_us=1 transfer_status=1
[HIXL_QUERY_PERF] layer=adxl_inner request=0x2e context_us=0 req_lock_wait_us=0 lookup_us=1 channel_us=4 cleanup_us=0 total_us=5 status=0 transfer_status=1
[HIXL_QUERY_PERF] layer=comm_engine request=0x2e total_us=9 status=0 transfer_status=1
[2026-08-24 21:01:24.199536][UC][I] [HIXL_WORKER_PERF] task_id=325 queue_depth=1 enqueue_lock_wait_us=0 enqueue_us=1 queue_wait_us=4 execute_us=11 result_post_us=5 total_us=21 status=0 [23989,24002][hixl_instance.cpp:107,Run]
[2026-08-24 21:01:24.199545][UC][I] [QUERY_PERF] component=ucm layer=hixl_instance request=0x2e queue_wait_us=5 backend_us=11 run_post_us=13 total_us=29 api_status=0 transfer_status=1 [23989,24002][hixl_instance.cpp:370,GetTransferStatus]
[2026-08-24 21:01:24.199548][UC][I] [QUERY_PERF] component=ucm layer=hixl_transport handle=106 request=0x2e lifecycle_lock_us=0 pending_lock_wait_us=0 pending_lookup_us=0 instance_us=32 erase_us=0 total_us=32 transfer_status=1 [23989,24002][hixl_transport.cpp:734,GetStatus]
[2026-08-24 21:01:24.199551][UC][I] [QUERY_PERF] component=ucm layer=transport_manager handle=106 transport_handle=106 transfers_lock_wait_us=0 lookup_us=0 transport_us=36 total_us=36 api_status=0 transfer_status=1 [23989,24002][transport_manager.cpp:716,GetStatus]
[2026-08-24 21:01:24.199554][UC][I] [PERF] component=transport event=transfer_done manager=127.0.0.1:8000 target=127.0.0.1:4504 handle=106 transport_handle=106 opcode=1 direct=2 segments=1 bytes=63 status=1 api_status=0 submitted_ts_us=1787576484198986 completed_ts_us=1787576484199553 manager_get_status_ts_us=1787576484199514 backend_query_ts_us=1787576484199520 submit_us=102 transfer_us=568 manager_to_backend_query_us=5 total_us=670 [23989,24002][transport_manager.cpp:727,GetStatus]
[2026-08-24 21:01:24.199559][UC][I] [PERF] component=drampool event=request_done request_id=5 opcode=2 peer=127.0.0.1:4504 batch_size=108 data_bytes=7962624 failed_items=0 status=SUCCESS failed_stage=NONE received_ts_us=1787576484189690 worker_started_ts_us=1787576484195749 data_transfer_submitted_ts_us=1787576484195976 data_transfer_completed_ts_us=1787576484198876 response_submitted_ts_us=1787576484198991 completed_ts_us=1787576484199557 data_tm_execute_async_ts_us=1787576484195789 data_hixl_execute_async_ts_us=1787576484195807 data_tm_get_status_ts_us=1787576484198831 data_hixl_query_handle_ts_us=1787576484198837 response_tm_execute_async_ts_us=1787576484198884 response_hixl_execute_async_ts_us=1787576484198890 response_tm_get_status_ts_us=1787576484199514 response_hixl_query_handle_ts_us=1787576484199520 request_queue_us=6059 metadata_prepare_us=38 taskworker_prepare_us=228 poller_queue_us=1007 data_transfer_us=2900 metadata_settle_us=6 response_slot_wait_us=1 response_submit_us=108 response_transfer_us=566 data_tm_to_hixl_execute_async_us=18 data_tm_to_hixl_query_handle_us=6 response_tm_to_hixl_execute_async_us=6 response_tm_to_hixl_query_handle_us=5 total_us=9867 [23989,24002][completion_poller.cc:56,LogRequestDone]
[HIXL_QUERY_PERF] layer=comm_channel request=0x2f mutex_wait_us=0 check_us=0 lookup_us=0 flag_check_us=0 complete_us=0 total_us=0 transfer_status=1
[HIXL_QUERY_PERF] layer=adxl_inner request=0x2f context_us=0 req_lock_wait_us=0 lookup_us=1 channel_us=3 cleanup_us=1 total_us=5 status=0 transfer_status=1
[HIXL_QUERY_PERF] layer=comm_engine request=0x2f total_us=7 status=0 transfer_status=1
[2026-08-24 21:01:24.199584][UC][I] [HIXL_WORKER_PERF] task_id=326 queue_depth=1 enqueue_lock_wait_us=1 enqueue_us=0 queue_wait_us=4 execute_us=10 result_post_us=4 total_us=19 status=0 [23989,24002][hixl_instance.cpp:107,Run]
[2026-08-24 21:01:24.199589][UC][I] [QUERY_PERF] component=ucm layer=hixl_instance request=0x2f queue_wait_us=5 backend_us=9 run_post_us=9 total_us=23 api_status=0 transfer_status=1 [23989,24002][hixl_instance.cpp:370,GetTransferStatus]
[2026-08-24 21:01:24.199592][UC][I] [QUERY_PERF] component=ucm layer=hixl_transport handle=107 request=0x2f lifecycle_lock_us=0 pending_lock_wait_us=0 pending_lookup_us=0 instance_us=26 erase_us=0 total_us=26 transfer_status=1 [23989,24002][hixl_transport.cpp:734,GetStatus]
[2026-08-24 21:01:24.199595][UC][I] [QUERY_PERF] component=ucm layer=transport_manager handle=107 transport_handle=107 transfers_lock_wait_us=0 lookup_us=0 transport_us=30 total_us=30 api_status=0 transfer_status=1 [23989,24002][transport_manager.cpp:716,GetStatus]
[2026-08-24 21:01:24.199598][UC][I] [PERF] component=transport event=transfer_done manager=127.0.0.1:8000 target=127.0.0.1:4504 handle=107 transport_handle=107 opcode=1 direct=2 segments=1 bytes=63 status=1 api_status=0 submitted_ts_us=1787576484199137 completed_ts_us=1787576484199598 manager_get_status_ts_us=1787576484199565 backend_query_ts_us=1787576484199570 submit_us=93 transfer_us=461 manager_to_backend_query_us=5 total_us=554 [23989,24002][transport_manager.cpp:727,GetStatus]
[2026-08-24 21:01:24.199605][UC][I] [PERF] component=drampool event=request_done request_id=6 opcode=2 peer=127.0.0.1:4504 batch_size=108 data_bytes=7962624 failed_items=0 status=SUCCESS failed_stage=NONE received_ts_us=1787576484189694 worker_started_ts_us=1787576484195978 data_transfer_submitted_ts_us=1787576484196192 data_transfer_completed_ts_us=1787576484199035 response_submitted_ts_us=1787576484199146 completed_ts_us=1787576484199603 data_tm_execute_async_ts_us=1787576484196018 data_hixl_execute_async_ts_us=1787576484196041 data_tm_get_status_ts_us=1787576484198992 data_hixl_query_handle_ts_us=1787576484198998 response_tm_execute_async_ts_us=1787576484199043 response_hixl_execute_async_ts_us=1787576484199049 response_tm_get_status_ts_us=1787576484199565 response_hixl_query_handle_ts_us=1787576484199570 request_queue_us=6284 metadata_prepare_us=39 taskworker_prepare_us=215 poller_queue_us=791 data_transfer_us=2843 metadata_settle_us=6 response_slot_wait_us=1 response_submit_us=103 response_transfer_us=457 data_tm_to_hixl_execute_async_us=23 data_tm_to_hixl_query_handle_us=7 response_tm_to_hixl_execute_async_us=5 response_tm_to_hixl_query_handle_us=5 total_us=9909 [23989,24002][completion_poller.cc:56,LogRequestDone]
[HIXL_PERF] event=hccl_batch op=1 desc_num=1 hccl_us=251 status=0
[HIXL_PERF] event=issue_hccl_batch op=1 list_num=1 total_us=281
[HIXL_PERF] event=issue_async_host_flag op=1 list_num=1 context_us=1 hccl_issue_us=285 flag_memcpy_us=14 total_us=300
[HIXL_PERF] event=comm_channel_async op=1 list_num=1 mutex_wait_us=1 slot_us=1 host_flag_us=1 record_us=2 issue_us=306 total_us=311
[HIXL_PERF] event=adxl_inner_async op=1 list_num=1 context_us=12 connect_us=0 get_channel_us=5 channel_async_us=315 tail_us=2 total_us=334
[HIXL_PERF] event=comm_engine_async op=1 list_num=1 desc_build_us=1 inner_us=340 total_us=341 status=0
[2026-08-24 21:01:29.344345][UC][I] [HIXL_WORKER_PERF] task_id=327 queue_depth=1 enqueue_lock_wait_us=1 enqueue_us=1 queue_wait_us=15 execute_us=359 result_post_us=10 total_us=386 status=0 [23989,24002][hixl_instance.cpp:107,Run]
[2026-08-24 21:01:29.344380][UC][I] [PERF] component=transport event=transfer_submitted manager=127.0.0.1:8000 target=127.0.0.1:4500 handle=108 transport_handle=108 opcode=1 direct=2 segments=1 bytes=10 submitted_ts_us=1787576489344378 manager_execute_async_ts_us=1787576489343948 backend_execute_async_ts_us=1787576489343976 manager_to_backend_execute_async_us=28 submit_us=426 [23989,24002][transport_manager.cpp:674,ExecuteAsync]
[HIXL_QUERY_PERF] layer=comm_channel request=0x30 mutex_wait_us=0 check_us=0 lookup_us=1 flag_check_us=1 complete_us=6 total_us=8 transfer_status=1
[HIXL_QUERY_PERF] layer=adxl_inner request=0x30 context_us=1 req_lock_wait_us=0 lookup_us=1 channel_us=16 cleanup_us=1 total_us=19 status=0 transfer_status=1
[HIXL_QUERY_PERF] layer=comm_engine request=0x30 total_us=24 status=0 transfer_status=1
[2026-08-24 21:01:29.344432][UC][I] [HIXL_WORKER_PERF] task_id=328 queue_depth=1 enqueue_lock_wait_us=0 enqueue_us=0 queue_wait_us=7 execute_us=29 result_post_us=5 total_us=41 status=0 [23989,24002][hixl_instance.cpp:107,Run]
[2026-08-24 21:01:29.344439][UC][I] [QUERY_PERF] component=ucm layer=hixl_instance request=0x30 queue_wait_us=8 backend_us=29 run_post_us=12 total_us=49 api_status=0 transfer_status=1 [23989,24002][hixl_instance.cpp:370,GetTransferStatus]
[2026-08-24 21:01:29.344447][UC][I] [QUERY_PERF] component=ucm layer=hixl_transport handle=108 request=0x30 lifecycle_lock_us=0 pending_lock_wait_us=0 pending_lookup_us=0 instance_us=55 erase_us=1 total_us=56 transfer_status=1 [23989,24002][hixl_transport.cpp:734,GetStatus]
[2026-08-24 21:01:29.344473][UC][I] [QUERY_PERF] component=ucm layer=transport_manager handle=108 transport_handle=108 transfers_lock_wait_us=0 lookup_us=0 transport_us=84 total_us=84 api_status=0 transfer_status=1 [23989,24002][transport_manager.cpp:716,GetStatus]
[2026-08-24 21:01:29.344482][UC][I] [PERF] component=transport event=transfer_done manager=127.0.0.1:8000 target=127.0.0.1:4500 handle=108 transport_handle=108 opcode=1 direct=2 segments=1 bytes=10 status=1 api_status=0 submitted_ts_us=1787576489344378 completed_ts_us=1787576489344480 manager_get_status_ts_us=1787576489344388 backend_query_ts_us=1787576489344397 submit_us=426 transfer_us=102 manager_to_backend_query_us=9 total_us=528 [23989,24002][transport_manager.cpp:727,GetStatus]
[2026-08-24 21:01:29.344494][UC][I] [PERF] component=drampool event=request_done request_id=9 opcode=0 peer=127.0.0.1:4500 batch_size=2 data_bytes=0 failed_items=0 status=SUCCESS failed_stage=NONE received_ts_us=1787576489343751 worker_started_ts_us=1787576489343899 data_transfer_submitted_ts_us=0 data_transfer_completed_ts_us=0 response_submitted_ts_us=1787576489344386 completed_ts_us=1787576489344488 data_tm_execute_async_ts_us=0 data_hixl_execute_async_ts_us=0 data_tm_get_status_ts_us=0 data_hixl_query_handle_ts_us=0 response_tm_execute_async_ts_us=1787576489343948 response_hixl_execute_async_ts_us=1787576489343976 response_tm_get_status_ts_us=1787576489344388 response_hixl_query_handle_ts_us=1787576489344397 request_queue_us=148 metadata_prepare_us=1 taskworker_prepare_us=7 poller_queue_us=31 data_transfer_us=0 metadata_settle_us=0 response_slot_wait_us=36 response_submit_us=446 response_transfer_us=101 data_tm_to_hixl_execute_async_us=0 data_tm_to_hixl_query_handle_us=0 response_tm_to_hixl_execute_async_us=28 response_tm_to_hixl_query_handle_us=9 total_us=738 [23989,24002][completion_poller.cc:56,LogRequestDone]
[HIXL_PERF] event=hccl_batch op=1 desc_num=1 hccl_us=84 status=0
[HIXL_PERF] event=issue_hccl_batch op=1 list_num=1 total_us=93
[HIXL_PERF] event=issue_async_host_flag op=1 list_num=1 context_us=1 hccl_issue_us=96 flag_memcpy_us=6 total_us=103
[HIXL_PERF] event=comm_channel_async op=1 list_num=1 mutex_wait_us=0 slot_us=1 host_flag_us=1 record_us=0 issue_us=107 total_us=109
[HIXL_PERF] event=adxl_inner_async op=1 list_num=1 context_us=1 connect_us=0 get_channel_us=1 channel_async_us=113 tail_us=0 total_us=115
[HIXL_PERF] event=comm_engine_async op=1 list_num=1 desc_build_us=0 inner_us=119 total_us=119 status=0
[2026-08-24 21:01:29.345104][UC][I] [HIXL_WORKER_PERF] task_id=329 queue_depth=1 enqueue_lock_wait_us=0 enqueue_us=0 queue_wait_us=7 execute_us=125 result_post_us=7 total_us=139 status=0 [23989,24002][hixl_instance.cpp:107,Run]
[2026-08-24 21:01:29.345112][UC][I] [PERF] component=transport event=transfer_submitted manager=127.0.0.1:8000 target=127.0.0.1:4500 handle=109 transport_handle=109 opcode=1 direct=2 segments=1 bytes=10 submitted_ts_us=1787576489345111 manager_execute_async_ts_us=1787576489344962 backend_execute_async_ts_us=1787576489344971 manager_to_backend_execute_async_us=9 submit_us=148 [23989,24002][transport_manager.cpp:674,ExecuteAsync]
[HIXL_QUERY_PERF] layer=comm_channel request=0x31 mutex_wait_us=0 check_us=0 lookup_us=0 flag_check_us=0 complete_us=2 total_us=2 transfer_status=1
[HIXL_QUERY_PERF] layer=adxl_inner request=0x31 context_us=1 req_lock_wait_us=0 lookup_us=1 channel_us=9 cleanup_us=1 total_us=12 status=0 transfer_status=1
[HIXL_QUERY_PERF] layer=comm_engine request=0x31 total_us=15 status=0 transfer_status=1
[2026-08-24 21:01:29.345148][UC][I] [HIXL_WORKER_PERF] task_id=330 queue_depth=1 enqueue_lock_wait_us=1 enqueue_us=0 queue_wait_us=5 execute_us=18 result_post_us=5 total_us=29 status=0 [23989,24002][hixl_instance.cpp:107,Run]
[2026-08-24 21:01:29.345154][UC][I] [QUERY_PERF] component=ucm layer=hixl_instance request=0x31 queue_wait_us=6 backend_us=18 run_post_us=11 total_us=35 api_status=0 transfer_status=1 [23989,24002][hixl_instance.cpp:370,GetTransferStatus]
[2026-08-24 21:01:29.345161][UC][I] [QUERY_PERF] component=ucm layer=hixl_transport handle=109 request=0x31 lifecycle_lock_us=0 pending_lock_wait_us=0 pending_lookup_us=0 instance_us=42 erase_us=0 total_us=42 transfer_status=1 [23989,24002][hixl_transport.cpp:734,GetStatus]
[2026-08-24 21:01:29.345168][UC][I] [QUERY_PERF] component=ucm layer=transport_manager handle=109 transport_handle=109 transfers_lock_wait_us=0 lookup_us=0 transport_us=50 total_us=50 api_status=0 transfer_status=1 [23989,24002][transport_manager.cpp:716,GetStatus]
[2026-08-24 21:01:29.345173][UC][I] [PERF] component=transport event=transfer_done manager=127.0.0.1:8000 target=127.0.0.1:4500 handle=109 transport_handle=109 opcode=1 direct=2 segments=1 bytes=10 status=1 api_status=0 submitted_ts_us=1787576489345111 completed_ts_us=1787576489345172 manager_get_status_ts_us=1787576489345118 backend_query_ts_us=1787576489345124 submit_us=148 transfer_us=61 manager_to_backend_query_us=6 total_us=209 [23989,24002][transport_manager.cpp:727,GetStatus]
[2026-08-24 21:01:29.345188][UC][I] [PERF] component=drampool event=request_done request_id=10 opcode=0 peer=127.0.0.1:4500 batch_size=2 data_bytes=0 failed_items=0 status=SUCCESS failed_stage=NONE received_ts_us=1787576489344811 worker_started_ts_us=1787576489344823 data_transfer_submitted_ts_us=0 data_transfer_completed_ts_us=0 response_submitted_ts_us=1787576489345117 completed_ts_us=1787576489345186 data_tm_execute_async_ts_us=0 data_hixl_execute_async_ts_us=0 data_tm_get_status_ts_us=0 data_hixl_query_handle_ts_us=0 response_tm_execute_async_ts_us=1787576489344962 response_hixl_execute_async_ts_us=1787576489344971 response_tm_get_status_ts_us=1787576489345118 response_hixl_query_handle_ts_us=1787576489345124 request_queue_us=11 metadata_prepare_us=0 taskworker_prepare_us=1 poller_queue_us=136 data_transfer_us=0 metadata_settle_us=0 response_slot_wait_us=136 response_submit_us=157 response_transfer_us=68 data_tm_to_hixl_execute_async_us=0 data_tm_to_hixl_query_handle_us=0 response_tm_to_hixl_execute_async_us=9 response_tm_to_hixl_query_handle_us=6 total_us=374 [23989,24002][completion_poller.cc:56,LogRequestDone]
[HIXL_PERF] event=hccl_batch op=1 desc_num=1 hccl_us=63 status=0
[HIXL_PERF] event=issue_hccl_batch op=1 list_num=1 total_us=70
[HIXL_PERF] event=issue_async_host_flag op=1 list_num=1 context_us=1 hccl_issue_us=72 flag_memcpy_us=5 total_us=78
[HIXL_PERF] event=comm_channel_async op=1 list_num=1 mutex_wait_us=0 slot_us=0 host_flag_us=0 record_us=0 issue_us=82 total_us=82
[HIXL_PERF] event=adxl_inner_async op=1 list_num=1 context_us=0 connect_us=0 get_channel_us=1 channel_async_us=84 tail_us=1 total_us=86
[HIXL_PERF] event=comm_engine_async op=1 list_num=1 desc_build_us=1 inner_us=89 total_us=90 status=0
[2026-08-24 21:01:29.345609][UC][I] [HIXL_WORKER_PERF] task_id=331 queue_depth=1 enqueue_lock_wait_us=1 enqueue_us=0 queue_wait_us=5 execute_us=95 result_post_us=5 total_us=106 status=0 [23989,24002][hixl_instance.cpp:107,Run]
[2026-08-24 21:01:29.345618][UC][I] [PERF] component=transport event=transfer_submitted manager=127.0.0.1:8000 target=127.0.0.1:4500 handle=110 transport_handle=110 opcode=1 direct=2 segments=1 bytes=10 submitted_ts_us=1787576489345617 manager_execute_async_ts_us=1787576489345501 backend_execute_async_ts_us=1787576489345508 manager_to_backend_execute_async_us=6 submit_us=116 [23989,24002][transport_manager.cpp:674,ExecuteAsync]
[HIXL_QUERY_PERF] layer=comm_channel request=0x32 mutex_wait_us=0 check_us=0 lookup_us=0 flag_check_us=1 complete_us=1 total_us=2 transfer_status=1
[HIXL_QUERY_PERF] layer=adxl_inner request=0x32 context_us=0 req_lock_wait_us=0 lookup_us=1 channel_us=12 cleanup_us=0 total_us=13 status=0 transfer_status=1
[HIXL_QUERY_PERF] layer=comm_engine request=0x32 total_us=17 status=0 transfer_status=1
[2026-08-24 21:01:29.345655][UC][I] [HIXL_WORKER_PERF] task_id=332 queue_depth=1 enqueue_lock_wait_us=0 enqueue_us=0 queue_wait_us=5 execute_us=20 result_post_us=4 total_us=29 status=0 [23989,24002][hixl_instance.cpp:107,Run]
[2026-08-24 21:01:29.345660][UC][I] [QUERY_PERF] component=ucm layer=hixl_instance request=0x32 queue_wait_us=5 backend_us=20 run_post_us=10 total_us=35 api_status=0 transfer_status=1 [23989,24002][hixl_instance.cpp:370,GetTransferStatus]
[2026-08-24 21:01:29.345666][UC][I] [QUERY_PERF] component=ucm layer=hixl_transport handle=110 request=0x32 lifecycle_lock_us=1 pending_lock_wait_us=0 pending_lookup_us=0 instance_us=40 erase_us=0 total_us=41 transfer_status=1 [23989,24002][hixl_transport.cpp:734,GetStatus]
[2026-08-24 21:01:29.345669][UC][I] [QUERY_PERF] component=ucm layer=transport_manager handle=110 transport_handle=110 transfers_lock_wait_us=0 lookup_us=0 transport_us=45 total_us=45 api_status=0 transfer_status=1 [23989,24002][transport_manager.cpp:716,GetStatus]
[2026-08-24 21:01:29.345673][UC][I] [PERF] component=transport event=transfer_done manager=127.0.0.1:8000 target=127.0.0.1:4500 handle=110 transport_handle=110 opcode=1 direct=2 segments=1 bytes=10 status=1 api_status=0 submitted_ts_us=1787576489345617 completed_ts_us=1787576489345672 manager_get_status_ts_us=1787576489345624 backend_query_ts_us=1787576489345630 submit_us=116 transfer_us=54 manager_to_backend_query_us=6 total_us=170 [23989,24002][transport_manager.cpp:727,GetStatus]
[2026-08-24 21:01:29.345678][UC][I] [PERF] component=drampool event=request_done request_id=11 opcode=0 peer=127.0.0.1:4500 batch_size=2 data_bytes=0 failed_items=0 status=SUCCESS failed_stage=NONE received_ts_us=1787576489345392 worker_started_ts_us=1787576489345435 data_transfer_submitted_ts_us=0 data_transfer_completed_ts_us=0 response_submitted_ts_us=1787576489345623 completed_ts_us=1787576489345676 data_tm_execute_async_ts_us=0 data_hixl_execute_async_ts_us=0 data_tm_get_status_ts_us=0 data_hixl_query_handle_ts_us=0 response_tm_execute_async_ts_us=1787576489345501 response_hixl_execute_async_ts_us=1787576489345508 response_tm_get_status_ts_us=1787576489345624 response_hixl_query_handle_ts_us=1787576489345630 request_queue_us=42 metadata_prepare_us=1 taskworker_prepare_us=2 poller_queue_us=63 data_transfer_us=0 metadata_settle_us=0 response_slot_wait_us=64 response_submit_us=124 response_transfer_us=52 data_tm_to_hixl_execute_async_us=0 data_tm_to_hixl_query_handle_us=0 response_tm_to_hixl_execute_async_us=6 response_tm_to_hixl_query_handle_us=6 total_us=283 [23989,24002][completion_poller.cc:56,LogRequestDone]
[HIXL_PERF] event=hccl_batch op=1 desc_num=1 hccl_us=80 status=0
[HIXL_PERF] event=issue_hccl_batch op=1 list_num=1 total_us=86
[HIXL_PERF] event=issue_async_host_flag op=1 list_num=1 context_us=0 hccl_issue_us=89 flag_memcpy_us=5 total_us=94
[HIXL_PERF] event=comm_channel_async op=1 list_num=1 mutex_wait_us=0 slot_us=0 host_flag_us=0 record_us=0 issue_us=96 total_us=96
[HIXL_PERF] event=adxl_inner_async op=1 list_num=1 context_us=1 connect_us=0 get_channel_us=0 channel_async_us=99 tail_us=1 total_us=101
[HIXL_PERF] event=comm_engine_async op=1 list_num=1 desc_build_us=0 inner_us=103 total_us=103 status=0
[2026-08-24 21:01:29.346110][UC][I] [HIXL_WORKER_PERF] task_id=333 queue_depth=1 enqueue_lock_wait_us=0 enqueue_us=0 queue_wait_us=5 execute_us=106 result_post_us=5 total_us=116 status=0 [23989,24002][hixl_instance.cpp:107,Run]
[2026-08-24 21:01:29.346117][UC][I] [PERF] component=transport event=transfer_submitted manager=127.0.0.1:8000 target=127.0.0.1:4500 handle=111 transport_handle=111 opcode=1 direct=2 segments=1 bytes=10 submitted_ts_us=1787576489346116 manager_execute_async_ts_us=1787576489345993 backend_execute_async_ts_us=1787576489345999 manager_to_backend_execute_async_us=6 submit_us=123 [23989,24002][transport_manager.cpp:674,ExecuteAsync]
[HIXL_QUERY_PERF] layer=comm_channel request=0x33 mutex_wait_us=1 check_us=0 lookup_us=0 flag_check_us=0 complete_us=1 total_us=2 transfer_status=1
[HIXL_QUERY_PERF] layer=adxl_inner request=0x33 context_us=1 req_lock_wait_us=0 lookup_us=0 channel_us=6 cleanup_us=0 total_us=7 status=0 transfer_status=1
[HIXL_QUERY_PERF] layer=comm_engine request=0x33 total_us=10 status=0 transfer_status=1
[2026-08-24 21:01:29.346144][UC][I] [HIXL_WORKER_PERF] task_id=334 queue_depth=1 enqueue_lock_wait_us=1 enqueue_us=0 queue_wait_us=5 execute_us=11 result_post_us=5 total_us=22 status=0 [23989,24002][hixl_instance.cpp:107,Run]
[2026-08-24 21:01:29.346149][UC][I] [QUERY_PERF] component=ucm layer=hixl_instance request=0x33 queue_wait_us=6 backend_us=11 run_post_us=10 total_us=27 api_status=0 transfer_status=1 [23989,24002][hixl_instance.cpp:370,GetTransferStatus]
[2026-08-24 21:01:29.346156][UC][I] [QUERY_PERF] component=ucm layer=hixl_transport handle=111 request=0x33 lifecycle_lock_us=0 pending_lock_wait_us=0 pending_lookup_us=0 instance_us=33 erase_us=0 total_us=33 transfer_status=1 [23989,24002][hixl_transport.cpp:734,GetStatus]
[2026-08-24 21:01:29.346160][UC][I] [QUERY_PERF] component=ucm layer=transport_manager handle=111 transport_handle=111 transfers_lock_wait_us=0 lookup_us=0 transport_us=38 total_us=38 api_status=0 transfer_status=1 [23989,24002][transport_manager.cpp:716,GetStatus]
[2026-08-24 21:01:29.346165][UC][I] [PERF] component=transport event=transfer_done manager=127.0.0.1:8000 target=127.0.0.1:4500 handle=111 transport_handle=111 opcode=1 direct=2 segments=1 bytes=10 status=1 api_status=0 submitted_ts_us=1787576489346116 completed_ts_us=1787576489346164 manager_get_status_ts_us=1787576489346122 backend_query_ts_us=1787576489346128 submit_us=123 transfer_us=48 manager_to_backend_query_us=6 total_us=171 [23989,24002][transport_manager.cpp:727,GetStatus]
[2026-08-24 21:01:29.346171][UC][I] [PERF] component=drampool event=request_done request_id=12 opcode=0 peer=127.0.0.1:4500 batch_size=2 data_bytes=0 failed_items=0 status=SUCCESS failed_stage=NONE received_ts_us=1787576489345882 worker_started_ts_us=1787576489345894 data_transfer_submitted_ts_us=0 data_transfer_completed_ts_us=0 response_submitted_ts_us=1787576489346121 completed_ts_us=1787576489346169 data_tm_execute_async_ts_us=0 data_hixl_execute_async_ts_us=0 data_tm_get_status_ts_us=0 data_hixl_query_handle_ts_us=0 response_tm_execute_async_ts_us=1787576489345993 response_hixl_execute_async_ts_us=1787576489345999 response_tm_get_status_ts_us=1787576489346122 response_hixl_query_handle_ts_us=1787576489346128 request_queue_us=12 metadata_prepare_us=0 taskworker_prepare_us=1 poller_queue_us=96 data_transfer_us=0 metadata_settle_us=0 response_slot_wait_us=96 response_submit_us=130 response_transfer_us=47 data_tm_to_hixl_execute_async_us=0 data_tm_to_hixl_query_handle_us=0 response_tm_to_hixl_execute_async_us=6 response_tm_to_hixl_query_handle_us=6 total_us=287 [23989,24002][completion_poller.cc:56,LogRequestDone]
[2026-08-24 21:01:29.414692][UC][E] TaskWorker ProcessOneRequest failed: -50000, DUMP response exceeds configured flag buffer slot size [23989,24003][task_worker.cc:52,Run]
[2026-08-24 21:01:29.414717][UC][E] TaskWorker ProcessOneRequest failed: -50000, DUMP response exceeds configured flag buffer slot size [23989,24003][task_worker.cc:52,Run]
[2026-08-24 21:01:29.414738][UC][E] TaskWorker ProcessOneRequest failed: -50000, DUMP response exceeds configured flag buffer slot size [23989,24003][task_worker.cc:52,Run]
[HIXL_PERF] event=hccl_batch op=0 desc_num=48 hccl_us=254 status=0
[HIXL_PERF] event=issue_hccl_batch op=0 list_num=48 total_us=276
[HIXL_PERF] event=issue_async_host_flag op=0 list_num=48 context_us=1 hccl_issue_us=278 flag_memcpy_us=6 total_us=285
[HIXL_PERF] event=comm_channel_async op=0 list_num=48 mutex_wait_us=1 slot_us=1 host_flag_us=0 record_us=0 issue_us=290 total_us=292
[HIXL_PERF] event=adxl_inner_async op=0 list_num=48 context_us=1 connect_us=0 get_channel_us=0 channel_async_us=294 tail_us=1 total_us=296
[HIXL_PERF] event=comm_engine_async op=0 list_num=48 desc_build_us=0 inner_us=303 total_us=303 status=0
[2026-08-24 21:01:29.415137][UC][I] [HIXL_WORKER_PERF] task_id=335 queue_depth=1 enqueue_lock_wait_us=0 enqueue_us=1 queue_wait_us=10 execute_us=311 result_post_us=8 total_us=330 status=0 [23989,24003][hixl_instance.cpp:107,Run]
[2026-08-24 21:01:29.415148][UC][I] [PERF] component=transport event=transfer_submitted manager=127.0.0.1:8000 target=127.0.0.1:4501 handle=112 transport_handle=112 opcode=0 direct=2 segments=48 bytes=3538944 submitted_ts_us=1787576489415147 manager_execute_async_ts_us=1787576489414800 backend_execute_async_ts_us=1787576489414818 manager_to_backend_execute_async_us=18 submit_us=345 [23989,24003][transport_manager.cpp:674,ExecuteAsync]
[HIXL_QUERY_PERF] layer=comm_channel request=0x34 mutex_wait_us=0 check_us=1 lookup_us=0 flag_check_us=1 complete_us=3 total_us=5 transfer_status=1
[HIXL_QUERY_PERF] layer=adxl_inner request=0x34 context_us=1 req_lock_wait_us=0 lookup_us=1 channel_us=16 cleanup_us=0 total_us=18 status=0 transfer_status=1
[HIXL_QUERY_PERF] layer=comm_engine request=0x34 total_us=21 status=0 transfer_status=1
[2026-08-24 21:01:29.415335][UC][I] [HIXL_WORKER_PERF] task_id=336 queue_depth=1 enqueue_lock_wait_us=0 enqueue_us=0 queue_wait_us=6 execute_us=24 result_post_us=6 total_us=36 status=0 [23989,24002][hixl_instance.cpp:107,Run]
[2026-08-24 21:01:29.415342][UC][I] [QUERY_PERF] component=ucm layer=hixl_instance request=0x34 queue_wait_us=8 backend_us=23 run_post_us=12 total_us=43 api_status=0 transfer_status=1 [23989,24002][hixl_instance.cpp:370,GetTransferStatus]
[2026-08-24 21:01:29.415346][UC][I] [QUERY_PERF] component=ucm layer=hixl_transport handle=112 request=0x34 lifecycle_lock_us=0 pending_lock_wait_us=0 pending_lookup_us=0 instance_us=47 erase_us=0 total_us=47 transfer_status=1 [23989,24002][hixl_transport.cpp:734,GetStatus]
[2026-08-24 21:01:29.415349][UC][I] [QUERY_PERF] component=ucm layer=transport_manager handle=112 transport_handle=112 transfers_lock_wait_us=0 lookup_us=1 transport_us=51 total_us=52 api_status=0 transfer_status=1 [23989,24002][transport_manager.cpp:716,GetStatus]
[2026-08-24 21:01:29.415353][UC][I] [PERF] component=transport event=transfer_done manager=127.0.0.1:8000 target=127.0.0.1:4501 handle=112 transport_handle=112 opcode=0 direct=2 segments=48 bytes=3538944 status=1 api_status=0 submitted_ts_us=1787576489415147 completed_ts_us=1787576489415352 manager_get_status_ts_us=1787576489415297 backend_query_ts_us=1787576489415306 submit_us=345 transfer_us=205 manager_to_backend_query_us=9 total_us=550 [23989,24002][transport_manager.cpp:727,GetStatus]
[HIXL_PERF] event=hccl_batch op=1 desc_num=1 hccl_us=82 status=0
[HIXL_PERF] event=issue_hccl_batch op=1 list_num=1 total_us=89
[HIXL_PERF] event=issue_async_host_flag op=1 list_num=1 context_us=0 hccl_issue_us=91 flag_memcpy_us=4 total_us=95
[HIXL_PERF] event=comm_channel_async op=1 list_num=1 mutex_wait_us=0 slot_us=0 host_flag_us=0 record_us=1 issue_us=98 total_us=99
[HIXL_PERF] event=adxl_inner_async op=1 list_num=1 context_us=0 connect_us=0 get_channel_us=1 channel_async_us=101 tail_us=1 total_us=103
[HIXL_PERF] event=comm_engine_async op=1 list_num=1 desc_build_us=0 inner_us=105 total_us=105 status=0
[2026-08-24 21:01:29.415500][UC][I] [HIXL_WORKER_PERF] task_id=337 queue_depth=1 enqueue_lock_wait_us=0 enqueue_us=0 queue_wait_us=5 execute_us=111 result_post_us=5 total_us=121 status=0 [23989,24002][hixl_instance.cpp:107,Run]
[2026-08-24 21:01:29.415506][UC][I] [PERF] component=transport event=transfer_submitted manager=127.0.0.1:8000 target=127.0.0.1:4501 handle=113 transport_handle=113 opcode=1 direct=2 segments=1 bytes=33 submitted_ts_us=1787576489415505 manager_execute_async_ts_us=1787576489415377 backend_execute_async_ts_us=1787576489415383 manager_to_backend_execute_async_us=7 submit_us=128 [23989,24002][transport_manager.cpp:674,ExecuteAsync]
[HIXL_QUERY_PERF] layer=comm_channel request=0x35 mutex_wait_us=0 check_us=0 lookup_us=1 flag_check_us=0 complete_us=1 total_us=2 transfer_status=1
[HIXL_QUERY_PERF] layer=adxl_inner request=0x35 context_us=0 req_lock_wait_us=1 lookup_us=0 channel_us=6 cleanup_us=0 total_us=7 status=0 transfer_status=1
[HIXL_QUERY_PERF] layer=comm_engine request=0x35 total_us=10 status=0 transfer_status=1
[2026-08-24 21:01:29.415535][UC][I] [HIXL_WORKER_PERF] task_id=338 queue_depth=1 enqueue_lock_wait_us=0 enqueue_us=1 queue_wait_us=5 execute_us=12 result_post_us=5 total_us=23 status=0 [23989,24002][hixl_instance.cpp:107,Run]
[2026-08-24 21:01:29.415540][UC][I] [QUERY_PERF] component=ucm layer=hixl_instance request=0x35 queue_wait_us=7 backend_us=11 run_post_us=10 total_us=28 api_status=0 transfer_status=1 [23989,24002][hixl_instance.cpp:370,GetTransferStatus]
[2026-08-24 21:01:29.415554][UC][I] [QUERY_PERF] component=ucm layer=hixl_transport handle=113 request=0x35 lifecycle_lock_us=0 pending_lock_wait_us=0 pending_lookup_us=0 instance_us=41 erase_us=0 total_us=41 transfer_status=1 [23989,24002][hixl_transport.cpp:734,GetStatus]
[2026-08-24 21:01:29.415559][UC][I] [QUERY_PERF] component=ucm layer=transport_manager handle=113 transport_handle=113 transfers_lock_wait_us=1 lookup_us=0 transport_us=47 total_us=48 api_status=0 transfer_status=1 [23989,24002][transport_manager.cpp:716,GetStatus]
[2026-08-24 21:01:29.415564][UC][I] [PERF] component=transport event=transfer_done manager=127.0.0.1:8000 target=127.0.0.1:4501 handle=113 transport_handle=113 opcode=1 direct=2 segments=1 bytes=33 status=1 api_status=0 submitted_ts_us=1787576489415505 completed_ts_us=1787576489415563 manager_get_status_ts_us=1787576489415511 backend_query_ts_us=1787576489415518 submit_us=128 transfer_us=58 manager_to_backend_query_us=8 total_us=186 [23989,24002][transport_manager.cpp:727,GetStatus]
[2026-08-24 21:01:29.415575][UC][I] [PERF] component=drampool event=request_done request_id=12 opcode=1 peer=127.0.0.1:4501 batch_size=48 data_bytes=3538944 failed_items=0 status=SUCCESS failed_stage=NONE received_ts_us=1787576489414584 worker_started_ts_us=1787576489414742 data_transfer_submitted_ts_us=1787576489415155 data_transfer_completed_ts_us=1787576489415357 response_submitted_ts_us=1787576489415510 completed_ts_us=1787576489415572 data_tm_execute_async_ts_us=1787576489414800 data_hixl_execute_async_ts_us=1787576489414818 data_tm_get_status_ts_us=1787576489415297 data_hixl_query_handle_ts_us=1787576489415306 response_tm_execute_async_ts_us=1787576489415377 response_hixl_execute_async_ts_us=1787576489415383 response_tm_get_status_ts_us=1787576489415511 response_hixl_query_handle_ts_us=1787576489415518 request_queue_us=157 metadata_prepare_us=52 taskworker_prepare_us=414 poller_queue_us=140 data_transfer_us=202 metadata_settle_us=18 response_slot_wait_us=1 response_submit_us=135 response_transfer_us=60 data_tm_to_hixl_execute_async_us=18 data_tm_to_hixl_query_handle_us=9 response_tm_to_hixl_execute_async_us=7 response_tm_to_hixl_query_handle_us=8 total_us=987 [23989,24002][completion_poller.cc:56,LogRequestDone]
[2026-08-24 21:01:32.616736][UC][I] [HIXL_WORKER_PERF] task_id=339 queue_depth=1 enqueue_lock_wait_us=2 enqueue_us=1 queue_wait_us=17 execute_us=202189 result_post_us=23 total_us=202232 status=0 [23989,24051][hixl_instance.cpp:107,Run]
[2026-08-24 21:01:32.793916][UC][I] [HIXL_WORKER_PERF] task_id=340 queue_depth=1 enqueue_lock_wait_us=1 enqueue_us=1 queue_wait_us=13 execute_us=176595 result_post_us=19 total_us=176629 status=0 [23989,24051][hixl_instance.cpp:107,Run]
[HIXL_PERF] event=hccl_batch op=1 desc_num=1 hccl_us=256 status=0
[HIXL_PERF] event=issue_hccl_batch op=1 list_num=1 total_us=284
[HIXL_PERF] event=issue_async_host_flag op=1 list_num=1 context_us=1 hccl_issue_us=288 flag_memcpy_us=14 total_us=303
[HIXL_PERF] event=comm_channel_async op=1 list_num=1 mutex_wait_us=0 slot_us=2 host_flag_us=1 record_us=2 issue_us=309 total_us=314
[HIXL_PERF] event=adxl_inner_async op=1 list_num=1 context_us=11 connect_us=0 get_channel_us=5 channel_async_us=317 tail_us=2 total_us=335
[HIXL_PERF] event=comm_engine_async op=1 list_num=1 desc_build_us=1 inner_us=341 total_us=342 status=0
[2026-08-24 21:01:37.578653][UC][I] [HIXL_WORKER_PERF] task_id=341 queue_depth=1 enqueue_lock_wait_us=1 enqueue_us=1 queue_wait_us=17 execute_us=359 result_post_us=8 total_us=386 status=0 [23989,24002][hixl_instance.cpp:107,Run]
[2026-08-24 21:01:37.578685][UC][I] [PERF] component=transport event=transfer_submitted manager=127.0.0.1:8000 target=127.0.0.1:4500 handle=114 transport_handle=114 opcode=1 direct=2 segments=1 bytes=10 submitted_ts_us=1787576497578683 manager_execute_async_ts_us=1787576497578255 backend_execute_async_ts_us=1787576497578287 manager_to_backend_execute_async_us=33 submit_us=423 [23989,24002][transport_manager.cpp:674,ExecuteAsync]
[HIXL_QUERY_PERF] layer=comm_channel request=0x36 mutex_wait_us=0 check_us=0 lookup_us=1 flag_check_us=0 complete_us=6 total_us=7 transfer_status=1
[HIXL_QUERY_PERF] layer=adxl_inner request=0x36 context_us=1 req_lock_wait_us=0 lookup_us=1 channel_us=24 cleanup_us=2 total_us=28 status=0 transfer_status=1
[HIXL_QUERY_PERF] layer=comm_engine request=0x36 total_us=33 status=0 transfer_status=1
[2026-08-24 21:01:37.578744][UC][I] [HIXL_WORKER_PERF] task_id=342 queue_depth=1 enqueue_lock_wait_us=0 enqueue_us=0 queue_wait_us=6 execute_us=38 result_post_us=5 total_us=49 status=0 [23989,24002][hixl_instance.cpp:107,Run]
[2026-08-24 21:01:37.578751][UC][I] [QUERY_PERF] component=ucm layer=hixl_instance request=0x36 queue_wait_us=7 backend_us=38 run_post_us=11 total_us=56 api_status=0 transfer_status=1 [23989,24002][hixl_instance.cpp:370,GetTransferStatus]
[2026-08-24 21:01:37.578757][UC][I] [QUERY_PERF] component=ucm layer=hixl_transport handle=114 request=0x36 lifecycle_lock_us=0 pending_lock_wait_us=0 pending_lookup_us=0 instance_us=60 erase_us=1 total_us=61 transfer_status=1 [23989,24002][hixl_transport.cpp:734,GetStatus]
[2026-08-24 21:01:37.578764][UC][I] [QUERY_PERF] component=ucm layer=transport_manager handle=114 transport_handle=114 transfers_lock_wait_us=0 lookup_us=0 transport_us=70 total_us=70 api_status=0 transfer_status=1 [23989,24002][transport_manager.cpp:716,GetStatus]
[2026-08-24 21:01:37.578771][UC][I] [PERF] component=transport event=transfer_done manager=127.0.0.1:8000 target=127.0.0.1:4500 handle=114 transport_handle=114 opcode=1 direct=2 segments=1 bytes=10 status=1 api_status=0 submitted_ts_us=1787576497578683 completed_ts_us=1787576497578769 manager_get_status_ts_us=1787576497578693 backend_query_ts_us=1787576497578701 submit_us=423 transfer_us=86 manager_to_backend_query_us=8 total_us=509 [23989,24002][transport_manager.cpp:727,GetStatus]
[2026-08-24 21:01:37.578796][UC][I] [PERF] component=drampool event=request_done request_id=13 opcode=0 peer=127.0.0.1:4500 batch_size=2 data_bytes=0 failed_items=0 status=SUCCESS failed_stage=NONE received_ts_us=1787576497578080 worker_started_ts_us=1787576497578097 data_transfer_submitted_ts_us=0 data_transfer_completed_ts_us=0 response_submitted_ts_us=1787576497578691 completed_ts_us=1787576497578791 data_tm_execute_async_ts_us=0 data_hixl_execute_async_ts_us=0 data_tm_get_status_ts_us=0 data_hixl_query_handle_ts_us=0 response_tm_execute_async_ts_us=1787576497578255 response_hixl_execute_async_ts_us=1787576497578287 response_tm_get_status_ts_us=1787576497578693 response_hixl_query_handle_ts_us=1787576497578701 request_queue_us=16 metadata_prepare_us=1 taskworker_prepare_us=8 poller_queue_us=140 data_transfer_us=0 metadata_settle_us=0 response_slot_wait_us=145 response_submit_us=444 response_transfer_us=97 data_tm_to_hixl_execute_async_us=0 data_tm_to_hixl_query_handle_us=0 response_tm_to_hixl_execute_async_us=33 response_tm_to_hixl_query_handle_us=8 total_us=710 [23989,24002][completion_poller.cc:56,LogRequestDone]
[HIXL_PERF] event=hccl_batch op=1 desc_num=1 hccl_us=99 status=0
[HIXL_PERF] event=issue_hccl_batch op=1 list_num=1 total_us=108
[HIXL_PERF] event=issue_async_host_flag op=1 list_num=1 context_us=1 hccl_issue_us=111 flag_memcpy_us=7 total_us=119
[HIXL_PERF] event=comm_channel_async op=1 list_num=1 mutex_wait_us=0 slot_us=0 host_flag_us=1 record_us=0 issue_us=122 total_us=123
[HIXL_PERF] event=adxl_inner_async op=1 list_num=1 context_us=0 connect_us=0 get_channel_us=1 channel_async_us=127 tail_us=1 total_us=129
[HIXL_PERF] event=comm_engine_async op=1 list_num=1 desc_build_us=1 inner_us=131 total_us=132 status=0
[2026-08-24 21:01:37.579414][UC][I] [HIXL_WORKER_PERF] task_id=343 queue_depth=1 enqueue_lock_wait_us=0 enqueue_us=0 queue_wait_us=5 execute_us=138 result_post_us=5 total_us=148 status=0 [23989,24002][hixl_instance.cpp:107,Run]
[2026-08-24 21:01:37.579424][UC][I] [PERF] component=transport event=transfer_submitted manager=127.0.0.1:8000 target=127.0.0.1:4500 handle=115 transport_handle=115 opcode=1 direct=2 segments=1 bytes=10 submitted_ts_us=1787576497579423 manager_execute_async_ts_us=1787576497579263 backend_execute_async_ts_us=1787576497579271 manager_to_backend_execute_async_us=8 submit_us=159 [23989,24002][transport_manager.cpp:674,ExecuteAsync]
[HIXL_QUERY_PERF] layer=comm_channel request=0x37 mutex_wait_us=0 check_us=0 lookup_us=0 flag_check_us=0 complete_us=2 total_us=2 transfer_status=1
[HIXL_QUERY_PERF] layer=adxl_inner request=0x37 context_us=1 req_lock_wait_us=0 lookup_us=1 channel_us=6 cleanup_us=1 total_us=9 status=0 transfer_status=1
[HIXL_QUERY_PERF] layer=comm_engine request=0x37 total_us=13 status=0 transfer_status=1
[2026-08-24 21:01:37.579460][UC][I] [HIXL_WORKER_PERF] task_id=344 queue_depth=1 enqueue_lock_wait_us=1 enqueue_us=0 queue_wait_us=4 execute_us=17 result_post_us=4 total_us=26 status=0 [23989,24002][hixl_instance.cpp:107,Run]
[2026-08-24 21:01:37.579467][UC][I] [QUERY_PERF] component=ucm layer=hixl_instance request=0x37 queue_wait_us=5 backend_us=17 run_post_us=11 total_us=33 api_status=0 transfer_status=1 [23989,24002][hixl_instance.cpp:370,GetTransferStatus]
[2026-08-24 21:01:37.579473][UC][I] [QUERY_PERF] component=ucm layer=hixl_transport handle=115 request=0x37 lifecycle_lock_us=0 pending_lock_wait_us=0 pending_lookup_us=0 instance_us=38 erase_us=0 total_us=38 transfer_status=1 [23989,24002][hixl_transport.cpp:734,GetStatus]
[2026-08-24 21:01:37.579478][UC][I] [QUERY_PERF] component=ucm layer=transport_manager handle=115 transport_handle=115 transfers_lock_wait_us=0 lookup_us=1 transport_us=44 total_us=45 api_status=0 transfer_status=1 [23989,24002][transport_manager.cpp:716,GetStatus]
[2026-08-24 21:01:37.579485][UC][I] [PERF] component=transport event=transfer_done manager=127.0.0.1:8000 target=127.0.0.1:4500 handle=115 transport_handle=115 opcode=1 direct=2 segments=1 bytes=10 status=1 api_status=0 submitted_ts_us=1787576497579423 completed_ts_us=1787576497579484 manager_get_status_ts_us=1787576497579433 backend_query_ts_us=1787576497579439 submit_us=159 transfer_us=61 manager_to_backend_query_us=6 total_us=220 [23989,24002][transport_manager.cpp:727,GetStatus]
[2026-08-24 21:01:37.579493][UC][I] [PERF] component=drampool event=request_done request_id=14 opcode=0 peer=127.0.0.1:4500 batch_size=2 data_bytes=0 failed_items=0 status=SUCCESS failed_stage=NONE received_ts_us=1787576497579138 worker_started_ts_us=1787576497579171 data_transfer_submitted_ts_us=0 data_transfer_completed_ts_us=0 response_submitted_ts_us=1787576497579432 completed_ts_us=1787576497579490 data_tm_execute_async_ts_us=0 data_hixl_execute_async_ts_us=0 data_tm_get_status_ts_us=0 data_hixl_query_handle_ts_us=0 response_tm_execute_async_ts_us=1787576497579263 response_hixl_execute_async_ts_us=1787576497579271 response_tm_get_status_ts_us=1787576497579433 response_hixl_query_handle_ts_us=1787576497579439 request_queue_us=33 metadata_prepare_us=0 taskworker_prepare_us=1 poller_queue_us=89 data_transfer_us=0 metadata_settle_us=0 response_slot_wait_us=89 response_submit_us=171 response_transfer_us=58 data_tm_to_hixl_execute_async_us=0 data_tm_to_hixl_query_handle_us=0 response_tm_to_hixl_execute_async_us=8 response_tm_to_hixl_query_handle_us=6 total_us=353 [23989,24002][completion_poller.cc:56,LogRequestDone]
[HIXL_PERF] event=hccl_batch op=1 desc_num=1 hccl_us=83 status=0
[HIXL_PERF] event=issue_hccl_batch op=1 list_num=1 total_us=94
[HIXL_PERF] event=issue_async_host_flag op=1 list_num=1 context_us=1 hccl_issue_us=96 flag_memcpy_us=6 total_us=103
[HIXL_PERF] event=comm_channel_async op=1 list_num=1 mutex_wait_us=0 slot_us=1 host_flag_us=0 record_us=0 issue_us=107 total_us=108
[HIXL_PERF] event=adxl_inner_async op=1 list_num=1 context_us=1 connect_us=0 get_channel_us=0 channel_async_us=111 tail_us=0 total_us=112
[HIXL_PERF] event=comm_engine_async op=1 list_num=1 desc_build_us=0 inner_us=114 total_us=114 status=0
[2026-08-24 21:01:37.579936][UC][I] [HIXL_WORKER_PERF] task_id=345 queue_depth=1 enqueue_lock_wait_us=0 enqueue_us=0 queue_wait_us=4 execute_us=118 result_post_us=5 total_us=127 status=0 [23989,24002][hixl_instance.cpp:107,Run]
[2026-08-24 21:01:37.579943][UC][I] [PERF] component=transport event=transfer_submitted manager=127.0.0.1:8000 target=127.0.0.1:4500 handle=116 transport_handle=116 opcode=1 direct=2 segments=1 bytes=10 submitted_ts_us=1787576497579942 manager_execute_async_ts_us=1787576497579807 backend_execute_async_ts_us=1787576497579812 manager_to_backend_execute_async_us=5 submit_us=134 [23989,24002][transport_manager.cpp:674,ExecuteAsync]
[HIXL_QUERY_PERF] layer=comm_channel request=0x38 mutex_wait_us=0 check_us=0 lookup_us=0 flag_check_us=1 complete_us=1 total_us=2 transfer_status=1
[HIXL_QUERY_PERF] layer=adxl_inner request=0x38 context_us=0 req_lock_wait_us=0 lookup_us=1 channel_us=7 cleanup_us=0 total_us=8 status=0 transfer_status=1
[HIXL_QUERY_PERF] layer=comm_engine request=0x38 total_us=13 status=0 transfer_status=1
[2026-08-24 21:01:37.579978][UC][I] [HIXL_WORKER_PERF] task_id=346 queue_depth=1 enqueue_lock_wait_us=0 enqueue_us=0 queue_wait_us=5 execute_us=18 result_post_us=4 total_us=27 status=0 [23989,24002][hixl_instance.cpp:107,Run]
[2026-08-24 21:01:37.579984][UC][I] [QUERY_PERF] component=ucm layer=hixl_instance request=0x38 queue_wait_us=5 backend_us=18 run_post_us=10 total_us=33 api_status=0 transfer_status=1 [23989,24002][hixl_instance.cpp:370,GetTransferStatus]
[2026-08-24 21:01:37.579988][UC][I] [QUERY_PERF] component=ucm layer=hixl_transport handle=116 request=0x38 lifecycle_lock_us=0 pending_lock_wait_us=0 pending_lookup_us=1 instance_us=36 erase_us=0 total_us=37 transfer_status=1 [23989,24002][hixl_transport.cpp:734,GetStatus]
[2026-08-24 21:01:37.579991][UC][I] [QUERY_PERF] component=ucm layer=transport_manager handle=116 transport_handle=116 transfers_lock_wait_us=0 lookup_us=0 transport_us=41 total_us=41 api_status=0 transfer_status=1 [23989,24002][transport_manager.cpp:716,GetStatus]
[2026-08-24 21:01:37.579995][UC][I] [PERF] component=transport event=transfer_done manager=127.0.0.1:8000 target=127.0.0.1:4500 handle=116 transport_handle=116 opcode=1 direct=2 segments=1 bytes=10 status=1 api_status=0 submitted_ts_us=1787576497579942 completed_ts_us=1787576497579994 manager_get_status_ts_us=1787576497579950 backend_query_ts_us=1787576497579956 submit_us=134 transfer_us=52 manager_to_backend_query_us=6 total_us=186 [23989,24002][transport_manager.cpp:727,GetStatus]
[2026-08-24 21:01:37.580001][UC][I] [PERF] component=drampool event=request_done request_id=15 opcode=0 peer=127.0.0.1:4500 batch_size=2 data_bytes=0 failed_items=0 status=SUCCESS failed_stage=NONE received_ts_us=1787576497579735 worker_started_ts_us=1787576497579782 data_transfer_submitted_ts_us=0 data_transfer_completed_ts_us=0 response_submitted_ts_us=1787576497579949 completed_ts_us=1787576497579999 data_tm_execute_async_ts_us=0 data_hixl_execute_async_ts_us=0 data_tm_get_status_ts_us=0 data_hixl_query_handle_ts_us=0 response_tm_execute_async_ts_us=1787576497579807 response_hixl_execute_async_ts_us=1787576497579812 response_tm_get_status_ts_us=1787576497579950 response_hixl_query_handle_ts_us=1787576497579956 request_queue_us=47 metadata_prepare_us=0 taskworker_prepare_us=1 poller_queue_us=23 data_transfer_us=0 metadata_settle_us=0 response_slot_wait_us=23 response_submit_us=143 response_transfer_us=50 data_tm_to_hixl_execute_async_us=0 data_tm_to_hixl_query_handle_us=0 response_tm_to_hixl_execute_async_us=5 response_tm_to_hixl_query_handle_us=6 total_us=264 [23989,24002][completion_poller.cc:56,LogRequestDone]
[HIXL_PERF] event=hccl_batch op=1 desc_num=1 hccl_us=64 status=0
[HIXL_PERF] event=issue_hccl_batch op=1 list_num=1 total_us=72
[HIXL_PERF] event=issue_async_host_flag op=1 list_num=1 context_us=0 hccl_issue_us=74 flag_memcpy_us=6 total_us=80
[HIXL_PERF] event=comm_channel_async op=1 list_num=1 mutex_wait_us=0 slot_us=0 host_flag_us=0 record_us=1 issue_us=84 total_us=85
[HIXL_PERF] event=adxl_inner_async op=1 list_num=1 context_us=0 connect_us=0 get_channel_us=1 channel_async_us=89 tail_us=0 total_us=90
[HIXL_PERF] event=comm_engine_async op=1 list_num=1 desc_build_us=0 inner_us=94 total_us=94 status=0
[2026-08-24 21:01:37.580574][UC][I] [HIXL_WORKER_PERF] task_id=347 queue_depth=1 enqueue_lock_wait_us=0 enqueue_us=0 queue_wait_us=4 execute_us=98 result_post_us=4 total_us=106 status=0 [23989,24002][hixl_instance.cpp:107,Run]
[2026-08-24 21:01:37.580583][UC][I] [PERF] component=transport event=transfer_submitted manager=127.0.0.1:8000 target=127.0.0.1:4500 handle=117 transport_handle=117 opcode=1 direct=2 segments=1 bytes=10 submitted_ts_us=1787576497580583 manager_execute_async_ts_us=1787576497580466 backend_execute_async_ts_us=1787576497580471 manager_to_backend_execute_async_us=5 submit_us=116 [23989,24002][transport_manager.cpp:674,ExecuteAsync]
[HIXL_QUERY_PERF] layer=comm_channel request=0x39 mutex_wait_us=0 check_us=0 lookup_us=1 flag_check_us=0 complete_us=1 total_us=2 transfer_status=1
[HIXL_QUERY_PERF] layer=adxl_inner request=0x39 context_us=1 req_lock_wait_us=0 lookup_us=0 channel_us=8 cleanup_us=1 total_us=10 status=0 transfer_status=1
[HIXL_QUERY_PERF] layer=comm_engine request=0x39 total_us=14 status=0 transfer_status=1
[2026-08-24 21:01:37.580621][UC][I] [HIXL_WORKER_PERF] task_id=348 queue_depth=1 enqueue_lock_wait_us=0 enqueue_us=0 queue_wait_us=5 execute_us=17 result_post_us=4 total_us=26 status=0 [23989,24002][hixl_instance.cpp:107,Run]
[2026-08-24 21:01:37.580627][UC][I] [QUERY_PERF] component=ucm layer=hixl_instance request=0x39 queue_wait_us=5 backend_us=17 run_post_us=9 total_us=31 api_status=0 transfer_status=1 [23989,24002][hixl_instance.cpp:370,GetTransferStatus]
[2026-08-24 21:01:37.580630][UC][I] [QUERY_PERF] component=ucm layer=hixl_transport handle=117 request=0x39 lifecycle_lock_us=0 pending_lock_wait_us=0 pending_lookup_us=1 instance_us=34 erase_us=1 total_us=36 transfer_status=1 [23989,24002][hixl_transport.cpp:734,GetStatus]
[2026-08-24 21:01:37.580633][UC][I] [QUERY_PERF] component=ucm layer=transport_manager handle=117 transport_handle=117 transfers_lock_wait_us=0 lookup_us=0 transport_us=39 total_us=39 api_status=0 transfer_status=1 [23989,24002][transport_manager.cpp:716,GetStatus]
[2026-08-24 21:01:37.580637][UC][I] [PERF] component=transport event=transfer_done manager=127.0.0.1:8000 target=127.0.0.1:4500 handle=117 transport_handle=117 opcode=1 direct=2 segments=1 bytes=10 status=1 api_status=0 submitted_ts_us=1787576497580583 completed_ts_us=1787576497580636 manager_get_status_ts_us=1787576497580594 backend_query_ts_us=1787576497580600 submit_us=116 transfer_us=53 manager_to_backend_query_us=6 total_us=169 [23989,24002][transport_manager.cpp:727,GetStatus]
[2026-08-24 21:01:37.580643][UC][I] [PERF] component=drampool event=request_done request_id=16 opcode=0 peer=127.0.0.1:4500 batch_size=2 data_bytes=0 failed_items=0 status=SUCCESS failed_stage=NONE received_ts_us=1787576497580270 worker_started_ts_us=1787576497580394 data_transfer_submitted_ts_us=0 data_transfer_completed_ts_us=0 response_submitted_ts_us=1787576497580593 completed_ts_us=1787576497580641 data_tm_execute_async_ts_us=0 data_hixl_execute_async_ts_us=0 data_tm_get_status_ts_us=0 data_hixl_query_handle_ts_us=0 response_tm_execute_async_ts_us=1787576497580466 response_hixl_execute_async_ts_us=1787576497580471 response_tm_get_status_ts_us=1787576497580594 response_hixl_query_handle_ts_us=1787576497580600 request_queue_us=124 metadata_prepare_us=1 taskworker_prepare_us=2 poller_queue_us=69 data_transfer_us=0 metadata_settle_us=0 response_slot_wait_us=70 response_submit_us=128 response_transfer_us=47 data_tm_to_hixl_execute_async_us=0 data_tm_to_hixl_query_handle_us=0 response_tm_to_hixl_execute_async_us=5 response_tm_to_hixl_query_handle_us=6 total_us=371 [23989,24002][completion_poller.cc:56,LogRequestDone]
[2026-08-24 21:01:37.645189][UC][E] TaskWorker ProcessOneRequest failed: -50000, DUMP response exceeds configured flag buffer slot size [23989,24003][task_worker.cc:52,Run]
[2026-08-24 21:01:37.645371][UC][E] TaskWorker ProcessOneRequest failed: -50000, DUMP response exceeds configured flag buffer slot size [23989,24003][task_worker.cc:52,Run]
[2026-08-24 21:01:37.645382][UC][E] TaskWorker ProcessOneRequest failed: -50000, DUMP response exceeds configured flag buffer slot size [23989,24003][task_worker.cc:52,Run]
[2026-08-24 21:01:37.645402][UC][I] ShardMetadata StoreBegin: key already exists. [23989,24003][metadata.cc:57,StoreBegin]
[2026-08-24 21:01:37.645407][UC][I] ShardMetadata StoreBegin: key already exists. [23989,24003][metadata.cc:57,StoreBegin]
[2026-08-24 21:01:37.645410][UC][I] ShardMetadata StoreBegin: key already exists. [23989,24003][metadata.cc:57,StoreBegin]
[2026-08-24 21:01:37.645413][UC][I] ShardMetadata StoreBegin: key already exists. [23989,24003][metadata.cc:57,StoreBegin]
[2026-08-24 21:01:37.645416][UC][I] ShardMetadata StoreBegin: key already exists. [23989,24003][metadata.cc:57,StoreBegin]
[2026-08-24 21:01:37.645427][UC][I] ShardMetadata StoreBegin: key already exists. [23989,24003][metadata.cc:57,StoreBegin]
[2026-08-24 21:01:37.645431][UC][I] ShardMetadata StoreBegin: key already exists. [23989,24003][metadata.cc:57,StoreBegin]
[2026-08-24 21:01:37.645434][UC][I] ShardMetadata StoreBegin: key already exists. [23989,24003][metadata.cc:57,StoreBegin]
[2026-08-24 21:01:37.645437][UC][I] ShardMetadata StoreBegin: key already exists. [23989,24003][metadata.cc:57,StoreBegin]
[2026-08-24 21:01:37.645439][UC][I] ShardMetadata StoreBegin: key already exists. [23989,24003][metadata.cc:57,StoreBegin]
[2026-08-24 21:01:37.645442][UC][I] ShardMetadata StoreBegin: key already exists. [23989,24003][metadata.cc:57,StoreBegin]
[2026-08-24 21:01:37.645445][UC][I] ShardMetadata StoreBegin: key already exists. [23989,24003][metadata.cc:57,StoreBegin]
[2026-08-24 21:01:37.645447][UC][I] ShardMetadata StoreBegin: key already exists. [23989,24003][metadata.cc:57,StoreBegin]
[2026-08-24 21:01:37.645450][UC][I] ShardMetadata StoreBegin: key already exists. [23989,24003][metadata.cc:57,StoreBegin]
[2026-08-24 21:01:37.645453][UC][I] ShardMetadata StoreBegin: key already exists. [23989,24003][metadata.cc:57,StoreBegin]
[2026-08-24 21:01:37.645455][UC][I] ShardMetadata StoreBegin: key already exists. [23989,24003][metadata.cc:57,StoreBegin]
[2026-08-24 21:01:37.645458][UC][I] ShardMetadata StoreBegin: key already exists. [23989,24003][metadata.cc:57,StoreBegin]
[2026-08-24 21:01:37.645461][UC][I] ShardMetadata StoreBegin: key already exists. [23989,24003][metadata.cc:57,StoreBegin]
[2026-08-24 21:01:37.645464][UC][I] ShardMetadata StoreBegin: key already exists. [23989,24003][metadata.cc:57,StoreBegin]
[2026-08-24 21:01:37.645468][UC][I] ShardMetadata StoreBegin: key already exists. [23989,24003][metadata.cc:57,StoreBegin]
[2026-08-24 21:01:37.645471][UC][I] ShardMetadata StoreBegin: key already exists. [23989,24003][metadata.cc:57,StoreBegin]
[2026-08-24 21:01:37.645474][UC][I] ShardMetadata StoreBegin: key already exists. [23989,24003][metadata.cc:57,StoreBegin]
[2026-08-24 21:01:37.645476][UC][I] ShardMetadata StoreBegin: key already exists. [23989,24003][metadata.cc:57,StoreBegin]
[2026-08-24 21:01:37.645479][UC][I] ShardMetadata StoreBegin: key already exists. [23989,24003][metadata.cc:57,StoreBegin]
[2026-08-24 21:01:37.645483][UC][I] ShardMetadata StoreBegin: key already exists. [23989,24003][metadata.cc:57,StoreBegin]
[2026-08-24 21:01:37.645485][UC][I] ShardMetadata StoreBegin: key already exists. [23989,24003][metadata.cc:57,StoreBegin]
[2026-08-24 21:01:37.645488][UC][I] ShardMetadata StoreBegin: key already exists. [23989,24003][metadata.cc:57,StoreBegin]
[2026-08-24 21:01:37.645490][UC][I] ShardMetadata StoreBegin: key already exists. [23989,24003][metadata.cc:57,StoreBegin]
[2026-08-24 21:01:37.645493][UC][I] ShardMetadata StoreBegin: key already exists. [23989,24003][metadata.cc:57,StoreBegin]
[2026-08-24 21:01:37.645497][UC][I] ShardMetadata StoreBegin: key already exists. [23989,24003][metadata.cc:57,StoreBegin]
[2026-08-24 21:01:37.645501][UC][I] ShardMetadata StoreBegin: key already exists. [23989,24003][metadata.cc:57,StoreBegin]
[2026-08-24 21:01:37.645504][UC][I] ShardMetadata StoreBegin: key already exists. [23989,24003][metadata.cc:57,StoreBegin]
[2026-08-24 21:01:37.645506][UC][I] ShardMetadata StoreBegin: key already exists. [23989,24003][metadata.cc:57,StoreBegin]
[2026-08-24 21:01:37.645509][UC][I] ShardMetadata StoreBegin: key already exists. [23989,24003][metadata.cc:57,StoreBegin]
[2026-08-24 21:01:37.645513][UC][I] ShardMetadata StoreBegin: key already exists. [23989,24003][metadata.cc:57,StoreBegin]
[2026-08-24 21:01:37.645516][UC][I] ShardMetadata StoreBegin: key already exists. [23989,24003][metadata.cc:57,StoreBegin]
[2026-08-24 21:01:37.645518][UC][I] ShardMetadata StoreBegin: key already exists. [23989,24003][metadata.cc:57,StoreBegin]
[2026-08-24 21:01:37.645521][UC][I] ShardMetadata StoreBegin: key already exists. [23989,24003][metadata.cc:57,StoreBegin]
[2026-08-24 21:01:37.645524][UC][I] ShardMetadata StoreBegin: key already exists. [23989,24003][metadata.cc:57,StoreBegin]
[2026-08-24 21:01:37.645530][UC][I] ShardMetadata StoreBegin: key already exists. [23989,24003][metadata.cc:57,StoreBegin]
[2026-08-24 21:01:37.645533][UC][I] ShardMetadata StoreBegin: key already exists. [23989,24003][metadata.cc:57,StoreBegin]
[2026-08-24 21:01:37.645536][UC][I] ShardMetadata StoreBegin: key already exists. [23989,24003][metadata.cc:57,StoreBegin]
[2026-08-24 21:01:37.645539][UC][I] ShardMetadata StoreBegin: key already exists. [23989,24003][metadata.cc:57,StoreBegin]
[2026-08-24 21:01:37.645541][UC][I] ShardMetadata StoreBegin: key already exists. [23989,24003][metadata.cc:57,StoreBegin]
[2026-08-24 21:01:37.645544][UC][I] ShardMetadata StoreBegin: key already exists. [23989,24003][metadata.cc:57,StoreBegin]
[2026-08-24 21:01:37.645547][UC][I] ShardMetadata StoreBegin: key already exists. [23989,24003][metadata.cc:57,StoreBegin]
[2026-08-24 21:01:37.645550][UC][I] ShardMetadata StoreBegin: key already exists. [23989,24003][metadata.cc:57,StoreBegin]
[2026-08-24 21:01:37.645552][UC][I] ShardMetadata StoreBegin: key already exists. [23989,24003][metadata.cc:57,StoreBegin]
[HIXL_PERF] event=hccl_batch op=1 desc_num=1 hccl_us=103 status=0
[HIXL_PERF] event=issue_hccl_batch op=1 list_num=1 total_us=111
[HIXL_PERF] event=issue_async_host_flag op=1 list_num=1 context_us=1 hccl_issue_us=113 flag_memcpy_us=5 total_us=119
[HIXL_PERF] event=comm_channel_async op=1 list_num=1 mutex_wait_us=0 slot_us=1 host_flag_us=26 record_us=1 issue_us=122 total_us=150
[HIXL_PERF] event=adxl_inner_async op=1 list_num=1 context_us=1 connect_us=0 get_channel_us=1 channel_async_us=153 tail_us=1 total_us=156
[HIXL_PERF] event=comm_engine_async op=1 list_num=1 desc_build_us=1 inner_us=158 total_us=159 status=0
[2026-08-24 21:01:37.645820][UC][I] [HIXL_WORKER_PERF] task_id=349 queue_depth=1 enqueue_lock_wait_us=1 enqueue_us=0 queue_wait_us=7 execute_us=164 result_post_us=4 total_us=176 status=0 [23989,24002][hixl_instance.cpp:107,Run]
[2026-08-24 21:01:37.645826][UC][I] [PERF] component=transport event=transfer_submitted manager=127.0.0.1:8000 target=127.0.0.1:4501 handle=118 transport_handle=118 opcode=1 direct=2 segments=1 bytes=33 submitted_ts_us=1787576497645826 manager_execute_async_ts_us=1787576497645642 backend_execute_async_ts_us=1787576497645651 manager_to_backend_execute_async_us=10 submit_us=184 [23989,24002][transport_manager.cpp:674,ExecuteAsync]
[HIXL_QUERY_PERF] layer=comm_channel request=0x3a mutex_wait_us=0 check_us=0 lookup_us=0 flag_check_us=1 complete_us=0 total_us=1 transfer_status=0
[HIXL_QUERY_PERF] layer=adxl_inner request=0x3a context_us=0 req_lock_wait_us=0 lookup_us=1 channel_us=4 cleanup_us=0 total_us=5 status=0 transfer_status=0
[HIXL_QUERY_PERF] layer=comm_engine request=0x3a total_us=7 status=0 transfer_status=0
[2026-08-24 21:01:37.645850][UC][I] [HIXL_WORKER_PERF] task_id=350 queue_depth=1 enqueue_lock_wait_us=1 enqueue_us=0 queue_wait_us=4 execute_us=10 result_post_us=3 total_us=18 status=0 [23989,24002][hixl_instance.cpp:107,Run]
[2026-08-24 21:01:37.645854][UC][I] [QUERY_PERF] component=ucm layer=hixl_instance request=0x3a queue_wait_us=5 backend_us=10 run_post_us=8 total_us=23 api_status=0 transfer_status=0 [23989,24002][hixl_instance.cpp:370,GetTransferStatus]
[2026-08-24 21:01:37.645858][UC][I] [QUERY_PERF] component=ucm layer=hixl_transport handle=118 request=0x3a lifecycle_lock_us=0 pending_lock_wait_us=0 pending_lookup_us=0 instance_us=26 erase_us=0 total_us=26 transfer_status=0 [23989,24002][hixl_transport.cpp:734,GetStatus]
[2026-08-24 21:01:37.645870][UC][I] [QUERY_PERF] component=ucm layer=transport_manager handle=118 transport_handle=118 transfers_lock_wait_us=0 lookup_us=0 transport_us=38 total_us=38 api_status=0 transfer_status=0 [23989,24002][transport_manager.cpp:716,GetStatus]
[HIXL_QUERY_PERF] layer=comm_channel request=0x3a mutex_wait_us=0 check_us=0 lookup_us=0 flag_check_us=0 complete_us=0 total_us=0 transfer_status=0
[HIXL_QUERY_PERF] layer=adxl_inner request=0x3a context_us=0 req_lock_wait_us=0 lookup_us=1 channel_us=3 cleanup_us=0 total_us=4 status=0 transfer_status=0
[HIXL_QUERY_PERF] layer=comm_engine request=0x3a total_us=6 status=0 transfer_status=0
[2026-08-24 21:01:37.645892][UC][I] [HIXL_WORKER_PERF] task_id=351 queue_depth=1 enqueue_lock_wait_us=1 enqueue_us=0 queue_wait_us=4 execute_us=8 result_post_us=4 total_us=17 status=0 [23989,24002][hixl_instance.cpp:107,Run]
[2026-08-24 21:01:37.645896][UC][I] [QUERY_PERF] component=ucm layer=hixl_instance request=0x3a queue_wait_us=5 backend_us=8 run_post_us=8 total_us=21 api_status=0 transfer_status=0 [23989,24002][hixl_instance.cpp:370,GetTransferStatus]
[2026-08-24 21:01:37.645899][UC][I] [QUERY_PERF] component=ucm layer=hixl_transport handle=118 request=0x3a lifecycle_lock_us=0 pending_lock_wait_us=0 pending_lookup_us=0 instance_us=25 erase_us=0 total_us=25 transfer_status=0 [23989,24002][hixl_transport.cpp:734,GetStatus]
[2026-08-24 21:01:37.645903][UC][I] [QUERY_PERF] component=ucm layer=transport_manager handle=118 transport_handle=118 transfers_lock_wait_us=0 lookup_us=0 transport_us=28 total_us=28 api_status=0 transfer_status=0 [23989,24002][transport_manager.cpp:716,GetStatus]
[HIXL_QUERY_PERF] layer=comm_channel request=0x3a mutex_wait_us=0 check_us=0 lookup_us=0 flag_check_us=0 complete_us=0 total_us=0 transfer_status=0
[HIXL_QUERY_PERF] layer=adxl_inner request=0x3a context_us=1 req_lock_wait_us=0 lookup_us=0 channel_us=3 cleanup_us=0 total_us=4 status=0 transfer_status=0
[HIXL_QUERY_PERF] layer=comm_engine request=0x3a total_us=6 status=0 transfer_status=0
[2026-08-24 21:01:37.645922][UC][I] [HIXL_WORKER_PERF] task_id=352 queue_depth=1 enqueue_lock_wait_us=0 enqueue_us=0 queue_wait_us=4 execute_us=8 result_post_us=4 total_us=16 status=0 [23989,24002][hixl_instance.cpp:107,Run]
[2026-08-24 21:01:37.645930][UC][I] [QUERY_PERF] component=ucm layer=hixl_instance request=0x3a queue_wait_us=4 backend_us=8 run_post_us=12 total_us=24 api_status=0 transfer_status=0 [23989,24002][hixl_instance.cpp:370,GetTransferStatus]
[2026-08-24 21:01:37.645933][UC][I] [QUERY_PERF] component=ucm layer=hixl_transport handle=118 request=0x3a lifecycle_lock_us=0 pending_lock_wait_us=0 pending_lookup_us=0 instance_us=27 erase_us=0 total_us=27 transfer_status=0 [23989,24002][hixl_transport.cpp:734,GetStatus]
[2026-08-24 21:01:37.645937][UC][I] [QUERY_PERF] component=ucm layer=transport_manager handle=118 transport_handle=118 transfers_lock_wait_us=0 lookup_us=0 transport_us=30 total_us=30 api_status=0 transfer_status=0 [23989,24002][transport_manager.cpp:716,GetStatus]
[HIXL_QUERY_PERF] layer=comm_channel request=0x3a mutex_wait_us=1 check_us=0 lookup_us=0 flag_check_us=0 complete_us=0 total_us=1 transfer_status=0
[HIXL_QUERY_PERF] layer=adxl_inner request=0x3a context_us=0 req_lock_wait_us=0 lookup_us=0 channel_us=3 cleanup_us=0 total_us=3 status=0 transfer_status=0
[HIXL_QUERY_PERF] layer=comm_engine request=0x3a total_us=6 status=0 transfer_status=0
[2026-08-24 21:01:37.645955][UC][I] [HIXL_WORKER_PERF] task_id=353 queue_depth=1 enqueue_lock_wait_us=1 enqueue_us=0 queue_wait_us=3 execute_us=7 result_post_us=4 total_us=15 status=0 [23989,24002][hixl_instance.cpp:107,Run]
[2026-08-24 21:01:37.645959][UC][I] [QUERY_PERF] component=ucm layer=hixl_instance request=0x3a queue_wait_us=4 backend_us=7 run_post_us=8 total_us=19 api_status=0 transfer_status=0 [23989,24002][hixl_instance.cpp:370,GetTransferStatus]
[2026-08-24 21:01:37.645962][UC][I] [QUERY_PERF] component=ucm layer=hixl_transport handle=118 request=0x3a lifecycle_lock_us=0 pending_lock_wait_us=0 pending_lookup_us=0 instance_us=22 erase_us=0 total_us=22 transfer_status=0 [23989,24002][hixl_transport.cpp:734,GetStatus]
[2026-08-24 21:01:37.645967][UC][I] [QUERY_PERF] component=ucm layer=transport_manager handle=118 transport_handle=118 transfers_lock_wait_us=0 lookup_us=0 transport_us=27 total_us=27 api_status=0 transfer_status=0 [23989,24002][transport_manager.cpp:716,GetStatus]
[HIXL_QUERY_PERF] layer=comm_channel request=0x3a mutex_wait_us=0 check_us=0 lookup_us=0 flag_check_us=0 complete_us=0 total_us=0 transfer_status=0
[HIXL_QUERY_PERF] layer=adxl_inner request=0x3a context_us=1 req_lock_wait_us=0 lookup_us=0 channel_us=3 cleanup_us=0 total_us=4 status=0 transfer_status=0
[HIXL_QUERY_PERF] layer=comm_engine request=0x3a total_us=6 status=0 transfer_status=0
[2026-08-24 21:01:37.645986][UC][I] [HIXL_WORKER_PERF] task_id=354 queue_depth=1 enqueue_lock_wait_us=1 enqueue_us=0 queue_wait_us=3 execute_us=8 result_post_us=3 total_us=15 status=0 [23989,24002][hixl_instance.cpp:107,Run]
[2026-08-24 21:01:37.645990][UC][I] [QUERY_PERF] component=ucm layer=hixl_instance request=0x3a queue_wait_us=4 backend_us=8 run_post_us=8 total_us=20 api_status=0 transfer_status=0 [23989,24002][hixl_instance.cpp:370,GetTransferStatus]
[2026-08-24 21:01:37.645993][UC][I] [QUERY_PERF] component=ucm layer=hixl_transport handle=118 request=0x3a lifecycle_lock_us=0 pending_lock_wait_us=0 pending_lookup_us=0 instance_us=23 erase_us=0 total_us=23 transfer_status=0 [23989,24002][hixl_transport.cpp:734,GetStatus]
[2026-08-24 21:01:37.645996][UC][I] [QUERY_PERF] component=ucm layer=transport_manager handle=118 transport_handle=118 transfers_lock_wait_us=0 lookup_us=0 transport_us=26 total_us=26 api_status=0 transfer_status=0 [23989,24002][transport_manager.cpp:716,GetStatus]
[HIXL_QUERY_PERF] layer=comm_channel request=0x3a mutex_wait_us=0 check_us=0 lookup_us=0 flag_check_us=0 complete_us=0 total_us=0 transfer_status=0
[HIXL_QUERY_PERF] layer=adxl_inner request=0x3a context_us=0 req_lock_wait_us=0 lookup_us=1 channel_us=3 cleanup_us=0 total_us=4 status=0 transfer_status=0
[HIXL_QUERY_PERF] layer=comm_engine request=0x3a total_us=6 status=0 transfer_status=0
[2026-08-24 21:01:37.646016][UC][I] [HIXL_WORKER_PERF] task_id=355 queue_depth=1 enqueue_lock_wait_us=0 enqueue_us=0 queue_wait_us=3 execute_us=9 result_post_us=4 total_us=16 status=0 [23989,24002][hixl_instance.cpp:107,Run]
[2026-08-24 21:01:37.646020][UC][I] [QUERY_PERF] component=ucm layer=hixl_instance request=0x3a queue_wait_us=3 backend_us=9 run_post_us=8 total_us=20 api_status=0 transfer_status=0 [23989,24002][hixl_instance.cpp:370,GetTransferStatus]
[2026-08-24 21:01:37.646023][UC][I] [QUERY_PERF] component=ucm layer=hixl_transport handle=118 request=0x3a lifecycle_lock_us=0 pending_lock_wait_us=1 pending_lookup_us=0 instance_us=23 erase_us=0 total_us=24 transfer_status=0 [23989,24002][hixl_transport.cpp:734,GetStatus]
[2026-08-24 21:01:37.646027][UC][I] [QUERY_PERF] component=ucm layer=transport_manager handle=118 transport_handle=118 transfers_lock_wait_us=0 lookup_us=0 transport_us=27 total_us=27 api_status=0 transfer_status=0 [23989,24002][transport_manager.cpp:716,GetStatus]
[HIXL_QUERY_PERF] layer=comm_channel request=0x3a mutex_wait_us=0 check_us=0 lookup_us=0 flag_check_us=0 complete_us=0 total_us=0 transfer_status=0
[HIXL_QUERY_PERF] layer=adxl_inner request=0x3a context_us=0 req_lock_wait_us=0 lookup_us=1 channel_us=2 cleanup_us=0 total_us=3 status=0 transfer_status=0
[HIXL_QUERY_PERF] layer=comm_engine request=0x3a total_us=6 status=0 transfer_status=0
[2026-08-24 21:01:37.646046][UC][I] [HIXL_WORKER_PERF] task_id=356 queue_depth=1 enqueue_lock_wait_us=0 enqueue_us=0 queue_wait_us=4 execute_us=8 result_post_us=4 total_us=16 status=0 [23989,24002][hixl_instance.cpp:107,Run]
[2026-08-24 21:01:37.646050][UC][I] [QUERY_PERF] component=ucm layer=hixl_instance request=0x3a queue_wait_us=4 backend_us=8 run_post_us=8 total_us=20 api_status=0 transfer_status=0 [23989,24002][hixl_instance.cpp:370,GetTransferStatus]
[2026-08-24 21:01:37.646061][UC][I] [QUERY_PERF] component=ucm layer=hixl_transport handle=118 request=0x3a lifecycle_lock_us=0 pending_lock_wait_us=0 pending_lookup_us=0 instance_us=31 erase_us=0 total_us=31 transfer_status=0 [23989,24002][hixl_transport.cpp:734,GetStatus]
[2026-08-24 21:01:37.646065][UC][I] [QUERY_PERF] component=ucm layer=transport_manager handle=118 transport_handle=118 transfers_lock_wait_us=0 lookup_us=1 transport_us=34 total_us=35 api_status=0 transfer_status=0 [23989,24002][transport_manager.cpp:716,GetStatus]
[HIXL_QUERY_PERF] layer=comm_channel request=0x3a mutex_wait_us=0 check_us=0 lookup_us=0 flag_check_us=0 complete_us=0 total_us=0 transfer_status=0
[HIXL_QUERY_PERF] layer=adxl_inner request=0x3a context_us=1 req_lock_wait_us=0 lookup_us=0 channel_us=3 cleanup_us=0 total_us=4 status=0 transfer_status=0
[HIXL_QUERY_PERF] layer=comm_engine request=0x3a total_us=6 status=0 transfer_status=0
[2026-08-24 21:01:37.646083][UC][I] [HIXL_WORKER_PERF] task_id=357 queue_depth=1 enqueue_lock_wait_us=0 enqueue_us=0 queue_wait_us=4 execute_us=7 result_post_us=4 total_us=15 status=0 [23989,24002][hixl_instance.cpp:107,Run]
[2026-08-24 21:01:37.646087][UC][I] [QUERY_PERF] component=ucm layer=hixl_instance request=0x3a queue_wait_us=4 backend_us=7 run_post_us=8 total_us=19 api_status=0 transfer_status=0 [23989,24002][hixl_instance.cpp:370,GetTransferStatus]
[2026-08-24 21:01:37.646090][UC][I] [QUERY_PERF] component=ucm layer=hixl_transport handle=118 request=0x3a lifecycle_lock_us=0 pending_lock_wait_us=0 pending_lookup_us=0 instance_us=22 erase_us=0 total_us=22 transfer_status=0 [23989,24002][hixl_transport.cpp:734,GetStatus]
[2026-08-24 21:01:37.646093][UC][I] [QUERY_PERF] component=ucm layer=transport_manager handle=118 transport_handle=118 transfers_lock_wait_us=0 lookup_us=0 transport_us=25 total_us=25 api_status=0 transfer_status=0 [23989,24002][transport_manager.cpp:716,GetStatus]
[HIXL_QUERY_PERF] layer=comm_channel request=0x3a mutex_wait_us=0 check_us=0 lookup_us=0 flag_check_us=0 complete_us=0 total_us=0 transfer_status=0
[HIXL_QUERY_PERF] layer=adxl_inner request=0x3a context_us=0 req_lock_wait_us=0 lookup_us=1 channel_us=2 cleanup_us=0 total_us=3 status=0 transfer_status=0
[HIXL_QUERY_PERF] layer=comm_engine request=0x3a total_us=6 status=0 transfer_status=0
[2026-08-24 21:01:37.646113][UC][I] [HIXL_WORKER_PERF] task_id=358 queue_depth=1 enqueue_lock_wait_us=0 enqueue_us=0 queue_wait_us=4 execute_us=7 result_post_us=4 total_us=15 status=0 [23989,24002][hixl_instance.cpp:107,Run]
[2026-08-24 21:01:37.646117][UC][I] [QUERY_PERF] component=ucm layer=hixl_instance request=0x3a queue_wait_us=4 backend_us=7 run_post_us=8 total_us=19 api_status=0 transfer_status=0 [23989,24002][hixl_instance.cpp:370,GetTransferStatus]
[2026-08-24 21:01:37.646120][UC][I] [QUERY_PERF] component=ucm layer=hixl_transport handle=118 request=0x3a lifecycle_lock_us=0 pending_lock_wait_us=0 pending_lookup_us=0 instance_us=22 erase_us=0 total_us=22 transfer_status=0 [23989,24002][hixl_transport.cpp:734,GetStatus]
[2026-08-24 21:01:37.646122][UC][I] [QUERY_PERF] component=ucm layer=transport_manager handle=118 transport_handle=118 transfers_lock_wait_us=0 lookup_us=1 transport_us=25 total_us=26 api_status=0 transfer_status=0 [23989,24002][transport_manager.cpp:716,GetStatus]
[HIXL_QUERY_PERF] layer=comm_channel request=0x3a mutex_wait_us=0 check_us=0 lookup_us=0 flag_check_us=0 complete_us=0 total_us=0 transfer_status=0
[HIXL_QUERY_PERF] layer=adxl_inner request=0x3a context_us=0 req_lock_wait_us=1 lookup_us=0 channel_us=3 cleanup_us=0 total_us=4 status=0 transfer_status=0
[HIXL_QUERY_PERF] layer=comm_engine request=0x3a total_us=6 status=0 transfer_status=0
[2026-08-24 21:01:37.646142][UC][I] [HIXL_WORKER_PERF] task_id=359 queue_depth=1 enqueue_lock_wait_us=0 enqueue_us=0 queue_wait_us=4 execute_us=8 result_post_us=3 total_us=15 status=0 [23989,24002][hixl_instance.cpp:107,Run]
[2026-08-24 21:01:37.646146][UC][I] [QUERY_PERF] component=ucm layer=hixl_instance request=0x3a queue_wait_us=4 backend_us=8 run_post_us=7 total_us=19 api_status=0 transfer_status=0 [23989,24002][hixl_instance.cpp:370,GetTransferStatus]
[2026-08-24 21:01:37.646150][UC][I] [QUERY_PERF] component=ucm layer=hixl_transport handle=118 request=0x3a lifecycle_lock_us=0 pending_lock_wait_us=0 pending_lookup_us=0 instance_us=24 erase_us=0 total_us=24 transfer_status=0 [23989,24002][hixl_transport.cpp:734,GetStatus]
[2026-08-24 21:01:37.646153][UC][I] [QUERY_PERF] component=ucm layer=transport_manager handle=118 transport_handle=118 transfers_lock_wait_us=0 lookup_us=1 transport_us=27 total_us=28 api_status=0 transfer_status=0 [23989,24002][transport_manager.cpp:716,GetStatus]
[HIXL_QUERY_PERF] layer=comm_channel request=0x3a mutex_wait_us=0 check_us=0 lookup_us=0 flag_check_us=1 complete_us=2 total_us=3 transfer_status=1
[HIXL_QUERY_PERF] layer=adxl_inner request=0x3a context_us=1 req_lock_wait_us=0 lookup_us=0 channel_us=6 cleanup_us=0 total_us=7 status=0 transfer_status=1
[HIXL_QUERY_PERF] layer=comm_engine request=0x3a total_us=10 status=0 transfer_status=1
[2026-08-24 21:01:37.646176][UC][I] [HIXL_WORKER_PERF] task_id=360 queue_depth=1 enqueue_lock_wait_us=1 enqueue_us=0 queue_wait_us=3 execute_us=12 result_post_us=4 total_us=20 status=0 [23989,24002][hixl_instance.cpp:107,Run]
[2026-08-24 21:01:37.646180][UC][I] [QUERY_PERF] component=ucm layer=hixl_instance request=0x3a queue_wait_us=4 backend_us=12 run_post_us=8 total_us=24 api_status=0 transfer_status=1 [23989,24002][hixl_instance.cpp:370,GetTransferStatus]
[2026-08-24 21:01:37.646186][UC][I] [QUERY_PERF] component=ucm layer=hixl_transport handle=118 request=0x3a lifecycle_lock_us=0 pending_lock_wait_us=0 pending_lookup_us=0 instance_us=29 erase_us=0 total_us=29 transfer_status=1 [23989,24002][hixl_transport.cpp:734,GetStatus]
[2026-08-24 21:01:37.646190][UC][I] [QUERY_PERF] component=ucm layer=transport_manager handle=118 transport_handle=118 transfers_lock_wait_us=0 lookup_us=0 transport_us=34 total_us=34 api_status=0 transfer_status=1 [23989,24002][transport_manager.cpp:716,GetStatus]
[2026-08-24 21:01:37.646193][UC][I] [PERF] component=transport event=transfer_done manager=127.0.0.1:8000 target=127.0.0.1:4501 handle=118 transport_handle=118 opcode=1 direct=2 segments=1 bytes=33 status=1 api_status=0 submitted_ts_us=1787576497645826 completed_ts_us=1787576497646193 manager_get_status_ts_us=1787576497646156 backend_query_ts_us=1787576497646160 submit_us=184 transfer_us=367 manager_to_backend_query_us=4 total_us=551 [23989,24002][transport_manager.cpp:727,GetStatus]
[2026-08-24 21:01:37.646199][UC][I] [PERF] component=drampool event=request_done request_id=16 opcode=1 peer=127.0.0.1:4501 batch_size=48 data_bytes=0 failed_items=0 status=SUCCESS failed_stage=NONE received_ts_us=1787576497645227 worker_started_ts_us=1787576497645396 data_transfer_submitted_ts_us=0 data_transfer_completed_ts_us=0 response_submitted_ts_us=1787576497645830 completed_ts_us=1787576497646197 data_tm_execute_async_ts_us=0 data_hixl_execute_async_ts_us=0 data_tm_get_status_ts_us=0 data_hixl_query_handle_ts_us=0 response_tm_execute_async_ts_us=1787576497645642 response_hixl_execute_async_ts_us=1787576497645651 response_tm_get_status_ts_us=1787576497646156 response_hixl_query_handle_ts_us=1787576497646160 request_queue_us=169 metadata_prepare_us=157 taskworker_prepare_us=160 poller_queue_us=83 data_transfer_us=0 metadata_settle_us=0 response_slot_wait_us=85 response_submit_us=190 response_transfer_us=366 data_tm_to_hixl_execute_async_us=0 data_tm_to_hixl_query_handle_us=0 response_tm_to_hixl_execute_async_us=10 response_tm_to_hixl_query_handle_us=4 total_us=970 [23989,24002][completion_poller.cc:56,LogRequestDone]
[2026-08-24 21:01:40.847676][UC][I] [HIXL_WORKER_PERF] task_id=361 queue_depth=1 enqueue_lock_wait_us=2 enqueue_us=1 queue_wait_us=14 execute_us=202424 result_post_us=36 total_us=202477 status=0 [23989,24051][hixl_instance.cpp:107,Run]
[2026-08-24 21:01:41.019892][UC][I] [HIXL_WORKER_PERF] task_id=362 queue_depth=1 enqueue_lock_wait_us=1 enqueue_us=1 queue_wait_us=18 execute_us=171551 result_post_us=27 total_us=171598 status=0 [23989,24051][hixl_instance.cpp:107,Run]
[2026-08-24 21:01:46.005906][UC][I] [HIXL_WORKER_PERF] task_id=363 queue_depth=1 enqueue_lock_wait_us=2 enqueue_us=1 queue_wait_us=20 execute_us=202892 result_post_us=23 total_us=202938 status=0 [23989,24051][hixl_instance.cpp:107,Run]
[2026-08-24 21:01:46.212744][UC][I] [HIXL_WORKER_PERF] task_id=364 queue_depth=1 enqueue_lock_wait_us=1 enqueue_us=0 queue_wait_us=27 execute_us=206631 result_post_us=21 total_us=206680 status=0 [23989,24051][hixl_instance.cpp:107,Run]
[2026-08-24 21:01:46.409924][UC][I] [HIXL_WORKER_PERF] task_id=365 queue_depth=1 enqueue_lock_wait_us=1 enqueue_us=0 queue_wait_us=19 execute_us=197017 result_post_us=17 total_us=197054 status=0 [23989,24051][hixl_instance.cpp:107,Run]
[2026-08-24 21:01:46.609044][UC][I] [HIXL_WORKER_PERF] task_id=366 queue_depth=1 enqueue_lock_wait_us=1 enqueue_us=0 queue_wait_us=23 execute_us=198993 result_post_us=23 total_us=199040 status=0 [23989,24051][hixl_instance.cpp:107,Run]
[2026-08-24 21:01:46.809018][UC][I] [HIXL_WORKER_PERF] task_id=367 queue_depth=1 enqueue_lock_wait_us=1 enqueue_us=1 queue_wait_us=17 execute_us=199869 result_post_us=17 total_us=199905 status=0 [23989,24051][hixl_instance.cpp:107,Run]
[2026-08-24 21:01:47.004176][UC][I] [HIXL_WORKER_PERF] task_id=368 queue_depth=1 enqueue_lock_wait_us=1 enqueue_us=1 queue_wait_us=15 execute_us=195047 result_post_us=23 total_us=195087 status=0 [23989,24051][hixl_instance.cpp:107,Run]
[2026-08-24 21:01:47.413673][UC][I] [HIXL_WORKER_PERF] task_id=369 queue_depth=1 enqueue_lock_wait_us=1 enqueue_us=1 queue_wait_us=17 execute_us=409257 result_post_us=21 total_us=409297 status=0 [23989,24051][hixl_instance.cpp:107,Run]
[2026-08-24 21:01:47.481407][UC][I] [HIXL_WORKER_PERF] task_id=370 queue_depth=1 enqueue_lock_wait_us=1 enqueue_us=1 queue_wait_us=23 execute_us=67520 result_post_us=24 total_us=67569 status=0 [23989,24051][hixl_instance.cpp:107,Run]
