run	task_id	queue_depth	enqueue_lock_wait_us	enqueue_us	queue_wait_us	execute_us	result_post_us	total_us	status
stress_b32_run01	1	1	1	0	24	76	24	125	0
stress_b32_run01	2	1	1	1	21	60	5	88	0
stress_b32_run01	3	1	0	1	6	13	5	25	0
stress_b32_run01	4	1	0	0	4	13	5	22	0
stress_b32_run01	5	1	0	1	3	11	5	20	0
stress_b32_run01	6	1	0	0	4	9	6	19	0
stress_b32_run01	7	1	1	1	23	1062779	21	1062825	0
stress_b32_run01	8	1	1	0	18	953286	20	953325	0
stress_b32_run01	9	1	1	1	25	904461	18	904506	0
stress_b32_run01	10	1	1	0	10	1889	10	1910	0
stress_b32_run01	11	1	0	0	7	19	6	32	0
stress_b32_run01	12	1	0	0	5	9	4	18	0
stress_b32_run01	13	1	0	1	4	9	4	18	0
stress_b32_run01	14	1	0	1	4	10	4	19	0
stress_b32_run01	15	1	0	0	5	12	4	21	0
stress_b32_run01	16	1	0	0	5	11	4	20	0
stress_b32_run01	17	1	0	0	5	8	5	18	0
stress_b32_run01	18	1	1	0	4	9	4	18	0
stress_b32_run01	19	1	0	0	4	11	4	19	0
stress_b32_run01	20	1	1	0	4	10	5	20	0
stress_b32_run01	21	1	0	0	4	11	4	19	0
stress_b32_run01	22	1	0	0	5	8	5	18	0
stress_b32_run01	23	1	0	0	5	11	4	20	0
stress_b32_run01	24	1	0	1	4	11	4	20	0
stress_b32_run01	25	1	1	0	4	10	4	19	0
stress_b32_run01	26	1	0	0	4	11	5	20	0
stress_b32_run01	27	1	0	1	4	8	5	18	0
stress_b32_run01	28	1	1	0	4	9	5	19	0
stress_b32_run01	29	1	0	0	5	8	5	18	0
stress_b32_run01	30	1	0	1	4	11	4	20	0
stress_b32_run01	31	1	0	0	5	11	4	20	0
stress_b32_run01	32	1	0	0	4	9	4	17	0
stress_b32_run01	33	1	1	0	4	8	5	18	0
stress_b32_run01	34	1	1	0	4	10	5	20	0
stress_b32_run01	35	1	0	0	4	10	5	19	0
stress_b32_run01	36	1	1	0	4	11	5	21	0
stress_b32_run01	37	1	0	1	4	8	4	17	0
stress_b32_run01	38	1	0	1	4	8	5	18	0
stress_b32_run01	39	1	0	1	4	10	5	20	0
stress_b32_run01	40	1	0	0	4	8	4	16	0
stress_b32_run01	41	1	0	0	4	10	5	19	0
stress_b32_run01	42	1	0	0	5	11	4	20	0
stress_b32_run01	43	1	1	0	4	11	4	20	0
stress_b32_run01	44	1	0	0	4	11	5	20	0
stress_b32_run01	45	1	0	1	4	9	4	18	0
stress_b32_run01	46	1	0	0	4	12	4	20	0
stress_b32_run01	47	1	0	0	5	11	4	20	0
stress_b32_run01	48	1	0	0	4	10	4	18	0
stress_b32_run01	49	1	1	0	4	10	5	20	0
stress_b32_run01	50	1	0	0	4	10	5	19	0
stress_b32_run01	51	1	0	0	4	10	4	18	0
stress_b32_run01	52	1	0	0	5	10	5	20	0
stress_b32_run01	53	1	0	0	5	8	5	18	0
stress_b32_run01	54	1	0	0	4	10	5	19	0
stress_b32_run01	55	1	0	0	5	19	4	28	0
stress_b32_run01	56	1	1	0	5	167	6	179	0
stress_b32_run01	57	1	0	1	10	40	5	56	0
stress_b32_run01	58	1	1	0	10	2076	10	2097	0
stress_b32_run01	59	1	0	0	6	17	4	27	0
stress_b32_run01	60	1	0	0	4	8	3	15	0
stress_b32_run01	61	1	0	1	3	7	3	14	0
stress_b32_run01	62	1	0	0	3	9	3	15	0
stress_b32_run01	63	1	1	0	3	10	4	18	0
stress_b32_run01	64	1	0	0	3	7	3	13	0
stress_b32_run01	65	1	0	0	3	12	3	18	0
stress_b32_run01	66	1	1	0	3	9	3	16	0
stress_b32_run01	67	1	0	0	4	7	4	15	0
stress_b32_run01	68	1	0	1	3	7	4	15	0
stress_b32_run01	69	1	0	1	3	7	3	14	0
stress_b32_run01	70	1	1	0	3	7	4	15	0
stress_b32_run01	71	1	0	0	3	10	3	16	0
stress_b32_run01	72	1	0	0	4	8	3	15	0
stress_b32_run01	73	1	1	0	3	7	3	14	0
stress_b32_run01	74	1	0	0	3	9	3	15	0
stress_b32_run01	75	1	0	0	3	8	4	15	0
stress_b32_run01	76	1	0	0	3	8	4	15	0
stress_b32_run01	77	1	1	0	3	9	4	17	0
stress_b32_run01	78	1	0	0	3	10	3	16	0
stress_b32_run01	79	1	0	0	3	8	4	15	0
stress_b32_run01	80	1	0	1	3	10	3	17	0
stress_b32_run01	81	1	0	0	3	10	4	17	0
stress_b32_run01	82	1	0	0	3	8	3	14	0
stress_b32_run01	83	1	0	1	3	7	3	14	0
stress_b32_run01	84	1	0	0	3	9	3	15	0
stress_b32_run01	85	1	1	0	3	9	3	16	0
stress_b32_run01	86	1	0	0	3	9	3	15	0
stress_b32_run01	87	1	0	0	3	8	3	14	0
stress_b32_run01	88	1	0	0	3	10	4	17	0
stress_b32_run01	89	1	0	0	3	16	3	22	0
stress_b32_run01	90	1	0	0	3	123	5	131	0
stress_b32_run01	91	1	0	0	4	13	4	21	0
stress_b32_run01	92	1	1	0	4	117	5	127	0
stress_b32_run01	93	1	0	0	5	19	4	28	0
stress_b32_run01	94	1	0	0	4	94	4	102	0
stress_b32_run01	95	1	0	0	4	12	4	20	0
stress_b32_run01	96	1	0	0	4	13	4	21	0
stress_b32_run01	97	1	0	0	4	93	4	101	0
stress_b32_run01	98	1	0	1	4	11	3	19	0
stress_b32_run01	99	1	0	0	4	83	4	91	0
stress_b32_run01	100	1	0	0	4	9	4	17	0
stress_b32_run01	101	1	1	0	3	11	3	18	0
stress_b32_run01	102	1	0	0	4	81	4	89	0
stress_b32_run01	103	1	0	0	4	12	3	19	0
stress_b32_run01	104	1	0	1	3	82	4	90	0
stress_b32_run01	105	1	0	0	4	11	4	19	0
stress_b32_run01	106	1	0	0	4	79	4	87	0
stress_b32_run01	107	1	0	0	4	9	3	16	0
stress_b32_run01	108	1	1	0	3	11	4	19	0
stress_b32_run01	109	1	0	0	5	96	4	105	0
stress_b32_run01	110	1	0	0	5	13	3	21	0
stress_b32_run01	111	1	1	0	4	84	4	93	0
stress_b32_run01	112	1	0	1	4	12	3	20	0
stress_b32_run01	113	1	0	1	7	143	5	156	0
stress_b32_run01	114	1	0	0	99	15	6	120	0
stress_b32_run01	115	1	0	0	4	111	4	119	0
stress_b32_run01	116	1	0	0	5	12	3	20	0
stress_b32_run01	117	1	0	0	4	87	4	95	0
stress_b32_run01	118	1	0	0	4	11	4	19	0
stress_b32_run01	119	1	0	0	4	79	4	87	0
stress_b32_run01	120	1	1	0	4	11	3	19	0
stress_b32_run01	121	1	0	0	4	79	4	87	0
stress_b32_run01	122	1	0	0	5	10	4	19	0
stress_b32_run01	123	1	0	0	4	91	4	99	0
stress_b32_run01	124	1	0	0	4	11	4	19	0
stress_b32_run01	125	1	0	0	5	84	5	94	0
stress_b32_run01	126	1	0	0	4	11	4	19	0
stress_b32_run01	127	1	0	0	5	78	5	88	0
stress_b32_run01	128	1	0	0	4	11	4	19	0
stress_b32_run01	129	1	0	1	4	87	4	96	0
stress_b32_run01	130	1	0	0	4	11	3	18	0
stress_b32_run01	131	1	0	0	5	78	4	87	0
stress_b32_run01	132	1	0	1	4	11	4	20	0
stress_b32_run01	133	1	0	0	4	87	4	95	0
stress_b32_run01	134	1	0	0	4	13	3	20	0
stress_b32_run01	135	1	0	0	4	88	4	96	0
stress_b32_run01	136	1	0	0	4	11	3	18	0
stress_b32_run01	137	1	0	0	4	79	4	87	0
stress_b32_run01	138	1	0	0	4	11	3	18	0
stress_b32_run01	139	1	0	0	4	103	4	111	0
stress_b32_run01	140	1	0	0	5	14	4	23	0
stress_b32_run01	141	1	0	0	5	81	4	90	0
stress_b32_run01	142	1	0	0	4	14	4	22	0
stress_b32_run01	143	1	0	0	5	79	4	88	0
stress_b32_run01	144	1	0	0	4	12	3	19	0
stress_b32_run01	145	1	0	0	4	76	4	84	0
stress_b32_run01	146	1	0	0	4	12	3	19	0
stress_b32_run01	147	1	0	0	4	76	4	84	0
stress_b32_run01	148	1	0	0	4	12	3	19	0
stress_b32_run01	149	1	0	0	5	78	4	87	0
stress_b32_run01	150	1	0	0	4	10	4	18	0
stress_b32_run01	151	1	0	0	4	80	3	87	0
stress_b32_run01	152	1	0	0	4	13	3	20	0
stress_b32_run01	153	1	0	0	4	80	4	88	0
stress_b32_run01	154	1	1	0	4	11	4	20	0
stress_b32_run01	155	1	0	0	7	91	4	102	0
stress_b32_run01	156	1	0	0	4	12	4	20	0
stress_b32_run01	157	1	0	1	26	2058	16	2101	0
stress_b32_run01	158	1	1	0	13	185	11	210	0
stress_b32_run01	159	1	0	1	122	37	13	173	0
stress_b32_run01	160	1	1	0	11	158	12	182	0
stress_b32_run01	161	1	1	0	152	30	12	195	0
stress_b32_run01	162	1	1	0	13	16	10	40	0
stress_b32_run01	163	2	0	0	32	137	11	180	0
stress_b32_run01	164	1	0	1	110	22	11	144	0
stress_b32_run01	165	1	1	0	11	139	11	162	0
stress_b32_run01	166	2	1	0	150	35	12	198	0
stress_b32_run01	167	1	1	1	10	132	11	155	0
stress_b32_run01	168	1	1	0	128	23	11	163	0
stress_b32_run01	169	1	1	0	12	132	12	157	0
stress_b32_run01	170	2	1	0	142	23	12	178	0
stress_b32_run01	171	1	1	0	12	133	11	157	0
stress_b32_run01	172	2	0	0	150	27	11	188	0
stress_b32_run01	173	1	0	1	11	16	10	38	0
stress_b32_run01	174	2	0	1	31	131	11	174	0
stress_b32_run01	175	1	0	1	105	36	11	153	0
stress_b32_run01	176	1	0	1	11	122	11	145	0
stress_b32_run01	177	2	0	0	132	10	10	152	0
stress_b32_run01	178	1	1	1	10	14	11	37	0
stress_b32_run01	179	2	0	0	28	114	12	154	0
stress_b32_run01	180	1	1	0	89	40	11	141	0
stress_b32_run01	181	1	0	1	11	110	11	133	0
stress_b32_run01	182	1	0	1	72	91	11	175	0
stress_b32_run01	183	1	1	0	33	143	11	188	0
stress_b32_run01	184	1	0	1	128	35	11	175	0
stress_b32_run01	185	1	1	0	11	119	11	142	0
stress_b32_run01	186	1	1	1	82	87	11	182	0
stress_b32_run01	187	1	1	0	20	115	11	147	0
stress_b32_run01	188	1	1	1	93	25	12	132	0
stress_b32_run01	189	1	1	1	10	109	11	132	0
stress_b32_run01	190	1	1	0	90	83	11	185	0
stress_b32_run01	191	1	1	0	28	112	10	151	0
stress_b32_run01	192	1	1	0	93	43	11	148	0
stress_b32_run01	193	1	1	0	11	111	10	133	0
stress_b32_run01	194	1	0	1	75	90	11	177	0
stress_b32_run01	195	1	0	1	31	113	11	156	0
stress_b32_run01	196	1	0	1	91	26	11	129	0
stress_b32_run01	197	1	0	1	11	115	11	138	0
stress_b32_run01	198	1	1	0	100	85	11	197	0
stress_b32_run01	199	1	1	0	13	111	12	137	0
stress_b32_run01	200	1	1	0	92	23	12	128	0
stress_b32_run01	201	1	0	1	11	108	11	131	0
stress_b32_run01	202	1	1	0	87	97	13	198	0
stress_b32_run01	203	1	1	0	27	117	12	157	0
stress_b32_run01	204	1	1	0	89	24	13	127	0
stress_b32_run01	205	1	1	0	12	108	11	132	0
stress_b32_run01	206	1	0	1	87	83	11	182	0
stress_b32_run01	207	1	0	1	13	109	11	134	0
stress_b32_run01	208	1	0	1	89	26	10	126	0
stress_b32_run01	209	1	1	0	11	108	10	130	0
stress_b32_run01	210	1	1	0	100	84	12	197	0
stress_b32_run01	211	1	1	0	19	111	11	142	0
stress_b32_run01	212	1	0	1	92	39	11	143	0
stress_b32_run01	213	1	1	0	11	110	10	132	0
stress_b32_run01	214	1	1	0	77	87	11	176	0
stress_b32_run01	215	1	0	1	21	112	12	146	0
stress_b32_run01	216	1	1	0	94	24	11	130	0
stress_b32_run01	217	1	0	0	11	118	12	141	0
stress_b32_run01	218	1	1	0	108	83	11	203	0
stress_b32_run01	220	1	0	1	10	17	11	39	0
stress_b32_run01	221	1	0	1	10	45	11	67	0
stress_b32_run01	219	1	0	0	8	215	6	229	0
stress_b32_run01	222	1	0	1	10	17	10	38	0
stress_b32_run01	224	1	0	1	10	13	11	35	0
stress_b32_run01	223	1	0	0	5	139	5	149	0
stress_b32_run01	225	1	1	0	11	27	11	50	0
stress_b32_run01	227	1	1	0	10	17	10	38	0
stress_b32_run01	228	1	1	0	10	14	11	36	0
stress_b32_run01	226	1	0	0	6	137	6	149	0
stress_b32_run01	229	1	1	0	10	36	11	58	0
stress_b32_run01	231	1	0	1	11	17	11	40	0
stress_b32_run01	232	1	0	1	9	18	10	38	0
stress_b32_run01	230	1	0	1	6	135	5	147	0
stress_b32_run01	233	1	1	0	10	33	11	55	0
stress_b32_run01	234	1	0	0	6	202	6	214	0
stress_b32_run01	235	1	0	1	9	168	12	190	0
stress_b32_run01	236	1	0	1	10	20	11	42	0
stress_b32_run01	237	1	0	1	5	126	6	138	0
stress_b32_run01	238	1	0	1	9	116	11	137	0
stress_b32_run01	240	1	0	0	11	22	11	44	0
stress_b32_run01	239	1	0	0	5	129	5	139	0
stress_b32_run01	241	1	0	1	9	106	10	126	0
stress_b32_run01	243	1	1	0	10	21	12	44	0
stress_b32_run01	242	1	0	1	5	144	6	156	0
stress_b32_run01	244	1	0	0	10	104	12	126	0
stress_b32_run01	246	1	1	0	11	21	11	44	0
stress_b32_run01	245	1	0	0	5	137	5	147	0
stress_b32_run01	247	1	1	0	10	105	11	127	0
stress_b32_run01	249	1	1	0	11	42	11	65	0
stress_b32_run01	248	1	0	0	6	164	5	175	0
stress_b32_run01	250	1	1	0	10	103	11	125	0
stress_b32_run01	251	1	1	0	5	176	7	189	0
stress_b32_run01	252	1	1	0	17	56	12	86	0
stress_b32_run01	254	1	0	1	10	156	12	179	0
stress_b32_run01	253	1	1	0	6	210	5	222	0
stress_b32_run01	255	1	1	0	10	22	11	44	0
stress_b32_run01	257	1	1	0	10	142	12	165	0
stress_b32_run01	256	1	0	1	5	199	5	210	0
stress_b32_run01	258	1	1	0	10	26	12	49	0
stress_b32_run01	259	1	1	0	5	183	6	195	0
stress_b32_run01	260	1	0	1	10	161	13	185	0
stress_b32_run01	261	1	1	0	11	21	12	45	0
stress_b32_run01	262	1	0	1	6	129	6	142	0
stress_b32_run01	263	1	1	0	10	107	12	130	0
stress_b32_run01	265	1	1	0	11	21	11	44	0
stress_b32_run01	264	1	0	0	5	123	5	133	0
stress_b32_run01	266	1	1	0	10	100	12	123	0
stress_b32_run01	268	1	1	0	12	21	12	46	0
stress_b32_run01	267	1	0	0	6	135	5	146	0
stress_b32_run01	269	1	1	0	10	101	12	124	0
stress_b32_run01	271	1	0	1	10	20	11	42	0
stress_b32_run01	270	1	0	0	6	153	6	165	0
stress_b32_run01	272	1	1	0	10	102	12	125	0
stress_b32_run01	274	1	1	0	10	45	10	66	0
stress_b32_run01	273	1	0	0	6	179	5	190	0
stress_b32_run01	275	1	0	1	10	106	10	127	0
stress_b32_run01	277	1	0	1	10	26	13	50	0
stress_b32_run01	276	1	0	1	6	174	6	187	0
stress_b32_run01	278	1	0	0	11	101	12	124	0
stress_b32_run01	279	1	1	0	6	161	5	173	0
stress_b32_run01	280	1	1	0	10	58	11	80	0
stress_b32_run01	282	1	0	1	9	140	11	161	0
stress_b32_run01	281	1	1	0	5	176	5	187	0
stress_b32_run01	283	1	0	1	11	22	11	45	0
stress_b32_run01	284	1	0	0	5	121	5	131	0
stress_b32_run01	285	1	0	1	9	118	11	139	0
stress_b32_run01	287	1	0	0	11	20	11	42	0
stress_b32_run01	286	1	0	0	5	123	5	133	0
stress_b32_run01	288	1	1	0	10	101	11	123	0
stress_b32_run01	290	1	0	1	10	21	10	42	0
stress_b32_run01	289	1	1	0	5	119	5	130	0
stress_b32_run01	291	1	1	0	10	105	12	128	0
stress_b32_run01	293	1	1	0	10	50	11	72	0
stress_b32_run01	292	1	1	0	5	168	4	178	0
stress_b32_run01	295	1	1	0	10	133	11	155	0
stress_b32_run01	294	1	1	0	5	165	5	176	0
stress_b32_run01	296	1	1	0	10	24	11	46	0
stress_b32_run01	298	1	1	0	10	20	15	46	0
stress_b32_run01	297	1	1	0	6	121	5	133	0
stress_b32_run01	299	1	1	0	10	21	11	43	0
stress_b32_run01	301	1	0	1	10	19	14	44	0
stress_b32_run01	300	1	0	0	5	129	6	140	0
stress_b32_run01	302	1	1	0	12	24	12	49	0
stress_b32_run01	304	1	1	1	9	25	11	47	0
stress_b32_run01	303	1	1	0	5	126	5	137	0
stress_b32_run01	305	1	0	1	10	26	12	49	0
stress_b32_run01	306	1	1	0	11	19	11	42	0
stress_b32_run01	307	1	1	0	10	24	11	46	0
stress_b32_run01	308	1	0	1	10	19	10	40	0
stress_b32_run01	309	1	1	0	10	19	11	41	0
stress_b32_run01	310	1	0	1	9	20	11	41	0
stress_b32_run01	311	1	1	0	11	17	11	40	0
stress_b32_run01	312	1	1	0	10	19	10	40	0
stress_b32_run01	313	1	0	1	10	19	11	41	0
stress_b32_run01	314	1	0	1	9	18	11	39	0
stress_b32_run01	315	1	1	0	9	19	11	40	0
stress_b32_run01	316	1	1	0	10	17	11	39	0
stress_b32_run01	317	1	1	0	10	20	11	42	0
stress_b32_run01	318	1	1	0	10	18	10	39	0
stress_b32_run01	319	1	0	1	9	19	10	39	0
stress_b32_run01	320	1	0	1	10	23	11	45	0
stress_b32_run01	321	1	1	0	10	19	10	40	0
stress_b32_run01	322	1	0	1	9	18	11	39	0
stress_b32_run01	323	1	1	0	10	17	10	38	0
stress_b32_run01	324	1	1	0	10	20	11	42	0
stress_b32_run01	325	1	1	0	10	17	10	38	0
stress_b32_run01	326	1	0	1	9	19	11	40	0
stress_b32_run01	327	1	0	0	6	16	4	26	0
stress_b32_run01	328	1	0	0	4	80	4	88	0
stress_b32_run01	329	1	0	0	4	12	3	19	0
stress_b32_run01	330	1	0	0	4	76	4	84	0
stress_b32_run01	331	1	0	0	4	10	4	18	0
stress_b32_run01	332	1	0	0	4	74	4	82	0
stress_b32_run01	333	1	1	0	4	11	3	19	0
stress_b32_run01	334	1	0	0	4	74	5	83	0
stress_b32_run01	335	1	0	0	5	11	3	19	0
stress_b32_run01	336	1	1	0	4	75	4	84	0
stress_b32_run01	337	1	0	1	4	12	3	20	0
stress_b32_run01	338	1	1	0	3	72	5	81	0
stress_b32_run01	339	1	0	1	3	18	4	26	0
stress_b32_run01	340	1	0	0	4	77	4	85	0
stress_b32_run01	341	1	0	0	4	11	4	19	0
stress_b32_run01	342	1	0	0	4	76	4	84	0
stress_b32_run01	343	1	0	1	4	11	3	19	0
stress_b32_run01	344	1	1	0	3	78	4	86	0
stress_b32_run01	345	1	0	0	4	11	4	19	0
stress_b32_run01	346	1	0	0	4	80	4	88	0
stress_b32_run01	347	1	0	1	3	20	4	28	0
stress_b32_run01	348	1	0	0	4	91	5	100	0
stress_b32_run01	349	1	0	0	4	10	4	18	0
stress_b32_run01	350	1	0	0	4	75	5	84	0
stress_b32_run01	351	1	0	1	4	15	3	23	0
stress_b32_run01	352	1	0	0	4	78	4	86	0
stress_b32_run01	353	1	0	0	4	12	4	20	0
stress_b32_run01	354	1	1	0	3	77	4	85	0
stress_b32_run01	355	1	1	0	4	10	4	19	0
stress_b32_run01	356	1	1	0	3	85	4	93	0
stress_b32_run01	357	1	1	0	4	11	4	20	0
stress_b32_run01	358	1	0	0	4	78	4	86	0
stress_b32_run01	359	1	0	0	4	11	4	19	0
stress_b32_run01	360	1	1	0	4	76	4	85	0
stress_b32_run01	361	1	1	0	4	10	4	19	0
stress_b32_run01	362	1	1	0	5	74	4	84	0
stress_b32_run01	363	1	0	1	3	11	4	19	0
stress_b32_run01	364	1	1	0	3	77	5	86	0
stress_b32_run01	365	1	0	0	4	13	4	21	0
stress_b32_run01	366	1	1	0	3	76	4	84	0
stress_b32_run01	367	1	0	0	4	11	4	19	0
stress_b32_run01	368	1	0	0	4	74	4	82	0
stress_b32_run01	369	1	1	0	4	10	4	19	0
stress_b32_run01	370	1	0	0	4	77	4	85	0
stress_b32_run01	371	1	0	0	5	11	4	20	0
stress_b32_run01	372	1	0	0	4	77	4	85	0
stress_b32_run01	373	1	1	0	4	11	4	20	0
stress_b32_run01	374	1	1	0	3	75	4	83	0
stress_b32_run01	375	1	1	0	4	10	4	19	0
stress_b32_run01	376	1	0	0	4	76	4	84	0
stress_b32_run01	377	1	1	0	4	14	4	23	0
stress_b32_run01	378	1	0	0	3	77	4	84	0
stress_b32_run01	379	1	0	1	3	11	3	18	0
stress_b32_run01	380	1	0	0	4	9	4	17	0
stress_b32_run01	381	1	1	0	3	9	4	17	0
stress_b32_run01	382	1	0	0	3	9	4	16	0
stress_b32_run01	383	1	0	0	4	9	4	17	0
stress_b32_run01	384	1	1	0	4	9	3	17	0
stress_b32_run01	385	1	0	0	3	13	3	19	0
stress_b32_run01	386	1	1	0	3	9	4	17	0
stress_b32_run01	387	1	1	0	3	9	4	17	0
stress_b32_run01	388	1	1	0	3	9	3	16	0
stress_b32_run01	389	1	0	0	3	11	3	17	0
stress_b32_run01	390	1	0	0	4	9	4	17	0
stress_b32_run01	391	1	0	0	3	9	4	16	0
stress_b32_run01	392	1	1	0	3	10	3	17	0
stress_b32_run01	393	1	0	0	3	9	3	15	0
stress_b32_run01	394	1	0	0	4	9	4	17	0
stress_b32_run01	395	1	1	0	3	9	4	17	0
stress_b32_run01	396	1	0	0	4	8	4	16	0
stress_b32_run01	397	1	0	1	3	9	3	16	0
stress_b32_run01	398	1	0	0	4	8	4	16	0
stress_b32_run01	399	1	0	0	4	9	3	16	0
stress_b32_run01	400	1	0	1	3	9	4	17	0
stress_b32_run01	401	1	0	0	4	9	3	16	0
stress_b32_run01	402	1	1	0	3	10	3	17	0
stress_b32_run01	403	1	0	0	4	10	3	17	0
stress_b32_run01	404	1	0	0	3	9	4	16	0
stress_b32_run01	405	1	0	0	4	9	3	16	0
stress_b32_run01	406	1	1	0	3	82	4	90	0
stress_b32_run01	407	1	0	0	5	15	4	24	0
stress_b32_run01	408	1	0	0	4	79	4	87	0
stress_b32_run01	409	1	0	0	4	12	3	19	0
stress_b32_run01	410	1	0	1	4	77	4	86	0
stress_b32_run01	411	1	0	0	4	10	4	18	0
stress_b32_run01	412	1	0	1	3	77	4	85	0
stress_b32_run01	413	1	0	1	4	10	4	19	0
stress_b32_run01	414	1	1	0	3	9	4	17	0
stress_b32_run01	415	1	0	0	4	8	4	16	0
stress_b32_run01	416	1	0	0	3	9	3	15	0
stress_b32_run01	417	1	0	1	11	263	7	282	0
stress_b32_run01	418	1	1	0	6	20	5	32	0
stress_b32_run01	419	1	0	0	5	106	5	116	0
stress_b32_run01	420	1	1	0	4	12	4	21	0
stress_b32_run01	421	1	0	0	5	12	4	21	0
stress_b32_run01	422	1	0	0	5	90	5	100	0
stress_b32_run01	423	1	0	0	5	13	4	22	0
stress_b32_run01	424	1	0	0	6	88	6	100	0
stress_b32_run01	425	1	0	0	5	12	5	22	0
stress_b32_run01	426	1	0	0	5	89	5	99	0
stress_b32_run01	427	1	0	1	4	13	4	22	0
stress_b32_run01	428	1	0	0	6	87	4	97	0
stress_b32_run01	429	1	0	0	5	12	4	21	0
stress_b32_run01	430	1	0	0	4	83	5	92	0
stress_b32_run01	431	1	1	0	5	11	4	21	0
stress_b32_run01	432	1	0	1	5	82	5	93	0
stress_b32_run01	433	1	0	1	4	12	5	22	0
stress_b32_run01	434	1	1	0	4	79	5	89	0
stress_b32_run01	435	1	0	0	5	12	4	21	0
stress_b32_run01	436	1	1	0	5	86	5	97	0
stress_b32_run01	437	1	0	0	5	13	4	22	0
stress_b32_run01	438	1	0	0	5	85	6	96	0
stress_b32_run01	439	1	1	0	5	14	5	25	0
stress_b32_run01	440	1	0	0	5	98	5	108	0
stress_b32_run01	441	1	1	0	5	12	5	23	0
stress_b32_run01	442	1	1	0	4	80	4	89	0
stress_b32_run01	443	1	1	0	4	13	4	22	0
stress_b32_run01	444	1	1	0	6	81	5	93	0
stress_b32_run01	445	1	0	0	5	12	5	22	0
stress_b32_run01	446	1	0	0	5	78	4	87	0
stress_b32_run01	447	1	0	1	4	12	5	22	0
stress_b32_run01	448	1	0	0	5	78	4	87	0
stress_b32_run01	449	1	1	0	4	13	4	22	0
stress_b32_run01	450	1	0	1	4	78	5	88	0
stress_b32_run01	451	1	1	0	4	13	4	22	0
stress_b32_run01	452	1	0	0	4	80	5	89	0
stress_b32_run01	453	1	0	0	5	12	4	21	0
stress_b32_run01	454	1	0	0	5	77	5	87	0
stress_b32_run01	455	1	0	0	5	12	5	22	0
stress_b32_run01	456	1	0	0	5	78	5	88	0
stress_b32_run01	457	1	1	0	5	12	4	22	0
stress_b32_run01	458	1	0	0	5	82	5	92	0
stress_b32_run01	459	1	0	0	5	16	4	25	0
stress_b32_run01	460	1	0	0	6	83	5	94	0
stress_b32_run01	461	1	0	0	5	15	5	25	0
stress_b32_run01	462	1	0	0	5	79	4	88	0
stress_b32_run01	463	1	0	0	5	12	5	22	0
stress_b32_run01	464	1	0	0	5	78	5	88	0
stress_b32_run01	465	1	0	0	5	12	4	21	0
stress_b32_run01	466	1	1	0	4	78	5	88	0
stress_b32_run01	467	1	0	0	5	12	4	21	0
stress_b32_run01	468	1	0	1	4	78	5	88	0
stress_b32_run01	469	1	0	0	5	12	5	22	0
stress_b32_run01	470	1	0	0	5	80	5	90	0
stress_b32_run01	471	1	0	0	5	13	4	22	0
stress_b32_run01	472	1	0	0	5	82	5	92	0
stress_b32_run01	473	1	0	0	5	12	5	22	0
stress_b32_run01	474	1	0	1	6	84	5	96	0
stress_b32_run01	475	1	0	0	5	12	5	22	0
stress_b32_run01	476	1	1	0	4	81	5	91	0
stress_b32_run01	477	1	0	0	5	12	5	22	0
stress_b32_run01	478	1	0	0	5	79	5	89	0
stress_b32_run01	479	1	1	0	5	12	5	23	0
stress_b32_run01	480	1	1	0	4	78	5	88	0
stress_b32_run01	481	1	0	0	5	13	4	22	0
stress_b32_run01	482	1	0	1	8	159	6	174	0
stress_b32_run01	483	1	0	0	6	134	6	146	0
stress_b32_run01	484	1	0	0	136	13	5	154	0
stress_b32_run01	485	1	1	0	5	10	5	21	0
stress_b32_run01	486	1	1	0	4	9	4	18	0
stress_b32_run01	487	1	0	1	4	11	4	20	0
stress_b32_run01	488	1	1	0	5	127	5	138	0
stress_b32_run01	489	1	0	0	113	80	5	198	0
stress_b32_run01	490	1	0	0	29	113	6	148	0
stress_b32_run01	491	1	0	0	100	15	4	119	0
stress_b32_run01	492	1	0	0	5	110	6	121	0
stress_b32_run01	493	1	1	0	85	79	6	171	0
stress_b32_run01	494	1	1	0	27	104	6	138	0
stress_b32_run01	495	1	1	0	89	15	6	111	0
stress_b32_run01	496	1	0	1	6	111	6	124	0
stress_b32_run01	497	1	1	0	98	12	4	115	0
stress_b32_run01	499	1	0	0	5	12	4	21	0
stress_b32_run01	500	1	0	0	5	82	6	93	0
stress_b32_run01	501	1	1	0	5	13	5	24	0
stress_b32_run01	498	1	1	0	18	346	12	377	0
stress_b32_run01	502	1	0	1	4	134	5	144	0
stress_b32_run01	503	1	0	1	4	16	5	26	0
stress_b32_run01	504	1	0	0	6	123	5	134	0
stress_b32_run01	505	1	1	0	92	80	6	179	0
stress_b32_run01	506	1	0	0	29	109	6	144	0
stress_b32_run01	507	1	0	0	93	15	4	112	0
stress_b32_run01	508	1	0	0	6	107	5	118	0
stress_b32_run01	509	1	0	0	97	14	4	115	0
stress_b32_run01	510	1	1	0	5	109	5	120	0
stress_b32_run01	511	1	0	1	100	14	5	120	0
stress_b32_run01	512	1	0	0	5	109	4	118	0
stress_b32_run01	513	1	0	0	95	12	5	112	0
stress_b32_run01	514	1	0	0	5	15	5	25	0
stress_b32_run01	515	2	1	0	21	116	5	143	0
stress_b32_run01	516	1	0	0	72	80	4	156	0
stress_b32_run01	517	1	0	0	21	107	5	133	0
stress_b32_run01	518	1	0	1	91	14	5	111	0
stress_b32_run01	519	1	0	0	5	108	5	118	0
stress_b32_run01	520	1	1	0	90	77	5	173	0
stress_b32_run01	522	1	1	0	11	31	13	56	0
stress_b32_run01	521	1	0	0	22	151	6	179	0
stress_b32_run01	523	1	1	0	10	125	11	147	0
stress_b32_run01	524	1	0	0	5	135	4	144	0
stress_b32_run01	525	1	0	0	66	17	5	88	0
stress_b32_run01	526	1	0	0	5	108	5	118	0
stress_b32_run01	527	1	1	0	82	81	6	170	0
stress_b32_run01	528	1	0	0	28	113	5	146	0
stress_b32_run01	529	1	0	0	98	16	4	118	0
stress_b32_run01	530	1	0	0	5	111	5	121	0
stress_b32_run01	531	1	0	0	100	12	5	117	0
stress_b32_run01	532	1	1	0	5	8	5	19	0
stress_b32_run01	534	1	1	0	11	38	11	61	0
stress_b32_run01	533	2	0	0	12	123	6	141	0
stress_b32_run01	535	1	0	0	4	15	5	24	0
stress_b32_run01	537	1	1	0	5	13	5	24	0
stress_b32_run01	536	1	1	0	11	212	14	238	0
stress_b32_run01	538	1	0	0	5	164	7	176	0
stress_b32_run01	539	1	0	0	6	13	6	25	0
stress_b32_run01	541	1	1	0	5	137	6	149	0
stress_b32_run01	540	1	0	1	10	209	11	231	0
stress_b32_run01	542	1	0	0	5	15	5	25	0
stress_b32_run01	543	1	0	0	4	90	5	99	0
stress_b32_run01	545	1	0	1	4	68	5	78	0
stress_b32_run01	544	1	0	1	10	171	11	193	0
stress_b32_run01	546	1	0	0	7	94	6	107	0
stress_b32_run01	548	1	0	0	6	14	5	25	0
stress_b32_run01	547	1	1	0	10	166	13	190	0
stress_b32_run01	549	1	0	0	5	91	5	101	0
stress_b32_run01	551	1	0	0	5	14	5	24	0
stress_b32_run01	550	1	1	0	11	137	12	161	0
stress_b32_run01	552	1	0	0	5	95	5	105	0
stress_b32_run01	554	1	1	0	5	14	5	25	0
stress_b32_run01	553	1	1	0	10	136	11	158	0
stress_b32_run01	555	1	0	0	5	97	5	107	0
stress_b32_run01	556	1	0	0	5	13	5	23	0
stress_b32_run01	557	1	1	0	11	156	12	180	0
stress_b32_run01	558	1	0	0	5	117	5	127	0
stress_b32_run01	559	1	0	0	5	13	4	22	0
stress_b32_run01	560	1	1	0	10	194	11	216	0
stress_b32_run01	561	1	0	0	5	177	6	188	0
stress_b32_run01	562	1	0	0	5	16	5	26	0
stress_b32_run01	563	1	1	0	10	191	11	213	0
stress_b32_run01	564	1	0	0	5	173	6	184	0
stress_b32_run01	565	1	0	1	4	13	5	23	0
stress_b32_run01	567	1	1	0	4	12	4	21	0
stress_b32_run01	568	1	0	0	4	11	4	19	0
stress_b32_run01	566	1	1	0	10	164	13	188	0
stress_b32_run01	569	1	1	0	4	26	4	35	0
stress_b32_run01	571	1	0	0	5	13	4	22	0
stress_b32_run01	572	1	0	0	4	11	5	20	0
stress_b32_run01	570	1	0	1	10	164	12	187	0
stress_b32_run01	573	1	0	0	4	27	5	36	0
stress_b32_run01	575	1	0	0	5	11	5	21	0
stress_b32_run01	576	1	0	1	5	10	5	21	0
stress_b32_run01	574	1	1	1	10	159	11	182	0
stress_b32_run01	577	1	0	1	4	39	5	49	0
stress_b32_run01	579	1	0	0	5	10	5	20	0
stress_b32_run01	580	1	1	0	4	11	5	21	0
stress_b32_run01	581	1	0	0	5	24	5	34	0
stress_b32_run01	578	1	1	1	11	168	18	199	0
stress_b32_run01	582	1	0	1	4	15	5	25	0
stress_b32_run01	584	1	0	0	5	104	5	114	0
stress_b32_run01	583	1	1	1	12	196	11	221	0
stress_b32_run01	585	1	0	0	5	46	5	56	0
stress_b32_run01	586	1	0	0	5	89	5	99	0
stress_b32_run01	588	1	0	0	5	21	4	30	0
stress_b32_run01	587	1	1	0	11	191	12	215	0
stress_b32_run01	589	1	0	0	5	93	5	103	0
stress_b32_run01	590	1	0	1	10	131	11	153	0
stress_b32_run01	591	1	0	1	93	39	11	144	0
stress_b32_run01	592	1	0	1	10	140	13	164	0
stress_b32_run01	593	1	1	1	111	95	13	221	0
stress_b32_run01	594	1	1	0	37	116	12	166	0
stress_b32_run01	595	1	1	0	92	38	11	142	0
stress_b32_run01	596	1	0	1	11	122	11	145	0
stress_b32_run01	597	1	1	0	90	89	12	192	0
stress_b32_run01	598	1	1	0	34	115	11	161	0
stress_b32_run01	599	1	0	1	96	36	11	144	0
stress_b32_run01	600	1	0	1	10	116	12	139	0
stress_b32_run01	601	1	0	1	95	90	11	197	0
stress_b32_run01	602	1	1	1	27	116	12	157	0
stress_b32_run01	603	1	0	1	99	36	11	147	0
stress_b32_run01	605	1	0	1	10	160	12	183	0
stress_b32_run01	604	1	0	1	7	228	6	242	0
stress_b32_run01	606	1	1	0	11	23	11	46	0
stress_b32_run01	607	1	1	0	5	127	6	139	0
stress_b32_run01	608	1	1	0	10	115	12	138	0
stress_b32_run01	609	1	0	1	10	26	11	48	0
stress_b32_run01	610	1	0	1	5	150	5	161	0
stress_b32_run01	611	1	1	0	10	105	12	128	0
stress_b32_run01	613	1	0	0	10	23	10	43	0
stress_b32_run01	612	1	0	1	5	125	5	136	0
stress_b32_run01	614	1	1	0	10	103	12	126	0
stress_b32_run01	616	1	1	1	10	59	11	82	0
stress_b32_run01	615	1	0	1	5	171	5	182	0
stress_b32_run01	618	1	1	0	10	151	11	173	0
stress_b32_run01	617	1	1	0	5	187	5	198	0
stress_b32_run01	619	1	0	0	10	26	11	47	0
stress_b32_run01	620	1	0	0	6	163	6	175	0
stress_b32_run01	621	1	1	1	11	143	11	167	0
stress_b32_run01	622	1	0	1	5	16	5	27	0
stress_b32_run01	623	1	0	0	19	119	5	143	0
stress_b32_run01	624	1	0	0	86	17	4	107	0
stress_b32_run01	625	1	0	0	6	108	5	119	0
stress_b32_run01	626	1	0	0	108	18	5	131	0
stress_b32_run01	628	1	0	1	10	28	11	50	0
stress_b32_run01	627	1	1	0	5	112	6	124	0
stress_b32_run01	629	1	1	0	10	37	11	59	0
stress_b32_run01	631	1	0	1	10	22	11	44	0
stress_b32_run01	630	1	0	0	6	116	5	127	0
stress_b32_run01	632	1	0	1	10	30	11	52	0
stress_b32_run01	633	1	1	1	9	133	11	155	0
stress_b32_run01	634	1	0	1	108	36	12	157	0
stress_b32_run01	635	1	1	0	11	118	12	142	0
stress_b32_run01	636	1	1	1	99	36	11	148	0
stress_b32_run01	637	1	1	0	11	144	12	168	0
stress_b32_run01	638	1	0	1	128	32	13	174	0
stress_b32_run01	639	1	0	1	12	128	12	153	0
stress_b32_run01	640	1	1	0	105	36	12	154	0
stress_b32_run01	641	1	0	1	11	119	11	142	0
stress_b32_run01	642	1	0	1	103	49	12	165	0
stress_b32_run01	643	1	0	1	10	118	11	140	0
stress_b32_run01	644	1	0	1	93	37	11	142	0
stress_b32_run01	645	1	1	0	10	119	11	141	0
stress_b32_run01	646	1	1	0	82	89	12	184	0
stress_b32_run01	647	1	1	0	32	124	12	169	0
stress_b32_run01	648	1	0	1	105	38	11	155	0
stress_b32_run01	649	1	1	0	11	122	11	145	0
stress_b32_run01	650	1	1	1	94	86	12	194	0
stress_b32_run01	651	1	1	0	11	22	11	45	0
stress_b32_run01	652	1	0	1	9	91	11	112	0
stress_b32_run01	653	1	1	0	10	20	10	41	0
stress_b32_run01	654	1	1	0	10	87	11	109	0
stress_b32_run01	655	1	0	1	9	22	11	43	0
stress_b32_run01	656	1	1	0	10	89	11	111	0
stress_b32_run01	657	1	0	1	10	19	10	40	0
stress_b32_run01	658	1	1	0	10	90	11	112	0
stress_b32_run01	659	1	0	1	10	21	11	43	0
stress_b32_run01	660	1	1	1	9	88	12	111	0
stress_b32_run01	661	1	1	0	10	19	11	41	0
stress_b32_run01	662	1	1	0	9	87	11	108	0
stress_b32_run01	663	1	1	1	9	21	11	43	0
stress_b32_run01	664	1	1	1	10	86	11	109	0
stress_b32_run01	665	1	0	1	9	26	11	47	0
stress_b32_run01	666	1	0	1	9	91	11	112	0
stress_b32_run01	667	1	1	0	10	25	11	47	0
stress_b32_run01	668	1	1	0	15	114	11	141	0
stress_b32_run01	669	1	1	0	12	25	11	49	0
stress_b32_run01	670	1	1	0	10	102	12	125	0
stress_b32_run01	671	1	0	1	10	21	10	42	0
stress_b32_run01	672	1	1	0	10	87	11	109	0
stress_b32_run01	673	1	1	0	7	15	5	28	0
stress_b32_run01	674	1	0	1	4	89	4	98	0
stress_b32_run01	675	1	0	0	5	15	4	24	0
stress_b32_run01	676	1	0	1	4	78	5	88	0
stress_b32_run01	677	1	1	0	6	13	5	25	0
stress_b32_run01	678	1	0	0	5	77	5	87	0
stress_b32_run01	679	1	0	1	4	13	5	23	0
stress_b32_run01	680	1	1	0	5	76	5	87	0
stress_b32_run01	681	1	0	0	5	14	4	23	0
stress_b32_run01	682	1	0	1	4	77	5	87	0
stress_b32_run01	683	1	0	0	5	11	4	20	0
stress_b32_run01	684	1	1	0	4	77	5	87	0
stress_b32_run01	685	1	1	0	4	13	4	22	0
stress_b32_run01	686	1	0	1	4	79	6	90	0
stress_b32_run01	687	1	0	1	12	25	11	49	0
stress_b32_run01	688	1	1	0	10	19	11	41	0
stress_b32_run01	689	1	1	0	10	23	11	45	0
stress_b32_run01	690	1	1	0	10	17	11	39	0
stress_b32_run01	691	1	1	0	10	18	11	40	0
stress_b32_run01	692	1	1	0	9	22	11	43	0
stress_b32_run01	693	1	1	0	10	19	10	40	0
stress_b32_run01	694	1	1	0	9	18	11	39	0
stress_b32_run01	695	1	1	1	9	19	10	40	0
stress_b32_run01	696	1	1	0	9	19	11	40	0
stress_b32_run01	697	1	1	0	10	18	11	40	0
stress_b32_run01	698	1	0	1	9	20	10	40	0
stress_b32_run01	699	1	1	0	10	18	10	39	0
stress_b32_run01	700	1	1	0	6	14	5	26	0
stress_b32_run01	701	1	0	0	4	10	5	19	0
stress_b32_run01	702	1	0	0	4	13	5	22	0
stress_b32_run01	703	1	0	0	5	11	5	21	0
stress_b32_run01	704	1	0	0	4	10	4	18	0
stress_b32_run01	705	1	0	0	5	9	4	18	0
stress_b32_run01	706	1	1	0	4	12	4	21	0
stress_b32_run01	707	1	1	0	4	9	5	19	0
stress_b32_run01	708	1	0	0	5	80	5	90	0
stress_b32_run01	709	1	0	0	5	12	4	21	0
stress_b32_run01	710	1	0	0	5	77	5	87	0
stress_b32_run01	711	1	0	0	5	12	5	22	0
stress_b32_run01	712	1	0	0	5	76	4	85	0
stress_b32_run01	713	1	0	0	5	12	4	21	0
stress_b32_run01	714	1	1	0	4	74	5	84	0
stress_b32_run01	715	1	0	1	10	24	11	46	0
stress_b32_run01	716	1	1	0	9	102	12	124	0
stress_b32_run01	717	1	0	1	10	20	10	41	0
stress_b32_run01	718	1	1	0	10	101	13	125	0
stress_b32_run01	719	1	0	1	12	24	11	48	0
stress_b32_run01	720	1	1	0	10	108	11	130	0
stress_b32_run01	721	1	1	0	11	20	10	42	0
stress_b32_run01	722	1	1	0	9	88	12	110	0
stress_b32_run01	723	1	1	0	10	27	11	49	0
stress_b32_run01	724	1	0	1	10	87	12	110	0
stress_b32_run01	725	1	1	0	12	20	10	43	0
stress_b32_run01	726	1	1	0	10	84	17	112	0
stress_b32_run01	727	1	0	1	11	20	12	44	0
stress_b32_run01	728	1	1	0	10	91	12	114	0
stress_b32_run01	729	1	1	0	11	19	11	42	0
stress_b32_run01	730	1	1	0	11	88	12	112	0
stress_b32_run01	731	1	1	0	10	21	11	43	0
stress_b32_run01	732	1	0	1	9	88	11	109	0
stress_b32_run01	733	1	1	0	6	15	5	27	0
stress_b32_run01	734	1	1	0	4	9	5	19	0
stress_b32_run01	735	1	0	0	5	10	6	21	0
stress_b32_run01	736	1	0	0	5	11	5	21	0
stress_b32_run01	737	1	1	0	11	26	11	49	0
stress_b32_run01	738	1	0	1	9	19	11	40	0
stress_b32_run01	739	1	0	1	9	16	10	36	0
stress_b32_run01	740	1	1	1	9	19	10	40	0
stress_b32_run01	741	1	1	0	10	23	10	44	0
stress_b32_run01	742	1	1	1	9	18	10	39	0
stress_b32_run01	743	1	1	1	9	19	10	40	0
stress_b32_run01	744	1	1	0	10	18	11	40	0
stress_b32_run01	745	1	0	1	9	21	10	41	0
stress_b32_run01	746	1	0	0	9	193	7	209	0
stress_b32_run01	747	1	0	0	6	18	4	28	0
stress_b32_run01	748	1	0	0	5	97	5	107	0
stress_b32_run01	749	1	0	0	5	11	5	21	0
stress_b32_run01	750	1	0	1	4	13	4	22	0
stress_b32_run01	751	1	0	1	4	85	5	95	0
stress_b32_run01	752	1	0	1	5	10	5	21	0
stress_b32_run01	753	1	1	0	4	11	5	21	0
stress_b32_run01	754	1	1	0	4	79	5	89	0
stress_b32_run01	755	1	1	0	5	19	4	29	0
stress_b32_run01	756	1	1	0	5	78	5	89	0
stress_b32_run01	757	1	0	0	5	12	5	22	0
stress_b32_run01	758	1	1	0	4	11	4	20	0
stress_b32_run01	759	1	0	0	5	75	5	85	0
stress_b32_run01	760	1	1	0	4	10	6	21	0
stress_b32_run01	761	1	1	0	4	11	5	21	0
stress_b32_run01	762	1	0	0	4	85	6	95	0
stress_b32_run01	763	1	0	0	5	13	4	22	0
stress_b32_run01	764	1	0	0	6	76	5	87	0
stress_b32_run01	765	1	0	0	5	12	4	21	0
stress_b32_run01	766	1	0	0	5	77	5	87	0
stress_b32_run01	767	1	1	0	4	12	4	21	0
stress_b32_run01	768	1	0	0	5	117	5	127	0
stress_b32_run01	769	1	0	0	5	15	4	24	0
stress_b32_run01	770	1	0	0	5	84	5	94	0
stress_b32_run01	771	1	1	0	5	16	5	27	0
stress_b32_run01	772	1	0	1	4	80	5	90	0
stress_b32_run01	773	1	1	0	5	14	5	25	0
stress_b32_run01	774	1	0	0	5	78	5	88	0
stress_b32_run01	775	1	1	0	4	12	5	22	0
stress_b32_run01	776	1	0	0	4	78	5	87	0
stress_b32_run01	777	1	0	0	5	12	5	22	0
stress_b32_run01	778	1	0	0	5	86	4	95	0
stress_b32_run01	779	1	1	0	5	12	4	22	0
stress_b32_run01	780	1	0	1	6	78	5	90	0
stress_b32_run01	781	1	1	0	5	13	6	25	0
stress_b32_run01	782	1	0	0	5	86	4	95	0
stress_b32_run01	783	1	0	0	5	13	4	22	0
stress_b32_run01	784	1	0	1	4	81	5	91	0
stress_b32_run01	785	1	1	0	5	12	4	22	0
stress_b32_run01	786	1	0	0	5	78	4	87	0
stress_b32_run01	787	1	1	0	5	12	4	22	0
stress_b32_run01	788	1	0	0	5	76	5	86	0
stress_b32_run01	789	1	0	0	5	11	5	21	0
stress_b32_run01	790	1	0	0	4	83	5	92	0
stress_b32_run01	791	1	0	0	5	12	4	21	0
stress_b32_run01	792	1	0	0	4	82	5	91	0
stress_b32_run01	793	1	1	0	5	14	4	24	0
stress_b32_run01	794	1	0	0	4	96	5	105	0
stress_b32_run01	795	1	1	0	4	12	5	22	0
stress_b32_run01	796	1	0	0	6	78	6	90	0
stress_b32_run01	797	1	0	1	4	12	5	22	0
stress_b32_run01	798	1	0	0	4	76	5	85	0
stress_b32_run01	799	1	0	0	5	11	5	21	0
stress_b32_run01	800	1	0	0	5	76	5	86	0
stress_b32_run01	801	1	0	0	5	11	5	21	0
stress_b32_run01	802	1	1	0	4	74	4	83	0
stress_b32_run01	803	1	0	0	5	11	4	20	0
stress_b32_run01	804	1	0	0	5	75	5	85	0
stress_b32_run01	805	1	0	0	5	12	4	21	0
stress_b32_run01	806	1	1	0	4	75	5	85	0
stress_b32_run01	807	1	0	0	5	11	5	21	0
stress_b32_run01	808	1	0	0	5	75	5	85	0
stress_b32_run01	809	1	1	0	5	11	5	22	0
stress_b32_run01	810	1	0	0	5	81	5	91	0
stress_b32_run01	811	1	0	0	5	12	5	22	0
stress_b32_run01	812	1	0	0	7	83	5	95	0
stress_b32_run01	813	1	0	1	5	12	4	22	0
stress_b32_run01	814	1	0	1	8	254	7	270	0
stress_b32_run01	815	1	1	0	6	15	5	27	0
stress_b32_run01	816	1	1	0	6	109	5	121	0
stress_b32_run01	817	1	0	0	5	12	5	22	0
stress_b32_run01	818	1	2	1	17	188920	19	188959	0
stress_b32_run01	819	1	1	1	13	160440	16	160471	0
stress_b32_run01	820	1	0	1	7	280	8	296	0
stress_b32_run01	821	1	1	0	6	20	7	34	0
stress_b32_run01	822	1	0	0	5	18	5	28	0
stress_b32_run01	823	1	1	0	4	9	4	18	0
stress_b32_run01	824	1	0	1	4	9	4	18	0
stress_b32_run01	825	1	0	0	4	12	4	20	0
stress_b32_run01	826	1	1	0	4	8	5	18	0
stress_b32_run01	827	1	0	0	4	10	4	18	0
stress_b32_run01	828	1	0	0	4	10	4	18	0
stress_b32_run01	829	1	0	0	5	8	4	17	0
stress_b32_run01	830	1	0	0	4	10	4	18	0
stress_b32_run01	831	1	1	0	4	9	5	19	0
stress_b32_run01	832	1	0	0	5	9	4	18	0
stress_b32_run01	833	1	0	0	4	10	4	18	0
stress_b32_run01	834	1	0	0	5	8	4	17	0
stress_b32_run01	835	1	1	0	4	8	4	17	0
stress_b32_run01	836	1	0	0	4	9	4	17	0
stress_b32_run01	837	1	0	0	4	10	4	18	0
stress_b32_run01	838	1	0	1	4	8	5	18	0
stress_b32_run01	839	1	0	0	4	10	4	18	0
stress_b32_run01	840	1	0	0	4	9	5	18	0
stress_b32_run01	841	1	0	0	5	9	4	18	0
stress_b32_run01	842	1	1	0	4	8	5	18	0
stress_b32_run01	843	1	1	0	4	8	5	18	0
stress_b32_run01	844	1	0	0	5	8	5	18	0
stress_b32_run01	845	1	0	0	4	9	4	17	0
stress_b32_run01	846	1	0	0	4	9	4	17	0
stress_b32_run01	847	1	0	0	4	10	4	18	0
stress_b32_run01	848	1	0	1	5	10	4	20	0
stress_b32_run01	849	1	0	0	4	9	4	17	0
stress_b32_run01	850	1	0	0	5	14	5	24	0
stress_b32_run01	851	1	0	0	5	114	6	125	0
stress_b32_run01	852	1	0	0	5	12	4	21	0
stress_b32_run01	853	1	0	0	5	8	5	18	0
stress_b32_run01	854	1	0	0	5	12	5	22	0
stress_b32_run01	855	1	1	0	12	241	8	262	0
stress_b32_run01	856	1	1	0	5	18	5	29	0
stress_b32_run01	857	1	0	0	6	113	7	126	0
stress_b32_run01	858	1	1	0	5	12	5	23	0
stress_b32_run01	859	1	1	0	5	90	5	101	0
stress_b32_run01	860	1	0	0	5	13	4	22	0
stress_b32_run01	861	1	1	0	4	86	5	96	0
stress_b32_run01	862	1	0	0	5	11	4	20	0
stress_b32_run01	863	1	0	0	4	11	4	19	0
stress_b32_run01	864	1	0	0	5	80	5	90	0
stress_b32_run01	865	1	1	0	5	9	5	20	0
stress_b32_run01	866	1	0	0	4	10	5	19	0
stress_b32_run01	867	1	0	0	4	78	5	87	0
stress_b32_run01	868	1	0	0	5	15	5	25	0
stress_b32_run01	869	1	0	0	5	80	5	90	0
stress_b32_run01	870	1	0	0	5	14	4	23	0
stress_b32_run01	871	1	1	0	4	80	5	90	0
stress_b32_run01	872	1	0	0	5	12	4	21	0
stress_b32_run01	873	1	0	0	5	84	7	96	0
stress_b32_run01	874	1	0	0	5	12	5	22	0
stress_b32_run01	875	1	0	0	4	82	5	91	0
stress_b32_run01	876	1	0	1	4	12	4	21	0
stress_b32_run01	877	1	0	1	4	86	5	96	0
stress_b32_run01	878	1	0	0	5	13	5	23	0
stress_b32_run01	879	1	0	0	6	92	4	102	0
stress_b32_run01	880	1	0	1	5	11	5	22	0
stress_b32_run01	881	1	1	0	4	81	4	90	0
stress_b32_run01	882	1	0	0	5	10	5	20	0
stress_b32_run01	883	1	0	0	5	82	5	92	0
stress_b32_run01	884	1	0	0	5	11	4	20	0
stress_b32_run01	885	1	0	0	5	76	5	86	0
stress_b32_run01	886	1	0	0	5	11	4	20	0
stress_b32_run01	887	1	0	0	5	77	5	87	0
stress_b32_run01	888	1	0	0	5	12	5	22	0
stress_b32_run01	889	1	0	0	6	82	5	93	0
stress_b32_run01	890	1	0	0	5	12	4	21	0
stress_b32_run01	891	1	0	0	5	77	4	86	0
stress_b32_run01	892	1	1	0	4	12	4	21	0
stress_b32_run01	893	1	1	0	4	77	5	87	0
stress_b32_run01	894	1	0	0	5	12	4	21	0
stress_b32_run01	895	1	0	0	5	76	5	86	0
stress_b32_run01	896	1	1	0	4	11	5	21	0
stress_b32_run01	897	1	0	0	5	75	5	85	0
stress_b32_run01	898	1	0	0	5	12	4	21	0
stress_b32_run01	899	1	1	0	4	76	5	86	0
stress_b32_run01	900	1	0	0	5	12	5	22	0
stress_b32_run01	901	1	0	0	5	76	5	86	0
stress_b32_run01	902	1	0	1	4	11	5	21	0
stress_b32_run01	903	1	0	0	5	77	5	87	0
stress_b32_run01	904	1	1	0	4	12	4	21	0
stress_b32_run01	905	1	1	0	6	86	5	98	0
stress_b32_run01	906	1	0	0	5	12	5	22	0
stress_b32_run01	907	1	0	0	5	78	5	88	0
stress_b32_run01	908	1	0	0	5	11	5	21	0
stress_b32_run01	909	1	0	0	4	76	4	84	0
stress_b32_run01	910	1	0	0	5	10	5	20	0
stress_b32_run01	911	1	0	1	4	76	5	86	0
stress_b32_run01	912	1	0	0	5	15	4	24	0
stress_b32_run01	913	1	0	1	4	77	4	86	0
stress_b32_run01	914	1	0	0	5	13	4	22	0
stress_b32_run01	915	1	0	0	4	78	4	86	0
stress_b32_run01	916	1	1	0	5	11	5	22	0
stress_b32_run01	917	1	1	0	4	76	5	86	0
stress_b32_run01	918	1	1	0	4	11	4	20	0
stress_b32_run01	919	1	0	0	5	90	6	101	0
stress_b32_run01	920	1	0	0	10	36	7	53	0
stress_b32_run01	921	1	1	0	7	240	9	257	0
stress_b32_run01	923	1	0	0	6	12	6	24	0
stress_b32_run01	924	1	0	0	5	9	5	19	0
stress_b32_run01	925	1	0	0	4	9	4	17	0
stress_b32_run01	926	1	0	0	4	8	5	17	0
stress_b32_run01	927	1	1	0	4	9	4	18	0
stress_b32_run01	928	1	0	1	4	13	5	23	0
stress_b32_run01	922	1	1	0	20	383	14	418	0
stress_b32_run01	929	1	0	1	4	210	13	228	0
stress_b32_run01	931	1	1	0	12	53	12	78	0
stress_b32_run01	930	1	1	0	12	185	11	209	0
stress_b32_run01	932	1	1	0	18	41	11	71	0
stress_b32_run01	933	1	0	1	10	132	11	154	0
stress_b32_run01	934	1	1	0	102	102	11	216	0
stress_b32_run01	935	1	1	0	41	135	12	189	0
stress_b32_run01	936	1	1	0	118	35	11	165	0
stress_b32_run01	937	1	1	0	10	124	11	146	0
stress_b32_run01	938	1	0	1	127	35	11	174	0
stress_b32_run01	939	1	1	0	11	120	11	143	0
stress_b32_run01	940	1	1	0	105	94	10	210	0
stress_b32_run01	941	1	1	0	33	119	10	163	0
stress_b32_run01	942	1	1	0	102	36	11	150	0
stress_b32_run01	943	1	0	1	11	119	10	141	0
stress_b32_run01	944	1	0	1	82	88	11	182	0
stress_b32_run01	945	1	1	1	29	139	12	182	0
stress_b32_run01	946	1	1	0	123	36	12	172	0
stress_b32_run01	948	1	0	1	11	20	11	43	0
stress_b32_run01	949	1	1	0	11	17	11	40	0
stress_b32_run01	950	1	0	1	10	20	11	42	0
stress_b32_run01	951	1	0	1	10	98	12	121	0
stress_b32_run01	952	1	0	1	10	20	11	42	0
stress_b32_run01	947	1	1	0	12	486	13	512	0
stress_b32_run01	953	1	0	0	11	89	12	112	0
stress_b32_run01	955	1	0	1	10	22	11	44	0
stress_b32_run01	954	1	1	0	12	173	11	197	0
stress_b32_run01	956	1	1	0	9	84	11	105	0
stress_b32_run01	958	1	0	1	10	21	11	43	0
stress_b32_run01	957	1	1	0	11	145	12	169	0
stress_b32_run01	959	1	1	0	10	99	12	122	0
stress_b32_run01	961	1	1	0	12	32	12	57	0
stress_b32_run01	960	1	1	0	11	164	11	187	0
stress_b32_run01	962	1	1	0	10	94	11	116	0
stress_b32_run01	964	1	1	0	10	23	11	45	0
stress_b32_run01	963	1	1	0	11	165	11	188	0
stress_b32_run01	965	1	1	0	10	21	10	42	0
stress_b32_run01	967	1	0	1	10	19	10	40	0
stress_b32_run01	966	1	0	1	11	141	11	164	0
stress_b32_run01	968	1	0	1	10	32	11	54	0
stress_b32_run01	970	1	0	1	9	20	10	40	0
stress_b32_run01	971	1	0	1	9	23	11	44	0
stress_b32_run01	969	1	1	0	11	161	12	185	0
stress_b32_run01	972	1	1	0	10	19	11	41	0
stress_b32_run01	973	1	0	0	11	129	11	151	0
stress_b32_run01	974	1	0	1	9	112	12	134	0
stress_b32_run01	975	1	0	1	11	23	10	45	0
stress_b32_run01	976	1	1	0	10	121	11	143	0
stress_b32_run01	977	1	0	1	10	91	13	115	0
stress_b32_run01	979	1	1	0	11	20	11	43	0
stress_b32_run01	978	1	1	0	11	120	11	143	0
stress_b32_run01	980	1	1	0	11	94	11	117	0
stress_b32_run01	982	1	1	0	12	21	11	45	0
stress_b32_run01	981	1	1	0	11	141	11	164	0
stress_b32_run01	983	1	1	0	10	90	12	113	0
stress_b32_run01	985	1	0	1	11	27	11	50	0
stress_b32_run01	984	1	1	0	11	160	11	183	0
stress_b32_run01	986	1	1	0	10	92	12	115	0
stress_b32_run01	987	1	1	1	9	124	11	146	0
stress_b32_run01	988	1	0	1	47	35	11	94	0
stress_b32_run01	990	1	0	1	10	21	11	43	0
stress_b32_run01	989	1	0	1	10	135	11	157	0
stress_b32_run01	991	1	1	0	11	34	11	57	0
stress_b32_run01	993	1	1	0	10	23	11	45	0
stress_b32_run01	992	1	0	1	10	127	11	149	0
stress_b32_run01	994	1	0	1	10	46	10	67	0
stress_b32_run01	996	1	1	0	10	21	11	43	0
stress_b32_run01	995	1	1	0	11	131	11	154	0
stress_b32_run01	997	1	1	0	10	102	13	126	0
stress_b32_run01	998	1	1	0	13	133	12	159	0
stress_b32_run01	999	1	0	0	140	36	11	187	0
stress_b32_run01	1000	1	1	0	16	124	11	152	0
stress_b32_run01	1001	1	1	1	101	93	11	207	0
stress_b32_run01	1002	1	0	1	28	117	11	157	0
stress_b32_run01	1003	1	0	1	95	37	11	144	0
stress_b32_run01	1004	1	1	0	11	144	10	166	0
stress_b32_run01	1005	1	1	0	115	147	13	276	0
stress_b32_run01	1006	1	1	0	86	146	10	243	0
stress_b32_run01	1007	1	1	0	129	40	12	182	0
stress_b32_run01	1008	1	0	1	11	122	10	144	0
stress_b32_run01	1009	1	0	1	93	95	11	200	0
stress_b32_run01	1011	1	1	1	11	23	11	47	0
stress_b32_run01	1010	1	0	1	34	136	11	182	0
stress_b32_run01	1012	1	1	0	11	101	11	124	0
stress_b32_run01	1014	1	1	0	10	22	11	44	0
stress_b32_run01	1013	1	0	1	11	159	11	182	0
stress_b32_run01	1015	1	1	0	10	90	10	111	0
stress_b32_run01	1017	1	1	0	10	24	11	46	0
stress_b32_run01	1016	1	0	1	10	167	11	189	0
stress_b32_run01	1018	1	1	0	10	90	12	113	0
stress_b32_run01	1020	1	0	1	10	42	11	64	0
stress_b32_run01	1019	1	0	1	10	152	12	175	0
stress_b32_run01	1022	1	0	1	9	89	12	111	0
stress_b32_run01	1021	1	0	1	11	135	11	158	0
stress_b32_run01	1023	1	1	0	14	37	11	63	0
stress_b32_run01	1024	1	1	0	11	121	11	144	0
stress_b32_run01	1025	2	1	0	137	42	11	191	0
stress_b32_run01	1026	1	0	1	11	121	10	143	0
stress_b32_run01	1027	1	0	1	101	34	12	148	0
stress_b32_run01	1028	1	0	1	11	119	10	141	0
stress_b32_run01	1029	1	1	0	106	34	12	153	0
stress_b32_run01	1031	1	1	0	11	20	10	42	0
stress_b32_run01	1030	1	1	0	12	133	10	156	0
stress_b32_run01	1032	1	1	0	10	35	11	57	0
stress_b32_run01	1034	1	1	1	9	21	10	42	0
stress_b32_run01	1033	1	1	0	12	134	11	158	0
stress_b32_run01	1035	1	1	0	10	51	11	73	0
stress_b32_run01	1037	1	1	0	10	19	11	41	0
stress_b32_run01	1036	1	0	1	11	127	10	149	0
stress_b32_run01	1038	1	1	0	10	89	11	111	0
stress_b32_run01	1040	1	1	0	10	20	11	42	0
stress_b32_run01	1039	1	0	1	11	128	11	151	0
stress_b32_run01	1041	1	0	1	9	109	13	132	0
stress_b32_run01	1043	1	1	0	11	20	11	43	0
stress_b32_run01	1042	1	1	0	13	145	12	171	0
stress_b32_run01	1044	1	1	0	10	87	11	109	0
stress_b32_run01	1046	1	1	0	11	20	11	43	0
stress_b32_run01	1045	1	1	0	11	159	12	183	0
stress_b32_run01	1047	1	0	1	10	90	11	112	0
stress_b32_run01	1048	1	1	0	12	137	11	161	0
stress_b32_run01	1049	1	0	1	81	33	11	126	0
stress_b32_run01	1050	1	1	0	11	122	12	146	0
stress_b32_run01	1051	1	1	0	89	109	13	212	0
stress_b32_run01	1052	1	1	0	11	24	11	47	0
stress_b32_run01	1053	1	0	1	10	109	12	132	0
stress_b32_run01	1054	1	1	0	11	21	11	44	0
stress_b32_run01	1055	1	1	0	10	92	11	114	0
stress_b32_run01	1056	1	1	0	11	26	11	49	0
stress_b32_run01	1057	1	1	0	11	95	11	118	0
stress_b32_run01	1058	1	0	1	11	20	10	42	0
stress_b32_run01	1059	1	1	0	10	93	11	115	0
stress_b32_run01	1060	1	1	0	11	20	10	42	0
stress_b32_run01	1061	1	1	0	10	92	11	114	0
stress_b32_run01	1062	1	0	0	11	20	11	42	0
stress_b32_run01	1063	1	0	1	10	89	12	112	0
stress_b32_run01	1064	1	1	0	11	20	11	43	0
stress_b32_run01	1065	1	0	1	9	92	11	113	0
stress_b32_run01	1066	1	0	1	10	21	11	43	0
stress_b32_run01	1067	1	1	0	11	93	11	116	0
stress_b32_run01	1068	1	0	1	10	21	11	43	0
stress_b32_run01	1069	1	1	0	10	91	11	113	0
stress_b32_run01	1070	1	1	0	11	20	10	42	0
stress_b32_run01	1071	1	0	1	10	23	10	44	0
stress_b32_run01	1072	1	0	1	10	16	10	37	0
stress_b32_run01	1073	1	0	1	10	20	10	41	0
stress_b32_run01	1074	1	0	1	10	20	11	42	0
stress_b32_run01	1075	1	0	1	10	15	11	37	0
stress_b32_run01	1076	1	1	0	10	22	11	44	0
stress_b32_run01	1077	1	0	0	10	22	10	42	0
stress_b32_run01	1078	1	0	1	10	19	10	40	0
stress_b32_run01	1079	1	1	0	11	20	11	43	0
stress_b32_run01	1080	1	0	0	11	21	10	42	0
stress_b32_run01	1081	1	1	0	10	20	11	42	0
stress_b32_run01	1082	1	0	1	9	21	10	41	0
stress_b32_run01	1083	1	1	0	10	19	11	41	0
stress_b32_run01	1084	1	1	0	11	20	12	44	0
stress_b32_run01	1085	1	0	0	11	93	11	115	0
stress_b32_run01	1086	1	0	1	10	20	11	42	0
stress_b32_run01	1087	1	1	0	10	91	12	114	0
stress_b32_run01	1088	1	0	1	12	22	10	45	0
stress_b32_run01	1089	1	0	1	10	90	11	112	0
stress_b32_run01	1090	1	1	0	10	20	11	42	0
stress_b32_run01	1091	1	1	0	11	96	11	119	0
stress_b32_run01	1092	1	1	0	11	19	11	42	0
stress_b32_run01	1093	1	1	0	10	87	12	110	0
stress_b32_run01	1094	1	1	0	11	22	11	45	0
stress_b32_run01	1095	1	1	0	10	93	11	115	0
stress_b32_run01	1096	1	1	0	11	18	10	40	0
stress_b32_run01	1097	1	1	0	10	90	10	111	0
stress_b32_run01	1098	1	1	0	12	20	10	43	0
stress_b32_run01	1099	1	1	0	10	92	11	114	0
stress_b32_run01	1100	1	1	0	11	19	10	41	0
stress_b32_run01	1101	1	0	1	11	90	11	113	0
stress_b32_run01	1102	1	1	0	11	19	11	42	0
stress_b32_run01	1103	1	0	1	10	90	11	112	0
stress_b32_run01	1104	1	0	1	11	20	10	42	0
stress_b32_run01	1105	1	0	1	10	90	11	112	0
stress_b32_run01	1106	1	1	0	11	20	11	43	0
stress_b32_run01	1107	1	0	1	10	91	11	113	0
stress_b32_run01	1108	1	0	1	11	21	12	45	0
stress_b32_run01	1109	1	1	0	11	20	11	43	0
stress_b32_run01	1110	1	1	0	12	25	10	48	0
stress_b32_run01	1111	1	0	1	10	20	10	41	0
stress_b32_run01	1112	1	1	0	11	19	11	42	0
stress_b32_run01	1113	1	1	0	10	22	10	43	0
stress_b32_run01	1114	1	0	1	10	21	10	42	0
stress_b32_run01	1115	1	1	0	10	19	10	40	0
stress_b32_run01	1116	1	0	1	10	20	10	41	0
stress_b32_run01	1117	1	1	0	10	20	10	41	0
stress_b32_run01	1118	1	1	0	10	20	11	42	0
stress_b32_run01	1119	1	0	1	10	18	11	40	0
stress_b32_run01	1120	1	0	1	12	185	13	211	0
stress_b32_run01	1122	1	1	0	11	27	12	51	0
stress_b32_run01	1123	1	1	0	10	20	10	41	0
stress_b32_run01	1121	1	0	1	12	169	11	193	0
stress_b32_run01	1124	1	0	0	11	23	10	44	0
stress_b32_run01	1125	1	0	1	10	21	10	42	0
stress_b32_run01	1126	1	1	0	10	117	11	139	0
stress_b32_run01	1127	1	0	1	10	113	12	136	0
stress_b32_run01	1128	1	1	1	10	117	10	139	0
stress_b32_run01	1129	1	0	1	94	29	11	135	0
stress_b32_run01	1130	1	1	0	11	139	12	163	0
stress_b32_run01	1131	1	0	1	127	106	12	246	0
stress_b32_run01	1133	1	0	1	11	20	11	43	0
stress_b32_run01	1132	1	0	1	46	143	10	200	0
stress_b32_run01	1134	1	1	0	16	30	12	59	0
stress_b32_run01	1135	1	1	0	11	122	10	144	0
stress_b32_run01	1136	1	0	1	125	35	12	173	0
stress_b32_run01	1137	1	0	1	10	126	11	148	0
stress_b32_run01	1138	1	1	0	103	88	12	204	0
stress_b32_run01	1139	1	0	1	25	116	11	153	0
stress_b32_run01	1140	1	0	1	99	36	11	147	0
stress_b32_run01	1141	1	0	1	10	118	10	139	0
stress_b32_run01	1142	1	1	0	86	87	11	185	0
stress_b32_run01	1143	1	0	1	26	122	10	159	0
stress_b32_run01	1144	1	0	1	102	36	12	151	0
stress_b32_run01	1145	1	0	1	11	123	10	145	0
stress_b32_run01	1146	1	1	1	89	89	11	191	0
stress_b32_run01	1147	1	1	1	26	121	10	159	0
stress_b32_run01	1148	1	1	0	100	33	12	146	0
stress_b32_run01	1149	1	0	1	10	118	11	140	0
stress_b32_run01	1150	1	1	0	103	34	11	149	0
stress_b32_run01	1151	1	1	1	10	123	11	146	0
stress_b32_run01	1152	1	1	0	108	37	11	157	0
stress_b32_run01	1153	1	0	1	10	126	10	147	0
stress_b32_run01	1154	1	1	1	110	35	12	159	0
stress_b32_run01	1155	1	0	1	10	19	11	41	0
stress_b32_run01	1156	1	0	1	10	92	11	114	0
stress_b32_run01	1157	1	1	0	10	21	10	42	0
stress_b32_run01	1158	1	0	1	9	105	13	128	0
stress_b32_run01	1159	1	0	1	11	25	10	47	0
stress_b32_run01	1160	1	1	0	10	91	11	113	0
stress_b32_run01	1161	1	0	1	10	20	11	42	0
stress_b32_run01	1162	1	0	1	10	89	10	110	0
stress_b32_run01	1163	1	0	1	9	20	11	41	0
stress_b32_run01	1164	1	0	1	9	93	12	115	0
stress_b32_run01	1165	1	0	1	10	19	11	41	0
stress_b32_run01	1166	1	0	0	10	85	10	105	0
stress_b32_run01	1167	1	0	0	11	20	11	42	0
stress_b32_run01	1168	1	1	1	10	84	11	107	0
stress_b32_run01	1169	1	0	0	11	25	11	47	0
stress_b32_run01	1170	1	0	1	11	25	12	49	0
stress_b32_run01	1171	1	1	1	11	26	12	51	0
stress_b32_run01	1172	1	0	1	11	20	11	43	0
stress_b32_run01	1173	1	1	0	10	18	10	39	0
stress_b32_run01	1174	1	1	0	10	19	10	40	0
stress_b32_run01	1175	1	0	1	9	19	10	39	0
stress_b32_run01	1176	1	1	0	11	20	9	41	0
stress_b32_run01	1177	1	0	1	9	24	10	44	0
stress_b32_run01	1178	1	0	0	10	93	11	114	0
stress_b32_run01	1179	1	1	0	10	20	11	42	0
stress_b32_run01	1180	1	1	0	10	96	11	118	0
stress_b32_run01	1181	1	0	1	10	21	10	42	0
stress_b32_run01	1182	1	1	0	10	91	12	114	0
stress_b32_run01	1183	1	1	0	11	19	11	42	0
stress_b32_run01	1184	1	1	0	10	88	11	110	0
stress_b32_run01	1185	1	0	0	10	20	11	41	0
stress_b32_run01	1186	1	1	0	10	23	10	44	0
stress_b32_run01	1187	1	1	0	10	20	10	41	0
stress_b32_run01	1188	1	1	1	9	19	10	40	0
stress_b32_run01	1189	1	2	1	20	188156	20	188199	0
stress_b32_run01	1190	1	0	1	18	313233	20	313272	0
stress_tp4_b8_run01	1	1	1	0	21	86	9	117	0
stress_tp4_b8_run01	2	1	0	1	17	52	7	77	0
stress_tp4_b8_run01	3	1	1	0	5	13	6	25	0
stress_tp4_b8_run01	4	1	0	0	4	13	5	22	0
stress_tp4_b8_run01	5	1	0	0	5	10	6	21	0
stress_tp4_b8_run01	6	1	0	0	4	10	10	24	0
stress_tp4_b8_run01	7	1	1	0	21	1202526	25	1202573	0
stress_tp4_b8_run01	8	1	1	1	21	998234	31	998288	0
stress_tp4_b8_run01	9	1	1	1	16	196052	21	196091	0
stress_tp4_b8_run01	10	1	1	1	17	223898	21	223938	0
stress_tp4_b8_run01	11	1	2	0	17	769258	11	769288	0
stress_tp4_b8_run01	12	1	1	1	18	1988	11	2019	0
stress_tp4_b8_run01	13	1	1	0	7	26	5	39	0
stress_tp4_b8_run01	14	1	0	0	4	11	4	19	0
stress_tp4_b8_run01	15	1	0	0	4	8	3	15	0
stress_tp4_b8_run01	16	1	0	0	4	18	4	26	0
stress_tp4_b8_run01	17	1	0	0	4	13	4	21	0
stress_tp4_b8_run01	18	1	0	0	4	17	4	25	0
stress_tp4_b8_run01	19	1	1	0	3	10	4	18	0
stress_tp4_b8_run01	20	1	0	0	4	11	4	19	0
stress_tp4_b8_run01	21	1	0	0	4	9	4	17	0
stress_tp4_b8_run01	22	1	0	0	3	11	3	17	0
stress_tp4_b8_run01	23	1	1	0	3	10	3	17	0
stress_tp4_b8_run01	24	1	0	1	3	10	4	18	0
stress_tp4_b8_run01	25	1	0	0	4	10	3	17	0
stress_tp4_b8_run01	26	1	0	1	3	19	3	26	0
stress_tp4_b8_run01	27	1	0	0	4	10	3	17	0
stress_tp4_b8_run01	28	1	1	0	3	10	3	17	0
stress_tp4_b8_run01	29	1	0	1	3	16	3	23	0
stress_tp4_b8_run01	30	1	0	0	4	11	3	18	0
stress_tp4_b8_run01	31	1	1	0	3	16	3	23	0
stress_tp4_b8_run01	32	1	1	0	3	14	4	22	0
stress_tp4_b8_run01	33	1	0	0	4	11	3	18	0
stress_tp4_b8_run01	34	1	0	0	3	11	4	18	0
stress_tp4_b8_run01	35	1	0	0	4	15	3	22	0
stress_tp4_b8_run01	36	1	0	0	3	13	3	19	0
stress_tp4_b8_run01	37	1	0	0	4	16	3	23	0
stress_tp4_b8_run01	38	1	0	0	4	17	4	25	0
stress_tp4_b8_run01	39	1	1	0	3	20	3	27	0
stress_tp4_b8_run01	40	1	0	0	3	15	3	21	0
stress_tp4_b8_run01	41	1	1	0	3	16	3	23	0
stress_tp4_b8_run01	42	1	0	0	4	13	4	21	0
stress_tp4_b8_run01	43	1	0	0	4	8	4	16	0
stress_tp4_b8_run01	44	1	1	0	3	11	3	18	0
stress_tp4_b8_run01	45	1	0	1	3	14	4	22	0
stress_tp4_b8_run01	46	1	0	0	4	11	3	18	0
stress_tp4_b8_run01	47	1	0	0	4	8	3	15	0
stress_tp4_b8_run01	48	1	0	0	3	18	3	24	0
stress_tp4_b8_run01	49	1	1	0	3	10	3	17	0
stress_tp4_b8_run01	50	1	1	0	3	9	3	16	0
stress_tp4_b8_run01	51	1	0	0	4	33	4	41	0
stress_tp4_b8_run01	52	1	0	0	4	154	5	163	0
stress_tp4_b8_run01	53	1	1	0	4	22	4	31	0
stress_tp4_b8_run01	54	1	0	1	11	2396	9	2417	0
stress_tp4_b8_run01	55	1	0	0	9	19	5	33	0
stress_tp4_b8_run01	56	1	0	0	5	14	4	23	0
stress_tp4_b8_run01	57	1	0	0	5	8	4	17	0
stress_tp4_b8_run01	58	1	0	0	4	7	4	15	0
stress_tp4_b8_run01	59	1	0	0	4	8	4	16	0
stress_tp4_b8_run01	60	1	1	0	4	7	4	16	0
stress_tp4_b8_run01	61	1	0	0	3	12	4	19	0
stress_tp4_b8_run01	62	1	0	1	3	13	3	20	0
stress_tp4_b8_run01	63	1	1	0	3	11	3	18	0
stress_tp4_b8_run01	64	1	0	0	3	8	4	15	0
stress_tp4_b8_run01	65	1	0	0	3	13	4	20	0
stress_tp4_b8_run01	66	1	0	0	3	10	3	16	0
stress_tp4_b8_run01	67	1	1	0	3	10	3	17	0
stress_tp4_b8_run01	68	1	0	0	4	11	3	18	0
stress_tp4_b8_run01	69	1	0	1	4	9	4	18	0
stress_tp4_b8_run01	70	1	0	0	4	10	4	18	0
stress_tp4_b8_run01	71	1	0	0	4	12	3	19	0
stress_tp4_b8_run01	72	1	0	1	3	7	4	15	0
stress_tp4_b8_run01	73	1	0	0	3	12	3	18	0
stress_tp4_b8_run01	74	1	1	0	3	11	3	18	0
stress_tp4_b8_run01	75	1	0	0	4	10	4	18	0
stress_tp4_b8_run01	76	1	0	0	4	12	3	19	0
stress_tp4_b8_run01	77	1	0	0	4	9	4	17	0
stress_tp4_b8_run01	78	1	0	0	4	7	3	14	0
stress_tp4_b8_run01	79	1	0	0	4	8	5	17	0
stress_tp4_b8_run01	80	1	0	1	4	9	3	17	0
stress_tp4_b8_run01	81	1	0	0	4	21	4	29	0
stress_tp4_b8_run01	82	1	0	0	4	140	4	148	0
stress_tp4_b8_run01	83	1	0	0	5	10	3	18	0
stress_tp4_b8_run01	84	1	0	0	4	18	3	25	0
stress_tp4_b8_run01	85	1	0	0	6	113	4	123	0
stress_tp4_b8_run01	86	1	0	0	4	12	4	20	0
stress_tp4_b8_run01	87	1	0	0	3	16	3	22	0
stress_tp4_b8_run01	88	1	0	0	4	86	5	95	0
stress_tp4_b8_run01	89	1	0	0	4	12	4	20	0
stress_tp4_b8_run01	90	1	0	0	4	16	3	23	0
stress_tp4_b8_run01	91	1	0	0	4	82	4	90	0
stress_tp4_b8_run01	92	1	1	0	4	16	4	25	0
stress_tp4_b8_run01	93	1	1	0	5	82	4	92	0
stress_tp4_b8_run01	94	1	0	0	4	14	4	22	0
stress_tp4_b8_run01	95	1	0	0	5	88	4	97	0
stress_tp4_b8_run01	96	1	0	0	5	12	4	21	0
stress_tp4_b8_run01	97	1	0	0	4	11	3	18	0
stress_tp4_b8_run01	98	1	0	0	4	13	3	20	0
stress_tp4_b8_run01	99	1	0	0	4	82	4	90	0
stress_tp4_b8_run01	100	1	0	0	4	12	4	20	0
stress_tp4_b8_run01	101	1	0	0	4	17	4	25	0
stress_tp4_b8_run01	102	1	0	0	8	125	5	138	0
stress_tp4_b8_run01	103	1	0	0	4	18	4	26	0
stress_tp4_b8_run01	104	1	1	1	24	2167	17	2210	0
stress_tp4_b8_run01	105	1	0	1	22	308	7	338	0
stress_tp4_b8_run01	106	1	0	0	217	20	5	242	0
stress_tp4_b8_run01	107	1	0	0	7	157	5	169	0
stress_tp4_b8_run01	108	1	0	0	154	25	4	183	0
stress_tp4_b8_run01	109	1	1	0	5	156	6	168	0
stress_tp4_b8_run01	110	1	0	0	150	27	5	182	0
stress_tp4_b8_run01	111	1	0	0	5	138	5	148	0
stress_tp4_b8_run01	112	1	1	0	123	11	4	139	0
stress_tp4_b8_run01	113	1	0	0	5	16	4	25	0
stress_tp4_b8_run01	114	2	0	0	22	139	5	166	0
stress_tp4_b8_run01	115	1	0	0	113	21	4	138	0
stress_tp4_b8_run01	117	1	0	0	4	9	4	17	0
stress_tp4_b8_run01	118	1	0	0	3	9	4	16	0
stress_tp4_b8_run01	119	1	0	0	4	14	4	22	0
stress_tp4_b8_run01	120	1	0	0	4	10	4	18	0
stress_tp4_b8_run01	121	1	0	1	3	11	4	19	0
stress_tp4_b8_run01	122	1	0	0	3	9	3	15	0
stress_tp4_b8_run01	123	1	0	0	3	17	3	23	0
stress_tp4_b8_run01	124	1	1	0	3	9	3	16	0
stress_tp4_b8_run01	125	1	0	0	4	16	4	24	0
stress_tp4_b8_run01	126	1	0	0	4	12	4	20	0
stress_tp4_b8_run01	127	1	0	0	4	12	4	20	0
stress_tp4_b8_run01	128	1	0	0	4	10	3	17	0
stress_tp4_b8_run01	129	1	0	0	4	13	3	20	0
stress_tp4_b8_run01	130	1	0	0	4	15	3	22	0
stress_tp4_b8_run01	131	1	0	0	4	97	4	105	0
stress_tp4_b8_run01	132	1	1	0	4	8	4	17	0
stress_tp4_b8_run01	133	1	0	1	3	9	4	17	0
stress_tp4_b8_run01	134	1	0	1	3	9	3	16	0
stress_tp4_b8_run01	135	1	0	0	3	11	3	17	0
stress_tp4_b8_run01	136	1	1	0	3	9	3	16	0
stress_tp4_b8_run01	137	1	0	0	4	11	3	18	0
stress_tp4_b8_run01	138	1	0	0	4	8	4	16	0
stress_tp4_b8_run01	139	1	1	0	3	7	4	15	0
stress_tp4_b8_run01	140	1	0	1	3	9	4	17	0
stress_tp4_b8_run01	141	1	0	1	3	12	4	20	0
stress_tp4_b8_run01	142	1	0	0	4	11	3	18	0
stress_tp4_b8_run01	143	1	0	0	4	10	3	17	0
stress_tp4_b8_run01	144	1	1	0	3	14	4	22	0
stress_tp4_b8_run01	145	1	1	0	3	87	4	95	0
stress_tp4_b8_run01	146	1	0	0	4	15	4	23	0
stress_tp4_b8_run01	147	1	0	0	4	7	4	15	0
stress_tp4_b8_run01	148	1	0	0	4	7	3	14	0
stress_tp4_b8_run01	149	1	0	0	4	9	4	17	0
stress_tp4_b8_run01	150	1	0	0	4	7	4	15	0
stress_tp4_b8_run01	151	1	0	0	4	7	3	14	0
stress_tp4_b8_run01	152	1	0	0	4	11	4	19	0
stress_tp4_b8_run01	153	1	0	0	4	88	4	96	0
stress_tp4_b8_run01	154	1	0	0	5	13	3	21	0
stress_tp4_b8_run01	155	1	0	0	4	12	3	19	0
stress_tp4_b8_run01	156	1	0	0	3	12	3	18	0
stress_tp4_b8_run01	157	1	0	0	4	10	4	18	0
stress_tp4_b8_run01	158	1	0	0	5	14	3	22	0
stress_tp4_b8_run01	116	1	0	1	7	1896	8	1912	0
stress_tp4_b8_run01	159	1	0	0	3	18	4	25	0
stress_tp4_b8_run01	160	1	0	0	4	11	4	19	0
stress_tp4_b8_run01	162	1	0	0	4	104	4	112	0
stress_tp4_b8_run01	161	1	1	0	5	160	6	172	0
stress_tp4_b8_run01	163	1	0	0	4	8	4	16	0
stress_tp4_b8_run01	164	1	0	0	4	11	4	19	0
stress_tp4_b8_run01	166	1	0	0	4	13	3	20	0
stress_tp4_b8_run01	167	1	0	1	3	13	3	20	0
stress_tp4_b8_run01	168	1	0	0	4	11	4	19	0
stress_tp4_b8_run01	165	1	0	1	5	132	6	144	0
stress_tp4_b8_run01	169	1	0	1	3	9	4	17	0
stress_tp4_b8_run01	171	1	0	0	3	13	3	19	0
stress_tp4_b8_run01	170	1	0	1	4	144	5	154	0
stress_tp4_b8_run01	172	1	0	0	4	93	4	101	0
stress_tp4_b8_run01	173	1	0	0	4	13	3	20	0
stress_tp4_b8_run01	174	1	0	1	4	122	6	133	0
stress_tp4_b8_run01	175	1	0	0	97	22	4	123	0
stress_tp4_b8_run01	176	1	0	0	6	131	5	142	0
stress_tp4_b8_run01	177	1	1	0	107	90	4	202	0
stress_tp4_b8_run01	179	1	1	0	4	12	4	21	0
stress_tp4_b8_run01	180	1	0	1	4	87	4	96	0
stress_tp4_b8_run01	178	1	0	1	4	1542	7	1554	0
stress_tp4_b8_run01	181	1	1	0	1319	25	4	1349	0
stress_tp4_b8_run01	182	1	0	1	5	156	6	168	0
stress_tp4_b8_run01	183	1	0	0	146	30	4	180	0
stress_tp4_b8_run01	184	1	0	1	5	126	6	138	0
stress_tp4_b8_run01	185	1	0	0	94	15	4	113	0
stress_tp4_b8_run01	186	1	0	0	5	138	6	149	0
stress_tp4_b8_run01	187	1	0	0	132	13	5	150	0
stress_tp4_b8_run01	188	1	0	1	7	117	6	131	0
stress_tp4_b8_run01	189	1	0	1	115	16	5	137	0
stress_tp4_b8_run01	190	1	0	0	6	118	6	130	0
stress_tp4_b8_run01	191	1	0	0	103	23	4	130	0
stress_tp4_b8_run01	193	1	1	0	4	82	4	91	0
stress_tp4_b8_run01	192	1	0	0	7	147	7	161	0
stress_tp4_b8_run01	194	1	0	1	9	14	4	28	0
stress_tp4_b8_run01	195	1	1	0	5	128	6	140	0
stress_tp4_b8_run01	196	1	1	0	127	19	4	151	0
stress_tp4_b8_run01	197	1	1	0	5	133	6	145	0
stress_tp4_b8_run01	198	1	0	0	129	23	4	156	0
stress_tp4_b8_run01	199	1	1	0	6	130	6	143	0
stress_tp4_b8_run01	200	1	1	0	100	84	5	190	0
stress_tp4_b8_run01	201	1	0	0	33	130	8	171	0
stress_tp4_b8_run01	202	1	1	0	120	21	5	147	0
stress_tp4_b8_run01	203	1	0	0	7	124	5	136	0
stress_tp4_b8_run01	204	1	0	0	98	88	4	190	0
stress_tp4_b8_run01	205	1	0	1	4	14	4	23	0
stress_tp4_b8_run01	206	1	0	1	4	87	5	97	0
stress_tp4_b8_run01	207	1	1	0	5	11	4	21	0
stress_tp4_b8_run01	208	1	0	0	4	79	5	88	0
stress_tp4_b8_run01	209	1	1	0	6	13	5	25	0
stress_tp4_b8_run01	210	1	0	1	4	13	4	22	0
stress_tp4_b8_run01	211	1	0	0	5	16	5	26	0
stress_tp4_b8_run01	212	1	0	0	4	11	3	18	0
stress_tp4_b8_run01	213	1	0	0	4	8	4	16	0
stress_tp4_b8_run01	214	1	0	0	4	17	4	25	0
stress_tp4_b8_run01	215	1	0	0	4	80	4	88	0
stress_tp4_b8_run01	216	1	0	0	5	11	4	20	0
stress_tp4_b8_run01	217	1	1	0	4	75	3	83	0
stress_tp4_b8_run01	218	1	0	0	4	12	4	20	0
stress_tp4_b8_run01	219	1	1	0	4	79	4	88	0
stress_tp4_b8_run01	220	1	0	0	5	16	4	25	0
stress_tp4_b8_run01	221	1	0	0	4	76	4	84	0
stress_tp4_b8_run01	222	1	0	0	4	14	4	22	0
stress_tp4_b8_run01	223	1	0	1	3	74	4	82	0
stress_tp4_b8_run01	224	1	0	0	4	20	3	27	0
stress_tp4_b8_run01	225	1	0	0	4	77	5	86	0
stress_tp4_b8_run01	226	1	1	0	4	12	4	21	0
stress_tp4_b8_run01	227	1	0	0	4	77	4	85	0
stress_tp4_b8_run01	228	1	0	0	5	12	4	21	0
stress_tp4_b8_run01	229	1	0	1	3	76	5	85	0
stress_tp4_b8_run01	230	1	1	0	4	16	3	24	0
stress_tp4_b8_run01	231	1	0	0	4	79	4	87	0
stress_tp4_b8_run01	232	1	0	0	4	14	4	22	0
stress_tp4_b8_run01	233	1	1	0	3	78	4	86	0
stress_tp4_b8_run01	234	1	0	0	4	14	4	22	0
stress_tp4_b8_run01	235	1	0	0	4	74	4	82	0
stress_tp4_b8_run01	236	1	0	0	5	14	4	23	0
stress_tp4_b8_run01	237	1	0	0	4	85	4	93	0
stress_tp4_b8_run01	238	1	0	0	5	16	4	25	0
stress_tp4_b8_run01	239	1	0	0	4	15	4	23	0
stress_tp4_b8_run01	240	1	0	0	4	14	3	21	0
stress_tp4_b8_run01	241	1	0	0	4	12	3	19	0
stress_tp4_b8_run01	242	1	0	0	4	12	4	20	0
stress_tp4_b8_run01	243	1	1	0	3	19	6	29	0
stress_tp4_b8_run01	244	1	0	0	6	16	4	26	0
stress_tp4_b8_run01	245	1	0	0	4	11	3	18	0
stress_tp4_b8_run01	246	1	0	0	4	10	4	18	0
stress_tp4_b8_run01	247	1	0	0	4	8	4	16	0
stress_tp4_b8_run01	248	1	0	0	4	14	4	22	0
stress_tp4_b8_run01	249	1	1	0	3	11	3	18	0
stress_tp4_b8_run01	250	1	1	0	13	356	8	378	0
stress_tp4_b8_run01	251	1	1	0	6	25	5	37	0
stress_tp4_b8_run01	252	1	0	1	4	137	6	148	0
stress_tp4_b8_run01	253	1	1	0	6	15	4	26	0
stress_tp4_b8_run01	254	1	0	0	5	107	5	117	0
stress_tp4_b8_run01	255	1	0	0	5	15	5	25	0
stress_tp4_b8_run01	256	1	0	0	4	16	5	25	0
stress_tp4_b8_run01	257	1	0	0	6	93	5	104	0
stress_tp4_b8_run01	258	1	0	0	5	12	4	21	0
stress_tp4_b8_run01	259	1	0	0	5	98	5	108	0
stress_tp4_b8_run01	260	1	1	0	5	13	5	24	0
stress_tp4_b8_run01	261	1	1	0	4	101	5	111	0
stress_tp4_b8_run01	262	1	1	0	5	13	5	24	0
stress_tp4_b8_run01	263	1	0	1	4	95	4	104	0
stress_tp4_b8_run01	264	1	0	0	5	18	4	27	0
stress_tp4_b8_run01	265	1	1	0	5	90	5	101	0
stress_tp4_b8_run01	266	1	0	1	4	16	5	26	0
stress_tp4_b8_run01	267	1	1	0	15	268	8	292	0
stress_tp4_b8_run01	269	1	1	0	6	17	5	29	0
stress_tp4_b8_run01	270	1	0	1	4	21	4	30	0
stress_tp4_b8_run01	268	1	0	1	7	204	6	218	0
stress_tp4_b8_run01	271	1	0	1	5	22	5	33	0
stress_tp4_b8_run01	273	1	1	0	5	17	5	28	0
stress_tp4_b8_run01	272	1	1	0	5	129	5	140	0
stress_tp4_b8_run01	274	1	0	0	62	27	4	93	0
stress_tp4_b8_run01	275	1	0	1	4	140	6	151	0
stress_tp4_b8_run01	276	1	0	0	134	33	5	172	0
stress_tp4_b8_run01	277	1	0	0	5	538	7	550	0
stress_tp4_b8_run01	278	1	1	0	470	113	7	591	0
stress_tp4_b8_run01	280	1	0	1	5	19	5	30	0
stress_tp4_b8_run01	279	1	0	0	58	151	6	215	0
stress_tp4_b8_run01	281	1	0	1	4	98	5	108	0
stress_tp4_b8_run01	283	1	0	0	5	21	4	30	0
stress_tp4_b8_run01	282	1	0	0	6	142	5	153	0
stress_tp4_b8_run01	284	1	1	0	4	99	5	109	0
stress_tp4_b8_run01	285	1	0	0	5	127	5	137	0
stress_tp4_b8_run01	286	2	0	0	132	39	5	176	0
stress_tp4_b8_run01	288	1	0	0	5	23	4	32	0
stress_tp4_b8_run01	289	1	0	0	4	25	4	33	0
stress_tp4_b8_run01	287	1	0	0	5	160	5	170	0
stress_tp4_b8_run01	290	1	1	0	5	19	4	29	0
stress_tp4_b8_run01	291	1	0	0	8	125	6	139	0
stress_tp4_b8_run01	292	1	0	0	73	132	5	210	0
stress_tp4_b8_run01	293	1	0	0	5	142	5	152	0
stress_tp4_b8_run01	294	1	0	0	5	41	4	50	0
stress_tp4_b8_run01	295	1	1	0	5	130	5	141	0
stress_tp4_b8_run01	296	1	0	0	5	129	5	139	0
stress_tp4_b8_run01	297	1	0	0	5	15	5	25	0
stress_tp4_b8_run01	298	1	0	0	5	111	5	121	0
stress_tp4_b8_run01	299	1	1	0	5	84	5	95	0
stress_tp4_b8_run01	300	1	0	0	5	12	4	21	0
stress_tp4_b8_run01	301	1	0	0	5	116	5	126	0
stress_tp4_b8_run01	302	1	0	1	4	85	4	94	0
stress_tp4_b8_run01	304	1	0	0	6	13	4	23	0
stress_tp4_b8_run01	305	1	0	0	5	12	4	21	0
stress_tp4_b8_run01	306	1	0	0	5	14	4	23	0
stress_tp4_b8_run01	303	1	0	0	6	113	5	124	0
stress_tp4_b8_run01	307	1	0	0	5	12	5	22	0
stress_tp4_b8_run01	309	1	1	0	4	12	4	21	0
stress_tp4_b8_run01	308	1	0	0	5	113	5	123	0
stress_tp4_b8_run01	310	1	0	0	5	80	5	90	0
stress_tp4_b8_run01	312	1	0	0	5	16	4	25	0
stress_tp4_b8_run01	311	1	0	0	5	194	5	204	0
stress_tp4_b8_run01	313	1	1	0	5	96	5	107	0
stress_tp4_b8_run01	314	1	1	0	5	14	4	24	0
stress_tp4_b8_run01	315	1	0	1	4	112	6	123	0
stress_tp4_b8_run01	316	1	0	0	99	17	5	121	0
stress_tp4_b8_run01	317	1	0	0	5	115	5	125	0
stress_tp4_b8_run01	318	1	0	0	88	84	5	177	0
stress_tp4_b8_run01	319	1	0	0	34	119	5	158	0
stress_tp4_b8_run01	320	1	0	1	107	13	5	126	0
stress_tp4_b8_run01	321	1	0	0	5	119	5	129	0
stress_tp4_b8_run01	322	1	1	0	92	78	5	176	0
stress_tp4_b8_run01	323	1	0	0	30	122	5	157	0
stress_tp4_b8_run01	324	1	0	0	109	17	5	131	0
stress_tp4_b8_run01	325	1	0	1	5	143	6	155	0
stress_tp4_b8_run01	326	1	0	1	121	90	5	217	0
stress_tp4_b8_run01	327	1	0	0	39	114	5	158	0
stress_tp4_b8_run01	328	1	0	0	100	20	4	124	0
stress_tp4_b8_run01	330	1	0	1	6	77	5	89	0
stress_tp4_b8_run01	329	1	0	0	6	152	5	163	0
stress_tp4_b8_run01	331	1	0	0	14	16	5	35	0
stress_tp4_b8_run01	332	1	0	0	6	114	7	127	0
stress_tp4_b8_run01	333	1	0	0	108	15	5	128	0
stress_tp4_b8_run01	334	1	0	0	6	113	4	123	0
stress_tp4_b8_run01	335	1	0	1	106	22	5	134	0
stress_tp4_b8_run01	336	1	0	0	6	120	5	131	0
stress_tp4_b8_run01	337	1	0	0	111	13	5	129	0
stress_tp4_b8_run01	338	1	0	0	6	116	6	128	0
stress_tp4_b8_run01	339	1	0	0	105	19	5	129	0
stress_tp4_b8_run01	340	1	0	0	6	117	5	128	0
stress_tp4_b8_run01	341	1	0	0	103	20	5	128	0
stress_tp4_b8_run01	342	1	0	1	5	135	5	146	0
stress_tp4_b8_run01	343	1	0	0	116	18	6	140	0
stress_tp4_b8_run01	344	1	0	1	5	124	6	136	0
stress_tp4_b8_run01	345	1	0	0	95	91	5	191	0
stress_tp4_b8_run01	346	1	1	0	7	16	4	28	0
stress_tp4_b8_run01	347	1	0	1	4	16	4	25	0
stress_tp4_b8_run01	348	1	1	0	4	13	4	22	0
stress_tp4_b8_run01	349	1	0	0	5	13	5	23	0
stress_tp4_b8_run01	350	1	1	0	4	17	5	27	0
stress_tp4_b8_run01	351	1	0	0	5	77	4	86	0
stress_tp4_b8_run01	352	1	1	0	4	13	5	23	0
stress_tp4_b8_run01	353	1	0	0	5	75	5	85	0
stress_tp4_b8_run01	354	1	0	1	4	14	5	24	0
stress_tp4_b8_run01	355	1	0	1	4	77	5	87	0
stress_tp4_b8_run01	356	1	0	1	5	14	4	24	0
stress_tp4_b8_run01	357	1	0	0	4	76	5	85	0
stress_tp4_b8_run01	358	1	0	0	5	13	4	22	0
stress_tp4_b8_run01	359	1	0	0	4	89	5	98	0
stress_tp4_b8_run01	360	1	0	1	4	13	5	23	0
stress_tp4_b8_run01	361	1	0	0	4	74	5	83	0
stress_tp4_b8_run01	362	1	1	0	5	20	4	30	0
stress_tp4_b8_run01	363	1	0	1	4	75	5	85	0
stress_tp4_b8_run01	364	1	0	0	5	12	5	22	0
stress_tp4_b8_run01	365	1	0	1	4	76	5	86	0
stress_tp4_b8_run01	366	1	0	1	4	13	4	22	0
stress_tp4_b8_run01	367	1	0	0	5	83	4	92	0
stress_tp4_b8_run01	368	1	0	1	4	14	4	23	0
stress_tp4_b8_run01	369	1	0	1	4	74	4	83	0
stress_tp4_b8_run01	370	1	0	0	6	16	5	27	0
stress_tp4_b8_run01	371	1	0	1	5	11	5	22	0
stress_tp4_b8_run01	372	1	1	0	4	11	4	20	0
stress_tp4_b8_run01	373	1	0	0	5	15	4	24	0
stress_tp4_b8_run01	374	1	0	0	5	9	4	18	0
stress_tp4_b8_run01	375	1	0	1	4	11	4	20	0
stress_tp4_b8_run01	376	1	0	1	6	12	5	24	0
stress_tp4_b8_run01	377	1	1	0	4	15	5	25	0
stress_tp4_b8_run01	378	1	0	0	5	10	5	20	0
stress_tp4_b8_run01	379	1	0	1	6	11	5	23	0
stress_tp4_b8_run01	380	1	0	0	5	11	5	21	0
stress_tp4_b8_run01	381	1	0	1	6	12	5	24	0
stress_tp4_b8_run01	382	1	0	0	5	84	5	94	0
stress_tp4_b8_run01	383	1	0	0	5	11	5	21	0
stress_tp4_b8_run01	384	1	1	0	4	85	5	95	0
stress_tp4_b8_run01	385	1	0	0	5	13	4	22	0
stress_tp4_b8_run01	386	1	1	0	4	84	5	94	0
stress_tp4_b8_run01	387	1	0	0	5	12	5	22	0
stress_tp4_b8_run01	388	1	1	0	5	82	5	93	0
stress_tp4_b8_run01	389	1	1	0	5	12	4	22	0
stress_tp4_b8_run01	390	1	0	0	5	77	5	87	0
stress_tp4_b8_run01	391	1	0	1	5	18	5	29	0
stress_tp4_b8_run01	392	1	0	0	5	76	5	86	0
stress_tp4_b8_run01	393	1	0	1	4	12	4	21	0
stress_tp4_b8_run01	394	1	1	0	5	83	5	94	0
stress_tp4_b8_run01	395	1	0	0	5	14	4	23	0
stress_tp4_b8_run01	396	1	0	1	4	76	5	86	0
stress_tp4_b8_run01	397	1	0	0	5	14	5	24	0
stress_tp4_b8_run01	398	1	0	0	5	16	4	25	0
stress_tp4_b8_run01	399	1	0	0	4	13	4	21	0
stress_tp4_b8_run01	400	1	0	0	5	15	5	25	0
stress_tp4_b8_run01	401	1	1	0	4	11	4	20	0
stress_tp4_b8_run01	402	1	0	1	4	13	5	23	0
stress_tp4_b8_run01	403	1	0	0	5	9	4	18	0
stress_tp4_b8_run01	404	1	0	0	5	14	5	24	0
stress_tp4_b8_run01	405	1	1	0	15	438	9	463	0
stress_tp4_b8_run01	406	1	0	0	6	34	5	45	0
stress_tp4_b8_run01	407	1	1	0	4	142	5	152	0
stress_tp4_b8_run01	408	1	0	0	5	14	4	23	0
stress_tp4_b8_run01	409	1	0	1	4	114	5	124	0
stress_tp4_b8_run01	410	1	0	0	5	18	4	27	0
stress_tp4_b8_run01	411	1	1	0	6	110	6	123	0
stress_tp4_b8_run01	412	1	1	0	5	11	4	21	0
stress_tp4_b8_run01	413	1	0	0	4	101	5	110	0
stress_tp4_b8_run01	414	1	0	1	4	13	5	23	0
stress_tp4_b8_run01	415	1	0	0	4	16	5	25	0
stress_tp4_b8_run01	416	1	0	0	5	94	5	104	0
stress_tp4_b8_run01	417	1	0	0	5	15	5	25	0
stress_tp4_b8_run01	418	1	0	0	5	109	5	119	0
stress_tp4_b8_run01	419	1	0	0	4	11	4	19	0
stress_tp4_b8_run01	420	1	1	0	4	89	5	99	0
stress_tp4_b8_run01	421	1	1	0	4	13	4	22	0
stress_tp4_b8_run01	422	1	1	0	11	245	8	265	0
stress_tp4_b8_run01	423	1	0	1	5	15	6	27	0
stress_tp4_b8_run01	424	1	0	1	5	8	5	19	0
stress_tp4_b8_run01	425	1	1	0	115	20	5	141	0
stress_tp4_b8_run01	426	1	0	0	4	110	5	119	0
stress_tp4_b8_run01	427	1	0	0	5	12	5	22	0
stress_tp4_b8_run01	428	1	1	1	22	196215	24	196263	0
stress_tp4_b8_run01	429	1	0	1	16	171792	19	171828	0
stress_tp4_b8_run01	430	1	1	1	15	306	15	338	0
stress_tp4_b8_run01	431	1	1	0	11	32	10	54	0
stress_tp4_b8_run01	432	1	0	1	10	126	10	147	0
stress_tp4_b8_run01	433	1	1	0	10	22	10	43	0
stress_tp4_b8_run01	434	1	1	0	9	100	10	120	0
stress_tp4_b8_run01	435	1	0	1	9	15	10	35	0
stress_tp4_b8_run01	436	1	0	1	9	19	9	38	0
stress_tp4_b8_run01	437	1	1	0	10	97	10	118	0
stress_tp4_b8_run01	438	1	0	0	10	21	9	40	0
stress_tp4_b8_run01	439	1	0	1	10	105	11	127	0
stress_tp4_b8_run01	440	1	1	0	10	19	10	40	0
stress_tp4_b8_run01	441	1	0	1	10	99	10	120	0
stress_tp4_b8_run01	442	1	0	1	10	20	10	41	0
stress_tp4_b8_run01	443	1	1	0	10	92	10	113	0
stress_tp4_b8_run01	444	1	0	1	9	16	9	35	0
stress_tp4_b8_run01	445	1	0	1	10	97	10	118	0
stress_tp4_b8_run01	446	1	0	0	10	19	10	39	0
stress_tp4_b8_run01	447	1	1	0	13	130	11	155	0
stress_tp4_b8_run01	448	1	1	0	9	14	10	34	0
stress_tp4_b8_run01	449	1	1	0	9	17	10	37	0
stress_tp4_b8_run01	450	1	1	0	9	14	9	33	0
stress_tp4_b8_run01	451	1	1	0	9	14	10	34	0
stress_tp4_b8_run01	452	1	0	1	9	19	10	39	0
stress_tp4_b8_run01	453	1	2	1	22	196116	24	196165	0
stress_tp4_b8_run01	454	1	0	1	16	177367	13	177397	0
stress_tp4_b8_run01	455	1	2	1	22	193800	24	193849	0
stress_tp4_b8_run01	456	1	1	0	15	343566	21	343603	0
stress_tp4_b8_run01	457	1	1	0	25	195579	21	195626	0
stress_tp4_b8_run01	458	1	1	0	16	57055	19	57091	0
stress_tp8_b4_run01	1	1	1	0	21	63	10	95	0
stress_tp8_b4_run01	2	1	1	0	15	34	11	61	0
stress_tp8_b4_run01	3	1	1	0	8	14	8	31	0
stress_tp8_b4_run01	4	1	1	0	10	14	11	36	0
stress_tp8_b4_run01	5	1	0	0	7	13	8	28	0
stress_tp8_b4_run01	6	1	0	0	10	12	11	33	0
stress_tp8_b4_run01	7	1	0	1	20	964802	26	964849	0
stress_tp8_b4_run01	8	1	1	0	16	227178	20	227215	0
stress_tp8_b4_run01	9	1	0	0	25	1055875	25	1055925	0
stress_tp8_b4_run01	10	1	1	0	7	182747	16	182771	0
stress_tp8_b4_run01	11	1	0	0	23	227347	18	227388	0
stress_tp8_b4_run01	12	1	0	1	10	222835	12	222858	0
stress_tp8_b4_run01	13	1	1	0	14	205052	18	205085	0
stress_tp8_b4_run01	14	1	1	1	14	235417	9	235442	0
stress_tp8_b4_run01	15	1	1	0	15	801365	14	801395	0
stress_tp8_b4_run01	16	1	2	1	19	1860	10	1892	0
stress_tp8_b4_run01	17	1	1	0	6	21	5	33	0
stress_tp8_b4_run01	18	1	0	1	4	17	5	27	0
stress_tp8_b4_run01	19	1	0	0	5	9	5	19	0
stress_tp8_b4_run01	20	1	0	0	5	9	5	19	0
stress_tp8_b4_run01	21	1	0	0	5	18	5	28	0
stress_tp8_b4_run01	22	1	0	0	4	10	4	18	0
stress_tp8_b4_run01	23	1	1	0	4	8	5	18	0
stress_tp8_b4_run01	24	1	0	0	5	8	5	18	0
stress_tp8_b4_run01	25	1	0	0	5	8	5	18	0
stress_tp8_b4_run01	26	1	0	0	4	10	4	18	0
stress_tp8_b4_run01	27	1	1	0	4	12	4	21	0
stress_tp8_b4_run01	28	1	0	0	5	15	4	24	0
stress_tp8_b4_run01	29	1	0	0	5	10	5	20	0
stress_tp8_b4_run01	30	1	1	0	4	9	4	18	0
stress_tp8_b4_run01	31	1	0	0	4	11	4	19	0
stress_tp8_b4_run01	32	1	0	0	5	9	4	18	0
stress_tp8_b4_run01	33	1	0	0	5	8	5	18	0
stress_tp8_b4_run01	34	1	0	0	4	12	4	20	0
stress_tp8_b4_run01	35	1	0	0	5	15	5	25	0
stress_tp8_b4_run01	36	1	0	0	5	8	5	18	0
stress_tp8_b4_run01	37	1	0	0	5	9	5	19	0
stress_tp8_b4_run01	38	1	0	0	4	8	5	17	0
stress_tp8_b4_run01	39	1	0	0	5	18	5	28	0
stress_tp8_b4_run01	40	1	1	0	5	15	5	26	0
stress_tp8_b4_run01	41	1	0	0	4	10	4	18	0
stress_tp8_b4_run01	42	1	1	0	4	9	4	18	0
stress_tp8_b4_run01	43	1	0	0	5	9	4	18	0
stress_tp8_b4_run01	44	1	1	0	4	10	5	20	0
stress_tp8_b4_run01	45	1	0	0	4	10	4	18	0
stress_tp8_b4_run01	46	1	0	0	4	11	5	20	0
stress_tp8_b4_run01	47	1	0	0	5	8	5	18	0
stress_tp8_b4_run01	48	1	0	0	4	11	4	19	0
stress_tp8_b4_run01	49	1	0	0	4	9	5	18	0
stress_tp8_b4_run01	50	1	0	1	4	8	6	19	0
stress_tp8_b4_run01	51	1	0	0	4	12	4	20	0
stress_tp8_b4_run01	52	1	1	0	4	13	5	23	0
stress_tp8_b4_run01	53	1	1	0	4	17	4	26	0
stress_tp8_b4_run01	54	1	1	0	4	11	4	20	0
stress_tp8_b4_run01	55	1	0	1	4	9	4	18	0
stress_tp8_b4_run01	56	1	1	0	5	11	4	21	0
stress_tp8_b4_run01	57	1	0	0	5	9	4	18	0
stress_tp8_b4_run01	58	1	1	0	4	25	4	34	0
stress_tp8_b4_run01	59	1	1	0	6	152	7	166	0
stress_tp8_b4_run01	60	1	1	0	5	16	5	27	0
stress_tp8_b4_run01	61	1	1	1	16	3328	10	3356	0
stress_tp8_b4_run01	62	1	2	1	18	24	14	59	0
stress_tp8_b4_run01	63	1	0	1	12	18	11	42	0
stress_tp8_b4_run01	64	1	1	0	12	18	11	42	0
stress_tp8_b4_run01	65	1	1	0	12	19	11	43	0
stress_tp8_b4_run01	66	1	1	0	11	17	10	39	0
stress_tp8_b4_run01	67	1	1	0	12	17	11	41	0
stress_tp8_b4_run01	68	1	0	1	11	19	10	41	0
stress_tp8_b4_run01	69	1	0	1	10	17	10	38	0
stress_tp8_b4_run01	70	1	1	0	21	18	10	50	0
stress_tp8_b4_run01	71	1	0	1	10	18	10	39	0
stress_tp8_b4_run01	72	1	0	2	11	20	12	45	0
stress_tp8_b4_run01	73	1	0	1	11	24	11	47	0
stress_tp8_b4_run01	74	1	1	0	11	31	11	54	0
stress_tp8_b4_run01	75	1	1	0	11	156	12	180	0
stress_tp8_b4_run01	76	1	0	0	12	19	12	43	0
stress_tp8_b4_run01	77	1	1	0	15	141	14	171	0
stress_tp8_b4_run01	78	1	1	0	12	19	10	42	0
stress_tp8_b4_run01	79	1	0	1	12	106	12	131	0
stress_tp8_b4_run01	80	1	0	1	12	19	11	43	0
stress_tp8_b4_run01	81	1	1	0	15	132	15	163	0
stress_tp8_b4_run01	82	1	1	0	13	19	11	44	0
stress_tp8_b4_run01	83	1	0	1	19	2740	13	2773	0
stress_tp8_b4_run01	84	1	0	0	11	2705	11	2727	0
stress_tp8_b4_run01	85	1	2	0	2605	44	16	2667	0
stress_tp8_b4_run01	86	1	1	1	7	159	8	176	0
stress_tp8_b4_run01	87	1	1	0	14	94	11	120	0
stress_tp8_b4_run01	88	1	0	0	15	145	7	167	0
stress_tp8_b4_run01	89	1	1	1	102	35	10	149	0
stress_tp8_b4_run01	90	1	1	0	8	1701	10	1720	0
stress_tp8_b4_run01	91	1	1	1	1645	38	13	1698	0
stress_tp8_b4_run01	92	1	1	0	8	156	8	173	0
stress_tp8_b4_run01	93	1	1	1	49	89	12	152	0
stress_tp8_b4_run01	94	1	1	0	13	18	11	43	0
stress_tp8_b4_run01	96	1	1	0	13	106	13	133	0
stress_tp8_b4_run01	97	1	0	1	12	21	11	45	0
stress_tp8_b4_run01	98	1	1	1	11	46	11	70	0
stress_tp8_b4_run01	99	1	1	0	12	20	11	44	0
stress_tp8_b4_run01	100	1	0	1	11	102	12	126	0
stress_tp8_b4_run01	101	1	1	0	13	20	10	44	0
stress_tp8_b4_run01	102	1	0	1	12	22	11	46	0
stress_tp8_b4_run01	103	1	1	1	10	21	11	44	0
stress_tp8_b4_run01	104	1	0	1	12	15	11	39	0
stress_tp8_b4_run01	105	1	1	1	11	87	12	112	0
stress_tp8_b4_run01	106	1	1	1	11	18	10	41	0
stress_tp8_b4_run01	107	1	0	2	12	15	10	39	0
stress_tp8_b4_run01	108	1	1	0	11	19	11	42	0
stress_tp8_b4_run01	109	1	1	0	11	94	12	118	0
stress_tp8_b4_run01	110	1	1	1	12	20	10	44	0
stress_tp8_b4_run01	111	1	1	0	11	17	11	40	0
stress_tp8_b4_run01	95	1	0	0	8	2698	13	2719	0
stress_tp8_b4_run01	112	1	1	0	13	14	11	39	0
stress_tp8_b4_run01	113	1	1	0	6	145	6	158	0
stress_tp8_b4_run01	114	1	1	0	127	12	12	152	0
stress_tp8_b4_run01	116	1	1	0	12	14	11	38	0
stress_tp8_b4_run01	117	1	0	1	10	14	10	35	0
stress_tp8_b4_run01	118	1	1	0	11	11	11	34	0
stress_tp8_b4_run01	119	1	0	1	10	15	11	37	0
stress_tp8_b4_run01	120	1	0	1	11	14	10	36	0
stress_tp8_b4_run01	121	1	1	0	11	13	10	35	0
stress_tp8_b4_run01	122	1	0	1	10	13	10	34	0
stress_tp8_b4_run01	123	1	1	0	11	13	10	35	0
stress_tp8_b4_run01	124	1	1	0	11	13	10	35	0
stress_tp8_b4_run01	125	1	0	1	10	15	10	36	0
stress_tp8_b4_run01	126	1	0	1	10	13	10	34	0
stress_tp8_b4_run01	127	1	0	1	11	13	10	35	0
stress_tp8_b4_run01	128	1	1	0	11	13	10	35	0
stress_tp8_b4_run01	129	1	0	1	10	12	10	33	0
stress_tp8_b4_run01	130	1	1	0	10	18	11	40	0
stress_tp8_b4_run01	131	1	1	0	13	99	13	126	0
stress_tp8_b4_run01	132	1	0	1	11	15	10	37	0
stress_tp8_b4_run01	133	1	1	1	11	17	11	41	0
stress_tp8_b4_run01	134	1	1	0	11	20	10	42	0
stress_tp8_b4_run01	135	1	1	0	11	91	12	115	0
stress_tp8_b4_run01	136	1	0	1	11	15	11	38	0
stress_tp8_b4_run01	115	1	1	1	8	1804	12	1826	0
stress_tp8_b4_run01	137	1	1	0	12	13	10	36	0
stress_tp8_b4_run01	138	1	0	1	14	28	11	54	0
stress_tp8_b4_run01	139	1	0	1	15	145	7	168	0
stress_tp8_b4_run01	140	1	1	1	96	23	11	132	0
stress_tp8_b4_run01	141	1	1	0	8	1544	9	1562	0
stress_tp8_b4_run01	142	1	0	1	1534	28	11	1574	0
stress_tp8_b4_run01	144	1	1	0	12	103	12	128	0
stress_tp8_b4_run01	145	1	1	0	12	23	10	46	0
stress_tp8_b4_run01	146	1	1	0	11	95	11	118	0
stress_tp8_b4_run01	147	1	1	0	12	22	11	46	0
stress_tp8_b4_run01	148	1	0	1	11	16	10	38	0
stress_tp8_b4_run01	149	1	1	0	12	18	10	41	0
stress_tp8_b4_run01	150	1	1	1	11	17	10	40	0
stress_tp8_b4_run01	151	1	0	1	11	19	10	41	0
stress_tp8_b4_run01	152	1	1	1	10	17	10	39	0
stress_tp8_b4_run01	153	1	0	1	10	17	10	38	0
stress_tp8_b4_run01	154	1	1	0	10	22	10	43	0
stress_tp8_b4_run01	155	1	0	1	10	126	13	150	0
stress_tp8_b4_run01	156	1	1	1	12	18	10	42	0
stress_tp8_b4_run01	143	1	0	1	5	2048	9	2063	0
stress_tp8_b4_run01	157	1	1	0	14	17	11	43	0
stress_tp8_b4_run01	158	1	1	0	20	152	5	178	0
stress_tp8_b4_run01	159	1	0	1	114	20	11	146	0
stress_tp8_b4_run01	161	1	1	0	12	20	11	44	0
stress_tp8_b4_run01	162	1	1	0	11	17	11	40	0
stress_tp8_b4_run01	160	1	1	0	9	177	7	194	0
stress_tp8_b4_run01	163	1	1	0	11	42	11	65	0
stress_tp8_b4_run01	164	1	1	0	11	15	10	37	0
stress_tp8_b4_run01	165	2	1	0	30	140	5	176	0
stress_tp8_b4_run01	166	1	0	1	109	27	11	148	0
stress_tp8_b4_run01	167	1	0	0	7	168	6	181	0
stress_tp8_b4_run01	168	1	1	0	71	84	11	167	0
stress_tp8_b4_run01	169	1	0	0	12	29	11	52	0
stress_tp8_b4_run01	170	1	0	1	11	97	17	126	0
stress_tp8_b4_run01	171	1	1	0	9	22	9	41	0
stress_tp8_b4_run01	172	1	0	1	7	100	8	116	0
stress_tp8_b4_run01	173	1	0	0	5	19	4	28	0
stress_tp8_b4_run01	174	1	0	0	4	11	5	20	0
stress_tp8_b4_run01	175	1	1	0	9	22	8	40	0
stress_tp8_b4_run01	176	1	0	0	4	11	4	19	0
stress_tp8_b4_run01	177	1	0	0	4	83	4	91	0
stress_tp8_b4_run01	178	1	0	0	4	12	4	20	0
stress_tp8_b4_run01	179	1	0	0	5	88	5	98	0
stress_tp8_b4_run01	180	1	1	0	4	15	4	24	0
stress_tp8_b4_run01	181	1	0	0	4	10	3	17	0
stress_tp8_b4_run01	182	1	1	1	13	346	9	370	0
stress_tp8_b4_run01	183	1	0	0	6	26	6	38	0
stress_tp8_b4_run01	184	1	0	0	7	123	6	136	0
stress_tp8_b4_run01	185	1	1	0	5	13	5	24	0
stress_tp8_b4_run01	186	1	0	0	5	96	5	106	0
stress_tp8_b4_run01	187	1	0	1	5	10	5	21	0
stress_tp8_b4_run01	188	1	1	0	4	11	5	21	0
stress_tp8_b4_run01	189	1	1	0	5	89	5	100	0
stress_tp8_b4_run01	190	1	0	0	5	11	5	21	0
stress_tp8_b4_run01	191	1	0	0	5	12	4	21	0
stress_tp8_b4_run01	192	1	1	1	13	322	9	346	0
stress_tp8_b4_run01	193	1	1	0	6	148	6	161	0
stress_tp8_b4_run01	194	1	0	0	52	15	5	72	0
stress_tp8_b4_run01	195	1	0	0	5	8	5	18	0
stress_tp8_b4_run01	196	1	0	1	8	154	6	169	0
stress_tp8_b4_run01	197	1	0	0	137	13	5	155	0
stress_tp8_b4_run01	198	1	1	0	4	17	4	26	0
stress_tp8_b4_run01	199	1	1	0	19	151	6	177	0
stress_tp8_b4_run01	200	1	0	0	96	95	5	196	0
stress_tp8_b4_run01	201	1	0	0	39	189	6	234	0
stress_tp8_b4_run01	202	1	0	0	179	21	4	204	0
stress_tp8_b4_run01	203	1	0	0	6	164	6	176	0
stress_tp8_b4_run01	204	1	1	0	142	85	5	233	0
stress_tp8_b4_run01	205	1	1	0	28	128	6	163	0
stress_tp8_b4_run01	206	1	0	0	118	12	4	134	0
stress_tp8_b4_run01	207	1	0	0	5	9	4	18	0
stress_tp8_b4_run01	208	2	1	0	12	122	5	140	0
stress_tp8_b4_run01	209	1	0	1	104	11	4	120	0
stress_tp8_b4_run01	210	1	0	0	5	11	4	20	0
stress_tp8_b4_run01	211	1	0	0	11	117	6	134	0
stress_tp8_b4_run01	212	1	0	0	72	82	4	158	0
stress_tp8_b4_run01	214	1	0	0	5	13	3	21	0
stress_tp8_b4_run01	215	1	1	0	4	12	4	21	0
stress_tp8_b4_run01	213	1	0	0	6	196	6	208	0
stress_tp8_b4_run01	216	1	0	0	4	90	5	99	0
stress_tp8_b4_run01	217	1	0	0	5	12	3	20	0
stress_tp8_b4_run01	218	1	0	1	5	139	6	151	0
stress_tp8_b4_run01	219	1	1	0	4	105	4	114	0
stress_tp8_b4_run01	220	1	0	0	5	12	5	22	0
stress_tp8_b4_run01	221	1	1	0	6	174	7	188	0
stress_tp8_b4_run01	222	1	0	0	4	332	6	342	0
stress_tp8_b4_run01	223	1	1	0	6	136	6	149	0
stress_tp8_b4_run01	224	1	1	0	4	27	4	36	0
stress_tp8_b4_run01	225	1	1	0	3	215	5	224	0
stress_tp8_b4_run01	226	1	0	1	177	28	4	210	0
stress_tp8_b4_run01	227	1	1	0	5	149	6	161	0
stress_tp8_b4_run01	228	1	0	0	133	21	4	158	0
stress_tp8_b4_run01	229	1	0	0	5	140	5	150	0
stress_tp8_b4_run01	230	1	0	0	125	27	5	157	0
stress_tp8_b4_run01	232	1	1	0	5	95	5	106	0
stress_tp8_b4_run01	231	1	0	1	5	159	5	170	0
stress_tp8_b4_run01	233	1	0	0	5	24	4	33	0
stress_tp8_b4_run01	235	1	0	0	4	16	4	24	0
stress_tp8_b4_run01	236	1	0	0	4	18	4	26	0
stress_tp8_b4_run01	234	1	0	0	5	154	6	165	0
stress_tp8_b4_run01	237	1	1	0	3	43	3	50	0
stress_tp8_b4_run01	239	1	0	0	3	122	4	129	0
stress_tp8_b4_run01	238	1	1	0	5	151	5	162	0
stress_tp8_b4_run01	240	1	0	0	4	18	4	26	0
stress_tp8_b4_run01	242	1	1	0	3	108	4	116	0
stress_tp8_b4_run01	241	1	0	0	5	144	7	156	0
stress_tp8_b4_run01	243	1	0	0	5	24	4	33	0
stress_tp8_b4_run01	245	1	1	0	5	94	5	105	0
stress_tp8_b4_run01	246	1	1	0	5	20	4	30	0
stress_tp8_b4_run01	244	1	0	1	5	196	6	208	0
stress_tp8_b4_run01	247	1	0	0	6	90	6	102	0
stress_tp8_b4_run01	249	1	0	0	5	16	4	25	0
stress_tp8_b4_run01	248	1	0	1	5	136	6	148	0
stress_tp8_b4_run01	250	1	0	0	5	82	5	92	0
stress_tp8_b4_run01	251	1	1	0	5	161	5	172	0
stress_tp8_b4_run01	252	1	0	1	125	19	4	149	0
stress_tp8_b4_run01	253	1	0	0	5	128	5	138	0
stress_tp8_b4_run01	254	1	0	0	119	14	9	142	0
stress_tp8_b4_run01	255	1	1	0	5	138	6	150	0
stress_tp8_b4_run01	256	1	1	0	109	13	5	128	0
stress_tp8_b4_run01	258	1	0	0	6	13	5	24	0
stress_tp8_b4_run01	259	1	1	0	4	14	5	24	0
stress_tp8_b4_run01	260	1	0	0	5	19	5	29	0
stress_tp8_b4_run01	257	1	0	0	5	154	5	164	0
stress_tp8_b4_run01	261	1	0	1	4	10	4	19	0
stress_tp8_b4_run01	262	1	1	0	5	121	5	132	0
stress_tp8_b4_run01	263	1	0	0	5	94	5	104	0
stress_tp8_b4_run01	264	1	1	0	4	13	4	22	0
stress_tp8_b4_run01	265	1	0	0	5	123	5	133	0
stress_tp8_b4_run01	266	1	0	0	82	91	5	178	0
stress_tp8_b4_run01	268	1	0	1	4	24	3	32	0
stress_tp8_b4_run01	267	1	0	0	5	162	5	172	0
stress_tp8_b4_run01	269	1	0	0	4	82	5	91	0
stress_tp8_b4_run01	270	1	0	0	5	11	4	20	0
stress_tp8_b4_run01	271	1	0	0	6	111	6	123	0
stress_tp8_b4_run01	272	1	0	0	4	84	4	92	0
stress_tp8_b4_run01	273	1	0	0	6	14	5	25	0
stress_tp8_b4_run01	274	1	0	0	15	139	8	162	0
stress_tp8_b4_run01	275	1	1	0	95	87	7	190	0
stress_tp8_b4_run01	276	1	0	0	4	132	6	142	0
stress_tp8_b4_run01	277	1	0	0	120	14	5	139	0
stress_tp8_b4_run01	278	1	0	0	6	82	5	93	0
stress_tp8_b4_run01	279	1	1	0	5	14	5	25	0
stress_tp8_b4_run01	280	1	0	0	5	76	5	86	0
stress_tp8_b4_run01	281	1	0	0	5	13	5	23	0
stress_tp8_b4_run01	282	1	0	0	5	77	5	87	0
stress_tp8_b4_run01	283	1	1	0	6	12	4	23	0
stress_tp8_b4_run01	284	1	0	0	4	84	4	92	0
stress_tp8_b4_run01	285	1	0	1	4	11	5	21	0
stress_tp8_b4_run01	286	1	0	0	4	89	5	98	0
stress_tp8_b4_run01	287	1	0	0	7	19	5	31	0
stress_tp8_b4_run01	288	1	0	0	5	18	4	27	0
stress_tp8_b4_run01	289	1	1	0	4	18	4	27	0
stress_tp8_b4_run01	290	1	0	0	4	11	3	18	0
stress_tp8_b4_run01	291	1	1	0	5	12	4	22	0
stress_tp8_b4_run01	292	1	0	0	5	11	4	20	0
stress_tp8_b4_run01	293	1	0	0	4	11	5	20	0
stress_tp8_b4_run01	294	1	1	0	5	13	5	24	0
stress_tp8_b4_run01	295	1	0	0	4	11	4	19	0
stress_tp8_b4_run01	296	1	0	0	6	10	6	22	0
stress_tp8_b4_run01	297	1	0	0	4	10	3	17	0
stress_tp8_b4_run01	298	1	0	0	4	79	5	88	0
stress_tp8_b4_run01	299	1	0	0	5	9	4	18	0
stress_tp8_b4_run01	300	1	0	0	5	88	4	97	0
stress_tp8_b4_run01	301	1	0	0	4	12	5	21	0
stress_tp8_b4_run01	302	1	0	0	4	103	4	111	0
stress_tp8_b4_run01	303	1	0	0	4	15	3	22	0
stress_tp8_b4_run01	304	1	0	0	4	83	4	91	0
stress_tp8_b4_run01	305	1	0	1	4	10	4	19	0
stress_tp8_b4_run01	306	1	1	0	3	81	4	89	0
stress_tp8_b4_run01	307	1	1	0	4	11	4	20	0
stress_tp8_b4_run01	308	1	1	0	4	90	4	99	0
stress_tp8_b4_run01	309	1	1	0	6	13	5	25	0
stress_tp8_b4_run01	310	1	0	0	4	82	5	91	0
stress_tp8_b4_run01	311	1	0	0	5	13	4	22	0
stress_tp8_b4_run01	312	1	0	1	4	86	4	95	0
stress_tp8_b4_run01	313	1	0	0	5	12	4	21	0
stress_tp8_b4_run01	314	1	0	0	5	82	5	92	0
stress_tp8_b4_run01	315	1	0	0	5	14	5	24	0
stress_tp8_b4_run01	316	1	1	0	4	75	5	85	0
stress_tp8_b4_run01	317	1	1	0	4	11	4	20	0
stress_tp8_b4_run01	318	1	1	0	3	10	4	18	0
stress_tp8_b4_run01	319	1	1	0	4	11	3	19	0
stress_tp8_b4_run01	320	1	0	0	4	9	4	17	0
stress_tp8_b4_run01	321	1	0	0	4	9	4	17	0
stress_tp8_b4_run01	322	1	0	0	4	9	4	17	0
stress_tp8_b4_run01	323	1	0	1	5	11	5	22	0
stress_tp8_b4_run01	324	1	0	0	4	11	4	19	0
stress_tp8_b4_run01	325	1	0	1	4	11	5	21	0
stress_tp8_b4_run01	326	1	1	0	4	10	4	19	0
stress_tp8_b4_run01	327	1	1	1	15	359	10	386	0
stress_tp8_b4_run01	328	1	0	0	7	29	5	41	0
stress_tp8_b4_run01	329	1	0	0	7	125	7	139	0
stress_tp8_b4_run01	330	1	1	0	5	18	5	29	0
stress_tp8_b4_run01	331	1	1	0	5	95	5	106	0
stress_tp8_b4_run01	332	1	0	0	5	20	4	29	0
stress_tp8_b4_run01	333	1	0	0	5	106	5	116	0
stress_tp8_b4_run01	334	1	1	0	5	11	5	22	0
stress_tp8_b4_run01	335	1	0	1	10	311	8	330	0
stress_tp8_b4_run01	336	1	0	0	6	24	6	36	0
stress_tp8_b4_run01	337	1	0	0	5	111	5	121	0
stress_tp8_b4_run01	338	1	0	1	5	12	5	23	0
stress_tp8_b4_run01	339	1	2	1	17	202189	23	202232	0
stress_tp8_b4_run01	340	1	1	1	13	176595	19	176629	0
stress_tp8_b4_run01	341	1	1	1	17	359	8	386	0
stress_tp8_b4_run01	342	1	0	0	6	38	5	49	0
stress_tp8_b4_run01	343	1	0	0	5	138	5	148	0
stress_tp8_b4_run01	344	1	1	0	4	17	4	26	0
stress_tp8_b4_run01	345	1	0	0	4	118	5	127	0
stress_tp8_b4_run01	346	1	0	0	5	18	4	27	0
stress_tp8_b4_run01	347	1	0	0	4	98	4	106	0
stress_tp8_b4_run01	348	1	0	0	5	17	4	26	0
stress_tp8_b4_run01	349	1	1	0	7	164	4	176	0
stress_tp8_b4_run01	350	1	1	0	4	10	3	18	0
stress_tp8_b4_run01	351	1	1	0	4	8	4	17	0
stress_tp8_b4_run01	352	1	0	0	4	8	4	16	0
stress_tp8_b4_run01	353	1	1	0	3	7	4	15	0
stress_tp8_b4_run01	354	1	1	0	3	8	3	15	0
stress_tp8_b4_run01	355	1	0	0	3	9	4	16	0
stress_tp8_b4_run01	356	1	0	0	4	8	4	16	0
stress_tp8_b4_run01	357	1	0	0	4	7	4	15	0
stress_tp8_b4_run01	358	1	0	0	4	7	4	15	0
stress_tp8_b4_run01	359	1	0	0	4	8	3	15	0
stress_tp8_b4_run01	360	1	1	0	3	12	4	20	0
stress_tp8_b4_run01	361	1	2	1	14	202424	36	202477	0
stress_tp8_b4_run01	362	1	1	1	18	171551	27	171598	0
stress_tp8_b4_run01	363	1	2	1	20	202892	23	202938	0
stress_tp8_b4_run01	364	1	1	0	27	206631	21	206680	0
stress_tp8_b4_run01	365	1	1	0	19	197017	17	197054	0
stress_tp8_b4_run01	366	1	1	0	23	198993	23	199040	0
stress_tp8_b4_run01	367	1	1	1	17	199869	17	199905	0
stress_tp8_b4_run01	368	1	1	1	15	195047	23	195087	0
stress_tp8_b4_run01	369	1	1	1	17	409257	21	409297	0
stress_tp8_b4_run01	370	1	1	1	23	67520	24	67569	0
stress_tp8_b4_run02_stage_trace	1	1	1	0	16	55	8	80	0
stress_tp8_b4_run02_stage_trace	2	1	1	0	17	45	8	71	0
stress_tp8_b4_run02_stage_trace	3	1	0	0	6	11	31	48	0
stress_tp8_b4_run02_stage_trace	4	1	1	0	5	14	26	46	0
stress_tp8_b4_run02_stage_trace	5	1	0	0	5	10	30	45	0
stress_tp8_b4_run02_stage_trace	6	1	0	0	5	11	28	44	0
stress_tp8_b4_run02_stage_trace	7	1	1	1	17	943368	14	943401	0
stress_tp8_b4_run02_stage_trace	8	1	0	1	19	894517	21	894558	0
stress_tp8_b4_run02_stage_trace	9	1	1	0	14	201565	9	201589	0
stress_tp8_b4_run02_stage_trace	10	1	0	0	7	222544	11	222562	0
stress_tp8_b4_run02_stage_trace	11	1	0	0	19	225175	24	225218	0
stress_tp8_b4_run02_stage_trace	12	1	0	1	9	182370	19	182399	0
stress_tp8_b4_run02_stage_trace	13	1	2	0	19	238025	18	238064	0
stress_tp8_b4_run02_stage_trace	14	1	1	0	14	221523	19	221557	0
stress_tp8_b4_run02_stage_trace	15	1	1	1	22	785668	15	785707	0
stress_tp8_b4_run02_stage_trace	16	1	1	0	17	1822	11	1851	0
stress_tp8_b4_run02_stage_trace	17	1	1	0	6	38	7	52	0
stress_tp8_b4_run02_stage_trace	18	1	1	0	5	20	5	31	0
stress_tp8_b4_run02_stage_trace	19	1	0	1	4	14	5	24	0
stress_tp8_b4_run02_stage_trace	20	1	1	0	4	20	5	30	0
stress_tp8_b4_run02_stage_trace	21	1	0	0	5	14	4	23	0
stress_tp8_b4_run02_stage_trace	22	1	0	0	5	20	5	30	0
stress_tp8_b4_run02_stage_trace	23	1	0	0	4	20	5	29	0
stress_tp8_b4_run02_stage_trace	24	1	0	0	4	17	4	25	0
stress_tp8_b4_run02_stage_trace	25	1	1	0	4	16	4	25	0
stress_tp8_b4_run02_stage_trace	26	1	1	0	4	16	4	25	0
stress_tp8_b4_run02_stage_trace	27	1	0	0	4	18	5	27	0
stress_tp8_b4_run02_stage_trace	28	1	0	0	4	8	5	17	0
stress_tp8_b4_run02_stage_trace	29	1	0	0	5	7	5	17	0
stress_tp8_b4_run02_stage_trace	30	1	0	0	4	18	5	27	0
stress_tp8_b4_run02_stage_trace	31	1	0	0	5	13	5	23	0
stress_tp8_b4_run02_stage_trace	32	1	0	1	3	11	5	20	0
stress_tp8_b4_run02_stage_trace	33	1	0	1	4	18	5	28	0
stress_tp8_b4_run02_stage_trace	34	1	0	0	4	8	4	16	0
stress_tp8_b4_run02_stage_trace	35	1	0	1	3	9	4	17	0
stress_tp8_b4_run02_stage_trace	36	1	0	0	4	10	4	18	0
stress_tp8_b4_run02_stage_trace	37	1	0	0	4	14	4	22	0
stress_tp8_b4_run02_stage_trace	38	1	0	0	4	12	4	20	0
stress_tp8_b4_run02_stage_trace	39	1	0	1	4	11	5	21	0
stress_tp8_b4_run02_stage_trace	40	1	1	0	4	8	4	17	0
stress_tp8_b4_run02_stage_trace	41	1	0	0	4	10	4	18	0
stress_tp8_b4_run02_stage_trace	42	1	0	0	4	12	4	20	0
stress_tp8_b4_run02_stage_trace	43	1	0	0	4	10	4	18	0
stress_tp8_b4_run02_stage_trace	44	1	0	0	4	9	5	18	0
stress_tp8_b4_run02_stage_trace	45	1	0	1	3	10	4	18	0
stress_tp8_b4_run02_stage_trace	46	1	0	1	3	11	4	19	0
stress_tp8_b4_run02_stage_trace	47	1	0	0	4	17	4	25	0
stress_tp8_b4_run02_stage_trace	48	1	0	0	4	13	4	21	0
stress_tp8_b4_run02_stage_trace	49	1	0	0	4	10	4	18	0
stress_tp8_b4_run02_stage_trace	50	1	0	0	4	24	4	32	0
stress_tp8_b4_run02_stage_trace	51	1	0	0	5	127	5	137	0
stress_tp8_b4_run02_stage_trace	52	1	0	1	5	12	4	22	0
stress_tp8_b4_run02_stage_trace	53	1	0	0	4	8	5	17	0
stress_tp8_b4_run02_stage_trace	54	1	1	0	4	12	4	21	0
stress_tp8_b4_run02_stage_trace	55	1	1	0	4	10	4	19	0
stress_tp8_b4_run02_stage_trace	56	1	0	0	4	12	4	20	0
stress_tp8_b4_run02_stage_trace	57	1	0	0	4	14	5	23	0
stress_tp8_b4_run02_stage_trace	58	1	1	0	8	2886	8	2903	0
stress_tp8_b4_run02_stage_trace	59	1	1	0	8	20	5	34	0
stress_tp8_b4_run02_stage_trace	60	1	1	0	5	8	5	19	0
stress_tp8_b4_run02_stage_trace	61	1	0	0	5	7	4	16	0
stress_tp8_b4_run02_stage_trace	62	1	0	0	4	21	3	28	0
stress_tp8_b4_run02_stage_trace	63	1	1	0	4	10	4	19	0
stress_tp8_b4_run02_stage_trace	64	1	0	0	4	18	5	27	0
stress_tp8_b4_run02_stage_trace	65	1	0	0	4	9	5	18	0
stress_tp8_b4_run02_stage_trace	66	1	0	0	4	10	4	18	0
stress_tp8_b4_run02_stage_trace	67	1	0	1	4	11	4	20	0
stress_tp8_b4_run02_stage_trace	68	1	1	0	4	7	5	17	0
stress_tp8_b4_run02_stage_trace	69	1	1	0	4	11	4	20	0
stress_tp8_b4_run02_stage_trace	70	1	0	0	4	10	4	18	0
stress_tp8_b4_run02_stage_trace	71	1	0	1	3	15	5	24	0
stress_tp8_b4_run02_stage_trace	72	1	0	0	4	7	4	15	0
stress_tp8_b4_run02_stage_trace	73	1	0	0	4	11	4	19	0
stress_tp8_b4_run02_stage_trace	74	1	0	0	5	17	4	26	0
stress_tp8_b4_run02_stage_trace	75	1	0	0	3	17	3	23	0
stress_tp8_b4_run02_stage_trace	76	1	1	0	4	17	4	26	0
stress_tp8_b4_run02_stage_trace	77	1	1	0	4	18	4	27	0
stress_tp8_b4_run02_stage_trace	78	1	0	0	4	16	4	24	0
stress_tp8_b4_run02_stage_trace	79	1	0	0	3	21	4	28	0
stress_tp8_b4_run02_stage_trace	80	1	0	0	4	17	3	24	0
stress_tp8_b4_run02_stage_trace	81	1	0	0	4	23	4	31	0
stress_tp8_b4_run02_stage_trace	82	1	0	0	5	141	6	152	0
stress_tp8_b4_run02_stage_trace	83	1	0	0	5	22	4	31	0
stress_tp8_b4_run02_stage_trace	84	1	0	0	8	121	5	134	0
stress_tp8_b4_run02_stage_trace	85	1	0	0	4	13	4	21	0
stress_tp8_b4_run02_stage_trace	86	1	1	0	4	96	4	105	0
stress_tp8_b4_run02_stage_trace	87	1	1	0	4	11	4	20	0
stress_tp8_b4_run02_stage_trace	88	1	1	0	3	19	4	27	0
stress_tp8_b4_run02_stage_trace	89	1	0	1	11	180	5	197	0
stress_tp8_b4_run02_stage_trace	90	1	0	0	5	23	4	32	0
stress_tp8_b4_run02_stage_trace	91	1	1	0	15	1723	8	1747	0
stress_tp8_b4_run02_stage_trace	92	1	0	0	9	21	6	36	0
stress_tp8_b4_run02_stage_trace	93	1	0	0	8	196	6	210	0
stress_tp8_b4_run02_stage_trace	94	1	0	0	165	31	4	200	0
stress_tp8_b4_run02_stage_trace	95	1	0	0	6	14	4	24	0
stress_tp8_b4_run02_stage_trace	97	1	0	0	5	20	4	29	0
stress_tp8_b4_run02_stage_trace	98	1	1	0	5	16	4	26	0
stress_tp8_b4_run02_stage_trace	99	1	0	1	4	14	4	23	0
stress_tp8_b4_run02_stage_trace	100	1	1	0	4	19	4	28	0
stress_tp8_b4_run02_stage_trace	101	1	0	0	4	19	5	28	0
stress_tp8_b4_run02_stage_trace	102	1	1	0	4	16	4	25	0
stress_tp8_b4_run02_stage_trace	103	1	0	0	4	22	5	31	0
stress_tp8_b4_run02_stage_trace	104	1	0	0	5	17	4	26	0
stress_tp8_b4_run02_stage_trace	105	1	0	0	4	20	4	28	0
stress_tp8_b4_run02_stage_trace	106	1	1	0	4	21	4	30	0
stress_tp8_b4_run02_stage_trace	107	1	0	1	5	15	5	26	0
stress_tp8_b4_run02_stage_trace	108	1	0	1	4	19	5	29	0
stress_tp8_b4_run02_stage_trace	109	1	0	0	5	18	4	27	0
stress_tp8_b4_run02_stage_trace	110	1	1	0	4	20	4	29	0
stress_tp8_b4_run02_stage_trace	111	1	0	0	4	17	4	25	0
stress_tp8_b4_run02_stage_trace	112	1	0	0	5	16	4	25	0
stress_tp8_b4_run02_stage_trace	113	1	0	1	4	15	4	24	0
stress_tp8_b4_run02_stage_trace	114	1	0	0	5	17	4	26	0
stress_tp8_b4_run02_stage_trace	115	1	0	0	5	9	4	18	0
stress_tp8_b4_run02_stage_trace	116	1	1	0	5	9	5	20	0
stress_tp8_b4_run02_stage_trace	117	1	0	0	5	8	5	18	0
stress_tp8_b4_run02_stage_trace	118	1	0	0	5	13	5	23	0
stress_tp8_b4_run02_stage_trace	119	1	0	0	5	13	5	23	0
stress_tp8_b4_run02_stage_trace	120	1	0	0	5	13	4	22	0
stress_tp8_b4_run02_stage_trace	121	1	0	1	4	12	4	21	0
stress_tp8_b4_run02_stage_trace	122	1	1	0	4	16	5	26	0
stress_tp8_b4_run02_stage_trace	123	1	1	0	4	104	5	114	0
stress_tp8_b4_run02_stage_trace	124	1	0	0	6	11	4	21	0
stress_tp8_b4_run02_stage_trace	125	1	0	0	5	14	5	24	0
stress_tp8_b4_run02_stage_trace	126	1	1	0	4	15	5	25	0
stress_tp8_b4_run02_stage_trace	96	1	1	0	7	1721	8	1737	0
stress_tp8_b4_run02_stage_trace	127	1	0	0	5	35	5	45	0
stress_tp8_b4_run02_stage_trace	128	1	0	0	5	13	5	23	0
stress_tp8_b4_run02_stage_trace	130	1	0	0	5	117	5	127	0
stress_tp8_b4_run02_stage_trace	129	1	0	1	6	169	5	181	0
stress_tp8_b4_run02_stage_trace	131	1	0	0	5	18	5	28	0
stress_tp8_b4_run02_stage_trace	132	1	1	0	4	1387	7	1399	0
stress_tp8_b4_run02_stage_trace	133	1	1	0	1388	28	6	1423	0
stress_tp8_b4_run02_stage_trace	135	1	0	0	5	16	4	25	0
stress_tp8_b4_run02_stage_trace	134	1	1	0	6	136	6	149	0
stress_tp8_b4_run02_stage_trace	136	1	1	0	4	90	5	100	0
stress_tp8_b4_run02_stage_trace	137	1	1	0	5	1343	9	1358	0
stress_tp8_b4_run02_stage_trace	138	1	0	0	1348	18	6	1372	0
stress_tp8_b4_run02_stage_trace	139	1	0	0	7	152	6	165	0
stress_tp8_b4_run02_stage_trace	140	1	1	0	138	22	6	167	0
stress_tp8_b4_run02_stage_trace	142	1	0	0	5	92	5	102	0
stress_tp8_b4_run02_stage_trace	141	1	0	1	7	1394	6	1408	0
stress_tp8_b4_run02_stage_trace	143	1	1	0	1252	27	6	1286	0
stress_tp8_b4_run02_stage_trace	144	1	0	1	5	129	5	140	0
stress_tp8_b4_run02_stage_trace	145	1	1	0	122	89	5	217	0
stress_tp8_b4_run02_stage_trace	146	1	0	0	24	1219	8	1251	0
stress_tp8_b4_run02_stage_trace	147	1	0	1	1199	27	5	1232	0
stress_tp8_b4_run02_stage_trace	148	1	0	1	5	148	5	159	0
stress_tp8_b4_run02_stage_trace	149	1	0	0	127	86	5	218	0
stress_tp8_b4_run02_stage_trace	150	1	1	0	6	1268	8	1283	0
stress_tp8_b4_run02_stage_trace	151	1	0	0	1198	18	6	1222	0
stress_tp8_b4_run02_stage_trace	153	1	0	0	8	13	5	26	0
stress_tp8_b4_run02_stage_trace	154	1	0	0	5	11	4	20	0
stress_tp8_b4_run02_stage_trace	152	1	0	0	6	149	6	161	0
stress_tp8_b4_run02_stage_trace	155	1	0	0	25	25	4	54	0
stress_tp8_b4_run02_stage_trace	156	1	1	0	5	125	5	136	0
stress_tp8_b4_run02_stage_trace	157	1	0	0	99	86	5	190	0
stress_tp8_b4_run02_stage_trace	158	1	0	0	28	132	5	165	0
stress_tp8_b4_run02_stage_trace	159	1	0	1	120	18	5	144	0
stress_tp8_b4_run02_stage_trace	160	1	0	0	6	84	5	95	0
stress_tp8_b4_run02_stage_trace	161	1	0	0	5	19	5	29	0
stress_tp8_b4_run02_stage_trace	162	1	0	0	5	92	5	102	0
stress_tp8_b4_run02_stage_trace	163	1	0	0	6	15	4	25	0
stress_tp8_b4_run02_stage_trace	164	1	0	0	5	82	5	92	0
stress_tp8_b4_run02_stage_trace	165	1	0	0	5	17	5	27	0
stress_tp8_b4_run02_stage_trace	166	1	0	0	5	91	6	102	0
stress_tp8_b4_run02_stage_trace	167	1	0	0	5	14	4	23	0
stress_tp8_b4_run02_stage_trace	168	1	0	0	5	80	6	91	0
stress_tp8_b4_run02_stage_trace	169	1	1	0	5	22	4	32	0
stress_tp8_b4_run02_stage_trace	170	1	0	0	4	14	4	22	0
stress_tp8_b4_run02_stage_trace	171	1	0	1	5	15	5	26	0
stress_tp8_b4_run02_stage_trace	172	1	0	0	5	13	5	23	0
stress_tp8_b4_run02_stage_trace	173	1	0	0	5	14	4	23	0
stress_tp8_b4_run02_stage_trace	174	1	1	0	4	12	4	21	0
stress_tp8_b4_run02_stage_trace	175	1	0	0	4	12	3	19	0
stress_tp8_b4_run02_stage_trace	176	1	0	0	4	85	5	94	0
stress_tp8_b4_run02_stage_trace	177	1	1	0	4	16	3	24	0
stress_tp8_b4_run02_stage_trace	178	1	0	0	4	81	4	89	0
stress_tp8_b4_run02_stage_trace	179	1	0	1	4	16	3	24	0
stress_tp8_b4_run02_stage_trace	180	1	0	0	5	81	5	91	0
stress_tp8_b4_run02_stage_trace	181	1	0	0	5	14	5	24	0
stress_tp8_b4_run02_stage_trace	182	1	0	0	4	83	4	91	0
stress_tp8_b4_run02_stage_trace	183	1	0	0	4	10	4	18	0
stress_tp8_b4_run02_stage_trace	184	1	0	0	5	13	4	22	0
stress_tp8_b4_run02_stage_trace	185	1	0	0	4	12	3	19	0
stress_tp8_b4_run02_stage_trace	186	1	0	0	4	25	4	33	0
stress_tp8_b4_run02_stage_trace	187	1	1	0	13	262	10	286	0
stress_tp8_b4_run02_stage_trace	188	1	1	0	7	30	5	43	0
stress_tp8_b4_run02_stage_trace	189	1	0	0	6	128	6	140	0
stress_tp8_b4_run02_stage_trace	190	1	0	0	5	22	5	32	0
stress_tp8_b4_run02_stage_trace	191	1	0	0	5	118	7	130	0
stress_tp8_b4_run02_stage_trace	192	1	0	0	6	21	5	32	0
stress_tp8_b4_run02_stage_trace	193	1	1	0	6	119	7	133	0
stress_tp8_b4_run02_stage_trace	194	1	0	1	5	23	5	34	0
stress_tp8_b4_run02_stage_trace	195	1	1	0	8	197	7	213	0
stress_tp8_b4_run02_stage_trace	196	1	0	0	6	11	5	22	0
stress_tp8_b4_run02_stage_trace	197	2	0	0	16	139	6	161	0
stress_tp8_b4_run02_stage_trace	198	1	0	0	111	13	6	130	0
stress_tp8_b4_run02_stage_trace	199	1	0	1	6	11	5	23	0
stress_tp8_b4_run02_stage_trace	200	2	1	1	18	164	5	189	0
stress_tp8_b4_run02_stage_trace	201	1	0	0	137	17	7	161	0
stress_tp8_b4_run02_stage_trace	202	1	0	0	7	158	6	171	0
stress_tp8_b4_run02_stage_trace	203	1	0	0	133	17	7	157	0
stress_tp8_b4_run02_stage_trace	205	1	0	0	7	99	7	113	0
stress_tp8_b4_run02_stage_trace	204	1	0	0	12	205	6	223	0
stress_tp8_b4_run02_stage_trace	206	1	0	0	6	27	4	37	0
stress_tp8_b4_run02_stage_trace	208	1	0	0	6	102	8	116	0
stress_tp8_b4_run02_stage_trace	207	1	0	0	7	136	7	150	0
stress_tp8_b4_run02_stage_trace	209	1	0	0	6	14	5	25	0
stress_tp8_b4_run02_stage_trace	210	1	0	0	5	9	5	19	0
stress_tp8_b4_run02_stage_trace	212	1	0	0	5	10	5	20	0
stress_tp8_b4_run02_stage_trace	213	1	0	0	5	8	5	18	0
stress_tp8_b4_run02_stage_trace	214	1	1	0	4	10	4	19	0
stress_tp8_b4_run02_stage_trace	211	1	0	1	5	133	6	145	0
stress_tp8_b4_run02_stage_trace	215	1	1	0	16	16	5	38	0
stress_tp8_b4_run02_stage_trace	216	1	1	0	5	115	5	126	0
stress_tp8_b4_run02_stage_trace	217	1	0	1	99	90	7	197	0
stress_tp8_b4_run02_stage_trace	219	1	1	0	6	11	5	23	0
stress_tp8_b4_run02_stage_trace	218	1	1	0	6	191	5	203	0
stress_tp8_b4_run02_stage_trace	220	1	0	0	87	17	7	111	0
stress_tp8_b4_run02_stage_trace	221	1	1	0	7	141	5	154	0
stress_tp8_b4_run02_stage_trace	222	1	0	0	117	15	7	139	0
stress_tp8_b4_run02_stage_trace	223	1	1	0	6	145	5	157	0
stress_tp8_b4_run02_stage_trace	224	1	0	0	122	20	7	149	0
stress_tp8_b4_run02_stage_trace	225	1	0	0	7	151	6	164	0
stress_tp8_b4_run02_stage_trace	226	1	0	0	93	96	8	197	0
stress_tp8_b4_run02_stage_trace	227	1	0	0	42	153	5	200	0
stress_tp8_b4_run02_stage_trace	228	1	0	1	123	29	7	160	0
stress_tp8_b4_run02_stage_trace	229	1	0	0	8	139	6	153	0
stress_tp8_b4_run02_stage_trace	230	1	0	0	98	93	7	198	0
stress_tp8_b4_run02_stage_trace	232	1	0	0	6	19	7	32	0
stress_tp8_b4_run02_stage_trace	233	1	0	0	6	36	6	48	0
stress_tp8_b4_run02_stage_trace	231	1	0	0	37	197	5	239	0
stress_tp8_b4_run02_stage_trace	234	1	0	0	5	90	6	101	0
stress_tp8_b4_run02_stage_trace	236	1	0	1	6	11	8	26	0
stress_tp8_b4_run02_stage_trace	235	1	1	0	5	156	5	167	0
stress_tp8_b4_run02_stage_trace	237	1	0	0	5	83	6	94	0
stress_tp8_b4_run02_stage_trace	238	1	0	1	50	147	5	203	0
stress_tp8_b4_run02_stage_trace	239	1	0	1	134	16	5	156	0
stress_tp8_b4_run02_stage_trace	240	1	0	0	6	116	6	128	0
stress_tp8_b4_run02_stage_trace	241	1	0	0	104	83	6	193	0
stress_tp8_b4_run02_stage_trace	243	1	1	0	6	17	6	30	0
stress_tp8_b4_run02_stage_trace	242	1	0	0	29	150	7	186	0
stress_tp8_b4_run02_stage_trace	244	1	1	0	5	33	4	43	0
stress_tp8_b4_run02_stage_trace	245	1	0	0	5	116	5	126	0
stress_tp8_b4_run02_stage_trace	246	2	0	0	121	17	5	143	0
stress_tp8_b4_run02_stage_trace	248	1	0	0	6	11	7	24	0
stress_tp8_b4_run02_stage_trace	249	1	1	0	7	11	6	25	0
stress_tp8_b4_run02_stage_trace	247	1	0	0	6	205	7	218	0
stress_tp8_b4_run02_stage_trace	250	1	0	0	66	22	7	95	0
stress_tp8_b4_run02_stage_trace	251	1	0	1	8	143	7	159	0
stress_tp8_b4_run02_stage_trace	252	1	1	0	102	91	9	203	0
stress_tp8_b4_run02_stage_trace	253	1	0	1	38	149	6	194	0
stress_tp8_b4_run02_stage_trace	254	1	0	0	111	17	7	135	0
stress_tp8_b4_run02_stage_trace	255	1	0	1	6	153	7	167	0
stress_tp8_b4_run02_stage_trace	256	1	0	1	103	87	8	199	0
stress_tp8_b4_run02_stage_trace	258	1	0	0	6	16	5	27	0
stress_tp8_b4_run02_stage_trace	257	1	0	1	7	125	5	138	0
stress_tp8_b4_run02_stage_trace	259	1	0	0	6	98	8	112	0
stress_tp8_b4_run02_stage_trace	261	1	0	0	6	15	5	26	0
stress_tp8_b4_run02_stage_trace	260	1	1	0	6	135	7	149	0
stress_tp8_b4_run02_stage_trace	262	1	0	0	6	99	7	112	0
stress_tp8_b4_run02_stage_trace	264	1	0	0	6	26	5	37	0
stress_tp8_b4_run02_stage_trace	263	1	1	0	5	132	6	144	0
stress_tp8_b4_run02_stage_trace	265	1	0	0	6	102	9	117	0
stress_tp8_b4_run02_stage_trace	266	1	1	0	5	117	6	129	0
stress_tp8_b4_run02_stage_trace	267	1	0	0	6	15	5	26	0
stress_tp8_b4_run02_stage_trace	269	1	0	0	5	112	7	124	0
stress_tp8_b4_run02_stage_trace	268	1	1	0	5	147	5	158	0
stress_tp8_b4_run02_stage_trace	270	1	0	0	6	13	5	24	0
stress_tp8_b4_run02_stage_trace	271	1	0	0	5	120	5	130	0
stress_tp8_b4_run02_stage_trace	272	1	1	0	5	126	6	138	0
stress_tp8_b4_run02_stage_trace	274	1	0	0	6	14	5	25	0
stress_tp8_b4_run02_stage_trace	273	1	0	1	5	118	6	130	0
stress_tp8_b4_run02_stage_trace	275	1	0	0	6	94	7	107	0
stress_tp8_b4_run02_stage_trace	276	1	0	0	5	124	6	135	0
stress_tp8_b4_run02_stage_trace	277	1	0	1	115	21	5	142	0
stress_tp8_b4_run02_stage_trace	278	1	0	0	6	85	5	96	0
stress_tp8_b4_run02_stage_trace	279	1	1	0	5	12	4	22	0
stress_tp8_b4_run02_stage_trace	280	1	0	0	6	78	5	89	0
stress_tp8_b4_run02_stage_trace	281	1	0	0	6	19	5	30	0
stress_tp8_b4_run02_stage_trace	282	1	1	0	5	12	5	23	0
stress_tp8_b4_run02_stage_trace	283	1	0	0	5	11	4	20	0
stress_tp8_b4_run02_stage_trace	284	1	0	0	5	12	5	22	0
stress_tp8_b4_run02_stage_trace	285	1	0	0	5	13	5	23	0
stress_tp8_b4_run02_stage_trace	286	1	0	0	5	11	4	20	0
stress_tp8_b4_run02_stage_trace	287	1	1	0	5	11	5	22	0
stress_tp8_b4_run02_stage_trace	288	1	0	0	5	11	5	21	0
stress_tp8_b4_run02_stage_trace	289	1	0	0	6	12	5	23	0
stress_tp8_b4_run02_stage_trace	290	1	0	1	4	12	4	21	0
stress_tp8_b4_run02_stage_trace	291	1	0	1	4	11	5	21	0
stress_tp8_b4_run02_stage_trace	292	1	0	0	5	76	4	85	0
stress_tp8_b4_run02_stage_trace	293	1	0	0	5	12	4	21	0
stress_tp8_b4_run02_stage_trace	294	1	0	0	5	79	6	90	0
stress_tp8_b4_run02_stage_trace	295	1	0	0	5	19	5	29	0
stress_tp8_b4_run02_stage_trace	296	1	0	0	6	122	7	135	0
stress_tp8_b4_run02_stage_trace	297	1	1	0	5	18	5	29	0
stress_tp8_b4_run02_stage_trace	298	1	0	0	5	105	7	117	0
stress_tp8_b4_run02_stage_trace	299	1	0	0	6	14	4	24	0
stress_tp8_b4_run02_stage_trace	300	1	0	0	7	101	8	116	0
stress_tp8_b4_run02_stage_trace	301	1	0	0	6	14	6	26	0
stress_tp8_b4_run02_stage_trace	302	1	0	1	6	107	6	120	0
stress_tp8_b4_run02_stage_trace	303	1	1	0	7	15	5	28	0
stress_tp8_b4_run02_stage_trace	304	1	0	1	4	89	5	99	0
stress_tp8_b4_run02_stage_trace	305	1	0	0	6	13	5	24	0
stress_tp8_b4_run02_stage_trace	306	1	1	0	6	86	5	98	0
stress_tp8_b4_run02_stage_trace	307	1	1	0	5	13	5	24	0
stress_tp8_b4_run02_stage_trace	308	1	0	1	4	79	5	89	0
stress_tp8_b4_run02_stage_trace	309	1	0	1	5	12	4	22	0
stress_tp8_b4_run02_stage_trace	310	1	1	0	4	97	5	107	0
stress_tp8_b4_run02_stage_trace	311	1	0	0	5	13	5	23	0
stress_tp8_b4_run02_stage_trace	312	1	0	1	4	91	5	101	0
stress_tp8_b4_run02_stage_trace	313	1	0	1	5	13	4	23	0
stress_tp8_b4_run02_stage_trace	314	1	1	0	5	97	5	108	0
stress_tp8_b4_run02_stage_trace	315	1	0	1	5	16	5	27	0
stress_tp8_b4_run02_stage_trace	316	1	0	0	5	85	5	95	0
stress_tp8_b4_run02_stage_trace	317	1	1	0	5	13	5	24	0
stress_tp8_b4_run02_stage_trace	318	1	0	0	5	85	6	96	0
stress_tp8_b4_run02_stage_trace	319	1	0	0	5	18	5	28	0
stress_tp8_b4_run02_stage_trace	320	1	0	1	4	13	4	22	0
stress_tp8_b4_run02_stage_trace	321	1	0	0	8	27	5	40	0
stress_tp8_b4_run02_stage_trace	322	1	1	0	5	15	5	26	0
stress_tp8_b4_run02_stage_trace	323	1	0	0	5	18	5	28	0
stress_tp8_b4_run02_stage_trace	324	1	0	0	6	12	6	24	0
stress_tp8_b4_run02_stage_trace	325	1	1	0	4	14	5	24	0
stress_tp8_b4_run02_stage_trace	326	1	0	1	4	18	5	28	0
stress_tp8_b4_run02_stage_trace	327	1	0	0	5	12	4	21	0
stress_tp8_b4_run02_stage_trace	328	1	0	0	5	11	4	20	0
stress_tp8_b4_run02_stage_trace	329	1	0	1	4	14	4	23	0
stress_tp8_b4_run02_stage_trace	330	1	0	0	5	13	4	22	0
stress_tp8_b4_run02_stage_trace	331	1	0	0	4	17	4	25	0
stress_tp8_b4_run02_stage_trace	332	1	0	0	5	10	4	19	0
stress_tp8_b4_run02_stage_trace	333	1	1	0	14	405	9	429	0
stress_tp8_b4_run02_stage_trace	334	1	0	0	6	27	6	39	0
stress_tp8_b4_run02_stage_trace	335	1	1	0	5	214	5	225	0
stress_tp8_b4_run02_stage_trace	336	1	0	0	16	22	5	43	0
stress_tp8_b4_run02_stage_trace	337	1	0	0	7	108	5	120	0
stress_tp8_b4_run02_stage_trace	338	1	1	0	5	28	4	38	0
stress_tp8_b4_run02_stage_trace	339	1	0	1	4	17	5	27	0
stress_tp8_b4_run02_stage_trace	340	1	0	0	5	107	6	118	0
stress_tp8_b4_run02_stage_trace	341	1	0	0	4	20	4	28	0
stress_tp8_b4_run02_stage_trace	342	1	1	0	10	294	10	315	0
stress_tp8_b4_run02_stage_trace	343	1	0	0	6	21	4	31	0
stress_tp8_b4_run02_stage_trace	344	1	0	0	4	113	5	122	0
stress_tp8_b4_run02_stage_trace	345	1	0	0	4	18	4	26	0
stress_tp8_b4_run02_stage_trace	346	1	2	1	16	197362	18	197399	0
stress_tp8_b4_run02_stage_trace	347	1	0	0	11	179189	12	179212	0
stress_tp8_b4_run02_stage_trace	348	1	1	1	21	336	17	376	0
stress_tp8_b4_run02_stage_trace	349	1	1	0	11	40	9	61	0
stress_tp8_b4_run02_stage_trace	350	1	0	0	10	147	11	168	0
stress_tp8_b4_run02_stage_trace	351	1	0	1	17	47	12	77	0
stress_tp8_b4_run02_stage_trace	352	1	0	0	11	172	12	195	0
stress_tp8_b4_run02_stage_trace	353	1	1	0	10	21	9	41	0
stress_tp8_b4_run02_stage_trace	354	1	1	0	9	106	11	127	0
stress_tp8_b4_run02_stage_trace	355	1	0	0	10	18	9	37	0
stress_tp8_b4_run02_stage_trace	356	1	0	1	10	168	12	191	0
stress_tp8_b4_run02_stage_trace	357	1	1	0	10	22	10	43	0
stress_tp8_b4_run02_stage_trace	358	1	1	0	9	16	9	35	0
stress_tp8_b4_run02_stage_trace	359	1	1	0	9	20	9	39	0
stress_tp8_b4_run02_stage_trace	360	1	1	1	9	20	9	40	0
stress_tp8_b4_run02_stage_trace	361	1	0	1	8	15	10	34	0
stress_tp8_b4_run02_stage_trace	362	1	1	0	9	22	9	41	0
stress_tp8_b4_run02_stage_trace	363	1	1	1	11	198164	21	198198	0
stress_tp8_b4_run02_stage_trace	364	1	1	0	15	173167	18	173201	0
stress_tp8_b4_run02_stage_trace	365	1	2	1	25	197733	23	197784	0
stress_tp8_b4_run02_stage_trace	366	1	1	0	22	200634	22	200679	0
stress_tp8_b4_run02_stage_trace	367	1	1	1	13	195404	24	195443	0
stress_tp8_b4_run02_stage_trace	368	1	2	0	20	199041	20	199083	0
stress_tp8_b4_run02_stage_trace	369	1	1	0	16	209299	28	209344	0
stress_tp8_b4_run02_stage_trace	370	1	1	1	17	198396	18	198433	0
stress_tp8_b4_run02_stage_trace	371	1	1	1	19	417353	19	417393	0
stress_tp8_b4_run02_stage_trace	372	1	0	1	18	173575	22	173616	0
