[2026-08-24 19:20:19.615802][UC][I] DramPool CompletionPoller started [878,891][drampool_server.cc:555,CompletionPollerLoop]
[2026-08-24 19:20:19.615920][UC][I] DramPool TaskWorker started [878,892][drampool_server.cc:473,TaskWorkerLoop]
[2026-08-24 19:20:19.616054][UC][I] DramPool GCThread started, interval_ms=1000 [878,893][drampool_server.cc:562,GCThreadLoop]
[2026-08-24 19:20:19.616163][UC][I] DramPool RequestReceiver started, addr=127.0.0.1:9000 [878,894][drampool_server.cc:480,RequestReceiveLoop]
[2026-08-24 19:20:21.414020][UC][I] DramPool health server is disabled [878,878][health_server.cc:140,Start]
[2026-08-24 19:20:21.414065][UC][I] DramPool service ready, addr=127.0.0.1:9000 [878,878][drampool_daemon.cc:79,Run]
[2026-08-24 19:21:34.066517][UC][I] [METRIC DEBUG] TransportManager ExecuteAsync START:2359242442653 [878,891][transport_manager.cpp:640,ExecuteAsync]
[2026-08-24 19:21:34.066588][UC][I] [METRIC DEBUG] TransportManager ExecuteAsync find transport:2359242442725 [878,891][transport_manager.cpp:645,ExecuteAsync]
[2026-08-24 19:21:34.066597][UC][I] [METRIC DEBUG] HIXL transport ExecuteAsync START:2359242442733 [878,891][hixl_transport.cpp:627,ExecuteAsync]
[2026-08-24 19:21:34.066603][UC][I] [METRIC DEBUG] HIXL transport ExecuteAsync get lifecycle_lock:2359242442739 [878,891][hixl_transport.cpp:629,ExecuteAsync]
[2026-08-24 19:21:34.066609][UC][I] [METRIC DEBUG] HIXL transport ExecuteAsync get peer route:2359242442745 [878,891][hixl_transport.cpp:659,ExecuteAsync]
[2026-08-24 19:21:34.066615][UC][I] [METRIC DEBUG] HIXL transport ExecuteAsync validate memory:2359242442752 [878,891][hixl_transport.cpp:671,ExecuteAsync]
[2026-08-24 19:21:34.066621][UC][I] [METRIC DEBUG] HIXL instance TransferAsync START:2359242442757 [878,891][hixl_instance.cpp:283,TransferAsync]
[2026-08-24 19:21:34.066653][UC][I] [METRIC DEBUG] HIXL instance TransferAsync RUN:2359242442787 [878,916][hixl_instance.cpp:286,operator()]
[2026-08-24 19:21:34.066675][UC][I] [METRIC DEBUG] HIXL instance TransferAsync descriptors built:2359242442811 [878,916][hixl_instance.cpp:288,operator()]
[2026-08-24 19:21:34.066679][UC][I] [METRIC DEBUG] HIXL instance TransferAsync native call begin:2359242442816 [878,916][hixl_instance.cpp:296,operator()]
[2026-08-24 19:21:34.068430][UC][I] [METRIC DEBUG] HIXL instance TransferAsync native call returned:2359242444566 [878,916][hixl_instance.cpp:300,operator()]
[2026-08-24 19:21:34.068466][UC][I] [METRIC DEBUG] HIXL instance TransferAsync Run returned:2359242444603 [878,891][hixl_instance.cpp:316,TransferAsync]
[2026-08-24 19:21:34.068471][UC][I] [METRIC DEBUG] HIXL instance TransferAsync return:2359242444608 [878,891][hixl_instance.cpp:318,TransferAsync]
[2026-08-24 19:21:34.068475][UC][I] [METRIC DEBUG] HIXL transport ExecuteAsync instance returned:2359242444612 [878,891][hixl_transport.cpp:677,ExecuteAsync]
[2026-08-24 19:21:34.068479][UC][I] [METRIC DEBUG] HIXL transport ExecuteAsync pending inserted:2359242444615 [878,891][hixl_transport.cpp:687,ExecuteAsync]
[2026-08-24 19:21:34.068486][UC][I] [METRIC DEBUG] HIXL transport ExecuteAsync return:2359242444623 [878,891][hixl_transport.cpp:694,ExecuteAsync]
[2026-08-24 19:21:34.068490][UC][I] [METRIC DEBUG] TransportManager ExecuteAsync backend returned:2359242444626 [878,891][transport_manager.cpp:658,ExecuteAsync]
[2026-08-24 19:21:34.068494][UC][I] [METRIC DEBUG] TransportManager ExecuteAsync record inserted:2359242444631 [878,891][transport_manager.cpp:679,ExecuteAsync]
[2026-08-24 19:21:34.068498][UC][I] [PERF] component=transport event=transfer_submitted manager=127.0.0.1:8000 target=127.0.0.1:4500 handle=1 transport_handle=1 opcode=1 direct=2 segments=1 bytes=10 submitted_ts_us=1787570494068493 manager_execute_async_ts_us=1787570494066515 backend_execute_async_ts_us=1787570494066678 manager_to_backend_execute_async_us=163 submit_us=1898 [878,891][transport_manager.cpp:681,ExecuteAsync]
[2026-08-24 19:21:34.068503][UC][I] [METRIC DEBUG] TransportManager ExecuteAsync return:2359242444640 [878,891][transport_manager.cpp:694,ExecuteAsync]
[2026-08-24 19:21:34.068508][UC][I] [METRIC DEBUG] TransportManager GetStatus START:2359242444645 [878,891][transport_manager.cpp:706,GetStatus]
[2026-08-24 19:21:34.068541][UC][I] [METRIC DEBUG] TransportManager GetStatus get record:2359242444678 [878,891][transport_manager.cpp:718,GetStatus]
[2026-08-24 19:21:34.068547][UC][I] [METRIC DEBUG] HIXL transport GetStatus START:2359242444683 [878,891][hixl_transport.cpp:701,GetStatus]
[2026-08-24 19:21:34.068550][UC][I] [METRIC DEBUG] HIXL transport GetStatus get lifecycle_lock:2359242444687 [878,891][hixl_transport.cpp:709,GetStatus]
[2026-08-24 19:21:34.068553][UC][I] [METRIC DEBUG] HIXL transport GetStatus get pending_mutex_:2359242444690 [878,891][hixl_transport.cpp:721,GetStatus]
[2026-08-24 19:21:34.068556][UC][I] [METRIC DEBUG] HIXL instance GetTransferStatus START:2359242444693 [878,891][hixl_instance.cpp:326,GetTransferStatus]
[2026-08-24 19:21:34.068569][UC][I] [METRIC DEBUG] HIXL instance GetTransferStatus RUN:2359242444705 [878,916][hixl_instance.cpp:331,operator()]
[2026-08-24 19:21:34.068587][UC][I] [METRIC DEBUG] HIXL transport GetStatus get task status:2359242444723 [878,891][hixl_transport.cpp:725,GetStatus]
[2026-08-24 19:21:34.068593][UC][I] [METRIC DEBUG] HIXL transport GetStatus return:2359242444730 [878,891][hixl_transport.cpp:740,GetStatus]
[2026-08-24 19:21:34.068597][UC][I] [METRIC DEBUG] TransportManager GetStatus get task status:2359242444734 [878,891][transport_manager.cpp:721,GetStatus]
[2026-08-24 19:21:34.068600][UC][I] [METRIC DEBUG] TransportManager GetStatus return:2359242444737 [878,891][transport_manager.cpp:746,GetStatus]
[2026-08-24 19:21:34.068603][UC][I] [METRIC DEBUG] TransportManager GetStatus START:2359242444740 [878,891][transport_manager.cpp:706,GetStatus]
[2026-08-24 19:21:34.068605][UC][I] [METRIC DEBUG] TransportManager GetStatus get record:2359242444742 [878,891][transport_manager.cpp:718,GetStatus]
[2026-08-24 19:21:34.068608][UC][I] [METRIC DEBUG] HIXL transport GetStatus START:2359242444745 [878,891][hixl_transport.cpp:701,GetStatus]
[2026-08-24 19:21:34.068610][UC][I] [METRIC DEBUG] HIXL transport GetStatus get lifecycle_lock:2359242444747 [878,891][hixl_transport.cpp:709,GetStatus]
[2026-08-24 19:21:34.068613][UC][I] [METRIC DEBUG] HIXL transport GetStatus get pending_mutex_:2359242444749 [878,891][hixl_transport.cpp:721,GetStatus]
[2026-08-24 19:21:34.068615][UC][I] [METRIC DEBUG] HIXL instance GetTransferStatus START:2359242444752 [878,891][hixl_instance.cpp:326,GetTransferStatus]
[2026-08-24 19:21:34.068623][UC][I] [METRIC DEBUG] HIXL instance GetTransferStatus RUN:2359242444760 [878,916][hixl_instance.cpp:331,operator()]
[2026-08-24 19:21:34.068633][UC][I] [METRIC DEBUG] HIXL transport GetStatus get task status:2359242444770 [878,891][hixl_transport.cpp:725,GetStatus]
[2026-08-24 19:21:34.068641][UC][I] [METRIC DEBUG] HIXL transport GetStatus return:2359242444777 [878,891][hixl_transport.cpp:740,GetStatus]
[2026-08-24 19:21:34.068645][UC][I] [METRIC DEBUG] TransportManager GetStatus get task status:2359242444781 [878,891][transport_manager.cpp:721,GetStatus]
[2026-08-24 19:21:34.068648][UC][I] [METRIC DEBUG] TransportManager GetStatus return:2359242444784 [878,891][transport_manager.cpp:746,GetStatus]
[2026-08-24 19:21:34.068651][UC][I] [METRIC DEBUG] TransportManager GetStatus START:2359242444788 [878,891][transport_manager.cpp:706,GetStatus]
[2026-08-24 19:21:34.068653][UC][I] [METRIC DEBUG] TransportManager GetStatus get record:2359242444790 [878,891][transport_manager.cpp:718,GetStatus]
[2026-08-24 19:21:34.068656][UC][I] [METRIC DEBUG] HIXL transport GetStatus START:2359242444793 [878,891][hixl_transport.cpp:701,GetStatus]
[2026-08-24 19:21:34.068662][UC][I] [METRIC DEBUG] HIXL transport GetStatus get lifecycle_lock:2359242444799 [878,891][hixl_transport.cpp:709,GetStatus]
[2026-08-24 19:21:34.068666][UC][I] [METRIC DEBUG] HIXL transport GetStatus get pending_mutex_:2359242444803 [878,891][hixl_transport.cpp:721,GetStatus]
[2026-08-24 19:21:34.068672][UC][I] [METRIC DEBUG] HIXL instance GetTransferStatus START:2359242444809 [878,891][hixl_instance.cpp:326,GetTransferStatus]
[2026-08-24 19:21:34.068688][UC][I] [METRIC DEBUG] HIXL instance GetTransferStatus RUN:2359242444825 [878,916][hixl_instance.cpp:331,operator()]
[2026-08-24 19:21:34.068699][UC][I] [METRIC DEBUG] HIXL transport GetStatus get task status:2359242444836 [878,891][hixl_transport.cpp:725,GetStatus]
[2026-08-24 19:21:34.068704][UC][I] [METRIC DEBUG] HIXL transport GetStatus return:2359242444841 [878,891][hixl_transport.cpp:740,GetStatus]
[2026-08-24 19:21:34.068707][UC][I] [METRIC DEBUG] TransportManager GetStatus get task status:2359242444843 [878,891][transport_manager.cpp:721,GetStatus]
[2026-08-24 19:21:34.068710][UC][I] [METRIC DEBUG] TransportManager GetStatus return:2359242444847 [878,891][transport_manager.cpp:746,GetStatus]
[2026-08-24 19:21:34.068713][UC][I] [METRIC DEBUG] TransportManager GetStatus START:2359242444850 [878,891][transport_manager.cpp:706,GetStatus]
[2026-08-24 19:21:34.068715][UC][I] [METRIC DEBUG] TransportManager GetStatus get record:2359242444852 [878,891][transport_manager.cpp:718,GetStatus]
[2026-08-24 19:21:34.068717][UC][I] [METRIC DEBUG] HIXL transport GetStatus START:2359242444854 [878,891][hixl_transport.cpp:701,GetStatus]
[2026-08-24 19:21:34.068720][UC][I] [METRIC DEBUG] HIXL transport GetStatus get lifecycle_lock:2359242444857 [878,891][hixl_transport.cpp:709,GetStatus]
[2026-08-24 19:21:34.068723][UC][I] [METRIC DEBUG] HIXL transport GetStatus get pending_mutex_:2359242444859 [878,891][hixl_transport.cpp:721,GetStatus]
[2026-08-24 19:21:34.068725][UC][I] [METRIC DEBUG] HIXL instance GetTransferStatus START:2359242444862 [878,891][hixl_instance.cpp:326,GetTransferStatus]
[2026-08-24 19:21:34.068732][UC][I] [METRIC DEBUG] HIXL instance GetTransferStatus RUN:2359242444868 [878,916][hixl_instance.cpp:331,operator()]
[2026-08-24 19:21:34.068740][UC][I] [METRIC DEBUG] HIXL transport GetStatus get task status:2359242444877 [878,891][hixl_transport.cpp:725,GetStatus]
[2026-08-24 19:21:34.068744][UC][I] [METRIC DEBUG] HIXL transport GetStatus return:2359242444881 [878,891][hixl_transport.cpp:740,GetStatus]
[2026-08-24 19:21:34.068747][UC][I] [METRIC DEBUG] TransportManager GetStatus get task status:2359242444883 [878,891][transport_manager.cpp:721,GetStatus]
[2026-08-24 19:21:34.068749][UC][I] [METRIC DEBUG] TransportManager GetStatus return:2359242444886 [878,891][transport_manager.cpp:746,GetStatus]
[2026-08-24 19:21:34.068752][UC][I] [METRIC DEBUG] TransportManager GetStatus START:2359242444889 [878,891][transport_manager.cpp:706,GetStatus]
[2026-08-24 19:21:34.068754][UC][I] [METRIC DEBUG] TransportManager GetStatus get record:2359242444891 [878,891][transport_manager.cpp:718,GetStatus]
[2026-08-24 19:21:34.068757][UC][I] [METRIC DEBUG] HIXL transport GetStatus START:2359242444893 [878,891][hixl_transport.cpp:701,GetStatus]
[2026-08-24 19:21:34.068760][UC][I] [METRIC DEBUG] HIXL transport GetStatus get lifecycle_lock:2359242444897 [878,891][hixl_transport.cpp:709,GetStatus]
[2026-08-24 19:21:34.068762][UC][I] [METRIC DEBUG] HIXL transport GetStatus get pending_mutex_:2359242444899 [878,891][hixl_transport.cpp:721,GetStatus]
[2026-08-24 19:21:34.068765][UC][I] [METRIC DEBUG] HIXL instance GetTransferStatus START:2359242444902 [878,891][hixl_instance.cpp:326,GetTransferStatus]
[2026-08-24 19:21:34.068772][UC][I] [METRIC DEBUG] HIXL instance GetTransferStatus RUN:2359242444908 [878,916][hixl_instance.cpp:331,operator()]
[2026-08-24 19:21:34.068780][UC][I] [METRIC DEBUG] HIXL transport GetStatus get task status:2359242444917 [878,891][hixl_transport.cpp:725,GetStatus]
[2026-08-24 19:21:34.068784][UC][I] [METRIC DEBUG] HIXL transport GetStatus return:2359242444921 [878,891][hixl_transport.cpp:740,GetStatus]
[2026-08-24 19:21:34.068787][UC][I] [METRIC DEBUG] TransportManager GetStatus get task status:2359242444924 [878,891][transport_manager.cpp:721,GetStatus]
[2026-08-24 19:21:34.068790][UC][I] [METRIC DEBUG] TransportManager GetStatus return:2359242444926 [878,891][transport_manager.cpp:746,GetStatus]
[2026-08-24 19:21:34.068793][UC][I] [METRIC DEBUG] TransportManager GetStatus START:2359242444929 [878,891][transport_manager.cpp:706,GetStatus]
[2026-08-24 19:21:34.068801][UC][I] [METRIC DEBUG] TransportManager GetStatus get record:2359242444937 [878,891][transport_manager.cpp:718,GetStatus]
[2026-08-24 19:21:34.068804][UC][I] [METRIC DEBUG] HIXL transport GetStatus START:2359242444940 [878,891][hixl_transport.cpp:701,GetStatus]
[2026-08-24 19:21:34.068807][UC][I] [METRIC DEBUG] HIXL transport GetStatus get lifecycle_lock:2359242444943 [878,891][hixl_transport.cpp:709,GetStatus]
[2026-08-24 19:21:34.068809][UC][I] [METRIC DEBUG] HIXL transport GetStatus get pending_mutex_:2359242444946 [878,891][hixl_transport.cpp:721,GetStatus]
[2026-08-24 19:21:34.068812][UC][I] [METRIC DEBUG] HIXL instance GetTransferStatus START:2359242444949 [878,891][hixl_instance.cpp:326,GetTransferStatus]
[2026-08-24 19:21:34.068818][UC][I] [METRIC DEBUG] HIXL instance GetTransferStatus RUN:2359242444955 [878,916][hixl_instance.cpp:331,operator()]
[2026-08-24 19:21:34.068827][UC][I] [METRIC DEBUG] HIXL transport GetStatus get task status:2359242444963 [878,891][hixl_transport.cpp:725,GetStatus]
[2026-08-24 19:21:34.068830][UC][I] [METRIC DEBUG] HIXL transport GetStatus return:2359242444967 [878,891][hixl_transport.cpp:740,GetStatus]
[2026-08-24 19:21:34.068833][UC][I] [METRIC DEBUG] TransportManager GetStatus get task status:2359242444970 [878,891][transport_manager.cpp:721,GetStatus]
[2026-08-24 19:21:34.068835][UC][I] [METRIC DEBUG] TransportManager GetStatus return:2359242444972 [878,891][transport_manager.cpp:746,GetStatus]
[2026-08-24 19:21:34.068838][UC][I] [METRIC DEBUG] TransportManager GetStatus START:2359242444975 [878,891][transport_manager.cpp:706,GetStatus]
[2026-08-24 19:21:34.068840][UC][I] [METRIC DEBUG] TransportManager GetStatus get record:2359242444977 [878,891][transport_manager.cpp:718,GetStatus]
[2026-08-24 19:21:34.068843][UC][I] [METRIC DEBUG] HIXL transport GetStatus START:2359242444980 [878,891][hixl_transport.cpp:701,GetStatus]
[2026-08-24 19:21:34.068845][UC][I] [METRIC DEBUG] HIXL transport GetStatus get lifecycle_lock:2359242444982 [878,891][hixl_transport.cpp:709,GetStatus]
[2026-08-24 19:21:34.068848][UC][I] [METRIC DEBUG] HIXL transport GetStatus get pending_mutex_:2359242444985 [878,891][hixl_transport.cpp:721,GetStatus]
[2026-08-24 19:21:34.068851][UC][I] [METRIC DEBUG] HIXL instance GetTransferStatus START:2359242444988 [878,891][hixl_instance.cpp:326,GetTransferStatus]
[2026-08-24 19:21:34.068858][UC][I] [METRIC DEBUG] HIXL instance GetTransferStatus RUN:2359242444994 [878,916][hixl_instance.cpp:331,operator()]
[2026-08-24 19:21:34.068866][UC][I] [METRIC DEBUG] HIXL transport GetStatus get task status:2359242445003 [878,891][hixl_transport.cpp:725,GetStatus]
[2026-08-24 19:21:34.068872][UC][I] [METRIC DEBUG] HIXL transport GetStatus return:2359242445008 [878,891][hixl_transport.cpp:740,GetStatus]
[2026-08-24 19:21:34.068874][UC][I] [METRIC DEBUG] TransportManager GetStatus get task status:2359242445011 [878,891][transport_manager.cpp:721,GetStatus]
[2026-08-24 19:21:34.068877][UC][I] [METRIC DEBUG] TransportManager GetStatus return:2359242445014 [878,891][transport_manager.cpp:746,GetStatus]
[2026-08-24 19:21:34.068879][UC][I] [METRIC DEBUG] TransportManager GetStatus START:2359242445016 [878,891][transport_manager.cpp:706,GetStatus]
[2026-08-24 19:21:34.068882][UC][I] [METRIC DEBUG] TransportManager GetStatus get record:2359242445019 [878,891][transport_manager.cpp:718,GetStatus]
[2026-08-24 19:21:34.068885][UC][I] [METRIC DEBUG] HIXL transport GetStatus START:2359242445021 [878,891][hixl_transport.cpp:701,GetStatus]
[2026-08-24 19:21:34.068887][UC][I] [METRIC DEBUG] HIXL transport GetStatus get lifecycle_lock:2359242445024 [878,891][hixl_transport.cpp:709,GetStatus]
[2026-08-24 19:21:34.068890][UC][I] [METRIC DEBUG] HIXL transport GetStatus get pending_mutex_:2359242445026 [878,891][hixl_transport.cpp:721,GetStatus]
[2026-08-24 19:21:34.068892][UC][I] [METRIC DEBUG] HIXL instance GetTransferStatus START:2359242445029 [878,891][hixl_instance.cpp:326,GetTransferStatus]
[2026-08-24 19:21:34.068904][UC][I] [METRIC DEBUG] HIXL instance GetTransferStatus RUN:2359242445041 [878,916][hixl_instance.cpp:331,operator()]
[2026-08-24 19:21:34.068914][UC][I] [METRIC DEBUG] HIXL transport GetStatus get task status:2359242445050 [878,891][hixl_transport.cpp:725,GetStatus]
[2026-08-24 19:21:34.068917][UC][I] [METRIC DEBUG] HIXL transport GetStatus return:2359242445054 [878,891][hixl_transport.cpp:740,GetStatus]
[2026-08-24 19:21:34.068920][UC][I] [METRIC DEBUG] TransportManager GetStatus get task status:2359242445057 [878,891][transport_manager.cpp:721,GetStatus]
[2026-08-24 19:21:34.068923][UC][I] [METRIC DEBUG] TransportManager GetStatus return:2359242445059 [878,891][transport_manager.cpp:746,GetStatus]
[2026-08-24 19:21:34.068925][UC][I] [METRIC DEBUG] TransportManager GetStatus START:2359242445062 [878,891][transport_manager.cpp:706,GetStatus]
[2026-08-24 19:21:34.068928][UC][I] [METRIC DEBUG] TransportManager GetStatus get record:2359242445065 [878,891][transport_manager.cpp:718,GetStatus]
[2026-08-24 19:21:34.068936][UC][I] [METRIC DEBUG] HIXL transport GetStatus START:2359242445073 [878,891][hixl_transport.cpp:701,GetStatus]
[2026-08-24 19:21:34.068942][UC][I] [METRIC DEBUG] HIXL transport GetStatus get lifecycle_lock:2359242445079 [878,891][hixl_transport.cpp:709,GetStatus]
[2026-08-24 19:21:34.068946][UC][I] [METRIC DEBUG] HIXL transport GetStatus get pending_mutex_:2359242445083 [878,891][hixl_transport.cpp:721,GetStatus]
[2026-08-24 19:21:34.068949][UC][I] [METRIC DEBUG] HIXL instance GetTransferStatus START:2359242445085 [878,891][hixl_instance.cpp:326,GetTransferStatus]
[2026-08-24 19:21:34.068955][UC][I] [METRIC DEBUG] HIXL instance GetTransferStatus RUN:2359242445092 [878,916][hixl_instance.cpp:331,operator()]
[2026-08-24 19:21:34.068964][UC][I] [METRIC DEBUG] HIXL transport GetStatus get task status:2359242445101 [878,891][hixl_transport.cpp:725,GetStatus]
[2026-08-24 19:21:34.068968][UC][I] [METRIC DEBUG] HIXL transport GetStatus return:2359242445105 [878,891][hixl_transport.cpp:740,GetStatus]
[2026-08-24 19:21:34.068970][UC][I] [METRIC DEBUG] TransportManager GetStatus get task status:2359242445107 [878,891][transport_manager.cpp:721,GetStatus]
[2026-08-24 19:21:34.068973][UC][I] [METRIC DEBUG] TransportManager GetStatus return:2359242445110 [878,891][transport_manager.cpp:746,GetStatus]
[2026-08-24 19:21:34.068977][UC][I] [METRIC DEBUG] TransportManager GetStatus START:2359242445114 [878,891][transport_manager.cpp:706,GetStatus]
[2026-08-24 19:21:34.068980][UC][I] [METRIC DEBUG] TransportManager GetStatus get record:2359242445117 [878,891][transport_manager.cpp:718,GetStatus]
[2026-08-24 19:21:34.068983][UC][I] [METRIC DEBUG] HIXL transport GetStatus START:2359242445120 [878,891][hixl_transport.cpp:701,GetStatus]
[2026-08-24 19:21:34.068985][UC][I] [METRIC DEBUG] HIXL transport GetStatus get lifecycle_lock:2359242445122 [878,891][hixl_transport.cpp:709,GetStatus]
[2026-08-24 19:21:34.068989][UC][I] [METRIC DEBUG] HIXL transport GetStatus get pending_mutex_:2359242445125 [878,891][hixl_transport.cpp:721,GetStatus]
[2026-08-24 19:21:34.068992][UC][I] [METRIC DEBUG] HIXL instance GetTransferStatus START:2359242445129 [878,891][hixl_instance.cpp:326,GetTransferStatus]
[2026-08-24 19:21:34.069000][UC][I] [METRIC DEBUG] HIXL instance GetTransferStatus RUN:2359242445136 [878,916][hixl_instance.cpp:331,operator()]
[2026-08-24 19:21:34.069010][UC][I] [METRIC DEBUG] HIXL transport GetStatus get task status:2359242445146 [878,891][hixl_transport.cpp:725,GetStatus]
[2026-08-24 19:21:34.069014][UC][I] [METRIC DEBUG] HIXL transport GetStatus return:2359242445151 [878,891][hixl_transport.cpp:740,GetStatus]
[2026-08-24 19:21:34.069018][UC][I] [METRIC DEBUG] TransportManager GetStatus get task status:2359242445154 [878,891][transport_manager.cpp:721,GetStatus]
[2026-08-24 19:21:34.069020][UC][I] [METRIC DEBUG] TransportManager GetStatus return:2359242445157 [878,891][transport_manager.cpp:746,GetStatus]
[2026-08-24 19:21:34.069023][UC][I] [METRIC DEBUG] TransportManager GetStatus START:2359242445160 [878,891][transport_manager.cpp:706,GetStatus]
[2026-08-24 19:21:34.069034][UC][I] [METRIC DEBUG] TransportManager GetStatus get record:2359242445171 [878,891][transport_manager.cpp:718,GetStatus]
[2026-08-24 19:21:34.069038][UC][I] [METRIC DEBUG] HIXL transport GetStatus START:2359242445175 [878,891][hixl_transport.cpp:701,GetStatus]
[2026-08-24 19:21:34.069043][UC][I] [METRIC DEBUG] HIXL transport GetStatus get lifecycle_lock:2359242445179 [878,891][hixl_transport.cpp:709,GetStatus]
[2026-08-24 19:21:34.069047][UC][I] [METRIC DEBUG] HIXL transport GetStatus get pending_mutex_:2359242445183 [878,891][hixl_transport.cpp:721,GetStatus]
[2026-08-24 19:21:34.069049][UC][I] [METRIC DEBUG] HIXL instance GetTransferStatus START:2359242445186 [878,891][hixl_instance.cpp:326,GetTransferStatus]
[2026-08-24 19:21:34.069056][UC][I] [METRIC DEBUG] HIXL instance GetTransferStatus RUN:2359242445192 [878,916][hixl_instance.cpp:331,operator()]
[2026-08-24 19:21:34.069066][UC][I] [METRIC DEBUG] HIXL transport GetStatus get task status:2359242445203 [878,891][hixl_transport.cpp:725,GetStatus]
[2026-08-24 19:21:34.069071][UC][I] [METRIC DEBUG] HIXL transport GetStatus return:2359242445208 [878,891][hixl_transport.cpp:740,GetStatus]
[2026-08-24 19:21:34.069076][UC][I] [METRIC DEBUG] TransportManager GetStatus get task status:2359242445212 [878,891][transport_manager.cpp:721,GetStatus]
[2026-08-24 19:21:34.069079][UC][I] [METRIC DEBUG] TransportManager GetStatus return:2359242445216 [878,891][transport_manager.cpp:746,GetStatus]
[2026-08-24 19:21:34.069084][UC][I] [METRIC DEBUG] TransportManager GetStatus START:2359242445221 [878,891][transport_manager.cpp:706,GetStatus]
[2026-08-24 19:21:34.069087][UC][I] [METRIC DEBUG] TransportManager GetStatus get record:2359242445224 [878,891][transport_manager.cpp:718,GetStatus]
[2026-08-24 19:21:34.069092][UC][I] [METRIC DEBUG] HIXL transport GetStatus START:2359242445228 [878,891][hixl_transport.cpp:701,GetStatus]
[2026-08-24 19:21:34.069095][UC][I] [METRIC DEBUG] HIXL transport GetStatus get lifecycle_lock:2359242445232 [878,891][hixl_transport.cpp:709,GetStatus]
[2026-08-24 19:21:34.069098][UC][I] [METRIC DEBUG] HIXL transport GetStatus get pending_mutex_:2359242445235 [878,891][hixl_transport.cpp:721,GetStatus]
[2026-08-24 19:21:34.069100][UC][I] [METRIC DEBUG] HIXL instance GetTransferStatus START:2359242445237 [878,891][hixl_instance.cpp:326,GetTransferStatus]
[2026-08-24 19:21:34.069107][UC][I] [METRIC DEBUG] HIXL instance GetTransferStatus RUN:2359242445244 [878,916][hixl_instance.cpp:331,operator()]
[2026-08-24 19:21:34.069117][UC][I] [METRIC DEBUG] HIXL transport GetStatus get task status:2359242445254 [878,891][hixl_transport.cpp:725,GetStatus]
[2026-08-24 19:21:34.069122][UC][I] [METRIC DEBUG] HIXL transport GetStatus return:2359242445258 [878,891][hixl_transport.cpp:740,GetStatus]
[2026-08-24 19:21:34.069126][UC][I] [METRIC DEBUG] TransportManager GetStatus get task status:2359242445262 [878,891][transport_manager.cpp:721,GetStatus]
[2026-08-24 19:21:34.069129][UC][I] [METRIC DEBUG] TransportManager GetStatus return:2359242445265 [878,891][transport_manager.cpp:746,GetStatus]
[2026-08-24 19:21:34.069133][UC][I] [METRIC DEBUG] TransportManager GetStatus START:2359242445270 [878,891][transport_manager.cpp:706,GetStatus]
[2026-08-24 19:21:34.069137][UC][I] [METRIC DEBUG] TransportManager GetStatus get record:2359242445274 [878,891][transport_manager.cpp:718,GetStatus]
[2026-08-24 19:21:34.069140][UC][I] [METRIC DEBUG] HIXL transport GetStatus START:2359242445277 [878,891][hixl_transport.cpp:701,GetStatus]
[2026-08-24 19:21:34.069143][UC][I] [METRIC DEBUG] HIXL transport GetStatus get lifecycle_lock:2359242445279 [878,891][hixl_transport.cpp:709,GetStatus]
[2026-08-24 19:21:34.069146][UC][I] [METRIC DEBUG] HIXL transport GetStatus get pending_mutex_:2359242445282 [878,891][hixl_transport.cpp:721,GetStatus]
[2026-08-24 19:21:34.069149][UC][I] [METRIC DEBUG] HIXL instance GetTransferStatus START:2359242445286 [878,891][hixl_instance.cpp:326,GetTransferStatus]
[2026-08-24 19:21:34.069156][UC][I] [METRIC DEBUG] HIXL instance GetTransferStatus RUN:2359242445293 [878,916][hixl_instance.cpp:331,operator()]
[2026-08-24 19:21:34.069181][UC][I] [METRIC DEBUG] HIXL transport GetStatus get task status:2359242445317 [878,891][hixl_transport.cpp:725,GetStatus]
[2026-08-24 19:21:34.069184][UC][I] [METRIC DEBUG] HIXL transport GetStatus return:2359242445321 [878,891][hixl_transport.cpp:740,GetStatus]
[2026-08-24 19:21:34.069187][UC][I] [METRIC DEBUG] TransportManager GetStatus get task status:2359242445324 [878,891][transport_manager.cpp:721,GetStatus]
[2026-08-24 19:21:34.069190][UC][I] [METRIC DEBUG] TransportManager GetStatus return:2359242445326 [878,891][transport_manager.cpp:746,GetStatus]
[2026-08-24 19:21:34.069192][UC][I] [METRIC DEBUG] TransportManager GetStatus START:2359242445329 [878,891][transport_manager.cpp:706,GetStatus]
[2026-08-24 19:21:34.069195][UC][I] [METRIC DEBUG] TransportManager GetStatus get record:2359242445331 [878,891][transport_manager.cpp:718,GetStatus]
[2026-08-24 19:21:34.069197][UC][I] [METRIC DEBUG] HIXL transport GetStatus START:2359242445334 [878,891][hixl_transport.cpp:701,GetStatus]
[2026-08-24 19:21:34.069199][UC][I] [METRIC DEBUG] HIXL transport GetStatus get lifecycle_lock:2359242445336 [878,891][hixl_transport.cpp:709,GetStatus]
[2026-08-24 19:21:34.069202][UC][I] [METRIC DEBUG] HIXL transport GetStatus get pending_mutex_:2359242445339 [878,891][hixl_transport.cpp:721,GetStatus]
[2026-08-24 19:21:34.069204][UC][I] [METRIC DEBUG] HIXL instance GetTransferStatus START:2359242445341 [878,891][hixl_instance.cpp:326,GetTransferStatus]
[2026-08-24 19:21:34.069211][UC][I] [METRIC DEBUG] HIXL instance GetTransferStatus RUN:2359242445347 [878,916][hixl_instance.cpp:331,operator()]
[2026-08-24 19:21:34.069220][UC][I] [METRIC DEBUG] HIXL transport GetStatus get task status:2359242445356 [878,891][hixl_transport.cpp:725,GetStatus]
[2026-08-24 19:21:34.069223][UC][I] [METRIC DEBUG] HIXL transport GetStatus return:2359242445360 [878,891][hixl_transport.cpp:740,GetStatus]
[2026-08-24 19:21:34.069226][UC][I] [METRIC DEBUG] TransportManager GetStatus get task status:2359242445363 [878,891][transport_manager.cpp:721,GetStatus]
[2026-08-24 19:21:34.069229][UC][I] [METRIC DEBUG] TransportManager GetStatus return:2359242445365 [878,891][transport_manager.cpp:746,GetStatus]
[2026-08-24 19:21:34.069231][UC][I] [METRIC DEBUG] TransportManager GetStatus START:2359242445368 [878,891][transport_manager.cpp:706,GetStatus]
[2026-08-24 19:21:34.069234][UC][I] [METRIC DEBUG] TransportManager GetStatus get record:2359242445371 [878,891][transport_manager.cpp:718,GetStatus]
[2026-08-24 19:21:34.069237][UC][I] [METRIC DEBUG] HIXL transport GetStatus START:2359242445373 [878,891][hixl_transport.cpp:701,GetStatus]
[2026-08-24 19:21:34.069239][UC][I] [METRIC DEBUG] HIXL transport GetStatus get lifecycle_lock:2359242445376 [878,891][hixl_transport.cpp:709,GetStatus]
[2026-08-24 19:21:34.069241][UC][I] [METRIC DEBUG] HIXL transport GetStatus get pending_mutex_:2359242445378 [878,891][hixl_transport.cpp:721,GetStatus]
[2026-08-24 19:21:34.069244][UC][I] [METRIC DEBUG] HIXL instance GetTransferStatus START:2359242445381 [878,891][hixl_instance.cpp:326,GetTransferStatus]
[2026-08-24 19:21:34.069250][UC][I] [METRIC DEBUG] HIXL instance GetTransferStatus RUN:2359242445387 [878,916][hixl_instance.cpp:331,operator()]
[2026-08-24 19:21:34.069258][UC][I] [METRIC DEBUG] HIXL transport GetStatus get task status:2359242445395 [878,891][hixl_transport.cpp:725,GetStatus]
[2026-08-24 19:21:34.069264][UC][I] [METRIC DEBUG] HIXL transport GetStatus return:2359242445401 [878,891][hixl_transport.cpp:740,GetStatus]
[2026-08-24 19:21:34.069267][UC][I] [METRIC DEBUG] TransportManager GetStatus get task status:2359242445404 [878,891][transport_manager.cpp:721,GetStatus]
[2026-08-24 19:21:34.069270][UC][I] [METRIC DEBUG] TransportManager GetStatus return:2359242445406 [878,891][transport_manager.cpp:746,GetStatus]
[2026-08-24 19:21:34.069272][UC][I] [METRIC DEBUG] TransportManager GetStatus START:2359242445409 [878,891][transport_manager.cpp:706,GetStatus]
[2026-08-24 19:21:34.069283][UC][I] [METRIC DEBUG] TransportManager GetStatus get record:2359242445419 [878,891][transport_manager.cpp:718,GetStatus]
[2026-08-24 19:21:34.069286][UC][I] [METRIC DEBUG] HIXL transport GetStatus START:2359242445423 [878,891][hixl_transport.cpp:701,GetStatus]
[2026-08-24 19:21:34.069289][UC][I] [METRIC DEBUG] HIXL transport GetStatus get lifecycle_lock:2359242445425 [878,891][hixl_transport.cpp:709,GetStatus]
[2026-08-24 19:21:34.069291][UC][I] [METRIC DEBUG] HIXL transport GetStatus get pending_mutex_:2359242445428 [878,891][hixl_transport.cpp:721,GetStatus]
[2026-08-24 19:21:34.069293][UC][I] [METRIC DEBUG] HIXL instance GetTransferStatus START:2359242445430 [878,891][hixl_instance.cpp:326,GetTransferStatus]
[2026-08-24 19:21:34.069300][UC][I] [METRIC DEBUG] HIXL instance GetTransferStatus RUN:2359242445436 [878,916][hixl_instance.cpp:331,operator()]
[2026-08-24 19:21:34.069308][UC][I] [METRIC DEBUG] HIXL transport GetStatus get task status:2359242445445 [878,891][hixl_transport.cpp:725,GetStatus]
[2026-08-24 19:21:34.069312][UC][I] [METRIC DEBUG] HIXL transport GetStatus return:2359242445449 [878,891][hixl_transport.cpp:740,GetStatus]
[2026-08-24 19:21:34.069315][UC][I] [METRIC DEBUG] TransportManager GetStatus get task status:2359242445451 [878,891][transport_manager.cpp:721,GetStatus]
[2026-08-24 19:21:34.069317][UC][I] [METRIC DEBUG] TransportManager GetStatus return:2359242445454 [878,891][transport_manager.cpp:746,GetStatus]
[2026-08-24 19:21:34.069320][UC][I] [METRIC DEBUG] TransportManager GetStatus START:2359242445457 [878,891][transport_manager.cpp:706,GetStatus]
[2026-08-24 19:21:34.069322][UC][I] [METRIC DEBUG] TransportManager GetStatus get record:2359242445459 [878,891][transport_manager.cpp:718,GetStatus]
[2026-08-24 19:21:34.069325][UC][I] [METRIC DEBUG] HIXL transport GetStatus START:2359242445462 [878,891][hixl_transport.cpp:701,GetStatus]
[2026-08-24 19:21:34.069328][UC][I] [METRIC DEBUG] HIXL transport GetStatus get lifecycle_lock:2359242445464 [878,891][hixl_transport.cpp:709,GetStatus]
[2026-08-24 19:21:34.069330][UC][I] [METRIC DEBUG] HIXL transport GetStatus get pending_mutex_:2359242445467 [878,891][hixl_transport.cpp:721,GetStatus]
[2026-08-24 19:21:34.069333][UC][I] [METRIC DEBUG] HIXL instance GetTransferStatus START:2359242445470 [878,891][hixl_instance.cpp:326,GetTransferStatus]
[2026-08-24 19:21:34.069339][UC][I] [METRIC DEBUG] HIXL instance GetTransferStatus RUN:2359242445476 [878,916][hixl_instance.cpp:331,operator()]
[2026-08-24 19:21:34.069348][UC][I] [METRIC DEBUG] HIXL transport GetStatus get task status:2359242445485 [878,891][hixl_transport.cpp:725,GetStatus]
[2026-08-24 19:21:34.069352][UC][I] [METRIC DEBUG] HIXL transport GetStatus return:2359242445489 [878,891][hixl_transport.cpp:740,GetStatus]
[2026-08-24 19:21:34.069355][UC][I] [METRIC DEBUG] TransportManager GetStatus get task status:2359242445492 [878,891][transport_manager.cpp:721,GetStatus]
[2026-08-24 19:21:34.069358][UC][I] [METRIC DEBUG] TransportManager GetStatus return:2359242445495 [878,891][transport_manager.cpp:746,GetStatus]
[2026-08-24 19:21:34.069361][UC][I] [METRIC DEBUG] TransportManager GetStatus START:2359242445498 [878,891][transport_manager.cpp:706,GetStatus]
[2026-08-24 19:21:34.069363][UC][I] [METRIC DEBUG] TransportManager GetStatus get record:2359242445500 [878,891][transport_manager.cpp:718,GetStatus]
[2026-08-24 19:21:34.069366][UC][I] [METRIC DEBUG] HIXL transport GetStatus START:2359242445502 [878,891][hixl_transport.cpp:701,GetStatus]
[2026-08-24 19:21:34.069368][UC][I] [METRIC DEBUG] HIXL transport GetStatus get lifecycle_lock:2359242445505 [878,891][hixl_transport.cpp:709,GetStatus]
[2026-08-24 19:21:34.069371][UC][I] [METRIC DEBUG] HIXL transport GetStatus get pending_mutex_:2359242445507 [878,891][hixl_transport.cpp:721,GetStatus]
[2026-08-24 19:21:34.069373][UC][I] [METRIC DEBUG] HIXL instance GetTransferStatus START:2359242445510 [878,891][hixl_instance.cpp:326,GetTransferStatus]
[2026-08-24 19:21:34.069380][UC][I] [METRIC DEBUG] HIXL instance GetTransferStatus RUN:2359242445516 [878,916][hixl_instance.cpp:331,operator()]
[2026-08-24 19:21:34.069394][UC][I] [METRIC DEBUG] HIXL transport GetStatus get task status:2359242445530 [878,891][hixl_transport.cpp:725,GetStatus]
[2026-08-24 19:21:34.069398][UC][I] [METRIC DEBUG] HIXL transport GetStatus return:2359242445534 [878,891][hixl_transport.cpp:740,GetStatus]
[2026-08-24 19:21:34.069401][UC][I] [METRIC DEBUG] TransportManager GetStatus get task status:2359242445537 [878,891][transport_manager.cpp:721,GetStatus]
[2026-08-24 19:21:34.069403][UC][I] [METRIC DEBUG] TransportManager GetStatus return:2359242445540 [878,891][transport_manager.cpp:746,GetStatus]
[2026-08-24 19:21:34.069406][UC][I] [METRIC DEBUG] TransportManager GetStatus START:2359242445543 [878,891][transport_manager.cpp:706,GetStatus]
[2026-08-24 19:21:34.069408][UC][I] [METRIC DEBUG] TransportManager GetStatus get record:2359242445545 [878,891][transport_manager.cpp:718,GetStatus]
[2026-08-24 19:21:34.069411][UC][I] [METRIC DEBUG] HIXL transport GetStatus START:2359242445548 [878,891][hixl_transport.cpp:701,GetStatus]
[2026-08-24 19:21:34.069413][UC][I] [METRIC DEBUG] HIXL transport GetStatus get lifecycle_lock:2359242445550 [878,891][hixl_transport.cpp:709,GetStatus]
[2026-08-24 19:21:34.069416][UC][I] [METRIC DEBUG] HIXL transport GetStatus get pending_mutex_:2359242445553 [878,891][hixl_transport.cpp:721,GetStatus]
[2026-08-24 19:21:34.069418][UC][I] [METRIC DEBUG] HIXL instance GetTransferStatus START:2359242445555 [878,891][hixl_instance.cpp:326,GetTransferStatus]
[2026-08-24 19:21:34.069425][UC][I] [METRIC DEBUG] HIXL instance GetTransferStatus RUN:2359242445561 [878,916][hixl_instance.cpp:331,operator()]
[2026-08-24 19:21:34.069433][UC][I] [METRIC DEBUG] HIXL transport GetStatus get task status:2359242445570 [878,891][hixl_transport.cpp:725,GetStatus]
[2026-08-24 19:21:34.069437][UC][I] [METRIC DEBUG] HIXL transport GetStatus return:2359242445574 [878,891][hixl_transport.cpp:740,GetStatus]
[2026-08-24 19:21:34.069442][UC][I] [METRIC DEBUG] TransportManager GetStatus get task status:2359242445579 [878,891][transport_manager.cpp:721,GetStatus]
[2026-08-24 19:21:34.069445][UC][I] [METRIC DEBUG] TransportManager GetStatus return:2359242445582 [878,891][transport_manager.cpp:746,GetStatus]
[2026-08-24 19:21:34.069450][UC][I] [METRIC DEBUG] TransportManager GetStatus START:2359242445587 [878,891][transport_manager.cpp:706,GetStatus]
[2026-08-24 19:21:34.069453][UC][I] [METRIC DEBUG] TransportManager GetStatus get record:2359242445590 [878,891][transport_manager.cpp:718,GetStatus]
[2026-08-24 19:21:34.069457][UC][I] [METRIC DEBUG] HIXL transport GetStatus START:2359242445594 [878,891][hixl_transport.cpp:701,GetStatus]
[2026-08-24 19:21:34.069460][UC][I] [METRIC DEBUG] HIXL transport GetStatus get lifecycle_lock:2359242445597 [878,891][hixl_transport.cpp:709,GetStatus]
[2026-08-24 19:21:34.069462][UC][I] [METRIC DEBUG] HIXL transport GetStatus get pending_mutex_:2359242445599 [878,891][hixl_transport.cpp:721,GetStatus]
[2026-08-24 19:21:34.069464][UC][I] [METRIC DEBUG] HIXL instance GetTransferStatus START:2359242445601 [878,891][hixl_instance.cpp:326,GetTransferStatus]
[2026-08-24 19:21:34.069471][UC][I] [METRIC DEBUG] HIXL instance GetTransferStatus RUN:2359242445607 [878,916][hixl_instance.cpp:331,operator()]
[2026-08-24 19:21:34.069481][UC][I] [METRIC DEBUG] HIXL transport GetStatus get task status:2359242445618 [878,891][hixl_transport.cpp:725,GetStatus]
[2026-08-24 19:21:34.069485][UC][I] [METRIC DEBUG] HIXL transport GetStatus return:2359242445622 [878,891][hixl_transport.cpp:740,GetStatus]
[2026-08-24 19:21:34.069489][UC][I] [METRIC DEBUG] TransportManager GetStatus get task status:2359242445626 [878,891][transport_manager.cpp:721,GetStatus]
[2026-08-24 19:21:34.069495][UC][I] [METRIC DEBUG] TransportManager GetStatus return:2359242445632 [878,891][transport_manager.cpp:746,GetStatus]
[2026-08-24 19:21:34.069499][UC][I] [METRIC DEBUG] TransportManager GetStatus START:2359242445636 [878,891][transport_manager.cpp:706,GetStatus]
[2026-08-24 19:21:34.069510][UC][I] [METRIC DEBUG] TransportManager GetStatus get record:2359242445646 [878,891][transport_manager.cpp:718,GetStatus]
[2026-08-24 19:21:34.069513][UC][I] [METRIC DEBUG] HIXL transport GetStatus START:2359242445649 [878,891][hixl_transport.cpp:701,GetStatus]
[2026-08-24 19:21:34.069515][UC][I] [METRIC DEBUG] HIXL transport GetStatus get lifecycle_lock:2359242445652 [878,891][hixl_transport.cpp:709,GetStatus]
[2026-08-24 19:21:34.069517][UC][I] [METRIC DEBUG] HIXL transport GetStatus get pending_mutex_:2359242445654 [878,891][hixl_transport.cpp:721,GetStatus]
[2026-08-24 19:21:34.069520][UC][I] [METRIC DEBUG] HIXL instance GetTransferStatus START:2359242445657 [878,891][hixl_instance.cpp:326,GetTransferStatus]
[2026-08-24 19:21:34.069526][UC][I] [METRIC DEBUG] HIXL instance GetTransferStatus RUN:2359242445663 [878,916][hixl_instance.cpp:331,operator()]
[2026-08-24 19:21:34.069535][UC][I] [METRIC DEBUG] HIXL transport GetStatus get task status:2359242445672 [878,891][hixl_transport.cpp:725,GetStatus]
[2026-08-24 19:21:34.069539][UC][I] [METRIC DEBUG] HIXL transport GetStatus return:2359242445675 [878,891][hixl_transport.cpp:740,GetStatus]
[2026-08-24 19:21:34.069541][UC][I] [METRIC DEBUG] TransportManager GetStatus get task status:2359242445678 [878,891][transport_manager.cpp:721,GetStatus]
[2026-08-24 19:21:34.069544][UC][I] [METRIC DEBUG] TransportManager GetStatus return:2359242445681 [878,891][transport_manager.cpp:746,GetStatus]
[2026-08-24 19:21:34.069547][UC][I] [METRIC DEBUG] TransportManager GetStatus START:2359242445683 [878,891][transport_manager.cpp:706,GetStatus]
[2026-08-24 19:21:34.069549][UC][I] [METRIC DEBUG] TransportManager GetStatus get record:2359242445686 [878,891][transport_manager.cpp:718,GetStatus]
[2026-08-24 19:21:34.069551][UC][I] [METRIC DEBUG] HIXL transport GetStatus START:2359242445688 [878,891][hixl_transport.cpp:701,GetStatus]
[2026-08-24 19:21:34.069554][UC][I] [METRIC DEBUG] HIXL transport GetStatus get lifecycle_lock:2359242445690 [878,891][hixl_transport.cpp:709,GetStatus]
[2026-08-24 19:21:34.069556][UC][I] [METRIC DEBUG] HIXL transport GetStatus get pending_mutex_:2359242445693 [878,891][hixl_transport.cpp:721,GetStatus]
[2026-08-24 19:21:34.069558][UC][I] [METRIC DEBUG] HIXL instance GetTransferStatus START:2359242445695 [878,891][hixl_instance.cpp:326,GetTransferStatus]
[2026-08-24 19:21:34.069564][UC][I] [METRIC DEBUG] HIXL instance GetTransferStatus RUN:2359242445701 [878,916][hixl_instance.cpp:331,operator()]
[2026-08-24 19:21:34.069573][UC][I] [METRIC DEBUG] HIXL transport GetStatus get task status:2359242445710 [878,891][hixl_transport.cpp:725,GetStatus]
[2026-08-24 19:21:34.069577][UC][I] [METRIC DEBUG] HIXL transport GetStatus return:2359242445714 [878,891][hixl_transport.cpp:740,GetStatus]
[2026-08-24 19:21:34.069581][UC][I] [METRIC DEBUG] TransportManager GetStatus get task status:2359242445718 [878,891][transport_manager.cpp:721,GetStatus]
[2026-08-24 19:21:34.069583][UC][I] [METRIC DEBUG] TransportManager GetStatus return:2359242445720 [878,891][transport_manager.cpp:746,GetStatus]
[2026-08-24 19:21:34.069588][UC][I] [METRIC DEBUG] TransportManager GetStatus START:2359242445724 [878,891][transport_manager.cpp:706,GetStatus]
[2026-08-24 19:21:34.069590][UC][I] [METRIC DEBUG] TransportManager GetStatus get record:2359242445727 [878,891][transport_manager.cpp:718,GetStatus]
[2026-08-24 19:21:34.069594][UC][I] [METRIC DEBUG] HIXL transport GetStatus START:2359242445731 [878,891][hixl_transport.cpp:701,GetStatus]
[2026-08-24 19:21:34.069597][UC][I] [METRIC DEBUG] HIXL transport GetStatus get lifecycle_lock:2359242445734 [878,891][hixl_transport.cpp:709,GetStatus]
[2026-08-24 19:21:34.069601][UC][I] [METRIC DEBUG] HIXL transport GetStatus get pending_mutex_:2359242445738 [878,891][hixl_transport.cpp:721,GetStatus]
[2026-08-24 19:21:34.069604][UC][I] [METRIC DEBUG] HIXL instance GetTransferStatus START:2359242445741 [878,891][hixl_instance.cpp:326,GetTransferStatus]
[2026-08-24 19:21:34.069610][UC][I] [METRIC DEBUG] HIXL instance GetTransferStatus RUN:2359242445747 [878,916][hixl_instance.cpp:331,operator()]
[2026-08-24 19:21:34.069629][UC][I] [METRIC DEBUG] HIXL transport GetStatus get task status:2359242445765 [878,891][hixl_transport.cpp:725,GetStatus]
[2026-08-24 19:21:34.069633][UC][I] [METRIC DEBUG] HIXL transport GetStatus return:2359242445770 [878,891][hixl_transport.cpp:740,GetStatus]
[2026-08-24 19:21:34.069636][UC][I] [METRIC DEBUG] TransportManager GetStatus get task status:2359242445773 [878,891][transport_manager.cpp:721,GetStatus]
[2026-08-24 19:21:34.069639][UC][I] [METRIC DEBUG] TransportManager GetStatus return:2359242445775 [878,891][transport_manager.cpp:746,GetStatus]
[2026-08-24 19:21:34.069641][UC][I] [METRIC DEBUG] TransportManager GetStatus START:2359242445778 [878,891][transport_manager.cpp:706,GetStatus]
[2026-08-24 19:21:34.069644][UC][I] [METRIC DEBUG] TransportManager GetStatus get record:2359242445780 [878,891][transport_manager.cpp:718,GetStatus]
[2026-08-24 19:21:34.069646][UC][I] [METRIC DEBUG] HIXL transport GetStatus START:2359242445783 [878,891][hixl_transport.cpp:701,GetStatus]
[2026-08-24 19:21:34.069649][UC][I] [METRIC DEBUG] HIXL transport GetStatus get lifecycle_lock:2359242445786 [878,891][hixl_transport.cpp:709,GetStatus]
[2026-08-24 19:21:34.069651][UC][I] [METRIC DEBUG] HIXL transport GetStatus get pending_mutex_:2359242445788 [878,891][hixl_transport.cpp:721,GetStatus]
[2026-08-24 19:21:34.069653][UC][I] [METRIC DEBUG] HIXL instance GetTransferStatus START:2359242445790 [878,891][hixl_instance.cpp:326,GetTransferStatus]
[2026-08-24 19:21:34.069660][UC][I] [METRIC DEBUG] HIXL instance GetTransferStatus RUN:2359242445797 [878,916][hixl_instance.cpp:331,operator()]
[2026-08-24 19:21:34.069670][UC][I] [METRIC DEBUG] HIXL transport GetStatus get task status:2359242445806 [878,891][hixl_transport.cpp:725,GetStatus]
[2026-08-24 19:21:34.069675][UC][I] [METRIC DEBUG] HIXL transport GetStatus return:2359242445811 [878,891][hixl_transport.cpp:740,GetStatus]
[2026-08-24 19:21:34.069678][UC][I] [METRIC DEBUG] TransportManager GetStatus get task status:2359242445815 [878,891][transport_manager.cpp:721,GetStatus]
[2026-08-24 19:21:34.069680][UC][I] [METRIC DEBUG] TransportManager GetStatus return:2359242445817 [878,891][transport_manager.cpp:746,GetStatus]
[2026-08-24 19:21:34.069683][UC][I] [METRIC DEBUG] TransportManager GetStatus START:2359242445820 [878,891][transport_manager.cpp:706,GetStatus]
[2026-08-24 19:21:34.069686][UC][I] [METRIC DEBUG] TransportManager GetStatus get record:2359242445823 [878,891][transport_manager.cpp:718,GetStatus]
[2026-08-24 19:21:34.069689][UC][I] [METRIC DEBUG] HIXL transport GetStatus START:2359242445826 [878,891][hixl_transport.cpp:701,GetStatus]
[2026-08-24 19:21:34.069692][UC][I] [METRIC DEBUG] HIXL transport GetStatus get lifecycle_lock:2359242445829 [878,891][hixl_transport.cpp:709,GetStatus]
[2026-08-24 19:21:34.069696][UC][I] [METRIC DEBUG] HIXL transport GetStatus get pending_mutex_:2359242445832 [878,891][hixl_transport.cpp:721,GetStatus]
[2026-08-24 19:21:34.069698][UC][I] [METRIC DEBUG] HIXL instance GetTransferStatus START:2359242445835 [878,891][hixl_instance.cpp:326,GetTransferStatus]
[2026-08-24 19:21:34.069704][UC][I] [METRIC DEBUG] HIXL instance GetTransferStatus RUN:2359242445841 [878,916][hixl_instance.cpp:331,operator()]
[2026-08-24 19:21:34.069714][UC][I] [METRIC DEBUG] HIXL transport GetStatus get task status:2359242445851 [878,891][hixl_transport.cpp:725,GetStatus]
[2026-08-24 19:21:34.069719][UC][I] [METRIC DEBUG] HIXL transport GetStatus return:2359242445856 [878,891][hixl_transport.cpp:740,GetStatus]
[2026-08-24 19:21:34.069723][UC][I] [METRIC DEBUG] TransportManager GetStatus get task status:2359242445860 [878,891][transport_manager.cpp:721,GetStatus]
[2026-08-24 19:21:34.069727][UC][I] [METRIC DEBUG] TransportManager GetStatus return:2359242445863 [878,891][transport_manager.cpp:746,GetStatus]
[2026-08-24 19:21:34.069731][UC][I] [METRIC DEBUG] TransportManager GetStatus START:2359242445868 [878,891][transport_manager.cpp:706,GetStatus]
[2026-08-24 19:21:34.069734][UC][I] [METRIC DEBUG] TransportManager GetStatus get record:2359242445871 [878,891][transport_manager.cpp:718,GetStatus]
[2026-08-24 19:21:34.069745][UC][I] [METRIC DEBUG] HIXL transport GetStatus START:2359242445882 [878,891][hixl_transport.cpp:701,GetStatus]
[2026-08-24 19:21:34.069749][UC][I] [METRIC DEBUG] HIXL transport GetStatus get lifecycle_lock:2359242445886 [878,891][hixl_transport.cpp:709,GetStatus]
[2026-08-24 19:21:34.069752][UC][I] [METRIC DEBUG] HIXL transport GetStatus get pending_mutex_:2359242445889 [878,891][hixl_transport.cpp:721,GetStatus]
[2026-08-24 19:21:34.069754][UC][I] [METRIC DEBUG] HIXL instance GetTransferStatus START:2359242445891 [878,891][hixl_instance.cpp:326,GetTransferStatus]
[2026-08-24 19:21:34.069761][UC][I] [METRIC DEBUG] HIXL instance GetTransferStatus RUN:2359242445898 [878,916][hixl_instance.cpp:331,operator()]
[2026-08-24 19:21:34.069772][UC][I] [METRIC DEBUG] HIXL transport GetStatus get task status:2359242445909 [878,891][hixl_transport.cpp:725,GetStatus]
[2026-08-24 19:21:34.069776][UC][I] [METRIC DEBUG] HIXL transport GetStatus return:2359242445913 [878,891][hixl_transport.cpp:740,GetStatus]
[2026-08-24 19:21:34.069781][UC][I] [METRIC DEBUG] TransportManager GetStatus get task status:2359242445917 [878,891][transport_manager.cpp:721,GetStatus]
[2026-08-24 19:21:34.069784][UC][I] [METRIC DEBUG] TransportManager GetStatus return:2359242445921 [878,891][transport_manager.cpp:746,GetStatus]
[2026-08-24 19:21:34.069788][UC][I] [METRIC DEBUG] TransportManager GetStatus START:2359242445925 [878,891][transport_manager.cpp:706,GetStatus]
[2026-08-24 19:21:34.069790][UC][I] [METRIC DEBUG] TransportManager GetStatus get record:2359242445927 [878,891][transport_manager.cpp:718,GetStatus]
[2026-08-24 19:21:34.069793][UC][I] [METRIC DEBUG] HIXL transport GetStatus START:2359242445930 [878,891][hixl_transport.cpp:701,GetStatus]
[2026-08-24 19:21:34.069797][UC][I] [METRIC DEBUG] HIXL transport GetStatus get lifecycle_lock:2359242445934 [878,891][hixl_transport.cpp:709,GetStatus]
[2026-08-24 19:21:34.069800][UC][I] [METRIC DEBUG] HIXL transport GetStatus get pending_mutex_:2359242445937 [878,891][hixl_transport.cpp:721,GetStatus]
[2026-08-24 19:21:34.069804][UC][I] [METRIC DEBUG] HIXL instance GetTransferStatus START:2359242445941 [878,891][hixl_instance.cpp:326,GetTransferStatus]
[2026-08-24 19:21:34.069811][UC][I] [METRIC DEBUG] HIXL instance GetTransferStatus RUN:2359242445947 [878,916][hixl_instance.cpp:331,operator()]
[2026-08-24 19:21:34.069820][UC][I] [METRIC DEBUG] HIXL transport GetStatus get task status:2359242445957 [878,891][hixl_transport.cpp:725,GetStatus]
[2026-08-24 19:21:34.069826][UC][I] [METRIC DEBUG] HIXL transport GetStatus return:2359242445962 [878,891][hixl_transport.cpp:740,GetStatus]
[2026-08-24 19:21:34.069829][UC][I] [METRIC DEBUG] TransportManager GetStatus get task status:2359242445965 [878,891][transport_manager.cpp:721,GetStatus]
[2026-08-24 19:21:34.069831][UC][I] [METRIC DEBUG] TransportManager GetStatus return:2359242445968 [878,891][transport_manager.cpp:746,GetStatus]
[2026-08-24 19:21:34.069835][UC][I] [METRIC DEBUG] TransportManager GetStatus START:2359242445972 [878,891][transport_manager.cpp:706,GetStatus]
[2026-08-24 19:21:34.069839][UC][I] [METRIC DEBUG] TransportManager GetStatus get record:2359242445975 [878,891][transport_manager.cpp:718,GetStatus]
[2026-08-24 19:21:34.069842][UC][I] [METRIC DEBUG] HIXL transport GetStatus START:2359242445979 [878,891][hixl_transport.cpp:701,GetStatus]
[2026-08-24 19:21:34.069846][UC][I] [METRIC DEBUG] HIXL transport GetStatus get lifecycle_lock:2359242445983 [878,891][hixl_transport.cpp:709,GetStatus]
[2026-08-24 19:21:34.069848][UC][I] [METRIC DEBUG] HIXL transport GetStatus get pending_mutex_:2359242445985 [878,891][hixl_transport.cpp:721,GetStatus]
[2026-08-24 19:21:34.069851][UC][I] [METRIC DEBUG] HIXL instance GetTransferStatus START:2359242445987 [878,891][hixl_instance.cpp:326,GetTransferStatus]
[2026-08-24 19:21:34.069857][UC][I] [METRIC DEBUG] HIXL instance GetTransferStatus RUN:2359242445994 [878,916][hixl_instance.cpp:331,operator()]
[2026-08-24 19:21:34.069876][UC][I] [METRIC DEBUG] HIXL transport GetStatus get task status:2359242446013 [878,891][hixl_transport.cpp:725,GetStatus]
[2026-08-24 19:21:34.069881][UC][I] [METRIC DEBUG] HIXL transport GetStatus return:2359242446018 [878,891][hixl_transport.cpp:740,GetStatus]
[2026-08-24 19:21:34.069884][UC][I] [METRIC DEBUG] TransportManager GetStatus get task status:2359242446020 [878,891][transport_manager.cpp:721,GetStatus]
[2026-08-24 19:21:34.069887][UC][I] [METRIC DEBUG] TransportManager GetStatus return:2359242446024 [878,891][transport_manager.cpp:746,GetStatus]
[2026-08-24 19:21:34.069890][UC][I] [METRIC DEBUG] TransportManager GetStatus START:2359242446027 [878,891][transport_manager.cpp:706,GetStatus]
[2026-08-24 19:21:34.069894][UC][I] [METRIC DEBUG] TransportManager GetStatus get record:2359242446030 [878,891][transport_manager.cpp:718,GetStatus]
[2026-08-24 19:21:34.069896][UC][I] [METRIC DEBUG] HIXL transport GetStatus START:2359242446033 [878,891][hixl_transport.cpp:701,GetStatus]
[2026-08-24 19:21:34.069900][UC][I] [METRIC DEBUG] HIXL transport GetStatus get lifecycle_lock:2359242446037 [878,891][hixl_transport.cpp:709,GetStatus]
[2026-08-24 19:21:34.069903][UC][I] [METRIC DEBUG] HIXL transport GetStatus get pending_mutex_:2359242446040 [878,891][hixl_transport.cpp:721,GetStatus]
[2026-08-24 19:21:34.069907][UC][I] [METRIC DEBUG] HIXL instance GetTransferStatus START:2359242446044 [878,891][hixl_instance.cpp:326,GetTransferStatus]
[2026-08-24 19:21:34.069915][UC][I] [METRIC DEBUG] HIXL instance GetTransferStatus RUN:2359242446051 [878,916][hixl_instance.cpp:331,operator()]
[2026-08-24 19:21:34.069924][UC][I] [METRIC DEBUG] HIXL transport GetStatus get task status:2359242446061 [878,891][hixl_transport.cpp:725,GetStatus]
[2026-08-24 19:21:34.069929][UC][I] [METRIC DEBUG] HIXL transport GetStatus return:2359242446066 [878,891][hixl_transport.cpp:740,GetStatus]
[2026-08-24 19:21:34.069933][UC][I] [METRIC DEBUG] TransportManager GetStatus get task status:2359242446069 [878,891][transport_manager.cpp:721,GetStatus]
[2026-08-24 19:21:34.069936][UC][I] [METRIC DEBUG] TransportManager GetStatus return:2359242446073 [878,891][transport_manager.cpp:746,GetStatus]
[2026-08-24 19:21:34.069939][UC][I] [METRIC DEBUG] TransportManager GetStatus START:2359242446076 [878,891][transport_manager.cpp:706,GetStatus]
[2026-08-24 19:21:34.069943][UC][I] [METRIC DEBUG] TransportManager GetStatus get record:2359242446080 [878,891][transport_manager.cpp:718,GetStatus]
[2026-08-24 19:21:34.069946][UC][I] [METRIC DEBUG] HIXL transport GetStatus START:2359242446083 [878,891][hixl_transport.cpp:701,GetStatus]
[2026-08-24 19:21:34.069950][UC][I] [METRIC DEBUG] HIXL transport GetStatus get lifecycle_lock:2359242446087 [878,891][hixl_transport.cpp:709,GetStatus]
[2026-08-24 19:21:34.069953][UC][I] [METRIC DEBUG] HIXL transport GetStatus get pending_mutex_:2359242446089 [878,891][hixl_transport.cpp:721,GetStatus]
[2026-08-24 19:21:34.069956][UC][I] [METRIC DEBUG] HIXL instance GetTransferStatus START:2359242446093 [878,891][hixl_instance.cpp:326,GetTransferStatus]
[2026-08-24 19:21:34.069962][UC][I] [METRIC DEBUG] HIXL instance GetTransferStatus RUN:2359242446099 [878,916][hixl_instance.cpp:331,operator()]
[2026-08-24 19:21:34.069978][UC][I] [METRIC DEBUG] HIXL transport GetStatus get task status:2359242446115 [878,891][hixl_transport.cpp:725,GetStatus]
[2026-08-24 19:21:34.069985][UC][I] [METRIC DEBUG] HIXL transport GetStatus return:2359242446122 [878,891][hixl_transport.cpp:740,GetStatus]
[2026-08-24 19:21:34.069989][UC][I] [METRIC DEBUG] TransportManager GetStatus get task status:2359242446126 [878,891][transport_manager.cpp:721,GetStatus]
[2026-08-24 19:21:34.069994][UC][I] [PERF] component=transport event=transfer_done manager=127.0.0.1:8000 target=127.0.0.1:4500 handle=1 transport_handle=1 opcode=1 direct=2 segments=1 bytes=10 status=1 api_status=0 submitted_ts_us=1787570494068493 completed_ts_us=1787570494069993 manager_get_status_ts_us=1787570494069939 backend_query_ts_us=1787570494069966 submit_us=1898 transfer_us=1500 manager_to_backend_query_us=23 total_us=3398 [878,891][transport_manager.cpp:725,GetStatus]
[2026-08-24 19:21:34.070007][UC][I] [METRIC DEBUG] TransportManager GetStatus return:2359242446144 [878,891][transport_manager.cpp:746,GetStatus]
[2026-08-24 19:21:34.070018][UC][I] [PERF] component=drampool event=request_done request_id=1 opcode=0 peer=127.0.0.1:4500 batch_size=2 data_bytes=0 failed_items=0 status=SUCCESS failed_stage=NONE received_ts_us=1787570494066343 worker_started_ts_us=1787570494066435 data_transfer_submitted_ts_us=0 data_transfer_completed_ts_us=0 response_submitted_ts_us=1787570494068506 completed_ts_us=1787570494070013 data_tm_execute_async_ts_us=0 data_hixl_execute_async_ts_us=0 data_tm_get_status_ts_us=0 data_hixl_query_handle_ts_us=0 response_tm_execute_async_ts_us=1787570494066515 response_hixl_execute_async_ts_us=1787570494066678 response_tm_get_status_ts_us=1787570494069939 response_hixl_query_handle_ts_us=1787570494069966 request_queue_us=92 metadata_prepare_us=3 taskworker_prepare_us=15 poller_queue_us=52 data_transfer_us=0 metadata_settle_us=0 response_slot_wait_us=59 response_submit_us=1999 response_transfer_us=1506 data_tm_to_hixl_execute_async_us=0 data_tm_to_hixl_query_handle_us=0 response_tm_to_hixl_execute_async_us=163 response_tm_to_hixl_query_handle_us=23 total_us=3670 [878,891][completion_poller.cc:56,LogRequestDone]
[2026-08-24 19:21:49.918501][UC][I] [METRIC DEBUG] TransportManager ExecuteAsync START:2359258294635 [878,892][transport_manager.cpp:640,ExecuteAsync]
[2026-08-24 19:21:49.918577][UC][I] [METRIC DEBUG] TransportManager ExecuteAsync find transport:2359258294714 [878,892][transport_manager.cpp:645,ExecuteAsync]
[2026-08-24 19:21:49.918587][UC][I] [METRIC DEBUG] HIXL transport ExecuteAsync START:2359258294723 [878,892][hixl_transport.cpp:627,ExecuteAsync]
[2026-08-24 19:21:49.918593][UC][I] [METRIC DEBUG] HIXL transport ExecuteAsync get lifecycle_lock:2359258294730 [878,892][hixl_transport.cpp:629,ExecuteAsync]
[2026-08-24 19:21:49.918603][UC][I] [METRIC DEBUG] HIXL transport ExecuteAsync get peer route:2359258294739 [878,892][hixl_transport.cpp:659,ExecuteAsync]
[2026-08-24 19:21:49.918614][UC][I] [METRIC DEBUG] HIXL transport ExecuteAsync validate memory:2359258294751 [878,892][hixl_transport.cpp:671,ExecuteAsync]
[2026-08-24 19:21:49.918621][UC][I] [METRIC DEBUG] HIXL instance TransferAsync START:2359258294757 [878,892][hixl_instance.cpp:283,TransferAsync]
[2026-08-24 19:21:49.918658][UC][I] [METRIC DEBUG] HIXL instance TransferAsync RUN:2359258294790 [878,916][hixl_instance.cpp:286,operator()]
[2026-08-24 19:21:49.918708][UC][I] [METRIC DEBUG] HIXL instance TransferAsync descriptors built:2359258294844 [878,916][hixl_instance.cpp:288,operator()]
[2026-08-24 19:21:49.918713][UC][I] [METRIC DEBUG] HIXL instance TransferAsync native call begin:2359258294849 [878,916][hixl_instance.cpp:296,operator()]
[2026-08-24 19:21:49.921246][UC][I] [METRIC DEBUG] HIXL instance TransferAsync native call returned:2359258297380 [878,916][hixl_instance.cpp:300,operator()]
[2026-08-24 19:21:49.921297][UC][I] [METRIC DEBUG] HIXL instance TransferAsync Run returned:2359258297432 [878,892][hixl_instance.cpp:316,TransferAsync]
[2026-08-24 19:21:49.921313][UC][I] [METRIC DEBUG] HIXL instance TransferAsync return:2359258297450 [878,892][hixl_instance.cpp:318,TransferAsync]
[2026-08-24 19:21:49.921318][UC][I] [METRIC DEBUG] HIXL transport ExecuteAsync instance returned:2359258297454 [878,892][hixl_transport.cpp:677,ExecuteAsync]
[2026-08-24 19:21:49.921324][UC][I] [METRIC DEBUG] HIXL transport ExecuteAsync pending inserted:2359258297461 [878,892][hixl_transport.cpp:687,ExecuteAsync]
[2026-08-24 19:21:49.921330][UC][I] [METRIC DEBUG] HIXL transport ExecuteAsync return:2359258297467 [878,892][hixl_transport.cpp:694,ExecuteAsync]
[2026-08-24 19:21:49.921338][UC][I] [METRIC DEBUG] TransportManager ExecuteAsync backend returned:2359258297474 [878,892][transport_manager.cpp:658,ExecuteAsync]
[2026-08-24 19:21:49.921345][UC][I] [METRIC DEBUG] TransportManager ExecuteAsync record inserted:2359258297481 [878,892][transport_manager.cpp:679,ExecuteAsync]
[2026-08-24 19:21:49.921376][UC][I] [PERF] component=transport event=transfer_submitted manager=127.0.0.1:8000 target=127.0.0.1:4501 handle=2 transport_handle=2 opcode=0 direct=2 segments=108 bytes=7962624 submitted_ts_us=1787570509921343 manager_execute_async_ts_us=1787570509918498 backend_execute_async_ts_us=1787570509918712 manager_to_backend_execute_async_us=215 submit_us=2758 [878,892][transport_manager.cpp:681,ExecuteAsync]
[2026-08-24 19:21:49.921382][UC][I] [METRIC DEBUG] TransportManager ExecuteAsync return:2359258297518 [878,892][transport_manager.cpp:694,ExecuteAsync]
[2026-08-24 19:21:49.921420][UC][I] [METRIC DEBUG] TransportManager GetStatus START:2359258297554 [878,891][transport_manager.cpp:706,GetStatus]
[2026-08-24 19:21:49.921444][UC][I] [METRIC DEBUG] TransportManager GetStatus get record:2359258297581 [878,891][transport_manager.cpp:718,GetStatus]
[2026-08-24 19:21:49.921450][UC][I] [METRIC DEBUG] HIXL transport GetStatus START:2359258297587 [878,891][hixl_transport.cpp:701,GetStatus]
[2026-08-24 19:21:49.921455][UC][I] [METRIC DEBUG] HIXL transport GetStatus get lifecycle_lock:2359258297592 [878,891][hixl_transport.cpp:709,GetStatus]
[2026-08-24 19:21:49.921460][UC][I] [METRIC DEBUG] HIXL transport GetStatus get pending_mutex_:2359258297597 [878,891][hixl_transport.cpp:721,GetStatus]
[2026-08-24 19:21:49.921465][UC][I] [METRIC DEBUG] HIXL instance GetTransferStatus START:2359258297601 [878,891][hixl_instance.cpp:326,GetTransferStatus]
[2026-08-24 19:21:49.921481][UC][I] [METRIC DEBUG] HIXL instance GetTransferStatus RUN:2359258297617 [878,916][hixl_instance.cpp:331,operator()]
[2026-08-24 19:21:49.921504][UC][I] [METRIC DEBUG] HIXL transport GetStatus get task status:2359258297641 [878,891][hixl_transport.cpp:725,GetStatus]
[2026-08-24 19:21:49.921511][UC][I] [METRIC DEBUG] HIXL transport GetStatus return:2359258297648 [878,891][hixl_transport.cpp:740,GetStatus]
[2026-08-24 19:21:49.921515][UC][I] [METRIC DEBUG] TransportManager GetStatus get task status:2359258297651 [878,891][transport_manager.cpp:721,GetStatus]
[2026-08-24 19:21:49.921518][UC][I] [METRIC DEBUG] TransportManager GetStatus return:2359258297655 [878,891][transport_manager.cpp:746,GetStatus]
[2026-08-24 19:21:49.921522][UC][I] [METRIC DEBUG] TransportManager GetStatus START:2359258297659 [878,891][transport_manager.cpp:706,GetStatus]
[2026-08-24 19:21:49.921526][UC][I] [METRIC DEBUG] TransportManager GetStatus get record:2359258297662 [878,891][transport_manager.cpp:718,GetStatus]
[2026-08-24 19:21:49.921529][UC][I] [METRIC DEBUG] HIXL transport GetStatus START:2359258297666 [878,891][hixl_transport.cpp:701,GetStatus]
[2026-08-24 19:21:49.921533][UC][I] [METRIC DEBUG] HIXL transport GetStatus get lifecycle_lock:2359258297669 [878,891][hixl_transport.cpp:709,GetStatus]
[2026-08-24 19:21:49.921536][UC][I] [METRIC DEBUG] HIXL transport GetStatus get pending_mutex_:2359258297673 [878,891][hixl_transport.cpp:721,GetStatus]
[2026-08-24 19:21:49.921539][UC][I] [METRIC DEBUG] HIXL instance GetTransferStatus START:2359258297676 [878,891][hixl_instance.cpp:326,GetTransferStatus]
[2026-08-24 19:21:49.921549][UC][I] [METRIC DEBUG] HIXL instance GetTransferStatus RUN:2359258297685 [878,916][hixl_instance.cpp:331,operator()]
[2026-08-24 19:21:49.921561][UC][I] [METRIC DEBUG] HIXL transport GetStatus get task status:2359258297698 [878,891][hixl_transport.cpp:725,GetStatus]
[2026-08-24 19:21:49.921566][UC][I] [METRIC DEBUG] HIXL transport GetStatus return:2359258297703 [878,891][hixl_transport.cpp:740,GetStatus]
[2026-08-24 19:21:49.921569][UC][I] [METRIC DEBUG] TransportManager GetStatus get task status:2359258297706 [878,891][transport_manager.cpp:721,GetStatus]
[2026-08-24 19:21:49.921572][UC][I] [METRIC DEBUG] TransportManager GetStatus return:2359258297709 [878,891][transport_manager.cpp:746,GetStatus]
[2026-08-24 19:21:49.921576][UC][I] [METRIC DEBUG] TransportManager GetStatus START:2359258297713 [878,891][transport_manager.cpp:706,GetStatus]
[2026-08-24 19:21:49.921579][UC][I] [METRIC DEBUG] TransportManager GetStatus get record:2359258297716 [878,891][transport_manager.cpp:718,GetStatus]
[2026-08-24 19:21:49.921603][UC][I] [METRIC DEBUG] HIXL transport GetStatus START:2359258297739 [878,891][hixl_transport.cpp:701,GetStatus]
[2026-08-24 19:21:49.921606][UC][I] [METRIC DEBUG] HIXL transport GetStatus get lifecycle_lock:2359258297743 [878,891][hixl_transport.cpp:709,GetStatus]
[2026-08-24 19:21:49.921609][UC][I] [METRIC DEBUG] HIXL transport GetStatus get pending_mutex_:2359258297746 [878,891][hixl_transport.cpp:721,GetStatus]
[2026-08-24 19:21:49.921611][UC][I] [METRIC DEBUG] HIXL instance GetTransferStatus START:2359258297748 [878,891][hixl_instance.cpp:326,GetTransferStatus]
[2026-08-24 19:21:49.921620][UC][I] [METRIC DEBUG] HIXL instance GetTransferStatus RUN:2359258297756 [878,916][hixl_instance.cpp:331,operator()]
[2026-08-24 19:21:49.921631][UC][I] [METRIC DEBUG] HIXL transport GetStatus get task status:2359258297768 [878,891][hixl_transport.cpp:725,GetStatus]
[2026-08-24 19:21:49.921636][UC][I] [METRIC DEBUG] HIXL transport GetStatus return:2359258297773 [878,891][hixl_transport.cpp:740,GetStatus]
[2026-08-24 19:21:49.921639][UC][I] [METRIC DEBUG] TransportManager GetStatus get task status:2359258297775 [878,891][transport_manager.cpp:721,GetStatus]
[2026-08-24 19:21:49.921641][UC][I] [METRIC DEBUG] TransportManager GetStatus return:2359258297778 [878,891][transport_manager.cpp:746,GetStatus]
[2026-08-24 19:21:49.921644][UC][I] [METRIC DEBUG] TransportManager GetStatus START:2359258297781 [878,891][transport_manager.cpp:706,GetStatus]
[2026-08-24 19:21:49.921646][UC][I] [METRIC DEBUG] TransportManager GetStatus get record:2359258297783 [878,891][transport_manager.cpp:718,GetStatus]
[2026-08-24 19:21:49.921648][UC][I] [METRIC DEBUG] HIXL transport GetStatus START:2359258297785 [878,891][hixl_transport.cpp:701,GetStatus]
[2026-08-24 19:21:49.921651][UC][I] [METRIC DEBUG] HIXL transport GetStatus get lifecycle_lock:2359258297788 [878,891][hixl_transport.cpp:709,GetStatus]
[2026-08-24 19:21:49.921653][UC][I] [METRIC DEBUG] HIXL transport GetStatus get pending_mutex_:2359258297790 [878,891][hixl_transport.cpp:721,GetStatus]
[2026-08-24 19:21:49.921656][UC][I] [METRIC DEBUG] HIXL instance GetTransferStatus START:2359258297793 [878,891][hixl_instance.cpp:326,GetTransferStatus]
[2026-08-24 19:21:49.921664][UC][I] [METRIC DEBUG] HIXL instance GetTransferStatus RUN:2359258297800 [878,916][hixl_instance.cpp:331,operator()]
[2026-08-24 19:21:49.921675][UC][I] [METRIC DEBUG] HIXL transport GetStatus get task status:2359258297811 [878,891][hixl_transport.cpp:725,GetStatus]
[2026-08-24 19:21:49.921679][UC][I] [METRIC DEBUG] HIXL transport GetStatus return:2359258297816 [878,891][hixl_transport.cpp:740,GetStatus]
[2026-08-24 19:21:49.921682][UC][I] [METRIC DEBUG] TransportManager GetStatus get task status:2359258297819 [878,891][transport_manager.cpp:721,GetStatus]
[2026-08-24 19:21:49.921685][UC][I] [METRIC DEBUG] TransportManager GetStatus return:2359258297822 [878,891][transport_manager.cpp:746,GetStatus]
[2026-08-24 19:21:49.921689][UC][I] [METRIC DEBUG] TransportManager GetStatus START:2359258297825 [878,891][transport_manager.cpp:706,GetStatus]
[2026-08-24 19:21:49.921691][UC][I] [METRIC DEBUG] TransportManager GetStatus get record:2359258297828 [878,891][transport_manager.cpp:718,GetStatus]
[2026-08-24 19:21:49.921693][UC][I] [METRIC DEBUG] HIXL transport GetStatus START:2359258297830 [878,891][hixl_transport.cpp:701,GetStatus]
[2026-08-24 19:21:49.921696][UC][I] [METRIC DEBUG] HIXL transport GetStatus get lifecycle_lock:2359258297833 [878,891][hixl_transport.cpp:709,GetStatus]
[2026-08-24 19:21:49.921699][UC][I] [METRIC DEBUG] HIXL transport GetStatus get pending_mutex_:2359258297836 [878,891][hixl_transport.cpp:721,GetStatus]
[2026-08-24 19:21:49.921702][UC][I] [METRIC DEBUG] HIXL instance GetTransferStatus START:2359258297839 [878,891][hixl_instance.cpp:326,GetTransferStatus]
[2026-08-24 19:21:49.921710][UC][I] [METRIC DEBUG] HIXL instance GetTransferStatus RUN:2359258297846 [878,916][hixl_instance.cpp:331,operator()]
[2026-08-24 19:21:49.921734][UC][I] [METRIC DEBUG] HIXL transport GetStatus get task status:2359258297871 [878,891][hixl_transport.cpp:725,GetStatus]
[2026-08-24 19:21:49.921739][UC][I] [METRIC DEBUG] HIXL transport GetStatus return:2359258297876 [878,891][hixl_transport.cpp:740,GetStatus]
[2026-08-24 19:21:49.921742][UC][I] [METRIC DEBUG] TransportManager GetStatus get task status:2359258297879 [878,891][transport_manager.cpp:721,GetStatus]
[2026-08-24 19:21:49.921745][UC][I] [METRIC DEBUG] TransportManager GetStatus return:2359258297882 [878,891][transport_manager.cpp:746,GetStatus]
[2026-08-24 19:21:49.921748][UC][I] [METRIC DEBUG] TransportManager GetStatus START:2359258297885 [878,891][transport_manager.cpp:706,GetStatus]
[2026-08-24 19:21:49.921751][UC][I] [METRIC DEBUG] TransportManager GetStatus get record:2359258297888 [878,891][transport_manager.cpp:718,GetStatus]
[2026-08-24 19:21:49.921753][UC][I] [METRIC DEBUG] HIXL transport GetStatus START:2359258297890 [878,891][hixl_transport.cpp:701,GetStatus]
[2026-08-24 19:21:49.921756][UC][I] [METRIC DEBUG] HIXL transport GetStatus get lifecycle_lock:2359258297893 [878,891][hixl_transport.cpp:709,GetStatus]
[2026-08-24 19:21:49.921759][UC][I] [METRIC DEBUG] HIXL transport GetStatus get pending_mutex_:2359258297896 [878,891][hixl_transport.cpp:721,GetStatus]
[2026-08-24 19:21:49.921762][UC][I] [METRIC DEBUG] HIXL instance GetTransferStatus START:2359258297898 [878,891][hixl_instance.cpp:326,GetTransferStatus]
[2026-08-24 19:21:49.921771][UC][I] [METRIC DEBUG] HIXL instance GetTransferStatus RUN:2359258297906 [878,916][hixl_instance.cpp:331,operator()]
[2026-08-24 19:21:49.921781][UC][I] [METRIC DEBUG] HIXL transport GetStatus get task status:2359258297917 [878,891][hixl_transport.cpp:725,GetStatus]
[2026-08-24 19:21:49.921786][UC][I] [METRIC DEBUG] HIXL transport GetStatus return:2359258297923 [878,891][hixl_transport.cpp:740,GetStatus]
[2026-08-24 19:21:49.921789][UC][I] [METRIC DEBUG] TransportManager GetStatus get task status:2359258297926 [878,891][transport_manager.cpp:721,GetStatus]
[2026-08-24 19:21:49.921792][UC][I] [METRIC DEBUG] TransportManager GetStatus return:2359258297929 [878,891][transport_manager.cpp:746,GetStatus]
[2026-08-24 19:21:49.921795][UC][I] [METRIC DEBUG] TransportManager GetStatus START:2359258297932 [878,891][transport_manager.cpp:706,GetStatus]
[2026-08-24 19:21:49.921798][UC][I] [METRIC DEBUG] TransportManager GetStatus get record:2359258297935 [878,891][transport_manager.cpp:718,GetStatus]
[2026-08-24 19:21:49.921801][UC][I] [METRIC DEBUG] HIXL transport GetStatus START:2359258297938 [878,891][hixl_transport.cpp:701,GetStatus]
[2026-08-24 19:21:49.921804][UC][I] [METRIC DEBUG] HIXL transport GetStatus get lifecycle_lock:2359258297940 [878,891][hixl_transport.cpp:709,GetStatus]
[2026-08-24 19:21:49.921806][UC][I] [METRIC DEBUG] HIXL transport GetStatus get pending_mutex_:2359258297943 [878,891][hixl_transport.cpp:721,GetStatus]
[2026-08-24 19:21:49.921809][UC][I] [METRIC DEBUG] HIXL instance GetTransferStatus START:2359258297946 [878,891][hixl_instance.cpp:326,GetTransferStatus]
[2026-08-24 19:21:49.921817][UC][I] [METRIC DEBUG] HIXL instance GetTransferStatus RUN:2359258297953 [878,916][hixl_instance.cpp:331,operator()]
[2026-08-24 19:21:49.921829][UC][I] [METRIC DEBUG] HIXL transport GetStatus get task status:2359258297966 [878,891][hixl_transport.cpp:725,GetStatus]
[2026-08-24 19:21:49.921834][UC][I] [METRIC DEBUG] HIXL transport GetStatus return:2359258297970 [878,891][hixl_transport.cpp:740,GetStatus]
[2026-08-24 19:21:49.921836][UC][I] [METRIC DEBUG] TransportManager GetStatus get task status:2359258297973 [878,891][transport_manager.cpp:721,GetStatus]
[2026-08-24 19:21:49.921839][UC][I] [METRIC DEBUG] TransportManager GetStatus return:2359258297976 [878,891][transport_manager.cpp:746,GetStatus]
[2026-08-24 19:21:49.921842][UC][I] [METRIC DEBUG] TransportManager GetStatus START:2359258297979 [878,891][transport_manager.cpp:706,GetStatus]
[2026-08-24 19:21:49.921845][UC][I] [METRIC DEBUG] TransportManager GetStatus get record:2359258297981 [878,891][transport_manager.cpp:718,GetStatus]
[2026-08-24 19:21:49.921858][UC][I] [METRIC DEBUG] HIXL transport GetStatus START:2359258297994 [878,891][hixl_transport.cpp:701,GetStatus]
[2026-08-24 19:21:49.921861][UC][I] [METRIC DEBUG] HIXL transport GetStatus get lifecycle_lock:2359258297998 [878,891][hixl_transport.cpp:709,GetStatus]
[2026-08-24 19:21:49.921864][UC][I] [METRIC DEBUG] HIXL transport GetStatus get pending_mutex_:2359258298000 [878,891][hixl_transport.cpp:721,GetStatus]
[2026-08-24 19:21:49.921866][UC][I] [METRIC DEBUG] HIXL instance GetTransferStatus START:2359258298003 [878,891][hixl_instance.cpp:326,GetTransferStatus]
[2026-08-24 19:21:49.921875][UC][I] [METRIC DEBUG] HIXL instance GetTransferStatus RUN:2359258298011 [878,916][hixl_instance.cpp:331,operator()]
[2026-08-24 19:21:49.921885][UC][I] [METRIC DEBUG] HIXL transport GetStatus get task status:2359258298022 [878,891][hixl_transport.cpp:725,GetStatus]
[2026-08-24 19:21:49.921890][UC][I] [METRIC DEBUG] HIXL transport GetStatus return:2359258298027 [878,891][hixl_transport.cpp:740,GetStatus]
[2026-08-24 19:21:49.921893][UC][I] [METRIC DEBUG] TransportManager GetStatus get task status:2359258298030 [878,891][transport_manager.cpp:721,GetStatus]
[2026-08-24 19:21:49.921895][UC][I] [METRIC DEBUG] TransportManager GetStatus return:2359258298032 [878,891][transport_manager.cpp:746,GetStatus]
[2026-08-24 19:21:49.921898][UC][I] [METRIC DEBUG] TransportManager GetStatus START:2359258298035 [878,891][transport_manager.cpp:706,GetStatus]
[2026-08-24 19:21:49.921901][UC][I] [METRIC DEBUG] TransportManager GetStatus get record:2359258298038 [878,891][transport_manager.cpp:718,GetStatus]
[2026-08-24 19:21:49.921904][UC][I] [METRIC DEBUG] HIXL transport GetStatus START:2359258298041 [878,891][hixl_transport.cpp:701,GetStatus]
[2026-08-24 19:21:49.921906][UC][I] [METRIC DEBUG] HIXL transport GetStatus get lifecycle_lock:2359258298043 [878,891][hixl_transport.cpp:709,GetStatus]
[2026-08-24 19:21:49.921908][UC][I] [METRIC DEBUG] HIXL transport GetStatus get pending_mutex_:2359258298045 [878,891][hixl_transport.cpp:721,GetStatus]
[2026-08-24 19:21:49.921911][UC][I] [METRIC DEBUG] HIXL instance GetTransferStatus START:2359258298048 [878,891][hixl_instance.cpp:326,GetTransferStatus]
[2026-08-24 19:21:49.921919][UC][I] [METRIC DEBUG] HIXL instance GetTransferStatus RUN:2359258298056 [878,916][hixl_instance.cpp:331,operator()]
[2026-08-24 19:21:49.921930][UC][I] [METRIC DEBUG] HIXL transport GetStatus get task status:2359258298066 [878,891][hixl_transport.cpp:725,GetStatus]
[2026-08-24 19:21:49.921934][UC][I] [METRIC DEBUG] HIXL transport GetStatus return:2359258298071 [878,891][hixl_transport.cpp:740,GetStatus]
[2026-08-24 19:21:49.921937][UC][I] [METRIC DEBUG] TransportManager GetStatus get task status:2359258298074 [878,891][transport_manager.cpp:721,GetStatus]
[2026-08-24 19:21:49.921940][UC][I] [METRIC DEBUG] TransportManager GetStatus return:2359258298077 [878,891][transport_manager.cpp:746,GetStatus]
[2026-08-24 19:21:49.921943][UC][I] [METRIC DEBUG] TransportManager GetStatus START:2359258298080 [878,891][transport_manager.cpp:706,GetStatus]
[2026-08-24 19:21:49.921946][UC][I] [METRIC DEBUG] TransportManager GetStatus get record:2359258298083 [878,891][transport_manager.cpp:718,GetStatus]
[2026-08-24 19:21:49.921949][UC][I] [METRIC DEBUG] HIXL transport GetStatus START:2359258298085 [878,891][hixl_transport.cpp:701,GetStatus]
[2026-08-24 19:21:49.921951][UC][I] [METRIC DEBUG] HIXL transport GetStatus get lifecycle_lock:2359258298088 [878,891][hixl_transport.cpp:709,GetStatus]
[2026-08-24 19:21:49.921954][UC][I] [METRIC DEBUG] HIXL transport GetStatus get pending_mutex_:2359258298091 [878,891][hixl_transport.cpp:721,GetStatus]
[2026-08-24 19:21:49.921957][UC][I] [METRIC DEBUG] HIXL instance GetTransferStatus START:2359258298094 [878,891][hixl_instance.cpp:326,GetTransferStatus]
[2026-08-24 19:21:49.921965][UC][I] [METRIC DEBUG] HIXL instance GetTransferStatus RUN:2359258298101 [878,916][hixl_instance.cpp:331,operator()]
[2026-08-24 19:21:49.921980][UC][I] [METRIC DEBUG] HIXL transport GetStatus get task status:2359258298117 [878,891][hixl_transport.cpp:725,GetStatus]
[2026-08-24 19:21:49.921985][UC][I] [METRIC DEBUG] HIXL transport GetStatus return:2359258298122 [878,891][hixl_transport.cpp:740,GetStatus]
[2026-08-24 19:21:49.921987][UC][I] [METRIC DEBUG] TransportManager GetStatus get task status:2359258298124 [878,891][transport_manager.cpp:721,GetStatus]
[2026-08-24 19:21:49.921990][UC][I] [METRIC DEBUG] TransportManager GetStatus return:2359258298127 [878,891][transport_manager.cpp:746,GetStatus]
[2026-08-24 19:21:49.921993][UC][I] [METRIC DEBUG] TransportManager GetStatus START:2359258298130 [878,891][transport_manager.cpp:706,GetStatus]
[2026-08-24 19:21:49.921996][UC][I] [METRIC DEBUG] TransportManager GetStatus get record:2359258298133 [878,891][transport_manager.cpp:718,GetStatus]
[2026-08-24 19:21:49.921999][UC][I] [METRIC DEBUG] HIXL transport GetStatus START:2359258298136 [878,891][hixl_transport.cpp:701,GetStatus]
[2026-08-24 19:21:49.922002][UC][I] [METRIC DEBUG] HIXL transport GetStatus get lifecycle_lock:2359258298138 [878,891][hixl_transport.cpp:709,GetStatus]
[2026-08-24 19:21:49.922005][UC][I] [METRIC DEBUG] HIXL transport GetStatus get pending_mutex_:2359258298141 [878,891][hixl_transport.cpp:721,GetStatus]
[2026-08-24 19:21:49.922007][UC][I] [METRIC DEBUG] HIXL instance GetTransferStatus START:2359258298144 [878,891][hixl_instance.cpp:326,GetTransferStatus]
[2026-08-24 19:21:49.922015][UC][I] [METRIC DEBUG] HIXL instance GetTransferStatus RUN:2359258298152 [878,916][hixl_instance.cpp:331,operator()]
[2026-08-24 19:21:49.922026][UC][I] [METRIC DEBUG] HIXL transport GetStatus get task status:2359258298162 [878,891][hixl_transport.cpp:725,GetStatus]
[2026-08-24 19:21:49.922031][UC][I] [METRIC DEBUG] HIXL transport GetStatus return:2359258298167 [878,891][hixl_transport.cpp:740,GetStatus]
[2026-08-24 19:21:49.922033][UC][I] [METRIC DEBUG] TransportManager GetStatus get task status:2359258298170 [878,891][transport_manager.cpp:721,GetStatus]
[2026-08-24 19:21:49.922036][UC][I] [METRIC DEBUG] TransportManager GetStatus return:2359258298173 [878,891][transport_manager.cpp:746,GetStatus]
[2026-08-24 19:21:49.922039][UC][I] [METRIC DEBUG] TransportManager GetStatus START:2359258298176 [878,891][transport_manager.cpp:706,GetStatus]
[2026-08-24 19:21:49.922042][UC][I] [METRIC DEBUG] TransportManager GetStatus get record:2359258298179 [878,891][transport_manager.cpp:718,GetStatus]
[2026-08-24 19:21:49.922044][UC][I] [METRIC DEBUG] HIXL transport GetStatus START:2359258298181 [878,891][hixl_transport.cpp:701,GetStatus]
[2026-08-24 19:21:49.922047][UC][I] [METRIC DEBUG] HIXL transport GetStatus get lifecycle_lock:2359258298184 [878,891][hixl_transport.cpp:709,GetStatus]
[2026-08-24 19:21:49.922050][UC][I] [METRIC DEBUG] HIXL transport GetStatus get pending_mutex_:2359258298187 [878,891][hixl_transport.cpp:721,GetStatus]
[2026-08-24 19:21:49.922053][UC][I] [METRIC DEBUG] HIXL instance GetTransferStatus START:2359258298189 [878,891][hixl_instance.cpp:326,GetTransferStatus]
[2026-08-24 19:21:49.922060][UC][I] [METRIC DEBUG] HIXL instance GetTransferStatus RUN:2359258298197 [878,916][hixl_instance.cpp:331,operator()]
[2026-08-24 19:21:49.922070][UC][I] [METRIC DEBUG] HIXL transport GetStatus get task status:2359258298207 [878,891][hixl_transport.cpp:725,GetStatus]
[2026-08-24 19:21:49.922076][UC][I] [METRIC DEBUG] HIXL transport GetStatus return:2359258298212 [878,891][hixl_transport.cpp:740,GetStatus]
[2026-08-24 19:21:49.922079][UC][I] [METRIC DEBUG] TransportManager GetStatus get task status:2359258298215 [878,891][transport_manager.cpp:721,GetStatus]
[2026-08-24 19:21:49.922081][UC][I] [METRIC DEBUG] TransportManager GetStatus return:2359258298218 [878,891][transport_manager.cpp:746,GetStatus]
[2026-08-24 19:21:49.922084][UC][I] [METRIC DEBUG] TransportManager GetStatus START:2359258298221 [878,891][transport_manager.cpp:706,GetStatus]
[2026-08-24 19:21:49.922087][UC][I] [METRIC DEBUG] TransportManager GetStatus get record:2359258298223 [878,891][transport_manager.cpp:718,GetStatus]
[2026-08-24 19:21:49.922094][UC][I] [METRIC DEBUG] HIXL transport GetStatus START:2359258298231 [878,891][hixl_transport.cpp:701,GetStatus]
[2026-08-24 19:21:49.922097][UC][I] [METRIC DEBUG] HIXL transport GetStatus get lifecycle_lock:2359258298234 [878,891][hixl_transport.cpp:709,GetStatus]
[2026-08-24 19:21:49.922100][UC][I] [METRIC DEBUG] HIXL transport GetStatus get pending_mutex_:2359258298237 [878,891][hixl_transport.cpp:721,GetStatus]
[2026-08-24 19:21:49.922103][UC][I] [METRIC DEBUG] HIXL instance GetTransferStatus START:2359258298240 [878,891][hixl_instance.cpp:326,GetTransferStatus]
[2026-08-24 19:21:49.922110][UC][I] [METRIC DEBUG] HIXL instance GetTransferStatus RUN:2359258298247 [878,916][hixl_instance.cpp:331,operator()]
[2026-08-24 19:21:49.922121][UC][I] [METRIC DEBUG] HIXL transport GetStatus get task status:2359258298258 [878,891][hixl_transport.cpp:725,GetStatus]
[2026-08-24 19:21:49.922127][UC][I] [METRIC DEBUG] HIXL transport GetStatus return:2359258298263 [878,891][hixl_transport.cpp:740,GetStatus]
[2026-08-24 19:21:49.922130][UC][I] [METRIC DEBUG] TransportManager GetStatus get task status:2359258298267 [878,891][transport_manager.cpp:721,GetStatus]
[2026-08-24 19:21:49.922132][UC][I] [METRIC DEBUG] TransportManager GetStatus return:2359258298269 [878,891][transport_manager.cpp:746,GetStatus]
[2026-08-24 19:21:49.922135][UC][I] [METRIC DEBUG] TransportManager GetStatus START:2359258298272 [878,891][transport_manager.cpp:706,GetStatus]
[2026-08-24 19:21:49.922138][UC][I] [METRIC DEBUG] TransportManager GetStatus get record:2359258298275 [878,891][transport_manager.cpp:718,GetStatus]
[2026-08-24 19:21:49.922140][UC][I] [METRIC DEBUG] HIXL transport GetStatus START:2359258298277 [878,891][hixl_transport.cpp:701,GetStatus]
[2026-08-24 19:21:49.922143][UC][I] [METRIC DEBUG] HIXL transport GetStatus get lifecycle_lock:2359258298280 [878,891][hixl_transport.cpp:709,GetStatus]
[2026-08-24 19:21:49.922146][UC][I] [METRIC DEBUG] HIXL transport GetStatus get pending_mutex_:2359258298283 [878,891][hixl_transport.cpp:721,GetStatus]
[2026-08-24 19:21:49.922148][UC][I] [METRIC DEBUG] HIXL instance GetTransferStatus START:2359258298285 [878,891][hixl_instance.cpp:326,GetTransferStatus]
[2026-08-24 19:21:49.922156][UC][I] [METRIC DEBUG] HIXL instance GetTransferStatus RUN:2359258298292 [878,916][hixl_instance.cpp:331,operator()]
[2026-08-24 19:21:49.922166][UC][I] [METRIC DEBUG] HIXL transport GetStatus get task status:2359258298302 [878,891][hixl_transport.cpp:725,GetStatus]
[2026-08-24 19:21:49.922171][UC][I] [METRIC DEBUG] HIXL transport GetStatus return:2359258298308 [878,891][hixl_transport.cpp:740,GetStatus]
[2026-08-24 19:21:49.922174][UC][I] [METRIC DEBUG] TransportManager GetStatus get task status:2359258298311 [878,891][transport_manager.cpp:721,GetStatus]
[2026-08-24 19:21:49.922177][UC][I] [METRIC DEBUG] TransportManager GetStatus return:2359258298314 [878,891][transport_manager.cpp:746,GetStatus]
[2026-08-24 19:21:49.922180][UC][I] [METRIC DEBUG] TransportManager GetStatus START:2359258298317 [878,891][transport_manager.cpp:706,GetStatus]
[2026-08-24 19:21:49.922183][UC][I] [METRIC DEBUG] TransportManager GetStatus get record:2359258298320 [878,891][transport_manager.cpp:718,GetStatus]
[2026-08-24 19:21:49.922185][UC][I] [METRIC DEBUG] HIXL transport GetStatus START:2359258298322 [878,891][hixl_transport.cpp:701,GetStatus]
[2026-08-24 19:21:49.922188][UC][I] [METRIC DEBUG] HIXL transport GetStatus get lifecycle_lock:2359258298324 [878,891][hixl_transport.cpp:709,GetStatus]
[2026-08-24 19:21:49.922190][UC][I] [METRIC DEBUG] HIXL transport GetStatus get pending_mutex_:2359258298327 [878,891][hixl_transport.cpp:721,GetStatus]
[2026-08-24 19:21:49.922193][UC][I] [METRIC DEBUG] HIXL instance GetTransferStatus START:2359258298330 [878,891][hixl_instance.cpp:326,GetTransferStatus]
[2026-08-24 19:21:49.922201][UC][I] [METRIC DEBUG] HIXL instance GetTransferStatus RUN:2359258298337 [878,916][hixl_instance.cpp:331,operator()]
[2026-08-24 19:21:49.922211][UC][I] [METRIC DEBUG] HIXL transport GetStatus get task status:2359258298347 [878,891][hixl_transport.cpp:725,GetStatus]
[2026-08-24 19:21:49.922221][UC][I] [METRIC DEBUG] HIXL transport GetStatus return:2359258298357 [878,891][hixl_transport.cpp:740,GetStatus]
[2026-08-24 19:21:49.922224][UC][I] [METRIC DEBUG] TransportManager GetStatus get task status:2359258298361 [878,891][transport_manager.cpp:721,GetStatus]
[2026-08-24 19:21:49.922227][UC][I] [METRIC DEBUG] TransportManager GetStatus return:2359258298363 [878,891][transport_manager.cpp:746,GetStatus]
[2026-08-24 19:21:49.922229][UC][I] [METRIC DEBUG] TransportManager GetStatus START:2359258298366 [878,891][transport_manager.cpp:706,GetStatus]
[2026-08-24 19:21:49.922232][UC][I] [METRIC DEBUG] TransportManager GetStatus get record:2359258298369 [878,891][transport_manager.cpp:718,GetStatus]
[2026-08-24 19:21:49.922234][UC][I] [METRIC DEBUG] HIXL transport GetStatus START:2359258298371 [878,891][hixl_transport.cpp:701,GetStatus]
[2026-08-24 19:21:49.922237][UC][I] [METRIC DEBUG] HIXL transport GetStatus get lifecycle_lock:2359258298374 [878,891][hixl_transport.cpp:709,GetStatus]
[2026-08-24 19:21:49.922239][UC][I] [METRIC DEBUG] HIXL transport GetStatus get pending_mutex_:2359258298376 [878,891][hixl_transport.cpp:721,GetStatus]
[2026-08-24 19:21:49.922242][UC][I] [METRIC DEBUG] HIXL instance GetTransferStatus START:2359258298379 [878,891][hixl_instance.cpp:326,GetTransferStatus]
[2026-08-24 19:21:49.922250][UC][I] [METRIC DEBUG] HIXL instance GetTransferStatus RUN:2359258298386 [878,916][hixl_instance.cpp:331,operator()]
[2026-08-24 19:21:49.922261][UC][I] [METRIC DEBUG] HIXL transport GetStatus get task status:2359258298397 [878,891][hixl_transport.cpp:725,GetStatus]
[2026-08-24 19:21:49.922266][UC][I] [METRIC DEBUG] HIXL transport GetStatus return:2359258298403 [878,891][hixl_transport.cpp:740,GetStatus]
[2026-08-24 19:21:49.922269][UC][I] [METRIC DEBUG] TransportManager GetStatus get task status:2359258298405 [878,891][transport_manager.cpp:721,GetStatus]
[2026-08-24 19:21:49.922271][UC][I] [METRIC DEBUG] TransportManager GetStatus return:2359258298408 [878,891][transport_manager.cpp:746,GetStatus]
[2026-08-24 19:21:49.922274][UC][I] [METRIC DEBUG] TransportManager GetStatus START:2359258298411 [878,891][transport_manager.cpp:706,GetStatus]
[2026-08-24 19:21:49.922277][UC][I] [METRIC DEBUG] TransportManager GetStatus get record:2359258298414 [878,891][transport_manager.cpp:718,GetStatus]
[2026-08-24 19:21:49.922279][UC][I] [METRIC DEBUG] HIXL transport GetStatus START:2359258298416 [878,891][hixl_transport.cpp:701,GetStatus]
[2026-08-24 19:21:49.922282][UC][I] [METRIC DEBUG] HIXL transport GetStatus get lifecycle_lock:2359258298419 [878,891][hixl_transport.cpp:709,GetStatus]
[2026-08-24 19:21:49.922285][UC][I] [METRIC DEBUG] HIXL transport GetStatus get pending_mutex_:2359258298422 [878,891][hixl_transport.cpp:721,GetStatus]
[2026-08-24 19:21:49.922288][UC][I] [METRIC DEBUG] HIXL instance GetTransferStatus START:2359258298424 [878,891][hixl_instance.cpp:326,GetTransferStatus]
[2026-08-24 19:21:49.922295][UC][I] [METRIC DEBUG] HIXL instance GetTransferStatus RUN:2359258298432 [878,916][hixl_instance.cpp:331,operator()]
[2026-08-24 19:21:49.922305][UC][I] [METRIC DEBUG] HIXL transport GetStatus get task status:2359258298442 [878,891][hixl_transport.cpp:725,GetStatus]
[2026-08-24 19:21:49.922310][UC][I] [METRIC DEBUG] HIXL transport GetStatus return:2359258298447 [878,891][hixl_transport.cpp:740,GetStatus]
[2026-08-24 19:21:49.922313][UC][I] [METRIC DEBUG] TransportManager GetStatus get task status:2359258298449 [878,891][transport_manager.cpp:721,GetStatus]
[2026-08-24 19:21:49.922315][UC][I] [METRIC DEBUG] TransportManager GetStatus return:2359258298452 [878,891][transport_manager.cpp:746,GetStatus]
[2026-08-24 19:21:49.922318][UC][I] [METRIC DEBUG] TransportManager GetStatus START:2359258298455 [878,891][transport_manager.cpp:706,GetStatus]
[2026-08-24 19:21:49.922321][UC][I] [METRIC DEBUG] TransportManager GetStatus get record:2359258298458 [878,891][transport_manager.cpp:718,GetStatus]
[2026-08-24 19:21:49.922328][UC][I] [METRIC DEBUG] HIXL transport GetStatus START:2359258298465 [878,891][hixl_transport.cpp:701,GetStatus]
[2026-08-24 19:21:49.922332][UC][I] [METRIC DEBUG] HIXL transport GetStatus get lifecycle_lock:2359258298469 [878,891][hixl_transport.cpp:709,GetStatus]
[2026-08-24 19:21:49.922334][UC][I] [METRIC DEBUG] HIXL transport GetStatus get pending_mutex_:2359258298471 [878,891][hixl_transport.cpp:721,GetStatus]
[2026-08-24 19:21:49.922337][UC][I] [METRIC DEBUG] HIXL instance GetTransferStatus START:2359258298474 [878,891][hixl_instance.cpp:326,GetTransferStatus]
[2026-08-24 19:21:49.922345][UC][I] [METRIC DEBUG] HIXL instance GetTransferStatus RUN:2359258298481 [878,916][hixl_instance.cpp:331,operator()]
[2026-08-24 19:21:49.922355][UC][I] [METRIC DEBUG] HIXL transport GetStatus get task status:2359258298492 [878,891][hixl_transport.cpp:725,GetStatus]
[2026-08-24 19:21:49.922360][UC][I] [METRIC DEBUG] HIXL transport GetStatus return:2359258298497 [878,891][hixl_transport.cpp:740,GetStatus]
[2026-08-24 19:21:49.922363][UC][I] [METRIC DEBUG] TransportManager GetStatus get task status:2359258298500 [878,891][transport_manager.cpp:721,GetStatus]
[2026-08-24 19:21:49.922365][UC][I] [METRIC DEBUG] TransportManager GetStatus return:2359258298502 [878,891][transport_manager.cpp:746,GetStatus]
[2026-08-24 19:21:49.922369][UC][I] [METRIC DEBUG] TransportManager GetStatus START:2359258298506 [878,891][transport_manager.cpp:706,GetStatus]
[2026-08-24 19:21:49.922372][UC][I] [METRIC DEBUG] TransportManager GetStatus get record:2359258298509 [878,891][transport_manager.cpp:718,GetStatus]
[2026-08-24 19:21:49.922374][UC][I] [METRIC DEBUG] HIXL transport GetStatus START:2359258298511 [878,891][hixl_transport.cpp:701,GetStatus]
[2026-08-24 19:21:49.922377][UC][I] [METRIC DEBUG] HIXL transport GetStatus get lifecycle_lock:2359258298514 [878,891][hixl_transport.cpp:709,GetStatus]
[2026-08-24 19:21:49.922379][UC][I] [METRIC DEBUG] HIXL transport GetStatus get pending_mutex_:2359258298516 [878,891][hixl_transport.cpp:721,GetStatus]
[2026-08-24 19:21:49.922382][UC][I] [METRIC DEBUG] HIXL instance GetTransferStatus START:2359258298519 [878,891][hixl_instance.cpp:326,GetTransferStatus]
[2026-08-24 19:21:49.922390][UC][I] [METRIC DEBUG] HIXL instance GetTransferStatus RUN:2359258298526 [878,916][hixl_instance.cpp:331,operator()]
[2026-08-24 19:21:49.922400][UC][I] [METRIC DEBUG] HIXL transport GetStatus get task status:2359258298536 [878,891][hixl_transport.cpp:725,GetStatus]
[2026-08-24 19:21:49.922405][UC][I] [METRIC DEBUG] HIXL transport GetStatus return:2359258298542 [878,891][hixl_transport.cpp:740,GetStatus]
[2026-08-24 19:21:49.922408][UC][I] [METRIC DEBUG] TransportManager GetStatus get task status:2359258298545 [878,891][transport_manager.cpp:721,GetStatus]
[2026-08-24 19:21:49.922411][UC][I] [METRIC DEBUG] TransportManager GetStatus return:2359258298547 [878,891][transport_manager.cpp:746,GetStatus]
[2026-08-24 19:21:49.922414][UC][I] [METRIC DEBUG] TransportManager GetStatus START:2359258298550 [878,891][transport_manager.cpp:706,GetStatus]
[2026-08-24 19:21:49.922416][UC][I] [METRIC DEBUG] TransportManager GetStatus get record:2359258298553 [878,891][transport_manager.cpp:718,GetStatus]
[2026-08-24 19:21:49.922419][UC][I] [METRIC DEBUG] HIXL transport GetStatus START:2359258298556 [878,891][hixl_transport.cpp:701,GetStatus]
[2026-08-24 19:21:49.922421][UC][I] [METRIC DEBUG] HIXL transport GetStatus get lifecycle_lock:2359258298558 [878,891][hixl_transport.cpp:709,GetStatus]
[2026-08-24 19:21:49.922424][UC][I] [METRIC DEBUG] HIXL transport GetStatus get pending_mutex_:2359258298561 [878,891][hixl_transport.cpp:721,GetStatus]
[2026-08-24 19:21:49.922427][UC][I] [METRIC DEBUG] HIXL instance GetTransferStatus START:2359258298564 [878,891][hixl_instance.cpp:326,GetTransferStatus]
[2026-08-24 19:21:49.922435][UC][I] [METRIC DEBUG] HIXL instance GetTransferStatus RUN:2359258298571 [878,916][hixl_instance.cpp:331,operator()]
[2026-08-24 19:21:49.922444][UC][I] [METRIC DEBUG] HIXL transport GetStatus get task status:2359258298581 [878,891][hixl_transport.cpp:725,GetStatus]
[2026-08-24 19:21:49.922455][UC][I] [METRIC DEBUG] HIXL transport GetStatus return:2359258298592 [878,891][hixl_transport.cpp:740,GetStatus]
[2026-08-24 19:21:49.922458][UC][I] [METRIC DEBUG] TransportManager GetStatus get task status:2359258298595 [878,891][transport_manager.cpp:721,GetStatus]
[2026-08-24 19:21:49.922461][UC][I] [METRIC DEBUG] TransportManager GetStatus return:2359258298598 [878,891][transport_manager.cpp:746,GetStatus]
[2026-08-24 19:21:49.922464][UC][I] [METRIC DEBUG] TransportManager GetStatus START:2359258298601 [878,891][transport_manager.cpp:706,GetStatus]
[2026-08-24 19:21:49.922466][UC][I] [METRIC DEBUG] TransportManager GetStatus get record:2359258298603 [878,891][transport_manager.cpp:718,GetStatus]
[2026-08-24 19:21:49.922469][UC][I] [METRIC DEBUG] HIXL transport GetStatus START:2359258298606 [878,891][hixl_transport.cpp:701,GetStatus]
[2026-08-24 19:21:49.922472][UC][I] [METRIC DEBUG] HIXL transport GetStatus get lifecycle_lock:2359258298609 [878,891][hixl_transport.cpp:709,GetStatus]
[2026-08-24 19:21:49.922475][UC][I] [METRIC DEBUG] HIXL transport GetStatus get pending_mutex_:2359258298612 [878,891][hixl_transport.cpp:721,GetStatus]
[2026-08-24 19:21:49.922478][UC][I] [METRIC DEBUG] HIXL instance GetTransferStatus START:2359258298614 [878,891][hixl_instance.cpp:326,GetTransferStatus]
[2026-08-24 19:21:49.922485][UC][I] [METRIC DEBUG] HIXL instance GetTransferStatus RUN:2359258298622 [878,916][hixl_instance.cpp:331,operator()]
[2026-08-24 19:21:49.922507][UC][I] [METRIC DEBUG] HIXL transport GetStatus get task status:2359258298643 [878,891][hixl_transport.cpp:725,GetStatus]
[2026-08-24 19:21:49.922513][UC][I] [METRIC DEBUG] HIXL transport GetStatus return:2359258298650 [878,891][hixl_transport.cpp:740,GetStatus]
[2026-08-24 19:21:49.922516][UC][I] [METRIC DEBUG] TransportManager GetStatus get task status:2359258298653 [878,891][transport_manager.cpp:721,GetStatus]
[2026-08-24 19:21:49.922521][UC][I] [PERF] component=transport event=transfer_done manager=127.0.0.1:8000 target=127.0.0.1:4501 handle=2 transport_handle=2 opcode=0 direct=2 segments=108 bytes=7962624 status=1 api_status=0 submitted_ts_us=1787570509921343 completed_ts_us=1787570509922518 manager_get_status_ts_us=1787570509922463 backend_query_ts_us=1787570509922490 submit_us=2758 transfer_us=1175 manager_to_backend_query_us=21 total_us=3933 [878,891][transport_manager.cpp:725,GetStatus]
[2026-08-24 19:21:49.922525][UC][I] [METRIC DEBUG] TransportManager GetStatus return:2359258298661 [878,891][transport_manager.cpp:746,GetStatus]
[2026-08-24 19:21:49.922602][UC][I] [METRIC DEBUG] TransportManager ExecuteAsync START:2359258298738 [878,891][transport_manager.cpp:640,ExecuteAsync]
[2026-08-24 19:21:49.922612][UC][I] [METRIC DEBUG] TransportManager ExecuteAsync find transport:2359258298749 [878,891][transport_manager.cpp:645,ExecuteAsync]
[2026-08-24 19:21:49.922616][UC][I] [METRIC DEBUG] HIXL transport ExecuteAsync START:2359258298752 [878,891][hixl_transport.cpp:627,ExecuteAsync]
[2026-08-24 19:21:49.922618][UC][I] [METRIC DEBUG] HIXL transport ExecuteAsync get lifecycle_lock:2359258298755 [878,891][hixl_transport.cpp:629,ExecuteAsync]
[2026-08-24 19:21:49.922625][UC][I] [METRIC DEBUG] HIXL transport ExecuteAsync get peer route:2359258298761 [878,891][hixl_transport.cpp:659,ExecuteAsync]
[2026-08-24 19:21:49.922630][UC][I] [METRIC DEBUG] HIXL transport ExecuteAsync validate memory:2359258298766 [878,891][hixl_transport.cpp:671,ExecuteAsync]
[2026-08-24 19:21:49.922633][UC][I] [METRIC DEBUG] HIXL instance TransferAsync START:2359258298770 [878,891][hixl_instance.cpp:283,TransferAsync]
[2026-08-24 19:21:49.922642][UC][I] [METRIC DEBUG] HIXL instance TransferAsync RUN:2359258298778 [878,916][hixl_instance.cpp:286,operator()]
[2026-08-24 19:21:49.922647][UC][I] [METRIC DEBUG] HIXL instance TransferAsync descriptors built:2359258298784 [878,916][hixl_instance.cpp:288,operator()]
[2026-08-24 19:21:49.922650][UC][I] [METRIC DEBUG] HIXL instance TransferAsync native call begin:2359258298787 [878,916][hixl_instance.cpp:296,operator()]
[2026-08-24 19:21:49.922804][UC][I] [METRIC DEBUG] HIXL instance TransferAsync native call returned:2359258298940 [878,916][hixl_instance.cpp:300,operator()]
[2026-08-24 19:21:49.922818][UC][I] [METRIC DEBUG] HIXL instance TransferAsync Run returned:2359258298954 [878,891][hixl_instance.cpp:316,TransferAsync]
[2026-08-24 19:21:49.922824][UC][I] [METRIC DEBUG] HIXL instance TransferAsync return:2359258298960 [878,891][hixl_instance.cpp:318,TransferAsync]
[2026-08-24 19:21:49.922827][UC][I] [METRIC DEBUG] HIXL transport ExecuteAsync instance returned:2359258298963 [878,891][hixl_transport.cpp:677,ExecuteAsync]
[2026-08-24 19:21:49.922830][UC][I] [METRIC DEBUG] HIXL transport ExecuteAsync pending inserted:2359258298967 [878,891][hixl_transport.cpp:687,ExecuteAsync]
[2026-08-24 19:21:49.922834][UC][I] [METRIC DEBUG] HIXL transport ExecuteAsync return:2359258298971 [878,891][hixl_transport.cpp:694,ExecuteAsync]
[2026-08-24 19:21:49.922837][UC][I] [METRIC DEBUG] TransportManager ExecuteAsync backend returned:2359258298974 [878,891][transport_manager.cpp:658,ExecuteAsync]
[2026-08-24 19:21:49.922841][UC][I] [METRIC DEBUG] TransportManager ExecuteAsync record inserted:2359258298977 [878,891][transport_manager.cpp:679,ExecuteAsync]
[2026-08-24 19:21:49.922844][UC][I] [PERF] component=transport event=transfer_submitted manager=127.0.0.1:8000 target=127.0.0.1:4501 handle=3 transport_handle=3 opcode=1 direct=2 segments=1 bytes=63 submitted_ts_us=1787570509922840 manager_execute_async_ts_us=1787570509922601 backend_execute_async_ts_us=1787570509922650 manager_to_backend_execute_async_us=49 submit_us=226 [878,891][transport_manager.cpp:681,ExecuteAsync]
[2026-08-24 19:21:49.922848][UC][I] [METRIC DEBUG] TransportManager ExecuteAsync return:2359258298985 [878,891][transport_manager.cpp:694,ExecuteAsync]
[2026-08-24 19:21:49.922852][UC][I] [METRIC DEBUG] TransportManager GetStatus START:2359258298989 [878,891][transport_manager.cpp:706,GetStatus]
[2026-08-24 19:21:49.922855][UC][I] [METRIC DEBUG] TransportManager GetStatus get record:2359258298991 [878,891][transport_manager.cpp:718,GetStatus]
[2026-08-24 19:21:49.922857][UC][I] [METRIC DEBUG] HIXL transport GetStatus START:2359258298994 [878,891][hixl_transport.cpp:701,GetStatus]
[2026-08-24 19:21:49.922860][UC][I] [METRIC DEBUG] HIXL transport GetStatus get lifecycle_lock:2359258298997 [878,891][hixl_transport.cpp:709,GetStatus]
[2026-08-24 19:21:49.922863][UC][I] [METRIC DEBUG] HIXL transport GetStatus get pending_mutex_:2359258299000 [878,891][hixl_transport.cpp:721,GetStatus]
[2026-08-24 19:21:49.922866][UC][I] [METRIC DEBUG] HIXL instance GetTransferStatus START:2359258299003 [878,891][hixl_instance.cpp:326,GetTransferStatus]
[2026-08-24 19:21:49.922875][UC][I] [METRIC DEBUG] HIXL instance GetTransferStatus RUN:2359258299011 [878,916][hixl_instance.cpp:331,operator()]
[2026-08-24 19:21:49.922891][UC][I] [METRIC DEBUG] HIXL transport GetStatus get task status:2359258299028 [878,891][hixl_transport.cpp:725,GetStatus]
[2026-08-24 19:21:49.922897][UC][I] [METRIC DEBUG] HIXL transport GetStatus return:2359258299034 [878,891][hixl_transport.cpp:740,GetStatus]
[2026-08-24 19:21:49.922900][UC][I] [METRIC DEBUG] TransportManager GetStatus get task status:2359258299037 [878,891][transport_manager.cpp:721,GetStatus]
[2026-08-24 19:21:49.922904][UC][I] [PERF] component=transport event=transfer_done manager=127.0.0.1:8000 target=127.0.0.1:4501 handle=3 transport_handle=3 opcode=1 direct=2 segments=1 bytes=63 status=1 api_status=0 submitted_ts_us=1787570509922840 completed_ts_us=1787570509922902 manager_get_status_ts_us=1787570509922851 backend_query_ts_us=1787570509922880 submit_us=226 transfer_us=63 manager_to_backend_query_us=22 total_us=289 [878,891][transport_manager.cpp:725,GetStatus]
[2026-08-24 19:21:49.922908][UC][I] [METRIC DEBUG] TransportManager GetStatus return:2359258299044 [878,891][transport_manager.cpp:746,GetStatus]
[2026-08-24 19:21:49.922914][UC][I] [PERF] component=drampool event=request_done request_id=1 opcode=1 peer=127.0.0.1:4501 batch_size=108 data_bytes=7962624 failed_items=0 status=SUCCESS failed_stage=NONE received_ts_us=1787570509918130 worker_started_ts_us=1787570509918263 data_transfer_submitted_ts_us=1787570509921388 data_transfer_completed_ts_us=1787570509922528 response_submitted_ts_us=1787570509922850 completed_ts_us=1787570509922911 data_tm_execute_async_ts_us=1787570509918498 data_hixl_execute_async_ts_us=1787570509918712 data_tm_get_status_ts_us=1787570509922463 data_hixl_query_handle_ts_us=1787570509922490 response_tm_execute_async_ts_us=1787570509922601 response_hixl_execute_async_ts_us=1787570509922650 response_tm_get_status_ts_us=1787570509922851 response_hixl_query_handle_ts_us=1787570509922880 request_queue_us=133 metadata_prepare_us=213 taskworker_prepare_us=3128 poller_queue_us=24 data_transfer_us=1140 metadata_settle_us=67 response_slot_wait_us=3 response_submit_us=252 response_transfer_us=60 data_tm_to_hixl_execute_async_us=215 data_tm_to_hixl_query_handle_us=21 response_tm_to_hixl_execute_async_us=49 response_tm_to_hixl_query_handle_us=22 total_us=4781 [878,891][completion_poller.cc:56,LogRequestDone]
[2026-08-24 19:22:01.330346][UC][I] [METRIC DEBUG] TransportManager ExecuteAsync START:2359269706482 [878,891][transport_manager.cpp:640,ExecuteAsync]
[2026-08-24 19:22:01.330394][UC][I] [METRIC DEBUG] TransportManager ExecuteAsync find transport:2359269706531 [878,891][transport_manager.cpp:645,ExecuteAsync]
[2026-08-24 19:22:01.330400][UC][I] [METRIC DEBUG] HIXL transport ExecuteAsync START:2359269706537 [878,891][hixl_transport.cpp:627,ExecuteAsync]
[2026-08-24 19:22:01.330404][UC][I] [METRIC DEBUG] HIXL transport ExecuteAsync get lifecycle_lock:2359269706540 [878,891][hixl_transport.cpp:629,ExecuteAsync]
[2026-08-24 19:22:01.330408][UC][I] [METRIC DEBUG] HIXL transport ExecuteAsync get peer route:2359269706545 [878,891][hixl_transport.cpp:659,ExecuteAsync]
[2026-08-24 19:22:01.330414][UC][I] [METRIC DEBUG] HIXL transport ExecuteAsync validate memory:2359269706551 [878,891][hixl_transport.cpp:671,ExecuteAsync]
[2026-08-24 19:22:01.330419][UC][I] [METRIC DEBUG] HIXL instance TransferAsync START:2359269706556 [878,891][hixl_instance.cpp:283,TransferAsync]
[2026-08-24 19:22:01.330443][UC][I] [METRIC DEBUG] HIXL instance TransferAsync RUN:2359269706574 [878,916][hixl_instance.cpp:286,operator()]
[2026-08-24 19:22:01.330467][UC][I] [METRIC DEBUG] HIXL instance TransferAsync descriptors built:2359269706603 [878,916][hixl_instance.cpp:288,operator()]
[2026-08-24 19:22:01.330473][UC][I] [METRIC DEBUG] HIXL instance TransferAsync native call begin:2359269706609 [878,916][hixl_instance.cpp:296,operator()]
[2026-08-24 19:22:01.330822][UC][I] [METRIC DEBUG] HIXL instance TransferAsync native call returned:2359269706958 [878,916][hixl_instance.cpp:300,operator()]
[2026-08-24 19:22:01.330844][UC][I] [METRIC DEBUG] HIXL instance TransferAsync Run returned:2359269706980 [878,891][hixl_instance.cpp:316,TransferAsync]
[2026-08-24 19:22:01.330850][UC][I] [METRIC DEBUG] HIXL instance TransferAsync return:2359269706986 [878,891][hixl_instance.cpp:318,TransferAsync]
[2026-08-24 19:22:01.330853][UC][I] [METRIC DEBUG] HIXL transport ExecuteAsync instance returned:2359269706990 [878,891][hixl_transport.cpp:677,ExecuteAsync]
[2026-08-24 19:22:01.330857][UC][I] [METRIC DEBUG] HIXL transport ExecuteAsync pending inserted:2359269706994 [878,891][hixl_transport.cpp:687,ExecuteAsync]
[2026-08-24 19:22:01.330861][UC][I] [METRIC DEBUG] HIXL transport ExecuteAsync return:2359269706998 [878,891][hixl_transport.cpp:694,ExecuteAsync]
[2026-08-24 19:22:01.330864][UC][I] [METRIC DEBUG] TransportManager ExecuteAsync backend returned:2359269707000 [878,891][transport_manager.cpp:658,ExecuteAsync]
[2026-08-24 19:22:01.330867][UC][I] [METRIC DEBUG] TransportManager ExecuteAsync record inserted:2359269707004 [878,891][transport_manager.cpp:679,ExecuteAsync]
[2026-08-24 19:22:01.330870][UC][I] [PERF] component=transport event=transfer_submitted manager=127.0.0.1:8000 target=127.0.0.1:4500 handle=4 transport_handle=4 opcode=1 direct=2 segments=1 bytes=10 submitted_ts_us=1787570521330866 manager_execute_async_ts_us=1787570521330345 backend_execute_async_ts_us=1787570521330472 manager_to_backend_execute_async_us=127 submit_us=467 [878,891][transport_manager.cpp:681,ExecuteAsync]
[2026-08-24 19:22:01.330889][UC][I] [METRIC DEBUG] TransportManager ExecuteAsync return:2359269707026 [878,891][transport_manager.cpp:694,ExecuteAsync]
[2026-08-24 19:22:01.330894][UC][I] [METRIC DEBUG] TransportManager GetStatus START:2359269707031 [878,891][transport_manager.cpp:706,GetStatus]
[2026-08-24 19:22:01.330897][UC][I] [METRIC DEBUG] TransportManager GetStatus get record:2359269707034 [878,891][transport_manager.cpp:718,GetStatus]
[2026-08-24 19:22:01.330900][UC][I] [METRIC DEBUG] HIXL transport GetStatus START:2359269707037 [878,891][hixl_transport.cpp:701,GetStatus]
[2026-08-24 19:22:01.330904][UC][I] [METRIC DEBUG] HIXL transport GetStatus get lifecycle_lock:2359269707040 [878,891][hixl_transport.cpp:709,GetStatus]
[2026-08-24 19:22:01.330906][UC][I] [METRIC DEBUG] HIXL transport GetStatus get pending_mutex_:2359269707043 [878,891][hixl_transport.cpp:721,GetStatus]
[2026-08-24 19:22:01.330909][UC][I] [METRIC DEBUG] HIXL instance GetTransferStatus START:2359269707046 [878,891][hixl_instance.cpp:326,GetTransferStatus]
[2026-08-24 19:22:01.330920][UC][I] [METRIC DEBUG] HIXL instance GetTransferStatus RUN:2359269707056 [878,916][hixl_instance.cpp:331,operator()]
[2026-08-24 19:22:01.330947][UC][I] [METRIC DEBUG] HIXL transport GetStatus get task status:2359269707083 [878,891][hixl_transport.cpp:725,GetStatus]
[2026-08-24 19:22:01.330953][UC][I] [METRIC DEBUG] HIXL transport GetStatus return:2359269707090 [878,891][hixl_transport.cpp:740,GetStatus]
[2026-08-24 19:22:01.330956][UC][I] [METRIC DEBUG] TransportManager GetStatus get task status:2359269707093 [878,891][transport_manager.cpp:721,GetStatus]
[2026-08-24 19:22:01.330962][UC][I] [PERF] component=transport event=transfer_done manager=127.0.0.1:8000 target=127.0.0.1:4500 handle=4 transport_handle=4 opcode=1 direct=2 segments=1 bytes=10 status=1 api_status=0 submitted_ts_us=1787570521330866 completed_ts_us=1787570521330960 manager_get_status_ts_us=1787570521330893 backend_query_ts_us=1787570521330925 submit_us=467 transfer_us=94 manager_to_backend_query_us=25 total_us=561 [878,891][transport_manager.cpp:725,GetStatus]
[2026-08-24 19:22:01.330967][UC][I] [METRIC DEBUG] TransportManager GetStatus return:2359269707104 [878,891][transport_manager.cpp:746,GetStatus]
[2026-08-24 19:22:01.330974][UC][I] [PERF] component=drampool event=request_done request_id=2 opcode=0 peer=127.0.0.1:4500 batch_size=2 data_bytes=0 failed_items=0 status=SUCCESS failed_stage=NONE received_ts_us=1787570521330091 worker_started_ts_us=1787570521330215 data_transfer_submitted_ts_us=0 data_transfer_completed_ts_us=0 response_submitted_ts_us=1787570521330892 completed_ts_us=1787570521330971 data_tm_execute_async_ts_us=0 data_hixl_execute_async_ts_us=0 data_tm_get_status_ts_us=0 data_hixl_query_handle_ts_us=0 response_tm_execute_async_ts_us=1787570521330345 response_hixl_execute_async_ts_us=1787570521330472 response_tm_get_status_ts_us=1787570521330893 response_hixl_query_handle_ts_us=1787570521330925 request_queue_us=123 metadata_prepare_us=3 taskworker_prepare_us=13 poller_queue_us=112 data_transfer_us=0 metadata_settle_us=0 response_slot_wait_us=116 response_submit_us=551 response_transfer_us=78 data_tm_to_hixl_execute_async_us=0 data_tm_to_hixl_query_handle_us=0 response_tm_to_hixl_execute_async_us=127 response_tm_to_hixl_query_handle_us=25 total_us=879 [878,891][completion_poller.cc:56,LogRequestDone]
[2026-08-24 19:22:01.334744][UC][I] [METRIC DEBUG] TransportManager ExecuteAsync START:2359269710880 [878,892][transport_manager.cpp:640,ExecuteAsync]
[2026-08-24 19:22:01.334803][UC][I] [METRIC DEBUG] TransportManager ExecuteAsync find transport:2359269710939 [878,892][transport_manager.cpp:645,ExecuteAsync]
[2026-08-24 19:22:01.334815][UC][I] [METRIC DEBUG] HIXL transport ExecuteAsync START:2359269710952 [878,892][hixl_transport.cpp:627,ExecuteAsync]
[2026-08-24 19:22:01.334844][UC][I] [METRIC DEBUG] HIXL transport ExecuteAsync get lifecycle_lock:2359269710980 [878,892][hixl_transport.cpp:629,ExecuteAsync]
[2026-08-24 19:22:01.334857][UC][I] [METRIC DEBUG] HIXL transport ExecuteAsync get peer route:2359269710994 [878,892][hixl_transport.cpp:659,ExecuteAsync]
[2026-08-24 19:22:01.334867][UC][I] [METRIC DEBUG] HIXL transport ExecuteAsync validate memory:2359269711003 [878,892][hixl_transport.cpp:671,ExecuteAsync]
[2026-08-24 19:22:01.334873][UC][I] [METRIC DEBUG] HIXL instance TransferAsync START:2359269711009 [878,892][hixl_instance.cpp:283,TransferAsync]
[2026-08-24 19:22:01.334897][UC][I] [METRIC DEBUG] HIXL instance TransferAsync RUN:2359269711032 [878,916][hixl_instance.cpp:286,operator()]
[2026-08-24 19:22:01.334912][UC][I] [METRIC DEBUG] HIXL instance TransferAsync descriptors built:2359269711049 [878,916][hixl_instance.cpp:288,operator()]
[2026-08-24 19:22:01.334916][UC][I] [METRIC DEBUG] HIXL instance TransferAsync native call begin:2359269711053 [878,916][hixl_instance.cpp:296,operator()]
[2026-08-24 19:22:01.335154][UC][I] [METRIC DEBUG] HIXL instance TransferAsync native call returned:2359269711290 [878,916][hixl_instance.cpp:300,operator()]
[2026-08-24 19:22:01.335181][UC][I] [METRIC DEBUG] HIXL instance TransferAsync Run returned:2359269711316 [878,892][hixl_instance.cpp:316,TransferAsync]
[2026-08-24 19:22:01.335200][UC][I] [METRIC DEBUG] HIXL instance TransferAsync return:2359269711337 [878,892][hixl_instance.cpp:318,TransferAsync]
[2026-08-24 19:22:01.335204][UC][I] [METRIC DEBUG] HIXL transport ExecuteAsync instance returned:2359269711341 [878,892][hixl_transport.cpp:677,ExecuteAsync]
[2026-08-24 19:22:01.335207][UC][I] [METRIC DEBUG] HIXL transport ExecuteAsync pending inserted:2359269711344 [878,892][hixl_transport.cpp:687,ExecuteAsync]
[2026-08-24 19:22:01.335212][UC][I] [METRIC DEBUG] HIXL transport ExecuteAsync return:2359269711349 [878,892][hixl_transport.cpp:694,ExecuteAsync]
[2026-08-24 19:22:01.335216][UC][I] [METRIC DEBUG] TransportManager ExecuteAsync backend returned:2359269711352 [878,892][transport_manager.cpp:658,ExecuteAsync]
[2026-08-24 19:22:01.335221][UC][I] [METRIC DEBUG] TransportManager ExecuteAsync record inserted:2359269711357 [878,892][transport_manager.cpp:679,ExecuteAsync]
[2026-08-24 19:22:01.335225][UC][I] [PERF] component=transport event=transfer_submitted manager=127.0.0.1:8000 target=127.0.0.1:4501 handle=5 transport_handle=5 opcode=1 direct=2 segments=108 bytes=7962624 submitted_ts_us=1787570521335219 manager_execute_async_ts_us=1787570521334742 backend_execute_async_ts_us=1787570521334916 manager_to_backend_execute_async_us=174 submit_us=405 [878,892][transport_manager.cpp:681,ExecuteAsync]
[2026-08-24 19:22:01.335228][UC][I] [METRIC DEBUG] TransportManager ExecuteAsync return:2359269711365 [878,892][transport_manager.cpp:694,ExecuteAsync]
[2026-08-24 19:22:01.335256][UC][I] [METRIC DEBUG] TransportManager GetStatus START:2359269711392 [878,891][transport_manager.cpp:706,GetStatus]
[2026-08-24 19:22:01.335265][UC][I] [METRIC DEBUG] TransportManager ExecuteAsync START:2359269711402 [878,892][transport_manager.cpp:640,ExecuteAsync]
[2026-08-24 19:22:01.335277][UC][I] [METRIC DEBUG] TransportManager GetStatus get record:2359269711412 [878,891][transport_manager.cpp:718,GetStatus]
[2026-08-24 19:22:01.335297][UC][I] [METRIC DEBUG] TransportManager ExecuteAsync find transport:2359269711433 [878,892][transport_manager.cpp:645,ExecuteAsync]
[2026-08-24 19:22:01.335315][UC][I] [METRIC DEBUG] HIXL transport GetStatus START:2359269711450 [878,891][hixl_transport.cpp:701,GetStatus]
[2026-08-24 19:22:01.335331][UC][I] [METRIC DEBUG] HIXL transport ExecuteAsync START:2359269711466 [878,892][hixl_transport.cpp:627,ExecuteAsync]
[2026-08-24 19:22:01.335349][UC][I] [METRIC DEBUG] HIXL transport GetStatus get lifecycle_lock:2359269711485 [878,891][hixl_transport.cpp:709,GetStatus]
[2026-08-24 19:22:01.335367][UC][I] [METRIC DEBUG] HIXL transport ExecuteAsync get lifecycle_lock:2359269711502 [878,892][hixl_transport.cpp:629,ExecuteAsync]
[2026-08-24 19:22:01.335391][UC][I] [METRIC DEBUG] HIXL transport GetStatus get pending_mutex_:2359269711526 [878,891][hixl_transport.cpp:721,GetStatus]
[2026-08-24 19:22:01.335430][UC][I] [METRIC DEBUG] HIXL instance GetTransferStatus START:2359269711566 [878,891][hixl_instance.cpp:326,GetTransferStatus]
[2026-08-24 19:22:01.335421][UC][I] [METRIC DEBUG] HIXL transport ExecuteAsync get peer route:2359269711556 [878,892][hixl_transport.cpp:659,ExecuteAsync]
[2026-08-24 19:22:01.335442][UC][I] [METRIC DEBUG] HIXL instance GetTransferStatus RUN:2359269711578 [878,916][hixl_instance.cpp:331,operator()]
[2026-08-24 19:22:01.335454][UC][I] [METRIC DEBUG] HIXL transport ExecuteAsync validate memory:2359269711589 [878,892][hixl_transport.cpp:671,ExecuteAsync]
[2026-08-24 19:22:01.335491][UC][I] [METRIC DEBUG] HIXL instance TransferAsync START:2359269711627 [878,892][hixl_instance.cpp:283,TransferAsync]
[2026-08-24 19:22:01.335481][UC][I] [METRIC DEBUG] HIXL transport GetStatus get task status:2359269711616 [878,891][hixl_transport.cpp:725,GetStatus]
[2026-08-24 19:22:01.335519][UC][I] [METRIC DEBUG] HIXL transport GetStatus return:2359269711656 [878,891][hixl_transport.cpp:740,GetStatus]
[2026-08-24 19:22:01.335523][UC][I] [METRIC DEBUG] TransportManager GetStatus get task status:2359269711659 [878,891][transport_manager.cpp:721,GetStatus]
[2026-08-24 19:22:01.335523][UC][I] [METRIC DEBUG] HIXL instance TransferAsync RUN:2359269711657 [878,895][hixl_instance.cpp:286,operator()]
[2026-08-24 19:22:01.335527][UC][I] [PERF] component=transport event=transfer_done manager=127.0.0.1:8000 target=127.0.0.1:4501 handle=5 transport_handle=5 opcode=1 direct=2 segments=108 bytes=7962624 status=1 api_status=0 submitted_ts_us=1787570521335219 completed_ts_us=1787570521335526 manager_get_status_ts_us=1787570521335254 backend_query_ts_us=1787570521335467 submit_us=405 transfer_us=307 manager_to_backend_query_us=186 total_us=712 [878,891][transport_manager.cpp:725,GetStatus]
[2026-08-24 19:22:01.335547][UC][I] [METRIC DEBUG] TransportManager GetStatus return:2359269711683 [878,891][transport_manager.cpp:746,GetStatus]
[2026-08-24 19:22:01.335548][UC][I] [METRIC DEBUG] HIXL instance TransferAsync descriptors built:2359269711684 [878,895][hixl_instance.cpp:288,operator()]
[2026-08-24 19:22:01.335559][UC][I] [METRIC DEBUG] HIXL instance TransferAsync native call begin:2359269711695 [878,895][hixl_instance.cpp:296,operator()]
[2026-08-24 19:22:01.335616][UC][I] [METRIC DEBUG] TransportManager ExecuteAsync START:2359269711752 [878,891][transport_manager.cpp:640,ExecuteAsync]
[2026-08-24 19:22:01.335623][UC][I] [METRIC DEBUG] TransportManager ExecuteAsync find transport:2359269711759 [878,891][transport_manager.cpp:645,ExecuteAsync]
[2026-08-24 19:22:01.335626][UC][I] [METRIC DEBUG] HIXL transport ExecuteAsync START:2359269711763 [878,891][hixl_transport.cpp:627,ExecuteAsync]
[2026-08-24 19:22:01.335629][UC][I] [METRIC DEBUG] HIXL transport ExecuteAsync get lifecycle_lock:2359269711766 [878,891][hixl_transport.cpp:629,ExecuteAsync]
[2026-08-24 19:22:01.335634][UC][I] [METRIC DEBUG] HIXL transport ExecuteAsync get peer route:2359269711771 [878,891][hixl_transport.cpp:659,ExecuteAsync]
[2026-08-24 19:22:01.335637][UC][I] [METRIC DEBUG] HIXL transport ExecuteAsync validate memory:2359269711774 [878,891][hixl_transport.cpp:671,ExecuteAsync]
[2026-08-24 19:22:01.335641][UC][I] [METRIC DEBUG] HIXL instance TransferAsync START:2359269711778 [878,891][hixl_instance.cpp:283,TransferAsync]
[2026-08-24 19:22:01.335650][UC][I] [METRIC DEBUG] HIXL instance TransferAsync RUN:2359269711787 [878,916][hixl_instance.cpp:286,operator()]
[2026-08-24 19:22:01.335656][UC][I] [METRIC DEBUG] HIXL instance TransferAsync descriptors built:2359269711793 [878,916][hixl_instance.cpp:288,operator()]
[2026-08-24 19:22:01.335660][UC][I] [METRIC DEBUG] HIXL instance TransferAsync native call begin:2359269711797 [878,916][hixl_instance.cpp:296,operator()]
[2026-08-24 19:22:01.335755][UC][I] [METRIC DEBUG] HIXL instance TransferAsync native call returned:2359269711891 [878,916][hixl_instance.cpp:300,operator()]
[2026-08-24 19:22:01.335781][UC][I] [METRIC DEBUG] HIXL instance TransferAsync Run returned:2359269711917 [878,891][hixl_instance.cpp:316,TransferAsync]
[2026-08-24 19:22:01.335786][UC][I] [METRIC DEBUG] HIXL instance TransferAsync return:2359269711923 [878,891][hixl_instance.cpp:318,TransferAsync]
[2026-08-24 19:22:01.335790][UC][I] [METRIC DEBUG] HIXL transport ExecuteAsync instance returned:2359269711926 [878,891][hixl_transport.cpp:677,ExecuteAsync]
[2026-08-24 19:22:01.335793][UC][I] [METRIC DEBUG] HIXL transport ExecuteAsync pending inserted:2359269711930 [878,891][hixl_transport.cpp:687,ExecuteAsync]
[2026-08-24 19:22:01.335796][UC][I] [METRIC DEBUG] HIXL transport ExecuteAsync return:2359269711933 [878,891][hixl_transport.cpp:694,ExecuteAsync]
[2026-08-24 19:22:01.335799][UC][I] [METRIC DEBUG] TransportManager ExecuteAsync backend returned:2359269711936 [878,891][transport_manager.cpp:658,ExecuteAsync]
[2026-08-24 19:22:01.335803][UC][I] [METRIC DEBUG] TransportManager ExecuteAsync record inserted:2359269711940 [878,891][transport_manager.cpp:679,ExecuteAsync]
[2026-08-24 19:22:01.335807][UC][I] [PERF] component=transport event=transfer_submitted manager=127.0.0.1:8000 target=127.0.0.1:4501 handle=6 transport_handle=6 opcode=1 direct=2 segments=1 bytes=63 submitted_ts_us=1787570521335802 manager_execute_async_ts_us=1787570521335615 backend_execute_async_ts_us=1787570521335660 manager_to_backend_execute_async_us=45 submit_us=176 [878,891][transport_manager.cpp:681,ExecuteAsync]
[2026-08-24 19:22:01.335810][UC][I] [METRIC DEBUG] TransportManager ExecuteAsync return:2359269711947 [878,891][transport_manager.cpp:694,ExecuteAsync]
[2026-08-24 19:22:01.335813][UC][I] [METRIC DEBUG] TransportManager GetStatus START:2359269711950 [878,891][transport_manager.cpp:706,GetStatus]
[2026-08-24 19:22:01.335816][UC][I] [METRIC DEBUG] TransportManager GetStatus get record:2359269711953 [878,891][transport_manager.cpp:718,GetStatus]
[2026-08-24 19:22:01.335819][UC][I] [METRIC DEBUG] HIXL transport GetStatus START:2359269711956 [878,891][hixl_transport.cpp:701,GetStatus]
[2026-08-24 19:22:01.335822][UC][I] [METRIC DEBUG] HIXL transport GetStatus get lifecycle_lock:2359269711959 [878,891][hixl_transport.cpp:709,GetStatus]
[2026-08-24 19:22:01.335825][UC][I] [METRIC DEBUG] HIXL transport GetStatus get pending_mutex_:2359269711961 [878,891][hixl_transport.cpp:721,GetStatus]
[2026-08-24 19:22:01.335827][UC][I] [METRIC DEBUG] HIXL instance GetTransferStatus START:2359269711964 [878,891][hixl_instance.cpp:326,GetTransferStatus]
[2026-08-24 19:22:01.335836][UC][I] [METRIC DEBUG] HIXL instance GetTransferStatus RUN:2359269711973 [878,916][hixl_instance.cpp:331,operator()]
[2026-08-24 19:22:01.335851][UC][I] [METRIC DEBUG] HIXL transport GetStatus get task status:2359269711987 [878,891][hixl_transport.cpp:725,GetStatus]
[2026-08-24 19:22:01.335856][UC][I] [METRIC DEBUG] HIXL transport GetStatus return:2359269711993 [878,891][hixl_transport.cpp:740,GetStatus]
[2026-08-24 19:22:01.335859][UC][I] [METRIC DEBUG] TransportManager GetStatus get task status:2359269711996 [878,891][transport_manager.cpp:721,GetStatus]
[2026-08-24 19:22:01.335876][UC][I] [PERF] component=transport event=transfer_done manager=127.0.0.1:8000 target=127.0.0.1:4501 handle=6 transport_handle=6 opcode=1 direct=2 segments=1 bytes=63 status=1 api_status=0 submitted_ts_us=1787570521335802 completed_ts_us=1787570521335862 manager_get_status_ts_us=1787570521335813 backend_query_ts_us=1787570521335841 submit_us=176 transfer_us=60 manager_to_backend_query_us=22 total_us=236 [878,891][transport_manager.cpp:725,GetStatus]
[2026-08-24 19:22:01.335884][UC][I] [METRIC DEBUG] TransportManager GetStatus return:2359269712021 [878,891][transport_manager.cpp:746,GetStatus]
[2026-08-24 19:22:01.335890][UC][I] [PERF] component=drampool event=request_done request_id=2 opcode=2 peer=127.0.0.1:4501 batch_size=108 data_bytes=7962624 failed_items=0 status=SUCCESS failed_stage=NONE received_ts_us=1787570521334561 worker_started_ts_us=1787570521334660 data_transfer_submitted_ts_us=1787570521335231 data_transfer_completed_ts_us=1787570521335552 response_submitted_ts_us=1787570521335812 completed_ts_us=1787570521335887 data_tm_execute_async_ts_us=1787570521334742 data_hixl_execute_async_ts_us=1787570521334916 data_tm_get_status_ts_us=1787570521335254 data_hixl_query_handle_ts_us=1787570521335467 response_tm_execute_async_ts_us=1787570521335615 response_hixl_execute_async_ts_us=1787570521335660 response_tm_get_status_ts_us=1787570521335813 response_hixl_query_handle_ts_us=1787570521335841 request_queue_us=99 metadata_prepare_us=76 taskworker_prepare_us=573 poller_queue_us=21 data_transfer_us=321 metadata_settle_us=60 response_slot_wait_us=1 response_submit_us=199 response_transfer_us=75 data_tm_to_hixl_execute_async_us=174 data_tm_to_hixl_query_handle_us=186 response_tm_to_hixl_execute_async_us=45 response_tm_to_hixl_query_handle_us=22 total_us=1326 [878,891][completion_poller.cc:56,LogRequestDone]
[2026-08-24 19:22:01.337466][UC][I] [METRIC DEBUG] HIXL instance TransferAsync native call returned:2359269713600 [878,895][hixl_instance.cpp:300,operator()]
[2026-08-24 19:22:01.337507][UC][I] [METRIC DEBUG] HIXL instance TransferAsync Run returned:2359269713641 [878,892][hixl_instance.cpp:316,TransferAsync]
[2026-08-24 19:22:01.337521][UC][I] [METRIC DEBUG] HIXL instance TransferAsync return:2359269713658 [878,892][hixl_instance.cpp:318,TransferAsync]
[2026-08-24 19:22:01.337526][UC][I] [METRIC DEBUG] HIXL transport ExecuteAsync instance returned:2359269713662 [878,892][hixl_transport.cpp:677,ExecuteAsync]
[2026-08-24 19:22:01.337531][UC][I] [METRIC DEBUG] HIXL transport ExecuteAsync pending inserted:2359269713668 [878,892][hixl_transport.cpp:687,ExecuteAsync]
[2026-08-24 19:22:01.337535][UC][I] [METRIC DEBUG] HIXL transport ExecuteAsync return:2359269713672 [878,892][hixl_transport.cpp:694,ExecuteAsync]
[2026-08-24 19:22:01.337541][UC][I] [METRIC DEBUG] TransportManager ExecuteAsync backend returned:2359269713678 [878,892][transport_manager.cpp:658,ExecuteAsync]
[2026-08-24 19:22:01.337548][UC][I] [METRIC DEBUG] TransportManager ExecuteAsync record inserted:2359269713684 [878,892][transport_manager.cpp:679,ExecuteAsync]
[2026-08-24 19:22:01.337554][UC][I] [PERF] component=transport event=transfer_submitted manager=127.0.0.1:8000 target=127.0.0.1:4502 handle=7 transport_handle=7 opcode=1 direct=2 segments=108 bytes=7962624 submitted_ts_us=1787570521337546 manager_execute_async_ts_us=1787570521335264 backend_execute_async_ts_us=1787570521335558 manager_to_backend_execute_async_us=294 submit_us=2217 [878,892][transport_manager.cpp:681,ExecuteAsync]
[2026-08-24 19:22:01.337562][UC][I] [METRIC DEBUG] TransportManager ExecuteAsync return:2359269713699 [878,892][transport_manager.cpp:694,ExecuteAsync]
[2026-08-24 19:22:01.337586][UC][I] [METRIC DEBUG] TransportManager GetStatus START:2359269713721 [878,891][transport_manager.cpp:706,GetStatus]
[2026-08-24 19:22:01.337599][UC][I] [METRIC DEBUG] TransportManager GetStatus get record:2359269713736 [878,891][transport_manager.cpp:718,GetStatus]
[2026-08-24 19:22:01.337603][UC][I] [METRIC DEBUG] HIXL transport GetStatus START:2359269713739 [878,891][hixl_transport.cpp:701,GetStatus]
[2026-08-24 19:22:01.337606][UC][I] [METRIC DEBUG] HIXL transport GetStatus get lifecycle_lock:2359269713743 [878,891][hixl_transport.cpp:709,GetStatus]
[2026-08-24 19:22:01.337609][UC][I] [METRIC DEBUG] HIXL transport GetStatus get pending_mutex_:2359269713746 [878,891][hixl_transport.cpp:721,GetStatus]
[2026-08-24 19:22:01.337612][UC][I] [METRIC DEBUG] HIXL instance GetTransferStatus START:2359269713749 [878,891][hixl_instance.cpp:326,GetTransferStatus]
[2026-08-24 19:22:01.337624][UC][I] [METRIC DEBUG] HIXL instance GetTransferStatus RUN:2359269713760 [878,895][hixl_instance.cpp:331,operator()]
[2026-08-24 19:22:01.337640][UC][I] [METRIC DEBUG] HIXL transport GetStatus get task status:2359269713777 [878,891][hixl_transport.cpp:725,GetStatus]
[2026-08-24 19:22:01.337645][UC][I] [METRIC DEBUG] HIXL transport GetStatus return:2359269713782 [878,891][hixl_transport.cpp:740,GetStatus]
[2026-08-24 19:22:01.337660][UC][I] [METRIC DEBUG] TransportManager GetStatus get task status:2359269713796 [878,891][transport_manager.cpp:721,GetStatus]
[2026-08-24 19:22:01.337663][UC][I] [METRIC DEBUG] TransportManager GetStatus return:2359269713800 [878,891][transport_manager.cpp:746,GetStatus]
[2026-08-24 19:22:01.337666][UC][I] [METRIC DEBUG] TransportManager GetStatus START:2359269713803 [878,891][transport_manager.cpp:706,GetStatus]
[2026-08-24 19:22:01.337669][UC][I] [METRIC DEBUG] TransportManager GetStatus get record:2359269713806 [878,891][transport_manager.cpp:718,GetStatus]
[2026-08-24 19:22:01.337672][UC][I] [METRIC DEBUG] HIXL transport GetStatus START:2359269713809 [878,891][hixl_transport.cpp:701,GetStatus]
[2026-08-24 19:22:01.337674][UC][I] [METRIC DEBUG] HIXL transport GetStatus get lifecycle_lock:2359269713811 [878,891][hixl_transport.cpp:709,GetStatus]
[2026-08-24 19:22:01.337678][UC][I] [METRIC DEBUG] HIXL transport GetStatus get pending_mutex_:2359269713815 [878,891][hixl_transport.cpp:721,GetStatus]
[2026-08-24 19:22:01.337681][UC][I] [METRIC DEBUG] HIXL instance GetTransferStatus START:2359269713817 [878,891][hixl_instance.cpp:326,GetTransferStatus]
[2026-08-24 19:22:01.337689][UC][I] [METRIC DEBUG] HIXL instance GetTransferStatus RUN:2359269713826 [878,895][hixl_instance.cpp:331,operator()]
[2026-08-24 19:22:01.337700][UC][I] [METRIC DEBUG] HIXL transport GetStatus get task status:2359269713837 [878,891][hixl_transport.cpp:725,GetStatus]
[2026-08-24 19:22:01.337705][UC][I] [METRIC DEBUG] HIXL transport GetStatus return:2359269713842 [878,891][hixl_transport.cpp:740,GetStatus]
[2026-08-24 19:22:01.337709][UC][I] [METRIC DEBUG] TransportManager GetStatus get task status:2359269713845 [878,891][transport_manager.cpp:721,GetStatus]
[2026-08-24 19:22:01.337712][UC][I] [METRIC DEBUG] TransportManager GetStatus return:2359269713848 [878,891][transport_manager.cpp:746,GetStatus]
[2026-08-24 19:22:01.337715][UC][I] [METRIC DEBUG] TransportManager GetStatus START:2359269713852 [878,891][transport_manager.cpp:706,GetStatus]
[2026-08-24 19:22:01.337717][UC][I] [METRIC DEBUG] TransportManager GetStatus get record:2359269713854 [878,891][transport_manager.cpp:718,GetStatus]
[2026-08-24 19:22:01.337720][UC][I] [METRIC DEBUG] HIXL transport GetStatus START:2359269713857 [878,891][hixl_transport.cpp:701,GetStatus]
[2026-08-24 19:22:01.337723][UC][I] [METRIC DEBUG] HIXL transport GetStatus get lifecycle_lock:2359269713860 [878,891][hixl_transport.cpp:709,GetStatus]
[2026-08-24 19:22:01.337726][UC][I] [METRIC DEBUG] HIXL transport GetStatus get pending_mutex_:2359269713863 [878,891][hixl_transport.cpp:721,GetStatus]
[2026-08-24 19:22:01.337729][UC][I] [METRIC DEBUG] HIXL instance GetTransferStatus START:2359269713866 [878,891][hixl_instance.cpp:326,GetTransferStatus]
[2026-08-24 19:22:01.337737][UC][I] [METRIC DEBUG] HIXL instance GetTransferStatus RUN:2359269713874 [878,895][hixl_instance.cpp:331,operator()]
[2026-08-24 19:22:01.337748][UC][I] [METRIC DEBUG] HIXL transport GetStatus get task status:2359269713884 [878,891][hixl_transport.cpp:725,GetStatus]
[2026-08-24 19:22:01.337752][UC][I] [METRIC DEBUG] HIXL transport GetStatus return:2359269713889 [878,891][hixl_transport.cpp:740,GetStatus]
[2026-08-24 19:22:01.337755][UC][I] [METRIC DEBUG] TransportManager GetStatus get task status:2359269713892 [878,891][transport_manager.cpp:721,GetStatus]
[2026-08-24 19:22:01.337758][UC][I] [METRIC DEBUG] TransportManager GetStatus return:2359269713894 [878,891][transport_manager.cpp:746,GetStatus]
[2026-08-24 19:22:01.337760][UC][I] [METRIC DEBUG] TransportManager GetStatus START:2359269713897 [878,891][transport_manager.cpp:706,GetStatus]
[2026-08-24 19:22:01.337764][UC][I] [METRIC DEBUG] TransportManager GetStatus get record:2359269713900 [878,891][transport_manager.cpp:718,GetStatus]
[2026-08-24 19:22:01.337767][UC][I] [METRIC DEBUG] HIXL transport GetStatus START:2359269713903 [878,891][hixl_transport.cpp:701,GetStatus]
[2026-08-24 19:22:01.337770][UC][I] [METRIC DEBUG] HIXL transport GetStatus get lifecycle_lock:2359269713906 [878,891][hixl_transport.cpp:709,GetStatus]
[2026-08-24 19:22:01.337777][UC][I] [METRIC DEBUG] HIXL transport GetStatus get pending_mutex_:2359269713914 [878,891][hixl_transport.cpp:721,GetStatus]
[2026-08-24 19:22:01.337780][UC][I] [METRIC DEBUG] HIXL instance GetTransferStatus START:2359269713917 [878,891][hixl_instance.cpp:326,GetTransferStatus]
[2026-08-24 19:22:01.337788][UC][I] [METRIC DEBUG] HIXL instance GetTransferStatus RUN:2359269713924 [878,895][hixl_instance.cpp:331,operator()]
[2026-08-24 19:22:01.337798][UC][I] [METRIC DEBUG] HIXL transport GetStatus get task status:2359269713935 [878,891][hixl_transport.cpp:725,GetStatus]
[2026-08-24 19:22:01.337803][UC][I] [METRIC DEBUG] HIXL transport GetStatus return:2359269713940 [878,891][hixl_transport.cpp:740,GetStatus]
[2026-08-24 19:22:01.337806][UC][I] [METRIC DEBUG] TransportManager GetStatus get task status:2359269713943 [878,891][transport_manager.cpp:721,GetStatus]
[2026-08-24 19:22:01.337809][UC][I] [METRIC DEBUG] TransportManager GetStatus return:2359269713946 [878,891][transport_manager.cpp:746,GetStatus]
[2026-08-24 19:22:01.337812][UC][I] [METRIC DEBUG] TransportManager GetStatus START:2359269713948 [878,891][transport_manager.cpp:706,GetStatus]
[2026-08-24 19:22:01.337815][UC][I] [METRIC DEBUG] TransportManager GetStatus get record:2359269713951 [878,891][transport_manager.cpp:718,GetStatus]
[2026-08-24 19:22:01.337817][UC][I] [METRIC DEBUG] HIXL transport GetStatus START:2359269713954 [878,891][hixl_transport.cpp:701,GetStatus]
[2026-08-24 19:22:01.337820][UC][I] [METRIC DEBUG] HIXL transport GetStatus get lifecycle_lock:2359269713957 [878,891][hixl_transport.cpp:709,GetStatus]
[2026-08-24 19:22:01.337822][UC][I] [METRIC DEBUG] HIXL transport GetStatus get pending_mutex_:2359269713959 [878,891][hixl_transport.cpp:721,GetStatus]
[2026-08-24 19:22:01.337825][UC][I] [METRIC DEBUG] HIXL instance GetTransferStatus START:2359269713962 [878,891][hixl_instance.cpp:326,GetTransferStatus]
[2026-08-24 19:22:01.337833][UC][I] [METRIC DEBUG] HIXL instance GetTransferStatus RUN:2359269713969 [878,895][hixl_instance.cpp:331,operator()]
[2026-08-24 19:22:01.337843][UC][I] [METRIC DEBUG] HIXL transport GetStatus get task status:2359269713980 [878,891][hixl_transport.cpp:725,GetStatus]
[2026-08-24 19:22:01.337848][UC][I] [METRIC DEBUG] HIXL transport GetStatus return:2359269713985 [878,891][hixl_transport.cpp:740,GetStatus]
[2026-08-24 19:22:01.337851][UC][I] [METRIC DEBUG] TransportManager GetStatus get task status:2359269713988 [878,891][transport_manager.cpp:721,GetStatus]
[2026-08-24 19:22:01.337854][UC][I] [METRIC DEBUG] TransportManager GetStatus return:2359269713990 [878,891][transport_manager.cpp:746,GetStatus]
[2026-08-24 19:22:01.337856][UC][I] [METRIC DEBUG] TransportManager GetStatus START:2359269713993 [878,891][transport_manager.cpp:706,GetStatus]
[2026-08-24 19:22:01.337859][UC][I] [METRIC DEBUG] TransportManager GetStatus get record:2359269713996 [878,891][transport_manager.cpp:718,GetStatus]
[2026-08-24 19:22:01.337862][UC][I] [METRIC DEBUG] HIXL transport GetStatus START:2359269713998 [878,891][hixl_transport.cpp:701,GetStatus]
[2026-08-24 19:22:01.337864][UC][I] [METRIC DEBUG] HIXL transport GetStatus get lifecycle_lock:2359269714001 [878,891][hixl_transport.cpp:709,GetStatus]
[2026-08-24 19:22:01.337867][UC][I] [METRIC DEBUG] HIXL transport GetStatus get pending_mutex_:2359269714004 [878,891][hixl_transport.cpp:721,GetStatus]
[2026-08-24 19:22:01.337870][UC][I] [METRIC DEBUG] HIXL instance GetTransferStatus START:2359269714007 [878,891][hixl_instance.cpp:326,GetTransferStatus]
[2026-08-24 19:22:01.337878][UC][I] [METRIC DEBUG] HIXL instance GetTransferStatus RUN:2359269714014 [878,895][hixl_instance.cpp:331,operator()]
[2026-08-24 19:22:01.337889][UC][I] [METRIC DEBUG] HIXL transport GetStatus get task status:2359269714025 [878,891][hixl_transport.cpp:725,GetStatus]
[2026-08-24 19:22:01.337894][UC][I] [METRIC DEBUG] HIXL transport GetStatus return:2359269714031 [878,891][hixl_transport.cpp:740,GetStatus]
[2026-08-24 19:22:01.337904][UC][I] [METRIC DEBUG] TransportManager GetStatus get task status:2359269714041 [878,891][transport_manager.cpp:721,GetStatus]
[2026-08-24 19:22:01.337907][UC][I] [METRIC DEBUG] TransportManager GetStatus return:2359269714044 [878,891][transport_manager.cpp:746,GetStatus]
[2026-08-24 19:22:01.337910][UC][I] [METRIC DEBUG] TransportManager GetStatus START:2359269714047 [878,891][transport_manager.cpp:706,GetStatus]
[2026-08-24 19:22:01.337913][UC][I] [METRIC DEBUG] TransportManager GetStatus get record:2359269714050 [878,891][transport_manager.cpp:718,GetStatus]
[2026-08-24 19:22:01.337915][UC][I] [METRIC DEBUG] HIXL transport GetStatus START:2359269714052 [878,891][hixl_transport.cpp:701,GetStatus]
[2026-08-24 19:22:01.337918][UC][I] [METRIC DEBUG] HIXL transport GetStatus get lifecycle_lock:2359269714055 [878,891][hixl_transport.cpp:709,GetStatus]
[2026-08-24 19:22:01.337921][UC][I] [METRIC DEBUG] HIXL transport GetStatus get pending_mutex_:2359269714058 [878,891][hixl_transport.cpp:721,GetStatus]
[2026-08-24 19:22:01.337924][UC][I] [METRIC DEBUG] HIXL instance GetTransferStatus START:2359269714060 [878,891][hixl_instance.cpp:326,GetTransferStatus]
[2026-08-24 19:22:01.337931][UC][I] [METRIC DEBUG] HIXL instance GetTransferStatus RUN:2359269714068 [878,895][hixl_instance.cpp:331,operator()]
[2026-08-24 19:22:01.337942][UC][I] [METRIC DEBUG] HIXL transport GetStatus get task status:2359269714078 [878,891][hixl_transport.cpp:725,GetStatus]
[2026-08-24 19:22:01.337947][UC][I] [METRIC DEBUG] HIXL transport GetStatus return:2359269714084 [878,891][hixl_transport.cpp:740,GetStatus]
[2026-08-24 19:22:01.337950][UC][I] [METRIC DEBUG] TransportManager GetStatus get task status:2359269714087 [878,891][transport_manager.cpp:721,GetStatus]
[2026-08-24 19:22:01.337953][UC][I] [METRIC DEBUG] TransportManager GetStatus return:2359269714089 [878,891][transport_manager.cpp:746,GetStatus]
[2026-08-24 19:22:01.337955][UC][I] [METRIC DEBUG] TransportManager GetStatus START:2359269714092 [878,891][transport_manager.cpp:706,GetStatus]
[2026-08-24 19:22:01.337958][UC][I] [METRIC DEBUG] TransportManager GetStatus get record:2359269714095 [878,891][transport_manager.cpp:718,GetStatus]
[2026-08-24 19:22:01.337960][UC][I] [METRIC DEBUG] HIXL transport GetStatus START:2359269714097 [878,891][hixl_transport.cpp:701,GetStatus]
[2026-08-24 19:22:01.337964][UC][I] [METRIC DEBUG] HIXL transport GetStatus get lifecycle_lock:2359269714100 [878,891][hixl_transport.cpp:709,GetStatus]
[2026-08-24 19:22:01.337966][UC][I] [METRIC DEBUG] HIXL transport GetStatus get pending_mutex_:2359269714103 [878,891][hixl_transport.cpp:721,GetStatus]
[2026-08-24 19:22:01.337969][UC][I] [METRIC DEBUG] HIXL instance GetTransferStatus START:2359269714105 [878,891][hixl_instance.cpp:326,GetTransferStatus]
[2026-08-24 19:22:01.337976][UC][I] [METRIC DEBUG] HIXL instance GetTransferStatus RUN:2359269714113 [878,895][hixl_instance.cpp:331,operator()]
[2026-08-24 19:22:01.337986][UC][I] [METRIC DEBUG] HIXL transport GetStatus get task status:2359269714123 [878,891][hixl_transport.cpp:725,GetStatus]
[2026-08-24 19:22:01.337991][UC][I] [METRIC DEBUG] HIXL transport GetStatus return:2359269714128 [878,891][hixl_transport.cpp:740,GetStatus]
[2026-08-24 19:22:01.337994][UC][I] [METRIC DEBUG] TransportManager GetStatus get task status:2359269714131 [878,891][transport_manager.cpp:721,GetStatus]
[2026-08-24 19:22:01.337997][UC][I] [METRIC DEBUG] TransportManager GetStatus return:2359269714134 [878,891][transport_manager.cpp:746,GetStatus]
[2026-08-24 19:22:01.338000][UC][I] [METRIC DEBUG] TransportManager GetStatus START:2359269714137 [878,891][transport_manager.cpp:706,GetStatus]
[2026-08-24 19:22:01.338003][UC][I] [METRIC DEBUG] TransportManager GetStatus get record:2359269714140 [878,891][transport_manager.cpp:718,GetStatus]
[2026-08-24 19:22:01.338006][UC][I] [METRIC DEBUG] HIXL transport GetStatus START:2359269714143 [878,891][hixl_transport.cpp:701,GetStatus]
[2026-08-24 19:22:01.338008][UC][I] [METRIC DEBUG] HIXL transport GetStatus get lifecycle_lock:2359269714145 [878,891][hixl_transport.cpp:709,GetStatus]
[2026-08-24 19:22:01.338017][UC][I] [METRIC DEBUG] HIXL transport GetStatus get pending_mutex_:2359269714154 [878,891][hixl_transport.cpp:721,GetStatus]
[2026-08-24 19:22:01.338020][UC][I] [METRIC DEBUG] HIXL instance GetTransferStatus START:2359269714157 [878,891][hixl_instance.cpp:326,GetTransferStatus]
[2026-08-24 19:22:01.338028][UC][I] [METRIC DEBUG] HIXL instance GetTransferStatus RUN:2359269714165 [878,895][hixl_instance.cpp:331,operator()]
[2026-08-24 19:22:01.338039][UC][I] [METRIC DEBUG] HIXL transport GetStatus get task status:2359269714175 [878,891][hixl_transport.cpp:725,GetStatus]
[2026-08-24 19:22:01.338043][UC][I] [METRIC DEBUG] HIXL transport GetStatus return:2359269714180 [878,891][hixl_transport.cpp:740,GetStatus]
[2026-08-24 19:22:01.338046][UC][I] [METRIC DEBUG] TransportManager GetStatus get task status:2359269714183 [878,891][transport_manager.cpp:721,GetStatus]
[2026-08-24 19:22:01.338049][UC][I] [METRIC DEBUG] TransportManager GetStatus return:2359269714186 [878,891][transport_manager.cpp:746,GetStatus]
[2026-08-24 19:22:01.338053][UC][I] [METRIC DEBUG] TransportManager GetStatus START:2359269714189 [878,891][transport_manager.cpp:706,GetStatus]
[2026-08-24 19:22:01.338056][UC][I] [METRIC DEBUG] TransportManager GetStatus get record:2359269714193 [878,891][transport_manager.cpp:718,GetStatus]
[2026-08-24 19:22:01.338059][UC][I] [METRIC DEBUG] HIXL transport GetStatus START:2359269714196 [878,891][hixl_transport.cpp:701,GetStatus]
[2026-08-24 19:22:01.338061][UC][I] [METRIC DEBUG] HIXL transport GetStatus get lifecycle_lock:2359269714198 [878,891][hixl_transport.cpp:709,GetStatus]
[2026-08-24 19:22:01.338064][UC][I] [METRIC DEBUG] HIXL transport GetStatus get pending_mutex_:2359269714201 [878,891][hixl_transport.cpp:721,GetStatus]
[2026-08-24 19:22:01.338067][UC][I] [METRIC DEBUG] HIXL instance GetTransferStatus START:2359269714203 [878,891][hixl_instance.cpp:326,GetTransferStatus]
[2026-08-24 19:22:01.338074][UC][I] [METRIC DEBUG] HIXL instance GetTransferStatus RUN:2359269714211 [878,895][hixl_instance.cpp:331,operator()]
[2026-08-24 19:22:01.338084][UC][I] [METRIC DEBUG] HIXL transport GetStatus get task status:2359269714221 [878,891][hixl_transport.cpp:725,GetStatus]
[2026-08-24 19:22:01.338089][UC][I] [METRIC DEBUG] HIXL transport GetStatus return:2359269714225 [878,891][hixl_transport.cpp:740,GetStatus]
[2026-08-24 19:22:01.338092][UC][I] [METRIC DEBUG] TransportManager GetStatus get task status:2359269714229 [878,891][transport_manager.cpp:721,GetStatus]
[2026-08-24 19:22:01.338095][UC][I] [METRIC DEBUG] TransportManager GetStatus return:2359269714232 [878,891][transport_manager.cpp:746,GetStatus]
[2026-08-24 19:22:01.338098][UC][I] [METRIC DEBUG] TransportManager GetStatus START:2359269714235 [878,891][transport_manager.cpp:706,GetStatus]
[2026-08-24 19:22:01.338100][UC][I] [METRIC DEBUG] TransportManager GetStatus get record:2359269714237 [878,891][transport_manager.cpp:718,GetStatus]
[2026-08-24 19:22:01.338103][UC][I] [METRIC DEBUG] HIXL transport GetStatus START:2359269714240 [878,891][hixl_transport.cpp:701,GetStatus]
[2026-08-24 19:22:01.338106][UC][I] [METRIC DEBUG] HIXL transport GetStatus get lifecycle_lock:2359269714243 [878,891][hixl_transport.cpp:709,GetStatus]
[2026-08-24 19:22:01.338109][UC][I] [METRIC DEBUG] HIXL transport GetStatus get pending_mutex_:2359269714245 [878,891][hixl_transport.cpp:721,GetStatus]
[2026-08-24 19:22:01.338111][UC][I] [METRIC DEBUG] HIXL instance GetTransferStatus START:2359269714248 [878,891][hixl_instance.cpp:326,GetTransferStatus]
[2026-08-24 19:22:01.338119][UC][I] [METRIC DEBUG] HIXL instance GetTransferStatus RUN:2359269714255 [878,895][hixl_instance.cpp:331,operator()]
[2026-08-24 19:22:01.338129][UC][I] [METRIC DEBUG] HIXL transport GetStatus get task status:2359269714265 [878,891][hixl_transport.cpp:725,GetStatus]
[2026-08-24 19:22:01.338134][UC][I] [METRIC DEBUG] HIXL transport GetStatus return:2359269714271 [878,891][hixl_transport.cpp:740,GetStatus]
[2026-08-24 19:22:01.338137][UC][I] [METRIC DEBUG] TransportManager GetStatus get task status:2359269714274 [878,891][transport_manager.cpp:721,GetStatus]
[2026-08-24 19:22:01.338144][UC][I] [METRIC DEBUG] TransportManager GetStatus return:2359269714281 [878,891][transport_manager.cpp:746,GetStatus]
[2026-08-24 19:22:01.338147][UC][I] [METRIC DEBUG] TransportManager GetStatus START:2359269714284 [878,891][transport_manager.cpp:706,GetStatus]
[2026-08-24 19:22:01.338150][UC][I] [METRIC DEBUG] TransportManager GetStatus get record:2359269714287 [878,891][transport_manager.cpp:718,GetStatus]
[2026-08-24 19:22:01.338152][UC][I] [METRIC DEBUG] HIXL transport GetStatus START:2359269714289 [878,891][hixl_transport.cpp:701,GetStatus]
[2026-08-24 19:22:01.338155][UC][I] [METRIC DEBUG] HIXL transport GetStatus get lifecycle_lock:2359269714292 [878,891][hixl_transport.cpp:709,GetStatus]
[2026-08-24 19:22:01.338158][UC][I] [METRIC DEBUG] HIXL transport GetStatus get pending_mutex_:2359269714295 [878,891][hixl_transport.cpp:721,GetStatus]
[2026-08-24 19:22:01.338161][UC][I] [METRIC DEBUG] HIXL instance GetTransferStatus START:2359269714298 [878,891][hixl_instance.cpp:326,GetTransferStatus]
[2026-08-24 19:22:01.338169][UC][I] [METRIC DEBUG] HIXL instance GetTransferStatus RUN:2359269714305 [878,895][hixl_instance.cpp:331,operator()]
[2026-08-24 19:22:01.338179][UC][I] [METRIC DEBUG] HIXL transport GetStatus get task status:2359269714315 [878,891][hixl_transport.cpp:725,GetStatus]
[2026-08-24 19:22:01.338183][UC][I] [METRIC DEBUG] HIXL transport GetStatus return:2359269714320 [878,891][hixl_transport.cpp:740,GetStatus]
[2026-08-24 19:22:01.338186][UC][I] [METRIC DEBUG] TransportManager GetStatus get task status:2359269714323 [878,891][transport_manager.cpp:721,GetStatus]
[2026-08-24 19:22:01.338189][UC][I] [METRIC DEBUG] TransportManager GetStatus return:2359269714325 [878,891][transport_manager.cpp:746,GetStatus]
[2026-08-24 19:22:01.338191][UC][I] [METRIC DEBUG] TransportManager GetStatus START:2359269714328 [878,891][transport_manager.cpp:706,GetStatus]
[2026-08-24 19:22:01.338194][UC][I] [METRIC DEBUG] TransportManager GetStatus get record:2359269714331 [878,891][transport_manager.cpp:718,GetStatus]
[2026-08-24 19:22:01.338197][UC][I] [METRIC DEBUG] HIXL transport GetStatus START:2359269714334 [878,891][hixl_transport.cpp:701,GetStatus]
[2026-08-24 19:22:01.338199][UC][I] [METRIC DEBUG] HIXL transport GetStatus get lifecycle_lock:2359269714336 [878,891][hixl_transport.cpp:709,GetStatus]
[2026-08-24 19:22:01.338202][UC][I] [METRIC DEBUG] HIXL transport GetStatus get pending_mutex_:2359269714339 [878,891][hixl_transport.cpp:721,GetStatus]
[2026-08-24 19:22:01.338205][UC][I] [METRIC DEBUG] HIXL instance GetTransferStatus START:2359269714342 [878,891][hixl_instance.cpp:326,GetTransferStatus]
[2026-08-24 19:22:01.338213][UC][I] [METRIC DEBUG] HIXL instance GetTransferStatus RUN:2359269714350 [878,895][hixl_instance.cpp:331,operator()]
[2026-08-24 19:22:01.338223][UC][I] [METRIC DEBUG] HIXL transport GetStatus get task status:2359269714360 [878,891][hixl_transport.cpp:725,GetStatus]
[2026-08-24 19:22:01.338228][UC][I] [METRIC DEBUG] HIXL transport GetStatus return:2359269714364 [878,891][hixl_transport.cpp:740,GetStatus]
[2026-08-24 19:22:01.338231][UC][I] [METRIC DEBUG] TransportManager GetStatus get task status:2359269714368 [878,891][transport_manager.cpp:721,GetStatus]
[2026-08-24 19:22:01.338233][UC][I] [METRIC DEBUG] TransportManager GetStatus return:2359269714370 [878,891][transport_manager.cpp:746,GetStatus]
[2026-08-24 19:22:01.338237][UC][I] [METRIC DEBUG] TransportManager GetStatus START:2359269714374 [878,891][transport_manager.cpp:706,GetStatus]
[2026-08-24 19:22:01.338241][UC][I] [METRIC DEBUG] TransportManager GetStatus get record:2359269714377 [878,891][transport_manager.cpp:718,GetStatus]
[2026-08-24 19:22:01.338243][UC][I] [METRIC DEBUG] HIXL transport GetStatus START:2359269714380 [878,891][hixl_transport.cpp:701,GetStatus]
[2026-08-24 19:22:01.338246][UC][I] [METRIC DEBUG] HIXL transport GetStatus get lifecycle_lock:2359269714383 [878,891][hixl_transport.cpp:709,GetStatus]
[2026-08-24 19:22:01.338256][UC][I] [METRIC DEBUG] HIXL transport GetStatus get pending_mutex_:2359269714392 [878,891][hixl_transport.cpp:721,GetStatus]
[2026-08-24 19:22:01.338259][UC][I] [METRIC DEBUG] HIXL instance GetTransferStatus START:2359269714396 [878,891][hixl_instance.cpp:326,GetTransferStatus]
[2026-08-24 19:22:01.338267][UC][I] [METRIC DEBUG] HIXL instance GetTransferStatus RUN:2359269714403 [878,895][hixl_instance.cpp:331,operator()]
[2026-08-24 19:22:01.338277][UC][I] [METRIC DEBUG] HIXL transport GetStatus get task status:2359269714414 [878,891][hixl_transport.cpp:725,GetStatus]
[2026-08-24 19:22:01.338282][UC][I] [METRIC DEBUG] HIXL transport GetStatus return:2359269714419 [878,891][hixl_transport.cpp:740,GetStatus]
[2026-08-24 19:22:01.338286][UC][I] [METRIC DEBUG] TransportManager GetStatus get task status:2359269714422 [878,891][transport_manager.cpp:721,GetStatus]
[2026-08-24 19:22:01.338288][UC][I] [METRIC DEBUG] TransportManager GetStatus return:2359269714425 [878,891][transport_manager.cpp:746,GetStatus]
[2026-08-24 19:22:01.338291][UC][I] [METRIC DEBUG] TransportManager GetStatus START:2359269714428 [878,891][transport_manager.cpp:706,GetStatus]
[2026-08-24 19:22:01.338294][UC][I] [METRIC DEBUG] TransportManager GetStatus get record:2359269714431 [878,891][transport_manager.cpp:718,GetStatus]
[2026-08-24 19:22:01.338297][UC][I] [METRIC DEBUG] HIXL transport GetStatus START:2359269714434 [878,891][hixl_transport.cpp:701,GetStatus]
[2026-08-24 19:22:01.338300][UC][I] [METRIC DEBUG] HIXL transport GetStatus get lifecycle_lock:2359269714437 [878,891][hixl_transport.cpp:709,GetStatus]
[2026-08-24 19:22:01.338302][UC][I] [METRIC DEBUG] HIXL transport GetStatus get pending_mutex_:2359269714439 [878,891][hixl_transport.cpp:721,GetStatus]
[2026-08-24 19:22:01.338305][UC][I] [METRIC DEBUG] HIXL instance GetTransferStatus START:2359269714442 [878,891][hixl_instance.cpp:326,GetTransferStatus]
[2026-08-24 19:22:01.338313][UC][I] [METRIC DEBUG] HIXL instance GetTransferStatus RUN:2359269714450 [878,895][hixl_instance.cpp:331,operator()]
[2026-08-24 19:22:01.338323][UC][I] [METRIC DEBUG] HIXL transport GetStatus get task status:2359269714460 [878,891][hixl_transport.cpp:725,GetStatus]
[2026-08-24 19:22:01.338328][UC][I] [METRIC DEBUG] HIXL transport GetStatus return:2359269714465 [878,891][hixl_transport.cpp:740,GetStatus]
[2026-08-24 19:22:01.338331][UC][I] [METRIC DEBUG] TransportManager GetStatus get task status:2359269714468 [878,891][transport_manager.cpp:721,GetStatus]
[2026-08-24 19:22:01.338334][UC][I] [METRIC DEBUG] TransportManager GetStatus return:2359269714471 [878,891][transport_manager.cpp:746,GetStatus]
[2026-08-24 19:22:01.338337][UC][I] [METRIC DEBUG] TransportManager GetStatus START:2359269714474 [878,891][transport_manager.cpp:706,GetStatus]
[2026-08-24 19:22:01.338340][UC][I] [METRIC DEBUG] TransportManager GetStatus get record:2359269714477 [878,891][transport_manager.cpp:718,GetStatus]
[2026-08-24 19:22:01.338342][UC][I] [METRIC DEBUG] HIXL transport GetStatus START:2359269714479 [878,891][hixl_transport.cpp:701,GetStatus]
[2026-08-24 19:22:01.338345][UC][I] [METRIC DEBUG] HIXL transport GetStatus get lifecycle_lock:2359269714482 [878,891][hixl_transport.cpp:709,GetStatus]
[2026-08-24 19:22:01.338348][UC][I] [METRIC DEBUG] HIXL transport GetStatus get pending_mutex_:2359269714485 [878,891][hixl_transport.cpp:721,GetStatus]
[2026-08-24 19:22:01.338351][UC][I] [METRIC DEBUG] HIXL instance GetTransferStatus START:2359269714488 [878,891][hixl_instance.cpp:326,GetTransferStatus]
[2026-08-24 19:22:01.338359][UC][I] [METRIC DEBUG] HIXL instance GetTransferStatus RUN:2359269714495 [878,895][hixl_instance.cpp:331,operator()]
[2026-08-24 19:22:01.338368][UC][I] [METRIC DEBUG] HIXL transport GetStatus get task status:2359269714505 [878,891][hixl_transport.cpp:725,GetStatus]
[2026-08-24 19:22:01.338373][UC][I] [METRIC DEBUG] HIXL transport GetStatus return:2359269714510 [878,891][hixl_transport.cpp:740,GetStatus]
[2026-08-24 19:22:01.338376][UC][I] [METRIC DEBUG] TransportManager GetStatus get task status:2359269714513 [878,891][transport_manager.cpp:721,GetStatus]
[2026-08-24 19:22:01.338383][UC][I] [METRIC DEBUG] TransportManager GetStatus return:2359269714520 [878,891][transport_manager.cpp:746,GetStatus]
[2026-08-24 19:22:01.338386][UC][I] [METRIC DEBUG] TransportManager GetStatus START:2359269714523 [878,891][transport_manager.cpp:706,GetStatus]
[2026-08-24 19:22:01.338390][UC][I] [METRIC DEBUG] TransportManager GetStatus get record:2359269714527 [878,891][transport_manager.cpp:718,GetStatus]
[2026-08-24 19:22:01.338393][UC][I] [METRIC DEBUG] HIXL transport GetStatus START:2359269714530 [878,891][hixl_transport.cpp:701,GetStatus]
[2026-08-24 19:22:01.338396][UC][I] [METRIC DEBUG] HIXL transport GetStatus get lifecycle_lock:2359269714532 [878,891][hixl_transport.cpp:709,GetStatus]
[2026-08-24 19:22:01.338398][UC][I] [METRIC DEBUG] HIXL transport GetStatus get pending_mutex_:2359269714535 [878,891][hixl_transport.cpp:721,GetStatus]
[2026-08-24 19:22:01.338400][UC][I] [METRIC DEBUG] HIXL instance GetTransferStatus START:2359269714537 [878,891][hixl_instance.cpp:326,GetTransferStatus]
[2026-08-24 19:22:01.338408][UC][I] [METRIC DEBUG] HIXL instance GetTransferStatus RUN:2359269714545 [878,895][hixl_instance.cpp:331,operator()]
[2026-08-24 19:22:01.338418][UC][I] [METRIC DEBUG] HIXL transport GetStatus get task status:2359269714555 [878,891][hixl_transport.cpp:725,GetStatus]
[2026-08-24 19:22:01.338423][UC][I] [METRIC DEBUG] HIXL transport GetStatus return:2359269714559 [878,891][hixl_transport.cpp:740,GetStatus]
[2026-08-24 19:22:01.338425][UC][I] [METRIC DEBUG] TransportManager GetStatus get task status:2359269714562 [878,891][transport_manager.cpp:721,GetStatus]
[2026-08-24 19:22:01.338428][UC][I] [METRIC DEBUG] TransportManager GetStatus return:2359269714565 [878,891][transport_manager.cpp:746,GetStatus]
[2026-08-24 19:22:01.338431][UC][I] [METRIC DEBUG] TransportManager GetStatus START:2359269714568 [878,891][transport_manager.cpp:706,GetStatus]
[2026-08-24 19:22:01.338434][UC][I] [METRIC DEBUG] TransportManager GetStatus get record:2359269714571 [878,891][transport_manager.cpp:718,GetStatus]
[2026-08-24 19:22:01.338437][UC][I] [METRIC DEBUG] HIXL transport GetStatus START:2359269714574 [878,891][hixl_transport.cpp:701,GetStatus]
[2026-08-24 19:22:01.338440][UC][I] [METRIC DEBUG] HIXL transport GetStatus get lifecycle_lock:2359269714577 [878,891][hixl_transport.cpp:709,GetStatus]
[2026-08-24 19:22:01.338442][UC][I] [METRIC DEBUG] HIXL transport GetStatus get pending_mutex_:2359269714579 [878,891][hixl_transport.cpp:721,GetStatus]
[2026-08-24 19:22:01.338445][UC][I] [METRIC DEBUG] HIXL instance GetTransferStatus START:2359269714582 [878,891][hixl_instance.cpp:326,GetTransferStatus]
[2026-08-24 19:22:01.338453][UC][I] [METRIC DEBUG] HIXL instance GetTransferStatus RUN:2359269714589 [878,895][hixl_instance.cpp:331,operator()]
[2026-08-24 19:22:01.338463][UC][I] [METRIC DEBUG] HIXL transport GetStatus get task status:2359269714599 [878,891][hixl_transport.cpp:725,GetStatus]
[2026-08-24 19:22:01.338468][UC][I] [METRIC DEBUG] HIXL transport GetStatus return:2359269714605 [878,891][hixl_transport.cpp:740,GetStatus]
[2026-08-24 19:22:01.338471][UC][I] [METRIC DEBUG] TransportManager GetStatus get task status:2359269714608 [878,891][transport_manager.cpp:721,GetStatus]
[2026-08-24 19:22:01.338474][UC][I] [METRIC DEBUG] TransportManager GetStatus return:2359269714611 [878,891][transport_manager.cpp:746,GetStatus]
[2026-08-24 19:22:01.338477][UC][I] [METRIC DEBUG] TransportManager GetStatus START:2359269714614 [878,891][transport_manager.cpp:706,GetStatus]
[2026-08-24 19:22:01.338479][UC][I] [METRIC DEBUG] TransportManager GetStatus get record:2359269714616 [878,891][transport_manager.cpp:718,GetStatus]
[2026-08-24 19:22:01.338482][UC][I] [METRIC DEBUG] HIXL transport GetStatus START:2359269714619 [878,891][hixl_transport.cpp:701,GetStatus]
[2026-08-24 19:22:01.338485][UC][I] [METRIC DEBUG] HIXL transport GetStatus get lifecycle_lock:2359269714622 [878,891][hixl_transport.cpp:709,GetStatus]
[2026-08-24 19:22:01.338492][UC][I] [METRIC DEBUG] HIXL transport GetStatus get pending_mutex_:2359269714629 [878,891][hixl_transport.cpp:721,GetStatus]
[2026-08-24 19:22:01.338495][UC][I] [METRIC DEBUG] HIXL instance GetTransferStatus START:2359269714632 [878,891][hixl_instance.cpp:326,GetTransferStatus]
[2026-08-24 19:22:01.338503][UC][I] [METRIC DEBUG] HIXL instance GetTransferStatus RUN:2359269714640 [878,895][hixl_instance.cpp:331,operator()]
[2026-08-24 19:22:01.338513][UC][I] [METRIC DEBUG] HIXL transport GetStatus get task status:2359269714650 [878,891][hixl_transport.cpp:725,GetStatus]
[2026-08-24 19:22:01.338518][UC][I] [METRIC DEBUG] HIXL transport GetStatus return:2359269714654 [878,891][hixl_transport.cpp:740,GetStatus]
[2026-08-24 19:22:01.338521][UC][I] [METRIC DEBUG] TransportManager GetStatus get task status:2359269714657 [878,891][transport_manager.cpp:721,GetStatus]
[2026-08-24 19:22:01.338523][UC][I] [METRIC DEBUG] TransportManager GetStatus return:2359269714660 [878,891][transport_manager.cpp:746,GetStatus]
[2026-08-24 19:22:01.338526][UC][I] [METRIC DEBUG] TransportManager GetStatus START:2359269714663 [878,891][transport_manager.cpp:706,GetStatus]
[2026-08-24 19:22:01.338529][UC][I] [METRIC DEBUG] TransportManager GetStatus get record:2359269714666 [878,891][transport_manager.cpp:718,GetStatus]
[2026-08-24 19:22:01.338532][UC][I] [METRIC DEBUG] HIXL transport GetStatus START:2359269714669 [878,891][hixl_transport.cpp:701,GetStatus]
[2026-08-24 19:22:01.338535][UC][I] [METRIC DEBUG] HIXL transport GetStatus get lifecycle_lock:2359269714671 [878,891][hixl_transport.cpp:709,GetStatus]
[2026-08-24 19:22:01.338537][UC][I] [METRIC DEBUG] HIXL transport GetStatus get pending_mutex_:2359269714674 [878,891][hixl_transport.cpp:721,GetStatus]
[2026-08-24 19:22:01.338540][UC][I] [METRIC DEBUG] HIXL instance GetTransferStatus START:2359269714676 [878,891][hixl_instance.cpp:326,GetTransferStatus]
[2026-08-24 19:22:01.338547][UC][I] [METRIC DEBUG] HIXL instance GetTransferStatus RUN:2359269714684 [878,895][hixl_instance.cpp:331,operator()]
[2026-08-24 19:22:01.338557][UC][I] [METRIC DEBUG] HIXL transport GetStatus get task status:2359269714694 [878,891][hixl_transport.cpp:725,GetStatus]
[2026-08-24 19:22:01.338562][UC][I] [METRIC DEBUG] HIXL transport GetStatus return:2359269714699 [878,891][hixl_transport.cpp:740,GetStatus]
[2026-08-24 19:22:01.338565][UC][I] [METRIC DEBUG] TransportManager GetStatus get task status:2359269714702 [878,891][transport_manager.cpp:721,GetStatus]
[2026-08-24 19:22:01.338568][UC][I] [METRIC DEBUG] TransportManager GetStatus return:2359269714704 [878,891][transport_manager.cpp:746,GetStatus]
[2026-08-24 19:22:01.338571][UC][I] [METRIC DEBUG] TransportManager GetStatus START:2359269714708 [878,891][transport_manager.cpp:706,GetStatus]
[2026-08-24 19:22:01.338574][UC][I] [METRIC DEBUG] TransportManager GetStatus get record:2359269714710 [878,891][transport_manager.cpp:718,GetStatus]
[2026-08-24 19:22:01.338576][UC][I] [METRIC DEBUG] HIXL transport GetStatus START:2359269714713 [878,891][hixl_transport.cpp:701,GetStatus]
[2026-08-24 19:22:01.338579][UC][I] [METRIC DEBUG] HIXL transport GetStatus get lifecycle_lock:2359269714716 [878,891][hixl_transport.cpp:709,GetStatus]
[2026-08-24 19:22:01.338582][UC][I] [METRIC DEBUG] HIXL transport GetStatus get pending_mutex_:2359269714719 [878,891][hixl_transport.cpp:721,GetStatus]
[2026-08-24 19:22:01.338585][UC][I] [METRIC DEBUG] HIXL instance GetTransferStatus START:2359269714721 [878,891][hixl_instance.cpp:326,GetTransferStatus]
[2026-08-24 19:22:01.338592][UC][I] [METRIC DEBUG] HIXL instance GetTransferStatus RUN:2359269714729 [878,895][hixl_instance.cpp:331,operator()]
[2026-08-24 19:22:01.338602][UC][I] [METRIC DEBUG] HIXL transport GetStatus get task status:2359269714739 [878,891][hixl_transport.cpp:725,GetStatus]
[2026-08-24 19:22:01.338607][UC][I] [METRIC DEBUG] HIXL transport GetStatus return:2359269714744 [878,891][hixl_transport.cpp:740,GetStatus]
[2026-08-24 19:22:01.338610][UC][I] [METRIC DEBUG] TransportManager GetStatus get task status:2359269714747 [878,891][transport_manager.cpp:721,GetStatus]
[2026-08-24 19:22:01.338617][UC][I] [METRIC DEBUG] TransportManager GetStatus return:2359269714754 [878,891][transport_manager.cpp:746,GetStatus]
[2026-08-24 19:22:01.338620][UC][I] [METRIC DEBUG] TransportManager GetStatus START:2359269714757 [878,891][transport_manager.cpp:706,GetStatus]
[2026-08-24 19:22:01.338623][UC][I] [METRIC DEBUG] TransportManager GetStatus get record:2359269714760 [878,891][transport_manager.cpp:718,GetStatus]
[2026-08-24 19:22:01.338625][UC][I] [METRIC DEBUG] HIXL transport GetStatus START:2359269714762 [878,891][hixl_transport.cpp:701,GetStatus]
[2026-08-24 19:22:01.338628][UC][I] [METRIC DEBUG] HIXL transport GetStatus get lifecycle_lock:2359269714765 [878,891][hixl_transport.cpp:709,GetStatus]
[2026-08-24 19:22:01.338631][UC][I] [METRIC DEBUG] HIXL transport GetStatus get pending_mutex_:2359269714768 [878,891][hixl_transport.cpp:721,GetStatus]
[2026-08-24 19:22:01.338634][UC][I] [METRIC DEBUG] HIXL instance GetTransferStatus START:2359269714770 [878,891][hixl_instance.cpp:326,GetTransferStatus]
[2026-08-24 19:22:01.338642][UC][I] [METRIC DEBUG] HIXL instance GetTransferStatus RUN:2359269714778 [878,895][hixl_instance.cpp:331,operator()]
[2026-08-24 19:22:01.338652][UC][I] [METRIC DEBUG] HIXL transport GetStatus get task status:2359269714789 [878,891][hixl_transport.cpp:725,GetStatus]
[2026-08-24 19:22:01.338657][UC][I] [METRIC DEBUG] HIXL transport GetStatus return:2359269714794 [878,891][hixl_transport.cpp:740,GetStatus]
[2026-08-24 19:22:01.338660][UC][I] [METRIC DEBUG] TransportManager GetStatus get task status:2359269714797 [878,891][transport_manager.cpp:721,GetStatus]
[2026-08-24 19:22:01.338662][UC][I] [METRIC DEBUG] TransportManager GetStatus return:2359269714799 [878,891][transport_manager.cpp:746,GetStatus]
[2026-08-24 19:22:01.338665][UC][I] [METRIC DEBUG] TransportManager GetStatus START:2359269714802 [878,891][transport_manager.cpp:706,GetStatus]
[2026-08-24 19:22:01.338668][UC][I] [METRIC DEBUG] TransportManager GetStatus get record:2359269714805 [878,891][transport_manager.cpp:718,GetStatus]
[2026-08-24 19:22:01.338671][UC][I] [METRIC DEBUG] HIXL transport GetStatus START:2359269714807 [878,891][hixl_transport.cpp:701,GetStatus]
[2026-08-24 19:22:01.338674][UC][I] [METRIC DEBUG] HIXL transport GetStatus get lifecycle_lock:2359269714810 [878,891][hixl_transport.cpp:709,GetStatus]
[2026-08-24 19:22:01.338676][UC][I] [METRIC DEBUG] HIXL transport GetStatus get pending_mutex_:2359269714813 [878,891][hixl_transport.cpp:721,GetStatus]
[2026-08-24 19:22:01.338678][UC][I] [METRIC DEBUG] HIXL instance GetTransferStatus START:2359269714815 [878,891][hixl_instance.cpp:326,GetTransferStatus]
[2026-08-24 19:22:01.338686][UC][I] [METRIC DEBUG] HIXL instance GetTransferStatus RUN:2359269714822 [878,895][hixl_instance.cpp:331,operator()]
[2026-08-24 19:22:01.338696][UC][I] [METRIC DEBUG] HIXL transport GetStatus get task status:2359269714832 [878,891][hixl_transport.cpp:725,GetStatus]
[2026-08-24 19:22:01.338700][UC][I] [METRIC DEBUG] HIXL transport GetStatus return:2359269714837 [878,891][hixl_transport.cpp:740,GetStatus]
[2026-08-24 19:22:01.338704][UC][I] [METRIC DEBUG] TransportManager GetStatus get task status:2359269714840 [878,891][transport_manager.cpp:721,GetStatus]
[2026-08-24 19:22:01.338706][UC][I] [METRIC DEBUG] TransportManager GetStatus return:2359269714843 [878,891][transport_manager.cpp:746,GetStatus]
[2026-08-24 19:22:01.338709][UC][I] [METRIC DEBUG] TransportManager GetStatus START:2359269714846 [878,891][transport_manager.cpp:706,GetStatus]
[2026-08-24 19:22:01.338712][UC][I] [METRIC DEBUG] TransportManager GetStatus get record:2359269714849 [878,891][transport_manager.cpp:718,GetStatus]
[2026-08-24 19:22:01.338715][UC][I] [METRIC DEBUG] HIXL transport GetStatus START:2359269714852 [878,891][hixl_transport.cpp:701,GetStatus]
[2026-08-24 19:22:01.338717][UC][I] [METRIC DEBUG] HIXL transport GetStatus get lifecycle_lock:2359269714854 [878,891][hixl_transport.cpp:709,GetStatus]
[2026-08-24 19:22:01.338720][UC][I] [METRIC DEBUG] HIXL transport GetStatus get pending_mutex_:2359269714857 [878,891][hixl_transport.cpp:721,GetStatus]
[2026-08-24 19:22:01.338727][UC][I] [METRIC DEBUG] HIXL instance GetTransferStatus START:2359269714863 [878,891][hixl_instance.cpp:326,GetTransferStatus]
[2026-08-24 19:22:01.338735][UC][I] [METRIC DEBUG] HIXL instance GetTransferStatus RUN:2359269714871 [878,895][hixl_instance.cpp:331,operator()]
[2026-08-24 19:22:01.338744][UC][I] [METRIC DEBUG] HIXL transport GetStatus get task status:2359269714881 [878,891][hixl_transport.cpp:725,GetStatus]
[2026-08-24 19:22:01.338749][UC][I] [METRIC DEBUG] HIXL transport GetStatus return:2359269714886 [878,891][hixl_transport.cpp:740,GetStatus]
[2026-08-24 19:22:01.338752][UC][I] [METRIC DEBUG] TransportManager GetStatus get task status:2359269714889 [878,891][transport_manager.cpp:721,GetStatus]
[2026-08-24 19:22:01.338755][UC][I] [METRIC DEBUG] TransportManager GetStatus return:2359269714892 [878,891][transport_manager.cpp:746,GetStatus]
[2026-08-24 19:22:01.338758][UC][I] [METRIC DEBUG] TransportManager GetStatus START:2359269714895 [878,891][transport_manager.cpp:706,GetStatus]
[2026-08-24 19:22:01.338760][UC][I] [METRIC DEBUG] TransportManager GetStatus get record:2359269714897 [878,891][transport_manager.cpp:718,GetStatus]
[2026-08-24 19:22:01.338763][UC][I] [METRIC DEBUG] HIXL transport GetStatus START:2359269714900 [878,891][hixl_transport.cpp:701,GetStatus]
[2026-08-24 19:22:01.338766][UC][I] [METRIC DEBUG] HIXL transport GetStatus get lifecycle_lock:2359269714903 [878,891][hixl_transport.cpp:709,GetStatus]
[2026-08-24 19:22:01.338769][UC][I] [METRIC DEBUG] HIXL transport GetStatus get pending_mutex_:2359269714906 [878,891][hixl_transport.cpp:721,GetStatus]
[2026-08-24 19:22:01.338772][UC][I] [METRIC DEBUG] HIXL instance GetTransferStatus START:2359269714908 [878,891][hixl_instance.cpp:326,GetTransferStatus]
[2026-08-24 19:22:01.338779][UC][I] [METRIC DEBUG] HIXL instance GetTransferStatus RUN:2359269714916 [878,895][hixl_instance.cpp:331,operator()]
[2026-08-24 19:22:01.338789][UC][I] [METRIC DEBUG] HIXL transport GetStatus get task status:2359269714926 [878,891][hixl_transport.cpp:725,GetStatus]
[2026-08-24 19:22:01.338795][UC][I] [METRIC DEBUG] HIXL transport GetStatus return:2359269714931 [878,891][hixl_transport.cpp:740,GetStatus]
[2026-08-24 19:22:01.338798][UC][I] [METRIC DEBUG] TransportManager GetStatus get task status:2359269714934 [878,891][transport_manager.cpp:721,GetStatus]
[2026-08-24 19:22:01.338800][UC][I] [METRIC DEBUG] TransportManager GetStatus return:2359269714937 [878,891][transport_manager.cpp:746,GetStatus]
[2026-08-24 19:22:01.338803][UC][I] [METRIC DEBUG] TransportManager GetStatus START:2359269714939 [878,891][transport_manager.cpp:706,GetStatus]
[2026-08-24 19:22:01.338805][UC][I] [METRIC DEBUG] TransportManager GetStatus get record:2359269714942 [878,891][transport_manager.cpp:718,GetStatus]
[2026-08-24 19:22:01.338808][UC][I] [METRIC DEBUG] HIXL transport GetStatus START:2359269714945 [878,891][hixl_transport.cpp:701,GetStatus]
[2026-08-24 19:22:01.338810][UC][I] [METRIC DEBUG] HIXL transport GetStatus get lifecycle_lock:2359269714947 [878,891][hixl_transport.cpp:709,GetStatus]
[2026-08-24 19:22:01.338813][UC][I] [METRIC DEBUG] HIXL transport GetStatus get pending_mutex_:2359269714950 [878,891][hixl_transport.cpp:721,GetStatus]
[2026-08-24 19:22:01.338815][UC][I] [METRIC DEBUG] HIXL instance GetTransferStatus START:2359269714952 [878,891][hixl_instance.cpp:326,GetTransferStatus]
[2026-08-24 19:22:01.338823][UC][I] [METRIC DEBUG] HIXL instance GetTransferStatus RUN:2359269714960 [878,895][hixl_instance.cpp:331,operator()]
[2026-08-24 19:22:01.338833][UC][I] [METRIC DEBUG] HIXL transport GetStatus get task status:2359269714970 [878,891][hixl_transport.cpp:725,GetStatus]
[2026-08-24 19:22:01.338838][UC][I] [METRIC DEBUG] HIXL transport GetStatus return:2359269714975 [878,891][hixl_transport.cpp:740,GetStatus]
[2026-08-24 19:22:01.338840][UC][I] [METRIC DEBUG] TransportManager GetStatus get task status:2359269714977 [878,891][transport_manager.cpp:721,GetStatus]
[2026-08-24 19:22:01.338847][UC][I] [METRIC DEBUG] TransportManager GetStatus return:2359269714984 [878,891][transport_manager.cpp:746,GetStatus]
[2026-08-24 19:22:01.338850][UC][I] [METRIC DEBUG] TransportManager GetStatus START:2359269714987 [878,891][transport_manager.cpp:706,GetStatus]
[2026-08-24 19:22:01.338853][UC][I] [METRIC DEBUG] TransportManager GetStatus get record:2359269714990 [878,891][transport_manager.cpp:718,GetStatus]
[2026-08-24 19:22:01.338856][UC][I] [METRIC DEBUG] HIXL transport GetStatus START:2359269714993 [878,891][hixl_transport.cpp:701,GetStatus]
[2026-08-24 19:22:01.338859][UC][I] [METRIC DEBUG] HIXL transport GetStatus get lifecycle_lock:2359269714995 [878,891][hixl_transport.cpp:709,GetStatus]
[2026-08-24 19:22:01.338862][UC][I] [METRIC DEBUG] HIXL transport GetStatus get pending_mutex_:2359269714998 [878,891][hixl_transport.cpp:721,GetStatus]
[2026-08-24 19:22:01.338864][UC][I] [METRIC DEBUG] HIXL instance GetTransferStatus START:2359269715001 [878,891][hixl_instance.cpp:326,GetTransferStatus]
[2026-08-24 19:22:01.338872][UC][I] [METRIC DEBUG] HIXL instance GetTransferStatus RUN:2359269715009 [878,895][hixl_instance.cpp:331,operator()]
[2026-08-24 19:22:01.338882][UC][I] [METRIC DEBUG] HIXL transport GetStatus get task status:2359269715019 [878,891][hixl_transport.cpp:725,GetStatus]
[2026-08-24 19:22:01.338887][UC][I] [METRIC DEBUG] HIXL transport GetStatus return:2359269715023 [878,891][hixl_transport.cpp:740,GetStatus]
[2026-08-24 19:22:01.338889][UC][I] [METRIC DEBUG] TransportManager GetStatus get task status:2359269715026 [878,891][transport_manager.cpp:721,GetStatus]
[2026-08-24 19:22:01.338892][UC][I] [METRIC DEBUG] TransportManager GetStatus return:2359269715029 [878,891][transport_manager.cpp:746,GetStatus]
[2026-08-24 19:22:01.338895][UC][I] [METRIC DEBUG] TransportManager GetStatus START:2359269715032 [878,891][transport_manager.cpp:706,GetStatus]
[2026-08-24 19:22:01.338898][UC][I] [METRIC DEBUG] TransportManager GetStatus get record:2359269715035 [878,891][transport_manager.cpp:718,GetStatus]
[2026-08-24 19:22:01.338901][UC][I] [METRIC DEBUG] HIXL transport GetStatus START:2359269715037 [878,891][hixl_transport.cpp:701,GetStatus]
[2026-08-24 19:22:01.338903][UC][I] [METRIC DEBUG] HIXL transport GetStatus get lifecycle_lock:2359269715040 [878,891][hixl_transport.cpp:709,GetStatus]
[2026-08-24 19:22:01.338906][UC][I] [METRIC DEBUG] HIXL transport GetStatus get pending_mutex_:2359269715043 [878,891][hixl_transport.cpp:721,GetStatus]
[2026-08-24 19:22:01.338909][UC][I] [METRIC DEBUG] HIXL instance GetTransferStatus START:2359269715046 [878,891][hixl_instance.cpp:326,GetTransferStatus]
[2026-08-24 19:22:01.338916][UC][I] [METRIC DEBUG] HIXL instance GetTransferStatus RUN:2359269715053 [878,895][hixl_instance.cpp:331,operator()]
[2026-08-24 19:22:01.338926][UC][I] [METRIC DEBUG] HIXL transport GetStatus get task status:2359269715063 [878,891][hixl_transport.cpp:725,GetStatus]
[2026-08-24 19:22:01.338931][UC][I] [METRIC DEBUG] HIXL transport GetStatus return:2359269715067 [878,891][hixl_transport.cpp:740,GetStatus]
[2026-08-24 19:22:01.338933][UC][I] [METRIC DEBUG] TransportManager GetStatus get task status:2359269715070 [878,891][transport_manager.cpp:721,GetStatus]
[2026-08-24 19:22:01.338936][UC][I] [METRIC DEBUG] TransportManager GetStatus return:2359269715073 [878,891][transport_manager.cpp:746,GetStatus]
[2026-08-24 19:22:01.338940][UC][I] [METRIC DEBUG] TransportManager GetStatus START:2359269715076 [878,891][transport_manager.cpp:706,GetStatus]
[2026-08-24 19:22:01.338943][UC][I] [METRIC DEBUG] TransportManager GetStatus get record:2359269715079 [878,891][transport_manager.cpp:718,GetStatus]
[2026-08-24 19:22:01.338945][UC][I] [METRIC DEBUG] HIXL transport GetStatus START:2359269715082 [878,891][hixl_transport.cpp:701,GetStatus]
[2026-08-24 19:22:01.338948][UC][I] [METRIC DEBUG] HIXL transport GetStatus get lifecycle_lock:2359269715084 [878,891][hixl_transport.cpp:709,GetStatus]
[2026-08-24 19:22:01.338950][UC][I] [METRIC DEBUG] HIXL transport GetStatus get pending_mutex_:2359269715087 [878,891][hixl_transport.cpp:721,GetStatus]
[2026-08-24 19:22:01.338959][UC][I] [METRIC DEBUG] HIXL instance GetTransferStatus START:2359269715096 [878,891][hixl_instance.cpp:326,GetTransferStatus]
[2026-08-24 19:22:01.338967][UC][I] [METRIC DEBUG] HIXL instance GetTransferStatus RUN:2359269715104 [878,895][hixl_instance.cpp:331,operator()]
[2026-08-24 19:22:01.338977][UC][I] [METRIC DEBUG] HIXL transport GetStatus get task status:2359269715114 [878,891][hixl_transport.cpp:725,GetStatus]
[2026-08-24 19:22:01.338982][UC][I] [METRIC DEBUG] HIXL transport GetStatus return:2359269715119 [878,891][hixl_transport.cpp:740,GetStatus]
[2026-08-24 19:22:01.338985][UC][I] [METRIC DEBUG] TransportManager GetStatus get task status:2359269715122 [878,891][transport_manager.cpp:721,GetStatus]
[2026-08-24 19:22:01.338988][UC][I] [METRIC DEBUG] TransportManager GetStatus return:2359269715125 [878,891][transport_manager.cpp:746,GetStatus]
[2026-08-24 19:22:01.338991][UC][I] [METRIC DEBUG] TransportManager GetStatus START:2359269715128 [878,891][transport_manager.cpp:706,GetStatus]
[2026-08-24 19:22:01.338994][UC][I] [METRIC DEBUG] TransportManager GetStatus get record:2359269715131 [878,891][transport_manager.cpp:718,GetStatus]
[2026-08-24 19:22:01.338996][UC][I] [METRIC DEBUG] HIXL transport GetStatus START:2359269715133 [878,891][hixl_transport.cpp:701,GetStatus]
[2026-08-24 19:22:01.338999][UC][I] [METRIC DEBUG] HIXL transport GetStatus get lifecycle_lock:2359269715135 [878,891][hixl_transport.cpp:709,GetStatus]
[2026-08-24 19:22:01.339001][UC][I] [METRIC DEBUG] HIXL transport GetStatus get pending_mutex_:2359269715138 [878,891][hixl_transport.cpp:721,GetStatus]
[2026-08-24 19:22:01.339003][UC][I] [METRIC DEBUG] HIXL instance GetTransferStatus START:2359269715140 [878,891][hixl_instance.cpp:326,GetTransferStatus]
[2026-08-24 19:22:01.339011][UC][I] [METRIC DEBUG] HIXL instance GetTransferStatus RUN:2359269715148 [878,895][hixl_instance.cpp:331,operator()]
[2026-08-24 19:22:01.339021][UC][I] [METRIC DEBUG] HIXL transport GetStatus get task status:2359269715158 [878,891][hixl_transport.cpp:725,GetStatus]
[2026-08-24 19:22:01.339026][UC][I] [METRIC DEBUG] HIXL transport GetStatus return:2359269715162 [878,891][hixl_transport.cpp:740,GetStatus]
[2026-08-24 19:22:01.339029][UC][I] [METRIC DEBUG] TransportManager GetStatus get task status:2359269715166 [878,891][transport_manager.cpp:721,GetStatus]
[2026-08-24 19:22:01.339032][UC][I] [METRIC DEBUG] TransportManager GetStatus return:2359269715169 [878,891][transport_manager.cpp:746,GetStatus]
[2026-08-24 19:22:01.339035][UC][I] [METRIC DEBUG] TransportManager GetStatus START:2359269715172 [878,891][transport_manager.cpp:706,GetStatus]
[2026-08-24 19:22:01.339038][UC][I] [METRIC DEBUG] TransportManager GetStatus get record:2359269715175 [878,891][transport_manager.cpp:718,GetStatus]
[2026-08-24 19:22:01.339040][UC][I] [METRIC DEBUG] HIXL transport GetStatus START:2359269715177 [878,891][hixl_transport.cpp:701,GetStatus]
[2026-08-24 19:22:01.339043][UC][I] [METRIC DEBUG] HIXL transport GetStatus get lifecycle_lock:2359269715180 [878,891][hixl_transport.cpp:709,GetStatus]
[2026-08-24 19:22:01.339046][UC][I] [METRIC DEBUG] HIXL transport GetStatus get pending_mutex_:2359269715183 [878,891][hixl_transport.cpp:721,GetStatus]
[2026-08-24 19:22:01.339049][UC][I] [METRIC DEBUG] HIXL instance GetTransferStatus START:2359269715186 [878,891][hixl_instance.cpp:326,GetTransferStatus]
[2026-08-24 19:22:01.339057][UC][I] [METRIC DEBUG] HIXL instance GetTransferStatus RUN:2359269715193 [878,895][hixl_instance.cpp:331,operator()]
[2026-08-24 19:22:01.339067][UC][I] [METRIC DEBUG] HIXL transport GetStatus get task status:2359269715204 [878,891][hixl_transport.cpp:725,GetStatus]
[2026-08-24 19:22:01.339071][UC][I] [METRIC DEBUG] HIXL transport GetStatus return:2359269715208 [878,891][hixl_transport.cpp:740,GetStatus]
[2026-08-24 19:22:01.339074][UC][I] [METRIC DEBUG] TransportManager GetStatus get task status:2359269715211 [878,891][transport_manager.cpp:721,GetStatus]
[2026-08-24 19:22:01.339082][UC][I] [METRIC DEBUG] TransportManager GetStatus return:2359269715218 [878,891][transport_manager.cpp:746,GetStatus]
[2026-08-24 19:22:01.339085][UC][I] [METRIC DEBUG] TransportManager GetStatus START:2359269715222 [878,891][transport_manager.cpp:706,GetStatus]
[2026-08-24 19:22:01.339088][UC][I] [METRIC DEBUG] TransportManager GetStatus get record:2359269715225 [878,891][transport_manager.cpp:718,GetStatus]
[2026-08-24 19:22:01.339091][UC][I] [METRIC DEBUG] HIXL transport GetStatus START:2359269715228 [878,891][hixl_transport.cpp:701,GetStatus]
[2026-08-24 19:22:01.339094][UC][I] [METRIC DEBUG] HIXL transport GetStatus get lifecycle_lock:2359269715230 [878,891][hixl_transport.cpp:709,GetStatus]
[2026-08-24 19:22:01.339097][UC][I] [METRIC DEBUG] HIXL transport GetStatus get pending_mutex_:2359269715234 [878,891][hixl_transport.cpp:721,GetStatus]
[2026-08-24 19:22:01.339099][UC][I] [METRIC DEBUG] HIXL instance GetTransferStatus START:2359269715236 [878,891][hixl_instance.cpp:326,GetTransferStatus]
[2026-08-24 19:22:01.339107][UC][I] [METRIC DEBUG] HIXL instance GetTransferStatus RUN:2359269715243 [878,895][hixl_instance.cpp:331,operator()]
[2026-08-24 19:22:01.339117][UC][I] [METRIC DEBUG] HIXL transport GetStatus get task status:2359269715254 [878,891][hixl_transport.cpp:725,GetStatus]
[2026-08-24 19:22:01.339122][UC][I] [METRIC DEBUG] HIXL transport GetStatus return:2359269715258 [878,891][hixl_transport.cpp:740,GetStatus]
[2026-08-24 19:22:01.339125][UC][I] [METRIC DEBUG] TransportManager GetStatus get task status:2359269715261 [878,891][transport_manager.cpp:721,GetStatus]
[2026-08-24 19:22:01.339127][UC][I] [METRIC DEBUG] TransportManager GetStatus return:2359269715264 [878,891][transport_manager.cpp:746,GetStatus]
[2026-08-24 19:22:01.339130][UC][I] [METRIC DEBUG] TransportManager GetStatus START:2359269715267 [878,891][transport_manager.cpp:706,GetStatus]
[2026-08-24 19:22:01.339133][UC][I] [METRIC DEBUG] TransportManager GetStatus get record:2359269715270 [878,891][transport_manager.cpp:718,GetStatus]
[2026-08-24 19:22:01.339136][UC][I] [METRIC DEBUG] HIXL transport GetStatus START:2359269715272 [878,891][hixl_transport.cpp:701,GetStatus]
[2026-08-24 19:22:01.339139][UC][I] [METRIC DEBUG] HIXL transport GetStatus get lifecycle_lock:2359269715276 [878,891][hixl_transport.cpp:709,GetStatus]
[2026-08-24 19:22:01.339142][UC][I] [METRIC DEBUG] HIXL transport GetStatus get pending_mutex_:2359269715278 [878,891][hixl_transport.cpp:721,GetStatus]
[2026-08-24 19:22:01.339144][UC][I] [METRIC DEBUG] HIXL instance GetTransferStatus START:2359269715281 [878,891][hixl_instance.cpp:326,GetTransferStatus]
[2026-08-24 19:22:01.339151][UC][I] [METRIC DEBUG] HIXL instance GetTransferStatus RUN:2359269715288 [878,895][hixl_instance.cpp:331,operator()]
[2026-08-24 19:22:01.339161][UC][I] [METRIC DEBUG] HIXL transport GetStatus get task status:2359269715298 [878,891][hixl_transport.cpp:725,GetStatus]
[2026-08-24 19:22:01.339166][UC][I] [METRIC DEBUG] HIXL transport GetStatus return:2359269715302 [878,891][hixl_transport.cpp:740,GetStatus]
[2026-08-24 19:22:01.339169][UC][I] [METRIC DEBUG] TransportManager GetStatus get task status:2359269715305 [878,891][transport_manager.cpp:721,GetStatus]
[2026-08-24 19:22:01.339171][UC][I] [METRIC DEBUG] TransportManager GetStatus return:2359269715308 [878,891][transport_manager.cpp:746,GetStatus]
[2026-08-24 19:22:01.339174][UC][I] [METRIC DEBUG] TransportManager GetStatus START:2359269715311 [878,891][transport_manager.cpp:706,GetStatus]
[2026-08-24 19:22:01.339178][UC][I] [METRIC DEBUG] TransportManager GetStatus get record:2359269715314 [878,891][transport_manager.cpp:718,GetStatus]
[2026-08-24 19:22:01.339181][UC][I] [METRIC DEBUG] HIXL transport GetStatus START:2359269715317 [878,891][hixl_transport.cpp:701,GetStatus]
[2026-08-24 19:22:01.339183][UC][I] [METRIC DEBUG] HIXL transport GetStatus get lifecycle_lock:2359269715320 [878,891][hixl_transport.cpp:709,GetStatus]
[2026-08-24 19:22:01.339185][UC][I] [METRIC DEBUG] HIXL transport GetStatus get pending_mutex_:2359269715322 [878,891][hixl_transport.cpp:721,GetStatus]
[2026-08-24 19:22:01.339192][UC][I] [METRIC DEBUG] HIXL instance GetTransferStatus START:2359269715329 [878,891][hixl_instance.cpp:326,GetTransferStatus]
[2026-08-24 19:22:01.339200][UC][I] [METRIC DEBUG] HIXL instance GetTransferStatus RUN:2359269715336 [878,895][hixl_instance.cpp:331,operator()]
[2026-08-24 19:22:01.339216][UC][I] [METRIC DEBUG] HIXL transport GetStatus get task status:2359269715353 [878,891][hixl_transport.cpp:725,GetStatus]
[2026-08-24 19:22:01.339222][UC][I] [METRIC DEBUG] HIXL transport GetStatus return:2359269715359 [878,891][hixl_transport.cpp:740,GetStatus]
[2026-08-24 19:22:01.339225][UC][I] [METRIC DEBUG] TransportManager GetStatus get task status:2359269715362 [878,891][transport_manager.cpp:721,GetStatus]
[2026-08-24 19:22:01.339229][UC][I] [PERF] component=transport event=transfer_done manager=127.0.0.1:8000 target=127.0.0.1:4502 handle=7 transport_handle=7 opcode=1 direct=2 segments=108 bytes=7962624 status=1 api_status=0 submitted_ts_us=1787570521337546 completed_ts_us=1787570521339227 manager_get_status_ts_us=1787570521339174 backend_query_ts_us=1787570521339204 submit_us=2217 transfer_us=1682 manager_to_backend_query_us=25 total_us=3899 [878,891][transport_manager.cpp:725,GetStatus]
[2026-08-24 19:22:01.339232][UC][I] [METRIC DEBUG] TransportManager GetStatus return:2359269715369 [878,891][transport_manager.cpp:746,GetStatus]
[2026-08-24 19:22:01.339255][UC][I] [METRIC DEBUG] TransportManager ExecuteAsync START:2359269715392 [878,891][transport_manager.cpp:640,ExecuteAsync]
[2026-08-24 19:22:01.339260][UC][I] [METRIC DEBUG] TransportManager ExecuteAsync find transport:2359269715397 [878,891][transport_manager.cpp:645,ExecuteAsync]
[2026-08-24 19:22:01.339263][UC][I] [METRIC DEBUG] HIXL transport ExecuteAsync START:2359269715400 [878,891][hixl_transport.cpp:627,ExecuteAsync]
[2026-08-24 19:22:01.339266][UC][I] [METRIC DEBUG] HIXL transport ExecuteAsync get lifecycle_lock:2359269715403 [878,891][hixl_transport.cpp:629,ExecuteAsync]
[2026-08-24 19:22:01.339270][UC][I] [METRIC DEBUG] HIXL transport ExecuteAsync get peer route:2359269715407 [878,891][hixl_transport.cpp:659,ExecuteAsync]
[2026-08-24 19:22:01.339273][UC][I] [METRIC DEBUG] HIXL transport ExecuteAsync validate memory:2359269715410 [878,891][hixl_transport.cpp:671,ExecuteAsync]
[2026-08-24 19:22:01.339277][UC][I] [METRIC DEBUG] HIXL instance TransferAsync START:2359269715413 [878,891][hixl_instance.cpp:283,TransferAsync]
[2026-08-24 19:22:01.339285][UC][I] [METRIC DEBUG] HIXL instance TransferAsync RUN:2359269715421 [878,895][hixl_instance.cpp:286,operator()]
[2026-08-24 19:22:01.339290][UC][I] [METRIC DEBUG] HIXL instance TransferAsync descriptors built:2359269715427 [878,895][hixl_instance.cpp:288,operator()]
[2026-08-24 19:22:01.339294][UC][I] [METRIC DEBUG] HIXL instance TransferAsync native call begin:2359269715430 [878,895][hixl_instance.cpp:296,operator()]
[2026-08-24 19:22:01.339397][UC][I] [METRIC DEBUG] HIXL instance TransferAsync native call returned:2359269715533 [878,895][hixl_instance.cpp:300,operator()]
[2026-08-24 19:22:01.339411][UC][I] [METRIC DEBUG] HIXL instance TransferAsync Run returned:2359269715548 [878,891][hixl_instance.cpp:316,TransferAsync]
[2026-08-24 19:22:01.339417][UC][I] [METRIC DEBUG] HIXL instance TransferAsync return:2359269715553 [878,891][hixl_instance.cpp:318,TransferAsync]
[2026-08-24 19:22:01.339419][UC][I] [METRIC DEBUG] HIXL transport ExecuteAsync instance returned:2359269715556 [878,891][hixl_transport.cpp:677,ExecuteAsync]
[2026-08-24 19:22:01.339422][UC][I] [METRIC DEBUG] HIXL transport ExecuteAsync pending inserted:2359269715559 [878,891][hixl_transport.cpp:687,ExecuteAsync]
[2026-08-24 19:22:01.339425][UC][I] [METRIC DEBUG] HIXL transport ExecuteAsync return:2359269715562 [878,891][hixl_transport.cpp:694,ExecuteAsync]
[2026-08-24 19:22:01.339428][UC][I] [METRIC DEBUG] TransportManager ExecuteAsync backend returned:2359269715565 [878,891][transport_manager.cpp:658,ExecuteAsync]
[2026-08-24 19:22:01.339431][UC][I] [METRIC DEBUG] TransportManager ExecuteAsync record inserted:2359269715568 [878,891][transport_manager.cpp:679,ExecuteAsync]
[2026-08-24 19:22:01.339438][UC][I] [PERF] component=transport event=transfer_submitted manager=127.0.0.1:8000 target=127.0.0.1:4502 handle=8 transport_handle=8 opcode=1 direct=2 segments=1 bytes=63 submitted_ts_us=1787570521339430 manager_execute_async_ts_us=1787570521339254 backend_execute_async_ts_us=1787570521339293 manager_to_backend_execute_async_us=39 submit_us=168 [878,891][transport_manager.cpp:681,ExecuteAsync]
[2026-08-24 19:22:01.339442][UC][I] [METRIC DEBUG] TransportManager ExecuteAsync return:2359269715578 [878,891][transport_manager.cpp:694,ExecuteAsync]
[2026-08-24 19:22:01.339445][UC][I] [METRIC DEBUG] TransportManager GetStatus START:2359269715582 [878,891][transport_manager.cpp:706,GetStatus]
[2026-08-24 19:22:01.339448][UC][I] [METRIC DEBUG] TransportManager GetStatus get record:2359269715585 [878,891][transport_manager.cpp:718,GetStatus]
[2026-08-24 19:22:01.339450][UC][I] [METRIC DEBUG] HIXL transport GetStatus START:2359269715587 [878,891][hixl_transport.cpp:701,GetStatus]
[2026-08-24 19:22:01.339453][UC][I] [METRIC DEBUG] HIXL transport GetStatus get lifecycle_lock:2359269715590 [878,891][hixl_transport.cpp:709,GetStatus]
[2026-08-24 19:22:01.339456][UC][I] [METRIC DEBUG] HIXL transport GetStatus get pending_mutex_:2359269715592 [878,891][hixl_transport.cpp:721,GetStatus]
[2026-08-24 19:22:01.339458][UC][I] [METRIC DEBUG] HIXL instance GetTransferStatus START:2359269715595 [878,891][hixl_instance.cpp:326,GetTransferStatus]
[2026-08-24 19:22:01.339467][UC][I] [METRIC DEBUG] HIXL instance GetTransferStatus RUN:2359269715603 [878,895][hixl_instance.cpp:331,operator()]
[2026-08-24 19:22:01.339479][UC][I] [METRIC DEBUG] HIXL transport GetStatus get task status:2359269715615 [878,891][hixl_transport.cpp:725,GetStatus]
[2026-08-24 19:22:01.339483][UC][I] [METRIC DEBUG] HIXL transport GetStatus return:2359269715620 [878,891][hixl_transport.cpp:740,GetStatus]
[2026-08-24 19:22:01.339486][UC][I] [METRIC DEBUG] TransportManager GetStatus get task status:2359269715623 [878,891][transport_manager.cpp:721,GetStatus]
[2026-08-24 19:22:01.339489][UC][I] [METRIC DEBUG] TransportManager GetStatus return:2359269715626 [878,891][transport_manager.cpp:746,GetStatus]
[2026-08-24 19:22:01.339492][UC][I] [METRIC DEBUG] TransportManager GetStatus START:2359269715629 [878,891][transport_manager.cpp:706,GetStatus]
[2026-08-24 19:22:01.339495][UC][I] [METRIC DEBUG] TransportManager GetStatus get record:2359269715632 [878,891][transport_manager.cpp:718,GetStatus]
[2026-08-24 19:22:01.339497][UC][I] [METRIC DEBUG] HIXL transport GetStatus START:2359269715634 [878,891][hixl_transport.cpp:701,GetStatus]
[2026-08-24 19:22:01.339500][UC][I] [METRIC DEBUG] HIXL transport GetStatus get lifecycle_lock:2359269715637 [878,891][hixl_transport.cpp:709,GetStatus]
[2026-08-24 19:22:01.339503][UC][I] [METRIC DEBUG] HIXL transport GetStatus get pending_mutex_:2359269715640 [878,891][hixl_transport.cpp:721,GetStatus]
[2026-08-24 19:22:01.339506][UC][I] [METRIC DEBUG] HIXL instance GetTransferStatus START:2359269715643 [878,891][hixl_instance.cpp:326,GetTransferStatus]
[2026-08-24 19:22:01.339513][UC][I] [METRIC DEBUG] HIXL instance GetTransferStatus RUN:2359269715650 [878,895][hixl_instance.cpp:331,operator()]
[2026-08-24 19:22:01.339526][UC][I] [METRIC DEBUG] HIXL transport GetStatus get task status:2359269715663 [878,891][hixl_transport.cpp:725,GetStatus]
[2026-08-24 19:22:01.339531][UC][I] [METRIC DEBUG] HIXL transport GetStatus return:2359269715668 [878,891][hixl_transport.cpp:740,GetStatus]
[2026-08-24 19:22:01.339534][UC][I] [METRIC DEBUG] TransportManager GetStatus get task status:2359269715671 [878,891][transport_manager.cpp:721,GetStatus]
[2026-08-24 19:22:01.339537][UC][I] [PERF] component=transport event=transfer_done manager=127.0.0.1:8000 target=127.0.0.1:4502 handle=8 transport_handle=8 opcode=1 direct=2 segments=1 bytes=63 status=1 api_status=0 submitted_ts_us=1787570521339430 completed_ts_us=1787570521339536 manager_get_status_ts_us=1787570521339492 backend_query_ts_us=1787570521339518 submit_us=168 transfer_us=106 manager_to_backend_query_us=20 total_us=274 [878,891][transport_manager.cpp:725,GetStatus]
[2026-08-24 19:22:01.339545][UC][I] [METRIC DEBUG] TransportManager GetStatus return:2359269715682 [878,891][transport_manager.cpp:746,GetStatus]
[2026-08-24 19:22:01.339551][UC][I] [PERF] component=drampool event=request_done request_id=1 opcode=2 peer=127.0.0.1:4502 batch_size=108 data_bytes=7962624 failed_items=0 status=SUCCESS failed_stage=NONE received_ts_us=1787570521334578 worker_started_ts_us=1787570521335236 data_transfer_submitted_ts_us=1787570521337565 data_transfer_completed_ts_us=1787570521339235 response_submitted_ts_us=1787570521339444 completed_ts_us=1787570521339549 data_tm_execute_async_ts_us=1787570521335264 data_hixl_execute_async_ts_us=1787570521335558 data_tm_get_status_ts_us=1787570521339174 data_hixl_query_handle_ts_us=1787570521339204 response_tm_execute_async_ts_us=1787570521339254 response_hixl_execute_async_ts_us=1787570521339293 response_tm_get_status_ts_us=1787570521339492 response_hixl_query_handle_ts_us=1787570521339518 request_queue_us=658 metadata_prepare_us=25 taskworker_prepare_us=2330 poller_queue_us=18 data_transfer_us=1670 metadata_settle_us=17 response_slot_wait_us=1 response_submit_us=191 response_transfer_us=104 data_tm_to_hixl_execute_async_us=294 data_tm_to_hixl_query_handle_us=25 response_tm_to_hixl_execute_async_us=39 response_tm_to_hixl_query_handle_us=20 total_us=4971 [878,891][completion_poller.cc:56,LogRequestDone]
[2026-08-24 19:22:06.011625][UC][I] [METRIC DEBUG] TransportManager ExecuteAsync START:2359274387762 [878,891][transport_manager.cpp:640,ExecuteAsync]
[2026-08-24 19:22:06.011678][UC][I] [METRIC DEBUG] TransportManager ExecuteAsync find transport:2359274387814 [878,891][transport_manager.cpp:645,ExecuteAsync]
[2026-08-24 19:22:06.011683][UC][I] [METRIC DEBUG] HIXL transport ExecuteAsync START:2359274387820 [878,891][hixl_transport.cpp:627,ExecuteAsync]
[2026-08-24 19:22:06.011687][UC][I] [METRIC DEBUG] HIXL transport ExecuteAsync get lifecycle_lock:2359274387824 [878,891][hixl_transport.cpp:629,ExecuteAsync]
[2026-08-24 19:22:06.011692][UC][I] [METRIC DEBUG] HIXL transport ExecuteAsync get peer route:2359274387829 [878,891][hixl_transport.cpp:659,ExecuteAsync]
[2026-08-24 19:22:06.011696][UC][I] [METRIC DEBUG] HIXL transport ExecuteAsync validate memory:2359274387833 [878,891][hixl_transport.cpp:671,ExecuteAsync]
[2026-08-24 19:22:06.011700][UC][I] [METRIC DEBUG] HIXL instance TransferAsync START:2359274387836 [878,891][hixl_instance.cpp:283,TransferAsync]
[2026-08-24 19:22:06.011718][UC][I] [METRIC DEBUG] HIXL instance TransferAsync RUN:2359274387853 [878,916][hixl_instance.cpp:286,operator()]
[2026-08-24 19:22:06.011737][UC][I] [METRIC DEBUG] HIXL instance TransferAsync descriptors built:2359274387873 [878,916][hixl_instance.cpp:288,operator()]
[2026-08-24 19:22:06.011742][UC][I] [METRIC DEBUG] HIXL instance TransferAsync native call begin:2359274387879 [878,916][hixl_instance.cpp:296,operator()]
[2026-08-24 19:22:06.012013][UC][I] [METRIC DEBUG] HIXL instance TransferAsync native call returned:2359274388148 [878,916][hixl_instance.cpp:300,operator()]
[2026-08-24 19:22:06.012041][UC][I] [METRIC DEBUG] HIXL instance TransferAsync Run returned:2359274388178 [878,891][hixl_instance.cpp:316,TransferAsync]
[2026-08-24 19:22:06.012052][UC][I] [METRIC DEBUG] HIXL instance TransferAsync return:2359274388188 [878,891][hixl_instance.cpp:318,TransferAsync]
[2026-08-24 19:22:06.012056][UC][I] [METRIC DEBUG] HIXL transport ExecuteAsync instance returned:2359274388193 [878,891][hixl_transport.cpp:677,ExecuteAsync]
[2026-08-24 19:22:06.012059][UC][I] [METRIC DEBUG] HIXL transport ExecuteAsync pending inserted:2359274388196 [878,891][hixl_transport.cpp:687,ExecuteAsync]
[2026-08-24 19:22:06.012062][UC][I] [METRIC DEBUG] HIXL transport ExecuteAsync return:2359274388199 [878,891][hixl_transport.cpp:694,ExecuteAsync]
[2026-08-24 19:22:06.012065][UC][I] [METRIC DEBUG] TransportManager ExecuteAsync backend returned:2359274388202 [878,891][transport_manager.cpp:658,ExecuteAsync]
[2026-08-24 19:22:06.012084][UC][I] [METRIC DEBUG] TransportManager ExecuteAsync record inserted:2359274388221 [878,891][transport_manager.cpp:679,ExecuteAsync]
[2026-08-24 19:22:06.012088][UC][I] [PERF] component=transport event=transfer_submitted manager=127.0.0.1:8000 target=127.0.0.1:4500 handle=9 transport_handle=9 opcode=1 direct=2 segments=1 bytes=10 submitted_ts_us=1787570526012083 manager_execute_async_ts_us=1787570526011624 backend_execute_async_ts_us=1787570526011742 manager_to_backend_execute_async_us=118 submit_us=401 [878,891][transport_manager.cpp:681,ExecuteAsync]
[2026-08-24 19:22:06.012090][UC][I] [METRIC DEBUG] TransportManager ExecuteAsync return:2359274388227 [878,891][transport_manager.cpp:694,ExecuteAsync]
[2026-08-24 19:22:06.012094][UC][I] [METRIC DEBUG] TransportManager GetStatus START:2359274388231 [878,891][transport_manager.cpp:706,GetStatus]
[2026-08-24 19:22:06.012097][UC][I] [METRIC DEBUG] TransportManager GetStatus get record:2359274388233 [878,891][transport_manager.cpp:718,GetStatus]
[2026-08-24 19:22:06.012099][UC][I] [METRIC DEBUG] HIXL transport GetStatus START:2359274388236 [878,891][hixl_transport.cpp:701,GetStatus]
[2026-08-24 19:22:06.012102][UC][I] [METRIC DEBUG] HIXL transport GetStatus get lifecycle_lock:2359274388239 [878,891][hixl_transport.cpp:709,GetStatus]
[2026-08-24 19:22:06.012105][UC][I] [METRIC DEBUG] HIXL transport GetStatus get pending_mutex_:2359274388241 [878,891][hixl_transport.cpp:721,GetStatus]
[2026-08-24 19:22:06.012107][UC][I] [METRIC DEBUG] HIXL instance GetTransferStatus START:2359274388244 [878,891][hixl_instance.cpp:326,GetTransferStatus]
[2026-08-24 19:22:06.012117][UC][I] [METRIC DEBUG] HIXL instance GetTransferStatus RUN:2359274388253 [878,916][hixl_instance.cpp:331,operator()]
[2026-08-24 19:22:06.012141][UC][I] [METRIC DEBUG] HIXL transport GetStatus get task status:2359274388278 [878,891][hixl_transport.cpp:725,GetStatus]
[2026-08-24 19:22:06.012147][UC][I] [METRIC DEBUG] HIXL transport GetStatus return:2359274388284 [878,891][hixl_transport.cpp:740,GetStatus]
[2026-08-24 19:22:06.012151][UC][I] [METRIC DEBUG] TransportManager GetStatus get task status:2359274388288 [878,891][transport_manager.cpp:721,GetStatus]
[2026-08-24 19:22:06.012154][UC][I] [PERF] component=transport event=transfer_done manager=127.0.0.1:8000 target=127.0.0.1:4500 handle=9 transport_handle=9 opcode=1 direct=2 segments=1 bytes=10 status=1 api_status=0 submitted_ts_us=1787570526012083 completed_ts_us=1787570526012153 manager_get_status_ts_us=1787570526012093 backend_query_ts_us=1787570526012123 submit_us=401 transfer_us=71 manager_to_backend_query_us=23 total_us=472 [878,891][transport_manager.cpp:725,GetStatus]
[2026-08-24 19:22:06.012157][UC][I] [METRIC DEBUG] TransportManager GetStatus return:2359274388294 [878,891][transport_manager.cpp:746,GetStatus]
[2026-08-24 19:22:06.012162][UC][I] [PERF] component=drampool event=request_done request_id=3 opcode=0 peer=127.0.0.1:4500 batch_size=2 data_bytes=0 failed_items=0 status=SUCCESS failed_stage=NONE received_ts_us=1787570526011309 worker_started_ts_us=1787570526011461 data_transfer_submitted_ts_us=0 data_transfer_completed_ts_us=0 response_submitted_ts_us=1787570526012092 completed_ts_us=1787570526012160 data_tm_execute_async_ts_us=0 data_hixl_execute_async_ts_us=0 data_tm_get_status_ts_us=0 data_hixl_query_handle_ts_us=0 response_tm_execute_async_ts_us=1787570526011624 response_hixl_execute_async_ts_us=1787570526011742 response_tm_get_status_ts_us=1787570526012093 response_hixl_query_handle_ts_us=1787570526012123 request_queue_us=151 metadata_prepare_us=2 taskworker_prepare_us=12 poller_queue_us=149 data_transfer_us=0 metadata_settle_us=0 response_slot_wait_us=152 response_submit_us=471 response_transfer_us=66 data_tm_to_hixl_execute_async_us=0 data_tm_to_hixl_query_handle_us=0 response_tm_to_hixl_execute_async_us=118 response_tm_to_hixl_query_handle_us=23 total_us=851 [878,891][completion_poller.cc:56,LogRequestDone]
[2026-08-24 19:22:06.076362][UC][I] [METRIC DEBUG] TransportManager ExecuteAsync START:2359274452498 [878,892][transport_manager.cpp:640,ExecuteAsync]
[2026-08-24 19:22:06.076439][UC][I] [METRIC DEBUG] TransportManager ExecuteAsync find transport:2359274452576 [878,892][transport_manager.cpp:645,ExecuteAsync]
[2026-08-24 19:22:06.076448][UC][I] [METRIC DEBUG] HIXL transport ExecuteAsync START:2359274452584 [878,892][hixl_transport.cpp:627,ExecuteAsync]
[2026-08-24 19:22:06.076456][UC][I] [METRIC DEBUG] HIXL transport ExecuteAsync get lifecycle_lock:2359274452593 [878,892][hixl_transport.cpp:629,ExecuteAsync]
[2026-08-24 19:22:06.076463][UC][I] [METRIC DEBUG] HIXL transport ExecuteAsync get peer route:2359274452600 [878,892][hixl_transport.cpp:659,ExecuteAsync]
[2026-08-24 19:22:06.076471][UC][I] [METRIC DEBUG] HIXL transport ExecuteAsync validate memory:2359274452608 [878,892][hixl_transport.cpp:671,ExecuteAsync]
[2026-08-24 19:22:06.076479][UC][I] [METRIC DEBUG] HIXL instance TransferAsync START:2359274452615 [878,892][hixl_instance.cpp:283,TransferAsync]
[2026-08-24 19:22:06.076504][UC][I] [METRIC DEBUG] HIXL instance TransferAsync RUN:2359274452638 [878,916][hixl_instance.cpp:286,operator()]
[2026-08-24 19:22:06.076527][UC][I] [METRIC DEBUG] HIXL instance TransferAsync descriptors built:2359274452664 [878,916][hixl_instance.cpp:288,operator()]
[2026-08-24 19:22:06.076532][UC][I] [METRIC DEBUG] HIXL instance TransferAsync native call begin:2359274452669 [878,916][hixl_instance.cpp:296,operator()]
[2026-08-24 19:22:06.076782][UC][I] [METRIC DEBUG] HIXL instance TransferAsync native call returned:2359274452918 [878,916][hixl_instance.cpp:300,operator()]
[2026-08-24 19:22:06.076811][UC][I] [METRIC DEBUG] HIXL instance TransferAsync Run returned:2359274452946 [878,892][hixl_instance.cpp:316,TransferAsync]
[2026-08-24 19:22:06.076827][UC][I] [METRIC DEBUG] HIXL instance TransferAsync return:2359274452964 [878,892][hixl_instance.cpp:318,TransferAsync]
[2026-08-24 19:22:06.076832][UC][I] [METRIC DEBUG] HIXL transport ExecuteAsync instance returned:2359274452968 [878,892][hixl_transport.cpp:677,ExecuteAsync]
[2026-08-24 19:22:06.076838][UC][I] [METRIC DEBUG] HIXL transport ExecuteAsync pending inserted:2359274452975 [878,892][hixl_transport.cpp:687,ExecuteAsync]
[2026-08-24 19:22:06.076843][UC][I] [METRIC DEBUG] HIXL transport ExecuteAsync return:2359274452980 [878,892][hixl_transport.cpp:694,ExecuteAsync]
[2026-08-24 19:22:06.076847][UC][I] [METRIC DEBUG] TransportManager ExecuteAsync backend returned:2359274452984 [878,892][transport_manager.cpp:658,ExecuteAsync]
[2026-08-24 19:22:06.076854][UC][I] [METRIC DEBUG] TransportManager ExecuteAsync record inserted:2359274452991 [878,892][transport_manager.cpp:679,ExecuteAsync]
[2026-08-24 19:22:06.076860][UC][I] [PERF] component=transport event=transfer_submitted manager=127.0.0.1:8000 target=127.0.0.1:4501 handle=10 transport_handle=10 opcode=0 direct=2 segments=108 bytes=7962624 submitted_ts_us=1787570526076852 manager_execute_async_ts_us=1787570526076360 backend_execute_async_ts_us=1787570526076532 manager_to_backend_execute_async_us=172 submit_us=406 [878,892][transport_manager.cpp:681,ExecuteAsync]
[2026-08-24 19:22:06.076864][UC][I] [METRIC DEBUG] TransportManager ExecuteAsync return:2359274453001 [878,892][transport_manager.cpp:694,ExecuteAsync]
[2026-08-24 19:22:06.076897][UC][I] [METRIC DEBUG] TransportManager GetStatus START:2359274453033 [878,891][transport_manager.cpp:706,GetStatus]
[2026-08-24 19:22:06.076912][UC][I] [METRIC DEBUG] TransportManager GetStatus get record:2359274453049 [878,891][transport_manager.cpp:718,GetStatus]
[2026-08-24 19:22:06.076917][UC][I] [METRIC DEBUG] HIXL transport GetStatus START:2359274453053 [878,891][hixl_transport.cpp:701,GetStatus]
[2026-08-24 19:22:06.076920][UC][I] [METRIC DEBUG] HIXL transport GetStatus get lifecycle_lock:2359274453057 [878,891][hixl_transport.cpp:709,GetStatus]
[2026-08-24 19:22:06.076924][UC][I] [METRIC DEBUG] HIXL transport GetStatus get pending_mutex_:2359274453061 [878,891][hixl_transport.cpp:721,GetStatus]
[2026-08-24 19:22:06.076928][UC][I] [METRIC DEBUG] HIXL instance GetTransferStatus START:2359274453064 [878,891][hixl_instance.cpp:326,GetTransferStatus]
[2026-08-24 19:22:06.076951][UC][I] [METRIC DEBUG] HIXL instance GetTransferStatus RUN:2359274453088 [878,916][hixl_instance.cpp:331,operator()]
[2026-08-24 19:22:06.076968][UC][I] [METRIC DEBUG] HIXL transport GetStatus get task status:2359274453105 [878,891][hixl_transport.cpp:725,GetStatus]
[2026-08-24 19:22:06.076974][UC][I] [METRIC DEBUG] HIXL transport GetStatus return:2359274453111 [878,891][hixl_transport.cpp:740,GetStatus]
[2026-08-24 19:22:06.076977][UC][I] [METRIC DEBUG] TransportManager GetStatus get task status:2359274453114 [878,891][transport_manager.cpp:721,GetStatus]
[2026-08-24 19:22:06.076981][UC][I] [METRIC DEBUG] TransportManager GetStatus return:2359274453117 [878,891][transport_manager.cpp:746,GetStatus]
[2026-08-24 19:22:06.076984][UC][I] [METRIC DEBUG] TransportManager GetStatus START:2359274453121 [878,891][transport_manager.cpp:706,GetStatus]
[2026-08-24 19:22:06.076986][UC][I] [METRIC DEBUG] TransportManager GetStatus get record:2359274453123 [878,891][transport_manager.cpp:718,GetStatus]
[2026-08-24 19:22:06.076989][UC][I] [METRIC DEBUG] HIXL transport GetStatus START:2359274453126 [878,891][hixl_transport.cpp:701,GetStatus]
[2026-08-24 19:22:06.076992][UC][I] [METRIC DEBUG] HIXL transport GetStatus get lifecycle_lock:2359274453129 [878,891][hixl_transport.cpp:709,GetStatus]
[2026-08-24 19:22:06.076995][UC][I] [METRIC DEBUG] HIXL transport GetStatus get pending_mutex_:2359274453132 [878,891][hixl_transport.cpp:721,GetStatus]
[2026-08-24 19:22:06.076998][UC][I] [METRIC DEBUG] HIXL instance GetTransferStatus START:2359274453134 [878,891][hixl_instance.cpp:326,GetTransferStatus]
[2026-08-24 19:22:06.077005][UC][I] [METRIC DEBUG] HIXL instance GetTransferStatus RUN:2359274453142 [878,916][hixl_instance.cpp:331,operator()]
[2026-08-24 19:22:06.077017][UC][I] [METRIC DEBUG] HIXL transport GetStatus get task status:2359274453153 [878,891][hixl_transport.cpp:725,GetStatus]
[2026-08-24 19:22:06.077023][UC][I] [METRIC DEBUG] HIXL transport GetStatus return:2359274453160 [878,891][hixl_transport.cpp:740,GetStatus]
[2026-08-24 19:22:06.077026][UC][I] [METRIC DEBUG] TransportManager GetStatus get task status:2359274453163 [878,891][transport_manager.cpp:721,GetStatus]
[2026-08-24 19:22:06.077030][UC][I] [METRIC DEBUG] TransportManager GetStatus return:2359274453166 [878,891][transport_manager.cpp:746,GetStatus]
[2026-08-24 19:22:06.077033][UC][I] [METRIC DEBUG] TransportManager GetStatus START:2359274453170 [878,891][transport_manager.cpp:706,GetStatus]
[2026-08-24 19:22:06.077035][UC][I] [METRIC DEBUG] TransportManager GetStatus get record:2359274453172 [878,891][transport_manager.cpp:718,GetStatus]
[2026-08-24 19:22:06.077038][UC][I] [METRIC DEBUG] HIXL transport GetStatus START:2359274453175 [878,891][hixl_transport.cpp:701,GetStatus]
[2026-08-24 19:22:06.077041][UC][I] [METRIC DEBUG] HIXL transport GetStatus get lifecycle_lock:2359274453178 [878,891][hixl_transport.cpp:709,GetStatus]
[2026-08-24 19:22:06.077045][UC][I] [METRIC DEBUG] HIXL transport GetStatus get pending_mutex_:2359274453182 [878,891][hixl_transport.cpp:721,GetStatus]
[2026-08-24 19:22:06.077048][UC][I] [METRIC DEBUG] HIXL instance GetTransferStatus START:2359274453185 [878,891][hixl_instance.cpp:326,GetTransferStatus]
[2026-08-24 19:22:06.077056][UC][I] [METRIC DEBUG] HIXL instance GetTransferStatus RUN:2359274453192 [878,916][hixl_instance.cpp:331,operator()]
[2026-08-24 19:22:06.077067][UC][I] [METRIC DEBUG] HIXL transport GetStatus get task status:2359274453203 [878,891][hixl_transport.cpp:725,GetStatus]
[2026-08-24 19:22:06.077071][UC][I] [METRIC DEBUG] HIXL transport GetStatus return:2359274453208 [878,891][hixl_transport.cpp:740,GetStatus]
[2026-08-24 19:22:06.077074][UC][I] [METRIC DEBUG] TransportManager GetStatus get task status:2359274453211 [878,891][transport_manager.cpp:721,GetStatus]
[2026-08-24 19:22:06.077077][UC][I] [METRIC DEBUG] TransportManager GetStatus return:2359274453214 [878,891][transport_manager.cpp:746,GetStatus]
[2026-08-24 19:22:06.077093][UC][I] [METRIC DEBUG] TransportManager GetStatus START:2359274453230 [878,891][transport_manager.cpp:706,GetStatus]
[2026-08-24 19:22:06.077097][UC][I] [METRIC DEBUG] TransportManager GetStatus get record:2359274453234 [878,891][transport_manager.cpp:718,GetStatus]
[2026-08-24 19:22:06.077099][UC][I] [METRIC DEBUG] HIXL transport GetStatus START:2359274453236 [878,891][hixl_transport.cpp:701,GetStatus]
[2026-08-24 19:22:06.077102][UC][I] [METRIC DEBUG] HIXL transport GetStatus get lifecycle_lock:2359274453239 [878,891][hixl_transport.cpp:709,GetStatus]
[2026-08-24 19:22:06.077105][UC][I] [METRIC DEBUG] HIXL transport GetStatus get pending_mutex_:2359274453241 [878,891][hixl_transport.cpp:721,GetStatus]
[2026-08-24 19:22:06.077107][UC][I] [METRIC DEBUG] HIXL instance GetTransferStatus START:2359274453244 [878,891][hixl_instance.cpp:326,GetTransferStatus]
[2026-08-24 19:22:06.077115][UC][I] [METRIC DEBUG] HIXL instance GetTransferStatus RUN:2359274453251 [878,916][hixl_instance.cpp:331,operator()]
[2026-08-24 19:22:06.077130][UC][I] [METRIC DEBUG] HIXL transport GetStatus get task status:2359274453267 [878,891][hixl_transport.cpp:725,GetStatus]
[2026-08-24 19:22:06.077136][UC][I] [METRIC DEBUG] HIXL transport GetStatus return:2359274453273 [878,891][hixl_transport.cpp:740,GetStatus]
[2026-08-24 19:22:06.077140][UC][I] [METRIC DEBUG] TransportManager GetStatus get task status:2359274453276 [878,891][transport_manager.cpp:721,GetStatus]
[2026-08-24 19:22:06.077144][UC][I] [PERF] component=transport event=transfer_done manager=127.0.0.1:8000 target=127.0.0.1:4501 handle=10 transport_handle=10 opcode=0 direct=2 segments=108 bytes=7962624 status=1 api_status=0 submitted_ts_us=1787570526076852 completed_ts_us=1787570526077142 manager_get_status_ts_us=1787570526077092 backend_query_ts_us=1787570526077119 submit_us=406 transfer_us=290 manager_to_backend_query_us=21 total_us=696 [878,891][transport_manager.cpp:725,GetStatus]
[2026-08-24 19:22:06.077147][UC][I] [METRIC DEBUG] TransportManager GetStatus return:2359274453284 [878,891][transport_manager.cpp:746,GetStatus]
[2026-08-24 19:22:06.077238][UC][I] [METRIC DEBUG] TransportManager ExecuteAsync START:2359274453375 [878,891][transport_manager.cpp:640,ExecuteAsync]
[2026-08-24 19:22:06.077243][UC][I] [METRIC DEBUG] TransportManager ExecuteAsync find transport:2359274453380 [878,891][transport_manager.cpp:645,ExecuteAsync]
[2026-08-24 19:22:06.077247][UC][I] [METRIC DEBUG] HIXL transport ExecuteAsync START:2359274453383 [878,891][hixl_transport.cpp:627,ExecuteAsync]
[2026-08-24 19:22:06.077250][UC][I] [METRIC DEBUG] HIXL transport ExecuteAsync get lifecycle_lock:2359274453386 [878,891][hixl_transport.cpp:629,ExecuteAsync]
[2026-08-24 19:22:06.077254][UC][I] [METRIC DEBUG] HIXL transport ExecuteAsync get peer route:2359274453390 [878,891][hixl_transport.cpp:659,ExecuteAsync]
[2026-08-24 19:22:06.077256][UC][I] [METRIC DEBUG] HIXL transport ExecuteAsync validate memory:2359274453393 [878,891][hixl_transport.cpp:671,ExecuteAsync]
[2026-08-24 19:22:06.077259][UC][I] [METRIC DEBUG] HIXL instance TransferAsync START:2359274453395 [878,891][hixl_instance.cpp:283,TransferAsync]
[2026-08-24 19:22:06.077267][UC][I] [METRIC DEBUG] HIXL instance TransferAsync RUN:2359274453403 [878,916][hixl_instance.cpp:286,operator()]
[2026-08-24 19:22:06.077272][UC][I] [METRIC DEBUG] HIXL instance TransferAsync descriptors built:2359274453408 [878,916][hixl_instance.cpp:288,operator()]
[2026-08-24 19:22:06.077275][UC][I] [METRIC DEBUG] HIXL instance TransferAsync native call begin:2359274453412 [878,916][hixl_instance.cpp:296,operator()]
[2026-08-24 19:22:06.077377][UC][I] [METRIC DEBUG] HIXL instance TransferAsync native call returned:2359274453513 [878,916][hixl_instance.cpp:300,operator()]
[2026-08-24 19:22:06.077390][UC][I] [METRIC DEBUG] HIXL instance TransferAsync Run returned:2359274453527 [878,891][hixl_instance.cpp:316,TransferAsync]
[2026-08-24 19:22:06.077395][UC][I] [METRIC DEBUG] HIXL instance TransferAsync return:2359274453532 [878,891][hixl_instance.cpp:318,TransferAsync]
[2026-08-24 19:22:06.077402][UC][I] [METRIC DEBUG] HIXL transport ExecuteAsync instance returned:2359274453539 [878,891][hixl_transport.cpp:677,ExecuteAsync]
[2026-08-24 19:22:06.077406][UC][I] [METRIC DEBUG] HIXL transport ExecuteAsync pending inserted:2359274453543 [878,891][hixl_transport.cpp:687,ExecuteAsync]
[2026-08-24 19:22:06.077410][UC][I] [METRIC DEBUG] HIXL transport ExecuteAsync return:2359274453547 [878,891][hixl_transport.cpp:694,ExecuteAsync]
[2026-08-24 19:22:06.077413][UC][I] [METRIC DEBUG] TransportManager ExecuteAsync backend returned:2359274453550 [878,891][transport_manager.cpp:658,ExecuteAsync]
[2026-08-24 19:22:06.077416][UC][I] [METRIC DEBUG] TransportManager ExecuteAsync record inserted:2359274453553 [878,891][transport_manager.cpp:679,ExecuteAsync]
[2026-08-24 19:22:06.077419][UC][I] [PERF] component=transport event=transfer_submitted manager=127.0.0.1:8000 target=127.0.0.1:4501 handle=11 transport_handle=11 opcode=1 direct=2 segments=1 bytes=63 submitted_ts_us=1787570526077415 manager_execute_async_ts_us=1787570526077237 backend_execute_async_ts_us=1787570526077274 manager_to_backend_execute_async_us=38 submit_us=169 [878,891][transport_manager.cpp:681,ExecuteAsync]
[2026-08-24 19:22:06.077422][UC][I] [METRIC DEBUG] TransportManager ExecuteAsync return:2359274453559 [878,891][transport_manager.cpp:694,ExecuteAsync]
[2026-08-24 19:22:06.077426][UC][I] [METRIC DEBUG] TransportManager GetStatus START:2359274453563 [878,891][transport_manager.cpp:706,GetStatus]
[2026-08-24 19:22:06.077429][UC][I] [METRIC DEBUG] TransportManager GetStatus get record:2359274453565 [878,891][transport_manager.cpp:718,GetStatus]
[2026-08-24 19:22:06.077431][UC][I] [METRIC DEBUG] HIXL transport GetStatus START:2359274453568 [878,891][hixl_transport.cpp:701,GetStatus]
[2026-08-24 19:22:06.077434][UC][I] [METRIC DEBUG] HIXL transport GetStatus get lifecycle_lock:2359274453571 [878,891][hixl_transport.cpp:709,GetStatus]
[2026-08-24 19:22:06.077436][UC][I] [METRIC DEBUG] HIXL transport GetStatus get pending_mutex_:2359274453573 [878,891][hixl_transport.cpp:721,GetStatus]
[2026-08-24 19:22:06.077439][UC][I] [METRIC DEBUG] HIXL instance GetTransferStatus START:2359274453576 [878,891][hixl_instance.cpp:326,GetTransferStatus]
[2026-08-24 19:22:06.077448][UC][I] [METRIC DEBUG] HIXL instance GetTransferStatus RUN:2359274453584 [878,916][hixl_instance.cpp:331,operator()]
[2026-08-24 19:22:06.077461][UC][I] [METRIC DEBUG] HIXL transport GetStatus get task status:2359274453598 [878,891][hixl_transport.cpp:725,GetStatus]
[2026-08-24 19:22:06.077467][UC][I] [METRIC DEBUG] HIXL transport GetStatus return:2359274453604 [878,891][hixl_transport.cpp:740,GetStatus]
[2026-08-24 19:22:06.077471][UC][I] [METRIC DEBUG] TransportManager GetStatus get task status:2359274453607 [878,891][transport_manager.cpp:721,GetStatus]
[2026-08-24 19:22:06.077474][UC][I] [PERF] component=transport event=transfer_done manager=127.0.0.1:8000 target=127.0.0.1:4501 handle=11 transport_handle=11 opcode=1 direct=2 segments=1 bytes=63 status=1 api_status=0 submitted_ts_us=1787570526077415 completed_ts_us=1787570526077473 manager_get_status_ts_us=1787570526077425 backend_query_ts_us=1787570526077452 submit_us=169 transfer_us=59 manager_to_backend_query_us=22 total_us=228 [878,891][transport_manager.cpp:725,GetStatus]
[2026-08-24 19:22:06.077477][UC][I] [METRIC DEBUG] TransportManager GetStatus return:2359274453614 [878,891][transport_manager.cpp:746,GetStatus]
[2026-08-24 19:22:06.077482][UC][I] [PERF] component=drampool event=request_done request_id=3 opcode=1 peer=127.0.0.1:4501 batch_size=108 data_bytes=7962624 failed_items=0 status=SUCCESS failed_stage=NONE received_ts_us=1787570526075919 worker_started_ts_us=1787570526076058 data_transfer_submitted_ts_us=1787570526076867 data_transfer_completed_ts_us=1787570526077150 response_submitted_ts_us=1787570526077425 completed_ts_us=1787570526077480 data_tm_execute_async_ts_us=1787570526076360 data_hixl_execute_async_ts_us=1787570526076532 data_tm_get_status_ts_us=1787570526077092 data_hixl_query_handle_ts_us=1787570526077119 response_tm_execute_async_ts_us=1787570526077237 response_hixl_execute_async_ts_us=1787570526077274 response_tm_get_status_ts_us=1787570526077425 response_hixl_query_handle_ts_us=1787570526077452 request_queue_us=139 metadata_prepare_us=297 taskworker_prepare_us=811 poller_queue_us=26 data_transfer_us=283 metadata_settle_us=83 response_slot_wait_us=2 response_submit_us=189 response_transfer_us=55 data_tm_to_hixl_execute_async_us=172 data_tm_to_hixl_query_handle_us=21 response_tm_to_hixl_execute_async_us=38 response_tm_to_hixl_query_handle_us=22 total_us=1561 [878,891][completion_poller.cc:56,LogRequestDone]
[2026-08-24 19:22:10.691024][UC][I] [METRIC DEBUG] TransportManager ExecuteAsync START:2359279067161 [878,891][transport_manager.cpp:640,ExecuteAsync]
[2026-08-24 19:22:10.691182][UC][I] [METRIC DEBUG] TransportManager ExecuteAsync find transport:2359279067319 [878,891][transport_manager.cpp:645,ExecuteAsync]
[2026-08-24 19:22:10.691191][UC][I] [METRIC DEBUG] HIXL transport ExecuteAsync START:2359279067328 [878,891][hixl_transport.cpp:627,ExecuteAsync]
[2026-08-24 19:22:10.691196][UC][I] [METRIC DEBUG] HIXL transport ExecuteAsync get lifecycle_lock:2359279067333 [878,891][hixl_transport.cpp:629,ExecuteAsync]
[2026-08-24 19:22:10.691226][UC][I] [METRIC DEBUG] HIXL transport ExecuteAsync get peer route:2359279067363 [878,891][hixl_transport.cpp:659,ExecuteAsync]
[2026-08-24 19:22:10.691261][UC][I] [METRIC DEBUG] HIXL transport ExecuteAsync validate memory:2359279067398 [878,891][hixl_transport.cpp:671,ExecuteAsync]
[2026-08-24 19:22:10.691281][UC][I] [METRIC DEBUG] HIXL instance TransferAsync START:2359279067417 [878,891][hixl_instance.cpp:283,TransferAsync]
[2026-08-24 19:22:10.691349][UC][I] [METRIC DEBUG] HIXL instance TransferAsync RUN:2359279067448 [878,916][hixl_instance.cpp:286,operator()]
[2026-08-24 19:22:10.691383][UC][I] [METRIC DEBUG] HIXL instance TransferAsync descriptors built:2359279067520 [878,916][hixl_instance.cpp:288,operator()]
[2026-08-24 19:22:10.691391][UC][I] [METRIC DEBUG] HIXL instance TransferAsync native call begin:2359279067528 [878,916][hixl_instance.cpp:296,operator()]
[2026-08-24 19:22:10.692607][UC][I] [METRIC DEBUG] HIXL instance TransferAsync native call returned:2359279068742 [878,916][hixl_instance.cpp:300,operator()]
[2026-08-24 19:22:10.692643][UC][I] [METRIC DEBUG] HIXL instance TransferAsync Run returned:2359279068780 [878,891][hixl_instance.cpp:316,TransferAsync]
[2026-08-24 19:22:10.692655][UC][I] [METRIC DEBUG] HIXL instance TransferAsync return:2359279068792 [878,891][hixl_instance.cpp:318,TransferAsync]
[2026-08-24 19:22:10.692658][UC][I] [METRIC DEBUG] HIXL transport ExecuteAsync instance returned:2359279068795 [878,891][hixl_transport.cpp:677,ExecuteAsync]
[2026-08-24 19:22:10.692662][UC][I] [METRIC DEBUG] HIXL transport ExecuteAsync pending inserted:2359279068799 [878,891][hixl_transport.cpp:687,ExecuteAsync]
[2026-08-24 19:22:10.692667][UC][I] [METRIC DEBUG] HIXL transport ExecuteAsync return:2359279068803 [878,891][hixl_transport.cpp:694,ExecuteAsync]
[2026-08-24 19:22:10.692671][UC][I] [METRIC DEBUG] TransportManager ExecuteAsync backend returned:2359279068808 [878,891][transport_manager.cpp:658,ExecuteAsync]
[2026-08-24 19:22:10.692675][UC][I] [METRIC DEBUG] TransportManager ExecuteAsync record inserted:2359279068812 [878,891][transport_manager.cpp:679,ExecuteAsync]
[2026-08-24 19:22:10.692679][UC][I] [PERF] component=transport event=transfer_submitted manager=127.0.0.1:8000 target=127.0.0.1:4500 handle=12 transport_handle=12 opcode=1 direct=2 segments=1 bytes=10 submitted_ts_us=1787570530692674 manager_execute_async_ts_us=1787570530691023 backend_execute_async_ts_us=1787570530691390 manager_to_backend_execute_async_us=367 submit_us=1484 [878,891][transport_manager.cpp:681,ExecuteAsync]
[2026-08-24 19:22:10.692683][UC][I] [METRIC DEBUG] TransportManager ExecuteAsync return:2359279068819 [878,891][transport_manager.cpp:694,ExecuteAsync]
[2026-08-24 19:22:10.692690][UC][I] [METRIC DEBUG] TransportManager GetStatus START:2359279068827 [878,891][transport_manager.cpp:706,GetStatus]
[2026-08-24 19:22:10.692718][UC][I] [METRIC DEBUG] TransportManager GetStatus get record:2359279068854 [878,891][transport_manager.cpp:718,GetStatus]
[2026-08-24 19:22:10.692722][UC][I] [METRIC DEBUG] HIXL transport GetStatus START:2359279068858 [878,891][hixl_transport.cpp:701,GetStatus]
[2026-08-24 19:22:10.692725][UC][I] [METRIC DEBUG] HIXL transport GetStatus get lifecycle_lock:2359279068862 [878,891][hixl_transport.cpp:709,GetStatus]
[2026-08-24 19:22:10.692727][UC][I] [METRIC DEBUG] HIXL transport GetStatus get pending_mutex_:2359279068864 [878,891][hixl_transport.cpp:721,GetStatus]
[2026-08-24 19:22:10.692730][UC][I] [METRIC DEBUG] HIXL instance GetTransferStatus START:2359279068866 [878,891][hixl_instance.cpp:326,GetTransferStatus]
[2026-08-24 19:22:10.692741][UC][I] [METRIC DEBUG] HIXL instance GetTransferStatus RUN:2359279068877 [878,916][hixl_instance.cpp:331,operator()]
[2026-08-24 19:22:10.692782][UC][I] [METRIC DEBUG] HIXL transport GetStatus get task status:2359279068918 [878,891][hixl_transport.cpp:725,GetStatus]
[2026-08-24 19:22:10.692788][UC][I] [METRIC DEBUG] HIXL transport GetStatus return:2359279068925 [878,891][hixl_transport.cpp:740,GetStatus]
[2026-08-24 19:22:10.692793][UC][I] [METRIC DEBUG] TransportManager GetStatus get task status:2359279068929 [878,891][transport_manager.cpp:721,GetStatus]
[2026-08-24 19:22:10.692797][UC][I] [PERF] component=transport event=transfer_done manager=127.0.0.1:8000 target=127.0.0.1:4500 handle=12 transport_handle=12 opcode=1 direct=2 segments=1 bytes=10 status=1 api_status=0 submitted_ts_us=1787570530692674 completed_ts_us=1787570530692795 manager_get_status_ts_us=1787570530692689 backend_query_ts_us=1787570530692746 submit_us=1484 transfer_us=121 manager_to_backend_query_us=51 total_us=1605 [878,891][transport_manager.cpp:725,GetStatus]
[2026-08-24 19:22:10.692800][UC][I] [METRIC DEBUG] TransportManager GetStatus return:2359279068937 [878,891][transport_manager.cpp:746,GetStatus]
[2026-08-24 19:22:10.692806][UC][I] [PERF] component=drampool event=request_done request_id=4 opcode=0 peer=127.0.0.1:4500 batch_size=2 data_bytes=0 failed_items=0 status=SUCCESS failed_stage=NONE received_ts_us=1787570530690853 worker_started_ts_us=1787570530690915 data_transfer_submitted_ts_us=0 data_transfer_completed_ts_us=0 response_submitted_ts_us=1787570530692688 completed_ts_us=1787570530692803 data_tm_execute_async_ts_us=0 data_hixl_execute_async_ts_us=0 data_tm_get_status_ts_us=0 data_hixl_query_handle_ts_us=0 response_tm_execute_async_ts_us=1787570530691023 response_hixl_execute_async_ts_us=1787570530691390 response_tm_get_status_ts_us=1787570530692689 response_hixl_query_handle_ts_us=1787570530692746 request_queue_us=62 metadata_prepare_us=3 taskworker_prepare_us=9 poller_queue_us=50 data_transfer_us=0 metadata_settle_us=0 response_slot_wait_us=95 response_submit_us=1670 response_transfer_us=115 data_tm_to_hixl_execute_async_us=0 data_tm_to_hixl_query_handle_us=0 response_tm_to_hixl_execute_async_us=367 response_tm_to_hixl_query_handle_us=51 total_us=1951 [878,891][completion_poller.cc:56,LogRequestDone]
[2026-08-24 19:22:10.696209][UC][I] [METRIC DEBUG] TransportManager ExecuteAsync START:2359279072345 [878,892][transport_manager.cpp:640,ExecuteAsync]
[2026-08-24 19:22:10.696247][UC][I] [METRIC DEBUG] TransportManager ExecuteAsync find transport:2359279072383 [878,892][transport_manager.cpp:645,ExecuteAsync]
[2026-08-24 19:22:10.696251][UC][I] [METRIC DEBUG] HIXL transport ExecuteAsync START:2359279072388 [878,892][hixl_transport.cpp:627,ExecuteAsync]
[2026-08-24 19:22:10.696255][UC][I] [METRIC DEBUG] HIXL transport ExecuteAsync get lifecycle_lock:2359279072392 [878,892][hixl_transport.cpp:629,ExecuteAsync]
[2026-08-24 19:22:10.696262][UC][I] [METRIC DEBUG] HIXL transport ExecuteAsync get peer route:2359279072399 [878,892][hixl_transport.cpp:659,ExecuteAsync]
[2026-08-24 19:22:10.696335][UC][I] [METRIC DEBUG] HIXL transport ExecuteAsync validate memory:2359279072472 [878,892][hixl_transport.cpp:671,ExecuteAsync]
[2026-08-24 19:22:10.696360][UC][I] [METRIC DEBUG] HIXL instance TransferAsync START:2359279072496 [878,892][hixl_instance.cpp:283,TransferAsync]
[2026-08-24 19:22:10.696402][UC][I] [METRIC DEBUG] HIXL instance TransferAsync RUN:2359279072536 [878,895][hixl_instance.cpp:286,operator()]
[2026-08-24 19:22:10.696431][UC][I] [METRIC DEBUG] HIXL instance TransferAsync descriptors built:2359279072568 [878,895][hixl_instance.cpp:288,operator()]
[2026-08-24 19:22:10.696436][UC][I] [METRIC DEBUG] HIXL instance TransferAsync native call begin:2359279072573 [878,895][hixl_instance.cpp:296,operator()]
[2026-08-24 19:22:10.696876][UC][I] [METRIC DEBUG] HIXL instance TransferAsync native call returned:2359279073012 [878,895][hixl_instance.cpp:300,operator()]
[2026-08-24 19:22:10.696907][UC][I] [METRIC DEBUG] HIXL instance TransferAsync Run returned:2359279073042 [878,892][hixl_instance.cpp:316,TransferAsync]
[2026-08-24 19:22:10.696921][UC][I] [METRIC DEBUG] HIXL instance TransferAsync return:2359279073058 [878,892][hixl_instance.cpp:318,TransferAsync]
[2026-08-24 19:22:10.696927][UC][I] [METRIC DEBUG] HIXL transport ExecuteAsync instance returned:2359279073064 [878,892][hixl_transport.cpp:677,ExecuteAsync]
[2026-08-24 19:22:10.696934][UC][I] [METRIC DEBUG] HIXL transport ExecuteAsync pending inserted:2359279073071 [878,892][hixl_transport.cpp:687,ExecuteAsync]
[2026-08-24 19:22:10.696940][UC][I] [METRIC DEBUG] HIXL transport ExecuteAsync return:2359279073077 [878,892][hixl_transport.cpp:694,ExecuteAsync]
[2026-08-24 19:22:10.696944][UC][I] [METRIC DEBUG] TransportManager ExecuteAsync backend returned:2359279073081 [878,892][transport_manager.cpp:658,ExecuteAsync]
[2026-08-24 19:22:10.696948][UC][I] [METRIC DEBUG] TransportManager ExecuteAsync record inserted:2359279073085 [878,892][transport_manager.cpp:679,ExecuteAsync]
[2026-08-24 19:22:10.696952][UC][I] [PERF] component=transport event=transfer_submitted manager=127.0.0.1:8000 target=127.0.0.1:4502 handle=13 transport_handle=13 opcode=1 direct=2 segments=108 bytes=7962624 submitted_ts_us=1787570530696946 manager_execute_async_ts_us=1787570530696208 backend_execute_async_ts_us=1787570530696436 manager_to_backend_execute_async_us=228 submit_us=696 [878,892][transport_manager.cpp:681,ExecuteAsync]
[2026-08-24 19:22:10.696960][UC][I] [METRIC DEBUG] TransportManager ExecuteAsync return:2359279073097 [878,892][transport_manager.cpp:694,ExecuteAsync]
[2026-08-24 19:22:10.696992][UC][I] [METRIC DEBUG] TransportManager ExecuteAsync START:2359279073129 [878,892][transport_manager.cpp:640,ExecuteAsync]
[2026-08-24 19:22:10.697003][UC][I] [METRIC DEBUG] TransportManager ExecuteAsync find transport:2359279073140 [878,892][transport_manager.cpp:645,ExecuteAsync]
[2026-08-24 19:22:10.697008][UC][I] [METRIC DEBUG] HIXL transport ExecuteAsync START:2359279073145 [878,892][hixl_transport.cpp:627,ExecuteAsync]
[2026-08-24 19:22:10.697011][UC][I] [METRIC DEBUG] HIXL transport ExecuteAsync get lifecycle_lock:2359279073148 [878,892][hixl_transport.cpp:629,ExecuteAsync]
[2026-08-24 19:22:10.697014][UC][I] [METRIC DEBUG] HIXL transport ExecuteAsync get peer route:2359279073151 [878,892][hixl_transport.cpp:659,ExecuteAsync]
[2026-08-24 19:22:10.697018][UC][I] [METRIC DEBUG] HIXL transport ExecuteAsync validate memory:2359279073155 [878,892][hixl_transport.cpp:671,ExecuteAsync]
[2026-08-24 19:22:10.697024][UC][I] [METRIC DEBUG] HIXL instance TransferAsync START:2359279073161 [878,892][hixl_instance.cpp:283,TransferAsync]
[2026-08-24 19:22:10.697045][UC][I] [METRIC DEBUG] HIXL instance TransferAsync RUN:2359279073180 [878,916][hixl_instance.cpp:286,operator()]
[2026-08-24 19:22:10.697059][UC][I] [METRIC DEBUG] HIXL instance TransferAsync descriptors built:2359279073196 [878,916][hixl_instance.cpp:288,operator()]
[2026-08-24 19:22:10.697063][UC][I] [METRIC DEBUG] HIXL instance TransferAsync native call begin:2359279073200 [878,916][hixl_instance.cpp:296,operator()]
[2026-08-24 19:22:10.697096][UC][I] [METRIC DEBUG] TransportManager GetStatus START:2359279073232 [878,891][transport_manager.cpp:706,GetStatus]
[2026-08-24 19:22:10.697116][UC][I] [METRIC DEBUG] TransportManager GetStatus get record:2359279073253 [878,891][transport_manager.cpp:718,GetStatus]
[2026-08-24 19:22:10.697120][UC][I] [METRIC DEBUG] HIXL transport GetStatus START:2359279073256 [878,891][hixl_transport.cpp:701,GetStatus]
[2026-08-24 19:22:10.697123][UC][I] [METRIC DEBUG] HIXL transport GetStatus get lifecycle_lock:2359279073260 [878,891][hixl_transport.cpp:709,GetStatus]
[2026-08-24 19:22:10.697127][UC][I] [METRIC DEBUG] HIXL transport GetStatus get pending_mutex_:2359279073264 [878,891][hixl_transport.cpp:721,GetStatus]
[2026-08-24 19:22:10.697130][UC][I] [METRIC DEBUG] HIXL instance GetTransferStatus START:2359279073266 [878,891][hixl_instance.cpp:326,GetTransferStatus]
[2026-08-24 19:22:10.697141][UC][I] [METRIC DEBUG] HIXL instance GetTransferStatus RUN:2359279073278 [878,895][hixl_instance.cpp:331,operator()]
[2026-08-24 19:22:10.697161][UC][I] [METRIC DEBUG] HIXL transport GetStatus get task status:2359279073298 [878,891][hixl_transport.cpp:725,GetStatus]
[2026-08-24 19:22:10.697170][UC][I] [METRIC DEBUG] HIXL transport GetStatus return:2359279073306 [878,891][hixl_transport.cpp:740,GetStatus]
[2026-08-24 19:22:10.697173][UC][I] [METRIC DEBUG] TransportManager GetStatus get task status:2359279073309 [878,891][transport_manager.cpp:721,GetStatus]
[2026-08-24 19:22:10.697177][UC][I] [PERF] component=transport event=transfer_done manager=127.0.0.1:8000 target=127.0.0.1:4502 handle=13 transport_handle=13 opcode=1 direct=2 segments=108 bytes=7962624 status=1 api_status=0 submitted_ts_us=1787570530696946 completed_ts_us=1787570530697175 manager_get_status_ts_us=1787570530697095 backend_query_ts_us=1787570530697147 submit_us=696 transfer_us=230 manager_to_backend_query_us=45 total_us=926 [878,891][transport_manager.cpp:725,GetStatus]
[2026-08-24 19:22:10.697182][UC][I] [METRIC DEBUG] TransportManager GetStatus return:2359279073318 [878,891][transport_manager.cpp:746,GetStatus]
[2026-08-24 19:22:10.697256][UC][I] [METRIC DEBUG] TransportManager ExecuteAsync START:2359279073393 [878,891][transport_manager.cpp:640,ExecuteAsync]
[2026-08-24 19:22:10.697263][UC][I] [METRIC DEBUG] TransportManager ExecuteAsync find transport:2359279073400 [878,891][transport_manager.cpp:645,ExecuteAsync]
[2026-08-24 19:22:10.697266][UC][I] [METRIC DEBUG] HIXL transport ExecuteAsync START:2359279073403 [878,891][hixl_transport.cpp:627,ExecuteAsync]
[2026-08-24 19:22:10.697270][UC][I] [METRIC DEBUG] HIXL transport ExecuteAsync get lifecycle_lock:2359279073407 [878,891][hixl_transport.cpp:629,ExecuteAsync]
[2026-08-24 19:22:10.697273][UC][I] [METRIC DEBUG] HIXL transport ExecuteAsync get peer route:2359279073410 [878,891][hixl_transport.cpp:659,ExecuteAsync]
[2026-08-24 19:22:10.697291][UC][I] [METRIC DEBUG] HIXL transport ExecuteAsync validate memory:2359279073427 [878,891][hixl_transport.cpp:671,ExecuteAsync]
[2026-08-24 19:22:10.697295][UC][I] [METRIC DEBUG] HIXL instance TransferAsync START:2359279073432 [878,891][hixl_instance.cpp:283,TransferAsync]
[2026-08-24 19:22:10.697305][UC][I] [METRIC DEBUG] HIXL instance TransferAsync RUN:2359279073441 [878,895][hixl_instance.cpp:286,operator()]
[2026-08-24 19:22:10.697311][UC][I] [METRIC DEBUG] HIXL instance TransferAsync descriptors built:2359279073448 [878,895][hixl_instance.cpp:288,operator()]
[2026-08-24 19:22:10.697315][UC][I] [METRIC DEBUG] HIXL instance TransferAsync native call begin:2359279073452 [878,895][hixl_instance.cpp:296,operator()]
[2026-08-24 19:22:10.697410][UC][I] [METRIC DEBUG] HIXL instance TransferAsync native call returned:2359279073546 [878,895][hixl_instance.cpp:300,operator()]
[2026-08-24 19:22:10.697425][UC][I] [METRIC DEBUG] HIXL instance TransferAsync Run returned:2359279073561 [878,891][hixl_instance.cpp:316,TransferAsync]
[2026-08-24 19:22:10.697430][UC][I] [METRIC DEBUG] HIXL instance TransferAsync return:2359279073566 [878,891][hixl_instance.cpp:318,TransferAsync]
[2026-08-24 19:22:10.697432][UC][I] [METRIC DEBUG] HIXL transport ExecuteAsync instance returned:2359279073569 [878,891][hixl_transport.cpp:677,ExecuteAsync]
[2026-08-24 19:22:10.697443][UC][I] [METRIC DEBUG] HIXL transport ExecuteAsync pending inserted:2359279073579 [878,891][hixl_transport.cpp:687,ExecuteAsync]
[2026-08-24 19:22:10.697447][UC][I] [METRIC DEBUG] HIXL transport ExecuteAsync return:2359279073584 [878,891][hixl_transport.cpp:694,ExecuteAsync]
[2026-08-24 19:22:10.697451][UC][I] [METRIC DEBUG] TransportManager ExecuteAsync backend returned:2359279073588 [878,891][transport_manager.cpp:658,ExecuteAsync]
[2026-08-24 19:22:10.697454][UC][I] [METRIC DEBUG] TransportManager ExecuteAsync record inserted:2359279073591 [878,891][transport_manager.cpp:679,ExecuteAsync]
[2026-08-24 19:22:10.697459][UC][I] [PERF] component=transport event=transfer_submitted manager=127.0.0.1:8000 target=127.0.0.1:4502 handle=14 transport_handle=14 opcode=1 direct=2 segments=1 bytes=63 submitted_ts_us=1787570530697454 manager_execute_async_ts_us=1787570530697256 backend_execute_async_ts_us=1787570530697315 manager_to_backend_execute_async_us=59 submit_us=188 [878,891][transport_manager.cpp:681,ExecuteAsync]
[2026-08-24 19:22:10.697462][UC][I] [METRIC DEBUG] TransportManager ExecuteAsync return:2359279073599 [878,891][transport_manager.cpp:694,ExecuteAsync]
[2026-08-24 19:22:10.697467][UC][I] [METRIC DEBUG] TransportManager GetStatus START:2359279073604 [878,891][transport_manager.cpp:706,GetStatus]
[2026-08-24 19:22:10.697470][UC][I] [METRIC DEBUG] TransportManager GetStatus get record:2359279073607 [878,891][transport_manager.cpp:718,GetStatus]
[2026-08-24 19:22:10.697472][UC][I] [METRIC DEBUG] HIXL transport GetStatus START:2359279073609 [878,891][hixl_transport.cpp:701,GetStatus]
[2026-08-24 19:22:10.697475][UC][I] [METRIC DEBUG] HIXL transport GetStatus get lifecycle_lock:2359279073612 [878,891][hixl_transport.cpp:709,GetStatus]
[2026-08-24 19:22:10.697478][UC][I] [METRIC DEBUG] HIXL transport GetStatus get pending_mutex_:2359279073614 [878,891][hixl_transport.cpp:721,GetStatus]
[2026-08-24 19:22:10.697481][UC][I] [METRIC DEBUG] HIXL instance GetTransferStatus START:2359279073618 [878,891][hixl_instance.cpp:326,GetTransferStatus]
[2026-08-24 19:22:10.697491][UC][I] [METRIC DEBUG] HIXL instance GetTransferStatus RUN:2359279073628 [878,895][hixl_instance.cpp:331,operator()]
[2026-08-24 19:22:10.697507][UC][I] [METRIC DEBUG] HIXL transport GetStatus get task status:2359279073644 [878,891][hixl_transport.cpp:725,GetStatus]
[2026-08-24 19:22:10.697513][UC][I] [METRIC DEBUG] HIXL transport GetStatus return:2359279073649 [878,891][hixl_transport.cpp:740,GetStatus]
[2026-08-24 19:22:10.697516][UC][I] [METRIC DEBUG] TransportManager GetStatus get task status:2359279073653 [878,891][transport_manager.cpp:721,GetStatus]
[2026-08-24 19:22:10.697520][UC][I] [PERF] component=transport event=transfer_done manager=127.0.0.1:8000 target=127.0.0.1:4502 handle=14 transport_handle=14 opcode=1 direct=2 segments=1 bytes=63 status=1 api_status=0 submitted_ts_us=1787570530697454 completed_ts_us=1787570530697519 manager_get_status_ts_us=1787570530697466 backend_query_ts_us=1787570530697497 submit_us=188 transfer_us=65 manager_to_backend_query_us=24 total_us=253 [878,891][transport_manager.cpp:725,GetStatus]
[2026-08-24 19:22:10.697523][UC][I] [METRIC DEBUG] TransportManager GetStatus return:2359279073660 [878,891][transport_manager.cpp:746,GetStatus]
[2026-08-24 19:22:10.697529][UC][I] [PERF] component=drampool event=request_done request_id=2 opcode=2 peer=127.0.0.1:4502 batch_size=108 data_bytes=7962624 failed_items=0 status=SUCCESS failed_stage=NONE received_ts_us=1787570530696043 worker_started_ts_us=1787570530696126 data_transfer_submitted_ts_us=1787570530696967 data_transfer_completed_ts_us=1787570530697185 response_submitted_ts_us=1787570530697466 completed_ts_us=1787570530697526 data_tm_execute_async_ts_us=1787570530696208 data_hixl_execute_async_ts_us=1787570530696436 data_tm_get_status_ts_us=1787570530697095 data_hixl_query_handle_ts_us=1787570530697147 response_tm_execute_async_ts_us=1787570530697256 response_hixl_execute_async_ts_us=1787570530697315 response_tm_get_status_ts_us=1787570530697466 response_hixl_query_handle_ts_us=1787570530697497 request_queue_us=83 metadata_prepare_us=77 taskworker_prepare_us=842 poller_queue_us=127 data_transfer_us=219 metadata_settle_us=67 response_slot_wait_us=1 response_submit_us=212 response_transfer_us=60 data_tm_to_hixl_execute_async_us=228 data_tm_to_hixl_query_handle_us=45 response_tm_to_hixl_execute_async_us=59 response_tm_to_hixl_query_handle_us=24 total_us=1484 [878,891][completion_poller.cc:56,LogRequestDone]
[2026-08-24 19:22:10.697745][UC][I] [METRIC DEBUG] HIXL instance TransferAsync native call returned:2359279073881 [878,916][hixl_instance.cpp:300,operator()]
[2026-08-24 19:22:10.697772][UC][I] [METRIC DEBUG] HIXL instance TransferAsync Run returned:2359279073907 [878,892][hixl_instance.cpp:316,TransferAsync]
[2026-08-24 19:22:10.697787][UC][I] [METRIC DEBUG] HIXL instance TransferAsync return:2359279073923 [878,892][hixl_instance.cpp:318,TransferAsync]
[2026-08-24 19:22:10.697793][UC][I] [METRIC DEBUG] HIXL transport ExecuteAsync instance returned:2359279073930 [878,892][hixl_transport.cpp:677,ExecuteAsync]
[2026-08-24 19:22:10.697797][UC][I] [METRIC DEBUG] HIXL transport ExecuteAsync pending inserted:2359279073934 [878,892][hixl_transport.cpp:687,ExecuteAsync]
[2026-08-24 19:22:10.697801][UC][I] [METRIC DEBUG] HIXL transport ExecuteAsync return:2359279073938 [878,892][hixl_transport.cpp:694,ExecuteAsync]
[2026-08-24 19:22:10.697805][UC][I] [METRIC DEBUG] TransportManager ExecuteAsync backend returned:2359279073941 [878,892][transport_manager.cpp:658,ExecuteAsync]
[2026-08-24 19:22:10.697809][UC][I] [METRIC DEBUG] TransportManager ExecuteAsync record inserted:2359279073946 [878,892][transport_manager.cpp:679,ExecuteAsync]
[2026-08-24 19:22:10.697813][UC][I] [PERF] component=transport event=transfer_submitted manager=127.0.0.1:8000 target=127.0.0.1:4501 handle=15 transport_handle=15 opcode=1 direct=2 segments=108 bytes=7962624 submitted_ts_us=1787570530697807 manager_execute_async_ts_us=1787570530696992 backend_execute_async_ts_us=1787570530697063 manager_to_backend_execute_async_us=71 submit_us=801 [878,892][transport_manager.cpp:681,ExecuteAsync]
[2026-08-24 19:22:10.697817][UC][I] [METRIC DEBUG] TransportManager ExecuteAsync return:2359279073954 [878,892][transport_manager.cpp:694,ExecuteAsync]
[2026-08-24 19:22:10.697851][UC][I] [METRIC DEBUG] TransportManager GetStatus START:2359279073986 [878,891][transport_manager.cpp:706,GetStatus]
[2026-08-24 19:22:10.697866][UC][I] [METRIC DEBUG] TransportManager GetStatus get record:2359279074003 [878,891][transport_manager.cpp:718,GetStatus]
[2026-08-24 19:22:10.697870][UC][I] [METRIC DEBUG] HIXL transport GetStatus START:2359279074007 [878,891][hixl_transport.cpp:701,GetStatus]
[2026-08-24 19:22:10.697876][UC][I] [METRIC DEBUG] HIXL transport GetStatus get lifecycle_lock:2359279074013 [878,891][hixl_transport.cpp:709,GetStatus]
[2026-08-24 19:22:10.697881][UC][I] [METRIC DEBUG] HIXL transport GetStatus get pending_mutex_:2359279074018 [878,891][hixl_transport.cpp:721,GetStatus]
[2026-08-24 19:22:10.697885][UC][I] [METRIC DEBUG] HIXL instance GetTransferStatus START:2359279074022 [878,891][hixl_instance.cpp:326,GetTransferStatus]
[2026-08-24 19:22:10.697895][UC][I] [METRIC DEBUG] HIXL instance GetTransferStatus RUN:2359279074032 [878,916][hixl_instance.cpp:331,operator()]
[2026-08-24 19:22:10.697911][UC][I] [METRIC DEBUG] HIXL transport GetStatus get task status:2359279074047 [878,891][hixl_transport.cpp:725,GetStatus]
[2026-08-24 19:22:10.697920][UC][I] [METRIC DEBUG] HIXL transport GetStatus return:2359279074057 [878,891][hixl_transport.cpp:740,GetStatus]
[2026-08-24 19:22:10.697925][UC][I] [METRIC DEBUG] TransportManager GetStatus get task status:2359279074062 [878,891][transport_manager.cpp:721,GetStatus]
[2026-08-24 19:22:10.697930][UC][I] [METRIC DEBUG] TransportManager GetStatus return:2359279074067 [878,891][transport_manager.cpp:746,GetStatus]
[2026-08-24 19:22:10.697935][UC][I] [METRIC DEBUG] TransportManager GetStatus START:2359279074072 [878,891][transport_manager.cpp:706,GetStatus]
[2026-08-24 19:22:10.697947][UC][I] [METRIC DEBUG] TransportManager GetStatus get record:2359279074084 [878,891][transport_manager.cpp:718,GetStatus]
[2026-08-24 19:22:10.697956][UC][I] [METRIC DEBUG] HIXL transport GetStatus START:2359279074092 [878,891][hixl_transport.cpp:701,GetStatus]
[2026-08-24 19:22:10.697961][UC][I] [METRIC DEBUG] HIXL transport GetStatus get lifecycle_lock:2359279074098 [878,891][hixl_transport.cpp:709,GetStatus]
[2026-08-24 19:22:10.697964][UC][I] [METRIC DEBUG] HIXL transport GetStatus get pending_mutex_:2359279074101 [878,891][hixl_transport.cpp:721,GetStatus]
[2026-08-24 19:22:10.697967][UC][I] [METRIC DEBUG] HIXL instance GetTransferStatus START:2359279074104 [878,891][hixl_instance.cpp:326,GetTransferStatus]
[2026-08-24 19:22:10.697976][UC][I] [METRIC DEBUG] HIXL instance GetTransferStatus RUN:2359279074113 [878,916][hixl_instance.cpp:331,operator()]
[2026-08-24 19:22:10.697992][UC][I] [METRIC DEBUG] HIXL transport GetStatus get task status:2359279074129 [878,891][hixl_transport.cpp:725,GetStatus]
[2026-08-24 19:22:10.698001][UC][I] [METRIC DEBUG] HIXL transport GetStatus return:2359279074138 [878,891][hixl_transport.cpp:740,GetStatus]
[2026-08-24 19:22:10.698006][UC][I] [METRIC DEBUG] TransportManager GetStatus get task status:2359279074143 [878,891][transport_manager.cpp:721,GetStatus]
[2026-08-24 19:22:10.698012][UC][I] [METRIC DEBUG] TransportManager GetStatus return:2359279074149 [878,891][transport_manager.cpp:746,GetStatus]
[2026-08-24 19:22:10.698017][UC][I] [METRIC DEBUG] TransportManager GetStatus START:2359279074154 [878,891][transport_manager.cpp:706,GetStatus]
[2026-08-24 19:22:10.698021][UC][I] [METRIC DEBUG] TransportManager GetStatus get record:2359279074157 [878,891][transport_manager.cpp:718,GetStatus]
[2026-08-24 19:22:10.698025][UC][I] [METRIC DEBUG] HIXL transport GetStatus START:2359279074162 [878,891][hixl_transport.cpp:701,GetStatus]
[2026-08-24 19:22:10.698029][UC][I] [METRIC DEBUG] HIXL transport GetStatus get lifecycle_lock:2359279074165 [878,891][hixl_transport.cpp:709,GetStatus]
[2026-08-24 19:22:10.698034][UC][I] [METRIC DEBUG] HIXL transport GetStatus get pending_mutex_:2359279074171 [878,891][hixl_transport.cpp:721,GetStatus]
[2026-08-24 19:22:10.698039][UC][I] [METRIC DEBUG] HIXL instance GetTransferStatus START:2359279074175 [878,891][hixl_instance.cpp:326,GetTransferStatus]
[2026-08-24 19:22:10.698047][UC][I] [METRIC DEBUG] HIXL instance GetTransferStatus RUN:2359279074183 [878,916][hixl_instance.cpp:331,operator()]
[2026-08-24 19:22:10.698063][UC][I] [METRIC DEBUG] HIXL transport GetStatus get task status:2359279074199 [878,891][hixl_transport.cpp:725,GetStatus]
[2026-08-24 19:22:10.698073][UC][I] [METRIC DEBUG] HIXL transport GetStatus return:2359279074210 [878,891][hixl_transport.cpp:740,GetStatus]
[2026-08-24 19:22:10.698078][UC][I] [METRIC DEBUG] TransportManager GetStatus get task status:2359279074214 [878,891][transport_manager.cpp:721,GetStatus]
[2026-08-24 19:22:10.698083][UC][I] [PERF] component=transport event=transfer_done manager=127.0.0.1:8000 target=127.0.0.1:4501 handle=15 transport_handle=15 opcode=1 direct=2 segments=108 bytes=7962624 status=1 api_status=0 submitted_ts_us=1787570530697807 completed_ts_us=1787570530698082 manager_get_status_ts_us=1787570530698017 backend_query_ts_us=1787570530698053 submit_us=801 transfer_us=274 manager_to_backend_query_us=29 total_us=1075 [878,891][transport_manager.cpp:725,GetStatus]
[2026-08-24 19:22:10.698089][UC][I] [METRIC DEBUG] TransportManager GetStatus return:2359279074225 [878,891][transport_manager.cpp:746,GetStatus]
[2026-08-24 19:22:10.698109][UC][I] [METRIC DEBUG] TransportManager ExecuteAsync START:2359279074245 [878,891][transport_manager.cpp:640,ExecuteAsync]
[2026-08-24 19:22:10.698117][UC][I] [METRIC DEBUG] TransportManager ExecuteAsync find transport:2359279074254 [878,891][transport_manager.cpp:645,ExecuteAsync]
[2026-08-24 19:22:10.698120][UC][I] [METRIC DEBUG] HIXL transport ExecuteAsync START:2359279074257 [878,891][hixl_transport.cpp:627,ExecuteAsync]
[2026-08-24 19:22:10.698125][UC][I] [METRIC DEBUG] HIXL transport ExecuteAsync get lifecycle_lock:2359279074261 [878,891][hixl_transport.cpp:629,ExecuteAsync]
[2026-08-24 19:22:10.698140][UC][I] [METRIC DEBUG] HIXL transport ExecuteAsync get peer route:2359279074277 [878,891][hixl_transport.cpp:659,ExecuteAsync]
[2026-08-24 19:22:10.698144][UC][I] [METRIC DEBUG] HIXL transport ExecuteAsync validate memory:2359279074281 [878,891][hixl_transport.cpp:671,ExecuteAsync]
[2026-08-24 19:22:10.698151][UC][I] [METRIC DEBUG] HIXL instance TransferAsync START:2359279074287 [878,891][hixl_instance.cpp:283,TransferAsync]
[2026-08-24 19:22:10.698161][UC][I] [METRIC DEBUG] HIXL instance TransferAsync RUN:2359279074297 [878,916][hixl_instance.cpp:286,operator()]
[2026-08-24 19:22:10.698168][UC][I] [METRIC DEBUG] HIXL instance TransferAsync descriptors built:2359279074305 [878,916][hixl_instance.cpp:288,operator()]
[2026-08-24 19:22:10.698172][UC][I] [METRIC DEBUG] HIXL instance TransferAsync native call begin:2359279074309 [878,916][hixl_instance.cpp:296,operator()]
[2026-08-24 19:22:10.698253][UC][I] [METRIC DEBUG] HIXL instance TransferAsync native call returned:2359279074389 [878,916][hixl_instance.cpp:300,operator()]
[2026-08-24 19:22:10.698269][UC][I] [METRIC DEBUG] HIXL instance TransferAsync Run returned:2359279074406 [878,891][hixl_instance.cpp:316,TransferAsync]
[2026-08-24 19:22:10.698275][UC][I] [METRIC DEBUG] HIXL instance TransferAsync return:2359279074412 [878,891][hixl_instance.cpp:318,TransferAsync]
[2026-08-24 19:22:10.698279][UC][I] [METRIC DEBUG] HIXL transport ExecuteAsync instance returned:2359279074416 [878,891][hixl_transport.cpp:677,ExecuteAsync]
[2026-08-24 19:22:10.698285][UC][I] [METRIC DEBUG] HIXL transport ExecuteAsync pending inserted:2359279074422 [878,891][hixl_transport.cpp:687,ExecuteAsync]
[2026-08-24 19:22:10.698291][UC][I] [METRIC DEBUG] HIXL transport ExecuteAsync return:2359279074427 [878,891][hixl_transport.cpp:694,ExecuteAsync]
[2026-08-24 19:22:10.698294][UC][I] [METRIC DEBUG] TransportManager ExecuteAsync backend returned:2359279074431 [878,891][transport_manager.cpp:658,ExecuteAsync]
[2026-08-24 19:22:10.698297][UC][I] [METRIC DEBUG] TransportManager ExecuteAsync record inserted:2359279074433 [878,891][transport_manager.cpp:679,ExecuteAsync]
[2026-08-24 19:22:10.698301][UC][I] [PERF] component=transport event=transfer_submitted manager=127.0.0.1:8000 target=127.0.0.1:4501 handle=16 transport_handle=16 opcode=1 direct=2 segments=1 bytes=63 submitted_ts_us=1787570530698296 manager_execute_async_ts_us=1787570530698108 backend_execute_async_ts_us=1787570530698172 manager_to_backend_execute_async_us=64 submit_us=176 [878,891][transport_manager.cpp:681,ExecuteAsync]
[2026-08-24 19:22:10.698308][UC][I] [METRIC DEBUG] TransportManager ExecuteAsync return:2359279074445 [878,891][transport_manager.cpp:694,ExecuteAsync]
[2026-08-24 19:22:10.698313][UC][I] [METRIC DEBUG] TransportManager GetStatus START:2359279074450 [878,891][transport_manager.cpp:706,GetStatus]
[2026-08-24 19:22:10.698317][UC][I] [METRIC DEBUG] TransportManager GetStatus get record:2359279074454 [878,891][transport_manager.cpp:718,GetStatus]
[2026-08-24 19:22:10.698320][UC][I] [METRIC DEBUG] HIXL transport GetStatus START:2359279074457 [878,891][hixl_transport.cpp:701,GetStatus]
[2026-08-24 19:22:10.698325][UC][I] [METRIC DEBUG] HIXL transport GetStatus get lifecycle_lock:2359279074462 [878,891][hixl_transport.cpp:709,GetStatus]
[2026-08-24 19:22:10.698329][UC][I] [METRIC DEBUG] HIXL transport GetStatus get pending_mutex_:2359279074466 [878,891][hixl_transport.cpp:721,GetStatus]
[2026-08-24 19:22:10.698332][UC][I] [METRIC DEBUG] HIXL instance GetTransferStatus START:2359279074469 [878,891][hixl_instance.cpp:326,GetTransferStatus]
[2026-08-24 19:22:10.698344][UC][I] [METRIC DEBUG] HIXL instance GetTransferStatus RUN:2359279074480 [878,916][hixl_instance.cpp:331,operator()]
[2026-08-24 19:22:10.698363][UC][I] [METRIC DEBUG] HIXL transport GetStatus get task status:2359279074500 [878,891][hixl_transport.cpp:725,GetStatus]
[2026-08-24 19:22:10.698373][UC][I] [METRIC DEBUG] HIXL transport GetStatus return:2359279074510 [878,891][hixl_transport.cpp:740,GetStatus]
[2026-08-24 19:22:10.698386][UC][I] [METRIC DEBUG] TransportManager GetStatus get task status:2359279074523 [878,891][transport_manager.cpp:721,GetStatus]
[2026-08-24 19:22:10.698390][UC][I] [PERF] component=transport event=transfer_done manager=127.0.0.1:8000 target=127.0.0.1:4501 handle=16 transport_handle=16 opcode=1 direct=2 segments=1 bytes=63 status=1 api_status=0 submitted_ts_us=1787570530698296 completed_ts_us=1787570530698389 manager_get_status_ts_us=1787570530698313 backend_query_ts_us=1787570530698353 submit_us=176 transfer_us=93 manager_to_backend_query_us=30 total_us=269 [878,891][transport_manager.cpp:725,GetStatus]
[2026-08-24 19:22:10.698394][UC][I] [METRIC DEBUG] TransportManager GetStatus return:2359279074531 [878,891][transport_manager.cpp:746,GetStatus]
[2026-08-24 19:22:10.698400][UC][I] [PERF] component=drampool event=request_done request_id=4 opcode=2 peer=127.0.0.1:4501 batch_size=108 data_bytes=7962624 failed_items=0 status=SUCCESS failed_stage=NONE received_ts_us=1787570530696047 worker_started_ts_us=1787570530696971 data_transfer_submitted_ts_us=1787570530697824 data_transfer_completed_ts_us=1787570530698092 response_submitted_ts_us=1787570530698312 completed_ts_us=1787570530698397 data_tm_execute_async_ts_us=1787570530696992 data_hixl_execute_async_ts_us=1787570530697063 data_tm_get_status_ts_us=1787570530698017 data_hixl_query_handle_ts_us=1787570530698053 response_tm_execute_async_ts_us=1787570530698108 response_hixl_execute_async_ts_us=1787570530698172 response_tm_get_status_ts_us=1787570530698313 response_hixl_query_handle_ts_us=1787570530698353 request_queue_us=924 metadata_prepare_us=18 taskworker_prepare_us=854 poller_queue_us=24 data_transfer_us=268 metadata_settle_us=14 response_slot_wait_us=1 response_submit_us=205 response_transfer_us=85 data_tm_to_hixl_execute_async_us=71 data_tm_to_hixl_query_handle_us=29 response_tm_to_hixl_execute_async_us=64 response_tm_to_hixl_query_handle_us=30 total_us=2351 [878,891][completion_poller.cc:56,LogRequestDone]
