[2026-08-24 21:06:34.268867][UC][I] DramPool CompletionPoller started [28603,28616][drampool_server.cc:555,CompletionPollerLoop]
[2026-08-24 21:06:34.268975][UC][I] DramPool TaskWorker started [28603,28617][drampool_server.cc:473,TaskWorkerLoop]
[2026-08-24 21:06:34.269094][UC][I] DramPool GCThread started, interval_ms=1000 [28603,28618][drampool_server.cc:562,GCThreadLoop]
[2026-08-24 21:06:34.269208][UC][I] DramPool RequestReceiver started, addr=127.0.0.1:9000 [28603,28619][drampool_server.cc:480,RequestReceiveLoop]
[2026-08-24 21:06:36.061637][UC][I] [HIXL_WORKER_PERF] task_id=1 queue_depth=1 enqueue_lock_wait_us=1 enqueue_us=0 queue_wait_us=16 execute_us=55 result_post_us=8 total_us=80 status=0 [28603,28603][hixl_instance.cpp:107,Run]
[2026-08-24 21:06:36.061762][UC][I] [HIXL_WORKER_PERF] task_id=2 queue_depth=1 enqueue_lock_wait_us=1 enqueue_us=0 queue_wait_us=17 execute_us=45 result_post_us=8 total_us=71 status=0 [28603,28603][hixl_instance.cpp:107,Run]
[2026-08-24 21:06:36.061826][UC][I] [HIXL_WORKER_PERF] task_id=3 queue_depth=1 enqueue_lock_wait_us=0 enqueue_us=0 queue_wait_us=6 execute_us=11 result_post_us=31 total_us=48 status=0 [28603,28603][hixl_instance.cpp:107,Run]
[2026-08-24 21:06:36.061879][UC][I] [HIXL_WORKER_PERF] task_id=4 queue_depth=1 enqueue_lock_wait_us=1 enqueue_us=0 queue_wait_us=5 execute_us=14 result_post_us=26 total_us=46 status=0 [28603,28603][hixl_instance.cpp:107,Run]
[2026-08-24 21:06:36.061933][UC][I] [HIXL_WORKER_PERF] task_id=5 queue_depth=1 enqueue_lock_wait_us=0 enqueue_us=0 queue_wait_us=5 execute_us=10 result_post_us=30 total_us=45 status=0 [28603,28603][hixl_instance.cpp:107,Run]
[2026-08-24 21:06:36.061984][UC][I] [HIXL_WORKER_PERF] task_id=6 queue_depth=1 enqueue_lock_wait_us=0 enqueue_us=0 queue_wait_us=5 execute_us=11 result_post_us=28 total_us=44 status=0 [28603,28603][hixl_instance.cpp:107,Run]
[2026-08-24 21:06:36.062248][UC][I] DramPool health server is disabled [28603,28603][health_server.cc:140,Start]
[2026-08-24 21:06:36.062262][UC][I] DramPool service ready, addr=127.0.0.1:9000 [28603,28603][drampool_daemon.cc:79,Run]
[2026-08-24 21:07:12.734491][UC][I] [HIXL_WORKER_PERF] task_id=7 queue_depth=1 enqueue_lock_wait_us=1 enqueue_us=1 queue_wait_us=17 execute_us=943368 result_post_us=14 total_us=943401 status=0 [28603,28665][hixl_instance.cpp:107,Run]
[2026-08-24 21:07:13.629568][UC][I] [HIXL_WORKER_PERF] task_id=8 queue_depth=1 enqueue_lock_wait_us=0 enqueue_us=1 queue_wait_us=19 execute_us=894517 result_post_us=21 total_us=894558 status=0 [28603,28665][hixl_instance.cpp:107,Run]
[2026-08-24 21:07:13.831314][UC][I] [HIXL_WORKER_PERF] task_id=9 queue_depth=1 enqueue_lock_wait_us=1 enqueue_us=0 queue_wait_us=14 execute_us=201565 result_post_us=9 total_us=201589 status=0 [28603,28665][hixl_instance.cpp:107,Run]
[2026-08-24 21:07:14.053974][UC][I] [HIXL_WORKER_PERF] task_id=10 queue_depth=1 enqueue_lock_wait_us=0 enqueue_us=0 queue_wait_us=7 execute_us=222544 result_post_us=11 total_us=222562 status=0 [28603,28665][hixl_instance.cpp:107,Run]
[2026-08-24 21:07:14.279342][UC][I] [HIXL_WORKER_PERF] task_id=11 queue_depth=1 enqueue_lock_wait_us=0 enqueue_us=0 queue_wait_us=19 execute_us=225175 result_post_us=24 total_us=225218 status=0 [28603,28665][hixl_instance.cpp:107,Run]
[2026-08-24 21:07:14.461973][UC][I] [HIXL_WORKER_PERF] task_id=12 queue_depth=1 enqueue_lock_wait_us=0 enqueue_us=1 queue_wait_us=9 execute_us=182370 result_post_us=19 total_us=182399 status=0 [28603,28665][hixl_instance.cpp:107,Run]
[2026-08-24 21:07:14.700131][UC][I] [HIXL_WORKER_PERF] task_id=13 queue_depth=1 enqueue_lock_wait_us=2 enqueue_us=0 queue_wait_us=19 execute_us=238025 result_post_us=18 total_us=238064 status=0 [28603,28665][hixl_instance.cpp:107,Run]
[2026-08-24 21:07:14.921783][UC][I] [HIXL_WORKER_PERF] task_id=14 queue_depth=1 enqueue_lock_wait_us=1 enqueue_us=0 queue_wait_us=14 execute_us=221523 result_post_us=19 total_us=221557 status=0 [28603,28665][hixl_instance.cpp:107,Run]
[2026-08-24 21:07:52.306656][UC][I] [HIXL_WORKER_PERF] task_id=15 queue_depth=1 enqueue_lock_wait_us=1 enqueue_us=1 queue_wait_us=22 execute_us=785668 result_post_us=15 total_us=785707 status=0 [28603,28665][hixl_instance.cpp:107,Run]
[HIXL_PERF] event=hccl_batch op=1 desc_num=1 hccl_us=212 status=0
[HIXL_PERF] event=issue_hccl_batch op=1 list_num=1 total_us=252
[HIXL_PERF] event=issue_async_host_flag op=1 list_num=1 context_us=1 hccl_issue_us=256 flag_memcpy_us=20 total_us=277
[HIXL_PERF] event=comm_channel_async op=1 list_num=1 mutex_wait_us=0 slot_us=1476 host_flag_us=8 record_us=2 issue_us=286 total_us=1772
[HIXL_PERF] event=adxl_inner_async op=1 list_num=1 context_us=8 connect_us=0 get_channel_us=3 channel_async_us=1777 tail_us=8 total_us=1796
[HIXL_PERF] event=comm_engine_async op=1 list_num=1 desc_build_us=1 inner_us=1805 total_us=1806 status=0
[2026-08-24 21:07:52.831799][UC][I] [HIXL_WORKER_PERF] task_id=16 queue_depth=1 enqueue_lock_wait_us=1 enqueue_us=0 queue_wait_us=17 execute_us=1822 result_post_us=11 total_us=1851 status=0 [28603,28616][hixl_instance.cpp:107,Run]
[2026-08-24 21:07:52.831839][UC][I] [PERF] component=transport event=transfer_submitted manager=127.0.0.1:8000 target=127.0.0.1:4500 handle=1 transport_handle=1 opcode=1 direct=2 segments=1 bytes=10 submitted_ts_us=1787576872831837 manager_execute_async_ts_us=1787576872829936 backend_execute_async_ts_us=1787576872829966 manager_to_backend_execute_async_us=30 submit_us=1897 [28603,28616][transport_manager.cpp:674,ExecuteAsync]
[HIXL_QUERY_PERF] layer=comm_channel request=0x1 mutex_wait_us=0 check_us=0 lookup_us=2 flag_check_us=0 complete_us=0 total_us=2 transfer_elapsed_us=1892 transfer_bytes=10 op_desc_count=1 transfer_status=0
[HIXL_QUERY_PERF] layer=adxl_inner request=0x1 context_us=12 req_lock_wait_us=0 lookup_us=2 channel_us=14 cleanup_us=0 total_us=28 status=0 transfer_status=0
[HIXL_QUERY_PERF] layer=comm_engine request=0x1 total_us=32 status=0 transfer_status=0
[2026-08-24 21:07:52.831906][UC][I] [HIXL_WORKER_PERF] task_id=17 queue_depth=1 enqueue_lock_wait_us=1 enqueue_us=0 queue_wait_us=6 execute_us=38 result_post_us=7 total_us=52 status=0 [28603,28616][hixl_instance.cpp:107,Run]
[2026-08-24 21:07:52.831914][UC][I] [QUERY_PERF] component=ucm layer=hixl_instance request=0x1 queue_wait_us=8 backend_us=37 run_post_us=15 total_us=60 api_status=0 transfer_status=0 [28603,28616][hixl_instance.cpp:370,GetTransferStatus]
[2026-08-24 21:07:52.831923][UC][I] [QUERY_PERF] component=ucm layer=hixl_transport handle=1 request=0x1 lifecycle_lock_us=0 pending_lock_wait_us=1 pending_lookup_us=0 instance_us=69 erase_us=0 total_us=70 transfer_status=0 [28603,28616][hixl_transport.cpp:734,GetStatus]
[2026-08-24 21:07:52.831930][UC][I] [QUERY_PERF] component=ucm layer=transport_manager handle=1 transport_handle=1 transfers_lock_wait_us=0 lookup_us=0 transport_us=78 total_us=78 api_status=0 transfer_status=0 [28603,28616][transport_manager.cpp:716,GetStatus]
[HIXL_QUERY_PERF] layer=comm_channel request=0x1 mutex_wait_us=0 check_us=0 lookup_us=0 flag_check_us=0 complete_us=0 total_us=0 transfer_elapsed_us=1961 transfer_bytes=10 op_desc_count=1 transfer_status=0
[HIXL_QUERY_PERF] layer=adxl_inner request=0x1 context_us=1 req_lock_wait_us=0 lookup_us=1 channel_us=9 cleanup_us=0 total_us=11 status=0 transfer_status=0
[HIXL_QUERY_PERF] layer=comm_engine request=0x1 total_us=16 status=0 transfer_status=0
[2026-08-24 21:07:52.831970][UC][I] [HIXL_WORKER_PERF] task_id=18 queue_depth=1 enqueue_lock_wait_us=1 enqueue_us=0 queue_wait_us=5 execute_us=20 result_post_us=5 total_us=31 status=0 [28603,28616][hixl_instance.cpp:107,Run]
[2026-08-24 21:07:52.831978][UC][I] [QUERY_PERF] component=ucm layer=hixl_instance request=0x1 queue_wait_us=6 backend_us=20 run_post_us=13 total_us=39 api_status=0 transfer_status=0 [28603,28616][hixl_instance.cpp:370,GetTransferStatus]
[2026-08-24 21:07:52.831984][UC][I] [QUERY_PERF] component=ucm layer=hixl_transport handle=1 request=0x1 lifecycle_lock_us=0 pending_lock_wait_us=0 pending_lookup_us=0 instance_us=44 erase_us=0 total_us=44 transfer_status=0 [28603,28616][hixl_transport.cpp:734,GetStatus]
[2026-08-24 21:07:52.831991][UC][I] [QUERY_PERF] component=ucm layer=transport_manager handle=1 transport_handle=1 transfers_lock_wait_us=0 lookup_us=0 transport_us=52 total_us=52 api_status=0 transfer_status=0 [28603,28616][transport_manager.cpp:716,GetStatus]
[HIXL_QUERY_PERF] layer=comm_channel request=0x1 mutex_wait_us=0 check_us=0 lookup_us=0 flag_check_us=0 complete_us=0 total_us=0 transfer_elapsed_us=2031 transfer_bytes=10 op_desc_count=1 transfer_status=0
[HIXL_QUERY_PERF] layer=adxl_inner request=0x1 context_us=0 req_lock_wait_us=0 lookup_us=1 channel_us=6 cleanup_us=0 total_us=7 status=0 transfer_status=0
[HIXL_QUERY_PERF] layer=comm_engine request=0x1 total_us=9 status=0 transfer_status=0
[2026-08-24 21:07:52.832035][UC][I] [HIXL_WORKER_PERF] task_id=19 queue_depth=1 enqueue_lock_wait_us=0 enqueue_us=1 queue_wait_us=4 execute_us=14 result_post_us=5 total_us=24 status=0 [28603,28616][hixl_instance.cpp:107,Run]
[2026-08-24 21:07:52.832043][UC][I] [QUERY_PERF] component=ucm layer=hixl_instance request=0x1 queue_wait_us=5 backend_us=14 run_post_us=14 total_us=33 api_status=0 transfer_status=0 [28603,28616][hixl_instance.cpp:370,GetTransferStatus]
[2026-08-24 21:07:52.832049][UC][I] [QUERY_PERF] component=ucm layer=hixl_transport handle=1 request=0x1 lifecycle_lock_us=0 pending_lock_wait_us=0 pending_lookup_us=0 instance_us=39 erase_us=0 total_us=39 transfer_status=0 [28603,28616][hixl_transport.cpp:734,GetStatus]
[2026-08-24 21:07:52.832058][UC][I] [QUERY_PERF] component=ucm layer=transport_manager handle=1 transport_handle=1 transfers_lock_wait_us=0 lookup_us=0 transport_us=48 total_us=48 api_status=0 transfer_status=0 [28603,28616][transport_manager.cpp:716,GetStatus]
[HIXL_QUERY_PERF] layer=comm_channel request=0x1 mutex_wait_us=0 check_us=0 lookup_us=0 flag_check_us=0 complete_us=0 total_us=0 transfer_elapsed_us=2086 transfer_bytes=10 op_desc_count=1 transfer_status=0
[HIXL_QUERY_PERF] layer=adxl_inner request=0x1 context_us=0 req_lock_wait_us=0 lookup_us=0 channel_us=5 cleanup_us=0 total_us=5 status=0 transfer_status=0
[HIXL_QUERY_PERF] layer=comm_engine request=0x1 total_us=13 status=0 transfer_status=0
[2026-08-24 21:07:52.832095][UC][I] [HIXL_WORKER_PERF] task_id=20 queue_depth=1 enqueue_lock_wait_us=1 enqueue_us=0 queue_wait_us=4 execute_us=20 result_post_us=5 total_us=30 status=0 [28603,28616][hixl_instance.cpp:107,Run]
[2026-08-24 21:07:52.832103][UC][I] [QUERY_PERF] component=ucm layer=hixl_instance request=0x1 queue_wait_us=5 backend_us=20 run_post_us=13 total_us=38 api_status=0 transfer_status=0 [28603,28616][hixl_instance.cpp:370,GetTransferStatus]
[2026-08-24 21:07:52.832123][UC][I] [QUERY_PERF] component=ucm layer=hixl_transport handle=1 request=0x1 lifecycle_lock_us=0 pending_lock_wait_us=0 pending_lookup_us=0 instance_us=57 erase_us=0 total_us=57 transfer_status=0 [28603,28616][hixl_transport.cpp:734,GetStatus]
[2026-08-24 21:07:52.832131][UC][I] [QUERY_PERF] component=ucm layer=transport_manager handle=1 transport_handle=1 transfers_lock_wait_us=0 lookup_us=0 transport_us=66 total_us=66 api_status=0 transfer_status=0 [28603,28616][transport_manager.cpp:716,GetStatus]
[HIXL_QUERY_PERF] layer=comm_channel request=0x1 mutex_wait_us=0 check_us=0 lookup_us=0 flag_check_us=0 complete_us=0 total_us=0 transfer_elapsed_us=2159 transfer_bytes=10 op_desc_count=1 transfer_status=0
[HIXL_QUERY_PERF] layer=adxl_inner request=0x1 context_us=0 req_lock_wait_us=0 lookup_us=1 channel_us=5 cleanup_us=0 total_us=6 status=0 transfer_status=0
[HIXL_QUERY_PERF] layer=comm_engine request=0x1 total_us=10 status=0 transfer_status=0
[2026-08-24 21:07:52.832162][UC][I] [HIXL_WORKER_PERF] task_id=21 queue_depth=1 enqueue_lock_wait_us=0 enqueue_us=0 queue_wait_us=5 execute_us=14 result_post_us=4 total_us=23 status=0 [28603,28616][hixl_instance.cpp:107,Run]
[2026-08-24 21:07:52.832169][UC][I] [QUERY_PERF] component=ucm layer=hixl_instance request=0x1 queue_wait_us=6 backend_us=13 run_post_us=11 total_us=30 api_status=0 transfer_status=0 [28603,28616][hixl_instance.cpp:370,GetTransferStatus]
[2026-08-24 21:07:52.832175][UC][I] [QUERY_PERF] component=ucm layer=hixl_transport handle=1 request=0x1 lifecycle_lock_us=0 pending_lock_wait_us=0 pending_lookup_us=0 instance_us=37 erase_us=0 total_us=37 transfer_status=0 [28603,28616][hixl_transport.cpp:734,GetStatus]
[2026-08-24 21:07:52.832186][UC][I] [QUERY_PERF] component=ucm layer=transport_manager handle=1 transport_handle=1 transfers_lock_wait_us=0 lookup_us=1 transport_us=48 total_us=49 api_status=0 transfer_status=0 [28603,28616][transport_manager.cpp:716,GetStatus]
[HIXL_QUERY_PERF] layer=comm_channel request=0x1 mutex_wait_us=0 check_us=0 lookup_us=1 flag_check_us=0 complete_us=0 total_us=1 transfer_elapsed_us=2215 transfer_bytes=10 op_desc_count=1 transfer_status=0
[HIXL_QUERY_PERF] layer=adxl_inner request=0x1 context_us=1 req_lock_wait_us=0 lookup_us=0 channel_us=7 cleanup_us=0 total_us=8 status=0 transfer_status=0
[HIXL_QUERY_PERF] layer=comm_engine request=0x1 total_us=14 status=0 transfer_status=0
[2026-08-24 21:07:52.832224][UC][I] [HIXL_WORKER_PERF] task_id=22 queue_depth=1 enqueue_lock_wait_us=0 enqueue_us=0 queue_wait_us=5 execute_us=20 result_post_us=5 total_us=30 status=0 [28603,28616][hixl_instance.cpp:107,Run]
[2026-08-24 21:07:52.832232][UC][I] [QUERY_PERF] component=ucm layer=hixl_instance request=0x1 queue_wait_us=5 backend_us=20 run_post_us=13 total_us=38 api_status=0 transfer_status=0 [28603,28616][hixl_instance.cpp:370,GetTransferStatus]
[2026-08-24 21:07:52.832239][UC][I] [QUERY_PERF] component=ucm layer=hixl_transport handle=1 request=0x1 lifecycle_lock_us=0 pending_lock_wait_us=0 pending_lookup_us=0 instance_us=44 erase_us=0 total_us=44 transfer_status=0 [28603,28616][hixl_transport.cpp:734,GetStatus]
[2026-08-24 21:07:52.832244][UC][I] [QUERY_PERF] component=ucm layer=transport_manager handle=1 transport_handle=1 transfers_lock_wait_us=0 lookup_us=0 transport_us=50 total_us=50 api_status=0 transfer_status=0 [28603,28616][transport_manager.cpp:716,GetStatus]
[HIXL_QUERY_PERF] layer=comm_channel request=0x1 mutex_wait_us=0 check_us=1 lookup_us=0 flag_check_us=0 complete_us=0 total_us=1 transfer_elapsed_us=2270 transfer_bytes=10 op_desc_count=1 transfer_status=0
[HIXL_QUERY_PERF] layer=adxl_inner request=0x1 context_us=0 req_lock_wait_us=0 lookup_us=0 channel_us=9 cleanup_us=0 total_us=9 status=0 transfer_status=0
[HIXL_QUERY_PERF] layer=comm_engine request=0x1 total_us=15 status=0 transfer_status=0
[2026-08-24 21:07:52.832279][UC][I] [HIXL_WORKER_PERF] task_id=23 queue_depth=1 enqueue_lock_wait_us=0 enqueue_us=0 queue_wait_us=4 execute_us=20 result_post_us=5 total_us=29 status=0 [28603,28616][hixl_instance.cpp:107,Run]
[2026-08-24 21:07:52.832285][UC][I] [QUERY_PERF] component=ucm layer=hixl_instance request=0x1 queue_wait_us=4 backend_us=20 run_post_us=11 total_us=35 api_status=0 transfer_status=0 [28603,28616][hixl_instance.cpp:370,GetTransferStatus]
[2026-08-24 21:07:52.832293][UC][I] [QUERY_PERF] component=ucm layer=hixl_transport handle=1 request=0x1 lifecycle_lock_us=0 pending_lock_wait_us=1 pending_lookup_us=0 instance_us=43 erase_us=0 total_us=44 transfer_status=0 [28603,28616][hixl_transport.cpp:734,GetStatus]
[2026-08-24 21:07:52.832299][UC][I] [QUERY_PERF] component=ucm layer=transport_manager handle=1 transport_handle=1 transfers_lock_wait_us=0 lookup_us=0 transport_us=50 total_us=50 api_status=0 transfer_status=0 [28603,28616][transport_manager.cpp:716,GetStatus]
[HIXL_QUERY_PERF] layer=comm_channel request=0x1 mutex_wait_us=0 check_us=0 lookup_us=0 flag_check_us=0 complete_us=0 total_us=0 transfer_elapsed_us=2323 transfer_bytes=10 op_desc_count=1 transfer_status=0
[HIXL_QUERY_PERF] layer=adxl_inner request=0x1 context_us=1 req_lock_wait_us=0 lookup_us=0 channel_us=6 cleanup_us=0 total_us=7 status=0 transfer_status=0
[HIXL_QUERY_PERF] layer=comm_engine request=0x1 total_us=12 status=0 transfer_status=0
[2026-08-24 21:07:52.832329][UC][I] [HIXL_WORKER_PERF] task_id=24 queue_depth=1 enqueue_lock_wait_us=0 enqueue_us=0 queue_wait_us=4 execute_us=17 result_post_us=4 total_us=25 status=0 [28603,28616][hixl_instance.cpp:107,Run]
[2026-08-24 21:07:52.832337][UC][I] [QUERY_PERF] component=ucm layer=hixl_instance request=0x1 queue_wait_us=5 backend_us=17 run_post_us=13 total_us=35 api_status=0 transfer_status=0 [28603,28616][hixl_instance.cpp:370,GetTransferStatus]
[2026-08-24 21:07:52.832354][UC][I] [QUERY_PERF] component=ucm layer=hixl_transport handle=1 request=0x1 lifecycle_lock_us=0 pending_lock_wait_us=0 pending_lookup_us=0 instance_us=51 erase_us=0 total_us=51 transfer_status=0 [28603,28616][hixl_transport.cpp:734,GetStatus]
[2026-08-24 21:07:52.832362][UC][I] [QUERY_PERF] component=ucm layer=transport_manager handle=1 transport_handle=1 transfers_lock_wait_us=0 lookup_us=0 transport_us=60 total_us=60 api_status=0 transfer_status=0 [28603,28616][transport_manager.cpp:716,GetStatus]
[HIXL_QUERY_PERF] layer=comm_channel request=0x1 mutex_wait_us=0 check_us=0 lookup_us=0 flag_check_us=0 complete_us=0 total_us=0 transfer_elapsed_us=2390 transfer_bytes=10 op_desc_count=1 transfer_status=0
[HIXL_QUERY_PERF] layer=adxl_inner request=0x1 context_us=1 req_lock_wait_us=0 lookup_us=0 channel_us=5 cleanup_us=0 total_us=6 status=0 transfer_status=0
[HIXL_QUERY_PERF] layer=comm_engine request=0x1 total_us=12 status=0 transfer_status=0
[2026-08-24 21:07:52.832395][UC][I] [HIXL_WORKER_PERF] task_id=25 queue_depth=1 enqueue_lock_wait_us=1 enqueue_us=0 queue_wait_us=4 execute_us=16 result_post_us=4 total_us=25 status=0 [28603,28616][hixl_instance.cpp:107,Run]
[2026-08-24 21:07:52.832402][UC][I] [QUERY_PERF] component=ucm layer=hixl_instance request=0x1 queue_wait_us=5 backend_us=16 run_post_us=12 total_us=33 api_status=0 transfer_status=0 [28603,28616][hixl_instance.cpp:370,GetTransferStatus]
[2026-08-24 21:07:52.832409][UC][I] [QUERY_PERF] component=ucm layer=hixl_transport handle=1 request=0x1 lifecycle_lock_us=0 pending_lock_wait_us=0 pending_lookup_us=0 instance_us=40 erase_us=0 total_us=40 transfer_status=0 [28603,28616][hixl_transport.cpp:734,GetStatus]
[2026-08-24 21:07:52.832416][UC][I] [QUERY_PERF] component=ucm layer=transport_manager handle=1 transport_handle=1 transfers_lock_wait_us=0 lookup_us=0 transport_us=47 total_us=47 api_status=0 transfer_status=0 [28603,28616][transport_manager.cpp:716,GetStatus]
[HIXL_QUERY_PERF] layer=comm_channel request=0x1 mutex_wait_us=0 check_us=0 lookup_us=0 flag_check_us=0 complete_us=0 total_us=0 transfer_elapsed_us=2440 transfer_bytes=10 op_desc_count=1 transfer_status=0
[HIXL_QUERY_PERF] layer=adxl_inner request=0x1 context_us=1 req_lock_wait_us=0 lookup_us=0 channel_us=6 cleanup_us=0 total_us=7 status=0 transfer_status=0
[HIXL_QUERY_PERF] layer=comm_engine request=0x1 total_us=11 status=0 transfer_status=0
[2026-08-24 21:07:52.832444][UC][I] [HIXL_WORKER_PERF] task_id=26 queue_depth=1 enqueue_lock_wait_us=1 enqueue_us=0 queue_wait_us=4 execute_us=16 result_post_us=4 total_us=25 status=0 [28603,28616][hixl_instance.cpp:107,Run]
[2026-08-24 21:07:52.832453][UC][I] [QUERY_PERF] component=ucm layer=hixl_instance request=0x1 queue_wait_us=5 backend_us=16 run_post_us=13 total_us=34 api_status=0 transfer_status=0 [28603,28616][hixl_instance.cpp:370,GetTransferStatus]
[2026-08-24 21:07:52.832460][UC][I] [QUERY_PERF] component=ucm layer=hixl_transport handle=1 request=0x1 lifecycle_lock_us=0 pending_lock_wait_us=0 pending_lookup_us=0 instance_us=40 erase_us=0 total_us=40 transfer_status=0 [28603,28616][hixl_transport.cpp:734,GetStatus]
[2026-08-24 21:07:52.832463][UC][I] [QUERY_PERF] component=ucm layer=transport_manager handle=1 transport_handle=1 transfers_lock_wait_us=0 lookup_us=0 transport_us=44 total_us=44 api_status=0 transfer_status=0 [28603,28616][transport_manager.cpp:716,GetStatus]
[HIXL_QUERY_PERF] layer=comm_channel request=0x1 mutex_wait_us=0 check_us=0 lookup_us=0 flag_check_us=0 complete_us=0 total_us=0 transfer_elapsed_us=2487 transfer_bytes=10 op_desc_count=1 transfer_status=0
[HIXL_QUERY_PERF] layer=adxl_inner request=0x1 context_us=0 req_lock_wait_us=0 lookup_us=1 channel_us=11 cleanup_us=0 total_us=12 status=0 transfer_status=0
[HIXL_QUERY_PERF] layer=comm_engine request=0x1 total_us=16 status=0 transfer_status=0
[2026-08-24 21:07:52.832494][UC][I] [HIXL_WORKER_PERF] task_id=27 queue_depth=1 enqueue_lock_wait_us=0 enqueue_us=0 queue_wait_us=4 execute_us=18 result_post_us=5 total_us=27 status=0 [28603,28616][hixl_instance.cpp:107,Run]
[2026-08-24 21:07:52.832502][UC][I] [QUERY_PERF] component=ucm layer=hixl_instance request=0x1 queue_wait_us=4 backend_us=18 run_post_us=12 total_us=34 api_status=0 transfer_status=0 [28603,28616][hixl_instance.cpp:370,GetTransferStatus]
[2026-08-24 21:07:52.832505][UC][I] [QUERY_PERF] component=ucm layer=hixl_transport handle=1 request=0x1 lifecycle_lock_us=0 pending_lock_wait_us=0 pending_lookup_us=0 instance_us=38 erase_us=0 total_us=38 transfer_status=0 [28603,28616][hixl_transport.cpp:734,GetStatus]
[2026-08-24 21:07:52.832508][UC][I] [QUERY_PERF] component=ucm layer=transport_manager handle=1 transport_handle=1 transfers_lock_wait_us=0 lookup_us=1 transport_us=41 total_us=42 api_status=0 transfer_status=0 [28603,28616][transport_manager.cpp:716,GetStatus]
[HIXL_QUERY_PERF] layer=comm_channel request=0x1 mutex_wait_us=0 check_us=0 lookup_us=0 flag_check_us=0 complete_us=0 total_us=0 transfer_elapsed_us=2532 transfer_bytes=10 op_desc_count=1 transfer_status=0
[HIXL_QUERY_PERF] layer=adxl_inner request=0x1 context_us=0 req_lock_wait_us=0 lookup_us=1 channel_us=3 cleanup_us=0 total_us=4 status=0 transfer_status=0
[HIXL_QUERY_PERF] layer=comm_engine request=0x1 total_us=6 status=0 transfer_status=0
[2026-08-24 21:07:52.832529][UC][I] [HIXL_WORKER_PERF] task_id=28 queue_depth=1 enqueue_lock_wait_us=0 enqueue_us=0 queue_wait_us=4 execute_us=8 result_post_us=5 total_us=17 status=0 [28603,28616][hixl_instance.cpp:107,Run]
[2026-08-24 21:07:52.832534][UC][I] [QUERY_PERF] component=ucm layer=hixl_instance request=0x1 queue_wait_us=4 backend_us=8 run_post_us=9 total_us=21 api_status=0 transfer_status=0 [28603,28616][hixl_instance.cpp:370,GetTransferStatus]
[2026-08-24 21:07:52.832536][UC][I] [QUERY_PERF] component=ucm layer=hixl_transport handle=1 request=0x1 lifecycle_lock_us=0 pending_lock_wait_us=0 pending_lookup_us=0 instance_us=24 erase_us=0 total_us=24 transfer_status=0 [28603,28616][hixl_transport.cpp:734,GetStatus]
[2026-08-24 21:07:52.832545][UC][I] [QUERY_PERF] component=ucm layer=transport_manager handle=1 transport_handle=1 transfers_lock_wait_us=0 lookup_us=1 transport_us=33 total_us=34 api_status=0 transfer_status=0 [28603,28616][transport_manager.cpp:716,GetStatus]
[HIXL_QUERY_PERF] layer=comm_channel request=0x1 mutex_wait_us=0 check_us=0 lookup_us=0 flag_check_us=0 complete_us=0 total_us=0 transfer_elapsed_us=2570 transfer_bytes=10 op_desc_count=1 transfer_status=0
[HIXL_QUERY_PERF] layer=adxl_inner request=0x1 context_us=0 req_lock_wait_us=1 lookup_us=0 channel_us=3 cleanup_us=0 total_us=4 status=0 transfer_status=0
[HIXL_QUERY_PERF] layer=comm_engine request=0x1 total_us=6 status=0 transfer_status=0
[2026-08-24 21:07:52.832566][UC][I] [HIXL_WORKER_PERF] task_id=29 queue_depth=1 enqueue_lock_wait_us=0 enqueue_us=0 queue_wait_us=5 execute_us=7 result_post_us=5 total_us=17 status=0 [28603,28616][hixl_instance.cpp:107,Run]
[2026-08-24 21:07:52.832572][UC][I] [QUERY_PERF] component=ucm layer=hixl_instance request=0x1 queue_wait_us=5 backend_us=7 run_post_us=10 total_us=22 api_status=0 transfer_status=0 [28603,28616][hixl_instance.cpp:370,GetTransferStatus]
[2026-08-24 21:07:52.832576][UC][I] [QUERY_PERF] component=ucm layer=hixl_transport handle=1 request=0x1 lifecycle_lock_us=0 pending_lock_wait_us=0 pending_lookup_us=1 instance_us=27 erase_us=0 total_us=28 transfer_status=0 [28603,28616][hixl_transport.cpp:734,GetStatus]
[2026-08-24 21:07:52.832580][UC][I] [QUERY_PERF] component=ucm layer=transport_manager handle=1 transport_handle=1 transfers_lock_wait_us=0 lookup_us=0 transport_us=32 total_us=32 api_status=0 transfer_status=0 [28603,28616][transport_manager.cpp:716,GetStatus]
[HIXL_QUERY_PERF] layer=comm_channel request=0x1 mutex_wait_us=0 check_us=0 lookup_us=0 flag_check_us=0 complete_us=0 total_us=0 transfer_elapsed_us=2607 transfer_bytes=10 op_desc_count=1 transfer_status=0
[HIXL_QUERY_PERF] layer=adxl_inner request=0x1 context_us=1 req_lock_wait_us=0 lookup_us=0 channel_us=5 cleanup_us=0 total_us=6 status=0 transfer_status=0
[HIXL_QUERY_PERF] layer=comm_engine request=0x1 total_us=16 status=0 transfer_status=0
[2026-08-24 21:07:52.832614][UC][I] [HIXL_WORKER_PERF] task_id=30 queue_depth=1 enqueue_lock_wait_us=0 enqueue_us=0 queue_wait_us=4 execute_us=18 result_post_us=5 total_us=27 status=0 [28603,28616][hixl_instance.cpp:107,Run]
[2026-08-24 21:07:52.832619][UC][I] [QUERY_PERF] component=ucm layer=hixl_instance request=0x1 queue_wait_us=4 backend_us=18 run_post_us=10 total_us=32 api_status=0 transfer_status=0 [28603,28616][hixl_instance.cpp:370,GetTransferStatus]
[2026-08-24 21:07:52.832623][UC][I] [QUERY_PERF] component=ucm layer=hixl_transport handle=1 request=0x1 lifecycle_lock_us=0 pending_lock_wait_us=1 pending_lookup_us=0 instance_us=35 erase_us=0 total_us=36 transfer_status=0 [28603,28616][hixl_transport.cpp:734,GetStatus]
[2026-08-24 21:07:52.832628][UC][I] [QUERY_PERF] component=ucm layer=transport_manager handle=1 transport_handle=1 transfers_lock_wait_us=0 lookup_us=0 transport_us=41 total_us=41 api_status=0 transfer_status=0 [28603,28616][transport_manager.cpp:716,GetStatus]
[HIXL_QUERY_PERF] layer=comm_channel request=0x1 mutex_wait_us=0 check_us=0 lookup_us=0 flag_check_us=0 complete_us=0 total_us=0 transfer_elapsed_us=2653 transfer_bytes=10 op_desc_count=1 transfer_status=0
[HIXL_QUERY_PERF] layer=adxl_inner request=0x1 context_us=1 req_lock_wait_us=0 lookup_us=0 channel_us=6 cleanup_us=0 total_us=7 status=0 transfer_status=0
[HIXL_QUERY_PERF] layer=comm_engine request=0x1 total_us=10 status=0 transfer_status=0
[2026-08-24 21:07:52.832655][UC][I] [HIXL_WORKER_PERF] task_id=31 queue_depth=1 enqueue_lock_wait_us=0 enqueue_us=0 queue_wait_us=5 execute_us=13 result_post_us=5 total_us=23 status=0 [28603,28616][hixl_instance.cpp:107,Run]
[2026-08-24 21:07:52.832662][UC][I] [QUERY_PERF] component=ucm layer=hixl_instance request=0x1 queue_wait_us=6 backend_us=13 run_post_us=11 total_us=30 api_status=0 transfer_status=0 [28603,28616][hixl_instance.cpp:370,GetTransferStatus]
[2026-08-24 21:07:52.832664][UC][I] [QUERY_PERF] component=ucm layer=hixl_transport handle=1 request=0x1 lifecycle_lock_us=0 pending_lock_wait_us=0 pending_lookup_us=0 instance_us=33 erase_us=0 total_us=33 transfer_status=0 [28603,28616][hixl_transport.cpp:734,GetStatus]
[2026-08-24 21:07:52.832667][UC][I] [QUERY_PERF] component=ucm layer=transport_manager handle=1 transport_handle=1 transfers_lock_wait_us=0 lookup_us=0 transport_us=36 total_us=36 api_status=0 transfer_status=0 [28603,28616][transport_manager.cpp:716,GetStatus]
[HIXL_QUERY_PERF] layer=comm_channel request=0x1 mutex_wait_us=0 check_us=0 lookup_us=0 flag_check_us=0 complete_us=0 total_us=0 transfer_elapsed_us=2690 transfer_bytes=10 op_desc_count=1 transfer_status=0
[HIXL_QUERY_PERF] layer=adxl_inner request=0x1 context_us=0 req_lock_wait_us=0 lookup_us=1 channel_us=5 cleanup_us=0 total_us=6 status=0 transfer_status=0
[HIXL_QUERY_PERF] layer=comm_engine request=0x1 total_us=8 status=0 transfer_status=0
[2026-08-24 21:07:52.832690][UC][I] [HIXL_WORKER_PERF] task_id=32 queue_depth=1 enqueue_lock_wait_us=0 enqueue_us=1 queue_wait_us=3 execute_us=11 result_post_us=5 total_us=20 status=0 [28603,28616][hixl_instance.cpp:107,Run]
[2026-08-24 21:07:52.832696][UC][I] [QUERY_PERF] component=ucm layer=hixl_instance request=0x1 queue_wait_us=5 backend_us=10 run_post_us=11 total_us=26 api_status=0 transfer_status=0 [28603,28616][hixl_instance.cpp:370,GetTransferStatus]
[2026-08-24 21:07:52.832700][UC][I] [QUERY_PERF] component=ucm layer=hixl_transport handle=1 request=0x1 lifecycle_lock_us=0 pending_lock_wait_us=0 pending_lookup_us=0 instance_us=30 erase_us=0 total_us=30 transfer_status=0 [28603,28616][hixl_transport.cpp:734,GetStatus]
[2026-08-24 21:07:52.832711][UC][I] [QUERY_PERF] component=ucm layer=transport_manager handle=1 transport_handle=1 transfers_lock_wait_us=0 lookup_us=0 transport_us=40 total_us=40 api_status=0 transfer_status=0 [28603,28616][transport_manager.cpp:716,GetStatus]
[HIXL_QUERY_PERF] layer=comm_channel request=0x1 mutex_wait_us=0 check_us=0 lookup_us=0 flag_check_us=0 complete_us=0 total_us=0 transfer_elapsed_us=2737 transfer_bytes=10 op_desc_count=1 transfer_status=0
[HIXL_QUERY_PERF] layer=adxl_inner request=0x1 context_us=0 req_lock_wait_us=0 lookup_us=1 channel_us=12 cleanup_us=0 total_us=13 status=0 transfer_status=0
[HIXL_QUERY_PERF] layer=comm_engine request=0x1 total_us=16 status=0 transfer_status=0
[2026-08-24 21:07:52.832744][UC][I] [HIXL_WORKER_PERF] task_id=33 queue_depth=1 enqueue_lock_wait_us=0 enqueue_us=1 queue_wait_us=4 execute_us=18 result_post_us=5 total_us=28 status=0 [28603,28616][hixl_instance.cpp:107,Run]
[2026-08-24 21:07:52.832750][UC][I] [QUERY_PERF] component=ucm layer=hixl_instance request=0x1 queue_wait_us=5 backend_us=18 run_post_us=11 total_us=34 api_status=0 transfer_status=0 [28603,28616][hixl_instance.cpp:370,GetTransferStatus]
[2026-08-24 21:07:52.832753][UC][I] [QUERY_PERF] component=ucm layer=hixl_transport handle=1 request=0x1 lifecycle_lock_us=0 pending_lock_wait_us=0 pending_lookup_us=0 instance_us=36 erase_us=0 total_us=36 transfer_status=0 [28603,28616][hixl_transport.cpp:734,GetStatus]
[2026-08-24 21:07:52.832755][UC][I] [QUERY_PERF] component=ucm layer=transport_manager handle=1 transport_handle=1 transfers_lock_wait_us=0 lookup_us=0 transport_us=39 total_us=39 api_status=0 transfer_status=0 [28603,28616][transport_manager.cpp:716,GetStatus]
[HIXL_QUERY_PERF] layer=comm_channel request=0x1 mutex_wait_us=0 check_us=0 lookup_us=0 flag_check_us=0 complete_us=0 total_us=1 transfer_elapsed_us=2779 transfer_bytes=10 op_desc_count=1 transfer_status=0
[HIXL_QUERY_PERF] layer=adxl_inner request=0x1 context_us=1 req_lock_wait_us=0 lookup_us=0 channel_us=3 cleanup_us=0 total_us=4 status=0 transfer_status=0
[HIXL_QUERY_PERF] layer=comm_engine request=0x1 total_us=6 status=0 transfer_status=0
[2026-08-24 21:07:52.832776][UC][I] [HIXL_WORKER_PERF] task_id=34 queue_depth=1 enqueue_lock_wait_us=0 enqueue_us=0 queue_wait_us=4 execute_us=8 result_post_us=4 total_us=16 status=0 [28603,28616][hixl_instance.cpp:107,Run]
[2026-08-24 21:07:52.832780][UC][I] [QUERY_PERF] component=ucm layer=hixl_instance request=0x1 queue_wait_us=4 backend_us=8 run_post_us=9 total_us=21 api_status=0 transfer_status=0 [28603,28616][hixl_instance.cpp:370,GetTransferStatus]
[2026-08-24 21:07:52.832783][UC][I] [QUERY_PERF] component=ucm layer=hixl_transport handle=1 request=0x1 lifecycle_lock_us=0 pending_lock_wait_us=1 pending_lookup_us=0 instance_us=24 erase_us=0 total_us=25 transfer_status=0 [28603,28616][hixl_transport.cpp:734,GetStatus]
[2026-08-24 21:07:52.832786][UC][I] [QUERY_PERF] component=ucm layer=transport_manager handle=1 transport_handle=1 transfers_lock_wait_us=0 lookup_us=0 transport_us=28 total_us=28 api_status=0 transfer_status=0 [28603,28616][transport_manager.cpp:716,GetStatus]
[HIXL_QUERY_PERF] layer=comm_channel request=0x1 mutex_wait_us=0 check_us=0 lookup_us=0 flag_check_us=0 complete_us=0 total_us=0 transfer_elapsed_us=2810 transfer_bytes=10 op_desc_count=1 transfer_status=0
[HIXL_QUERY_PERF] layer=adxl_inner request=0x1 context_us=0 req_lock_wait_us=0 lookup_us=1 channel_us=4 cleanup_us=0 total_us=5 status=0 transfer_status=0
[HIXL_QUERY_PERF] layer=comm_engine request=0x1 total_us=7 status=0 transfer_status=0
[2026-08-24 21:07:52.832808][UC][I] [HIXL_WORKER_PERF] task_id=35 queue_depth=1 enqueue_lock_wait_us=0 enqueue_us=1 queue_wait_us=3 execute_us=9 result_post_us=4 total_us=17 status=0 [28603,28616][hixl_instance.cpp:107,Run]
[2026-08-24 21:07:52.832812][UC][I] [QUERY_PERF] component=ucm layer=hixl_instance request=0x1 queue_wait_us=4 backend_us=9 run_post_us=9 total_us=22 api_status=0 transfer_status=0 [28603,28616][hixl_instance.cpp:370,GetTransferStatus]
[2026-08-24 21:07:52.832816][UC][I] [QUERY_PERF] component=ucm layer=hixl_transport handle=1 request=0x1 lifecycle_lock_us=0 pending_lock_wait_us=0 pending_lookup_us=0 instance_us=26 erase_us=0 total_us=26 transfer_status=0 [28603,28616][hixl_transport.cpp:734,GetStatus]
[2026-08-24 21:07:52.832822][UC][I] [QUERY_PERF] component=ucm layer=transport_manager handle=1 transport_handle=1 transfers_lock_wait_us=0 lookup_us=0 transport_us=32 total_us=32 api_status=0 transfer_status=0 [28603,28616][transport_manager.cpp:716,GetStatus]
[HIXL_QUERY_PERF] layer=comm_channel request=0x1 mutex_wait_us=1 check_us=0 lookup_us=0 flag_check_us=0 complete_us=0 total_us=1 transfer_elapsed_us=2850 transfer_bytes=10 op_desc_count=1 transfer_status=0
[HIXL_QUERY_PERF] layer=adxl_inner request=0x1 context_us=0 req_lock_wait_us=0 lookup_us=0 channel_us=5 cleanup_us=0 total_us=5 status=0 transfer_status=0
[HIXL_QUERY_PERF] layer=comm_engine request=0x1 total_us=7 status=0 transfer_status=0
[2026-08-24 21:07:52.832849][UC][I] [HIXL_WORKER_PERF] task_id=36 queue_depth=1 enqueue_lock_wait_us=0 enqueue_us=0 queue_wait_us=4 execute_us=10 result_post_us=4 total_us=18 status=0 [28603,28616][hixl_instance.cpp:107,Run]
[2026-08-24 21:07:52.832855][UC][I] [QUERY_PERF] component=ucm layer=hixl_instance request=0x1 queue_wait_us=4 backend_us=10 run_post_us=10 total_us=24 api_status=0 transfer_status=0 [28603,28616][hixl_instance.cpp:370,GetTransferStatus]
[2026-08-24 21:07:52.832859][UC][I] [QUERY_PERF] component=ucm layer=hixl_transport handle=1 request=0x1 lifecycle_lock_us=0 pending_lock_wait_us=0 pending_lookup_us=0 instance_us=29 erase_us=0 total_us=29 transfer_status=0 [28603,28616][hixl_transport.cpp:734,GetStatus]
[2026-08-24 21:07:52.832862][UC][I] [QUERY_PERF] component=ucm layer=transport_manager handle=1 transport_handle=1 transfers_lock_wait_us=1 lookup_us=0 transport_us=31 total_us=32 api_status=0 transfer_status=0 [28603,28616][transport_manager.cpp:716,GetStatus]
[HIXL_QUERY_PERF] layer=comm_channel request=0x1 mutex_wait_us=0 check_us=0 lookup_us=0 flag_check_us=0 complete_us=0 total_us=0 transfer_elapsed_us=2894 transfer_bytes=10 op_desc_count=1 transfer_status=0
[HIXL_QUERY_PERF] layer=adxl_inner request=0x1 context_us=0 req_lock_wait_us=0 lookup_us=1 channel_us=5 cleanup_us=0 total_us=6 status=0 transfer_status=0
[HIXL_QUERY_PERF] layer=comm_engine request=0x1 total_us=9 status=0 transfer_status=0
[2026-08-24 21:07:52.832896][UC][I] [HIXL_WORKER_PERF] task_id=37 queue_depth=1 enqueue_lock_wait_us=0 enqueue_us=0 queue_wait_us=4 execute_us=14 result_post_us=4 total_us=22 status=0 [28603,28616][hixl_instance.cpp:107,Run]
[2026-08-24 21:07:52.832902][UC][I] [QUERY_PERF] component=ucm layer=hixl_instance request=0x1 queue_wait_us=5 backend_us=13 run_post_us=11 total_us=29 api_status=0 transfer_status=0 [28603,28616][hixl_instance.cpp:370,GetTransferStatus]
[2026-08-24 21:07:52.832906][UC][I] [QUERY_PERF] component=ucm layer=hixl_transport handle=1 request=0x1 lifecycle_lock_us=0 pending_lock_wait_us=0 pending_lookup_us=0 instance_us=33 erase_us=0 total_us=33 transfer_status=0 [28603,28616][hixl_transport.cpp:734,GetStatus]
[2026-08-24 21:07:52.832911][UC][I] [QUERY_PERF] component=ucm layer=transport_manager handle=1 transport_handle=1 transfers_lock_wait_us=1 lookup_us=0 transport_us=38 total_us=39 api_status=0 transfer_status=0 [28603,28616][transport_manager.cpp:716,GetStatus]
[HIXL_QUERY_PERF] layer=comm_channel request=0x1 mutex_wait_us=0 check_us=0 lookup_us=0 flag_check_us=0 complete_us=0 total_us=1 transfer_elapsed_us=2935 transfer_bytes=10 op_desc_count=1 transfer_status=0
[HIXL_QUERY_PERF] layer=adxl_inner request=0x1 context_us=1 req_lock_wait_us=0 lookup_us=0 channel_us=6 cleanup_us=0 total_us=7 status=0 transfer_status=0
[HIXL_QUERY_PERF] layer=comm_engine request=0x1 total_us=11 status=0 transfer_status=0
[2026-08-24 21:07:52.832936][UC][I] [HIXL_WORKER_PERF] task_id=38 queue_depth=1 enqueue_lock_wait_us=0 enqueue_us=0 queue_wait_us=4 execute_us=12 result_post_us=4 total_us=20 status=0 [28603,28616][hixl_instance.cpp:107,Run]
[2026-08-24 21:07:52.832940][UC][I] [QUERY_PERF] component=ucm layer=hixl_instance request=0x1 queue_wait_us=4 backend_us=12 run_post_us=9 total_us=25 api_status=0 transfer_status=0 [28603,28616][hixl_instance.cpp:370,GetTransferStatus]
[2026-08-24 21:07:52.832944][UC][I] [QUERY_PERF] component=ucm layer=hixl_transport handle=1 request=0x1 lifecycle_lock_us=0 pending_lock_wait_us=0 pending_lookup_us=0 instance_us=28 erase_us=0 total_us=28 transfer_status=0 [28603,28616][hixl_transport.cpp:734,GetStatus]
[2026-08-24 21:07:52.832952][UC][I] [QUERY_PERF] component=ucm layer=transport_manager handle=1 transport_handle=1 transfers_lock_wait_us=0 lookup_us=0 transport_us=38 total_us=38 api_status=0 transfer_status=0 [28603,28616][transport_manager.cpp:716,GetStatus]
[HIXL_QUERY_PERF] layer=comm_channel request=0x1 mutex_wait_us=0 check_us=0 lookup_us=0 flag_check_us=0 complete_us=0 total_us=1 transfer_elapsed_us=2977 transfer_bytes=10 op_desc_count=1 transfer_status=0
[HIXL_QUERY_PERF] layer=adxl_inner request=0x1 context_us=1 req_lock_wait_us=0 lookup_us=0 channel_us=5 cleanup_us=0 total_us=6 status=0 transfer_status=0
[HIXL_QUERY_PERF] layer=comm_engine request=0x1 total_us=10 status=0 transfer_status=0
[2026-08-24 21:07:52.832977][UC][I] [HIXL_WORKER_PERF] task_id=39 queue_depth=1 enqueue_lock_wait_us=0 enqueue_us=1 queue_wait_us=4 execute_us=11 result_post_us=5 total_us=21 status=0 [28603,28616][hixl_instance.cpp:107,Run]
[2026-08-24 21:07:52.832982][UC][I] [QUERY_PERF] component=ucm layer=hixl_instance request=0x1 queue_wait_us=5 backend_us=11 run_post_us=10 total_us=26 api_status=0 transfer_status=0 [28603,28616][hixl_instance.cpp:370,GetTransferStatus]
[2026-08-24 21:07:52.832987][UC][I] [QUERY_PERF] component=ucm layer=hixl_transport handle=1 request=0x1 lifecycle_lock_us=0 pending_lock_wait_us=0 pending_lookup_us=0 instance_us=31 erase_us=0 total_us=31 transfer_status=0 [28603,28616][hixl_transport.cpp:734,GetStatus]
[2026-08-24 21:07:52.832991][UC][I] [QUERY_PERF] component=ucm layer=transport_manager handle=1 transport_handle=1 transfers_lock_wait_us=0 lookup_us=0 transport_us=35 total_us=35 api_status=0 transfer_status=0 [28603,28616][transport_manager.cpp:716,GetStatus]
[HIXL_QUERY_PERF] layer=comm_channel request=0x1 mutex_wait_us=0 check_us=0 lookup_us=0 flag_check_us=0 complete_us=0 total_us=0 transfer_elapsed_us=3015 transfer_bytes=10 op_desc_count=1 transfer_status=0
[HIXL_QUERY_PERF] layer=adxl_inner request=0x1 context_us=0 req_lock_wait_us=1 lookup_us=0 channel_us=3 cleanup_us=0 total_us=4 status=0 transfer_status=0
[HIXL_QUERY_PERF] layer=comm_engine request=0x1 total_us=6 status=0 transfer_status=0
[2026-08-24 21:07:52.833011][UC][I] [HIXL_WORKER_PERF] task_id=40 queue_depth=1 enqueue_lock_wait_us=1 enqueue_us=0 queue_wait_us=4 execute_us=8 result_post_us=4 total_us=17 status=0 [28603,28616][hixl_instance.cpp:107,Run]
[2026-08-24 21:07:52.833018][UC][I] [QUERY_PERF] component=ucm layer=hixl_instance request=0x1 queue_wait_us=5 backend_us=8 run_post_us=11 total_us=24 api_status=0 transfer_status=0 [28603,28616][hixl_instance.cpp:370,GetTransferStatus]
[2026-08-24 21:07:52.833022][UC][I] [QUERY_PERF] component=ucm layer=hixl_transport handle=1 request=0x1 lifecycle_lock_us=0 pending_lock_wait_us=0 pending_lookup_us=0 instance_us=28 erase_us=0 total_us=28 transfer_status=0 [28603,28616][hixl_transport.cpp:734,GetStatus]
[2026-08-24 21:07:52.833026][UC][I] [QUERY_PERF] component=ucm layer=transport_manager handle=1 transport_handle=1 transfers_lock_wait_us=0 lookup_us=0 transport_us=31 total_us=31 api_status=0 transfer_status=0 [28603,28616][transport_manager.cpp:716,GetStatus]
[HIXL_QUERY_PERF] layer=comm_channel request=0x1 mutex_wait_us=0 check_us=0 lookup_us=0 flag_check_us=0 complete_us=0 total_us=0 transfer_elapsed_us=3056 transfer_bytes=10 op_desc_count=1 transfer_status=0
[HIXL_QUERY_PERF] layer=adxl_inner request=0x1 context_us=0 req_lock_wait_us=0 lookup_us=1 channel_us=5 cleanup_us=0 total_us=6 status=0 transfer_status=0
[HIXL_QUERY_PERF] layer=comm_engine request=0x1 total_us=8 status=0 transfer_status=0
[2026-08-24 21:07:52.833054][UC][I] [HIXL_WORKER_PERF] task_id=41 queue_depth=1 enqueue_lock_wait_us=0 enqueue_us=0 queue_wait_us=4 execute_us=10 result_post_us=4 total_us=18 status=0 [28603,28616][hixl_instance.cpp:107,Run]
[2026-08-24 21:07:52.833061][UC][I] [QUERY_PERF] component=ucm layer=hixl_instance request=0x1 queue_wait_us=4 backend_us=10 run_post_us=11 total_us=25 api_status=0 transfer_status=0 [28603,28616][hixl_instance.cpp:370,GetTransferStatus]
[2026-08-24 21:07:52.833069][UC][I] [QUERY_PERF] component=ucm layer=hixl_transport handle=1 request=0x1 lifecycle_lock_us=0 pending_lock_wait_us=0 pending_lookup_us=0 instance_us=32 erase_us=0 total_us=32 transfer_status=0 [28603,28616][hixl_transport.cpp:734,GetStatus]
[2026-08-24 21:07:52.833073][UC][I] [QUERY_PERF] component=ucm layer=transport_manager handle=1 transport_handle=1 transfers_lock_wait_us=0 lookup_us=0 transport_us=37 total_us=37 api_status=0 transfer_status=0 [28603,28616][transport_manager.cpp:716,GetStatus]
[HIXL_QUERY_PERF] layer=comm_channel request=0x1 mutex_wait_us=0 check_us=0 lookup_us=0 flag_check_us=1 complete_us=0 total_us=1 transfer_elapsed_us=3098 transfer_bytes=10 op_desc_count=1 transfer_status=0
[HIXL_QUERY_PERF] layer=adxl_inner request=0x1 context_us=1 req_lock_wait_us=0 lookup_us=0 channel_us=6 cleanup_us=0 total_us=7 status=0 transfer_status=0
[HIXL_QUERY_PERF] layer=comm_engine request=0x1 total_us=9 status=0 transfer_status=0
[2026-08-24 21:07:52.833098][UC][I] [HIXL_WORKER_PERF] task_id=42 queue_depth=1 enqueue_lock_wait_us=0 enqueue_us=0 queue_wait_us=4 execute_us=12 result_post_us=4 total_us=20 status=0 [28603,28616][hixl_instance.cpp:107,Run]
[2026-08-24 21:07:52.833103][UC][I] [QUERY_PERF] component=ucm layer=hixl_instance request=0x1 queue_wait_us=4 backend_us=12 run_post_us=9 total_us=25 api_status=0 transfer_status=0 [28603,28616][hixl_instance.cpp:370,GetTransferStatus]
[2026-08-24 21:07:52.833108][UC][I] [QUERY_PERF] component=ucm layer=hixl_transport handle=1 request=0x1 lifecycle_lock_us=0 pending_lock_wait_us=0 pending_lookup_us=1 instance_us=29 erase_us=0 total_us=30 transfer_status=0 [28603,28616][hixl_transport.cpp:734,GetStatus]
[2026-08-24 21:07:52.833110][UC][I] [QUERY_PERF] component=ucm layer=transport_manager handle=1 transport_handle=1 transfers_lock_wait_us=0 lookup_us=0 transport_us=33 total_us=33 api_status=0 transfer_status=0 [28603,28616][transport_manager.cpp:716,GetStatus]
[HIXL_QUERY_PERF] layer=comm_channel request=0x1 mutex_wait_us=0 check_us=0 lookup_us=0 flag_check_us=1 complete_us=0 total_us=1 transfer_elapsed_us=3135 transfer_bytes=10 op_desc_count=1 transfer_status=0
[HIXL_QUERY_PERF] layer=adxl_inner request=0x1 context_us=1 req_lock_wait_us=0 lookup_us=0 channel_us=6 cleanup_us=0 total_us=7 status=0 transfer_status=0
[HIXL_QUERY_PERF] layer=comm_engine request=0x1 total_us=9 status=0 transfer_status=0
[2026-08-24 21:07:52.833133][UC][I] [HIXL_WORKER_PERF] task_id=43 queue_depth=1 enqueue_lock_wait_us=0 enqueue_us=0 queue_wait_us=4 execute_us=10 result_post_us=4 total_us=18 status=0 [28603,28616][hixl_instance.cpp:107,Run]
[2026-08-24 21:07:52.833138][UC][I] [QUERY_PERF] component=ucm layer=hixl_instance request=0x1 queue_wait_us=4 backend_us=10 run_post_us=9 total_us=23 api_status=0 transfer_status=0 [28603,28616][hixl_instance.cpp:370,GetTransferStatus]
[2026-08-24 21:07:52.833142][UC][I] [QUERY_PERF] component=ucm layer=hixl_transport handle=1 request=0x1 lifecycle_lock_us=1 pending_lock_wait_us=0 pending_lookup_us=0 instance_us=27 erase_us=0 total_us=28 transfer_status=0 [28603,28616][hixl_transport.cpp:734,GetStatus]
[2026-08-24 21:07:52.833146][UC][I] [QUERY_PERF] component=ucm layer=transport_manager handle=1 transport_handle=1 transfers_lock_wait_us=0 lookup_us=0 transport_us=31 total_us=31 api_status=0 transfer_status=0 [28603,28616][transport_manager.cpp:716,GetStatus]
[HIXL_QUERY_PERF] layer=comm_channel request=0x1 mutex_wait_us=0 check_us=0 lookup_us=0 flag_check_us=0 complete_us=0 total_us=0 transfer_elapsed_us=3170 transfer_bytes=10 op_desc_count=1 transfer_status=0
[HIXL_QUERY_PERF] layer=adxl_inner request=0x1 context_us=0 req_lock_wait_us=0 lookup_us=1 channel_us=3 cleanup_us=0 total_us=4 status=0 transfer_status=0
[HIXL_QUERY_PERF] layer=comm_engine request=0x1 total_us=6 status=0 transfer_status=0
[2026-08-24 21:07:52.833168][UC][I] [HIXL_WORKER_PERF] task_id=44 queue_depth=1 enqueue_lock_wait_us=0 enqueue_us=0 queue_wait_us=4 execute_us=9 result_post_us=5 total_us=18 status=0 [28603,28616][hixl_instance.cpp:107,Run]
[2026-08-24 21:07:52.833180][UC][I] [QUERY_PERF] component=ucm layer=hixl_instance request=0x1 queue_wait_us=4 backend_us=9 run_post_us=16 total_us=29 api_status=0 transfer_status=0 [28603,28616][hixl_instance.cpp:370,GetTransferStatus]
[2026-08-24 21:07:52.833184][UC][I] [QUERY_PERF] component=ucm layer=hixl_transport handle=1 request=0x1 lifecycle_lock_us=0 pending_lock_wait_us=0 pending_lookup_us=0 instance_us=34 erase_us=0 total_us=34 transfer_status=0 [28603,28616][hixl_transport.cpp:734,GetStatus]
[2026-08-24 21:07:52.833189][UC][I] [QUERY_PERF] component=ucm layer=transport_manager handle=1 transport_handle=1 transfers_lock_wait_us=0 lookup_us=0 transport_us=39 total_us=39 api_status=0 transfer_status=0 [28603,28616][transport_manager.cpp:716,GetStatus]
[HIXL_QUERY_PERF] layer=comm_channel request=0x1 mutex_wait_us=0 check_us=0 lookup_us=0 flag_check_us=0 complete_us=0 total_us=0 transfer_elapsed_us=3219 transfer_bytes=10 op_desc_count=1 transfer_status=0
[HIXL_QUERY_PERF] layer=adxl_inner request=0x1 context_us=0 req_lock_wait_us=0 lookup_us=1 channel_us=5 cleanup_us=0 total_us=6 status=0 transfer_status=0
[HIXL_QUERY_PERF] layer=comm_engine request=0x1 total_us=7 status=0 transfer_status=0
[2026-08-24 21:07:52.833217][UC][I] [HIXL_WORKER_PERF] task_id=45 queue_depth=1 enqueue_lock_wait_us=0 enqueue_us=1 queue_wait_us=3 execute_us=10 result_post_us=4 total_us=18 status=0 [28603,28616][hixl_instance.cpp:107,Run]
[2026-08-24 21:07:52.833222][UC][I] [QUERY_PERF] component=ucm layer=hixl_instance request=0x1 queue_wait_us=5 backend_us=9 run_post_us=9 total_us=23 api_status=0 transfer_status=0 [28603,28616][hixl_instance.cpp:370,GetTransferStatus]
[2026-08-24 21:07:52.833225][UC][I] [QUERY_PERF] component=ucm layer=hixl_transport handle=1 request=0x1 lifecycle_lock_us=0 pending_lock_wait_us=0 pending_lookup_us=0 instance_us=26 erase_us=0 total_us=26 transfer_status=0 [28603,28616][hixl_transport.cpp:734,GetStatus]
[2026-08-24 21:07:52.833228][UC][I] [QUERY_PERF] component=ucm layer=transport_manager handle=1 transport_handle=1 transfers_lock_wait_us=0 lookup_us=0 transport_us=29 total_us=29 api_status=0 transfer_status=0 [28603,28616][transport_manager.cpp:716,GetStatus]
[HIXL_QUERY_PERF] layer=comm_channel request=0x1 mutex_wait_us=0 check_us=0 lookup_us=0 flag_check_us=0 complete_us=0 total_us=0 transfer_elapsed_us=3255 transfer_bytes=10 op_desc_count=1 transfer_status=0
[HIXL_QUERY_PERF] layer=adxl_inner request=0x1 context_us=0 req_lock_wait_us=0 lookup_us=1 channel_us=4 cleanup_us=0 total_us=5 status=0 transfer_status=0
[HIXL_QUERY_PERF] layer=comm_engine request=0x1 total_us=8 status=0 transfer_status=0
[2026-08-24 21:07:52.833254][UC][I] [HIXL_WORKER_PERF] task_id=46 queue_depth=1 enqueue_lock_wait_us=0 enqueue_us=1 queue_wait_us=3 execute_us=11 result_post_us=4 total_us=19 status=0 [28603,28616][hixl_instance.cpp:107,Run]
[2026-08-24 21:07:52.833262][UC][I] [QUERY_PERF] component=ucm layer=hixl_instance request=0x1 queue_wait_us=5 backend_us=10 run_post_us=11 total_us=26 api_status=0 transfer_status=0 [28603,28616][hixl_instance.cpp:370,GetTransferStatus]
[2026-08-24 21:07:52.833266][UC][I] [QUERY_PERF] component=ucm layer=hixl_transport handle=1 request=0x1 lifecycle_lock_us=0 pending_lock_wait_us=0 pending_lookup_us=0 instance_us=31 erase_us=0 total_us=31 transfer_status=0 [28603,28616][hixl_transport.cpp:734,GetStatus]
[2026-08-24 21:07:52.833269][UC][I] [QUERY_PERF] component=ucm layer=transport_manager handle=1 transport_handle=1 transfers_lock_wait_us=0 lookup_us=0 transport_us=34 total_us=34 api_status=0 transfer_status=0 [28603,28616][transport_manager.cpp:716,GetStatus]
[HIXL_QUERY_PERF] layer=comm_channel request=0x1 mutex_wait_us=0 check_us=0 lookup_us=0 flag_check_us=0 complete_us=0 total_us=0 transfer_elapsed_us=3295 transfer_bytes=10 op_desc_count=1 transfer_status=0
[HIXL_QUERY_PERF] layer=adxl_inner request=0x1 context_us=1 req_lock_wait_us=0 lookup_us=0 channel_us=4 cleanup_us=0 total_us=5 status=0 transfer_status=0
[HIXL_QUERY_PERF] layer=comm_engine request=0x1 total_us=14 status=0 transfer_status=0
[2026-08-24 21:07:52.833301][UC][I] [HIXL_WORKER_PERF] task_id=47 queue_depth=1 enqueue_lock_wait_us=0 enqueue_us=0 queue_wait_us=4 execute_us=17 result_post_us=4 total_us=25 status=0 [28603,28616][hixl_instance.cpp:107,Run]
[2026-08-24 21:07:52.833307][UC][I] [QUERY_PERF] component=ucm layer=hixl_instance request=0x1 queue_wait_us=5 backend_us=17 run_post_us=10 total_us=32 api_status=0 transfer_status=0 [28603,28616][hixl_instance.cpp:370,GetTransferStatus]
[2026-08-24 21:07:52.833309][UC][I] [QUERY_PERF] component=ucm layer=hixl_transport handle=1 request=0x1 lifecycle_lock_us=0 pending_lock_wait_us=0 pending_lookup_us=0 instance_us=35 erase_us=0 total_us=35 transfer_status=0 [28603,28616][hixl_transport.cpp:734,GetStatus]
[2026-08-24 21:07:52.833313][UC][I] [QUERY_PERF] component=ucm layer=transport_manager handle=1 transport_handle=1 transfers_lock_wait_us=0 lookup_us=0 transport_us=39 total_us=39 api_status=0 transfer_status=0 [28603,28616][transport_manager.cpp:716,GetStatus]
[HIXL_QUERY_PERF] layer=comm_channel request=0x1 mutex_wait_us=0 check_us=0 lookup_us=0 flag_check_us=0 complete_us=0 total_us=0 transfer_elapsed_us=3337 transfer_bytes=10 op_desc_count=1 transfer_status=0
[HIXL_QUERY_PERF] layer=adxl_inner request=0x1 context_us=1 req_lock_wait_us=0 lookup_us=0 channel_us=5 cleanup_us=0 total_us=6 status=0 transfer_status=0
[HIXL_QUERY_PERF] layer=comm_engine request=0x1 total_us=10 status=0 transfer_status=0
[2026-08-24 21:07:52.833338][UC][I] [HIXL_WORKER_PERF] task_id=48 queue_depth=1 enqueue_lock_wait_us=0 enqueue_us=0 queue_wait_us=4 execute_us=13 result_post_us=4 total_us=21 status=0 [28603,28616][hixl_instance.cpp:107,Run]
[2026-08-24 21:07:52.833343][UC][I] [QUERY_PERF] component=ucm layer=hixl_instance request=0x1 queue_wait_us=4 backend_us=13 run_post_us=9 total_us=26 api_status=0 transfer_status=0 [28603,28616][hixl_instance.cpp:370,GetTransferStatus]
[2026-08-24 21:07:52.833346][UC][I] [QUERY_PERF] component=ucm layer=hixl_transport handle=1 request=0x1 lifecycle_lock_us=0 pending_lock_wait_us=0 pending_lookup_us=0 instance_us=30 erase_us=0 total_us=30 transfer_status=0 [28603,28616][hixl_transport.cpp:734,GetStatus]
[2026-08-24 21:07:52.833349][UC][I] [QUERY_PERF] component=ucm layer=transport_manager handle=1 transport_handle=1 transfers_lock_wait_us=0 lookup_us=0 transport_us=33 total_us=33 api_status=0 transfer_status=0 [28603,28616][transport_manager.cpp:716,GetStatus]
[HIXL_QUERY_PERF] layer=comm_channel request=0x1 mutex_wait_us=1 check_us=0 lookup_us=0 flag_check_us=0 complete_us=0 total_us=1 transfer_elapsed_us=3373 transfer_bytes=10 op_desc_count=1 transfer_status=0
[HIXL_QUERY_PERF] layer=adxl_inner request=0x1 context_us=0 req_lock_wait_us=0 lookup_us=0 channel_us=5 cleanup_us=0 total_us=5 status=0 transfer_status=0
[HIXL_QUERY_PERF] layer=comm_engine request=0x1 total_us=7 status=0 transfer_status=0
[2026-08-24 21:07:52.833371][UC][I] [HIXL_WORKER_PERF] task_id=49 queue_depth=1 enqueue_lock_wait_us=0 enqueue_us=0 queue_wait_us=4 execute_us=10 result_post_us=4 total_us=18 status=0 [28603,28616][hixl_instance.cpp:107,Run]
[2026-08-24 21:07:52.833385][UC][I] [QUERY_PERF] component=ucm layer=hixl_instance request=0x1 queue_wait_us=4 backend_us=10 run_post_us=18 total_us=32 api_status=0 transfer_status=0 [28603,28616][hixl_instance.cpp:370,GetTransferStatus]
[2026-08-24 21:07:52.833390][UC][I] [QUERY_PERF] component=ucm layer=hixl_transport handle=1 request=0x1 lifecycle_lock_us=0 pending_lock_wait_us=0 pending_lookup_us=1 instance_us=37 erase_us=0 total_us=38 transfer_status=0 [28603,28616][hixl_transport.cpp:734,GetStatus]
[2026-08-24 21:07:52.833394][UC][I] [QUERY_PERF] component=ucm layer=transport_manager handle=1 transport_handle=1 transfers_lock_wait_us=0 lookup_us=0 transport_us=42 total_us=42 api_status=0 transfer_status=0 [28603,28616][transport_manager.cpp:716,GetStatus]
[HIXL_QUERY_PERF] layer=comm_channel request=0x1 mutex_wait_us=0 check_us=0 lookup_us=0 flag_check_us=0 complete_us=5 total_us=5 transfer_elapsed_us=3419 transfer_bytes=10 op_desc_count=1 transfer_status=1
[HIXL_QUERY_PERF] layer=adxl_inner request=0x1 context_us=0 req_lock_wait_us=0 lookup_us=1 channel_us=14 cleanup_us=1 total_us=16 status=0 transfer_status=1
[HIXL_QUERY_PERF] layer=comm_engine request=0x1 total_us=21 status=0 transfer_status=1
[2026-08-24 21:07:52.833430][UC][I] [HIXL_WORKER_PERF] task_id=50 queue_depth=1 enqueue_lock_wait_us=0 enqueue_us=0 queue_wait_us=4 execute_us=24 result_post_us=4 total_us=32 status=0 [28603,28616][hixl_instance.cpp:107,Run]
[2026-08-24 21:07:52.833435][UC][I] [QUERY_PERF] component=ucm layer=hixl_instance request=0x1 queue_wait_us=5 backend_us=23 run_post_us=9 total_us=37 api_status=0 transfer_status=1 [28603,28616][hixl_instance.cpp:370,GetTransferStatus]
[2026-08-24 21:07:52.833440][UC][I] [QUERY_PERF] component=ucm layer=hixl_transport handle=1 request=0x1 lifecycle_lock_us=0 pending_lock_wait_us=0 pending_lookup_us=0 instance_us=40 erase_us=0 total_us=40 transfer_status=1 [28603,28616][hixl_transport.cpp:734,GetStatus]
[2026-08-24 21:07:52.833444][UC][I] [QUERY_PERF] component=ucm layer=transport_manager handle=1 transport_handle=1 transfers_lock_wait_us=0 lookup_us=0 transport_us=46 total_us=46 api_status=0 transfer_status=1 [28603,28616][transport_manager.cpp:716,GetStatus]
[2026-08-24 21:07:52.833448][UC][I] [PERF] component=transport event=transfer_done manager=127.0.0.1:8000 target=127.0.0.1:4500 handle=1 transport_handle=1 opcode=1 direct=2 segments=1 bytes=10 status=1 api_status=0 submitted_ts_us=1787576872831837 completed_ts_us=1787576872833447 manager_get_status_ts_us=1787576872833397 backend_query_ts_us=1787576872833402 submit_us=1897 transfer_us=1610 manager_to_backend_query_us=5 total_us=3507 [28603,28616][transport_manager.cpp:727,GetStatus]
[2026-08-24 21:07:52.833461][UC][I] [PERF] component=drampool event=request_done request_id=1 opcode=0 peer=127.0.0.1:4500 batch_size=2 data_bytes=0 failed_items=0 status=SUCCESS failed_stage=NONE received_ts_us=1787576872829677 worker_started_ts_us=1787576872829778 data_transfer_submitted_ts_us=0 data_transfer_completed_ts_us=0 response_submitted_ts_us=1787576872831850 completed_ts_us=1787576872833457 data_tm_execute_async_ts_us=0 data_hixl_execute_async_ts_us=0 data_tm_get_status_ts_us=0 data_hixl_query_handle_ts_us=0 response_tm_execute_async_ts_us=1787576872829936 response_hixl_execute_async_ts_us=1787576872829966 response_tm_get_status_ts_us=1787576872833397 response_hixl_query_handle_ts_us=1787576872833402 request_queue_us=101 metadata_prepare_us=1 taskworker_prepare_us=7 poller_queue_us=141 data_transfer_us=0 metadata_settle_us=0 response_slot_wait_us=145 response_submit_us=1921 response_transfer_us=1605 data_tm_to_hixl_execute_async_us=0 data_tm_to_hixl_query_handle_us=0 response_tm_to_hixl_execute_async_us=30 response_tm_to_hixl_query_handle_us=5 total_us=3780 [28603,28616][completion_poller.cc:56,LogRequestDone]
[HIXL_PERF] event=hccl_batch op=1 desc_num=1 hccl_us=94 status=0
[HIXL_PERF] event=issue_hccl_batch op=1 list_num=1 total_us=102
[HIXL_PERF] event=issue_async_host_flag op=1 list_num=1 context_us=0 hccl_issue_us=104 flag_memcpy_us=6 total_us=110
[HIXL_PERF] event=comm_channel_async op=1 list_num=1 mutex_wait_us=0 slot_us=1 host_flag_us=0 record_us=0 issue_us=114 total_us=115
[HIXL_PERF] event=adxl_inner_async op=1 list_num=1 context_us=0 connect_us=1 get_channel_us=0 channel_async_us=117 tail_us=0 total_us=118
[HIXL_PERF] event=comm_engine_async op=1 list_num=1 desc_build_us=1 inner_us=120 total_us=121 status=0
[2026-08-24 21:07:52.834979][UC][I] [HIXL_WORKER_PERF] task_id=51 queue_depth=1 enqueue_lock_wait_us=0 enqueue_us=0 queue_wait_us=5 execute_us=127 result_post_us=5 total_us=137 status=0 [28603,28616][hixl_instance.cpp:107,Run]
[2026-08-24 21:07:52.834986][UC][I] [PERF] component=transport event=transfer_submitted manager=127.0.0.1:8000 target=127.0.0.1:4500 handle=2 transport_handle=2 opcode=1 direct=2 segments=1 bytes=10 submitted_ts_us=1787576872834985 manager_execute_async_ts_us=1787576872834839 backend_execute_async_ts_us=1787576872834847 manager_to_backend_execute_async_us=8 submit_us=145 [28603,28616][transport_manager.cpp:674,ExecuteAsync]
[HIXL_QUERY_PERF] layer=comm_channel request=0x2 mutex_wait_us=0 check_us=0 lookup_us=0 flag_check_us=0 complete_us=0 total_us=0 transfer_elapsed_us=157 transfer_bytes=10 op_desc_count=1 transfer_status=0
[HIXL_QUERY_PERF] layer=adxl_inner request=0x2 context_us=1 req_lock_wait_us=0 lookup_us=1 channel_us=6 cleanup_us=0 total_us=8 status=0 transfer_status=0
[HIXL_QUERY_PERF] layer=comm_engine request=0x2 total_us=10 status=0 transfer_status=0
[2026-08-24 21:07:52.835023][UC][I] [HIXL_WORKER_PERF] task_id=52 queue_depth=1 enqueue_lock_wait_us=0 enqueue_us=1 queue_wait_us=5 execute_us=12 result_post_us=4 total_us=22 status=0 [28603,28616][hixl_instance.cpp:107,Run]
[2026-08-24 21:07:52.835029][UC][I] [QUERY_PERF] component=ucm layer=hixl_instance request=0x2 queue_wait_us=6 backend_us=12 run_post_us=11 total_us=29 api_status=0 transfer_status=0 [28603,28616][hixl_instance.cpp:370,GetTransferStatus]
[2026-08-24 21:07:52.835032][UC][I] [QUERY_PERF] component=ucm layer=hixl_transport handle=2 request=0x2 lifecycle_lock_us=0 pending_lock_wait_us=0 pending_lookup_us=0 instance_us=32 erase_us=0 total_us=32 transfer_status=0 [28603,28616][hixl_transport.cpp:734,GetStatus]
[2026-08-24 21:07:52.835035][UC][I] [QUERY_PERF] component=ucm layer=transport_manager handle=2 transport_handle=2 transfers_lock_wait_us=0 lookup_us=0 transport_us=35 total_us=35 api_status=0 transfer_status=0 [28603,28616][transport_manager.cpp:716,GetStatus]
[HIXL_QUERY_PERF] layer=comm_channel request=0x2 mutex_wait_us=0 check_us=0 lookup_us=0 flag_check_us=0 complete_us=0 total_us=0 transfer_elapsed_us=194 transfer_bytes=10 op_desc_count=1 transfer_status=0
[HIXL_QUERY_PERF] layer=adxl_inner request=0x2 context_us=0 req_lock_wait_us=0 lookup_us=1 channel_us=3 cleanup_us=0 total_us=4 status=0 transfer_status=0
[HIXL_QUERY_PERF] layer=comm_engine request=0x2 total_us=6 status=0 transfer_status=0
[2026-08-24 21:07:52.835056][UC][I] [HIXL_WORKER_PERF] task_id=53 queue_depth=1 enqueue_lock_wait_us=0 enqueue_us=0 queue_wait_us=4 execute_us=8 result_post_us=5 total_us=17 status=0 [28603,28616][hixl_instance.cpp:107,Run]
[2026-08-24 21:07:52.835062][UC][I] [QUERY_PERF] component=ucm layer=hixl_instance request=0x2 queue_wait_us=4 backend_us=8 run_post_us=11 total_us=23 api_status=0 transfer_status=0 [28603,28616][hixl_instance.cpp:370,GetTransferStatus]
[2026-08-24 21:07:52.835067][UC][I] [QUERY_PERF] component=ucm layer=hixl_transport handle=2 request=0x2 lifecycle_lock_us=0 pending_lock_wait_us=0 pending_lookup_us=1 instance_us=27 erase_us=0 total_us=28 transfer_status=0 [28603,28616][hixl_transport.cpp:734,GetStatus]
[2026-08-24 21:07:52.835071][UC][I] [QUERY_PERF] component=ucm layer=transport_manager handle=2 transport_handle=2 transfers_lock_wait_us=0 lookup_us=0 transport_us=32 total_us=32 api_status=0 transfer_status=0 [28603,28616][transport_manager.cpp:716,GetStatus]
[HIXL_QUERY_PERF] layer=comm_channel request=0x2 mutex_wait_us=0 check_us=0 lookup_us=0 flag_check_us=1 complete_us=0 total_us=1 transfer_elapsed_us=231 transfer_bytes=10 op_desc_count=1 transfer_status=0
[HIXL_QUERY_PERF] layer=adxl_inner request=0x2 context_us=1 req_lock_wait_us=0 lookup_us=0 channel_us=6 cleanup_us=0 total_us=7 status=0 transfer_status=0
[HIXL_QUERY_PERF] layer=comm_engine request=0x2 total_us=9 status=0 transfer_status=0
[2026-08-24 21:07:52.835097][UC][I] [HIXL_WORKER_PERF] task_id=54 queue_depth=1 enqueue_lock_wait_us=1 enqueue_us=0 queue_wait_us=4 execute_us=12 result_post_us=4 total_us=21 status=0 [28603,28616][hixl_instance.cpp:107,Run]
[2026-08-24 21:07:52.835103][UC][I] [QUERY_PERF] component=ucm layer=hixl_instance request=0x2 queue_wait_us=5 backend_us=12 run_post_us=10 total_us=27 api_status=0 transfer_status=0 [28603,28616][hixl_instance.cpp:370,GetTransferStatus]
[2026-08-24 21:07:52.835107][UC][I] [QUERY_PERF] component=ucm layer=hixl_transport handle=2 request=0x2 lifecycle_lock_us=0 pending_lock_wait_us=0 pending_lookup_us=0 instance_us=31 erase_us=0 total_us=31 transfer_status=0 [28603,28616][hixl_transport.cpp:734,GetStatus]
[2026-08-24 21:07:52.835115][UC][I] [QUERY_PERF] component=ucm layer=transport_manager handle=2 transport_handle=2 transfers_lock_wait_us=0 lookup_us=0 transport_us=39 total_us=39 api_status=0 transfer_status=0 [28603,28616][transport_manager.cpp:716,GetStatus]
[HIXL_QUERY_PERF] layer=comm_channel request=0x2 mutex_wait_us=0 check_us=0 lookup_us=0 flag_check_us=0 complete_us=0 total_us=0 transfer_elapsed_us=274 transfer_bytes=10 op_desc_count=1 transfer_status=0
[HIXL_QUERY_PERF] layer=adxl_inner request=0x2 context_us=1 req_lock_wait_us=0 lookup_us=0 channel_us=6 cleanup_us=0 total_us=7 status=0 transfer_status=0
[HIXL_QUERY_PERF] layer=comm_engine request=0x2 total_us=9 status=0 transfer_status=0
[2026-08-24 21:07:52.835138][UC][I] [HIXL_WORKER_PERF] task_id=55 queue_depth=1 enqueue_lock_wait_us=1 enqueue_us=0 queue_wait_us=4 execute_us=10 result_post_us=4 total_us=19 status=0 [28603,28616][hixl_instance.cpp:107,Run]
[2026-08-24 21:07:52.835143][UC][I] [QUERY_PERF] component=ucm layer=hixl_instance request=0x2 queue_wait_us=5 backend_us=10 run_post_us=9 total_us=24 api_status=0 transfer_status=0 [28603,28616][hixl_instance.cpp:370,GetTransferStatus]
[2026-08-24 21:07:52.835146][UC][I] [QUERY_PERF] component=ucm layer=hixl_transport handle=2 request=0x2 lifecycle_lock_us=0 pending_lock_wait_us=0 pending_lookup_us=0 instance_us=27 erase_us=0 total_us=27 transfer_status=0 [28603,28616][hixl_transport.cpp:734,GetStatus]
[2026-08-24 21:07:52.835149][UC][I] [QUERY_PERF] component=ucm layer=transport_manager handle=2 transport_handle=2 transfers_lock_wait_us=0 lookup_us=0 transport_us=31 total_us=31 api_status=0 transfer_status=0 [28603,28616][transport_manager.cpp:716,GetStatus]
[HIXL_QUERY_PERF] layer=comm_channel request=0x2 mutex_wait_us=0 check_us=0 lookup_us=1 flag_check_us=0 complete_us=0 total_us=1 transfer_elapsed_us=309 transfer_bytes=10 op_desc_count=1 transfer_status=0
[HIXL_QUERY_PERF] layer=adxl_inner request=0x2 context_us=1 req_lock_wait_us=0 lookup_us=0 channel_us=6 cleanup_us=0 total_us=7 status=0 transfer_status=0
[HIXL_QUERY_PERF] layer=comm_engine request=0x2 total_us=10 status=0 transfer_status=0
[2026-08-24 21:07:52.835174][UC][I] [HIXL_WORKER_PERF] task_id=56 queue_depth=1 enqueue_lock_wait_us=0 enqueue_us=0 queue_wait_us=4 execute_us=12 result_post_us=4 total_us=20 status=0 [28603,28616][hixl_instance.cpp:107,Run]
[2026-08-24 21:07:52.835187][UC][I] [QUERY_PERF] component=ucm layer=hixl_instance request=0x2 queue_wait_us=4 backend_us=12 run_post_us=17 total_us=33 api_status=0 transfer_status=0 [28603,28616][hixl_instance.cpp:370,GetTransferStatus]
[2026-08-24 21:07:52.835193][UC][I] [QUERY_PERF] component=ucm layer=hixl_transport handle=2 request=0x2 lifecycle_lock_us=0 pending_lock_wait_us=0 pending_lookup_us=1 instance_us=38 erase_us=0 total_us=39 transfer_status=0 [28603,28616][hixl_transport.cpp:734,GetStatus]
[2026-08-24 21:07:52.835198][UC][I] [QUERY_PERF] component=ucm layer=transport_manager handle=2 transport_handle=2 transfers_lock_wait_us=0 lookup_us=0 transport_us=45 total_us=45 api_status=0 transfer_status=0 [28603,28616][transport_manager.cpp:716,GetStatus]
[HIXL_QUERY_PERF] layer=comm_channel request=0x2 mutex_wait_us=1 check_us=0 lookup_us=0 flag_check_us=0 complete_us=2 total_us=3 transfer_elapsed_us=358 transfer_bytes=10 op_desc_count=1 transfer_status=1
[HIXL_QUERY_PERF] layer=adxl_inner request=0x2 context_us=0 req_lock_wait_us=0 lookup_us=0 channel_us=9 cleanup_us=0 total_us=9 status=0 transfer_status=1
[HIXL_QUERY_PERF] layer=comm_engine request=0x2 total_us=12 status=0 transfer_status=1
[2026-08-24 21:07:52.835226][UC][I] [HIXL_WORKER_PERF] task_id=57 queue_depth=1 enqueue_lock_wait_us=0 enqueue_us=0 queue_wait_us=4 execute_us=14 result_post_us=5 total_us=23 status=0 [28603,28616][hixl_instance.cpp:107,Run]
[2026-08-24 21:07:52.835230][UC][I] [QUERY_PERF] component=ucm layer=hixl_instance request=0x2 queue_wait_us=4 backend_us=14 run_post_us=9 total_us=27 api_status=0 transfer_status=1 [28603,28616][hixl_instance.cpp:370,GetTransferStatus]
[2026-08-24 21:07:52.835241][UC][I] [QUERY_PERF] component=ucm layer=hixl_transport handle=2 request=0x2 lifecycle_lock_us=0 pending_lock_wait_us=0 pending_lookup_us=0 instance_us=37 erase_us=0 total_us=37 transfer_status=1 [28603,28616][hixl_transport.cpp:734,GetStatus]
[2026-08-24 21:07:52.835245][UC][I] [QUERY_PERF] component=ucm layer=transport_manager handle=2 transport_handle=2 transfers_lock_wait_us=0 lookup_us=1 transport_us=42 total_us=43 api_status=0 transfer_status=1 [28603,28616][transport_manager.cpp:716,GetStatus]
[2026-08-24 21:07:52.835250][UC][I] [PERF] component=transport event=transfer_done manager=127.0.0.1:8000 target=127.0.0.1:4500 handle=2 transport_handle=2 opcode=1 direct=2 segments=1 bytes=10 status=1 api_status=0 submitted_ts_us=1787576872834985 completed_ts_us=1787576872835249 manager_get_status_ts_us=1787576872835202 backend_query_ts_us=1787576872835207 submit_us=145 transfer_us=264 manager_to_backend_query_us=5 total_us=409 [28603,28616][transport_manager.cpp:727,GetStatus]
[2026-08-24 21:07:52.835258][UC][I] [PERF] component=drampool event=request_done request_id=2 opcode=0 peer=127.0.0.1:4500 batch_size=2 data_bytes=0 failed_items=0 status=SUCCESS failed_stage=NONE received_ts_us=1787576872834663 worker_started_ts_us=1787576872834807 data_transfer_submitted_ts_us=0 data_transfer_completed_ts_us=0 response_submitted_ts_us=1787576872834999 completed_ts_us=1787576872835255 data_tm_execute_async_ts_us=0 data_hixl_execute_async_ts_us=0 data_tm_get_status_ts_us=0 data_hixl_query_handle_ts_us=0 response_tm_execute_async_ts_us=1787576872834839 response_hixl_execute_async_ts_us=1787576872834847 response_tm_get_status_ts_us=1787576872835202 response_hixl_query_handle_ts_us=1787576872835207 request_queue_us=144 metadata_prepare_us=0 taskworker_prepare_us=2 poller_queue_us=28 data_transfer_us=0 metadata_settle_us=0 response_slot_wait_us=29 response_submit_us=162 response_transfer_us=256 data_tm_to_hixl_execute_async_us=0 data_tm_to_hixl_query_handle_us=0 response_tm_to_hixl_execute_async_us=8 response_tm_to_hixl_query_handle_us=5 total_us=593 [28603,28616][completion_poller.cc:56,LogRequestDone]
[HIXL_PERF] event=hccl_batch op=0 desc_num=108 hccl_us=616 status=0
[HIXL_PERF] event=issue_hccl_batch op=0 list_num=108 total_us=646
[HIXL_PERF] event=issue_async_host_flag op=0 list_num=108 context_us=1 hccl_issue_us=650 flag_memcpy_us=9 total_us=660
[HIXL_PERF] event=comm_channel_async op=0 list_num=108 mutex_wait_us=0 slot_us=2185 host_flag_us=6 record_us=1 issue_us=665 total_us=2857
[HIXL_PERF] event=adxl_inner_async op=0 list_num=108 context_us=2 connect_us=0 get_channel_us=2 channel_async_us=2860 tail_us=1 total_us=2865
[HIXL_PERF] event=comm_engine_async op=0 list_num=108 desc_build_us=3 inner_us=2868 total_us=2871 status=0
[2026-08-24 21:07:53.361080][UC][I] [HIXL_WORKER_PERF] task_id=58 queue_depth=1 enqueue_lock_wait_us=1 enqueue_us=0 queue_wait_us=8 execute_us=2886 result_post_us=8 total_us=2903 status=0 [28603,28617][hixl_instance.cpp:107,Run]
[2026-08-24 21:07:53.361107][UC][I] [PERF] component=transport event=transfer_submitted manager=127.0.0.1:8000 target=127.0.0.1:4501 handle=3 transport_handle=3 opcode=0 direct=2 segments=108 bytes=7962624 submitted_ts_us=1787576873361106 manager_execute_async_ts_us=1787576873358168 backend_execute_async_ts_us=1787576873358192 manager_to_backend_execute_async_us=24 submit_us=2934 [28603,28617][transport_manager.cpp:674,ExecuteAsync]
[HIXL_QUERY_PERF] layer=comm_channel request=0x3 mutex_wait_us=0 check_us=0 lookup_us=1 flag_check_us=0 complete_us=0 total_us=1 transfer_elapsed_us=3085 transfer_bytes=7962624 op_desc_count=108 transfer_status=0
[HIXL_QUERY_PERF] layer=adxl_inner request=0x3 context_us=0 req_lock_wait_us=1 lookup_us=1 channel_us=11 cleanup_us=0 total_us=13 status=0 transfer_status=0
[HIXL_QUERY_PERF] layer=comm_engine request=0x3 total_us=17 status=0 transfer_status=0
[2026-08-24 21:07:53.361309][UC][I] [HIXL_WORKER_PERF] task_id=59 queue_depth=1 enqueue_lock_wait_us=1 enqueue_us=0 queue_wait_us=8 execute_us=20 result_post_us=5 total_us=34 status=0 [28603,28616][hixl_instance.cpp:107,Run]
[2026-08-24 21:07:53.361329][UC][I] [QUERY_PERF] component=ucm layer=hixl_instance request=0x3 queue_wait_us=10 backend_us=18 run_post_us=28 total_us=56 api_status=0 transfer_status=0 [28603,28616][hixl_instance.cpp:370,GetTransferStatus]
[2026-08-24 21:07:53.361336][UC][I] [QUERY_PERF] component=ucm layer=hixl_transport handle=3 request=0x3 lifecycle_lock_us=0 pending_lock_wait_us=0 pending_lookup_us=1 instance_us=62 erase_us=0 total_us=63 transfer_status=0 [28603,28616][hixl_transport.cpp:734,GetStatus]
[2026-08-24 21:07:53.361339][UC][I] [QUERY_PERF] component=ucm layer=transport_manager handle=3 transport_handle=3 transfers_lock_wait_us=0 lookup_us=1 transport_us=67 total_us=68 api_status=0 transfer_status=0 [28603,28616][transport_manager.cpp:716,GetStatus]
[HIXL_QUERY_PERF] layer=comm_channel request=0x3 mutex_wait_us=0 check_us=0 lookup_us=0 flag_check_us=0 complete_us=0 total_us=1 transfer_elapsed_us=3148 transfer_bytes=7962624 op_desc_count=108 transfer_status=0
[HIXL_QUERY_PERF] layer=adxl_inner request=0x3 context_us=1 req_lock_wait_us=0 lookup_us=0 channel_us=4 cleanup_us=0 total_us=5 status=0 transfer_status=0
[HIXL_QUERY_PERF] layer=comm_engine request=0x3 total_us=7 status=0 transfer_status=0
[2026-08-24 21:07:53.361363][UC][I] [HIXL_WORKER_PERF] task_id=60 queue_depth=1 enqueue_lock_wait_us=1 enqueue_us=0 queue_wait_us=5 execute_us=8 result_post_us=5 total_us=19 status=0 [28603,28616][hixl_instance.cpp:107,Run]
[2026-08-24 21:07:53.361367][UC][I] [QUERY_PERF] component=ucm layer=hixl_instance request=0x3 queue_wait_us=6 backend_us=8 run_post_us=9 total_us=23 api_status=0 transfer_status=0 [28603,28616][hixl_instance.cpp:370,GetTransferStatus]
[2026-08-24 21:07:53.361370][UC][I] [QUERY_PERF] component=ucm layer=hixl_transport handle=3 request=0x3 lifecycle_lock_us=0 pending_lock_wait_us=0 pending_lookup_us=0 instance_us=26 erase_us=0 total_us=26 transfer_status=0 [28603,28616][hixl_transport.cpp:734,GetStatus]
[2026-08-24 21:07:53.361373][UC][I] [QUERY_PERF] component=ucm layer=transport_manager handle=3 transport_handle=3 transfers_lock_wait_us=0 lookup_us=0 transport_us=29 total_us=29 api_status=0 transfer_status=0 [28603,28616][transport_manager.cpp:716,GetStatus]
[HIXL_QUERY_PERF] layer=comm_channel request=0x3 mutex_wait_us=0 check_us=0 lookup_us=0 flag_check_us=0 complete_us=0 total_us=0 transfer_elapsed_us=3180 transfer_bytes=7962624 op_desc_count=108 transfer_status=0
[HIXL_QUERY_PERF] layer=adxl_inner request=0x3 context_us=1 req_lock_wait_us=0 lookup_us=0 channel_us=3 cleanup_us=0 total_us=4 status=0 transfer_status=0
[HIXL_QUERY_PERF] layer=comm_engine request=0x3 total_us=6 status=0 transfer_status=0
[2026-08-24 21:07:53.361393][UC][I] [HIXL_WORKER_PERF] task_id=61 queue_depth=1 enqueue_lock_wait_us=0 enqueue_us=0 queue_wait_us=5 execute_us=7 result_post_us=4 total_us=16 status=0 [28603,28616][hixl_instance.cpp:107,Run]
[2026-08-24 21:07:53.361397][UC][I] [QUERY_PERF] component=ucm layer=hixl_instance request=0x3 queue_wait_us=5 backend_us=7 run_post_us=9 total_us=21 api_status=0 transfer_status=0 [28603,28616][hixl_instance.cpp:370,GetTransferStatus]
[2026-08-24 21:07:53.361403][UC][I] [QUERY_PERF] component=ucm layer=hixl_transport handle=3 request=0x3 lifecycle_lock_us=1 pending_lock_wait_us=0 pending_lookup_us=0 instance_us=26 erase_us=0 total_us=27 transfer_status=0 [28603,28616][hixl_transport.cpp:734,GetStatus]
[2026-08-24 21:07:53.361406][UC][I] [QUERY_PERF] component=ucm layer=transport_manager handle=3 transport_handle=3 transfers_lock_wait_us=0 lookup_us=0 transport_us=31 total_us=31 api_status=0 transfer_status=0 [28603,28616][transport_manager.cpp:716,GetStatus]
[HIXL_QUERY_PERF] layer=comm_channel request=0x3 mutex_wait_us=0 check_us=0 lookup_us=0 flag_check_us=0 complete_us=0 total_us=1 transfer_elapsed_us=3213 transfer_bytes=7962624 op_desc_count=108 transfer_status=0
[HIXL_QUERY_PERF] layer=adxl_inner request=0x3 context_us=1 req_lock_wait_us=0 lookup_us=0 channel_us=7 cleanup_us=0 total_us=8 status=0 transfer_status=0
[HIXL_QUERY_PERF] layer=comm_engine request=0x3 total_us=17 status=0 transfer_status=0
[2026-08-24 21:07:53.361439][UC][I] [HIXL_WORKER_PERF] task_id=62 queue_depth=1 enqueue_lock_wait_us=0 enqueue_us=0 queue_wait_us=4 execute_us=21 result_post_us=3 total_us=28 status=0 [28603,28616][hixl_instance.cpp:107,Run]
[2026-08-24 21:07:53.361445][UC][I] [QUERY_PERF] component=ucm layer=hixl_instance request=0x3 queue_wait_us=4 backend_us=21 run_post_us=10 total_us=35 api_status=0 transfer_status=0 [28603,28616][hixl_instance.cpp:370,GetTransferStatus]
[2026-08-24 21:07:53.361451][UC][I] [QUERY_PERF] component=ucm layer=hixl_transport handle=3 request=0x3 lifecycle_lock_us=0 pending_lock_wait_us=0 pending_lookup_us=0 instance_us=41 erase_us=0 total_us=41 transfer_status=0 [28603,28616][hixl_transport.cpp:734,GetStatus]
[2026-08-24 21:07:53.361457][UC][I] [QUERY_PERF] component=ucm layer=transport_manager handle=3 transport_handle=3 transfers_lock_wait_us=0 lookup_us=1 transport_us=47 total_us=48 api_status=0 transfer_status=0 [28603,28616][transport_manager.cpp:716,GetStatus]
[HIXL_QUERY_PERF] layer=comm_channel request=0x3 mutex_wait_us=1 check_us=0 lookup_us=0 flag_check_us=0 complete_us=0 total_us=1 transfer_elapsed_us=3276 transfer_bytes=7962624 op_desc_count=108 transfer_status=0
[HIXL_QUERY_PERF] layer=adxl_inner request=0x3 context_us=1 req_lock_wait_us=0 lookup_us=0 channel_us=5 cleanup_us=0 total_us=6 status=0 transfer_status=0
[HIXL_QUERY_PERF] layer=comm_engine request=0x3 total_us=8 status=0 transfer_status=0
[2026-08-24 21:07:53.361491][UC][I] [HIXL_WORKER_PERF] task_id=63 queue_depth=1 enqueue_lock_wait_us=1 enqueue_us=0 queue_wait_us=4 execute_us=10 result_post_us=4 total_us=19 status=0 [28603,28616][hixl_instance.cpp:107,Run]
[2026-08-24 21:07:53.361498][UC][I] [QUERY_PERF] component=ucm layer=hixl_instance request=0x3 queue_wait_us=5 backend_us=10 run_post_us=12 total_us=27 api_status=0 transfer_status=0 [28603,28616][hixl_instance.cpp:370,GetTransferStatus]
[2026-08-24 21:07:53.361503][UC][I] [QUERY_PERF] component=ucm layer=hixl_transport handle=3 request=0x3 lifecycle_lock_us=0 pending_lock_wait_us=0 pending_lookup_us=0 instance_us=32 erase_us=0 total_us=32 transfer_status=0 [28603,28616][hixl_transport.cpp:734,GetStatus]
[2026-08-24 21:07:53.361508][UC][I] [QUERY_PERF] component=ucm layer=transport_manager handle=3 transport_handle=3 transfers_lock_wait_us=0 lookup_us=0 transport_us=36 total_us=36 api_status=0 transfer_status=0 [28603,28616][transport_manager.cpp:716,GetStatus]
[HIXL_QUERY_PERF] layer=comm_channel request=0x3 mutex_wait_us=0 check_us=0 lookup_us=0 flag_check_us=0 complete_us=0 total_us=0 transfer_elapsed_us=3315 transfer_bytes=7962624 op_desc_count=108 transfer_status=0
[HIXL_QUERY_PERF] layer=adxl_inner request=0x3 context_us=0 req_lock_wait_us=0 lookup_us=1 channel_us=8 cleanup_us=0 total_us=9 status=0 transfer_status=0
[HIXL_QUERY_PERF] layer=comm_engine request=0x3 total_us=13 status=0 transfer_status=0
[2026-08-24 21:07:53.361538][UC][I] [HIXL_WORKER_PERF] task_id=64 queue_depth=1 enqueue_lock_wait_us=0 enqueue_us=0 queue_wait_us=4 execute_us=18 result_post_us=5 total_us=27 status=0 [28603,28616][hixl_instance.cpp:107,Run]
[2026-08-24 21:07:53.361545][UC][I] [QUERY_PERF] component=ucm layer=hixl_instance request=0x3 queue_wait_us=4 backend_us=18 run_post_us=11 total_us=33 api_status=0 transfer_status=0 [28603,28616][hixl_instance.cpp:370,GetTransferStatus]
[2026-08-24 21:07:53.361550][UC][I] [QUERY_PERF] component=ucm layer=hixl_transport handle=3 request=0x3 lifecycle_lock_us=0 pending_lock_wait_us=0 pending_lookup_us=0 instance_us=38 erase_us=0 total_us=38 transfer_status=0 [28603,28616][hixl_transport.cpp:734,GetStatus]
[2026-08-24 21:07:53.361555][UC][I] [QUERY_PERF] component=ucm layer=transport_manager handle=3 transport_handle=3 transfers_lock_wait_us=1 lookup_us=0 transport_us=43 total_us=44 api_status=0 transfer_status=0 [28603,28616][transport_manager.cpp:716,GetStatus]
[HIXL_QUERY_PERF] layer=comm_channel request=0x3 mutex_wait_us=0 check_us=0 lookup_us=0 flag_check_us=0 complete_us=0 total_us=0 transfer_elapsed_us=3363 transfer_bytes=7962624 op_desc_count=108 transfer_status=0
[HIXL_QUERY_PERF] layer=adxl_inner request=0x3 context_us=1 req_lock_wait_us=0 lookup_us=0 channel_us=5 cleanup_us=0 total_us=6 status=0 transfer_status=0
[HIXL_QUERY_PERF] layer=comm_engine request=0x3 total_us=8 status=0 transfer_status=0
[2026-08-24 21:07:53.361578][UC][I] [HIXL_WORKER_PERF] task_id=65 queue_depth=1 enqueue_lock_wait_us=0 enqueue_us=0 queue_wait_us=4 execute_us=9 result_post_us=5 total_us=18 status=0 [28603,28616][hixl_instance.cpp:107,Run]
[2026-08-24 21:07:53.361582][UC][I] [QUERY_PERF] component=ucm layer=hixl_instance request=0x3 queue_wait_us=4 backend_us=9 run_post_us=8 total_us=21 api_status=0 transfer_status=0 [28603,28616][hixl_instance.cpp:370,GetTransferStatus]
[2026-08-24 21:07:53.361585][UC][I] [QUERY_PERF] component=ucm layer=hixl_transport handle=3 request=0x3 lifecycle_lock_us=0 pending_lock_wait_us=0 pending_lookup_us=0 instance_us=24 erase_us=0 total_us=24 transfer_status=0 [28603,28616][hixl_transport.cpp:734,GetStatus]
[2026-08-24 21:07:53.361587][UC][I] [QUERY_PERF] component=ucm layer=transport_manager handle=3 transport_handle=3 transfers_lock_wait_us=1 lookup_us=0 transport_us=27 total_us=28 api_status=0 transfer_status=0 [28603,28616][transport_manager.cpp:716,GetStatus]
[HIXL_QUERY_PERF] layer=comm_channel request=0x3 mutex_wait_us=0 check_us=0 lookup_us=0 flag_check_us=0 complete_us=0 total_us=0 transfer_elapsed_us=3396 transfer_bytes=7962624 op_desc_count=108 transfer_status=0
[HIXL_QUERY_PERF] layer=adxl_inner request=0x3 context_us=0 req_lock_wait_us=0 lookup_us=1 channel_us=5 cleanup_us=0 total_us=6 status=0 transfer_status=0
[HIXL_QUERY_PERF] layer=comm_engine request=0x3 total_us=8 status=0 transfer_status=0
[2026-08-24 21:07:53.361611][UC][I] [HIXL_WORKER_PERF] task_id=66 queue_depth=1 enqueue_lock_wait_us=0 enqueue_us=0 queue_wait_us=4 execute_us=10 result_post_us=4 total_us=18 status=0 [28603,28616][hixl_instance.cpp:107,Run]
[2026-08-24 21:07:53.361618][UC][I] [QUERY_PERF] component=ucm layer=hixl_instance request=0x3 queue_wait_us=5 backend_us=10 run_post_us=11 total_us=26 api_status=0 transfer_status=0 [28603,28616][hixl_instance.cpp:370,GetTransferStatus]
[2026-08-24 21:07:53.361624][UC][I] [QUERY_PERF] component=ucm layer=hixl_transport handle=3 request=0x3 lifecycle_lock_us=0 pending_lock_wait_us=0 pending_lookup_us=0 instance_us=32 erase_us=0 total_us=32 transfer_status=0 [28603,28616][hixl_transport.cpp:734,GetStatus]
[2026-08-24 21:07:53.361630][UC][I] [QUERY_PERF] component=ucm layer=transport_manager handle=3 transport_handle=3 transfers_lock_wait_us=0 lookup_us=0 transport_us=38 total_us=38 api_status=0 transfer_status=0 [28603,28616][transport_manager.cpp:716,GetStatus]
[HIXL_QUERY_PERF] layer=comm_channel request=0x3 mutex_wait_us=0 check_us=0 lookup_us=0 flag_check_us=0 complete_us=0 total_us=0 transfer_elapsed_us=3438 transfer_bytes=7962624 op_desc_count=108 transfer_status=0
[HIXL_QUERY_PERF] layer=adxl_inner request=0x3 context_us=0 req_lock_wait_us=1 lookup_us=0 channel_us=7 cleanup_us=0 total_us=8 status=0 transfer_status=0
[HIXL_QUERY_PERF] layer=comm_engine request=0x3 total_us=10 status=0 transfer_status=0
[2026-08-24 21:07:53.361655][UC][I] [HIXL_WORKER_PERF] task_id=67 queue_depth=1 enqueue_lock_wait_us=0 enqueue_us=1 queue_wait_us=4 execute_us=11 result_post_us=4 total_us=20 status=0 [28603,28616][hixl_instance.cpp:107,Run]
[2026-08-24 21:07:53.361666][UC][I] [QUERY_PERF] component=ucm layer=hixl_instance request=0x3 queue_wait_us=5 backend_us=11 run_post_us=15 total_us=31 api_status=0 transfer_status=0 [28603,28616][hixl_instance.cpp:370,GetTransferStatus]
[2026-08-24 21:07:53.361669][UC][I] [QUERY_PERF] component=ucm layer=hixl_transport handle=3 request=0x3 lifecycle_lock_us=0 pending_lock_wait_us=0 pending_lookup_us=0 instance_us=34 erase_us=0 total_us=34 transfer_status=0 [28603,28616][hixl_transport.cpp:734,GetStatus]
[2026-08-24 21:07:53.361672][UC][I] [QUERY_PERF] component=ucm layer=transport_manager handle=3 transport_handle=3 transfers_lock_wait_us=0 lookup_us=0 transport_us=37 total_us=37 api_status=0 transfer_status=0 [28603,28616][transport_manager.cpp:716,GetStatus]
[HIXL_QUERY_PERF] layer=comm_channel request=0x3 mutex_wait_us=0 check_us=0 lookup_us=1 flag_check_us=0 complete_us=0 total_us=1 transfer_elapsed_us=3481 transfer_bytes=7962624 op_desc_count=108 transfer_status=0
[HIXL_QUERY_PERF] layer=adxl_inner request=0x3 context_us=1 req_lock_wait_us=0 lookup_us=0 channel_us=3 cleanup_us=0 total_us=4 status=0 transfer_status=0
[HIXL_QUERY_PERF] layer=comm_engine request=0x3 total_us=6 status=0 transfer_status=0
[2026-08-24 21:07:53.361693][UC][I] [HIXL_WORKER_PERF] task_id=68 queue_depth=1 enqueue_lock_wait_us=1 enqueue_us=0 queue_wait_us=4 execute_us=7 result_post_us=5 total_us=17 status=0 [28603,28616][hixl_instance.cpp:107,Run]
[2026-08-24 21:07:53.361697][UC][I] [QUERY_PERF] component=ucm layer=hixl_instance request=0x3 queue_wait_us=5 backend_us=7 run_post_us=9 total_us=21 api_status=0 transfer_status=0 [28603,28616][hixl_instance.cpp:370,GetTransferStatus]
[2026-08-24 21:07:53.361701][UC][I] [QUERY_PERF] component=ucm layer=hixl_transport handle=3 request=0x3 lifecycle_lock_us=0 pending_lock_wait_us=0 pending_lookup_us=0 instance_us=25 erase_us=0 total_us=25 transfer_status=0 [28603,28616][hixl_transport.cpp:734,GetStatus]
[2026-08-24 21:07:53.361706][UC][I] [QUERY_PERF] component=ucm layer=transport_manager handle=3 transport_handle=3 transfers_lock_wait_us=0 lookup_us=0 transport_us=30 total_us=30 api_status=0 transfer_status=0 [28603,28616][transport_manager.cpp:716,GetStatus]
[HIXL_QUERY_PERF] layer=comm_channel request=0x3 mutex_wait_us=0 check_us=0 lookup_us=0 flag_check_us=0 complete_us=0 total_us=0 transfer_elapsed_us=3515 transfer_bytes=7962624 op_desc_count=108 transfer_status=0
[HIXL_QUERY_PERF] layer=adxl_inner request=0x3 context_us=1 req_lock_wait_us=0 lookup_us=0 channel_us=6 cleanup_us=1 total_us=8 status=0 transfer_status=0
[HIXL_QUERY_PERF] layer=comm_engine request=0x3 total_us=9 status=0 transfer_status=0
[2026-08-24 21:07:53.361732][UC][I] [HIXL_WORKER_PERF] task_id=69 queue_depth=1 enqueue_lock_wait_us=1 enqueue_us=0 queue_wait_us=4 execute_us=11 result_post_us=4 total_us=20 status=0 [28603,28616][hixl_instance.cpp:107,Run]
[2026-08-24 21:07:53.361735][UC][I] [QUERY_PERF] component=ucm layer=hixl_instance request=0x3 queue_wait_us=5 backend_us=11 run_post_us=8 total_us=24 api_status=0 transfer_status=0 [28603,28616][hixl_instance.cpp:370,GetTransferStatus]
[2026-08-24 21:07:53.361738][UC][I] [QUERY_PERF] component=ucm layer=hixl_transport handle=3 request=0x3 lifecycle_lock_us=0 pending_lock_wait_us=0 pending_lookup_us=0 instance_us=27 erase_us=0 total_us=27 transfer_status=0 [28603,28616][hixl_transport.cpp:734,GetStatus]
[2026-08-24 21:07:53.361741][UC][I] [QUERY_PERF] component=ucm layer=transport_manager handle=3 transport_handle=3 transfers_lock_wait_us=0 lookup_us=0 transport_us=29 total_us=29 api_status=0 transfer_status=0 [28603,28616][transport_manager.cpp:716,GetStatus]
[HIXL_QUERY_PERF] layer=comm_channel request=0x3 mutex_wait_us=1 check_us=0 lookup_us=0 flag_check_us=0 complete_us=0 total_us=1 transfer_elapsed_us=3549 transfer_bytes=7962624 op_desc_count=108 transfer_status=0
[HIXL_QUERY_PERF] layer=adxl_inner request=0x3 context_us=0 req_lock_wait_us=0 lookup_us=0 channel_us=5 cleanup_us=0 total_us=5 status=0 transfer_status=0
[HIXL_QUERY_PERF] layer=comm_engine request=0x3 total_us=8 status=0 transfer_status=0
[2026-08-24 21:07:53.361763][UC][I] [HIXL_WORKER_PERF] task_id=70 queue_depth=1 enqueue_lock_wait_us=0 enqueue_us=0 queue_wait_us=4 execute_us=10 result_post_us=4 total_us=18 status=0 [28603,28616][hixl_instance.cpp:107,Run]
[2026-08-24 21:07:53.361771][UC][I] [QUERY_PERF] component=ucm layer=hixl_instance request=0x3 queue_wait_us=4 backend_us=10 run_post_us=11 total_us=25 api_status=0 transfer_status=0 [28603,28616][hixl_instance.cpp:370,GetTransferStatus]
[2026-08-24 21:07:53.361777][UC][I] [QUERY_PERF] component=ucm layer=hixl_transport handle=3 request=0x3 lifecycle_lock_us=0 pending_lock_wait_us=0 pending_lookup_us=0 instance_us=32 erase_us=0 total_us=32 transfer_status=0 [28603,28616][hixl_transport.cpp:734,GetStatus]
[2026-08-24 21:07:53.361783][UC][I] [QUERY_PERF] component=ucm layer=transport_manager handle=3 transport_handle=3 transfers_lock_wait_us=0 lookup_us=1 transport_us=38 total_us=39 api_status=0 transfer_status=0 [28603,28616][transport_manager.cpp:716,GetStatus]
[HIXL_QUERY_PERF] layer=comm_channel request=0x3 mutex_wait_us=1 check_us=0 lookup_us=0 flag_check_us=0 complete_us=0 total_us=1 transfer_elapsed_us=3592 transfer_bytes=7962624 op_desc_count=108 transfer_status=0
[HIXL_QUERY_PERF] layer=adxl_inner request=0x3 context_us=0 req_lock_wait_us=0 lookup_us=0 channel_us=8 cleanup_us=0 total_us=8 status=0 transfer_status=0
[HIXL_QUERY_PERF] layer=comm_engine request=0x3 total_us=11 status=0 transfer_status=0
[2026-08-24 21:07:53.361812][UC][I] [HIXL_WORKER_PERF] task_id=71 queue_depth=1 enqueue_lock_wait_us=0 enqueue_us=1 queue_wait_us=3 execute_us=15 result_post_us=5 total_us=24 status=0 [28603,28616][hixl_instance.cpp:107,Run]
[2026-08-24 21:07:53.361822][UC][I] [QUERY_PERF] component=ucm layer=hixl_instance request=0x3 queue_wait_us=4 backend_us=15 run_post_us=15 total_us=34 api_status=0 transfer_status=0 [28603,28616][hixl_instance.cpp:370,GetTransferStatus]
[2026-08-24 21:07:53.361825][UC][I] [QUERY_PERF] component=ucm layer=hixl_transport handle=3 request=0x3 lifecycle_lock_us=0 pending_lock_wait_us=0 pending_lookup_us=0 instance_us=37 erase_us=0 total_us=37 transfer_status=0 [28603,28616][hixl_transport.cpp:734,GetStatus]
[2026-08-24 21:07:53.361828][UC][I] [QUERY_PERF] component=ucm layer=transport_manager handle=3 transport_handle=3 transfers_lock_wait_us=0 lookup_us=1 transport_us=39 total_us=40 api_status=0 transfer_status=0 [28603,28616][transport_manager.cpp:716,GetStatus]
[HIXL_QUERY_PERF] layer=comm_channel request=0x3 mutex_wait_us=0 check_us=0 lookup_us=0 flag_check_us=0 complete_us=0 total_us=1 transfer_elapsed_us=3634 transfer_bytes=7962624 op_desc_count=108 transfer_status=0
[HIXL_QUERY_PERF] layer=adxl_inner request=0x3 context_us=1 req_lock_wait_us=0 lookup_us=0 channel_us=3 cleanup_us=0 total_us=4 status=0 transfer_status=0
[HIXL_QUERY_PERF] layer=comm_engine request=0x3 total_us=6 status=0 transfer_status=0
[2026-08-24 21:07:53.361846][UC][I] [HIXL_WORKER_PERF] task_id=72 queue_depth=1 enqueue_lock_wait_us=0 enqueue_us=0 queue_wait_us=4 execute_us=7 result_post_us=4 total_us=15 status=0 [28603,28616][hixl_instance.cpp:107,Run]
[2026-08-24 21:07:53.361850][UC][I] [QUERY_PERF] component=ucm layer=hixl_instance request=0x3 queue_wait_us=5 backend_us=7 run_post_us=8 total_us=20 api_status=0 transfer_status=0 [28603,28616][hixl_instance.cpp:370,GetTransferStatus]
[2026-08-24 21:07:53.361852][UC][I] [QUERY_PERF] component=ucm layer=hixl_transport handle=3 request=0x3 lifecycle_lock_us=0 pending_lock_wait_us=0 pending_lookup_us=0 instance_us=22 erase_us=0 total_us=22 transfer_status=0 [28603,28616][hixl_transport.cpp:734,GetStatus]
[2026-08-24 21:07:53.361855][UC][I] [QUERY_PERF] component=ucm layer=transport_manager handle=3 transport_handle=3 transfers_lock_wait_us=0 lookup_us=0 transport_us=25 total_us=25 api_status=0 transfer_status=0 [28603,28616][transport_manager.cpp:716,GetStatus]
[HIXL_QUERY_PERF] layer=comm_channel request=0x3 mutex_wait_us=0 check_us=0 lookup_us=0 flag_check_us=0 complete_us=0 total_us=0 transfer_elapsed_us=3662 transfer_bytes=7962624 op_desc_count=108 transfer_status=0
[HIXL_QUERY_PERF] layer=adxl_inner request=0x3 context_us=0 req_lock_wait_us=0 lookup_us=0 channel_us=3 cleanup_us=0 total_us=3 status=0 transfer_status=0
[HIXL_QUERY_PERF] layer=comm_engine request=0x3 total_us=6 status=0 transfer_status=0
[2026-08-24 21:07:53.361878][UC][I] [HIXL_WORKER_PERF] task_id=73 queue_depth=1 enqueue_lock_wait_us=0 enqueue_us=0 queue_wait_us=4 execute_us=11 result_post_us=4 total_us=19 status=0 [28603,28616][hixl_instance.cpp:107,Run]
[2026-08-24 21:07:53.361884][UC][I] [QUERY_PERF] component=ucm layer=hixl_instance request=0x3 queue_wait_us=4 backend_us=11 run_post_us=11 total_us=26 api_status=0 transfer_status=0 [28603,28616][hixl_instance.cpp:370,GetTransferStatus]
[2026-08-24 21:07:53.361894][UC][I] [QUERY_PERF] component=ucm layer=hixl_transport handle=3 request=0x3 lifecycle_lock_us=1 pending_lock_wait_us=0 pending_lookup_us=0 instance_us=36 erase_us=0 total_us=37 transfer_status=0 [28603,28616][hixl_transport.cpp:734,GetStatus]
[2026-08-24 21:07:53.361902][UC][I] [QUERY_PERF] component=ucm layer=transport_manager handle=3 transport_handle=3 transfers_lock_wait_us=0 lookup_us=0 transport_us=45 total_us=45 api_status=0 transfer_status=0 [28603,28616][transport_manager.cpp:716,GetStatus]
[HIXL_QUERY_PERF] layer=comm_channel request=0x3 mutex_wait_us=0 check_us=0 lookup_us=0 flag_check_us=0 complete_us=0 total_us=0 transfer_elapsed_us=3713 transfer_bytes=7962624 op_desc_count=108 transfer_status=0
[HIXL_QUERY_PERF] layer=adxl_inner request=0x3 context_us=0 req_lock_wait_us=0 lookup_us=1 channel_us=7 cleanup_us=0 total_us=8 status=0 transfer_status=0
[HIXL_QUERY_PERF] layer=comm_engine request=0x3 total_us=14 status=0 transfer_status=0
[2026-08-24 21:07:53.361935][UC][I] [HIXL_WORKER_PERF] task_id=74 queue_depth=1 enqueue_lock_wait_us=0 enqueue_us=0 queue_wait_us=5 execute_us=17 result_post_us=4 total_us=26 status=0 [28603,28616][hixl_instance.cpp:107,Run]
[2026-08-24 21:07:53.361943][UC][I] [QUERY_PERF] component=ucm layer=hixl_instance request=0x3 queue_wait_us=5 backend_us=17 run_post_us=12 total_us=34 api_status=0 transfer_status=0 [28603,28616][hixl_instance.cpp:370,GetTransferStatus]
[2026-08-24 21:07:53.361950][UC][I] [QUERY_PERF] component=ucm layer=hixl_transport handle=3 request=0x3 lifecycle_lock_us=0 pending_lock_wait_us=0 pending_lookup_us=0 instance_us=41 erase_us=0 total_us=41 transfer_status=0 [28603,28616][hixl_transport.cpp:734,GetStatus]
[2026-08-24 21:07:53.361956][UC][I] [QUERY_PERF] component=ucm layer=transport_manager handle=3 transport_handle=3 transfers_lock_wait_us=1 lookup_us=0 transport_us=47 total_us=48 api_status=0 transfer_status=0 [28603,28616][transport_manager.cpp:716,GetStatus]
[HIXL_QUERY_PERF] layer=comm_channel request=0x3 mutex_wait_us=0 check_us=0 lookup_us=0 flag_check_us=0 complete_us=0 total_us=0 transfer_elapsed_us=3763 transfer_bytes=7962624 op_desc_count=108 transfer_status=0
[HIXL_QUERY_PERF] layer=adxl_inner request=0x3 context_us=0 req_lock_wait_us=0 lookup_us=0 channel_us=7 cleanup_us=0 total_us=7 status=0 transfer_status=0
[HIXL_QUERY_PERF] layer=comm_engine request=0x3 total_us=12 status=0 transfer_status=0
[2026-08-24 21:07:53.361984][UC][I] [HIXL_WORKER_PERF] task_id=75 queue_depth=1 enqueue_lock_wait_us=0 enqueue_us=0 queue_wait_us=3 execute_us=17 result_post_us=3 total_us=23 status=0 [28603,28616][hixl_instance.cpp:107,Run]
[2026-08-24 21:07:53.361991][UC][I] [QUERY_PERF] component=ucm layer=hixl_instance request=0x3 queue_wait_us=3 backend_us=17 run_post_us=11 total_us=31 api_status=0 transfer_status=0 [28603,28616][hixl_instance.cpp:370,GetTransferStatus]
[2026-08-24 21:07:53.362004][UC][I] [QUERY_PERF] component=ucm layer=hixl_transport handle=3 request=0x3 lifecycle_lock_us=0 pending_lock_wait_us=0 pending_lookup_us=1 instance_us=44 erase_us=0 total_us=45 transfer_status=0 [28603,28616][hixl_transport.cpp:734,GetStatus]
[2026-08-24 21:07:53.362011][UC][I] [QUERY_PERF] component=ucm layer=transport_manager handle=3 transport_handle=3 transfers_lock_wait_us=0 lookup_us=0 transport_us=52 total_us=52 api_status=0 transfer_status=0 [28603,28616][transport_manager.cpp:716,GetStatus]
[HIXL_QUERY_PERF] layer=comm_channel request=0x3 mutex_wait_us=0 check_us=0 lookup_us=0 flag_check_us=0 complete_us=0 total_us=0 transfer_elapsed_us=3822 transfer_bytes=7962624 op_desc_count=108 transfer_status=0
[HIXL_QUERY_PERF] layer=adxl_inner request=0x3 context_us=1 req_lock_wait_us=0 lookup_us=0 channel_us=5 cleanup_us=0 total_us=6 status=0 transfer_status=0
[HIXL_QUERY_PERF] layer=comm_engine request=0x3 total_us=10 status=0 transfer_status=0
[2026-08-24 21:07:53.362044][UC][I] [HIXL_WORKER_PERF] task_id=76 queue_depth=1 enqueue_lock_wait_us=1 enqueue_us=0 queue_wait_us=4 execute_us=17 result_post_us=4 total_us=26 status=0 [28603,28616][hixl_instance.cpp:107,Run]
[2026-08-24 21:07:53.362052][UC][I] [QUERY_PERF] component=ucm layer=hixl_instance request=0x3 queue_wait_us=5 backend_us=17 run_post_us=12 total_us=34 api_status=0 transfer_status=0 [28603,28616][hixl_instance.cpp:370,GetTransferStatus]
[2026-08-24 21:07:53.362057][UC][I] [QUERY_PERF] component=ucm layer=hixl_transport handle=3 request=0x3 lifecycle_lock_us=0 pending_lock_wait_us=0 pending_lookup_us=0 instance_us=39 erase_us=0 total_us=39 transfer_status=0 [28603,28616][hixl_transport.cpp:734,GetStatus]
[2026-08-24 21:07:53.362064][UC][I] [QUERY_PERF] component=ucm layer=transport_manager handle=3 transport_handle=3 transfers_lock_wait_us=0 lookup_us=0 transport_us=46 total_us=46 api_status=0 transfer_status=0 [28603,28616][transport_manager.cpp:716,GetStatus]
[HIXL_QUERY_PERF] layer=comm_channel request=0x3 mutex_wait_us=0 check_us=0 lookup_us=0 flag_check_us=0 complete_us=0 total_us=0 transfer_elapsed_us=3874 transfer_bytes=7962624 op_desc_count=108 transfer_status=0
[HIXL_QUERY_PERF] layer=adxl_inner request=0x3 context_us=1 req_lock_wait_us=0 lookup_us=0 channel_us=7 cleanup_us=0 total_us=8 status=0 transfer_status=0
[HIXL_QUERY_PERF] layer=comm_engine request=0x3 total_us=14 status=0 transfer_status=0
[2026-08-24 21:07:53.362097][UC][I] [HIXL_WORKER_PERF] task_id=77 queue_depth=1 enqueue_lock_wait_us=1 enqueue_us=0 queue_wait_us=4 execute_us=18 result_post_us=4 total_us=27 status=0 [28603,28616][hixl_instance.cpp:107,Run]
[2026-08-24 21:07:53.362105][UC][I] [QUERY_PERF] component=ucm layer=hixl_instance request=0x3 queue_wait_us=5 backend_us=18 run_post_us=11 total_us=34 api_status=0 transfer_status=0 [28603,28616][hixl_instance.cpp:370,GetTransferStatus]
[2026-08-24 21:07:53.362110][UC][I] [QUERY_PERF] component=ucm layer=hixl_transport handle=3 request=0x3 lifecycle_lock_us=0 pending_lock_wait_us=0 pending_lookup_us=0 instance_us=40 erase_us=0 total_us=40 transfer_status=0 [28603,28616][hixl_transport.cpp:734,GetStatus]
[2026-08-24 21:07:53.362117][UC][I] [QUERY_PERF] component=ucm layer=transport_manager handle=3 transport_handle=3 transfers_lock_wait_us=0 lookup_us=0 transport_us=47 total_us=47 api_status=0 transfer_status=0 [28603,28616][transport_manager.cpp:716,GetStatus]
[HIXL_QUERY_PERF] layer=comm_channel request=0x3 mutex_wait_us=1 check_us=0 lookup_us=0 flag_check_us=0 complete_us=0 total_us=1 transfer_elapsed_us=3928 transfer_bytes=7962624 op_desc_count=108 transfer_status=0
[HIXL_QUERY_PERF] layer=adxl_inner request=0x3 context_us=0 req_lock_wait_us=0 lookup_us=0 channel_us=7 cleanup_us=0 total_us=7 status=0 transfer_status=0
[HIXL_QUERY_PERF] layer=comm_engine request=0x3 total_us=13 status=0 transfer_status=0
[2026-08-24 21:07:53.362148][UC][I] [HIXL_WORKER_PERF] task_id=78 queue_depth=1 enqueue_lock_wait_us=0 enqueue_us=0 queue_wait_us=4 execute_us=16 result_post_us=4 total_us=24 status=0 [28603,28616][hixl_instance.cpp:107,Run]
[2026-08-24 21:07:53.362157][UC][I] [QUERY_PERF] component=ucm layer=hixl_instance request=0x3 queue_wait_us=5 backend_us=16 run_post_us=12 total_us=33 api_status=0 transfer_status=0 [28603,28616][hixl_instance.cpp:370,GetTransferStatus]
[2026-08-24 21:07:53.362161][UC][I] [QUERY_PERF] component=ucm layer=hixl_transport handle=3 request=0x3 lifecycle_lock_us=0 pending_lock_wait_us=0 pending_lookup_us=0 instance_us=38 erase_us=0 total_us=38 transfer_status=0 [28603,28616][hixl_transport.cpp:734,GetStatus]
[2026-08-24 21:07:53.362168][UC][I] [QUERY_PERF] component=ucm layer=transport_manager handle=3 transport_handle=3 transfers_lock_wait_us=0 lookup_us=0 transport_us=45 total_us=45 api_status=0 transfer_status=0 [28603,28616][transport_manager.cpp:716,GetStatus]
[HIXL_QUERY_PERF] layer=comm_channel request=0x3 mutex_wait_us=0 check_us=0 lookup_us=0 flag_check_us=0 complete_us=0 total_us=0 transfer_elapsed_us=3978 transfer_bytes=7962624 op_desc_count=108 transfer_status=0
[HIXL_QUERY_PERF] layer=adxl_inner request=0x3 context_us=0 req_lock_wait_us=0 lookup_us=1 channel_us=7 cleanup_us=0 total_us=8 status=0 transfer_status=0
[HIXL_QUERY_PERF] layer=comm_engine request=0x3 total_us=16 status=0 transfer_status=0
[2026-08-24 21:07:53.362203][UC][I] [HIXL_WORKER_PERF] task_id=79 queue_depth=1 enqueue_lock_wait_us=0 enqueue_us=0 queue_wait_us=3 execute_us=21 result_post_us=4 total_us=28 status=0 [28603,28616][hixl_instance.cpp:107,Run]
[2026-08-24 21:07:53.362209][UC][I] [QUERY_PERF] component=ucm layer=hixl_instance request=0x3 queue_wait_us=4 backend_us=21 run_post_us=10 total_us=35 api_status=0 transfer_status=0 [28603,28616][hixl_instance.cpp:370,GetTransferStatus]
[2026-08-24 21:07:53.362226][UC][I] [QUERY_PERF] component=ucm layer=hixl_transport handle=3 request=0x3 lifecycle_lock_us=0 pending_lock_wait_us=0 pending_lookup_us=0 instance_us=52 erase_us=0 total_us=52 transfer_status=0 [28603,28616][hixl_transport.cpp:734,GetStatus]
[2026-08-24 21:07:53.362233][UC][I] [QUERY_PERF] component=ucm layer=transport_manager handle=3 transport_handle=3 transfers_lock_wait_us=0 lookup_us=0 transport_us=59 total_us=59 api_status=0 transfer_status=0 [28603,28616][transport_manager.cpp:716,GetStatus]
[HIXL_QUERY_PERF] layer=comm_channel request=0x3 mutex_wait_us=0 check_us=0 lookup_us=0 flag_check_us=0 complete_us=0 total_us=0 transfer_elapsed_us=4045 transfer_bytes=7962624 op_desc_count=108 transfer_status=0
[HIXL_QUERY_PERF] layer=adxl_inner request=0x3 context_us=1 req_lock_wait_us=0 lookup_us=0 channel_us=5 cleanup_us=0 total_us=6 status=0 transfer_status=0
[HIXL_QUERY_PERF] layer=comm_engine request=0x3 total_us=11 status=0 transfer_status=0
[2026-08-24 21:07:53.362267][UC][I] [HIXL_WORKER_PERF] task_id=80 queue_depth=1 enqueue_lock_wait_us=0 enqueue_us=0 queue_wait_us=4 execute_us=17 result_post_us=3 total_us=24 status=0 [28603,28616][hixl_instance.cpp:107,Run]
[2026-08-24 21:07:53.362273][UC][I] [QUERY_PERF] component=ucm layer=hixl_instance request=0x3 queue_wait_us=4 backend_us=17 run_post_us=10 total_us=31 api_status=0 transfer_status=0 [28603,28616][hixl_instance.cpp:370,GetTransferStatus]
[2026-08-24 21:07:53.362279][UC][I] [QUERY_PERF] component=ucm layer=hixl_transport handle=3 request=0x3 lifecycle_lock_us=0 pending_lock_wait_us=0 pending_lookup_us=0 instance_us=37 erase_us=0 total_us=37 transfer_status=0 [28603,28616][hixl_transport.cpp:734,GetStatus]
[2026-08-24 21:07:53.362286][UC][I] [QUERY_PERF] component=ucm layer=transport_manager handle=3 transport_handle=3 transfers_lock_wait_us=0 lookup_us=0 transport_us=45 total_us=45 api_status=0 transfer_status=0 [28603,28616][transport_manager.cpp:716,GetStatus]
[HIXL_QUERY_PERF] layer=comm_channel request=0x3 mutex_wait_us=0 check_us=0 lookup_us=0 flag_check_us=0 complete_us=6 total_us=6 transfer_elapsed_us=4094 transfer_bytes=7962624 op_desc_count=108 transfer_status=1
[HIXL_QUERY_PERF] layer=adxl_inner request=0x3 context_us=0 req_lock_wait_us=1 lookup_us=0 channel_us=14 cleanup_us=1 total_us=16 status=0 transfer_status=1
[HIXL_QUERY_PERF] layer=comm_engine request=0x3 total_us=21 status=0 transfer_status=1
[2026-08-24 21:07:53.362322][UC][I] [HIXL_WORKER_PERF] task_id=81 queue_depth=1 enqueue_lock_wait_us=0 enqueue_us=0 queue_wait_us=4 execute_us=23 result_post_us=4 total_us=31 status=0 [28603,28616][hixl_instance.cpp:107,Run]
[2026-08-24 21:07:53.362328][UC][I] [QUERY_PERF] component=ucm layer=hixl_instance request=0x3 queue_wait_us=4 backend_us=23 run_post_us=9 total_us=36 api_status=0 transfer_status=1 [28603,28616][hixl_instance.cpp:370,GetTransferStatus]
[2026-08-24 21:07:53.362332][UC][I] [QUERY_PERF] component=ucm layer=hixl_transport handle=3 request=0x3 lifecycle_lock_us=0 pending_lock_wait_us=0 pending_lookup_us=0 instance_us=40 erase_us=0 total_us=40 transfer_status=1 [28603,28616][hixl_transport.cpp:734,GetStatus]
[2026-08-24 21:07:53.362339][UC][I] [QUERY_PERF] component=ucm layer=transport_manager handle=3 transport_handle=3 transfers_lock_wait_us=0 lookup_us=1 transport_us=48 total_us=49 api_status=0 transfer_status=1 [28603,28616][transport_manager.cpp:716,GetStatus]
[2026-08-24 21:07:53.362348][UC][I] [PERF] component=transport event=transfer_done manager=127.0.0.1:8000 target=127.0.0.1:4501 handle=3 transport_handle=3 opcode=0 direct=2 segments=108 bytes=7962624 status=1 api_status=0 submitted_ts_us=1787576873361106 completed_ts_us=1787576873362347 manager_get_status_ts_us=1787576873362290 backend_query_ts_us=1787576873362295 submit_us=2934 transfer_us=1241 manager_to_backend_query_us=5 total_us=4175 [28603,28616][transport_manager.cpp:727,GetStatus]
[HIXL_PERF] event=hccl_batch op=1 desc_num=1 hccl_us=100 status=0
[HIXL_PERF] event=issue_hccl_batch op=1 list_num=1 total_us=110
[HIXL_PERF] event=issue_async_host_flag op=1 list_num=1 context_us=1 hccl_issue_us=113 flag_memcpy_us=5 total_us=119
[HIXL_PERF] event=comm_channel_async op=1 list_num=1 mutex_wait_us=0 slot_us=1 host_flag_us=0 record_us=0 issue_us=124 total_us=125
[HIXL_PERF] event=adxl_inner_async op=1 list_num=1 context_us=0 connect_us=0 get_channel_us=1 channel_async_us=129 tail_us=1 total_us=131
[HIXL_PERF] event=comm_engine_async op=1 list_num=1 desc_build_us=0 inner_us=133 total_us=133 status=0
[2026-08-24 21:07:53.362535][UC][I] [HIXL_WORKER_PERF] task_id=82 queue_depth=1 enqueue_lock_wait_us=0 enqueue_us=0 queue_wait_us=5 execute_us=141 result_post_us=6 total_us=152 status=0 [28603,28616][hixl_instance.cpp:107,Run]
[2026-08-24 21:07:53.362545][UC][I] [PERF] component=transport event=transfer_submitted manager=127.0.0.1:8000 target=127.0.0.1:4501 handle=4 transport_handle=4 opcode=1 direct=2 segments=1 bytes=63 submitted_ts_us=1787576873362543 manager_execute_async_ts_us=1787576873362380 backend_execute_async_ts_us=1787576873362388 manager_to_backend_execute_async_us=8 submit_us=163 [28603,28616][transport_manager.cpp:674,ExecuteAsync]
[HIXL_QUERY_PERF] layer=comm_channel request=0x4 mutex_wait_us=0 check_us=0 lookup_us=0 flag_check_us=0 complete_us=2 total_us=2 transfer_elapsed_us=169 transfer_bytes=63 op_desc_count=1 transfer_status=1
[HIXL_QUERY_PERF] layer=adxl_inner request=0x4 context_us=1 req_lock_wait_us=0 lookup_us=1 channel_us=12 cleanup_us=0 total_us=14 status=0 transfer_status=1
[HIXL_QUERY_PERF] layer=comm_engine request=0x4 total_us=20 status=0 transfer_status=1
[2026-08-24 21:07:53.362585][UC][I] [HIXL_WORKER_PERF] task_id=83 queue_depth=1 enqueue_lock_wait_us=0 enqueue_us=0 queue_wait_us=5 execute_us=22 result_post_us=4 total_us=31 status=0 [28603,28616][hixl_instance.cpp:107,Run]
[2026-08-24 21:07:53.362592][UC][I] [QUERY_PERF] component=ucm layer=hixl_instance request=0x4 queue_wait_us=5 backend_us=22 run_post_us=12 total_us=39 api_status=0 transfer_status=1 [28603,28616][hixl_instance.cpp:370,GetTransferStatus]
[2026-08-24 21:07:53.362603][UC][I] [QUERY_PERF] component=ucm layer=hixl_transport handle=4 request=0x4 lifecycle_lock_us=0 pending_lock_wait_us=0 pending_lookup_us=0 instance_us=50 erase_us=1 total_us=51 transfer_status=1 [28603,28616][hixl_transport.cpp:734,GetStatus]
[2026-08-24 21:07:53.362608][UC][I] [QUERY_PERF] component=ucm layer=transport_manager handle=4 transport_handle=4 transfers_lock_wait_us=0 lookup_us=0 transport_us=56 total_us=56 api_status=0 transfer_status=1 [28603,28616][transport_manager.cpp:716,GetStatus]
[2026-08-24 21:07:53.362615][UC][I] [PERF] component=transport event=transfer_done manager=127.0.0.1:8000 target=127.0.0.1:4501 handle=4 transport_handle=4 opcode=1 direct=2 segments=1 bytes=63 status=1 api_status=0 submitted_ts_us=1787576873362543 completed_ts_us=1787576873362614 manager_get_status_ts_us=1787576873362552 backend_query_ts_us=1787576873362558 submit_us=163 transfer_us=71 manager_to_backend_query_us=6 total_us=234 [28603,28616][transport_manager.cpp:727,GetStatus]
[2026-08-24 21:07:53.362625][UC][I] [PERF] component=drampool event=request_done request_id=1 opcode=1 peer=127.0.0.1:4501 batch_size=108 data_bytes=7962624 failed_items=0 status=SUCCESS failed_stage=NONE received_ts_us=1787576873357949 worker_started_ts_us=1787576873358046 data_transfer_submitted_ts_us=1787576873361127 data_transfer_completed_ts_us=1787576873362354 response_submitted_ts_us=1787576873362551 completed_ts_us=1787576873362621 data_tm_execute_async_ts_us=1787576873358168 data_hixl_execute_async_ts_us=1787576873358192 data_tm_get_status_ts_us=1787576873362290 data_hixl_query_handle_ts_us=1787576873362295 response_tm_execute_async_ts_us=1787576873362380 response_hixl_execute_async_ts_us=1787576873362388 response_tm_get_status_ts_us=1787576873362552 response_hixl_query_handle_ts_us=1787576873362558 request_queue_us=96 metadata_prepare_us=117 taskworker_prepare_us=3083 poller_queue_us=141 data_transfer_us=1227 metadata_settle_us=22 response_slot_wait_us=1 response_submit_us=174 response_transfer_us=69 data_tm_to_hixl_execute_async_us=24 data_tm_to_hixl_query_handle_us=5 response_tm_to_hixl_execute_async_us=8 response_tm_to_hixl_query_handle_us=6 total_us=4671 [28603,28616][completion_poller.cc:56,LogRequestDone]
[HIXL_PERF] event=hccl_batch op=1 desc_num=1 hccl_us=82 status=0
[HIXL_PERF] event=issue_hccl_batch op=1 list_num=1 total_us=97
[HIXL_PERF] event=issue_async_host_flag op=1 list_num=1 context_us=1 hccl_issue_us=99 flag_memcpy_us=6 total_us=106
[HIXL_PERF] event=comm_channel_async op=1 list_num=1 mutex_wait_us=0 slot_us=1 host_flag_us=0 record_us=0 issue_us=109 total_us=110
[HIXL_PERF] event=adxl_inner_async op=1 list_num=1 context_us=1 connect_us=0 get_channel_us=1 channel_async_us=112 tail_us=0 total_us=114
[HIXL_PERF] event=comm_engine_async op=1 list_num=1 desc_build_us=0 inner_us=116 total_us=116 status=0
[2026-08-24 21:07:53.382498][UC][I] [HIXL_WORKER_PERF] task_id=84 queue_depth=1 enqueue_lock_wait_us=0 enqueue_us=0 queue_wait_us=8 execute_us=121 result_post_us=5 total_us=134 status=0 [28603,28616][hixl_instance.cpp:107,Run]
[2026-08-24 21:07:53.382505][UC][I] [PERF] component=transport event=transfer_submitted manager=127.0.0.1:8000 target=127.0.0.1:4500 handle=5 transport_handle=5 opcode=1 direct=2 segments=1 bytes=10 submitted_ts_us=1787576873382504 manager_execute_async_ts_us=1787576873382361 backend_execute_async_ts_us=1787576873382371 manager_to_backend_execute_async_us=10 submit_us=142 [28603,28616][transport_manager.cpp:674,ExecuteAsync]
[HIXL_QUERY_PERF] layer=comm_channel request=0x5 mutex_wait_us=0 check_us=0 lookup_us=1 flag_check_us=0 complete_us=2 total_us=3 transfer_elapsed_us=143 transfer_bytes=10 op_desc_count=1 transfer_status=1
[HIXL_QUERY_PERF] layer=adxl_inner request=0x5 context_us=0 req_lock_wait_us=0 lookup_us=1 channel_us=6 cleanup_us=1 total_us=8 status=0 transfer_status=1
[HIXL_QUERY_PERF] layer=comm_engine request=0x5 total_us=10 status=0 transfer_status=1
[2026-08-24 21:07:53.382531][UC][I] [HIXL_WORKER_PERF] task_id=85 queue_depth=1 enqueue_lock_wait_us=0 enqueue_us=0 queue_wait_us=4 execute_us=13 result_post_us=4 total_us=21 status=0 [28603,28616][hixl_instance.cpp:107,Run]
[2026-08-24 21:07:53.382535][UC][I] [QUERY_PERF] component=ucm layer=hixl_instance request=0x5 queue_wait_us=4 backend_us=13 run_post_us=8 total_us=25 api_status=0 transfer_status=1 [28603,28616][hixl_instance.cpp:370,GetTransferStatus]
[2026-08-24 21:07:53.382540][UC][I] [QUERY_PERF] component=ucm layer=hixl_transport handle=5 request=0x5 lifecycle_lock_us=0 pending_lock_wait_us=0 pending_lookup_us=0 instance_us=30 erase_us=0 total_us=30 transfer_status=1 [28603,28616][hixl_transport.cpp:734,GetStatus]
[2026-08-24 21:07:53.382543][UC][I] [QUERY_PERF] component=ucm layer=transport_manager handle=5 transport_handle=5 transfers_lock_wait_us=0 lookup_us=0 transport_us=34 total_us=34 api_status=0 transfer_status=1 [28603,28616][transport_manager.cpp:716,GetStatus]
[2026-08-24 21:07:53.382547][UC][I] [PERF] component=transport event=transfer_done manager=127.0.0.1:8000 target=127.0.0.1:4500 handle=5 transport_handle=5 opcode=1 direct=2 segments=1 bytes=10 status=1 api_status=0 submitted_ts_us=1787576873382504 completed_ts_us=1787576873382546 manager_get_status_ts_us=1787576873382509 backend_query_ts_us=1787576873382514 submit_us=142 transfer_us=42 manager_to_backend_query_us=5 total_us=184 [28603,28616][transport_manager.cpp:727,GetStatus]
[2026-08-24 21:07:53.382564][UC][I] [PERF] component=drampool event=request_done request_id=3 opcode=0 peer=127.0.0.1:4500 batch_size=2 data_bytes=0 failed_items=0 status=SUCCESS failed_stage=NONE received_ts_us=1787576873382111 worker_started_ts_us=1787576873382207 data_transfer_submitted_ts_us=0 data_transfer_completed_ts_us=0 response_submitted_ts_us=1787576873382508 completed_ts_us=1787576873382562 data_tm_execute_async_ts_us=0 data_hixl_execute_async_ts_us=0 data_tm_get_status_ts_us=0 data_hixl_query_handle_ts_us=0 response_tm_execute_async_ts_us=1787576873382361 response_hixl_execute_async_ts_us=1787576873382371 response_tm_get_status_ts_us=1787576873382509 response_hixl_query_handle_ts_us=1787576873382514 request_queue_us=96 metadata_prepare_us=1 taskworker_prepare_us=3 poller_queue_us=148 data_transfer_us=0 metadata_settle_us=0 response_slot_wait_us=150 response_submit_us=149 response_transfer_us=53 data_tm_to_hixl_execute_async_us=0 data_tm_to_hixl_query_handle_us=0 response_tm_to_hixl_execute_async_us=10 response_tm_to_hixl_query_handle_us=5 total_us=451 [28603,28616][completion_poller.cc:56,LogRequestDone]
[HIXL_PERF] event=hccl_batch op=1 desc_num=1 hccl_us=64 status=0
[HIXL_PERF] event=issue_hccl_batch op=1 list_num=1 total_us=75
[HIXL_PERF] event=issue_async_host_flag op=1 list_num=1 context_us=0 hccl_issue_us=77 flag_memcpy_us=5 total_us=82
[HIXL_PERF] event=comm_channel_async op=1 list_num=1 mutex_wait_us=0 slot_us=0 host_flag_us=0 record_us=0 issue_us=86 total_us=86
[HIXL_PERF] event=adxl_inner_async op=1 list_num=1 context_us=0 connect_us=0 get_channel_us=1 channel_async_us=88 tail_us=0 total_us=89
[HIXL_PERF] event=comm_engine_async op=1 list_num=1 desc_build_us=0 inner_us=91 total_us=91 status=0
[2026-08-24 21:07:53.383137][UC][I] [HIXL_WORKER_PERF] task_id=86 queue_depth=1 enqueue_lock_wait_us=1 enqueue_us=0 queue_wait_us=4 execute_us=96 result_post_us=4 total_us=105 status=0 [28603,28616][hixl_instance.cpp:107,Run]
[2026-08-24 21:07:53.383142][UC][I] [PERF] component=transport event=transfer_submitted manager=127.0.0.1:8000 target=127.0.0.1:4500 handle=6 transport_handle=6 opcode=1 direct=2 segments=1 bytes=10 submitted_ts_us=1787576873383141 manager_execute_async_ts_us=1787576873383030 backend_execute_async_ts_us=1787576873383036 manager_to_backend_execute_async_us=6 submit_us=111 [28603,28616][transport_manager.cpp:674,ExecuteAsync]
[HIXL_QUERY_PERF] layer=comm_channel request=0x6 mutex_wait_us=0 check_us=0 lookup_us=0 flag_check_us=0 complete_us=0 total_us=0 transfer_elapsed_us=115 transfer_bytes=10 op_desc_count=1 transfer_status=0
[HIXL_QUERY_PERF] layer=adxl_inner request=0x6 context_us=1 req_lock_wait_us=0 lookup_us=1 channel_us=3 cleanup_us=0 total_us=5 status=0 transfer_status=0
[HIXL_QUERY_PERF] layer=comm_engine request=0x6 total_us=9 status=0 transfer_status=0
[2026-08-24 21:07:53.383166][UC][I] [HIXL_WORKER_PERF] task_id=87 queue_depth=1 enqueue_lock_wait_us=1 enqueue_us=0 queue_wait_us=4 execute_us=11 result_post_us=4 total_us=20 status=0 [28603,28616][hixl_instance.cpp:107,Run]
[2026-08-24 21:07:53.383172][UC][I] [QUERY_PERF] component=ucm layer=hixl_instance request=0x6 queue_wait_us=5 backend_us=11 run_post_us=10 total_us=26 api_status=0 transfer_status=0 [28603,28616][hixl_instance.cpp:370,GetTransferStatus]
[2026-08-24 21:07:53.383175][UC][I] [QUERY_PERF] component=ucm layer=hixl_transport handle=6 request=0x6 lifecycle_lock_us=0 pending_lock_wait_us=0 pending_lookup_us=0 instance_us=28 erase_us=0 total_us=28 transfer_status=0 [28603,28616][hixl_transport.cpp:734,GetStatus]
[2026-08-24 21:07:53.383178][UC][I] [QUERY_PERF] component=ucm layer=transport_manager handle=6 transport_handle=6 transfers_lock_wait_us=0 lookup_us=0 transport_us=31 total_us=31 api_status=0 transfer_status=0 [28603,28616][transport_manager.cpp:716,GetStatus]
[HIXL_QUERY_PERF] layer=comm_channel request=0x6 mutex_wait_us=0 check_us=0 lookup_us=0 flag_check_us=0 complete_us=2 total_us=2 transfer_elapsed_us=149 transfer_bytes=10 op_desc_count=1 transfer_status=1
[HIXL_QUERY_PERF] layer=adxl_inner request=0x6 context_us=0 req_lock_wait_us=0 lookup_us=1 channel_us=7 cleanup_us=0 total_us=8 status=0 transfer_status=1
[HIXL_QUERY_PERF] layer=comm_engine request=0x6 total_us=14 status=0 transfer_status=1
[2026-08-24 21:07:53.383209][UC][I] [HIXL_WORKER_PERF] task_id=88 queue_depth=1 enqueue_lock_wait_us=1 enqueue_us=0 queue_wait_us=3 execute_us=19 result_post_us=4 total_us=27 status=0 [28603,28616][hixl_instance.cpp:107,Run]
[2026-08-24 21:07:53.383214][UC][I] [QUERY_PERF] component=ucm layer=hixl_instance request=0x6 queue_wait_us=4 backend_us=19 run_post_us=9 total_us=32 api_status=0 transfer_status=1 [28603,28616][hixl_instance.cpp:370,GetTransferStatus]
[2026-08-24 21:07:53.383219][UC][I] [QUERY_PERF] component=ucm layer=hixl_transport handle=6 request=0x6 lifecycle_lock_us=0 pending_lock_wait_us=0 pending_lookup_us=0 instance_us=37 erase_us=0 total_us=37 transfer_status=1 [28603,28616][hixl_transport.cpp:734,GetStatus]
[2026-08-24 21:07:53.383222][UC][I] [QUERY_PERF] component=ucm layer=transport_manager handle=6 transport_handle=6 transfers_lock_wait_us=0 lookup_us=0 transport_us=41 total_us=41 api_status=0 transfer_status=1 [28603,28616][transport_manager.cpp:716,GetStatus]
[2026-08-24 21:07:53.383231][UC][I] [PERF] component=transport event=transfer_done manager=127.0.0.1:8000 target=127.0.0.1:4500 handle=6 transport_handle=6 opcode=1 direct=2 segments=1 bytes=10 status=1 api_status=0 submitted_ts_us=1787576873383141 completed_ts_us=1787576873383230 manager_get_status_ts_us=1787576873383181 backend_query_ts_us=1787576873383185 submit_us=111 transfer_us=88 manager_to_backend_query_us=4 total_us=199 [28603,28616][transport_manager.cpp:727,GetStatus]
[2026-08-24 21:07:53.383237][UC][I] [PERF] component=drampool event=request_done request_id=4 opcode=0 peer=127.0.0.1:4500 batch_size=2 data_bytes=0 failed_items=0 status=SUCCESS failed_stage=NONE received_ts_us=1787576873382899 worker_started_ts_us=1787576873382971 data_transfer_submitted_ts_us=0 data_transfer_completed_ts_us=0 response_submitted_ts_us=1787576873383145 completed_ts_us=1787576873383235 data_tm_execute_async_ts_us=0 data_hixl_execute_async_ts_us=0 data_tm_get_status_ts_us=0 data_hixl_query_handle_ts_us=0 response_tm_execute_async_ts_us=1787576873383030 response_hixl_execute_async_ts_us=1787576873383036 response_tm_get_status_ts_us=1787576873383181 response_hixl_query_handle_ts_us=1787576873383185 request_queue_us=71 metadata_prepare_us=1 taskworker_prepare_us=2 poller_queue_us=56 data_transfer_us=0 metadata_settle_us=0 response_slot_wait_us=57 response_submit_us=116 response_transfer_us=90 data_tm_to_hixl_execute_async_us=0 data_tm_to_hixl_query_handle_us=0 response_tm_to_hixl_execute_async_us=6 response_tm_to_hixl_query_handle_us=4 total_us=335 [28603,28616][completion_poller.cc:56,LogRequestDone]
[2026-08-24 21:07:53.457308][UC][I] ShardMetadata StoreBegin: key already exists. [28603,28617][metadata.cc:57,StoreBegin]
[2026-08-24 21:07:53.457338][UC][I] ShardMetadata StoreBegin: key already exists. [28603,28617][metadata.cc:57,StoreBegin]
[2026-08-24 21:07:53.457343][UC][I] ShardMetadata StoreBegin: key already exists. [28603,28617][metadata.cc:57,StoreBegin]
[2026-08-24 21:07:53.457348][UC][I] ShardMetadata StoreBegin: key already exists. [28603,28617][metadata.cc:57,StoreBegin]
[2026-08-24 21:07:53.457354][UC][I] ShardMetadata StoreBegin: key already exists. [28603,28617][metadata.cc:57,StoreBegin]
[2026-08-24 21:07:53.457357][UC][I] ShardMetadata StoreBegin: key already exists. [28603,28617][metadata.cc:57,StoreBegin]
[2026-08-24 21:07:53.457361][UC][I] ShardMetadata StoreBegin: key already exists. [28603,28617][metadata.cc:57,StoreBegin]
[2026-08-24 21:07:53.457364][UC][I] ShardMetadata StoreBegin: key already exists. [28603,28617][metadata.cc:57,StoreBegin]
[2026-08-24 21:07:53.457367][UC][I] ShardMetadata StoreBegin: key already exists. [28603,28617][metadata.cc:57,StoreBegin]
[2026-08-24 21:07:53.457370][UC][I] ShardMetadata StoreBegin: key already exists. [28603,28617][metadata.cc:57,StoreBegin]
[2026-08-24 21:07:53.457374][UC][I] ShardMetadata StoreBegin: key already exists. [28603,28617][metadata.cc:57,StoreBegin]
[2026-08-24 21:07:53.457382][UC][I] ShardMetadata StoreBegin: key already exists. [28603,28617][metadata.cc:57,StoreBegin]
[2026-08-24 21:07:53.457385][UC][I] ShardMetadata StoreBegin: key already exists. [28603,28617][metadata.cc:57,StoreBegin]
[2026-08-24 21:07:53.457388][UC][I] ShardMetadata StoreBegin: key already exists. [28603,28617][metadata.cc:57,StoreBegin]
[2026-08-24 21:07:53.457393][UC][I] ShardMetadata StoreBegin: key already exists. [28603,28617][metadata.cc:57,StoreBegin]
[2026-08-24 21:07:53.457399][UC][I] ShardMetadata StoreBegin: key already exists. [28603,28617][metadata.cc:57,StoreBegin]
[2026-08-24 21:07:53.457402][UC][I] ShardMetadata StoreBegin: key already exists. [28603,28617][metadata.cc:57,StoreBegin]
[2026-08-24 21:07:53.457405][UC][I] ShardMetadata StoreBegin: key already exists. [28603,28617][metadata.cc:57,StoreBegin]
[2026-08-24 21:07:53.457411][UC][I] ShardMetadata StoreBegin: key already exists. [28603,28617][metadata.cc:57,StoreBegin]
[2026-08-24 21:07:53.457416][UC][I] ShardMetadata StoreBegin: key already exists. [28603,28617][metadata.cc:57,StoreBegin]
[2026-08-24 21:07:53.457431][UC][I] ShardMetadata StoreBegin: key already exists. [28603,28617][metadata.cc:57,StoreBegin]
[2026-08-24 21:07:53.457438][UC][I] ShardMetadata StoreBegin: key already exists. [28603,28617][metadata.cc:57,StoreBegin]
[2026-08-24 21:07:53.457441][UC][I] ShardMetadata StoreBegin: key already exists. [28603,28617][metadata.cc:57,StoreBegin]
[2026-08-24 21:07:53.457448][UC][I] ShardMetadata StoreBegin: key already exists. [28603,28617][metadata.cc:57,StoreBegin]
[2026-08-24 21:07:53.457453][UC][I] ShardMetadata StoreBegin: key already exists. [28603,28617][metadata.cc:57,StoreBegin]
[2026-08-24 21:07:53.457457][UC][I] ShardMetadata StoreBegin: key already exists. [28603,28617][metadata.cc:57,StoreBegin]
[2026-08-24 21:07:53.457460][UC][I] ShardMetadata StoreBegin: key already exists. [28603,28617][metadata.cc:57,StoreBegin]
[2026-08-24 21:07:53.457467][UC][I] ShardMetadata StoreBegin: key already exists. [28603,28617][metadata.cc:57,StoreBegin]
[2026-08-24 21:07:53.457474][UC][I] ShardMetadata StoreBegin: key already exists. [28603,28617][metadata.cc:57,StoreBegin]
[2026-08-24 21:07:53.457480][UC][I] ShardMetadata StoreBegin: key already exists. [28603,28617][metadata.cc:57,StoreBegin]
[2026-08-24 21:07:53.457483][UC][I] ShardMetadata StoreBegin: key already exists. [28603,28617][metadata.cc:57,StoreBegin]
[2026-08-24 21:07:53.457487][UC][I] ShardMetadata StoreBegin: key already exists. [28603,28617][metadata.cc:57,StoreBegin]
[2026-08-24 21:07:53.457493][UC][I] ShardMetadata StoreBegin: key already exists. [28603,28617][metadata.cc:57,StoreBegin]
[2026-08-24 21:07:53.457498][UC][I] ShardMetadata StoreBegin: key already exists. [28603,28617][metadata.cc:57,StoreBegin]
[2026-08-24 21:07:53.457503][UC][I] ShardMetadata StoreBegin: key already exists. [28603,28617][metadata.cc:57,StoreBegin]
[2026-08-24 21:07:53.457508][UC][I] ShardMetadata StoreBegin: key already exists. [28603,28617][metadata.cc:57,StoreBegin]
[2026-08-24 21:07:53.457513][UC][I] ShardMetadata StoreBegin: key already exists. [28603,28617][metadata.cc:57,StoreBegin]
[2026-08-24 21:07:53.457521][UC][I] ShardMetadata StoreBegin: key already exists. [28603,28617][metadata.cc:57,StoreBegin]
[2026-08-24 21:07:53.457527][UC][I] ShardMetadata StoreBegin: key already exists. [28603,28617][metadata.cc:57,StoreBegin]
[2026-08-24 21:07:53.457531][UC][I] ShardMetadata StoreBegin: key already exists. [28603,28617][metadata.cc:57,StoreBegin]
[2026-08-24 21:07:53.457534][UC][I] ShardMetadata StoreBegin: key already exists. [28603,28617][metadata.cc:57,StoreBegin]
[2026-08-24 21:07:53.457540][UC][I] ShardMetadata StoreBegin: key already exists. [28603,28617][metadata.cc:57,StoreBegin]
[2026-08-24 21:07:53.457548][UC][I] ShardMetadata StoreBegin: key already exists. [28603,28617][metadata.cc:57,StoreBegin]
[2026-08-24 21:07:53.457554][UC][I] ShardMetadata StoreBegin: key already exists. [28603,28617][metadata.cc:57,StoreBegin]
[2026-08-24 21:07:53.457560][UC][I] ShardMetadata StoreBegin: key already exists. [28603,28617][metadata.cc:57,StoreBegin]
[2026-08-24 21:07:53.457566][UC][I] ShardMetadata StoreBegin: key already exists. [28603,28617][metadata.cc:57,StoreBegin]
[2026-08-24 21:07:53.457573][UC][I] ShardMetadata StoreBegin: key already exists. [28603,28617][metadata.cc:57,StoreBegin]
[2026-08-24 21:07:53.457578][UC][I] ShardMetadata StoreBegin: key already exists. [28603,28617][metadata.cc:57,StoreBegin]
[2026-08-24 21:07:53.457583][UC][I] ShardMetadata StoreBegin: key already exists. [28603,28617][metadata.cc:57,StoreBegin]
[2026-08-24 21:07:53.457588][UC][I] ShardMetadata StoreBegin: key already exists. [28603,28617][metadata.cc:57,StoreBegin]
[2026-08-24 21:07:53.457593][UC][I] ShardMetadata StoreBegin: key already exists. [28603,28617][metadata.cc:57,StoreBegin]
[2026-08-24 21:07:53.457601][UC][I] ShardMetadata StoreBegin: key already exists. [28603,28617][metadata.cc:57,StoreBegin]
[2026-08-24 21:07:53.457607][UC][I] ShardMetadata StoreBegin: key already exists. [28603,28617][metadata.cc:57,StoreBegin]
[2026-08-24 21:07:53.457618][UC][I] ShardMetadata StoreBegin: key already exists. [28603,28617][metadata.cc:57,StoreBegin]
[2026-08-24 21:07:53.457624][UC][I] ShardMetadata StoreBegin: key already exists. [28603,28617][metadata.cc:57,StoreBegin]
[2026-08-24 21:07:53.457627][UC][I] ShardMetadata StoreBegin: key already exists. [28603,28617][metadata.cc:57,StoreBegin]
[2026-08-24 21:07:53.457632][UC][I] ShardMetadata StoreBegin: key already exists. [28603,28617][metadata.cc:57,StoreBegin]
[2026-08-24 21:07:53.457638][UC][I] ShardMetadata StoreBegin: key already exists. [28603,28617][metadata.cc:57,StoreBegin]
[2026-08-24 21:07:53.457642][UC][I] ShardMetadata StoreBegin: key already exists. [28603,28617][metadata.cc:57,StoreBegin]
[2026-08-24 21:07:53.457648][UC][I] ShardMetadata StoreBegin: key already exists. [28603,28617][metadata.cc:57,StoreBegin]
[2026-08-24 21:07:53.457653][UC][I] ShardMetadata StoreBegin: key already exists. [28603,28617][metadata.cc:57,StoreBegin]
[2026-08-24 21:07:53.457658][UC][I] ShardMetadata StoreBegin: key already exists. [28603,28617][metadata.cc:57,StoreBegin]
[2026-08-24 21:07:53.457665][UC][I] ShardMetadata StoreBegin: key already exists. [28603,28617][metadata.cc:57,StoreBegin]
[2026-08-24 21:07:53.457671][UC][I] ShardMetadata StoreBegin: key already exists. [28603,28617][metadata.cc:57,StoreBegin]
[2026-08-24 21:07:53.457675][UC][I] ShardMetadata StoreBegin: key already exists. [28603,28617][metadata.cc:57,StoreBegin]
[2026-08-24 21:07:53.457679][UC][I] ShardMetadata StoreBegin: key already exists. [28603,28617][metadata.cc:57,StoreBegin]
[2026-08-24 21:07:53.457685][UC][I] ShardMetadata StoreBegin: key already exists. [28603,28617][metadata.cc:57,StoreBegin]
[2026-08-24 21:07:53.457692][UC][I] ShardMetadata StoreBegin: key already exists. [28603,28617][metadata.cc:57,StoreBegin]
[2026-08-24 21:07:53.457698][UC][I] ShardMetadata StoreBegin: key already exists. [28603,28617][metadata.cc:57,StoreBegin]
[2026-08-24 21:07:53.457703][UC][I] ShardMetadata StoreBegin: key already exists. [28603,28617][metadata.cc:57,StoreBegin]
[2026-08-24 21:07:53.457706][UC][I] ShardMetadata StoreBegin: key already exists. [28603,28617][metadata.cc:57,StoreBegin]
[2026-08-24 21:07:53.457713][UC][I] ShardMetadata StoreBegin: key already exists. [28603,28617][metadata.cc:57,StoreBegin]
[2026-08-24 21:07:53.457719][UC][I] ShardMetadata StoreBegin: key already exists. [28603,28617][metadata.cc:57,StoreBegin]
[2026-08-24 21:07:53.457727][UC][I] ShardMetadata StoreBegin: key already exists. [28603,28617][metadata.cc:57,StoreBegin]
[2026-08-24 21:07:53.457733][UC][I] ShardMetadata StoreBegin: key already exists. [28603,28617][metadata.cc:57,StoreBegin]
[2026-08-24 21:07:53.457736][UC][I] ShardMetadata StoreBegin: key already exists. [28603,28617][metadata.cc:57,StoreBegin]
[2026-08-24 21:07:53.457740][UC][I] ShardMetadata StoreBegin: key already exists. [28603,28617][metadata.cc:57,StoreBegin]
[2026-08-24 21:07:53.457753][UC][I] ShardMetadata StoreBegin: key already exists. [28603,28617][metadata.cc:57,StoreBegin]
[2026-08-24 21:07:53.457758][UC][I] ShardMetadata StoreBegin: key already exists. [28603,28617][metadata.cc:57,StoreBegin]
[2026-08-24 21:07:53.457761][UC][I] ShardMetadata StoreBegin: key already exists. [28603,28617][metadata.cc:57,StoreBegin]
[2026-08-24 21:07:53.457766][UC][I] ShardMetadata StoreBegin: key already exists. [28603,28617][metadata.cc:57,StoreBegin]
[2026-08-24 21:07:53.457771][UC][I] ShardMetadata StoreBegin: key already exists. [28603,28617][metadata.cc:57,StoreBegin]
[2026-08-24 21:07:53.457774][UC][I] ShardMetadata StoreBegin: key already exists. [28603,28617][metadata.cc:57,StoreBegin]
[2026-08-24 21:07:53.457778][UC][I] ShardMetadata StoreBegin: key already exists. [28603,28617][metadata.cc:57,StoreBegin]
[2026-08-24 21:07:53.457784][UC][I] ShardMetadata StoreBegin: key already exists. [28603,28617][metadata.cc:57,StoreBegin]
[2026-08-24 21:07:53.457789][UC][I] ShardMetadata StoreBegin: key already exists. [28603,28617][metadata.cc:57,StoreBegin]
[2026-08-24 21:07:53.457794][UC][I] ShardMetadata StoreBegin: key already exists. [28603,28617][metadata.cc:57,StoreBegin]
[2026-08-24 21:07:53.457807][UC][I] ShardMetadata StoreBegin: key already exists. [28603,28617][metadata.cc:57,StoreBegin]
[2026-08-24 21:07:53.457812][UC][I] ShardMetadata StoreBegin: key already exists. [28603,28617][metadata.cc:57,StoreBegin]
[2026-08-24 21:07:53.457818][UC][I] ShardMetadata StoreBegin: key already exists. [28603,28617][metadata.cc:57,StoreBegin]
[2026-08-24 21:07:53.457824][UC][I] ShardMetadata StoreBegin: key already exists. [28603,28617][metadata.cc:57,StoreBegin]
[2026-08-24 21:07:53.457827][UC][I] ShardMetadata StoreBegin: key already exists. [28603,28617][metadata.cc:57,StoreBegin]
[2026-08-24 21:07:53.457830][UC][I] ShardMetadata StoreBegin: key already exists. [28603,28617][metadata.cc:57,StoreBegin]
[2026-08-24 21:07:53.457837][UC][I] ShardMetadata StoreBegin: key already exists. [28603,28617][metadata.cc:57,StoreBegin]
[2026-08-24 21:07:53.457843][UC][I] ShardMetadata StoreBegin: key already exists. [28603,28617][metadata.cc:57,StoreBegin]
[2026-08-24 21:07:53.457846][UC][I] ShardMetadata StoreBegin: key already exists. [28603,28617][metadata.cc:57,StoreBegin]
[2026-08-24 21:07:53.457852][UC][I] ShardMetadata StoreBegin: key already exists. [28603,28617][metadata.cc:57,StoreBegin]
[2026-08-24 21:07:53.457858][UC][I] ShardMetadata StoreBegin: key already exists. [28603,28617][metadata.cc:57,StoreBegin]
[2026-08-24 21:07:53.457861][UC][I] ShardMetadata StoreBegin: key already exists. [28603,28617][metadata.cc:57,StoreBegin]
[2026-08-24 21:07:53.457865][UC][I] ShardMetadata StoreBegin: key already exists. [28603,28617][metadata.cc:57,StoreBegin]
[2026-08-24 21:07:53.457871][UC][I] ShardMetadata StoreBegin: key already exists. [28603,28617][metadata.cc:57,StoreBegin]
[2026-08-24 21:07:53.457876][UC][I] ShardMetadata StoreBegin: key already exists. [28603,28617][metadata.cc:57,StoreBegin]
[2026-08-24 21:07:53.457881][UC][I] ShardMetadata StoreBegin: key already exists. [28603,28617][metadata.cc:57,StoreBegin]
[2026-08-24 21:07:53.457889][UC][I] ShardMetadata StoreBegin: key already exists. [28603,28617][metadata.cc:57,StoreBegin]
[2026-08-24 21:07:53.457894][UC][I] ShardMetadata StoreBegin: key already exists. [28603,28617][metadata.cc:57,StoreBegin]
[2026-08-24 21:07:53.457897][UC][I] ShardMetadata StoreBegin: key already exists. [28603,28617][metadata.cc:57,StoreBegin]
[2026-08-24 21:07:53.457901][UC][I] ShardMetadata StoreBegin: key already exists. [28603,28617][metadata.cc:57,StoreBegin]
[2026-08-24 21:07:53.457908][UC][I] ShardMetadata StoreBegin: key already exists. [28603,28617][metadata.cc:57,StoreBegin]
[HIXL_PERF] event=hccl_batch op=1 desc_num=1 hccl_us=106 status=0
[HIXL_PERF] event=issue_hccl_batch op=1 list_num=1 total_us=120
[HIXL_PERF] event=issue_async_host_flag op=1 list_num=1 context_us=0 hccl_issue_us=124 flag_memcpy_us=6 total_us=130
[HIXL_PERF] event=comm_channel_async op=1 list_num=1 mutex_wait_us=0 slot_us=1 host_flag_us=0 record_us=1 issue_us=136 total_us=138
[HIXL_PERF] event=adxl_inner_async op=1 list_num=1 context_us=4 connect_us=0 get_channel_us=2 channel_async_us=154 tail_us=1 total_us=161
[HIXL_PERF] event=comm_engine_async op=1 list_num=1 desc_build_us=0 inner_us=166 total_us=166 status=0
[2026-08-24 21:07:53.458265][UC][I] [HIXL_WORKER_PERF] task_id=89 queue_depth=1 enqueue_lock_wait_us=0 enqueue_us=1 queue_wait_us=11 execute_us=180 result_post_us=5 total_us=197 status=0 [28603,28616][hixl_instance.cpp:107,Run]
[2026-08-24 21:07:53.458282][UC][I] [PERF] component=transport event=transfer_submitted manager=127.0.0.1:8000 target=127.0.0.1:4501 handle=7 transport_handle=7 opcode=1 direct=2 segments=1 bytes=63 submitted_ts_us=1787576873458281 manager_execute_async_ts_us=1787576873458063 backend_execute_async_ts_us=1787576873458080 manager_to_backend_execute_async_us=17 submit_us=216 [28603,28616][transport_manager.cpp:674,ExecuteAsync]
[HIXL_QUERY_PERF] layer=comm_channel request=0x7 mutex_wait_us=0 check_us=0 lookup_us=1 flag_check_us=0 complete_us=3 total_us=4 transfer_elapsed_us=210 transfer_bytes=63 op_desc_count=1 transfer_status=1
[HIXL_QUERY_PERF] layer=adxl_inner request=0x7 context_us=1 req_lock_wait_us=0 lookup_us=1 channel_us=12 cleanup_us=1 total_us=15 status=0 transfer_status=1
[HIXL_QUERY_PERF] layer=comm_engine request=0x7 total_us=19 status=0 transfer_status=1
[2026-08-24 21:07:53.458324][UC][I] [HIXL_WORKER_PERF] task_id=90 queue_depth=1 enqueue_lock_wait_us=0 enqueue_us=0 queue_wait_us=5 execute_us=23 result_post_us=4 total_us=32 status=0 [28603,28616][hixl_instance.cpp:107,Run]
[2026-08-24 21:07:53.458331][UC][I] [QUERY_PERF] component=ucm layer=hixl_instance request=0x7 queue_wait_us=6 backend_us=22 run_post_us=11 total_us=39 api_status=0 transfer_status=1 [28603,28616][hixl_instance.cpp:370,GetTransferStatus]
[2026-08-24 21:07:53.458336][UC][I] [QUERY_PERF] component=ucm layer=hixl_transport handle=7 request=0x7 lifecycle_lock_us=0 pending_lock_wait_us=0 pending_lookup_us=0 instance_us=45 erase_us=0 total_us=45 transfer_status=1 [28603,28616][hixl_transport.cpp:734,GetStatus]
[2026-08-24 21:07:53.458343][UC][I] [QUERY_PERF] component=ucm layer=transport_manager handle=7 transport_handle=7 transfers_lock_wait_us=0 lookup_us=0 transport_us=52 total_us=52 api_status=0 transfer_status=1 [28603,28616][transport_manager.cpp:716,GetStatus]
[2026-08-24 21:07:53.458356][UC][I] [PERF] component=transport event=transfer_done manager=127.0.0.1:8000 target=127.0.0.1:4501 handle=7 transport_handle=7 opcode=1 direct=2 segments=1 bytes=63 status=1 api_status=0 submitted_ts_us=1787576873458281 completed_ts_us=1787576873458355 manager_get_status_ts_us=1787576873458290 backend_query_ts_us=1787576873458297 submit_us=216 transfer_us=74 manager_to_backend_query_us=7 total_us=290 [28603,28616][transport_manager.cpp:727,GetStatus]
[2026-08-24 21:07:53.458367][UC][I] [PERF] component=drampool event=request_done request_id=2 opcode=1 peer=127.0.0.1:4501 batch_size=108 data_bytes=0 failed_items=0 status=SUCCESS failed_stage=NONE received_ts_us=1787576873457164 worker_started_ts_us=1787576873457301 data_transfer_submitted_ts_us=0 data_transfer_completed_ts_us=0 response_submitted_ts_us=1787576873458289 completed_ts_us=1787576873458364 data_tm_execute_async_ts_us=0 data_hixl_execute_async_ts_us=0 data_tm_get_status_ts_us=0 data_hixl_query_handle_ts_us=0 response_tm_execute_async_ts_us=1787576873458063 response_hixl_execute_async_ts_us=1787576873458080 response_tm_get_status_ts_us=1787576873458290 response_hixl_query_handle_ts_us=1787576873458297 request_queue_us=137 metadata_prepare_us=612 taskworker_prepare_us=617 poller_queue_us=141 data_transfer_us=0 metadata_settle_us=0 response_slot_wait_us=143 response_submit_us=229 response_transfer_us=74 data_tm_to_hixl_execute_async_us=0 data_tm_to_hixl_query_handle_us=0 response_tm_to_hixl_execute_async_us=17 response_tm_to_hixl_query_handle_us=7 total_us=1200 [28603,28616][completion_poller.cc:56,LogRequestDone]
[HIXL_PERF] event=hccl_batch op=1 desc_num=108 hccl_us=556 status=0
[HIXL_PERF] event=issue_hccl_batch op=1 list_num=108 total_us=593
[HIXL_PERF] event=issue_async_host_flag op=1 list_num=108 context_us=1 hccl_issue_us=596 flag_memcpy_us=8 total_us=605
[HIXL_PERF] event=comm_channel_async op=1 list_num=108 mutex_wait_us=0 slot_us=1072 host_flag_us=6 record_us=1 issue_us=610 total_us=1689
[HIXL_PERF] event=adxl_inner_async op=1 list_num=108 context_us=5 connect_us=0 get_channel_us=2 channel_async_us=1694 tail_us=1 total_us=1702
[HIXL_PERF] event=comm_engine_async op=1 list_num=108 desc_build_us=2 inner_us=1706 total_us=1708 status=0
[2026-08-24 21:07:53.462915][UC][I] [HIXL_WORKER_PERF] task_id=91 queue_depth=1 enqueue_lock_wait_us=1 enqueue_us=0 queue_wait_us=15 execute_us=1723 result_post_us=8 total_us=1747 status=0 [28603,28617][hixl_instance.cpp:107,Run]
[2026-08-24 21:07:53.462931][UC][I] [PERF] component=transport event=transfer_submitted manager=127.0.0.1:8000 target=127.0.0.1:4502 handle=8 transport_handle=8 opcode=1 direct=2 segments=108 bytes=7962624 submitted_ts_us=1787576873462929 manager_execute_async_ts_us=1787576873461155 backend_execute_async_ts_us=1787576873461187 manager_to_backend_execute_async_us=32 submit_us=1767 [28603,28617][transport_manager.cpp:674,ExecuteAsync]
[2026-08-24 21:07:53.462943][UC][I] [DRAMPOOL_QUEUE_PERF] layer=request_queue request_id=2 opcode=2 peer=127.0.0.1:4502 wait_us=1832 threshold_us=400 [28603,28617][task_worker.cc:81,ProcessOneRequest]
[HIXL_QUERY_PERF] layer=comm_channel request=0x1 mutex_wait_us=0 check_us=0 lookup_us=1 flag_check_us=0 complete_us=0 total_us=1 transfer_elapsed_us=1759 transfer_bytes=7962624 op_desc_count=108 transfer_status=0
[HIXL_QUERY_PERF] layer=adxl_inner request=0x1 context_us=1 req_lock_wait_us=0 lookup_us=1 channel_us=10 cleanup_us=0 total_us=12 status=0 transfer_status=0
[HIXL_QUERY_PERF] layer=comm_engine request=0x1 total_us=18 status=0 transfer_status=0
[2026-08-24 21:07:53.462982][UC][I] [HIXL_WORKER_PERF] task_id=92 queue_depth=1 enqueue_lock_wait_us=0 enqueue_us=0 queue_wait_us=9 execute_us=21 result_post_us=6 total_us=36 status=0 [28603,28616][hixl_instance.cpp:107,Run]
[2026-08-24 21:07:53.462991][UC][I] [QUERY_PERF] component=ucm layer=hixl_instance request=0x1 queue_wait_us=9 backend_us=21 run_post_us=14 total_us=44 api_status=0 transfer_status=0 [28603,28616][hixl_instance.cpp:370,GetTransferStatus]
[2026-08-24 21:07:53.462998][UC][I] [QUERY_PERF] component=ucm layer=hixl_transport handle=8 request=0x1 lifecycle_lock_us=0 pending_lock_wait_us=0 pending_lookup_us=1 instance_us=51 erase_us=0 total_us=52 transfer_status=0 [28603,28616][hixl_transport.cpp:734,GetStatus]
[2026-08-24 21:07:53.463005][UC][I] [QUERY_PERF] component=ucm layer=transport_manager handle=8 transport_handle=8 transfers_lock_wait_us=0 lookup_us=0 transport_us=59 total_us=59 api_status=0 transfer_status=0 [28603,28616][transport_manager.cpp:716,GetStatus]
[HIXL_PERF] event=hccl_batch op=1 desc_num=108 hccl_us=142 status=0
[HIXL_PERF] event=issue_hccl_batch op=1 list_num=108 total_us=153
[HIXL_PERF] event=issue_async_host_flag op=1 list_num=108 context_us=1 hccl_issue_us=155 flag_memcpy_us=5 total_us=161
[HIXL_PERF] event=comm_channel_async op=1 list_num=108 mutex_wait_us=0 slot_us=1 host_flag_us=7 record_us=0 issue_us=166 total_us=174
[HIXL_PERF] event=adxl_inner_async op=1 list_num=108 context_us=0 connect_us=0 get_channel_us=1 channel_async_us=177 tail_us=0 total_us=178
[HIXL_PERF] event=comm_engine_async op=1 list_num=108 desc_build_us=1 inner_us=183 total_us=184 status=0
[HIXL_QUERY_PERF] layer=comm_channel request=0x1 mutex_wait_us=0 check_us=0 lookup_us=1 flag_check_us=0 complete_us=0 total_us=1 transfer_elapsed_us=1982 transfer_bytes=7962624 op_desc_count=108 transfer_status=0
[2026-08-24 21:07:53.463182][UC][I] [HIXL_WORKER_PERF] task_id=93 queue_depth=1 enqueue_lock_wait_us=0 enqueue_us=0 queue_wait_us=8 execute_us=196 result_post_us=6 total_us=210 status=0 [28603,28617][hixl_instance.cpp:107,Run]
[HIXL_QUERY_PERF] layer=adxl_inner request=0x1 context_us=0 req_lock_wait_us=0 lookup_us=1 channel_us=7 cleanup_us=0 total_us=8 status=0 transfer_status=0
[2026-08-24 21:07:53.463197][UC][I] [PERF] component=transport event=transfer_submitted manager=127.0.0.1:8000 target=127.0.0.1:4502 handle=9 transport_handle=9 opcode=1 direct=2 segments=108 bytes=7962624 submitted_ts_us=1787576873463196 manager_execute_async_ts_us=1787576873462967 backend_execute_async_ts_us=1787576873462981 manager_to_backend_execute_async_us=14 submit_us=227 [28603,28617][transport_manager.cpp:674,ExecuteAsync]
[HIXL_QUERY_PERF] layer=comm_engine request=0x1 total_us=25 status=0 transfer_status=0
[2026-08-24 21:07:53.463215][UC][I] [HIXL_WORKER_PERF] task_id=94 queue_depth=1 enqueue_lock_wait_us=0 enqueue_us=0 queue_wait_us=165 execute_us=31 result_post_us=4 total_us=200 status=0 [28603,28616][hixl_instance.cpp:107,Run]
[2026-08-24 21:07:53.463226][UC][I] [QUERY_PERF] component=ucm layer=hixl_instance request=0x1 queue_wait_us=165 backend_us=30 run_post_us=16 total_us=211 api_status=0 transfer_status=0 [28603,28616][hixl_instance.cpp:370,GetTransferStatus]
[2026-08-24 21:07:53.463234][UC][I] [QUERY_PERF] component=ucm layer=hixl_transport handle=8 request=0x1 lifecycle_lock_us=1 pending_lock_wait_us=0 pending_lookup_us=0 instance_us=220 erase_us=0 total_us=221 transfer_status=0 [28603,28616][hixl_transport.cpp:734,GetStatus]
[2026-08-24 21:07:53.463220][UC][I] [DRAMPOOL_QUEUE_PERF] layer=request_queue request_id=1 opcode=2 peer=127.0.0.1:4506 wait_us=2080 threshold_us=400 [28603,28617][task_worker.cc:81,ProcessOneRequest]
[2026-08-24 21:07:53.463243][UC][I] [QUERY_PERF] component=ucm layer=transport_manager handle=8 transport_handle=8 transfers_lock_wait_us=0 lookup_us=0 transport_us=229 total_us=229 api_status=0 transfer_status=0 [28603,28616][transport_manager.cpp:716,GetStatus]
[HIXL_QUERY_PERF] layer=comm_channel request=0x1 mutex_wait_us=1 check_us=0 lookup_us=0 flag_check_us=0 complete_us=0 total_us=1 transfer_elapsed_us=2072 transfer_bytes=7962624 op_desc_count=108 transfer_status=0
[HIXL_QUERY_PERF] layer=adxl_inner request=0x1 context_us=1 req_lock_wait_us=0 lookup_us=0 channel_us=9 cleanup_us=0 total_us=10 status=0 transfer_status=0
[HIXL_QUERY_PERF] layer=comm_engine request=0x1 total_us=12 status=0 transfer_status=0
[2026-08-24 21:07:53.463289][UC][I] [HIXL_WORKER_PERF] task_id=95 queue_depth=1 enqueue_lock_wait_us=0 enqueue_us=0 queue_wait_us=6 execute_us=14 result_post_us=4 total_us=24 status=0 [28603,28616][hixl_instance.cpp:107,Run]
[2026-08-24 21:07:53.463296][UC][I] [QUERY_PERF] component=ucm layer=hixl_instance request=0x1 queue_wait_us=6 backend_us=14 run_post_us=11 total_us=31 api_status=0 transfer_status=0 [28603,28616][hixl_instance.cpp:370,GetTransferStatus]
[2026-08-24 21:07:53.463301][UC][I] [QUERY_PERF] component=ucm layer=hixl_transport handle=8 request=0x1 lifecycle_lock_us=0 pending_lock_wait_us=1 pending_lookup_us=0 instance_us=37 erase_us=0 total_us=38 transfer_status=0 [28603,28616][hixl_transport.cpp:734,GetStatus]
[2026-08-24 21:07:53.463310][UC][I] [QUERY_PERF] component=ucm layer=transport_manager handle=8 transport_handle=8 transfers_lock_wait_us=0 lookup_us=0 transport_us=46 total_us=46 api_status=0 transfer_status=0 [28603,28616][transport_manager.cpp:716,GetStatus]
[HIXL_QUERY_PERF] layer=comm_channel request=0x2 mutex_wait_us=0 check_us=0 lookup_us=1 flag_check_us=0 complete_us=0 total_us=1 transfer_elapsed_us=337 transfer_bytes=7962624 op_desc_count=108 transfer_status=0
[HIXL_QUERY_PERF] layer=adxl_inner request=0x2 context_us=1 req_lock_wait_us=0 lookup_us=0 channel_us=9 cleanup_us=0 total_us=10 status=0 transfer_status=0
[HIXL_QUERY_PERF] layer=comm_engine request=0x2 total_us=15 status=0 transfer_status=0
[2026-08-24 21:07:53.463347][UC][I] [HIXL_WORKER_PERF] task_id=97 queue_depth=1 enqueue_lock_wait_us=0 enqueue_us=0 queue_wait_us=5 execute_us=20 result_post_us=4 total_us=29 status=0 [28603,28616][hixl_instance.cpp:107,Run]
[2026-08-24 21:07:53.463354][UC][I] [QUERY_PERF] component=ucm layer=hixl_instance request=0x2 queue_wait_us=6 backend_us=20 run_post_us=11 total_us=37 api_status=0 transfer_status=0 [28603,28616][hixl_instance.cpp:370,GetTransferStatus]
[2026-08-24 21:07:53.463369][UC][I] [QUERY_PERF] component=ucm layer=hixl_transport handle=9 request=0x2 lifecycle_lock_us=0 pending_lock_wait_us=0 pending_lookup_us=0 instance_us=53 erase_us=0 total_us=53 transfer_status=0 [28603,28616][hixl_transport.cpp:734,GetStatus]
[2026-08-24 21:07:53.463374][UC][I] [QUERY_PERF] component=ucm layer=transport_manager handle=9 transport_handle=9 transfers_lock_wait_us=0 lookup_us=0 transport_us=58 total_us=58 api_status=0 transfer_status=0 [28603,28616][transport_manager.cpp:716,GetStatus]
[HIXL_QUERY_PERF] layer=comm_channel request=0x1 mutex_wait_us=0 check_us=0 lookup_us=0 flag_check_us=0 complete_us=0 total_us=0 transfer_elapsed_us=2186 transfer_bytes=7962624 op_desc_count=108 transfer_status=0
[HIXL_QUERY_PERF] layer=adxl_inner request=0x1 context_us=0 req_lock_wait_us=0 lookup_us=1 channel_us=6 cleanup_us=0 total_us=7 status=0 transfer_status=0
[HIXL_QUERY_PERF] layer=comm_engine request=0x1 total_us=12 status=0 transfer_status=0
[2026-08-24 21:07:53.463406][UC][I] [HIXL_WORKER_PERF] task_id=98 queue_depth=1 enqueue_lock_wait_us=1 enqueue_us=0 queue_wait_us=5 execute_us=16 result_post_us=4 total_us=26 status=0 [28603,28616][hixl_instance.cpp:107,Run]
[2026-08-24 21:07:53.463416][UC][I] [QUERY_PERF] component=ucm layer=hixl_instance request=0x1 queue_wait_us=6 backend_us=16 run_post_us=15 total_us=37 api_status=0 transfer_status=0 [28603,28616][hixl_instance.cpp:370,GetTransferStatus]
[2026-08-24 21:07:53.463422][UC][I] [QUERY_PERF] component=ucm layer=hixl_transport handle=8 request=0x1 lifecycle_lock_us=0 pending_lock_wait_us=0 pending_lookup_us=0 instance_us=43 erase_us=0 total_us=43 transfer_status=0 [28603,28616][hixl_transport.cpp:734,GetStatus]
[2026-08-24 21:07:53.463436][UC][I] [QUERY_PERF] component=ucm layer=transport_manager handle=8 transport_handle=8 transfers_lock_wait_us=0 lookup_us=0 transport_us=56 total_us=56 api_status=0 transfer_status=0 [28603,28616][transport_manager.cpp:716,GetStatus]
[HIXL_QUERY_PERF] layer=comm_channel request=0x2 mutex_wait_us=0 check_us=1 lookup_us=0 flag_check_us=0 complete_us=0 total_us=1 transfer_elapsed_us=462 transfer_bytes=7962624 op_desc_count=108 transfer_status=0
[HIXL_QUERY_PERF] layer=adxl_inner request=0x2 context_us=0 req_lock_wait_us=0 lookup_us=0 channel_us=6 cleanup_us=0 total_us=6 status=0 transfer_status=0
[HIXL_QUERY_PERF] layer=comm_engine request=0x2 total_us=10 status=0 transfer_status=0
[2026-08-24 21:07:53.463466][UC][I] [HIXL_WORKER_PERF] task_id=99 queue_depth=1 enqueue_lock_wait_us=0 enqueue_us=1 queue_wait_us=4 execute_us=14 result_post_us=4 total_us=23 status=0 [28603,28616][hixl_instance.cpp:107,Run]
[2026-08-24 21:07:53.463474][UC][I] [QUERY_PERF] component=ucm layer=hixl_instance request=0x2 queue_wait_us=5 backend_us=14 run_post_us=13 total_us=32 api_status=0 transfer_status=0 [28603,28616][hixl_instance.cpp:370,GetTransferStatus]
[2026-08-24 21:07:53.463480][UC][I] [QUERY_PERF] component=ucm layer=hixl_transport handle=9 request=0x2 lifecycle_lock_us=0 pending_lock_wait_us=0 pending_lookup_us=0 instance_us=37 erase_us=0 total_us=37 transfer_status=0 [28603,28616][hixl_transport.cpp:734,GetStatus]
[2026-08-24 21:07:53.463487][UC][I] [QUERY_PERF] component=ucm layer=transport_manager handle=9 transport_handle=9 transfers_lock_wait_us=0 lookup_us=0 transport_us=45 total_us=45 api_status=0 transfer_status=0 [28603,28616][transport_manager.cpp:716,GetStatus]
[HIXL_QUERY_PERF] layer=comm_channel request=0x1 mutex_wait_us=0 check_us=0 lookup_us=0 flag_check_us=0 complete_us=0 total_us=0 transfer_elapsed_us=2299 transfer_bytes=7962624 op_desc_count=108 transfer_status=0
[HIXL_QUERY_PERF] layer=adxl_inner request=0x1 context_us=0 req_lock_wait_us=0 lookup_us=1 channel_us=9 cleanup_us=0 total_us=10 status=0 transfer_status=0
[HIXL_QUERY_PERF] layer=comm_engine request=0x1 total_us=14 status=0 transfer_status=0
[2026-08-24 21:07:53.463521][UC][I] [HIXL_WORKER_PERF] task_id=100 queue_depth=1 enqueue_lock_wait_us=1 enqueue_us=0 queue_wait_us=4 execute_us=19 result_post_us=4 total_us=28 status=0 [28603,28616][hixl_instance.cpp:107,Run]
[2026-08-24 21:07:53.463530][UC][I] [QUERY_PERF] component=ucm layer=hixl_instance request=0x1 queue_wait_us=6 backend_us=18 run_post_us=14 total_us=38 api_status=0 transfer_status=0 [28603,28616][hixl_instance.cpp:370,GetTransferStatus]
[2026-08-24 21:07:53.463536][UC][I] [QUERY_PERF] component=ucm layer=hixl_transport handle=8 request=0x1 lifecycle_lock_us=0 pending_lock_wait_us=0 pending_lookup_us=0 instance_us=44 erase_us=0 total_us=44 transfer_status=0 [28603,28616][hixl_transport.cpp:734,GetStatus]
[2026-08-24 21:07:53.463543][UC][I] [QUERY_PERF] component=ucm layer=transport_manager handle=8 transport_handle=8 transfers_lock_wait_us=0 lookup_us=0 transport_us=51 total_us=51 api_status=0 transfer_status=0 [28603,28616][transport_manager.cpp:716,GetStatus]
[HIXL_QUERY_PERF] layer=comm_channel request=0x2 mutex_wait_us=0 check_us=0 lookup_us=0 flag_check_us=0 complete_us=0 total_us=0 transfer_elapsed_us=569 transfer_bytes=7962624 op_desc_count=108 transfer_status=0
[HIXL_QUERY_PERF] layer=adxl_inner request=0x2 context_us=0 req_lock_wait_us=0 lookup_us=1 channel_us=7 cleanup_us=0 total_us=8 status=0 transfer_status=0
[HIXL_QUERY_PERF] layer=comm_engine request=0x2 total_us=14 status=0 transfer_status=0
[2026-08-24 21:07:53.463578][UC][I] [HIXL_WORKER_PERF] task_id=101 queue_depth=1 enqueue_lock_wait_us=0 enqueue_us=0 queue_wait_us=4 execute_us=19 result_post_us=5 total_us=28 status=0 [28603,28616][hixl_instance.cpp:107,Run]
[2026-08-24 21:07:53.463586][UC][I] [QUERY_PERF] component=ucm layer=hixl_instance request=0x2 queue_wait_us=5 backend_us=19 run_post_us=13 total_us=37 api_status=0 transfer_status=0 [28603,28616][hixl_instance.cpp:370,GetTransferStatus]
[2026-08-24 21:07:53.463593][UC][I] [QUERY_PERF] component=ucm layer=hixl_transport handle=9 request=0x2 lifecycle_lock_us=0 pending_lock_wait_us=0 pending_lookup_us=0 instance_us=44 erase_us=0 total_us=44 transfer_status=0 [28603,28616][hixl_transport.cpp:734,GetStatus]
[2026-08-24 21:07:53.463597][UC][I] [QUERY_PERF] component=ucm layer=transport_manager handle=9 transport_handle=9 transfers_lock_wait_us=0 lookup_us=0 transport_us=47 total_us=47 api_status=0 transfer_status=0 [28603,28616][transport_manager.cpp:716,GetStatus]
[HIXL_QUERY_PERF] layer=comm_channel request=0x1 mutex_wait_us=0 check_us=0 lookup_us=0 flag_check_us=0 complete_us=0 total_us=0 transfer_elapsed_us=2411 transfer_bytes=7962624 op_desc_count=108 transfer_status=0
[HIXL_QUERY_PERF] layer=adxl_inner request=0x1 context_us=0 req_lock_wait_us=0 lookup_us=1 channel_us=8 cleanup_us=0 total_us=9 status=0 transfer_status=0
[HIXL_QUERY_PERF] layer=comm_engine request=0x1 total_us=13 status=0 transfer_status=0
[2026-08-24 21:07:53.463630][UC][I] [HIXL_WORKER_PERF] task_id=102 queue_depth=1 enqueue_lock_wait_us=1 enqueue_us=0 queue_wait_us=4 execute_us=16 result_post_us=4 total_us=25 status=0 [28603,28616][hixl_instance.cpp:107,Run]
[2026-08-24 21:07:53.463636][UC][I] [QUERY_PERF] component=ucm layer=hixl_instance request=0x1 queue_wait_us=5 backend_us=16 run_post_us=11 total_us=32 api_status=0 transfer_status=0 [28603,28616][hixl_instance.cpp:370,GetTransferStatus]
[2026-08-24 21:07:53.463642][UC][I] [QUERY_PERF] component=ucm layer=hixl_transport handle=8 request=0x1 lifecycle_lock_us=0 pending_lock_wait_us=0 pending_lookup_us=0 instance_us=37 erase_us=0 total_us=37 transfer_status=0 [28603,28616][hixl_transport.cpp:734,GetStatus]
[2026-08-24 21:07:53.463655][UC][I] [QUERY_PERF] component=ucm layer=transport_manager handle=8 transport_handle=8 transfers_lock_wait_us=0 lookup_us=0 transport_us=51 total_us=51 api_status=0 transfer_status=0 [28603,28616][transport_manager.cpp:716,GetStatus]
[HIXL_QUERY_PERF] layer=comm_channel request=0x2 mutex_wait_us=0 check_us=0 lookup_us=0 flag_check_us=0 complete_us=0 total_us=0 transfer_elapsed_us=681 transfer_bytes=7962624 op_desc_count=108 transfer_status=0
[HIXL_QUERY_PERF] layer=adxl_inner request=0x2 context_us=0 req_lock_wait_us=0 lookup_us=1 channel_us=6 cleanup_us=0 total_us=7 status=0 transfer_status=0
[HIXL_QUERY_PERF] layer=comm_engine request=0x2 total_us=17 status=0 transfer_status=0
[2026-08-24 21:07:53.463693][UC][I] [HIXL_WORKER_PERF] task_id=103 queue_depth=1 enqueue_lock_wait_us=0 enqueue_us=0 queue_wait_us=4 execute_us=22 result_post_us=5 total_us=31 status=0 [28603,28616][hixl_instance.cpp:107,Run]
[2026-08-24 21:07:53.463702][UC][I] [QUERY_PERF] component=ucm layer=hixl_instance request=0x2 queue_wait_us=5 backend_us=22 run_post_us=13 total_us=40 api_status=0 transfer_status=0 [28603,28616][hixl_instance.cpp:370,GetTransferStatus]
[2026-08-24 21:07:53.463708][UC][I] [QUERY_PERF] component=ucm layer=hixl_transport handle=9 request=0x2 lifecycle_lock_us=0 pending_lock_wait_us=0 pending_lookup_us=0 instance_us=47 erase_us=0 total_us=47 transfer_status=0 [28603,28616][hixl_transport.cpp:734,GetStatus]
[2026-08-24 21:07:53.463716][UC][I] [QUERY_PERF] component=ucm layer=transport_manager handle=9 transport_handle=9 transfers_lock_wait_us=0 lookup_us=0 transport_us=54 total_us=54 api_status=0 transfer_status=0 [28603,28616][transport_manager.cpp:716,GetStatus]
[HIXL_QUERY_PERF] layer=comm_channel request=0x1 mutex_wait_us=0 check_us=0 lookup_us=0 flag_check_us=0 complete_us=0 total_us=0 transfer_elapsed_us=2529 transfer_bytes=7962624 op_desc_count=108 transfer_status=0
[HIXL_QUERY_PERF] layer=adxl_inner request=0x1 context_us=1 req_lock_wait_us=0 lookup_us=0 channel_us=6 cleanup_us=0 total_us=7 status=0 transfer_status=0
[HIXL_QUERY_PERF] layer=comm_engine request=0x1 total_us=13 status=0 transfer_status=0
[2026-08-24 21:07:53.463749][UC][I] [HIXL_WORKER_PERF] task_id=104 queue_depth=1 enqueue_lock_wait_us=0 enqueue_us=0 queue_wait_us=5 execute_us=17 result_post_us=4 total_us=26 status=0 [28603,28616][hixl_instance.cpp:107,Run]
[2026-08-24 21:07:53.463758][UC][I] [QUERY_PERF] component=ucm layer=hixl_instance request=0x1 queue_wait_us=5 backend_us=17 run_post_us=14 total_us=36 api_status=0 transfer_status=0 [28603,28616][hixl_instance.cpp:370,GetTransferStatus]
[2026-08-24 21:07:53.463764][UC][I] [QUERY_PERF] component=ucm layer=hixl_transport handle=8 request=0x1 lifecycle_lock_us=0 pending_lock_wait_us=0 pending_lookup_us=1 instance_us=42 erase_us=0 total_us=43 transfer_status=0 [28603,28616][hixl_transport.cpp:734,GetStatus]
[2026-08-24 21:07:53.463771][UC][I] [QUERY_PERF] component=ucm layer=transport_manager handle=8 transport_handle=8 transfers_lock_wait_us=0 lookup_us=0 transport_us=50 total_us=50 api_status=0 transfer_status=0 [28603,28616][transport_manager.cpp:716,GetStatus]
[HIXL_QUERY_PERF] layer=comm_channel request=0x2 mutex_wait_us=0 check_us=0 lookup_us=0 flag_check_us=0 complete_us=0 total_us=0 transfer_elapsed_us=796 transfer_bytes=7962624 op_desc_count=108 transfer_status=0
[HIXL_QUERY_PERF] layer=adxl_inner request=0x2 context_us=0 req_lock_wait_us=0 lookup_us=1 channel_us=6 cleanup_us=0 total_us=7 status=0 transfer_status=0
[HIXL_QUERY_PERF] layer=comm_engine request=0x2 total_us=14 status=0 transfer_status=0
[2026-08-24 21:07:53.463805][UC][I] [HIXL_WORKER_PERF] task_id=105 queue_depth=1 enqueue_lock_wait_us=0 enqueue_us=0 queue_wait_us=4 execute_us=20 result_post_us=4 total_us=28 status=0 [28603,28616][hixl_instance.cpp:107,Run]
[2026-08-24 21:07:53.463815][UC][I] [QUERY_PERF] component=ucm layer=hixl_instance request=0x2 queue_wait_us=5 backend_us=19 run_post_us=13 total_us=37 api_status=0 transfer_status=0 [28603,28616][hixl_instance.cpp:370,GetTransferStatus]
[2026-08-24 21:07:53.463821][UC][I] [QUERY_PERF] component=ucm layer=hixl_transport handle=9 request=0x2 lifecycle_lock_us=0 pending_lock_wait_us=0 pending_lookup_us=0 instance_us=45 erase_us=0 total_us=45 transfer_status=0 [28603,28616][hixl_transport.cpp:734,GetStatus]
[2026-08-24 21:07:53.463826][UC][I] [QUERY_PERF] component=ucm layer=transport_manager handle=9 transport_handle=9 transfers_lock_wait_us=0 lookup_us=0 transport_us=50 total_us=50 api_status=0 transfer_status=0 [28603,28616][transport_manager.cpp:716,GetStatus]
[HIXL_QUERY_PERF] layer=comm_channel request=0x1 mutex_wait_us=0 check_us=0 lookup_us=0 flag_check_us=0 complete_us=0 total_us=0 transfer_elapsed_us=2640 transfer_bytes=7962624 op_desc_count=108 transfer_status=0
[HIXL_QUERY_PERF] layer=adxl_inner request=0x1 context_us=0 req_lock_wait_us=0 lookup_us=0 channel_us=13 cleanup_us=0 total_us=13 status=0 transfer_status=0
[HIXL_QUERY_PERF] layer=comm_engine request=0x1 total_us=17 status=0 transfer_status=0
[2026-08-24 21:07:53.463873][UC][I] [HIXL_WORKER_PERF] task_id=106 queue_depth=1 enqueue_lock_wait_us=1 enqueue_us=0 queue_wait_us=4 execute_us=21 result_post_us=4 total_us=30 status=0 [28603,28616][hixl_instance.cpp:107,Run]
[2026-08-24 21:07:53.463886][UC][I] [QUERY_PERF] component=ucm layer=hixl_instance request=0x1 queue_wait_us=5 backend_us=20 run_post_us=27 total_us=52 api_status=0 transfer_status=0 [28603,28616][hixl_instance.cpp:370,GetTransferStatus]
[2026-08-24 21:07:53.463891][UC][I] [QUERY_PERF] component=ucm layer=hixl_transport handle=8 request=0x1 lifecycle_lock_us=0 pending_lock_wait_us=0 pending_lookup_us=0 instance_us=58 erase_us=0 total_us=58 transfer_status=0 [28603,28616][hixl_transport.cpp:734,GetStatus]
[2026-08-24 21:07:53.463897][UC][I] [QUERY_PERF] component=ucm layer=transport_manager handle=8 transport_handle=8 transfers_lock_wait_us=0 lookup_us=0 transport_us=64 total_us=64 api_status=0 transfer_status=0 [28603,28616][transport_manager.cpp:716,GetStatus]
[HIXL_QUERY_PERF] layer=comm_channel request=0x2 mutex_wait_us=0 check_us=0 lookup_us=0 flag_check_us=0 complete_us=0 total_us=0 transfer_elapsed_us=931 transfer_bytes=7962624 op_desc_count=108 transfer_status=0
[HIXL_QUERY_PERF] layer=adxl_inner request=0x2 context_us=0 req_lock_wait_us=0 lookup_us=1 channel_us=7 cleanup_us=0 total_us=8 status=0 transfer_status=0
[HIXL_QUERY_PERF] layer=comm_engine request=0x2 total_us=13 status=0 transfer_status=0
[2026-08-24 21:07:53.463938][UC][I] [HIXL_WORKER_PERF] task_id=107 queue_depth=1 enqueue_lock_wait_us=0 enqueue_us=1 queue_wait_us=5 execute_us=15 result_post_us=5 total_us=26 status=0 [28603,28616][hixl_instance.cpp:107,Run]
[2026-08-24 21:07:53.463948][UC][I] [QUERY_PERF] component=ucm layer=hixl_instance request=0x2 queue_wait_us=6 backend_us=15 run_post_us=15 total_us=36 api_status=0 transfer_status=0 [28603,28616][hixl_instance.cpp:370,GetTransferStatus]
[2026-08-24 21:07:53.463953][UC][I] [QUERY_PERF] component=ucm layer=hixl_transport handle=9 request=0x2 lifecycle_lock_us=0 pending_lock_wait_us=0 pending_lookup_us=0 instance_us=42 erase_us=0 total_us=42 transfer_status=0 [28603,28616][hixl_transport.cpp:734,GetStatus]
[2026-08-24 21:07:53.463959][UC][I] [QUERY_PERF] component=ucm layer=transport_manager handle=9 transport_handle=9 transfers_lock_wait_us=1 lookup_us=0 transport_us=48 total_us=49 api_status=0 transfer_status=0 [28603,28616][transport_manager.cpp:716,GetStatus]
[HIXL_QUERY_PERF] layer=comm_channel request=0x1 mutex_wait_us=0 check_us=0 lookup_us=1 flag_check_us=0 complete_us=0 total_us=1 transfer_elapsed_us=2772 transfer_bytes=7962624 op_desc_count=108 transfer_status=0
[HIXL_QUERY_PERF] layer=adxl_inner request=0x1 context_us=1 req_lock_wait_us=0 lookup_us=0 channel_us=7 cleanup_us=0 total_us=8 status=0 transfer_status=0
[HIXL_QUERY_PERF] layer=comm_engine request=0x1 total_us=14 status=0 transfer_status=0
[2026-08-24 21:07:53.463994][UC][I] [HIXL_WORKER_PERF] task_id=108 queue_depth=1 enqueue_lock_wait_us=0 enqueue_us=1 queue_wait_us=4 execute_us=19 result_post_us=5 total_us=29 status=0 [28603,28616][hixl_instance.cpp:107,Run]
[2026-08-24 21:07:53.464002][UC][I] [QUERY_PERF] component=ucm layer=hixl_instance request=0x1 queue_wait_us=5 backend_us=19 run_post_us=13 total_us=37 api_status=0 transfer_status=0 [28603,28616][hixl_instance.cpp:370,GetTransferStatus]
[2026-08-24 21:07:53.464008][UC][I] [QUERY_PERF] component=ucm layer=hixl_transport handle=8 request=0x1 lifecycle_lock_us=0 pending_lock_wait_us=0 pending_lookup_us=0 instance_us=43 erase_us=0 total_us=43 transfer_status=0 [28603,28616][hixl_transport.cpp:734,GetStatus]
[2026-08-24 21:07:53.464014][UC][I] [QUERY_PERF] component=ucm layer=transport_manager handle=8 transport_handle=8 transfers_lock_wait_us=0 lookup_us=0 transport_us=48 total_us=48 api_status=0 transfer_status=0 [28603,28616][transport_manager.cpp:716,GetStatus]
[HIXL_QUERY_PERF] layer=comm_channel request=0x2 mutex_wait_us=0 check_us=0 lookup_us=0 flag_check_us=0 complete_us=0 total_us=0 transfer_elapsed_us=1042 transfer_bytes=7962624 op_desc_count=108 transfer_status=0
[HIXL_QUERY_PERF] layer=adxl_inner request=0x2 context_us=0 req_lock_wait_us=0 lookup_us=1 channel_us=8 cleanup_us=0 total_us=9 status=0 transfer_status=0
[HIXL_QUERY_PERF] layer=comm_engine request=0x2 total_us=13 status=0 transfer_status=0
[2026-08-24 21:07:53.464050][UC][I] [HIXL_WORKER_PERF] task_id=109 queue_depth=1 enqueue_lock_wait_us=0 enqueue_us=0 queue_wait_us=5 execute_us=18 result_post_us=4 total_us=27 status=0 [28603,28616][hixl_instance.cpp:107,Run]
[2026-08-24 21:07:53.464060][UC][I] [QUERY_PERF] component=ucm layer=hixl_instance request=0x2 queue_wait_us=5 backend_us=17 run_post_us=15 total_us=37 api_status=0 transfer_status=0 [28603,28616][hixl_instance.cpp:370,GetTransferStatus]
[2026-08-24 21:07:53.464065][UC][I] [QUERY_PERF] component=ucm layer=hixl_transport handle=9 request=0x2 lifecycle_lock_us=0 pending_lock_wait_us=0 pending_lookup_us=0 instance_us=43 erase_us=0 total_us=43 transfer_status=0 [28603,28616][hixl_transport.cpp:734,GetStatus]
[2026-08-24 21:07:53.464071][UC][I] [QUERY_PERF] component=ucm layer=transport_manager handle=9 transport_handle=9 transfers_lock_wait_us=0 lookup_us=0 transport_us=49 total_us=49 api_status=0 transfer_status=0 [28603,28616][transport_manager.cpp:716,GetStatus]
[HIXL_QUERY_PERF] layer=comm_channel request=0x1 mutex_wait_us=0 check_us=0 lookup_us=0 flag_check_us=0 complete_us=0 total_us=0 transfer_elapsed_us=2884 transfer_bytes=7962624 op_desc_count=108 transfer_status=0
[HIXL_QUERY_PERF] layer=adxl_inner request=0x1 context_us=0 req_lock_wait_us=0 lookup_us=0 channel_us=7 cleanup_us=0 total_us=7 status=0 transfer_status=0
[HIXL_QUERY_PERF] layer=comm_engine request=0x1 total_us=13 status=0 transfer_status=0
[2026-08-24 21:07:53.464106][UC][I] [HIXL_WORKER_PERF] task_id=110 queue_depth=1 enqueue_lock_wait_us=1 enqueue_us=0 queue_wait_us=4 execute_us=20 result_post_us=4 total_us=29 status=0 [28603,28616][hixl_instance.cpp:107,Run]
[2026-08-24 21:07:53.464114][UC][I] [QUERY_PERF] component=ucm layer=hixl_instance request=0x1 queue_wait_us=5 backend_us=19 run_post_us=13 total_us=37 api_status=0 transfer_status=0 [28603,28616][hixl_instance.cpp:370,GetTransferStatus]
[2026-08-24 21:07:53.464121][UC][I] [QUERY_PERF] component=ucm layer=hixl_transport handle=8 request=0x1 lifecycle_lock_us=0 pending_lock_wait_us=0 pending_lookup_us=0 instance_us=44 erase_us=0 total_us=44 transfer_status=0 [28603,28616][hixl_transport.cpp:734,GetStatus]
[2026-08-24 21:07:53.464125][UC][I] [QUERY_PERF] component=ucm layer=transport_manager handle=8 transport_handle=8 transfers_lock_wait_us=0 lookup_us=0 transport_us=48 total_us=48 api_status=0 transfer_status=0 [28603,28616][transport_manager.cpp:716,GetStatus]
[HIXL_QUERY_PERF] layer=comm_channel request=0x2 mutex_wait_us=0 check_us=0 lookup_us=0 flag_check_us=0 complete_us=0 total_us=0 transfer_elapsed_us=1157 transfer_bytes=7962624 op_desc_count=108 transfer_status=0
[HIXL_QUERY_PERF] layer=adxl_inner request=0x2 context_us=0 req_lock_wait_us=0 lookup_us=1 channel_us=5 cleanup_us=0 total_us=6 status=0 transfer_status=0
[HIXL_QUERY_PERF] layer=comm_engine request=0x2 total_us=11 status=0 transfer_status=0
[2026-08-24 21:07:53.464164][UC][I] [HIXL_WORKER_PERF] task_id=111 queue_depth=1 enqueue_lock_wait_us=0 enqueue_us=0 queue_wait_us=4 execute_us=17 result_post_us=4 total_us=25 status=0 [28603,28616][hixl_instance.cpp:107,Run]
[2026-08-24 21:07:53.464170][UC][I] [QUERY_PERF] component=ucm layer=hixl_instance request=0x2 queue_wait_us=6 backend_us=16 run_post_us=11 total_us=33 api_status=0 transfer_status=0 [28603,28616][hixl_instance.cpp:370,GetTransferStatus]
[2026-08-24 21:07:53.464175][UC][I] [QUERY_PERF] component=ucm layer=hixl_transport handle=9 request=0x2 lifecycle_lock_us=0 pending_lock_wait_us=0 pending_lookup_us=0 instance_us=38 erase_us=0 total_us=38 transfer_status=0 [28603,28616][hixl_transport.cpp:734,GetStatus]
[2026-08-24 21:07:53.464182][UC][I] [QUERY_PERF] component=ucm layer=transport_manager handle=9 transport_handle=9 transfers_lock_wait_us=0 lookup_us=0 transport_us=45 total_us=45 api_status=0 transfer_status=0 [28603,28616][transport_manager.cpp:716,GetStatus]
[HIXL_QUERY_PERF] layer=comm_channel request=0x1 mutex_wait_us=0 check_us=0 lookup_us=0 flag_check_us=0 complete_us=0 total_us=0 transfer_elapsed_us=2997 transfer_bytes=7962624 op_desc_count=108 transfer_status=0
[HIXL_QUERY_PERF] layer=adxl_inner request=0x1 context_us=1 req_lock_wait_us=0 lookup_us=0 channel_us=9 cleanup_us=0 total_us=10 status=0 transfer_status=0
[HIXL_QUERY_PERF] layer=comm_engine request=0x1 total_us=14 status=0 transfer_status=0
[2026-08-24 21:07:53.464215][UC][I] [HIXL_WORKER_PERF] task_id=112 queue_depth=1 enqueue_lock_wait_us=0 enqueue_us=0 queue_wait_us=5 execute_us=16 result_post_us=4 total_us=25 status=0 [28603,28616][hixl_instance.cpp:107,Run]
[2026-08-24 21:07:53.464222][UC][I] [QUERY_PERF] component=ucm layer=hixl_instance request=0x1 queue_wait_us=5 backend_us=15 run_post_us=11 total_us=31 api_status=0 transfer_status=0 [28603,28616][hixl_instance.cpp:370,GetTransferStatus]
[2026-08-24 21:07:53.464228][UC][I] [QUERY_PERF] component=ucm layer=hixl_transport handle=8 request=0x1 lifecycle_lock_us=0 pending_lock_wait_us=0 pending_lookup_us=0 instance_us=38 erase_us=0 total_us=38 transfer_status=0 [28603,28616][hixl_transport.cpp:734,GetStatus]
[2026-08-24 21:07:53.464234][UC][I] [QUERY_PERF] component=ucm layer=transport_manager handle=8 transport_handle=8 transfers_lock_wait_us=0 lookup_us=0 transport_us=44 total_us=44 api_status=0 transfer_status=0 [28603,28616][transport_manager.cpp:716,GetStatus]
[HIXL_QUERY_PERF] layer=comm_channel request=0x2 mutex_wait_us=0 check_us=0 lookup_us=0 flag_check_us=0 complete_us=0 total_us=1 transfer_elapsed_us=1258 transfer_bytes=7962624 op_desc_count=108 transfer_status=0
[HIXL_QUERY_PERF] layer=adxl_inner request=0x2 context_us=1 req_lock_wait_us=0 lookup_us=0 channel_us=6 cleanup_us=0 total_us=7 status=0 transfer_status=0
[HIXL_QUERY_PERF] layer=comm_engine request=0x2 total_us=11 status=0 transfer_status=0
[2026-08-24 21:07:53.464263][UC][I] [HIXL_WORKER_PERF] task_id=113 queue_depth=1 enqueue_lock_wait_us=0 enqueue_us=1 queue_wait_us=4 execute_us=15 result_post_us=4 total_us=24 status=0 [28603,28616][hixl_instance.cpp:107,Run]
[2026-08-24 21:07:53.464270][UC][I] [QUERY_PERF] component=ucm layer=hixl_instance request=0x2 queue_wait_us=5 backend_us=15 run_post_us=12 total_us=32 api_status=0 transfer_status=0 [28603,28616][hixl_instance.cpp:370,GetTransferStatus]
[2026-08-24 21:07:53.464275][UC][I] [QUERY_PERF] component=ucm layer=hixl_transport handle=9 request=0x2 lifecycle_lock_us=0 pending_lock_wait_us=0 pending_lookup_us=0 instance_us=37 erase_us=0 total_us=37 transfer_status=0 [28603,28616][hixl_transport.cpp:734,GetStatus]
[2026-08-24 21:07:53.464282][UC][I] [QUERY_PERF] component=ucm layer=transport_manager handle=9 transport_handle=9 transfers_lock_wait_us=0 lookup_us=0 transport_us=44 total_us=44 api_status=0 transfer_status=0 [28603,28616][transport_manager.cpp:716,GetStatus]
[HIXL_QUERY_PERF] layer=comm_channel request=0x1 mutex_wait_us=0 check_us=0 lookup_us=0 flag_check_us=0 complete_us=0 total_us=0 transfer_elapsed_us=3094 transfer_bytes=7962624 op_desc_count=108 transfer_status=0
[HIXL_QUERY_PERF] layer=adxl_inner request=0x1 context_us=1 req_lock_wait_us=0 lookup_us=0 channel_us=7 cleanup_us=0 total_us=8 status=0 transfer_status=0
[HIXL_QUERY_PERF] layer=comm_engine request=0x1 total_us=12 status=0 transfer_status=0
[2026-08-24 21:07:53.464315][UC][I] [HIXL_WORKER_PERF] task_id=114 queue_depth=1 enqueue_lock_wait_us=0 enqueue_us=0 queue_wait_us=5 execute_us=17 result_post_us=4 total_us=26 status=0 [28603,28616][hixl_instance.cpp:107,Run]
[2026-08-24 21:07:53.464322][UC][I] [QUERY_PERF] component=ucm layer=hixl_instance request=0x1 queue_wait_us=5 backend_us=17 run_post_us=11 total_us=33 api_status=0 transfer_status=0 [28603,28616][hixl_instance.cpp:370,GetTransferStatus]
[2026-08-24 21:07:53.464337][UC][I] [QUERY_PERF] component=ucm layer=hixl_transport handle=8 request=0x1 lifecycle_lock_us=0 pending_lock_wait_us=0 pending_lookup_us=0 instance_us=49 erase_us=0 total_us=49 transfer_status=0 [28603,28616][hixl_transport.cpp:734,GetStatus]
[2026-08-24 21:07:53.464343][UC][I] [QUERY_PERF] component=ucm layer=transport_manager handle=8 transport_handle=8 transfers_lock_wait_us=1 lookup_us=0 transport_us=54 total_us=55 api_status=0 transfer_status=0 [28603,28616][transport_manager.cpp:716,GetStatus]
[HIXL_QUERY_PERF] layer=comm_channel request=0x2 mutex_wait_us=0 check_us=0 lookup_us=0 flag_check_us=0 complete_us=0 total_us=0 transfer_elapsed_us=1365 transfer_bytes=7962624 op_desc_count=108 transfer_status=0
[HIXL_QUERY_PERF] layer=adxl_inner request=0x2 context_us=0 req_lock_wait_us=0 lookup_us=1 channel_us=4 cleanup_us=0 total_us=5 status=0 transfer_status=0
[HIXL_QUERY_PERF] layer=comm_engine request=0x2 total_us=7 status=0 transfer_status=0
[2026-08-24 21:07:53.464365][UC][I] [HIXL_WORKER_PERF] task_id=115 queue_depth=1 enqueue_lock_wait_us=0 enqueue_us=0 queue_wait_us=5 execute_us=9 result_post_us=4 total_us=18 status=0 [28603,28616][hixl_instance.cpp:107,Run]
[2026-08-24 21:07:53.464375][UC][I] [QUERY_PERF] component=ucm layer=hixl_instance request=0x2 queue_wait_us=5 backend_us=9 run_post_us=15 total_us=29 api_status=0 transfer_status=0 [28603,28616][hixl_instance.cpp:370,GetTransferStatus]
[2026-08-24 21:07:53.464378][UC][I] [QUERY_PERF] component=ucm layer=hixl_transport handle=9 request=0x2 lifecycle_lock_us=1 pending_lock_wait_us=0 pending_lookup_us=0 instance_us=32 erase_us=0 total_us=33 transfer_status=0 [28603,28616][hixl_transport.cpp:734,GetStatus]
[2026-08-24 21:07:53.464381][UC][I] [QUERY_PERF] component=ucm layer=transport_manager handle=9 transport_handle=9 transfers_lock_wait_us=0 lookup_us=0 transport_us=36 total_us=36 api_status=0 transfer_status=0 [28603,28616][transport_manager.cpp:716,GetStatus]
[HIXL_QUERY_PERF] layer=comm_channel request=0x1 mutex_wait_us=0 check_us=0 lookup_us=0 flag_check_us=0 complete_us=0 total_us=0 transfer_elapsed_us=3192 transfer_bytes=7962624 op_desc_count=108 transfer_status=0
[HIXL_QUERY_PERF] layer=adxl_inner request=0x1 context_us=1 req_lock_wait_us=0 lookup_us=0 channel_us=4 cleanup_us=0 total_us=5 status=0 transfer_status=0
[HIXL_QUERY_PERF] layer=comm_engine request=0x1 total_us=7 status=0 transfer_status=0
[2026-08-24 21:07:53.464404][UC][I] [HIXL_WORKER_PERF] task_id=116 queue_depth=1 enqueue_lock_wait_us=1 enqueue_us=0 queue_wait_us=5 execute_us=9 result_post_us=5 total_us=20 status=0 [28603,28616][hixl_instance.cpp:107,Run]
[2026-08-24 21:07:53.464411][UC][I] [QUERY_PERF] component=ucm layer=hixl_instance request=0x1 queue_wait_us=6 backend_us=9 run_post_us=12 total_us=27 api_status=0 transfer_status=0 [28603,28616][hixl_instance.cpp:370,GetTransferStatus]
[2026-08-24 21:07:53.464415][UC][I] [QUERY_PERF] component=ucm layer=hixl_transport handle=8 request=0x1 lifecycle_lock_us=0 pending_lock_wait_us=0 pending_lookup_us=0 instance_us=31 erase_us=0 total_us=31 transfer_status=0 [28603,28616][hixl_transport.cpp:734,GetStatus]
[2026-08-24 21:07:53.464420][UC][I] [QUERY_PERF] component=ucm layer=transport_manager handle=8 transport_handle=8 transfers_lock_wait_us=0 lookup_us=0 transport_us=35 total_us=35 api_status=0 transfer_status=0 [28603,28616][transport_manager.cpp:716,GetStatus]
[HIXL_QUERY_PERF] layer=comm_channel request=0x2 mutex_wait_us=0 check_us=1 lookup_us=0 flag_check_us=0 complete_us=0 total_us=1 transfer_elapsed_us=1443 transfer_bytes=7962624 op_desc_count=108 transfer_status=0
[HIXL_QUERY_PERF] layer=adxl_inner request=0x2 context_us=0 req_lock_wait_us=0 lookup_us=0 channel_us=4 cleanup_us=0 total_us=4 status=0 transfer_status=0
[HIXL_QUERY_PERF] layer=comm_engine request=0x2 total_us=7 status=0 transfer_status=0
[2026-08-24 21:07:53.464441][UC][I] [HIXL_WORKER_PERF] task_id=117 queue_depth=1 enqueue_lock_wait_us=0 enqueue_us=0 queue_wait_us=5 execute_us=8 result_post_us=5 total_us=18 status=0 [28603,28616][hixl_instance.cpp:107,Run]
[2026-08-24 21:07:53.464448][UC][I] [QUERY_PERF] component=ucm layer=hixl_instance request=0x2 queue_wait_us=5 backend_us=8 run_post_us=11 total_us=24 api_status=0 transfer_status=0 [28603,28616][hixl_instance.cpp:370,GetTransferStatus]
[2026-08-24 21:07:53.464453][UC][I] [QUERY_PERF] component=ucm layer=hixl_transport handle=9 request=0x2 lifecycle_lock_us=1 pending_lock_wait_us=0 pending_lookup_us=0 instance_us=29 erase_us=0 total_us=30 transfer_status=0 [28603,28616][hixl_transport.cpp:734,GetStatus]
[2026-08-24 21:07:53.464457][UC][I] [QUERY_PERF] component=ucm layer=transport_manager handle=9 transport_handle=9 transfers_lock_wait_us=0 lookup_us=0 transport_us=34 total_us=34 api_status=0 transfer_status=0 [28603,28616][transport_manager.cpp:716,GetStatus]
[HIXL_QUERY_PERF] layer=comm_channel request=0x1 mutex_wait_us=0 check_us=0 lookup_us=0 flag_check_us=0 complete_us=0 total_us=0 transfer_elapsed_us=3269 transfer_bytes=7962624 op_desc_count=108 transfer_status=0
[HIXL_QUERY_PERF] layer=adxl_inner request=0x1 context_us=1 req_lock_wait_us=0 lookup_us=0 channel_us=6 cleanup_us=0 total_us=7 status=0 transfer_status=0
[HIXL_QUERY_PERF] layer=comm_engine request=0x1 total_us=10 status=0 transfer_status=0
[2026-08-24 21:07:53.464485][UC][I] [HIXL_WORKER_PERF] task_id=118 queue_depth=1 enqueue_lock_wait_us=0 enqueue_us=0 queue_wait_us=5 execute_us=13 result_post_us=5 total_us=23 status=0 [28603,28616][hixl_instance.cpp:107,Run]
[2026-08-24 21:07:53.464490][UC][I] [QUERY_PERF] component=ucm layer=hixl_instance request=0x1 queue_wait_us=5 backend_us=13 run_post_us=9 total_us=27 api_status=0 transfer_status=0 [28603,28616][hixl_instance.cpp:370,GetTransferStatus]
[2026-08-24 21:07:53.464494][UC][I] [QUERY_PERF] component=ucm layer=hixl_transport handle=8 request=0x1 lifecycle_lock_us=0 pending_lock_wait_us=0 pending_lookup_us=0 instance_us=31 erase_us=0 total_us=31 transfer_status=0 [28603,28616][hixl_transport.cpp:734,GetStatus]
[2026-08-24 21:07:53.464498][UC][I] [QUERY_PERF] component=ucm layer=transport_manager handle=8 transport_handle=8 transfers_lock_wait_us=1 lookup_us=0 transport_us=36 total_us=37 api_status=0 transfer_status=0 [28603,28616][transport_manager.cpp:716,GetStatus]
[HIXL_QUERY_PERF] layer=comm_channel request=0x2 mutex_wait_us=0 check_us=0 lookup_us=1 flag_check_us=0 complete_us=0 total_us=1 transfer_elapsed_us=1523 transfer_bytes=7962624 op_desc_count=108 transfer_status=0
[HIXL_QUERY_PERF] layer=adxl_inner request=0x2 context_us=1 req_lock_wait_us=0 lookup_us=0 channel_us=5 cleanup_us=0 total_us=6 status=0 transfer_status=0
[HIXL_QUERY_PERF] layer=comm_engine request=0x2 total_us=11 status=0 transfer_status=0
[2026-08-24 21:07:53.464526][UC][I] [HIXL_WORKER_PERF] task_id=119 queue_depth=1 enqueue_lock_wait_us=0 enqueue_us=0 queue_wait_us=5 execute_us=13 result_post_us=5 total_us=23 status=0 [28603,28616][hixl_instance.cpp:107,Run]
[2026-08-24 21:07:53.464536][UC][I] [QUERY_PERF] component=ucm layer=hixl_instance request=0x2 queue_wait_us=5 backend_us=13 run_post_us=15 total_us=33 api_status=0 transfer_status=0 [28603,28616][hixl_instance.cpp:370,GetTransferStatus]
[2026-08-24 21:07:53.464540][UC][I] [QUERY_PERF] component=ucm layer=hixl_transport handle=9 request=0x2 lifecycle_lock_us=1 pending_lock_wait_us=0 pending_lookup_us=0 instance_us=36 erase_us=0 total_us=37 transfer_status=0 [28603,28616][hixl_transport.cpp:734,GetStatus]
[2026-08-24 21:07:53.464543][UC][I] [QUERY_PERF] component=ucm layer=transport_manager handle=9 transport_handle=9 transfers_lock_wait_us=0 lookup_us=0 transport_us=40 total_us=40 api_status=0 transfer_status=0 [28603,28616][transport_manager.cpp:716,GetStatus]
[HIXL_QUERY_PERF] layer=comm_channel request=0x1 mutex_wait_us=0 check_us=0 lookup_us=0 flag_check_us=0 complete_us=0 total_us=0 transfer_elapsed_us=3352 transfer_bytes=7962624 op_desc_count=108 transfer_status=0
[HIXL_QUERY_PERF] layer=adxl_inner request=0x1 context_us=0 req_lock_wait_us=0 lookup_us=1 channel_us=7 cleanup_us=0 total_us=8 status=0 transfer_status=0
[HIXL_QUERY_PERF] layer=comm_engine request=0x1 total_us=12 status=0 transfer_status=0
[2026-08-24 21:07:53.464569][UC][I] [HIXL_WORKER_PERF] task_id=120 queue_depth=1 enqueue_lock_wait_us=0 enqueue_us=0 queue_wait_us=5 execute_us=13 result_post_us=4 total_us=22 status=0 [28603,28616][hixl_instance.cpp:107,Run]
[2026-08-24 21:07:53.464573][UC][I] [QUERY_PERF] component=ucm layer=hixl_instance request=0x1 queue_wait_us=5 backend_us=13 run_post_us=9 total_us=27 api_status=0 transfer_status=0 [28603,28616][hixl_instance.cpp:370,GetTransferStatus]
[2026-08-24 21:07:53.464578][UC][I] [QUERY_PERF] component=ucm layer=hixl_transport handle=8 request=0x1 lifecycle_lock_us=0 pending_lock_wait_us=0 pending_lookup_us=1 instance_us=32 erase_us=0 total_us=33 transfer_status=0 [28603,28616][hixl_transport.cpp:734,GetStatus]
[2026-08-24 21:07:53.464584][UC][I] [QUERY_PERF] component=ucm layer=transport_manager handle=8 transport_handle=8 transfers_lock_wait_us=0 lookup_us=0 transport_us=39 total_us=39 api_status=0 transfer_status=0 [28603,28616][transport_manager.cpp:716,GetStatus]
[HIXL_QUERY_PERF] layer=comm_channel request=0x2 mutex_wait_us=0 check_us=0 lookup_us=0 flag_check_us=0 complete_us=0 total_us=0 transfer_elapsed_us=1608 transfer_bytes=7962624 op_desc_count=108 transfer_status=0
[HIXL_QUERY_PERF] layer=adxl_inner request=0x2 context_us=0 req_lock_wait_us=0 lookup_us=0 channel_us=6 cleanup_us=0 total_us=6 status=0 transfer_status=0
[HIXL_QUERY_PERF] layer=comm_engine request=0x2 total_us=9 status=0 transfer_status=0
[2026-08-24 21:07:53.464610][UC][I] [HIXL_WORKER_PERF] task_id=121 queue_depth=1 enqueue_lock_wait_us=0 enqueue_us=1 queue_wait_us=4 execute_us=12 result_post_us=4 total_us=21 status=0 [28603,28616][hixl_instance.cpp:107,Run]
[2026-08-24 21:07:53.464614][UC][I] [QUERY_PERF] component=ucm layer=hixl_instance request=0x2 queue_wait_us=5 backend_us=12 run_post_us=9 total_us=26 api_status=0 transfer_status=0 [28603,28616][hixl_instance.cpp:370,GetTransferStatus]
[2026-08-24 21:07:53.464618][UC][I] [QUERY_PERF] component=ucm layer=hixl_transport handle=9 request=0x2 lifecycle_lock_us=0 pending_lock_wait_us=0 pending_lookup_us=0 instance_us=30 erase_us=0 total_us=30 transfer_status=0 [28603,28616][hixl_transport.cpp:734,GetStatus]
[2026-08-24 21:07:53.464623][UC][I] [QUERY_PERF] component=ucm layer=transport_manager handle=9 transport_handle=9 transfers_lock_wait_us=0 lookup_us=0 transport_us=35 total_us=35 api_status=0 transfer_status=0 [28603,28616][transport_manager.cpp:716,GetStatus]
[HIXL_QUERY_PERF] layer=comm_channel request=0x1 mutex_wait_us=0 check_us=0 lookup_us=0 flag_check_us=0 complete_us=3 total_us=3 transfer_elapsed_us=3435 transfer_bytes=7962624 op_desc_count=108 transfer_status=1
[HIXL_QUERY_PERF] layer=adxl_inner request=0x1 context_us=0 req_lock_wait_us=0 lookup_us=1 channel_us=8 cleanup_us=0 total_us=9 status=0 transfer_status=1
[HIXL_QUERY_PERF] layer=comm_engine request=0x1 total_us=14 status=0 transfer_status=1
[2026-08-24 21:07:53.464654][UC][I] [HIXL_WORKER_PERF] task_id=122 queue_depth=1 enqueue_lock_wait_us=1 enqueue_us=0 queue_wait_us=4 execute_us=16 result_post_us=5 total_us=26 status=0 [28603,28616][hixl_instance.cpp:107,Run]
[2026-08-24 21:07:53.464660][UC][I] [QUERY_PERF] component=ucm layer=hixl_instance request=0x1 queue_wait_us=5 backend_us=16 run_post_us=10 total_us=31 api_status=0 transfer_status=1 [28603,28616][hixl_instance.cpp:370,GetTransferStatus]
[2026-08-24 21:07:53.464663][UC][I] [QUERY_PERF] component=ucm layer=hixl_transport handle=8 request=0x1 lifecycle_lock_us=0 pending_lock_wait_us=0 pending_lookup_us=0 instance_us=34 erase_us=0 total_us=34 transfer_status=1 [28603,28616][hixl_transport.cpp:734,GetStatus]
[2026-08-24 21:07:53.464666][UC][I] [QUERY_PERF] component=ucm layer=transport_manager handle=8 transport_handle=8 transfers_lock_wait_us=0 lookup_us=0 transport_us=38 total_us=38 api_status=0 transfer_status=1 [28603,28616][transport_manager.cpp:716,GetStatus]
[2026-08-24 21:07:53.464672][UC][I] [PERF] component=transport event=transfer_done manager=127.0.0.1:8000 target=127.0.0.1:4502 handle=8 transport_handle=8 opcode=1 direct=2 segments=108 bytes=7962624 status=1 api_status=0 submitted_ts_us=1787576873462929 completed_ts_us=1787576873464670 manager_get_status_ts_us=1787576873464628 backend_query_ts_us=1787576873464633 submit_us=1767 transfer_us=1740 manager_to_backend_query_us=5 total_us=3507 [28603,28616][transport_manager.cpp:727,GetStatus]
[HIXL_PERF] event=hccl_batch op=1 desc_num=1 hccl_us=72 status=0
[HIXL_PERF] event=issue_hccl_batch op=1 list_num=1 total_us=80
[HIXL_PERF] event=issue_async_host_flag op=1 list_num=1 context_us=1 hccl_issue_us=83 flag_memcpy_us=6 total_us=90
[HIXL_PERF] event=comm_channel_async op=1 list_num=1 mutex_wait_us=0 slot_us=0 host_flag_us=0 record_us=0 issue_us=92 total_us=92
[HIXL_PERF] event=adxl_inner_async op=1 list_num=1 context_us=0 connect_us=0 get_channel_us=1 channel_async_us=95 tail_us=0 total_us=96
[HIXL_PERF] event=comm_engine_async op=1 list_num=1 desc_build_us=1 inner_us=98 total_us=99 status=0
[2026-08-24 21:07:53.464825][UC][I] [HIXL_WORKER_PERF] task_id=123 queue_depth=1 enqueue_lock_wait_us=1 enqueue_us=0 queue_wait_us=4 execute_us=104 result_post_us=5 total_us=114 status=0 [28603,28616][hixl_instance.cpp:107,Run]
[2026-08-24 21:07:53.464832][UC][I] [PERF] component=transport event=transfer_submitted manager=127.0.0.1:8000 target=127.0.0.1:4502 handle=10 transport_handle=10 opcode=1 direct=2 segments=1 bytes=63 submitted_ts_us=1787576873464831 manager_execute_async_ts_us=1787576873464708 backend_execute_async_ts_us=1787576873464716 manager_to_backend_execute_async_us=7 submit_us=122 [28603,28616][transport_manager.cpp:674,ExecuteAsync]
[HIXL_QUERY_PERF] layer=comm_channel request=0x2 mutex_wait_us=0 check_us=0 lookup_us=0 flag_check_us=0 complete_us=0 total_us=0 transfer_elapsed_us=1859 transfer_bytes=7962624 op_desc_count=108 transfer_status=0
[HIXL_QUERY_PERF] layer=adxl_inner request=0x2 context_us=1 req_lock_wait_us=0 lookup_us=0 channel_us=6 cleanup_us=0 total_us=7 status=0 transfer_status=0
[HIXL_QUERY_PERF] layer=comm_engine request=0x2 total_us=9 status=0 transfer_status=0
[2026-08-24 21:07:53.464860][UC][I] [HIXL_WORKER_PERF] task_id=124 queue_depth=1 enqueue_lock_wait_us=0 enqueue_us=0 queue_wait_us=6 execute_us=11 result_post_us=4 total_us=21 status=0 [28603,28616][hixl_instance.cpp:107,Run]
[2026-08-24 21:07:53.464865][UC][I] [QUERY_PERF] component=ucm layer=hixl_instance request=0x2 queue_wait_us=6 backend_us=11 run_post_us=10 total_us=27 api_status=0 transfer_status=0 [28603,28616][hixl_instance.cpp:370,GetTransferStatus]
[2026-08-24 21:07:53.464870][UC][I] [QUERY_PERF] component=ucm layer=hixl_transport handle=9 request=0x2 lifecycle_lock_us=0 pending_lock_wait_us=0 pending_lookup_us=0 instance_us=32 erase_us=0 total_us=32 transfer_status=0 [28603,28616][hixl_transport.cpp:734,GetStatus]
[2026-08-24 21:07:53.464873][UC][I] [QUERY_PERF] component=ucm layer=transport_manager handle=9 transport_handle=9 transfers_lock_wait_us=0 lookup_us=0 transport_us=36 total_us=36 api_status=0 transfer_status=0 [28603,28616][transport_manager.cpp:716,GetStatus]
[HIXL_QUERY_PERF] layer=comm_channel request=0x3 mutex_wait_us=1 check_us=0 lookup_us=0 flag_check_us=0 complete_us=0 total_us=1 transfer_elapsed_us=167 transfer_bytes=63 op_desc_count=1 transfer_status=0
[HIXL_QUERY_PERF] layer=adxl_inner request=0x3 context_us=1 req_lock_wait_us=0 lookup_us=0 channel_us=5 cleanup_us=0 total_us=6 status=0 transfer_status=0
[HIXL_QUERY_PERF] layer=comm_engine request=0x3 total_us=10 status=0 transfer_status=0
[2026-08-24 21:07:53.464903][UC][I] [HIXL_WORKER_PERF] task_id=125 queue_depth=1 enqueue_lock_wait_us=0 enqueue_us=0 queue_wait_us=5 execute_us=14 result_post_us=5 total_us=24 status=0 [28603,28616][hixl_instance.cpp:107,Run]
[2026-08-24 21:07:53.464909][UC][I] [QUERY_PERF] component=ucm layer=hixl_instance request=0x3 queue_wait_us=5 backend_us=14 run_post_us=11 total_us=30 api_status=0 transfer_status=0 [28603,28616][hixl_instance.cpp:370,GetTransferStatus]
[2026-08-24 21:07:53.464915][UC][I] [QUERY_PERF] component=ucm layer=hixl_transport handle=10 request=0x3 lifecycle_lock_us=0 pending_lock_wait_us=0 pending_lookup_us=0 instance_us=36 erase_us=0 total_us=36 transfer_status=0 [28603,28616][hixl_transport.cpp:734,GetStatus]
[2026-08-24 21:07:53.464918][UC][I] [QUERY_PERF] component=ucm layer=transport_manager handle=10 transport_handle=10 transfers_lock_wait_us=0 lookup_us=0 transport_us=40 total_us=40 api_status=0 transfer_status=0 [28603,28616][transport_manager.cpp:716,GetStatus]
[HIXL_QUERY_PERF] layer=comm_channel request=0x2 mutex_wait_us=0 check_us=0 lookup_us=0 flag_check_us=0 complete_us=0 total_us=0 transfer_elapsed_us=1941 transfer_bytes=7962624 op_desc_count=108 transfer_status=0
[HIXL_QUERY_PERF] layer=adxl_inner request=0x2 context_us=0 req_lock_wait_us=0 lookup_us=1 channel_us=6 cleanup_us=0 total_us=7 status=0 transfer_status=0
[HIXL_QUERY_PERF] layer=comm_engine request=0x2 total_us=10 status=0 transfer_status=0
[2026-08-24 21:07:53.464946][UC][I] [HIXL_WORKER_PERF] task_id=126 queue_depth=1 enqueue_lock_wait_us=1 enqueue_us=0 queue_wait_us=4 execute_us=15 result_post_us=5 total_us=25 status=0 [28603,28616][hixl_instance.cpp:107,Run]
[2026-08-24 21:07:53.464952][UC][I] [QUERY_PERF] component=ucm layer=hixl_instance request=0x2 queue_wait_us=5 backend_us=15 run_post_us=10 total_us=30 api_status=0 transfer_status=0 [28603,28616][hixl_instance.cpp:370,GetTransferStatus]
[2026-08-24 21:07:53.464955][UC][I] [QUERY_PERF] component=ucm layer=hixl_transport handle=9 request=0x2 lifecycle_lock_us=0 pending_lock_wait_us=0 pending_lookup_us=0 instance_us=33 erase_us=0 total_us=33 transfer_status=0 [28603,28616][hixl_transport.cpp:734,GetStatus]
[HIXL_PERF] event=hccl_batch op=1 desc_num=108 hccl_us=179 status=0
[2026-08-24 21:07:53.464957][UC][I] [QUERY_PERF] component=ucm layer=transport_manager handle=9 transport_handle=9 transfers_lock_wait_us=0 lookup_us=0 transport_us=36 total_us=36 api_status=0 transfer_status=0 [28603,28616][transport_manager.cpp:716,GetStatus]
[HIXL_PERF] event=issue_hccl_batch op=1 list_num=108 total_us=194
[HIXL_PERF] event=issue_async_host_flag op=1 list_num=108 context_us=1 hccl_issue_us=197 flag_memcpy_us=6 total_us=204
[HIXL_PERF] event=comm_channel_async op=1 list_num=108 mutex_wait_us=1 slot_us=1478 host_flag_us=5 record_us=1 issue_us=209 total_us=1694
[HIXL_PERF] event=adxl_inner_async op=1 list_num=108 context_us=1 connect_us=0 get_channel_us=0 channel_async_us=1698 tail_us=1 total_us=1700
[HIXL_PERF] event=comm_engine_async op=1 list_num=108 desc_build_us=1 inner_us=1707 total_us=1708 status=0
[HIXL_QUERY_PERF] layer=comm_channel request=0x3 mutex_wait_us=0 check_us=0 lookup_us=0 flag_check_us=0 complete_us=0 total_us=0 transfer_elapsed_us=254 transfer_bytes=63 op_desc_count=1 transfer_status=0
[HIXL_QUERY_PERF] layer=adxl_inner request=0x3 context_us=1 req_lock_wait_us=0 lookup_us=0 channel_us=29 cleanup_us=0 total_us=30 status=0 transfer_status=0
[HIXL_QUERY_PERF] layer=comm_engine request=0x3 total_us=34 status=0 transfer_status=0
[2026-08-24 21:07:53.465008][UC][I] [HIXL_WORKER_PERF] task_id=96 queue_depth=1 enqueue_lock_wait_us=1 enqueue_us=0 queue_wait_us=7 execute_us=1721 result_post_us=8 total_us=1737 status=0 [28603,28617][hixl_instance.cpp:107,Run]
[2026-08-24 21:07:53.465012][UC][I] [HIXL_WORKER_PERF] task_id=127 queue_depth=1 enqueue_lock_wait_us=0 enqueue_us=0 queue_wait_us=5 execute_us=35 result_post_us=5 total_us=45 status=0 [28603,28616][hixl_instance.cpp:107,Run]
[2026-08-24 21:07:53.465025][UC][I] [PERF] component=transport event=transfer_submitted manager=127.0.0.1:8000 target=127.0.0.1:4506 handle=11 transport_handle=11 opcode=1 direct=2 segments=108 bytes=7962624 submitted_ts_us=1787576873465023 manager_execute_async_ts_us=1787576873463268 backend_execute_async_ts_us=1787576873463280 manager_to_backend_execute_async_us=12 submit_us=1755 [28603,28617][transport_manager.cpp:674,ExecuteAsync]
[2026-08-24 21:07:53.465026][UC][I] [QUERY_PERF] component=ucm layer=hixl_instance request=0x3 queue_wait_us=5 backend_us=35 run_post_us=19 total_us=59 api_status=0 transfer_status=0 [28603,28616][hixl_instance.cpp:370,GetTransferStatus]
[2026-08-24 21:07:53.465035][UC][I] [DRAMPOOL_QUEUE_PERF] layer=request_queue request_id=2 opcode=2 peer=127.0.0.1:4506 wait_us=3873 threshold_us=400 [28603,28617][task_worker.cc:81,ProcessOneRequest]
[2026-08-24 21:07:53.465045][UC][I] [QUERY_PERF] component=ucm layer=hixl_transport handle=10 request=0x3 lifecycle_lock_us=0 pending_lock_wait_us=0 pending_lookup_us=0 instance_us=78 erase_us=0 total_us=78 transfer_status=0 [28603,28616][hixl_transport.cpp:734,GetStatus]
[2026-08-24 21:07:53.465059][UC][I] [QUERY_PERF] component=ucm layer=transport_manager handle=10 transport_handle=10 transfers_lock_wait_us=0 lookup_us=0 transport_us=94 total_us=94 api_status=0 transfer_status=0 [28603,28616][transport_manager.cpp:716,GetStatus]
[HIXL_QUERY_PERF] layer=comm_channel request=0x2 mutex_wait_us=0 check_us=0 lookup_us=0 flag_check_us=0 complete_us=1 total_us=1 transfer_elapsed_us=2084 transfer_bytes=7962624 op_desc_count=108 transfer_status=1
[HIXL_QUERY_PERF] layer=adxl_inner request=0x2 context_us=0 req_lock_wait_us=0 lookup_us=1 channel_us=7 cleanup_us=0 total_us=8 status=0 transfer_status=1
[HIXL_QUERY_PERF] layer=comm_engine request=0x2 total_us=11 status=0 transfer_status=1
[2026-08-24 21:07:53.465087][UC][I] [HIXL_WORKER_PERF] task_id=128 queue_depth=1 enqueue_lock_wait_us=0 enqueue_us=0 queue_wait_us=5 execute_us=13 result_post_us=5 total_us=23 status=0 [28603,28616][hixl_instance.cpp:107,Run]
[2026-08-24 21:07:53.465092][UC][I] [QUERY_PERF] component=ucm layer=hixl_instance request=0x2 queue_wait_us=5 backend_us=13 run_post_us=9 total_us=27 api_status=0 transfer_status=1 [28603,28616][hixl_instance.cpp:370,GetTransferStatus]
[2026-08-24 21:07:53.465096][UC][I] [QUERY_PERF] component=ucm layer=hixl_transport handle=9 request=0x2 lifecycle_lock_us=0 pending_lock_wait_us=0 pending_lookup_us=1 instance_us=31 erase_us=0 total_us=32 transfer_status=1 [28603,28616][hixl_transport.cpp:734,GetStatus]
[2026-08-24 21:07:53.465101][UC][I] [QUERY_PERF] component=ucm layer=transport_manager handle=9 transport_handle=9 transfers_lock_wait_us=0 lookup_us=0 transport_us=37 total_us=37 api_status=0 transfer_status=1 [28603,28616][transport_manager.cpp:716,GetStatus]
[2026-08-24 21:07:53.465105][UC][I] [PERF] component=transport event=transfer_done manager=127.0.0.1:8000 target=127.0.0.1:4502 handle=9 transport_handle=9 opcode=1 direct=2 segments=108 bytes=7962624 status=1 api_status=0 submitted_ts_us=1787576873463196 completed_ts_us=1787576873465104 manager_get_status_ts_us=1787576873465063 backend_query_ts_us=1787576873465069 submit_us=227 transfer_us=1908 manager_to_backend_query_us=6 total_us=2135 [28603,28616][transport_manager.cpp:727,GetStatus]
[HIXL_PERF] event=hccl_batch op=1 desc_num=108 hccl_us=100 status=0
[HIXL_PERF] event=issue_hccl_batch op=1 list_num=108 total_us=112
[HIXL_PERF] event=hccl_batch op=1 desc_num=1 hccl_us=65 status=0
[HIXL_PERF] event=issue_hccl_batch op=1 list_num=1 total_us=83
[HIXL_PERF] event=issue_async_host_flag op=1 list_num=108 context_us=1 hccl_issue_us=114 flag_memcpy_us=5 total_us=120
[HIXL_PERF] event=issue_async_host_flag op=1 list_num=1 context_us=0 hccl_issue_us=86 flag_memcpy_us=6 total_us=92
[HIXL_PERF] event=comm_channel_async op=1 list_num=1 mutex_wait_us=0 slot_us=1 host_flag_us=0 record_us=0 issue_us=97 total_us=98
[HIXL_PERF] event=comm_channel_async op=1 list_num=108 mutex_wait_us=1 slot_us=0 host_flag_us=5 record_us=0 issue_us=128 total_us=134
[HIXL_PERF] event=adxl_inner_async op=1 list_num=108 context_us=0 connect_us=1 get_channel_us=0 channel_async_us=144 tail_us=1 total_us=146
[HIXL_PERF] event=adxl_inner_async op=1 list_num=1 context_us=1 connect_us=0 get_channel_us=0 channel_async_us=99 tail_us=1 total_us=101
[HIXL_PERF] event=comm_engine_async op=1 list_num=1 desc_build_us=0 inner_us=111 total_us=111 status=0
[HIXL_PERF] event=comm_engine_async op=1 list_num=108 desc_build_us=1 inner_us=148 total_us=149 status=0
[2026-08-24 21:07:53.465264][UC][I] [HIXL_WORKER_PERF] task_id=130 queue_depth=1 enqueue_lock_wait_us=0 enqueue_us=0 queue_wait_us=5 execute_us=117 result_post_us=5 total_us=127 status=0 [28603,28616][hixl_instance.cpp:107,Run]
[2026-08-24 21:07:53.465272][UC][I] [HIXL_WORKER_PERF] task_id=129 queue_depth=1 enqueue_lock_wait_us=0 enqueue_us=1 queue_wait_us=6 execute_us=169 result_post_us=5 total_us=181 status=0 [28603,28617][hixl_instance.cpp:107,Run]
[2026-08-24 21:07:53.465272][UC][I] [PERF] component=transport event=transfer_submitted manager=127.0.0.1:8000 target=127.0.0.1:4502 handle=12 transport_handle=12 opcode=1 direct=2 segments=1 bytes=63 submitted_ts_us=1787576873465271 manager_execute_async_ts_us=1787576873465135 backend_execute_async_ts_us=1787576873465141 manager_to_backend_execute_async_us=6 submit_us=136 [28603,28616][transport_manager.cpp:674,ExecuteAsync]
[2026-08-24 21:07:53.465281][UC][I] [PERF] component=transport event=transfer_submitted manager=127.0.0.1:8000 target=127.0.0.1:4506 handle=13 transport_handle=13 opcode=1 direct=2 segments=108 bytes=7962624 submitted_ts_us=1787576873465279 manager_execute_async_ts_us=1787576873465088 backend_execute_async_ts_us=1787576873465098 manager_to_backend_execute_async_us=10 submit_us=191 [28603,28617][transport_manager.cpp:674,ExecuteAsync]
[HIXL_QUERY_PERF] layer=comm_channel request=0x3 mutex_wait_us=0 check_us=0 lookup_us=1 flag_check_us=0 complete_us=1 total_us=2 transfer_elapsed_us=579 transfer_bytes=63 op_desc_count=1 transfer_status=1
[2026-08-24 21:07:53.465302][UC][I] [DRAMPOOL_QUEUE_PERF] layer=request_queue request_id=1 opcode=2 peer=127.0.0.1:4505 wait_us=4136 threshold_us=400 [28603,28617][task_worker.cc:81,ProcessOneRequest]
[HIXL_QUERY_PERF] layer=adxl_inner request=0x3 context_us=1 req_lock_wait_us=0 lookup_us=0 channel_us=7 cleanup_us=1 total_us=9 status=0 transfer_status=1
[HIXL_QUERY_PERF] layer=comm_engine request=0x3 total_us=15 status=0 transfer_status=1
[2026-08-24 21:07:53.465318][UC][I] [HIXL_WORKER_PERF] task_id=131 queue_depth=1 enqueue_lock_wait_us=0 enqueue_us=0 queue_wait_us=5 execute_us=18 result_post_us=5 total_us=28 status=0 [28603,28616][hixl_instance.cpp:107,Run]
[2026-08-24 21:07:53.465325][UC][I] [QUERY_PERF] component=ucm layer=hixl_instance request=0x3 queue_wait_us=5 backend_us=18 run_post_us=11 total_us=34 api_status=0 transfer_status=1 [28603,28616][hixl_instance.cpp:370,GetTransferStatus]
[2026-08-24 21:07:53.465329][UC][I] [QUERY_PERF] component=ucm layer=hixl_transport handle=10 request=0x3 lifecycle_lock_us=0 pending_lock_wait_us=0 pending_lookup_us=0 instance_us=39 erase_us=1 total_us=40 transfer_status=1 [28603,28616][hixl_transport.cpp:734,GetStatus]
[2026-08-24 21:07:53.465334][UC][I] [QUERY_PERF] component=ucm layer=transport_manager handle=10 transport_handle=10 transfers_lock_wait_us=0 lookup_us=0 transport_us=45 total_us=45 api_status=0 transfer_status=1 [28603,28616][transport_manager.cpp:716,GetStatus]
[2026-08-24 21:07:53.465337][UC][I] [PERF] component=transport event=transfer_done manager=127.0.0.1:8000 target=127.0.0.1:4502 handle=10 transport_handle=10 opcode=1 direct=2 segments=1 bytes=63 status=1 api_status=0 submitted_ts_us=1787576873464831 completed_ts_us=1787576873465336 manager_get_status_ts_us=1787576873465288 backend_query_ts_us=1787576873465295 submit_us=122 transfer_us=506 manager_to_backend_query_us=6 total_us=628 [28603,28616][transport_manager.cpp:727,GetStatus]
[2026-08-24 21:07:53.465344][UC][I] [PERF] component=drampool event=request_done request_id=1 opcode=2 peer=127.0.0.1:4502 batch_size=108 data_bytes=7962624 failed_items=0 status=SUCCESS failed_stage=NONE received_ts_us=1787576873461096 worker_started_ts_us=1787576873461120 data_transfer_submitted_ts_us=1787576873462938 data_transfer_completed_ts_us=1787576873464680 response_submitted_ts_us=1787576873464836 completed_ts_us=1787576873465341 data_tm_execute_async_ts_us=1787576873461155 data_hixl_execute_async_ts_us=1787576873461187 data_tm_get_status_ts_us=1787576873464628 data_hixl_query_handle_ts_us=1787576873464633 response_tm_execute_async_ts_us=1787576873464708 response_hixl_execute_async_ts_us=1787576873464716 response_tm_get_status_ts_us=1787576873465288 response_hixl_query_handle_ts_us=1787576873465295 request_queue_us=24 metadata_prepare_us=33 taskworker_prepare_us=1820 poller_queue_us=4 data_transfer_us=1742 metadata_settle_us=25 response_slot_wait_us=1 response_submit_us=129 response_transfer_us=504 data_tm_to_hixl_execute_async_us=32 data_tm_to_hixl_query_handle_us=5 response_tm_to_hixl_execute_async_us=7 response_tm_to_hixl_query_handle_us=6 total_us=4245 [28603,28616][completion_poller.cc:56,LogRequestDone]
[HIXL_PERF] event=hccl_batch op=1 desc_num=108 hccl_us=158 status=0
[HIXL_PERF] event=issue_hccl_batch op=1 list_num=108 total_us=177
[HIXL_PERF] event=issue_async_host_flag op=1 list_num=108 context_us=0 hccl_issue_us=181 flag_memcpy_us=6 total_us=187
[HIXL_PERF] event=comm_channel_async op=1 list_num=108 mutex_wait_us=0 slot_us=1174 host_flag_us=5 record_us=0 issue_us=191 total_us=1370
[HIXL_PERF] event=adxl_inner_async op=1 list_num=108 context_us=0 connect_us=0 get_channel_us=1 channel_async_us=1373 tail_us=1 total_us=1375
[HIXL_PERF] event=comm_engine_async op=1 list_num=108 desc_build_us=1 inner_us=1377 total_us=1378 status=0
[2026-08-24 21:07:53.466746][UC][I] [HIXL_WORKER_PERF] task_id=132 queue_depth=1 enqueue_lock_wait_us=1 enqueue_us=0 queue_wait_us=4 execute_us=1387 result_post_us=7 total_us=1399 status=0 [28603,28617][hixl_instance.cpp:107,Run]
[HIXL_QUERY_PERF] layer=comm_channel request=0x4 mutex_wait_us=0 check_us=1 lookup_us=0 flag_check_us=0 complete_us=3 total_us=4 transfer_elapsed_us=1602 transfer_bytes=63 op_desc_count=1 transfer_status=1
[2026-08-24 21:07:53.466755][UC][I] [PERF] component=transport event=transfer_submitted manager=127.0.0.1:8000 target=127.0.0.1:4505 handle=14 transport_handle=14 opcode=1 direct=2 segments=108 bytes=7962624 submitted_ts_us=1787576873466754 manager_execute_async_ts_us=1787576873465343 backend_execute_async_ts_us=1787576873465353 manager_to_backend_execute_async_us=10 submit_us=1409 [28603,28617][transport_manager.cpp:674,ExecuteAsync]
[HIXL_QUERY_PERF] layer=adxl_inner request=0x4 context_us=1 req_lock_wait_us=0 lookup_us=1 channel_us=12 cleanup_us=0 total_us=14 status=0 transfer_status=1
[2026-08-24 21:07:53.466763][UC][I] [DRAMPOOL_QUEUE_PERF] layer=request_queue request_id=2 opcode=2 peer=127.0.0.1:4505 wait_us=5532 threshold_us=400 [28603,28617][task_worker.cc:81,ProcessOneRequest]
[HIXL_QUERY_PERF] layer=comm_engine request=0x4 total_us=21 status=0 transfer_status=1
[2026-08-24 21:07:53.466776][UC][I] [HIXL_WORKER_PERF] task_id=133 queue_depth=1 enqueue_lock_wait_us=1 enqueue_us=0 queue_wait_us=1388 execute_us=28 result_post_us=6 total_us=1423 status=0 [28603,28616][hixl_instance.cpp:107,Run]
[2026-08-24 21:07:53.466782][UC][I] [QUERY_PERF] component=ucm layer=hixl_instance request=0x4 queue_wait_us=1389 backend_us=28 run_post_us=11 total_us=1428 api_status=0 transfer_status=1 [28603,28616][hixl_instance.cpp:370,GetTransferStatus]
[2026-08-24 21:07:53.466786][UC][I] [QUERY_PERF] component=ucm layer=hixl_transport handle=12 request=0x4 lifecycle_lock_us=0 pending_lock_wait_us=0 pending_lookup_us=0 instance_us=1431 erase_us=1 total_us=1432 transfer_status=1 [28603,28616][hixl_transport.cpp:734,GetStatus]
[2026-08-24 21:07:53.466790][UC][I] [QUERY_PERF] component=ucm layer=transport_manager handle=12 transport_handle=12 transfers_lock_wait_us=0 lookup_us=0 transport_us=1437 total_us=1437 api_status=0 transfer_status=1 [28603,28616][transport_manager.cpp:716,GetStatus]
[2026-08-24 21:07:53.466796][UC][I] [PERF] component=transport event=transfer_done manager=127.0.0.1:8000 target=127.0.0.1:4502 handle=12 transport_handle=12 opcode=1 direct=2 segments=1 bytes=63 status=1 api_status=0 submitted_ts_us=1787576873465271 completed_ts_us=1787576873466795 manager_get_status_ts_us=1787576873465352 backend_query_ts_us=1787576873466742 submit_us=136 transfer_us=1524 manager_to_backend_query_us=1389 total_us=1660 [28603,28616][transport_manager.cpp:727,GetStatus]
[2026-08-24 21:07:53.466805][UC][I] [PERF] component=drampool event=request_done request_id=2 opcode=2 peer=127.0.0.1:4502 batch_size=108 data_bytes=7962624 failed_items=0 status=SUCCESS failed_stage=NONE received_ts_us=1787576873461110 worker_started_ts_us=1787576873462942 data_transfer_submitted_ts_us=1787576873463217 data_transfer_completed_ts_us=1787576873465110 response_submitted_ts_us=1787576873465287 completed_ts_us=1787576873466802 data_tm_execute_async_ts_us=1787576873462967 data_hixl_execute_async_ts_us=1787576873462981 data_tm_get_status_ts_us=1787576873465063 data_hixl_query_handle_ts_us=1787576873465069 response_tm_execute_async_ts_us=1787576873465135 response_hixl_execute_async_ts_us=1787576873465141 response_tm_get_status_ts_us=1787576873465352 response_hixl_query_handle_ts_us=1787576873466742 request_queue_us=1832 metadata_prepare_us=17 taskworker_prepare_us=276 poller_queue_us=44 data_transfer_us=1894 metadata_settle_us=22 response_slot_wait_us=1 response_submit_us=153 response_transfer_us=1514 data_tm_to_hixl_execute_async_us=14 data_tm_to_hixl_query_handle_us=6 response_tm_to_hixl_execute_async_us=6 response_tm_to_hixl_query_handle_us=1389 total_us=5692 [28603,28616][completion_poller.cc:56,LogRequestDone]
[HIXL_QUERY_PERF] layer=comm_channel request=0x8 mutex_wait_us=0 check_us=0 lookup_us=1 flag_check_us=0 complete_us=3 total_us=4 transfer_elapsed_us=3535 transfer_bytes=7962624 op_desc_count=108 transfer_status=1
[HIXL_QUERY_PERF] layer=adxl_inner request=0x8 context_us=0 req_lock_wait_us=0 lookup_us=1 channel_us=9 cleanup_us=0 total_us=10 status=0 transfer_status=1
[HIXL_QUERY_PERF] layer=comm_engine request=0x8 total_us=14 status=0 transfer_status=1
[2026-08-24 21:07:53.466836][UC][I] [HIXL_WORKER_PERF] task_id=135 queue_depth=1 enqueue_lock_wait_us=0 enqueue_us=0 queue_wait_us=5 execute_us=16 result_post_us=4 total_us=25 status=0 [28603,28616][hixl_instance.cpp:107,Run]
[2026-08-24 21:07:53.466842][UC][I] [QUERY_PERF] component=ucm layer=hixl_instance request=0x8 queue_wait_us=5 backend_us=16 run_post_us=10 total_us=31 api_status=0 transfer_status=1 [28603,28616][hixl_instance.cpp:370,GetTransferStatus]
[2026-08-24 21:07:53.466846][UC][I] [QUERY_PERF] component=ucm layer=hixl_transport handle=11 request=0x8 lifecycle_lock_us=0 pending_lock_wait_us=1 pending_lookup_us=0 instance_us=34 erase_us=0 total_us=35 transfer_status=1 [28603,28616][hixl_transport.cpp:734,GetStatus]
[2026-08-24 21:07:53.466851][UC][I] [QUERY_PERF] component=ucm layer=transport_manager handle=11 transport_handle=11 transfers_lock_wait_us=0 lookup_us=0 transport_us=41 total_us=41 api_status=0 transfer_status=1 [28603,28616][transport_manager.cpp:716,GetStatus]
[2026-08-24 21:07:53.466856][UC][I] [PERF] component=transport event=transfer_done manager=127.0.0.1:8000 target=127.0.0.1:4506 handle=11 transport_handle=11 opcode=1 direct=2 segments=108 bytes=7962624 status=1 api_status=0 submitted_ts_us=1787576873465023 completed_ts_us=1787576873466855 manager_get_status_ts_us=1787576873466810 backend_query_ts_us=1787576873466816 submit_us=1755 transfer_us=1831 manager_to_backend_query_us=6 total_us=3586 [28603,28616][transport_manager.cpp:727,GetStatus]
[HIXL_PERF] event=hccl_batch op=1 desc_num=108 hccl_us=94 status=0
[HIXL_PERF] event=issue_hccl_batch op=1 list_num=108 total_us=104
[HIXL_PERF] event=issue_async_host_flag op=1 list_num=108 context_us=1 hccl_issue_us=108 flag_memcpy_us=5 total_us=114
[HIXL_PERF] event=comm_channel_async op=1 list_num=108 mutex_wait_us=0 slot_us=0 host_flag_us=5 record_us=0 issue_us=117 total_us=122
[HIXL_PERF] event=adxl_inner_async op=1 list_num=108 context_us=0 connect_us=0 get_channel_us=1 channel_async_us=125 tail_us=0 total_us=126
[HIXL_PERF] event=comm_engine_async op=1 list_num=108 desc_build_us=1 inner_us=129 total_us=130 status=0
[2026-08-24 21:07:53.466942][UC][I] [HIXL_WORKER_PERF] task_id=134 queue_depth=1 enqueue_lock_wait_us=1 enqueue_us=0 queue_wait_us=6 execute_us=136 result_post_us=6 total_us=149 status=0 [28603,28617][hixl_instance.cpp:107,Run]
[2026-08-24 21:07:53.466950][UC][I] [PERF] component=transport event=transfer_submitted manager=127.0.0.1:8000 target=127.0.0.1:4505 handle=15 transport_handle=15 opcode=1 direct=2 segments=108 bytes=7962624 submitted_ts_us=1787576873466949 manager_execute_async_ts_us=1787576873466791 backend_execute_async_ts_us=1787576873466801 manager_to_backend_execute_async_us=11 submit_us=157 [28603,28617][transport_manager.cpp:674,ExecuteAsync]
[2026-08-24 21:07:53.466961][UC][I] [DRAMPOOL_QUEUE_PERF] layer=request_queue request_id=1 opcode=2 peer=127.0.0.1:4508 wait_us=5727 threshold_us=400 [28603,28617][task_worker.cc:81,ProcessOneRequest]
[HIXL_PERF] event=hccl_batch op=1 desc_num=1 hccl_us=61 status=0
[HIXL_PERF] event=issue_hccl_batch op=1 list_num=1 total_us=70
[HIXL_PERF] event=issue_async_host_flag op=1 list_num=1 context_us=0 hccl_issue_us=72 flag_memcpy_us=4 total_us=76
[HIXL_PERF] event=comm_channel_async op=1 list_num=1 mutex_wait_us=0 slot_us=0 host_flag_us=0 record_us=1 issue_us=79 total_us=80
[HIXL_PERF] event=adxl_inner_async op=1 list_num=1 context_us=0 connect_us=0 get_channel_us=1 channel_async_us=82 tail_us=0 total_us=83
[HIXL_PERF] event=comm_engine_async op=1 list_num=1 desc_build_us=0 inner_us=85 total_us=85 status=0
[2026-08-24 21:07:53.466991][UC][I] [HIXL_WORKER_PERF] task_id=136 queue_depth=1 enqueue_lock_wait_us=1 enqueue_us=0 queue_wait_us=4 execute_us=90 result_post_us=5 total_us=100 status=0 [28603,28616][hixl_instance.cpp:107,Run]
[2026-08-24 21:07:53.466999][UC][I] [PERF] component=transport event=transfer_submitted manager=127.0.0.1:8000 target=127.0.0.1:4506 handle=16 transport_handle=16 opcode=1 direct=2 segments=1 bytes=63 submitted_ts_us=1787576873466998 manager_execute_async_ts_us=1787576873466890 backend_execute_async_ts_us=1787576873466896 manager_to_backend_execute_async_us=6 submit_us=107 [28603,28616][transport_manager.cpp:674,ExecuteAsync]
[2026-08-24 21:07:53.467006][UC][I] [DRAMPOOL_QUEUE_PERF] layer=poller_queue request_id=2 opcode=2 peer=127.0.0.1:4506 wait_us=1705 pending_size=1 pending_depth=64 threshold_us=400 [28603,28616][completion_poller.cc:134,FillPendingWindow]
[HIXL_PERF] event=hccl_batch op=1 desc_num=108 hccl_us=168 status=0
[HIXL_PERF] event=issue_hccl_batch op=1 list_num=108 total_us=196
[HIXL_PERF] event=issue_async_host_flag op=1 list_num=108 context_us=1 hccl_issue_us=199 flag_memcpy_us=6 total_us=206
[HIXL_PERF] event=comm_channel_async op=1 list_num=108 mutex_wait_us=0 slot_us=1113 host_flag_us=5 record_us=1 issue_us=209 total_us=1328
[HIXL_PERF] event=adxl_inner_async op=1 list_num=108 context_us=1 connect_us=0 get_channel_us=1 channel_async_us=1330 tail_us=1 total_us=1333
[HIXL_PERF] event=comm_engine_async op=1 list_num=108 desc_build_us=1 inner_us=1335 total_us=1336 status=0
[2026-08-24 21:07:53.468363][UC][I] [HIXL_WORKER_PERF] task_id=137 queue_depth=1 enqueue_lock_wait_us=1 enqueue_us=0 queue_wait_us=5 execute_us=1343 result_post_us=9 total_us=1358 status=0 [28603,28617][hixl_instance.cpp:107,Run]
[HIXL_QUERY_PERF] layer=comm_channel request=0xa mutex_wait_us=1 check_us=0 lookup_us=0 flag_check_us=0 complete_us=3 total_us=4 transfer_elapsed_us=1464 transfer_bytes=63 op_desc_count=1 transfer_status=1
[HIXL_QUERY_PERF] layer=adxl_inner request=0xa context_us=0 req_lock_wait_us=0 lookup_us=1 channel_us=9 cleanup_us=0 total_us=10 status=0 transfer_status=1
[2026-08-24 21:07:53.468371][UC][I] [PERF] component=transport event=transfer_submitted manager=127.0.0.1:8000 target=127.0.0.1:4508 handle=17 transport_handle=17 opcode=1 direct=2 segments=108 bytes=7962624 submitted_ts_us=1787576873468370 manager_execute_async_ts_us=1787576873467003 backend_execute_async_ts_us=1787576873467013 manager_to_backend_execute_async_us=10 submit_us=1366 [28603,28617][transport_manager.cpp:674,ExecuteAsync]
[HIXL_QUERY_PERF] layer=comm_engine request=0xa total_us=13 status=0 transfer_status=1
[2026-08-24 21:07:53.468378][UC][I] [DRAMPOOL_QUEUE_PERF] layer=request_queue request_id=2 opcode=2 peer=127.0.0.1:4508 wait_us=7142 threshold_us=400 [28603,28617][task_worker.cc:81,ProcessOneRequest]
[2026-08-24 21:07:53.468384][UC][I] [HIXL_WORKER_PERF] task_id=138 queue_depth=1 enqueue_lock_wait_us=0 enqueue_us=0 queue_wait_us=1348 execute_us=18 result_post_us=6 total_us=1372 status=0 [28603,28616][hixl_instance.cpp:107,Run]
[2026-08-24 21:07:53.468391][UC][I] [QUERY_PERF] component=ucm layer=hixl_instance request=0xa queue_wait_us=1348 backend_us=18 run_post_us=13 total_us=1379 api_status=0 transfer_status=1 [28603,28616][hixl_instance.cpp:370,GetTransferStatus]
[2026-08-24 21:07:53.468394][UC][I] [QUERY_PERF] component=ucm layer=hixl_transport handle=16 request=0xa lifecycle_lock_us=0 pending_lock_wait_us=0 pending_lookup_us=0 instance_us=1382 erase_us=1 total_us=1383 transfer_status=1 [28603,28616][hixl_transport.cpp:734,GetStatus]
[2026-08-24 21:07:53.468398][UC][I] [QUERY_PERF] component=ucm layer=transport_manager handle=16 transport_handle=16 transfers_lock_wait_us=0 lookup_us=1 transport_us=1386 total_us=1387 api_status=0 transfer_status=1 [28603,28616][transport_manager.cpp:716,GetStatus]
[2026-08-24 21:07:53.468402][UC][I] [PERF] component=transport event=transfer_done manager=127.0.0.1:8000 target=127.0.0.1:4506 handle=16 transport_handle=16 opcode=1 direct=2 segments=1 bytes=63 status=1 api_status=0 submitted_ts_us=1787576873466998 completed_ts_us=1787576873468401 manager_get_status_ts_us=1787576873467010 backend_query_ts_us=1787576873468359 submit_us=107 transfer_us=1403 manager_to_backend_query_us=1349 total_us=1510 [28603,28616][transport_manager.cpp:727,GetStatus]
[2026-08-24 21:07:53.468416][UC][I] [PERF] component=drampool event=request_done request_id=1 opcode=2 peer=127.0.0.1:4506 batch_size=108 data_bytes=7962624 failed_items=0 status=SUCCESS failed_stage=NONE received_ts_us=1787576873461140 worker_started_ts_us=1787576873463219 data_transfer_submitted_ts_us=1787576873465032 data_transfer_completed_ts_us=1787576873466867 response_submitted_ts_us=1787576873467004 completed_ts_us=1787576873468414 data_tm_execute_async_ts_us=1787576873463268 data_hixl_execute_async_ts_us=1787576873463280 data_tm_get_status_ts_us=1787576873466810 data_hixl_query_handle_ts_us=1787576873466816 response_tm_execute_async_ts_us=1787576873466890 response_hixl_execute_async_ts_us=1787576873466896 response_tm_get_status_ts_us=1787576873467010 response_hixl_query_handle_ts_us=1787576873468359 request_queue_us=2080 metadata_prepare_us=14 taskworker_prepare_us=1813 poller_queue_us=255 data_transfer_us=1835 metadata_settle_us=21 response_slot_wait_us=1 response_submit_us=115 response_transfer_us=1409 data_tm_to_hixl_execute_async_us=12 data_tm_to_hixl_query_handle_us=6 response_tm_to_hixl_execute_async_us=6 response_tm_to_hixl_query_handle_us=1349 total_us=7274 [28603,28616][completion_poller.cc:56,LogRequestDone]
[HIXL_PERF] event=hccl_batch op=1 desc_num=108 hccl_us=117 status=0
[HIXL_PERF] event=issue_hccl_batch op=1 list_num=108 total_us=124
[HIXL_PERF] event=issue_async_host_flag op=1 list_num=108 context_us=1 hccl_issue_us=126 flag_memcpy_us=5 total_us=132
[HIXL_PERF] event=comm_channel_async op=1 list_num=108 mutex_wait_us=0 slot_us=0 host_flag_us=5 record_us=0 issue_us=135 total_us=140
[HIXL_PERF] event=adxl_inner_async op=1 list_num=108 context_us=0 connect_us=0 get_channel_us=1 channel_async_us=142 tail_us=0 total_us=143
[HIXL_PERF] event=comm_engine_async op=1 list_num=108 desc_build_us=1 inner_us=145 total_us=146 status=0
[2026-08-24 21:07:53.468566][UC][I] [HIXL_WORKER_PERF] task_id=139 queue_depth=1 enqueue_lock_wait_us=0 enqueue_us=0 queue_wait_us=7 execute_us=152 result_post_us=6 total_us=165 status=0 [28603,28617][hixl_instance.cpp:107,Run]
[HIXL_QUERY_PERF] layer=comm_channel request=0x9 mutex_wait_us=0 check_us=0 lookup_us=0 flag_check_us=0 complete_us=2 total_us=2 transfer_elapsed_us=3462 transfer_bytes=7962624 op_desc_count=108 transfer_status=1
[HIXL_QUERY_PERF] layer=adxl_inner request=0x9 context_us=0 req_lock_wait_us=0 lookup_us=1 channel_us=8 cleanup_us=0 total_us=9 status=0 transfer_status=1
[2026-08-24 21:07:53.468573][UC][I] [PERF] component=transport event=transfer_submitted manager=127.0.0.1:8000 target=127.0.0.1:4508 handle=18 transport_handle=18 opcode=1 direct=2 segments=108 bytes=7962624 submitted_ts_us=1787576873468572 manager_execute_async_ts_us=1787576873468396 backend_execute_async_ts_us=1787576873468409 manager_to_backend_execute_async_us=13 submit_us=174 [28603,28617][transport_manager.cpp:674,ExecuteAsync]
[HIXL_QUERY_PERF] layer=comm_engine request=0x9 total_us=13 status=0 transfer_status=1
[2026-08-24 21:07:53.468584][UC][I] [DRAMPOOL_QUEUE_PERF] layer=request_queue request_id=1 opcode=2 peer=127.0.0.1:4507 wait_us=7345 threshold_us=400 [28603,28617][task_worker.cc:81,ProcessOneRequest]
[2026-08-24 21:07:53.468590][UC][I] [HIXL_WORKER_PERF] task_id=140 queue_depth=1 enqueue_lock_wait_us=1 enqueue_us=0 queue_wait_us=138 execute_us=22 result_post_us=6 total_us=167 status=0 [28603,28616][hixl_instance.cpp:107,Run]
[2026-08-24 21:07:53.468598][UC][I] [QUERY_PERF] component=ucm layer=hixl_instance request=0x9 queue_wait_us=140 backend_us=21 run_post_us=13 total_us=174 api_status=0 transfer_status=1 [28603,28616][hixl_instance.cpp:370,GetTransferStatus]
[2026-08-24 21:07:53.468601][UC][I] [QUERY_PERF] component=ucm layer=hixl_transport handle=13 request=0x9 lifecycle_lock_us=0 pending_lock_wait_us=0 pending_lookup_us=0 instance_us=177 erase_us=0 total_us=177 transfer_status=1 [28603,28616][hixl_transport.cpp:734,GetStatus]
[2026-08-24 21:07:53.468605][UC][I] [QUERY_PERF] component=ucm layer=transport_manager handle=13 transport_handle=13 transfers_lock_wait_us=0 lookup_us=1 transport_us=182 total_us=183 api_status=0 transfer_status=1 [28603,28616][transport_manager.cpp:716,GetStatus]
[2026-08-24 21:07:53.468609][UC][I] [PERF] component=transport event=transfer_done manager=127.0.0.1:8000 target=127.0.0.1:4506 handle=13 transport_handle=13 opcode=1 direct=2 segments=108 bytes=7962624 status=1 api_status=0 submitted_ts_us=1787576873465279 completed_ts_us=1787576873468608 manager_get_status_ts_us=1787576873468422 backend_query_ts_us=1787576873468562 submit_us=191 transfer_us=3328 manager_to_backend_query_us=141 total_us=3519 [28603,28616][transport_manager.cpp:727,GetStatus]
[HIXL_PERF] event=hccl_batch op=1 desc_num=1 hccl_us=66 status=0
[HIXL_PERF] event=issue_hccl_batch op=1 list_num=1 total_us=72
[HIXL_PERF] event=issue_async_host_flag op=1 list_num=1 context_us=1 hccl_issue_us=74 flag_memcpy_us=5 total_us=80
[HIXL_PERF] event=comm_channel_async op=1 list_num=1 mutex_wait_us=0 slot_us=1 host_flag_us=0 record_us=0 issue_us=82 total_us=83
[HIXL_PERF] event=adxl_inner_async op=1 list_num=1 context_us=1 connect_us=0 get_channel_us=0 channel_async_us=85 tail_us=0 total_us=86
[HIXL_PERF] event=comm_engine_async op=1 list_num=1 desc_build_us=0 inner_us=88 total_us=88 status=0
[2026-08-24 21:07:53.468742][UC][I] [HIXL_WORKER_PERF] task_id=142 queue_depth=1 enqueue_lock_wait_us=0 enqueue_us=0 queue_wait_us=5 execute_us=92 result_post_us=5 total_us=102 status=0 [28603,28616][hixl_instance.cpp:107,Run]
[2026-08-24 21:07:53.468753][UC][I] [PERF] component=transport event=transfer_submitted manager=127.0.0.1:8000 target=127.0.0.1:4506 handle=19 transport_handle=19 opcode=1 direct=2 segments=1 bytes=63 submitted_ts_us=1787576873468752 manager_execute_async_ts_us=1787576873468639 backend_execute_async_ts_us=1787576873468645 manager_to_backend_execute_async_us=6 submit_us=113 [28603,28616][transport_manager.cpp:674,ExecuteAsync]
[HIXL_PERF] event=hccl_batch op=1 desc_num=108 hccl_us=152 status=0
[HIXL_PERF] event=issue_hccl_batch op=1 list_num=108 total_us=171
[HIXL_PERF] event=issue_async_host_flag op=1 list_num=108 context_us=0 hccl_issue_us=175 flag_memcpy_us=6 total_us=181
[HIXL_PERF] event=comm_channel_async op=1 list_num=108 mutex_wait_us=0 slot_us=1187 host_flag_us=5 record_us=0 issue_us=185 total_us=1377
[HIXL_PERF] event=adxl_inner_async op=1 list_num=108 context_us=1 connect_us=0 get_channel_us=1 channel_async_us=1379 tail_us=1 total_us=1382
[HIXL_PERF] event=comm_engine_async op=1 list_num=108 desc_build_us=1 inner_us=1384 total_us=1385 status=0
[2026-08-24 21:07:53.470014][UC][I] [HIXL_WORKER_PERF] task_id=141 queue_depth=1 enqueue_lock_wait_us=0 enqueue_us=1 queue_wait_us=7 execute_us=1394 result_post_us=6 total_us=1408 status=0 [28603,28617][hixl_instance.cpp:107,Run]
[HIXL_QUERY_PERF] layer=comm_channel request=0x5 mutex_wait_us=0 check_us=0 lookup_us=0 flag_check_us=1 complete_us=3 total_us=4 transfer_elapsed_us=4658 transfer_bytes=7962624 op_desc_count=108 transfer_status=1
[2026-08-24 21:07:53.470026][UC][I] [PERF] component=transport event=transfer_submitted manager=127.0.0.1:8000 target=127.0.0.1:4507 handle=20 transport_handle=20 opcode=1 direct=2 segments=108 bytes=7962624 submitted_ts_us=1787576873470025 manager_execute_async_ts_us=1787576873468603 backend_execute_async_ts_us=1787576873468615 manager_to_backend_execute_async_us=12 submit_us=1421 [28603,28617][transport_manager.cpp:674,ExecuteAsync]
[HIXL_QUERY_PERF] layer=adxl_inner request=0x5 context_us=0 req_lock_wait_us=0 lookup_us=1 channel_us=13 cleanup_us=1 total_us=15 status=0 transfer_status=1
[HIXL_QUERY_PERF] layer=comm_engine request=0x5 total_us=23 status=0 transfer_status=1
[2026-08-24 21:07:53.470035][UC][I] [DRAMPOOL_QUEUE_PERF] layer=request_queue request_id=2 opcode=2 peer=127.0.0.1:4507 wait_us=8794 threshold_us=400 [28603,28617][task_worker.cc:81,ProcessOneRequest]
[2026-08-24 21:07:53.470044][UC][I] [HIXL_WORKER_PERF] task_id=143 queue_depth=1 enqueue_lock_wait_us=1 enqueue_us=0 queue_wait_us=1252 execute_us=27 result_post_us=6 total_us=1286 status=0 [28603,28616][hixl_instance.cpp:107,Run]
[2026-08-24 21:07:53.470050][UC][I] [QUERY_PERF] component=ucm layer=hixl_instance request=0x5 queue_wait_us=1253 backend_us=27 run_post_us=11 total_us=1291 api_status=0 transfer_status=1 [28603,28616][hixl_instance.cpp:370,GetTransferStatus]
[2026-08-24 21:07:53.470054][UC][I] [QUERY_PERF] component=ucm layer=hixl_transport handle=14 request=0x5 lifecycle_lock_us=0 pending_lock_wait_us=0 pending_lookup_us=0 instance_us=1294 erase_us=1 total_us=1295 transfer_status=1 [28603,28616][hixl_transport.cpp:734,GetStatus]
[2026-08-24 21:07:53.470057][UC][I] [QUERY_PERF] component=ucm layer=transport_manager handle=14 transport_handle=14 transfers_lock_wait_us=0 lookup_us=0 transport_us=1299 total_us=1299 api_status=0 transfer_status=1 [28603,28616][transport_manager.cpp:716,GetStatus]
[2026-08-24 21:07:53.470063][UC][I] [PERF] component=transport event=transfer_done manager=127.0.0.1:8000 target=127.0.0.1:4505 handle=14 transport_handle=14 opcode=1 direct=2 segments=108 bytes=7962624 status=1 api_status=0 submitted_ts_us=1787576873466754 completed_ts_us=1787576873470062 manager_get_status_ts_us=1787576873468758 backend_query_ts_us=1787576873470011 submit_us=1409 transfer_us=3309 manager_to_backend_query_us=1253 total_us=4718 [28603,28616][transport_manager.cpp:727,GetStatus]
[HIXL_PERF] event=hccl_batch op=1 desc_num=108 hccl_us=92 status=0
[HIXL_PERF] event=issue_hccl_batch op=1 list_num=108 total_us=100
[HIXL_PERF] event=issue_async_host_flag op=1 list_num=108 context_us=1 hccl_issue_us=102 flag_memcpy_us=5 total_us=108
[HIXL_PERF] event=comm_channel_async op=1 list_num=108 mutex_wait_us=0 slot_us=1 host_flag_us=4 record_us=0 issue_us=111 total_us=116
[HIXL_PERF] event=adxl_inner_async op=1 list_num=108 context_us=0 connect_us=0 get_channel_us=1 channel_async_us=118 tail_us=0 total_us=119
[HIXL_PERF] event=comm_engine_async op=1 list_num=108 desc_build_us=1 inner_us=121 total_us=122 status=0
[2026-08-24 21:07:53.470217][UC][I] [HIXL_WORKER_PERF] task_id=144 queue_depth=1 enqueue_lock_wait_us=0 enqueue_us=1 queue_wait_us=5 execute_us=129 result_post_us=5 total_us=140 status=0 [28603,28617][hixl_instance.cpp:107,Run]
[2026-08-24 21:07:53.470224][UC][I] [PERF] component=transport event=transfer_submitted manager=127.0.0.1:8000 target=127.0.0.1:4507 handle=21 transport_handle=21 opcode=1 direct=2 segments=108 bytes=7962624 submitted_ts_us=1787576873470223 manager_execute_async_ts_us=1787576873470074 backend_execute_async_ts_us=1787576873470084 manager_to_backend_execute_async_us=10 submit_us=148 [28603,28617][transport_manager.cpp:674,ExecuteAsync]
[2026-08-24 21:07:53.470231][UC][I] [DRAMPOOL_QUEUE_PERF] layer=request_queue request_id=1 opcode=2 peer=127.0.0.1:4504 wait_us=8885 threshold_us=400 [28603,28617][task_worker.cc:81,ProcessOneRequest]
[HIXL_PERF] event=hccl_batch op=1 desc_num=1 hccl_us=60 status=0
[HIXL_PERF] event=issue_hccl_batch op=1 list_num=1 total_us=68
[HIXL_PERF] event=issue_async_host_flag op=1 list_num=1 context_us=1 hccl_issue_us=70 flag_memcpy_us=4 total_us=75
[HIXL_PERF] event=comm_channel_async op=1 list_num=1 mutex_wait_us=0 slot_us=0 host_flag_us=0 record_us=0 issue_us=78 total_us=78
[HIXL_PERF] event=adxl_inner_async op=1 list_num=1 context_us=1 connect_us=0 get_channel_us=1 channel_async_us=80 tail_us=0 total_us=82
[HIXL_PERF] event=comm_engine_async op=1 list_num=1 desc_build_us=0 inner_us=84 total_us=84 status=0
[2026-08-24 21:07:53.470309][UC][I] [HIXL_WORKER_PERF] task_id=145 queue_depth=1 enqueue_lock_wait_us=1 enqueue_us=0 queue_wait_us=122 execute_us=89 result_post_us=5 total_us=217 status=0 [28603,28616][hixl_instance.cpp:107,Run]
[2026-08-24 21:07:53.470316][UC][I] [PERF] component=transport event=transfer_submitted manager=127.0.0.1:8000 target=127.0.0.1:4505 handle=22 transport_handle=22 opcode=1 direct=2 segments=1 bytes=63 submitted_ts_us=1787576873470315 manager_execute_async_ts_us=1787576873470090 backend_execute_async_ts_us=1787576873470215 manager_to_backend_execute_async_us=124 submit_us=225 [28603,28616][transport_manager.cpp:674,ExecuteAsync]
[HIXL_PERF] event=hccl_batch op=1 desc_num=108 hccl_us=160 status=0
[HIXL_PERF] event=issue_hccl_batch op=1 list_num=108 total_us=181
[HIXL_PERF] event=issue_async_host_flag op=1 list_num=108 context_us=1 hccl_issue_us=184 flag_memcpy_us=6 total_us=191
[HIXL_PERF] event=comm_channel_async op=1 list_num=108 mutex_wait_us=0 slot_us=1001 host_flag_us=4 record_us=1 issue_us=195 total_us=1201
[HIXL_PERF] event=adxl_inner_async op=1 list_num=108 context_us=1 connect_us=0 get_channel_us=1 channel_async_us=1204 tail_us=1 total_us=1207
[HIXL_PERF] event=comm_engine_async op=1 list_num=108 desc_build_us=1 inner_us=1210 total_us=1211 status=0
[2026-08-24 21:07:53.471533][UC][I] [HIXL_WORKER_PERF] task_id=146 queue_depth=1 enqueue_lock_wait_us=0 enqueue_us=0 queue_wait_us=24 execute_us=1219 result_post_us=8 total_us=1251 status=0 [28603,28617][hixl_instance.cpp:107,Run]
[HIXL_QUERY_PERF] layer=comm_channel request=0x6 mutex_wait_us=0 check_us=0 lookup_us=1 flag_check_us=0 complete_us=2 total_us=3 transfer_elapsed_us=4728 transfer_bytes=7962624 op_desc_count=108 transfer_status=1
[HIXL_QUERY_PERF] layer=adxl_inner request=0x6 context_us=1 req_lock_wait_us=0 lookup_us=1 channel_us=16 cleanup_us=1 total_us=19 status=0 transfer_status=1
[2026-08-24 21:07:53.471550][UC][I] [PERF] component=transport event=transfer_submitted manager=127.0.0.1:8000 target=127.0.0.1:4504 handle=23 transport_handle=23 opcode=1 direct=2 segments=108 bytes=7962624 submitted_ts_us=1787576873471548 manager_execute_async_ts_us=1787576873470278 backend_execute_async_ts_us=1787576873470307 manager_to_backend_execute_async_us=29 submit_us=1268 [28603,28617][transport_manager.cpp:674,ExecuteAsync]
[HIXL_QUERY_PERF] layer=comm_engine request=0x6 total_us=21 status=0 transfer_status=1
[2026-08-24 21:07:53.471558][UC][I] [DRAMPOOL_QUEUE_PERF] layer=request_queue request_id=2 opcode=2 peer=127.0.0.1:4504 wait_us=10174 threshold_us=400 [28603,28617][task_worker.cc:81,ProcessOneRequest]
[2026-08-24 21:07:53.471562][UC][I] [HIXL_WORKER_PERF] task_id=147 queue_depth=1 enqueue_lock_wait_us=0 enqueue_us=1 queue_wait_us=1199 execute_us=27 result_post_us=5 total_us=1232 status=0 [28603,28616][hixl_instance.cpp:107,Run]
[2026-08-24 21:07:53.471568][UC][I] [QUERY_PERF] component=ucm layer=hixl_instance request=0x6 queue_wait_us=1201 backend_us=26 run_post_us=11 total_us=1238 api_status=0 transfer_status=1 [28603,28616][hixl_instance.cpp:370,GetTransferStatus]
[2026-08-24 21:07:53.471572][UC][I] [QUERY_PERF] component=ucm layer=hixl_transport handle=15 request=0x6 lifecycle_lock_us=0 pending_lock_wait_us=0 pending_lookup_us=0 instance_us=1242 erase_us=0 total_us=1242 transfer_status=1 [28603,28616][hixl_transport.cpp:734,GetStatus]
[2026-08-24 21:07:53.471577][UC][I] [QUERY_PERF] component=ucm layer=transport_manager handle=15 transport_handle=15 transfers_lock_wait_us=0 lookup_us=0 transport_us=1248 total_us=1248 api_status=0 transfer_status=1 [28603,28616][transport_manager.cpp:716,GetStatus]
[2026-08-24 21:07:53.471581][UC][I] [PERF] component=transport event=transfer_done manager=127.0.0.1:8000 target=127.0.0.1:4505 handle=15 transport_handle=15 opcode=1 direct=2 segments=108 bytes=7962624 status=1 api_status=0 submitted_ts_us=1787576873466949 completed_ts_us=1787576873471580 manager_get_status_ts_us=1787576873470328 backend_query_ts_us=1787576873471530 submit_us=157 transfer_us=4631 manager_to_backend_query_us=1201 total_us=4788 [28603,28616][transport_manager.cpp:727,GetStatus]
[HIXL_PERF] event=hccl_batch op=1 desc_num=108 hccl_us=108 status=0
[HIXL_PERF] event=issue_hccl_batch op=1 list_num=108 total_us=117
[HIXL_PERF] event=issue_async_host_flag op=1 list_num=108 context_us=0 hccl_issue_us=119 flag_memcpy_us=5 total_us=124
[HIXL_PERF] event=comm_channel_async op=1 list_num=108 mutex_wait_us=1 slot_us=0 host_flag_us=4 record_us=1 issue_us=127 total_us=133
[HIXL_PERF] event=adxl_inner_async op=1 list_num=108 context_us=1 connect_us=0 get_channel_us=0 channel_async_us=135 tail_us=0 total_us=136
[HIXL_PERF] event=comm_engine_async op=1 list_num=108 desc_build_us=1 inner_us=139 total_us=140 status=0
[2026-08-24 21:07:53.471738][UC][I] [HIXL_WORKER_PERF] task_id=148 queue_depth=1 enqueue_lock_wait_us=0 enqueue_us=1 queue_wait_us=5 execute_us=148 result_post_us=5 total_us=159 status=0 [28603,28617][hixl_instance.cpp:107,Run]
[2026-08-24 21:07:53.471745][UC][I] [PERF] component=transport event=transfer_submitted manager=127.0.0.1:8000 target=127.0.0.1:4504 handle=24 transport_handle=24 opcode=1 direct=2 segments=108 bytes=7962624 submitted_ts_us=1787576873471744 manager_execute_async_ts_us=1787576873471576 backend_execute_async_ts_us=1787576873471586 manager_to_backend_execute_async_us=10 submit_us=168 [28603,28617][transport_manager.cpp:674,ExecuteAsync]
[2026-08-24 21:07:53.471750][UC][I] [DRAMPOOL_QUEUE_PERF] layer=request_queue request_id=1 opcode=2 peer=127.0.0.1:4503 wait_us=10350 threshold_us=400 [28603,28617][task_worker.cc:81,ProcessOneRequest]
[HIXL_PERF] event=hccl_batch op=1 desc_num=1 hccl_us=59 status=0
[HIXL_PERF] event=issue_hccl_batch op=1 list_num=1 total_us=66
[HIXL_PERF] event=issue_async_host_flag op=1 list_num=1 context_us=0 hccl_issue_us=68 flag_memcpy_us=5 total_us=73
[HIXL_PERF] event=comm_channel_async op=1 list_num=1 mutex_wait_us=0 slot_us=1 host_flag_us=0 record_us=0 issue_us=75 total_us=76
[HIXL_PERF] event=adxl_inner_async op=1 list_num=1 context_us=1 connect_us=0 get_channel_us=0 channel_async_us=78 tail_us=1 total_us=80
[HIXL_PERF] event=comm_engine_async op=1 list_num=1 desc_build_us=0 inner_us=82 total_us=82 status=0
[2026-08-24 21:07:53.471827][UC][I] [HIXL_WORKER_PERF] task_id=149 queue_depth=1 enqueue_lock_wait_us=0 enqueue_us=0 queue_wait_us=127 execute_us=86 result_post_us=5 total_us=218 status=0 [28603,28616][hixl_instance.cpp:107,Run]
[2026-08-24 21:07:53.471834][UC][I] [PERF] component=transport event=transfer_submitted manager=127.0.0.1:8000 target=127.0.0.1:4505 handle=25 transport_handle=25 opcode=1 direct=2 segments=1 bytes=63 submitted_ts_us=1787576873471833 manager_execute_async_ts_us=1787576873471606 backend_execute_async_ts_us=1787576873471735 manager_to_backend_execute_async_us=128 submit_us=226 [28603,28616][transport_manager.cpp:674,ExecuteAsync]
[2026-08-24 21:07:53.471846][UC][I] [DRAMPOOL_QUEUE_PERF] layer=poller_queue request_id=1 opcode=2 peer=127.0.0.1:4508 wait_us=3469 pending_size=3 pending_depth=64 threshold_us=400 [28603,28616][completion_poller.cc:134,FillPendingWindow]
[2026-08-24 21:07:53.471853][UC][I] [DRAMPOOL_QUEUE_PERF] layer=poller_queue request_id=2 opcode=2 peer=127.0.0.1:4508 wait_us=3270 pending_size=4 pending_depth=64 threshold_us=400 [28603,28616][completion_poller.cc:134,FillPendingWindow]
[2026-08-24 21:07:53.471856][UC][I] [DRAMPOOL_QUEUE_PERF] layer=poller_queue request_id=1 opcode=2 peer=127.0.0.1:4507 wait_us=1823 pending_size=5 pending_depth=64 threshold_us=400 [28603,28616][completion_poller.cc:134,FillPendingWindow]
[2026-08-24 21:07:53.471861][UC][I] [DRAMPOOL_QUEUE_PERF] layer=poller_queue request_id=2 opcode=2 peer=127.0.0.1:4507 wait_us=1632 pending_size=6 pending_depth=64 threshold_us=400 [28603,28616][completion_poller.cc:134,FillPendingWindow]
[HIXL_PERF] event=hccl_batch op=1 desc_num=108 hccl_us=161 status=0
[HIXL_PERF] event=issue_hccl_batch op=1 list_num=108 total_us=185
[HIXL_PERF] event=issue_async_host_flag op=1 list_num=108 context_us=0 hccl_issue_us=188 flag_memcpy_us=6 total_us=194
[HIXL_PERF] event=comm_channel_async op=1 list_num=108 mutex_wait_us=0 slot_us=1049 host_flag_us=5 record_us=1 issue_us=197 total_us=1252
[HIXL_PERF] event=adxl_inner_async op=1 list_num=108 context_us=1 connect_us=0 get_channel_us=1 channel_async_us=1253 tail_us=2 total_us=1257
[HIXL_PERF] event=comm_engine_async op=1 list_num=108 desc_build_us=1 inner_us=1259 total_us=1260 status=0
[2026-08-24 21:07:53.473075][UC][I] [HIXL_WORKER_PERF] task_id=150 queue_depth=1 enqueue_lock_wait_us=1 enqueue_us=0 queue_wait_us=6 execute_us=1268 result_post_us=8 total_us=1283 status=0 [28603,28617][hixl_instance.cpp:107,Run]
[HIXL_QUERY_PERF] layer=comm_channel request=0xd mutex_wait_us=0 check_us=0 lookup_us=0 flag_check_us=1 complete_us=2 total_us=3 transfer_elapsed_us=4426 transfer_bytes=63 op_desc_count=1 transfer_status=1
[HIXL_QUERY_PERF] layer=adxl_inner request=0xd context_us=0 req_lock_wait_us=0 lookup_us=2 channel_us=9 cleanup_us=0 total_us=11 status=0 transfer_status=1
[2026-08-24 21:07:53.473082][UC][I] [PERF] component=transport event=transfer_submitted manager=127.0.0.1:8000 target=127.0.0.1:4503 handle=26 transport_handle=26 opcode=1 direct=2 segments=108 bytes=7962624 submitted_ts_us=1787576873473081 manager_execute_async_ts_us=1787576873471788 backend_execute_async_ts_us=1787576873471799 manager_to_backend_execute_async_us=11 submit_us=1291 [28603,28617][transport_manager.cpp:674,ExecuteAsync]
[HIXL_QUERY_PERF] layer=comm_engine request=0xd total_us=13 status=0 transfer_status=1
[2026-08-24 21:07:53.473090][UC][I] [DRAMPOOL_QUEUE_PERF] layer=request_queue request_id=2 opcode=2 peer=127.0.0.1:4503 wait_us=11652 threshold_us=400 [28603,28617][task_worker.cc:81,ProcessOneRequest]
[2026-08-24 21:07:53.473094][UC][I] [HIXL_WORKER_PERF] task_id=151 queue_depth=1 enqueue_lock_wait_us=0 enqueue_us=0 queue_wait_us=1198 execute_us=18 result_post_us=6 total_us=1222 status=0 [28603,28616][hixl_instance.cpp:107,Run]
[2026-08-24 21:07:53.473102][UC][I] [QUERY_PERF] component=ucm layer=hixl_instance request=0xd queue_wait_us=1198 backend_us=18 run_post_us=13 total_us=1229 api_status=0 transfer_status=1 [28603,28616][hixl_instance.cpp:370,GetTransferStatus]
[2026-08-24 21:07:53.473108][UC][I] [QUERY_PERF] component=ucm layer=hixl_transport handle=19 request=0xd lifecycle_lock_us=0 pending_lock_wait_us=0 pending_lookup_us=1 instance_us=1235 erase_us=0 total_us=1236 transfer_status=1 [28603,28616][hixl_transport.cpp:734,GetStatus]
[2026-08-24 21:07:53.473111][UC][I] [QUERY_PERF] component=ucm layer=transport_manager handle=19 transport_handle=19 transfers_lock_wait_us=0 lookup_us=0 transport_us=1239 total_us=1239 api_status=0 transfer_status=1 [28603,28616][transport_manager.cpp:716,GetStatus]
[2026-08-24 21:07:53.473114][UC][I] [PERF] component=transport event=transfer_done manager=127.0.0.1:8000 target=127.0.0.1:4506 handle=19 transport_handle=19 opcode=1 direct=2 segments=1 bytes=63 status=1 api_status=0 submitted_ts_us=1787576873468752 completed_ts_us=1787576873473113 manager_get_status_ts_us=1787576873471871 backend_query_ts_us=1787576873473070 submit_us=113 transfer_us=4361 manager_to_backend_query_us=1199 total_us=4474 [28603,28616][transport_manager.cpp:727,GetStatus]
[2026-08-24 21:07:53.473123][UC][I] [PERF] component=drampool event=request_done request_id=2 opcode=2 peer=127.0.0.1:4506 batch_size=108 data_bytes=7962624 failed_items=0 status=SUCCESS failed_stage=NONE received_ts_us=1787576873461162 worker_started_ts_us=1787576873465034 data_transfer_submitted_ts_us=1787576873465299 data_transfer_completed_ts_us=1787576873468616 response_submitted_ts_us=1787576873468757 completed_ts_us=1787576873473118 data_tm_execute_async_ts_us=1787576873465088 data_hixl_execute_async_ts_us=1787576873465098 data_tm_get_status_ts_us=1787576873468422 data_hixl_query_handle_ts_us=1787576873468562 response_tm_execute_async_ts_us=1787576873468639 response_hixl_execute_async_ts_us=1787576873468645 response_tm_get_status_ts_us=1787576873471871 response_hixl_query_handle_ts_us=1787576873473070 request_queue_us=3873 metadata_prepare_us=34 taskworker_prepare_us=265 poller_queue_us=1705 data_transfer_us=3317 metadata_settle_us=21 response_slot_wait_us=1 response_submit_us=119 response_transfer_us=4360 data_tm_to_hixl_execute_async_us=10 data_tm_to_hixl_query_handle_us=141 response_tm_to_hixl_execute_async_us=6 response_tm_to_hixl_query_handle_us=1199 total_us=11956 [28603,28616][completion_poller.cc:56,LogRequestDone]
[HIXL_QUERY_PERF] layer=comm_channel request=0x9 mutex_wait_us=0 check_us=0 lookup_us=0 flag_check_us=1 complete_us=1 total_us=2 transfer_elapsed_us=2930 transfer_bytes=63 op_desc_count=1 transfer_status=1
[HIXL_QUERY_PERF] layer=adxl_inner request=0x9 context_us=1 req_lock_wait_us=0 lookup_us=1 channel_us=6 cleanup_us=1 total_us=9 status=0 transfer_status=1
[HIXL_QUERY_PERF] layer=comm_engine request=0x9 total_us=11 status=0 transfer_status=1
[2026-08-24 21:07:53.473164][UC][I] [HIXL_WORKER_PERF] task_id=153 queue_depth=1 enqueue_lock_wait_us=0 enqueue_us=0 queue_wait_us=8 execute_us=13 result_post_us=5 total_us=26 status=0 [28603,28616][hixl_instance.cpp:107,Run]
[2026-08-24 21:07:53.473169][UC][I] [QUERY_PERF] component=ucm layer=hixl_instance request=0x9 queue_wait_us=8 backend_us=13 run_post_us=10 total_us=31 api_status=0 transfer_status=1 [28603,28616][hixl_instance.cpp:370,GetTransferStatus]
[2026-08-24 21:07:53.473172][UC][I] [QUERY_PERF] component=ucm layer=hixl_transport handle=22 request=0x9 lifecycle_lock_us=0 pending_lock_wait_us=0 pending_lookup_us=1 instance_us=34 erase_us=0 total_us=35 transfer_status=1 [28603,28616][hixl_transport.cpp:734,GetStatus]
[2026-08-24 21:07:53.473175][UC][I] [QUERY_PERF] component=ucm layer=transport_manager handle=22 transport_handle=22 transfers_lock_wait_us=0 lookup_us=0 transport_us=39 total_us=39 api_status=0 transfer_status=1 [28603,28616][transport_manager.cpp:716,GetStatus]
[2026-08-24 21:07:53.473178][UC][I] [PERF] component=transport event=transfer_done manager=127.0.0.1:8000 target=127.0.0.1:4505 handle=22 transport_handle=22 opcode=1 direct=2 segments=1 bytes=63 status=1 api_status=0 submitted_ts_us=1787576873470315 completed_ts_us=1787576873473177 manager_get_status_ts_us=1787576873473136 backend_query_ts_us=1787576873473145 submit_us=225 transfer_us=2861 manager_to_backend_query_us=9 total_us=3086 [28603,28616][transport_manager.cpp:727,GetStatus]
[2026-08-24 21:07:53.473183][UC][I] [PERF] component=drampool event=request_done request_id=1 opcode=2 peer=127.0.0.1:4505 batch_size=108 data_bytes=7962624 failed_items=0 status=SUCCESS failed_stage=NONE received_ts_us=1787576873461165 worker_started_ts_us=1787576873465301 data_transfer_submitted_ts_us=1787576873466761 data_transfer_completed_ts_us=1787576873470068 response_submitted_ts_us=1787576873470328 completed_ts_us=1787576873473181 data_tm_execute_async_ts_us=1787576873465343 data_hixl_execute_async_ts_us=1787576873465353 data_tm_get_status_ts_us=1787576873468758 data_hixl_query_handle_ts_us=1787576873470011 response_tm_execute_async_ts_us=1787576873470090 response_hixl_execute_async_ts_us=1787576873470215 response_tm_get_status_ts_us=1787576873473136 response_hixl_query_handle_ts_us=1787576873473145 request_queue_us=4136 metadata_prepare_us=34 taskworker_prepare_us=1461 poller_queue_us=248 data_transfer_us=3307 metadata_settle_us=20 response_slot_wait_us=1 response_submit_us=239 response_transfer_us=2853 data_tm_to_hixl_execute_async_us=10 data_tm_to_hixl_query_handle_us=1253 response_tm_to_hixl_execute_async_us=124 response_tm_to_hixl_query_handle_us=9 total_us=12016 [28603,28616][completion_poller.cc:56,LogRequestDone]
[HIXL_QUERY_PERF] layer=comm_channel request=0xc mutex_wait_us=0 check_us=1 lookup_us=0 flag_check_us=0 complete_us=1 total_us=2 transfer_elapsed_us=1458 transfer_bytes=63 op_desc_count=1 transfer_status=1
[HIXL_QUERY_PERF] layer=adxl_inner request=0xc context_us=1 req_lock_wait_us=0 lookup_us=0 channel_us=5 cleanup_us=0 total_us=6 status=0 transfer_status=1
[HIXL_QUERY_PERF] layer=comm_engine request=0xc total_us=9 status=0 transfer_status=1
[2026-08-24 21:07:53.473210][UC][I] [HIXL_WORKER_PERF] task_id=154 queue_depth=1 enqueue_lock_wait_us=0 enqueue_us=0 queue_wait_us=5 execute_us=11 result_post_us=4 total_us=20 status=0 [28603,28616][hixl_instance.cpp:107,Run]
[2026-08-24 21:07:53.473215][UC][I] [QUERY_PERF] component=ucm layer=hixl_instance request=0xc queue_wait_us=5 backend_us=11 run_post_us=9 total_us=25 api_status=0 transfer_status=1 [28603,28616][hixl_instance.cpp:370,GetTransferStatus]
[2026-08-24 21:07:53.473218][UC][I] [QUERY_PERF] component=ucm layer=hixl_transport handle=25 request=0xc lifecycle_lock_us=0 pending_lock_wait_us=1 pending_lookup_us=0 instance_us=28 erase_us=0 total_us=29 transfer_status=1 [28603,28616][hixl_transport.cpp:734,GetStatus]
[2026-08-24 21:07:53.473227][UC][I] [QUERY_PERF] component=ucm layer=transport_manager handle=25 transport_handle=25 transfers_lock_wait_us=0 lookup_us=0 transport_us=38 total_us=38 api_status=0 transfer_status=1 [28603,28616][transport_manager.cpp:716,GetStatus]
[2026-08-24 21:07:53.473230][UC][I] [PERF] component=transport event=transfer_done manager=127.0.0.1:8000 target=127.0.0.1:4505 handle=25 transport_handle=25 opcode=1 direct=2 segments=1 bytes=63 status=1 api_status=0 submitted_ts_us=1787576873471833 completed_ts_us=1787576873473229 manager_get_status_ts_us=1787576873473188 backend_query_ts_us=1787576873473194 submit_us=226 transfer_us=1397 manager_to_backend_query_us=6 total_us=1623 [28603,28616][transport_manager.cpp:727,GetStatus]
[2026-08-24 21:07:53.473236][UC][I] [PERF] component=drampool event=request_done request_id=2 opcode=2 peer=127.0.0.1:4505 batch_size=108 data_bytes=7962624 failed_items=0 status=SUCCESS failed_stage=NONE received_ts_us=1787576873461231 worker_started_ts_us=1787576873466763 data_transfer_submitted_ts_us=1787576873466958 data_transfer_completed_ts_us=1787576873471584 response_submitted_ts_us=1787576873471845 completed_ts_us=1787576873473234 data_tm_execute_async_ts_us=1787576873466791 data_hixl_execute_async_ts_us=1787576873466801 data_tm_get_status_ts_us=1787576873470328 data_hixl_query_handle_ts_us=1787576873471530 response_tm_execute_async_ts_us=1787576873471606 response_hixl_execute_async_ts_us=1787576873471735 response_tm_get_status_ts_us=1787576873473188 response_hixl_query_handle_ts_us=1787576873473194 request_queue_us=5532 metadata_prepare_us=15 taskworker_prepare_us=197 poller_queue_us=50 data_transfer_us=4625 metadata_settle_us=21 response_slot_wait_us=0 response_submit_us=240 response_transfer_us=1389 data_tm_to_hixl_execute_async_us=11 data_tm_to_hixl_query_handle_us=1201 response_tm_to_hixl_execute_async_us=128 response_tm_to_hixl_query_handle_us=6 total_us=12003 [28603,28616][completion_poller.cc:56,LogRequestDone]
[HIXL_PERF] event=hccl_batch op=1 desc_num=108 hccl_us=110 status=0
[HIXL_PERF] event=issue_hccl_batch op=1 list_num=108 total_us=117
[HIXL_PERF] event=issue_async_host_flag op=1 list_num=108 context_us=1 hccl_issue_us=119 flag_memcpy_us=5 total_us=125
[HIXL_PERF] event=comm_channel_async op=1 list_num=108 mutex_wait_us=0 slot_us=1 host_flag_us=4 record_us=0 issue_us=128 total_us=133
[HIXL_PERF] event=adxl_inner_async op=1 list_num=108 context_us=0 connect_us=0 get_channel_us=1 channel_async_us=136 tail_us=1 total_us=138
[HIXL_PERF] event=comm_engine_async op=1 list_num=108 desc_build_us=1 inner_us=142 total_us=143 status=0
[2026-08-24 21:07:53.473271][UC][I] [HIXL_WORKER_PERF] task_id=152 queue_depth=1 enqueue_lock_wait_us=0 enqueue_us=0 queue_wait_us=6 execute_us=149 result_post_us=6 total_us=161 status=0 [28603,28617][hixl_instance.cpp:107,Run]
[HIXL_QUERY_PERF] layer=comm_channel request=0xb mutex_wait_us=0 check_us=0 lookup_us=1 flag_check_us=0 complete_us=2 total_us=3 transfer_elapsed_us=6254 transfer_bytes=7962624 op_desc_count=108 transfer_status=1
[HIXL_QUERY_PERF] layer=adxl_inner request=0xb context_us=0 req_lock_wait_us=0 lookup_us=1 channel_us=12 cleanup_us=1 total_us=14 status=0 transfer_status=1
[2026-08-24 21:07:53.473283][UC][I] [PERF] component=transport event=transfer_submitted manager=127.0.0.1:8000 target=127.0.0.1:4503 handle=27 transport_handle=27 opcode=1 direct=2 segments=108 bytes=7962624 submitted_ts_us=1787576873473281 manager_execute_async_ts_us=1787576873473107 backend_execute_async_ts_us=1787576873473118 manager_to_backend_execute_async_us=10 submit_us=174 [28603,28617][transport_manager.cpp:674,ExecuteAsync]
[HIXL_QUERY_PERF] layer=comm_engine request=0xb total_us=18 status=0 transfer_status=1
[2026-08-24 21:07:53.473293][UC][I] [DRAMPOOL_QUEUE_PERF] layer=request_queue request_id=3 opcode=2 peer=127.0.0.1:4501 wait_us=9680 threshold_us=400 [28603,28617][task_worker.cc:81,ProcessOneRequest]
[2026-08-24 21:07:53.473297][UC][I] [HIXL_WORKER_PERF] task_id=155 queue_depth=1 enqueue_lock_wait_us=0 enqueue_us=0 queue_wait_us=25 execute_us=25 result_post_us=4 total_us=54 status=0 [28603,28616][hixl_instance.cpp:107,Run]
[2026-08-24 21:07:53.473304][UC][I] [QUERY_PERF] component=ucm layer=hixl_instance request=0xb queue_wait_us=26 backend_us=24 run_post_us=10 total_us=60 api_status=0 transfer_status=1 [28603,28616][hixl_instance.cpp:370,GetTransferStatus]
[2026-08-24 21:07:53.473309][UC][I] [QUERY_PERF] component=ucm layer=hixl_transport handle=17 request=0xb lifecycle_lock_us=0 pending_lock_wait_us=0 pending_lookup_us=0 instance_us=65 erase_us=0 total_us=65 transfer_status=1 [28603,28616][hixl_transport.cpp:734,GetStatus]
[2026-08-24 21:07:53.473313][UC][I] [QUERY_PERF] component=ucm layer=transport_manager handle=17 transport_handle=17 transfers_lock_wait_us=1 lookup_us=0 transport_us=69 total_us=70 api_status=0 transfer_status=1 [28603,28616][transport_manager.cpp:716,GetStatus]
[2026-08-24 21:07:53.473316][UC][I] [PERF] component=transport event=transfer_done manager=127.0.0.1:8000 target=127.0.0.1:4508 handle=17 transport_handle=17 opcode=1 direct=2 segments=108 bytes=7962624 status=1 api_status=0 submitted_ts_us=1787576873468370 completed_ts_us=1787576873473315 manager_get_status_ts_us=1787576873473242 backend_query_ts_us=1787576873473268 submit_us=1366 transfer_us=4945 manager_to_backend_query_us=27 total_us=6311 [28603,28616][transport_manager.cpp:727,GetStatus]
[HIXL_PERF] event=hccl_batch op=1 desc_num=108 hccl_us=94 status=0
[HIXL_PERF] event=issue_hccl_batch op=1 list_num=108 total_us=102
[HIXL_PERF] event=issue_async_host_flag op=1 list_num=108 context_us=0 hccl_issue_us=104 flag_memcpy_us=5 total_us=109
[HIXL_PERF] event=comm_channel_async op=1 list_num=108 mutex_wait_us=1 slot_us=0 host_flag_us=0 record_us=1 issue_us=111 total_us=113
[HIXL_PERF] event=adxl_inner_async op=1 list_num=108 context_us=1 connect_us=0 get_channel_us=0 channel_async_us=115 tail_us=0 total_us=116
[HIXL_PERF] event=comm_engine_async op=1 list_num=108 desc_build_us=1 inner_us=118 total_us=119 status=0
[2026-08-24 21:07:53.473451][UC][I] [HIXL_WORKER_PERF] task_id=156 queue_depth=1 enqueue_lock_wait_us=1 enqueue_us=0 queue_wait_us=5 execute_us=125 result_post_us=5 total_us=136 status=0 [28603,28617][hixl_instance.cpp:107,Run]
[2026-08-24 21:07:53.473458][UC][I] [PERF] component=transport event=transfer_submitted manager=127.0.0.1:8000 target=127.0.0.1:4501 handle=28 transport_handle=28 opcode=1 direct=2 segments=108 bytes=7962624 submitted_ts_us=1787576873473457 manager_execute_async_ts_us=1787576873473312 backend_execute_async_ts_us=1787576873473323 manager_to_backend_execute_async_us=10 submit_us=143 [28603,28617][transport_manager.cpp:674,ExecuteAsync]
[2026-08-24 21:07:53.473463][UC][I] [DRAMPOOL_QUEUE_PERF] layer=request_queue request_id=4 opcode=2 peer=127.0.0.1:4501 wait_us=9848 threshold_us=400 [28603,28617][task_worker.cc:81,ProcessOneRequest]
[HIXL_PERF] event=hccl_batch op=1 desc_num=1 hccl_us=59 status=0
[HIXL_PERF] event=issue_hccl_batch op=1 list_num=1 total_us=67
[HIXL_PERF] event=issue_async_host_flag op=1 list_num=1 context_us=0 hccl_issue_us=69 flag_memcpy_us=4 total_us=73
[HIXL_PERF] event=comm_channel_async op=1 list_num=1 mutex_wait_us=0 slot_us=1 host_flag_us=0 record_us=0 issue_us=76 total_us=77
[HIXL_PERF] event=adxl_inner_async op=1 list_num=1 context_us=1 connect_us=0 get_channel_us=0 channel_async_us=79 tail_us=0 total_us=80
[HIXL_PERF] event=comm_engine_async op=1 list_num=1 desc_build_us=0 inner_us=82 total_us=82 status=0
[2026-08-24 21:07:53.473540][UC][I] [HIXL_WORKER_PERF] task_id=157 queue_depth=1 enqueue_lock_wait_us=0 enqueue_us=0 queue_wait_us=99 execute_us=86 result_post_us=5 total_us=190 status=0 [28603,28616][hixl_instance.cpp:107,Run]
[2026-08-24 21:07:53.473546][UC][I] [PERF] component=transport event=transfer_submitted manager=127.0.0.1:8000 target=127.0.0.1:4508 handle=29 transport_handle=29 opcode=1 direct=2 segments=1 bytes=63 submitted_ts_us=1787576873473545 manager_execute_async_ts_us=1787576873473348 backend_execute_async_ts_us=1787576873473448 manager_to_backend_execute_async_us=100 submit_us=197 [28603,28616][transport_manager.cpp:674,ExecuteAsync]
[HIXL_PERF] event=hccl_batch op=1 desc_num=108 hccl_us=89 status=0
[HIXL_PERF] event=issue_hccl_batch op=1 list_num=108 total_us=105
[HIXL_PERF] event=issue_async_host_flag op=1 list_num=108 context_us=0 hccl_issue_us=107 flag_memcpy_us=4 total_us=111
[HIXL_PERF] event=comm_channel_async op=1 list_num=108 mutex_wait_us=0 slot_us=0 host_flag_us=6 record_us=0 issue_us=114 total_us=120
[HIXL_PERF] event=adxl_inner_async op=1 list_num=108 context_us=0 connect_us=0 get_channel_us=1 channel_async_us=122 tail_us=0 total_us=123
[HIXL_PERF] event=comm_engine_async op=1 list_num=108 desc_build_us=1 inner_us=125 total_us=126 status=0
[2026-08-24 21:07:53.473675][UC][I] [HIXL_WORKER_PERF] task_id=158 queue_depth=1 enqueue_lock_wait_us=0 enqueue_us=0 queue_wait_us=28 execute_us=132 result_post_us=5 total_us=165 status=0 [28603,28617][hixl_instance.cpp:107,Run]
[HIXL_QUERY_PERF] layer=comm_channel request=0xc mutex_wait_us=0 check_us=0 lookup_us=0 flag_check_us=0 complete_us=2 total_us=2 transfer_elapsed_us=5262 transfer_bytes=7962624 op_desc_count=108 transfer_status=1
[HIXL_QUERY_PERF] layer=adxl_inner request=0xc context_us=1 req_lock_wait_us=0 lookup_us=1 channel_us=7 cleanup_us=1 total_us=10 status=0 transfer_status=1
[2026-08-24 21:07:53.473681][UC][I] [PERF] component=transport event=transfer_submitted manager=127.0.0.1:8000 target=127.0.0.1:4501 handle=30 transport_handle=30 opcode=1 direct=2 segments=108 bytes=7962624 submitted_ts_us=1787576873473680 manager_execute_async_ts_us=1787576873473507 backend_execute_async_ts_us=1787576873473538 manager_to_backend_execute_async_us=31 submit_us=173 [28603,28617][transport_manager.cpp:674,ExecuteAsync]
[HIXL_QUERY_PERF] layer=comm_engine request=0xc total_us=13 status=0 transfer_status=1
[2026-08-24 21:07:53.473695][UC][I] [HIXL_WORKER_PERF] task_id=159 queue_depth=1 enqueue_lock_wait_us=0 enqueue_us=1 queue_wait_us=120 execute_us=18 result_post_us=5 total_us=144 status=0 [28603,28616][hixl_instance.cpp:107,Run]
[2026-08-24 21:07:53.473700][UC][I] [QUERY_PERF] component=ucm layer=hixl_instance request=0xc queue_wait_us=121 backend_us=18 run_post_us=9 total_us=148 api_status=0 transfer_status=1 [28603,28616][hixl_instance.cpp:370,GetTransferStatus]
[2026-08-24 21:07:53.473704][UC][I] [QUERY_PERF] component=ucm layer=hixl_transport handle=18 request=0xc lifecycle_lock_us=0 pending_lock_wait_us=0 pending_lookup_us=0 instance_us=152 erase_us=0 total_us=152 transfer_status=1 [28603,28616][hixl_transport.cpp:734,GetStatus]
[2026-08-24 21:07:53.473708][UC][I] [QUERY_PERF] component=ucm layer=transport_manager handle=18 transport_handle=18 transfers_lock_wait_us=0 lookup_us=0 transport_us=156 total_us=156 api_status=0 transfer_status=1 [28603,28616][transport_manager.cpp:716,GetStatus]
[2026-08-24 21:07:53.473715][UC][I] [PERF] component=transport event=transfer_done manager=127.0.0.1:8000 target=127.0.0.1:4508 handle=18 transport_handle=18 opcode=1 direct=2 segments=108 bytes=7962624 status=1 api_status=0 submitted_ts_us=1787576873468572 completed_ts_us=1787576873473714 manager_get_status_ts_us=1787576873473550 backend_query_ts_us=1787576873473672 submit_us=174 transfer_us=5142 manager_to_backend_query_us=121 total_us=5316 [28603,28616][transport_manager.cpp:727,GetStatus]
[HIXL_PERF] event=hccl_batch op=1 desc_num=1 hccl_us=57 status=0
[HIXL_PERF] event=issue_hccl_batch op=1 list_num=1 total_us=65
[HIXL_PERF] event=issue_async_host_flag op=1 list_num=1 context_us=0 hccl_issue_us=67 flag_memcpy_us=5 total_us=72
[HIXL_PERF] event=comm_channel_async op=1 list_num=1 mutex_wait_us=1 slot_us=0 host_flag_us=0 record_us=0 issue_us=75 total_us=76
[HIXL_PERF] event=adxl_inner_async op=1 list_num=1 context_us=1 connect_us=0 get_channel_us=0 channel_async_us=78 tail_us=0 total_us=79
[HIXL_PERF] event=comm_engine_async op=1 list_num=1 desc_build_us=0 inner_us=81 total_us=81 status=0
[2026-08-24 21:07:53.473838][UC][I] [HIXL_WORKER_PERF] task_id=160 queue_depth=1 enqueue_lock_wait_us=0 enqueue_us=0 queue_wait_us=6 execute_us=84 result_post_us=5 total_us=95 status=0 [28603,28616][hixl_instance.cpp:107,Run]
[2026-08-24 21:07:53.473849][UC][I] [PERF] component=transport event=transfer_submitted manager=127.0.0.1:8000 target=127.0.0.1:4508 handle=31 transport_handle=31 opcode=1 direct=2 segments=1 bytes=63 submitted_ts_us=1787576873473848 manager_execute_async_ts_us=1787576873473742 backend_execute_async_ts_us=1787576873473749 manager_to_backend_execute_async_us=7 submit_us=106 [28603,28616][transport_manager.cpp:674,ExecuteAsync]
[HIXL_QUERY_PERF] layer=comm_channel request=0x7 mutex_wait_us=0 check_us=0 lookup_us=1 flag_check_us=0 complete_us=1 total_us=2 transfer_elapsed_us=5242 transfer_bytes=7962624 op_desc_count=108 transfer_status=1
[HIXL_QUERY_PERF] layer=adxl_inner request=0x7 context_us=0 req_lock_wait_us=0 lookup_us=1 channel_us=9 cleanup_us=0 total_us=10 status=0 transfer_status=1
[HIXL_QUERY_PERF] layer=comm_engine request=0x7 total_us=15 status=0 transfer_status=1
[2026-08-24 21:07:53.473884][UC][I] [HIXL_WORKER_PERF] task_id=161 queue_depth=1 enqueue_lock_wait_us=0 enqueue_us=0 queue_wait_us=5 execute_us=19 result_post_us=5 total_us=29 status=0 [28603,28616][hixl_instance.cpp:107,Run]
[2026-08-24 21:07:53.473889][UC][I] [QUERY_PERF] component=ucm layer=hixl_instance request=0x7 queue_wait_us=6 backend_us=18 run_post_us=10 total_us=34 api_status=0 transfer_status=1 [28603,28616][hixl_instance.cpp:370,GetTransferStatus]
[2026-08-24 21:07:53.473894][UC][I] [QUERY_PERF] component=ucm layer=hixl_transport handle=20 request=0x7 lifecycle_lock_us=0 pending_lock_wait_us=0 pending_lookup_us=0 instance_us=39 erase_us=0 total_us=39 transfer_status=1 [28603,28616][hixl_transport.cpp:734,GetStatus]
[2026-08-24 21:07:53.473899][UC][I] [QUERY_PERF] component=ucm layer=transport_manager handle=20 transport_handle=20 transfers_lock_wait_us=0 lookup_us=1 transport_us=45 total_us=46 api_status=0 transfer_status=1 [28603,28616][transport_manager.cpp:716,GetStatus]
[2026-08-24 21:07:53.473902][UC][I] [PERF] component=transport event=transfer_done manager=127.0.0.1:8000 target=127.0.0.1:4507 handle=20 transport_handle=20 opcode=1 direct=2 segments=108 bytes=7962624 status=1 api_status=0 submitted_ts_us=1787576873470025 completed_ts_us=1787576873473901 manager_get_status_ts_us=1787576873473853 backend_query_ts_us=1787576873473859 submit_us=1421 transfer_us=3876 manager_to_backend_query_us=7 total_us=5297 [28603,28616][transport_manager.cpp:727,GetStatus]
[HIXL_PERF] event=hccl_batch op=1 desc_num=1 hccl_us=58 status=0
[HIXL_PERF] event=issue_hccl_batch op=1 list_num=1 total_us=66
[HIXL_PERF] event=issue_async_host_flag op=1 list_num=1 context_us=0 hccl_issue_us=67 flag_memcpy_us=5 total_us=72
[HIXL_PERF] event=comm_channel_async op=1 list_num=1 mutex_wait_us=0 slot_us=0 host_flag_us=0 record_us=1 issue_us=74 total_us=75
[HIXL_PERF] event=adxl_inner_async op=1 list_num=1 context_us=0 connect_us=0 get_channel_us=1 channel_async_us=81 tail_us=0 total_us=82
[HIXL_PERF] event=comm_engine_async op=1 list_num=1 desc_build_us=0 inner_us=85 total_us=85 status=0
[2026-08-24 21:07:53.474018][UC][I] [HIXL_WORKER_PERF] task_id=162 queue_depth=1 enqueue_lock_wait_us=0 enqueue_us=0 queue_wait_us=5 execute_us=92 result_post_us=5 total_us=102 status=0 [28603,28616][hixl_instance.cpp:107,Run]
[2026-08-24 21:07:53.474025][UC][I] [PERF] component=transport event=transfer_submitted manager=127.0.0.1:8000 target=127.0.0.1:4507 handle=32 transport_handle=32 opcode=1 direct=2 segments=1 bytes=63 submitted_ts_us=1787576873474024 manager_execute_async_ts_us=1787576873473914 backend_execute_async_ts_us=1787576873473920 manager_to_backend_execute_async_us=6 submit_us=110 [28603,28616][transport_manager.cpp:674,ExecuteAsync]
[HIXL_QUERY_PERF] layer=comm_channel request=0x8 mutex_wait_us=0 check_us=0 lookup_us=1 flag_check_us=0 complete_us=1 total_us=2 transfer_elapsed_us=3949 transfer_bytes=7962624 op_desc_count=108 transfer_status=1
[HIXL_QUERY_PERF] layer=adxl_inner request=0x8 context_us=1 req_lock_wait_us=0 lookup_us=0 channel_us=8 cleanup_us=0 total_us=9 status=0 transfer_status=1
[HIXL_QUERY_PERF] layer=comm_engine request=0x8 total_us=12 status=0 transfer_status=1
[2026-08-24 21:07:53.474055][UC][I] [HIXL_WORKER_PERF] task_id=163 queue_depth=1 enqueue_lock_wait_us=0 enqueue_us=0 queue_wait_us=6 execute_us=15 result_post_us=4 total_us=25 status=0 [28603,28616][hixl_instance.cpp:107,Run]
[2026-08-24 21:07:53.474059][UC][I] [QUERY_PERF] component=ucm layer=hixl_instance request=0x8 queue_wait_us=6 backend_us=15 run_post_us=9 total_us=30 api_status=0 transfer_status=1 [28603,28616][hixl_instance.cpp:370,GetTransferStatus]
[2026-08-24 21:07:53.474063][UC][I] [QUERY_PERF] component=ucm layer=hixl_transport handle=21 request=0x8 lifecycle_lock_us=0 pending_lock_wait_us=0 pending_lookup_us=0 instance_us=33 erase_us=0 total_us=33 transfer_status=1 [28603,28616][hixl_transport.cpp:734,GetStatus]
[2026-08-24 21:07:53.474066][UC][I] [QUERY_PERF] component=ucm layer=transport_manager handle=21 transport_handle=21 transfers_lock_wait_us=0 lookup_us=1 transport_us=37 total_us=38 api_status=0 transfer_status=1 [28603,28616][transport_manager.cpp:716,GetStatus]
[2026-08-24 21:07:53.474070][UC][I] [PERF] component=transport event=transfer_done manager=127.0.0.1:8000 target=127.0.0.1:4507 handle=21 transport_handle=21 opcode=1 direct=2 segments=108 bytes=7962624 status=1 api_status=0 submitted_ts_us=1787576873470223 completed_ts_us=1787576873474068 manager_get_status_ts_us=1787576873474028 backend_query_ts_us=1787576873474035 submit_us=148 transfer_us=3845 manager_to_backend_query_us=7 total_us=3993 [28603,28616][transport_manager.cpp:727,GetStatus]
[HIXL_PERF] event=hccl_batch op=1 desc_num=1 hccl_us=56 status=0
[HIXL_PERF] event=issue_hccl_batch op=1 list_num=1 total_us=62
[HIXL_PERF] event=issue_async_host_flag op=1 list_num=1 context_us=0 hccl_issue_us=64 flag_memcpy_us=4 total_us=68
[HIXL_PERF] event=comm_channel_async op=1 list_num=1 mutex_wait_us=0 slot_us=0 host_flag_us=0 record_us=1 issue_us=71 total_us=72
[HIXL_PERF] event=adxl_inner_async op=1 list_num=1 context_us=1 connect_us=0 get_channel_us=0 channel_async_us=74 tail_us=0 total_us=75
[HIXL_PERF] event=comm_engine_async op=1 list_num=1 desc_build_us=0 inner_us=77 total_us=77 status=0
[2026-08-24 21:07:53.474179][UC][I] [HIXL_WORKER_PERF] task_id=164 queue_depth=1 enqueue_lock_wait_us=0 enqueue_us=0 queue_wait_us=5 execute_us=82 result_post_us=5 total_us=92 status=0 [28603,28616][hixl_instance.cpp:107,Run]
[2026-08-24 21:07:53.474185][UC][I] [PERF] component=transport event=transfer_submitted manager=127.0.0.1:8000 target=127.0.0.1:4507 handle=33 transport_handle=33 opcode=1 direct=2 segments=1 bytes=63 submitted_ts_us=1787576873474184 manager_execute_async_ts_us=1787576873474086 backend_execute_async_ts_us=1787576873474092 manager_to_backend_execute_async_us=6 submit_us=99 [28603,28616][transport_manager.cpp:674,ExecuteAsync]
[HIXL_QUERY_PERF] layer=comm_channel request=0xa mutex_wait_us=0 check_us=0 lookup_us=0 flag_check_us=1 complete_us=1 total_us=2 transfer_elapsed_us=3889 transfer_bytes=7962624 op_desc_count=108 transfer_status=1
[HIXL_QUERY_PERF] layer=adxl_inner request=0xa context_us=0 req_lock_wait_us=0 lookup_us=1 channel_us=7 cleanup_us=1 total_us=9 status=0 transfer_status=1
[HIXL_QUERY_PERF] layer=comm_engine request=0xa total_us=13 status=0 transfer_status=1
[2026-08-24 21:07:53.474221][UC][I] [HIXL_WORKER_PERF] task_id=165 queue_depth=1 enqueue_lock_wait_us=0 enqueue_us=0 queue_wait_us=5 execute_us=17 result_post_us=5 total_us=27 status=0 [28603,28616][hixl_instance.cpp:107,Run]
[2026-08-24 21:07:53.474227][UC][I] [QUERY_PERF] component=ucm layer=hixl_instance request=0xa queue_wait_us=6 backend_us=17 run_post_us=11 total_us=34 api_status=0 transfer_status=1 [28603,28616][hixl_instance.cpp:370,GetTransferStatus]
[2026-08-24 21:07:53.474230][UC][I] [QUERY_PERF] component=ucm layer=hixl_transport handle=23 request=0xa lifecycle_lock_us=0 pending_lock_wait_us=0 pending_lookup_us=0 instance_us=37 erase_us=0 total_us=37 transfer_status=1 [28603,28616][hixl_transport.cpp:734,GetStatus]
[2026-08-24 21:07:53.474233][UC][I] [QUERY_PERF] component=ucm layer=transport_manager handle=23 transport_handle=23 transfers_lock_wait_us=0 lookup_us=0 transport_us=41 total_us=41 api_status=0 transfer_status=1 [28603,28616][transport_manager.cpp:716,GetStatus]
[2026-08-24 21:07:53.474236][UC][I] [PERF] component=transport event=transfer_done manager=127.0.0.1:8000 target=127.0.0.1:4504 handle=23 transport_handle=23 opcode=1 direct=2 segments=108 bytes=7962624 status=1 api_status=0 submitted_ts_us=1787576873471548 completed_ts_us=1787576873474235 manager_get_status_ts_us=1787576873474192 backend_query_ts_us=1787576873474198 submit_us=1268 transfer_us=2688 manager_to_backend_query_us=6 total_us=3956 [28603,28616][transport_manager.cpp:727,GetStatus]
[HIXL_PERF] event=hccl_batch op=1 desc_num=1 hccl_us=54 status=0
[HIXL_PERF] event=issue_hccl_batch op=1 list_num=1 total_us=66
[HIXL_PERF] event=issue_async_host_flag op=1 list_num=1 context_us=0 hccl_issue_us=68 flag_memcpy_us=4 total_us=72
[HIXL_PERF] event=comm_channel_async op=1 list_num=1 mutex_wait_us=0 slot_us=0 host_flag_us=1 record_us=0 issue_us=76 total_us=77
[HIXL_PERF] event=adxl_inner_async op=1 list_num=1 context_us=1 connect_us=0 get_channel_us=0 channel_async_us=83 tail_us=0 total_us=84
[HIXL_PERF] event=comm_engine_async op=1 list_num=1 desc_build_us=0 inner_us=87 total_us=87 status=0
[2026-08-24 21:07:53.474352][UC][I] [HIXL_WORKER_PERF] task_id=166 queue_depth=1 enqueue_lock_wait_us=0 enqueue_us=0 queue_wait_us=5 execute_us=91 result_post_us=6 total_us=102 status=0 [28603,28616][hixl_instance.cpp:107,Run]
[2026-08-24 21:07:53.474362][UC][I] [PERF] component=transport event=transfer_submitted manager=127.0.0.1:8000 target=127.0.0.1:4504 handle=34 transport_handle=34 opcode=1 direct=2 segments=1 bytes=63 submitted_ts_us=1787576873474361 manager_execute_async_ts_us=1787576873474249 backend_execute_async_ts_us=1787576873474255 manager_to_backend_execute_async_us=6 submit_us=112 [28603,28616][transport_manager.cpp:674,ExecuteAsync]
[HIXL_QUERY_PERF] layer=comm_channel request=0xb mutex_wait_us=0 check_us=0 lookup_us=0 flag_check_us=1 complete_us=1 total_us=2 transfer_elapsed_us=2783 transfer_bytes=7962624 op_desc_count=108 transfer_status=1
[HIXL_QUERY_PERF] layer=adxl_inner request=0xb context_us=0 req_lock_wait_us=0 lookup_us=1 channel_us=7 cleanup_us=1 total_us=9 status=0 transfer_status=1
[HIXL_QUERY_PERF] layer=comm_engine request=0xb total_us=11 status=0 transfer_status=1
[2026-08-24 21:07:53.474390][UC][I] [HIXL_WORKER_PERF] task_id=167 queue_depth=1 enqueue_lock_wait_us=0 enqueue_us=0 queue_wait_us=5 execute_us=14 result_post_us=4 total_us=23 status=0 [28603,28616][hixl_instance.cpp:107,Run]
[2026-08-24 21:07:53.474395][UC][I] [QUERY_PERF] component=ucm layer=hixl_instance request=0xb queue_wait_us=5 backend_us=14 run_post_us=10 total_us=29 api_status=0 transfer_status=1 [28603,28616][hixl_instance.cpp:370,GetTransferStatus]
[2026-08-24 21:07:53.474410][UC][I] [QUERY_PERF] component=ucm layer=hixl_transport handle=24 request=0xb lifecycle_lock_us=0 pending_lock_wait_us=1 pending_lookup_us=0 instance_us=43 erase_us=0 total_us=44 transfer_status=1 [28603,28616][hixl_transport.cpp:734,GetStatus]
[2026-08-24 21:07:53.474414][UC][I] [QUERY_PERF] component=ucm layer=transport_manager handle=24 transport_handle=24 transfers_lock_wait_us=0 lookup_us=0 transport_us=49 total_us=49 api_status=0 transfer_status=1 [28603,28616][transport_manager.cpp:716,GetStatus]
[2026-08-24 21:07:53.474420][UC][I] [PERF] component=transport event=transfer_done manager=127.0.0.1:8000 target=127.0.0.1:4504 handle=24 transport_handle=24 opcode=1 direct=2 segments=108 bytes=7962624 status=1 api_status=0 submitted_ts_us=1787576873471744 completed_ts_us=1787576873474419 manager_get_status_ts_us=1787576873474365 backend_query_ts_us=1787576873474371 submit_us=168 transfer_us=2676 manager_to_backend_query_us=6 total_us=2844 [28603,28616][transport_manager.cpp:727,GetStatus]
[HIXL_PERF] event=hccl_batch op=1 desc_num=1 hccl_us=54 status=0
[HIXL_PERF] event=issue_hccl_batch op=1 list_num=1 total_us=60
[HIXL_PERF] event=issue_async_host_flag op=1 list_num=1 context_us=1 hccl_issue_us=62 flag_memcpy_us=4 total_us=67
[HIXL_PERF] event=comm_channel_async op=1 list_num=1 mutex_wait_us=0 slot_us=0 host_flag_us=0 record_us=0 issue_us=70 total_us=70
[HIXL_PERF] event=adxl_inner_async op=1 list_num=1 context_us=0 connect_us=0 get_channel_us=1 channel_async_us=72 tail_us=1 total_us=74
[HIXL_PERF] event=comm_engine_async op=1 list_num=1 desc_build_us=0 inner_us=76 total_us=76 status=0
[2026-08-24 21:07:53.474530][UC][I] [HIXL_WORKER_PERF] task_id=168 queue_depth=1 enqueue_lock_wait_us=0 enqueue_us=0 queue_wait_us=5 execute_us=80 result_post_us=6 total_us=91 status=0 [28603,28616][hixl_instance.cpp:107,Run]
[2026-08-24 21:07:53.474536][UC][I] [PERF] component=transport event=transfer_submitted manager=127.0.0.1:8000 target=127.0.0.1:4504 handle=35 transport_handle=35 opcode=1 direct=2 segments=1 bytes=63 submitted_ts_us=1787576873474535 manager_execute_async_ts_us=1787576873474438 backend_execute_async_ts_us=1787576873474444 manager_to_backend_execute_async_us=6 submit_us=97 [28603,28616][transport_manager.cpp:674,ExecuteAsync]
[2026-08-24 21:07:53.474541][UC][I] [DRAMPOOL_QUEUE_PERF] layer=poller_queue request_id=1 opcode=2 peer=127.0.0.1:4503 wait_us=1452 pending_size=6 pending_depth=64 threshold_us=400 [28603,28616][completion_poller.cc:134,FillPendingWindow]
[2026-08-24 21:07:53.474544][UC][I] [DRAMPOOL_QUEUE_PERF] layer=poller_queue request_id=2 opcode=2 peer=127.0.0.1:4503 wait_us=1253 pending_size=7 pending_depth=64 threshold_us=400 [28603,28616][completion_poller.cc:134,FillPendingWindow]
[2026-08-24 21:07:53.474549][UC][I] [DRAMPOOL_QUEUE_PERF] layer=poller_queue request_id=3 opcode=2 peer=127.0.0.1:4501 wait_us=1087 pending_size=8 pending_depth=64 threshold_us=400 [28603,28616][completion_poller.cc:134,FillPendingWindow]
[2026-08-24 21:07:53.474552][UC][I] [DRAMPOOL_QUEUE_PERF] layer=poller_queue request_id=4 opcode=2 peer=127.0.0.1:4501 wait_us=862 pending_size=9 pending_depth=64 threshold_us=400 [28603,28616][completion_poller.cc:134,FillPendingWindow]
[HIXL_QUERY_PERF] layer=comm_channel request=0x11 mutex_wait_us=0 check_us=0 lookup_us=1 flag_check_us=0 complete_us=1 total_us=2 transfer_elapsed_us=1114 transfer_bytes=63 op_desc_count=1 transfer_status=1
[HIXL_QUERY_PERF] layer=adxl_inner request=0x11 context_us=1 req_lock_wait_us=0 lookup_us=0 channel_us=7 cleanup_us=0 total_us=8 status=0 transfer_status=1
[HIXL_QUERY_PERF] layer=comm_engine request=0x11 total_us=18 status=0 transfer_status=1
[2026-08-24 21:07:53.474590][UC][I] [HIXL_WORKER_PERF] task_id=169 queue_depth=1 enqueue_lock_wait_us=1 enqueue_us=0 queue_wait_us=5 execute_us=22 result_post_us=4 total_us=32 status=0 [28603,28616][hixl_instance.cpp:107,Run]
[2026-08-24 21:07:53.474595][UC][I] [QUERY_PERF] component=ucm layer=hixl_instance request=0x11 queue_wait_us=6 backend_us=22 run_post_us=10 total_us=38 api_status=0 transfer_status=1 [28603,28616][hixl_instance.cpp:370,GetTransferStatus]
[2026-08-24 21:07:53.474601][UC][I] [QUERY_PERF] component=ucm layer=hixl_transport handle=29 request=0x11 lifecycle_lock_us=0 pending_lock_wait_us=0 pending_lookup_us=0 instance_us=43 erase_us=0 total_us=43 transfer_status=1 [28603,28616][hixl_transport.cpp:734,GetStatus]
[2026-08-24 21:07:53.474604][UC][I] [QUERY_PERF] component=ucm layer=transport_manager handle=29 transport_handle=29 transfers_lock_wait_us=0 lookup_us=0 transport_us=46 total_us=46 api_status=0 transfer_status=1 [28603,28616][transport_manager.cpp:716,GetStatus]
[2026-08-24 21:07:53.474607][UC][I] [PERF] component=transport event=transfer_done manager=127.0.0.1:8000 target=127.0.0.1:4508 handle=29 transport_handle=29 opcode=1 direct=2 segments=1 bytes=63 status=1 api_status=0 submitted_ts_us=1787576873473545 completed_ts_us=1787576873474606 manager_get_status_ts_us=1787576873474557 backend_query_ts_us=1787576873474562 submit_us=197 transfer_us=1061 manager_to_backend_query_us=6 total_us=1258 [28603,28616][transport_manager.cpp:727,GetStatus]
[2026-08-24 21:07:53.474612][UC][I] [PERF] component=drampool event=request_done request_id=1 opcode=2 peer=127.0.0.1:4508 batch_size=108 data_bytes=7962624 failed_items=0 status=SUCCESS failed_stage=NONE received_ts_us=1787576873461233 worker_started_ts_us=1787576873466960 data_transfer_submitted_ts_us=1787576873468376 data_transfer_completed_ts_us=1787576873473324 response_submitted_ts_us=1787576873473550 completed_ts_us=1787576873474610 data_tm_execute_async_ts_us=1787576873467003 data_hixl_execute_async_ts_us=1787576873467013 data_tm_get_status_ts_us=1787576873473242 data_hixl_query_handle_ts_us=1787576873473268 response_tm_execute_async_ts_us=1787576873473348 response_hixl_execute_async_ts_us=1787576873473448 response_tm_get_status_ts_us=1787576873474557 response_hixl_query_handle_ts_us=1787576873474562 request_queue_us=5727 metadata_prepare_us=36 taskworker_prepare_us=1416 poller_queue_us=3469 data_transfer_us=4949 metadata_settle_us=20 response_slot_wait_us=1 response_submit_us=204 response_transfer_us=1059 data_tm_to_hixl_execute_async_us=10 data_tm_to_hixl_query_handle_us=27 response_tm_to_hixl_execute_async_us=100 response_tm_to_hixl_query_handle_us=6 total_us=13376 [28603,28616][completion_poller.cc:56,LogRequestDone]
[HIXL_QUERY_PERF] layer=comm_channel request=0x13 mutex_wait_us=0 check_us=0 lookup_us=0 flag_check_us=0 complete_us=1 total_us=1 transfer_elapsed_us=881 transfer_bytes=63 op_desc_count=1 transfer_status=1
[HIXL_QUERY_PERF] layer=adxl_inner request=0x13 context_us=0 req_lock_wait_us=0 lookup_us=1 channel_us=5 cleanup_us=0 total_us=6 status=0 transfer_status=1
[HIXL_QUERY_PERF] layer=comm_engine request=0x13 total_us=10 status=0 transfer_status=1
[2026-08-24 21:07:53.474649][UC][I] [HIXL_WORKER_PERF] task_id=170 queue_depth=1 enqueue_lock_wait_us=0 enqueue_us=0 queue_wait_us=4 execute_us=14 result_post_us=4 total_us=22 status=0 [28603,28616][hixl_instance.cpp:107,Run]
[2026-08-24 21:07:53.474655][UC][I] [QUERY_PERF] component=ucm layer=hixl_instance request=0x13 queue_wait_us=4 backend_us=14 run_post_us=10 total_us=28 api_status=0 transfer_status=1 [28603,28616][hixl_instance.cpp:370,GetTransferStatus]
[2026-08-24 21:07:53.474658][UC][I] [QUERY_PERF] component=ucm layer=hixl_transport handle=31 request=0x13 lifecycle_lock_us=0 pending_lock_wait_us=0 pending_lookup_us=0 instance_us=32 erase_us=0 total_us=32 transfer_status=1 [28603,28616][hixl_transport.cpp:734,GetStatus]
[2026-08-24 21:07:53.474661][UC][I] [QUERY_PERF] component=ucm layer=transport_manager handle=31 transport_handle=31 transfers_lock_wait_us=0 lookup_us=0 transport_us=36 total_us=36 api_status=0 transfer_status=1 [28603,28616][transport_manager.cpp:716,GetStatus]
[2026-08-24 21:07:53.474665][UC][I] [PERF] component=transport event=transfer_done manager=127.0.0.1:8000 target=127.0.0.1:4508 handle=31 transport_handle=31 opcode=1 direct=2 segments=1 bytes=63 status=1 api_status=0 submitted_ts_us=1787576873473848 completed_ts_us=1787576873474664 manager_get_status_ts_us=1787576873474625 backend_query_ts_us=1787576873474630 submit_us=106 transfer_us=815 manager_to_backend_query_us=5 total_us=921 [28603,28616][transport_manager.cpp:727,GetStatus]
[2026-08-24 21:07:53.474671][UC][I] [PERF] component=drampool event=request_done request_id=2 opcode=2 peer=127.0.0.1:4508 batch_size=108 data_bytes=7962624 failed_items=0 status=SUCCESS failed_stage=NONE received_ts_us=1787576873461236 worker_started_ts_us=1787576873468378 data_transfer_submitted_ts_us=1787576873468582 data_transfer_completed_ts_us=1787576873473720 response_submitted_ts_us=1787576873473853 completed_ts_us=1787576873474669 data_tm_execute_async_ts_us=1787576873468396 data_hixl_execute_async_ts_us=1787576873468409 data_tm_get_status_ts_us=1787576873473550 data_hixl_query_handle_ts_us=1787576873473672 response_tm_execute_async_ts_us=1787576873473742 response_hixl_execute_async_ts_us=1787576873473749 response_tm_get_status_ts_us=1787576873474625 response_hixl_query_handle_ts_us=1787576873474630 request_queue_us=7142 metadata_prepare_us=13 taskworker_prepare_us=205 poller_queue_us=3270 data_transfer_us=5138 metadata_settle_us=20 response_slot_wait_us=1 response_submit_us=112 response_transfer_us=816 data_tm_to_hixl_execute_async_us=13 data_tm_to_hixl_query_handle_us=121 response_tm_to_hixl_execute_async_us=7 response_tm_to_hixl_query_handle_us=5 total_us=13433 [28603,28616][completion_poller.cc:56,LogRequestDone]
[HIXL_QUERY_PERF] layer=comm_channel request=0xd mutex_wait_us=0 check_us=0 lookup_us=0 flag_check_us=0 complete_us=1 total_us=1 transfer_elapsed_us=761 transfer_bytes=63 op_desc_count=1 transfer_status=1
[HIXL_QUERY_PERF] layer=adxl_inner request=0xd context_us=0 req_lock_wait_us=0 lookup_us=1 channel_us=6 cleanup_us=0 total_us=7 status=0 transfer_status=1
[HIXL_QUERY_PERF] layer=comm_engine request=0xd total_us=11 status=0 transfer_status=1
[2026-08-24 21:07:53.474702][UC][I] [HIXL_WORKER_PERF] task_id=171 queue_depth=1 enqueue_lock_wait_us=0 enqueue_us=1 queue_wait_us=5 execute_us=15 result_post_us=5 total_us=26 status=0 [28603,28616][hixl_instance.cpp:107,Run]
[2026-08-24 21:07:53.474709][UC][I] [QUERY_PERF] component=ucm layer=hixl_instance request=0xd queue_wait_us=6 backend_us=15 run_post_us=13 total_us=34 api_status=0 transfer_status=1 [28603,28616][hixl_instance.cpp:370,GetTransferStatus]
[2026-08-24 21:07:53.474713][UC][I] [QUERY_PERF] component=ucm layer=hixl_transport handle=32 request=0xd lifecycle_lock_us=0 pending_lock_wait_us=0 pending_lookup_us=0 instance_us=37 erase_us=0 total_us=37 transfer_status=1 [28603,28616][hixl_transport.cpp:734,GetStatus]
[2026-08-24 21:07:53.474716][UC][I] [QUERY_PERF] component=ucm layer=transport_manager handle=32 transport_handle=32 transfers_lock_wait_us=0 lookup_us=0 transport_us=41 total_us=41 api_status=0 transfer_status=1 [28603,28616][transport_manager.cpp:716,GetStatus]
[2026-08-24 21:07:53.474727][UC][I] [PERF] component=transport event=transfer_done manager=127.0.0.1:8000 target=127.0.0.1:4507 handle=32 transport_handle=32 opcode=1 direct=2 segments=1 bytes=63 status=1 api_status=0 submitted_ts_us=1787576873474024 completed_ts_us=1787576873474726 manager_get_status_ts_us=1787576873474675 backend_query_ts_us=1787576873474681 submit_us=110 transfer_us=702 manager_to_backend_query_us=6 total_us=812 [28603,28616][transport_manager.cpp:727,GetStatus]
[2026-08-24 21:07:53.474733][UC][I] [PERF] component=drampool event=request_done request_id=1 opcode=2 peer=127.0.0.1:4507 batch_size=108 data_bytes=7962624 failed_items=0 status=SUCCESS failed_stage=NONE received_ts_us=1787576873461238 worker_started_ts_us=1787576873468584 data_transfer_submitted_ts_us=1787576873470032 data_transfer_completed_ts_us=1787576873473905 response_submitted_ts_us=1787576873474028 completed_ts_us=1787576873474731 data_tm_execute_async_ts_us=1787576873468603 data_hixl_execute_async_ts_us=1787576873468615 data_tm_get_status_ts_us=1787576873473853 data_hixl_query_handle_ts_us=1787576873473859 response_tm_execute_async_ts_us=1787576873473914 response_hixl_execute_async_ts_us=1787576873473920 response_tm_get_status_ts_us=1787576873474675 response_hixl_query_handle_ts_us=1787576873474681 request_queue_us=7345 metadata_prepare_us=12 taskworker_prepare_us=1449 poller_queue_us=1823 data_transfer_us=3873 metadata_settle_us=7 response_slot_wait_us=1 response_submit_us=115 response_transfer_us=702 data_tm_to_hixl_execute_async_us=12 data_tm_to_hixl_query_handle_us=7 response_tm_to_hixl_execute_async_us=6 response_tm_to_hixl_query_handle_us=6 total_us=13492 [28603,28616][completion_poller.cc:56,LogRequestDone]
[HIXL_QUERY_PERF] layer=comm_channel request=0xe mutex_wait_us=0 check_us=0 lookup_us=0 flag_check_us=0 complete_us=1 total_us=1 transfer_elapsed_us=659 transfer_bytes=63 op_desc_count=1 transfer_status=1
[HIXL_QUERY_PERF] layer=adxl_inner request=0xe context_us=1 req_lock_wait_us=0 lookup_us=0 channel_us=6 cleanup_us=0 total_us=7 status=0 transfer_status=1
[HIXL_QUERY_PERF] layer=comm_engine request=0xe total_us=12 status=0 transfer_status=1
[2026-08-24 21:07:53.474770][UC][I] [HIXL_WORKER_PERF] task_id=172 queue_depth=1 enqueue_lock_wait_us=0 enqueue_us=0 queue_wait_us=5 execute_us=13 result_post_us=5 total_us=23 status=0 [28603,28616][hixl_instance.cpp:107,Run]
[2026-08-24 21:07:53.474776][UC][I] [QUERY_PERF] component=ucm layer=hixl_instance request=0xe queue_wait_us=5 backend_us=13 run_post_us=11 total_us=29 api_status=0 transfer_status=1 [28603,28616][hixl_instance.cpp:370,GetTransferStatus]
[2026-08-24 21:07:53.474781][UC][I] [QUERY_PERF] component=ucm layer=hixl_transport handle=33 request=0xe lifecycle_lock_us=0 pending_lock_wait_us=0 pending_lookup_us=0 instance_us=34 erase_us=0 total_us=34 transfer_status=1 [28603,28616][hixl_transport.cpp:734,GetStatus]
[2026-08-24 21:07:53.474785][UC][I] [QUERY_PERF] component=ucm layer=transport_manager handle=33 transport_handle=33 transfers_lock_wait_us=0 lookup_us=0 transport_us=39 total_us=39 api_status=0 transfer_status=1 [28603,28616][transport_manager.cpp:716,GetStatus]
[2026-08-24 21:07:53.474788][UC][I] [PERF] component=transport event=transfer_done manager=127.0.0.1:8000 target=127.0.0.1:4507 handle=33 transport_handle=33 opcode=1 direct=2 segments=1 bytes=63 status=1 api_status=0 submitted_ts_us=1787576873474184 completed_ts_us=1787576873474788 manager_get_status_ts_us=1787576873474746 backend_query_ts_us=1787576873474752 submit_us=99 transfer_us=603 manager_to_backend_query_us=6 total_us=702 [28603,28616][transport_manager.cpp:727,GetStatus]
[2026-08-24 21:07:53.474793][UC][I] [PERF] component=drampool event=request_done request_id=2 opcode=2 peer=127.0.0.1:4507 batch_size=108 data_bytes=7962624 failed_items=0 status=SUCCESS failed_stage=NONE received_ts_us=1787576873461240 worker_started_ts_us=1787576873470034 data_transfer_submitted_ts_us=1787576873470228 data_transfer_completed_ts_us=1787576873474077 response_submitted_ts_us=1787576873474191 completed_ts_us=1787576873474791 data_tm_execute_async_ts_us=1787576873470074 data_hixl_execute_async_ts_us=1787576873470084 data_tm_get_status_ts_us=1787576873474028 data_hixl_query_handle_ts_us=1787576873474035 response_tm_execute_async_ts_us=1787576873474086 response_hixl_execute_async_ts_us=1787576873474092 response_tm_get_status_ts_us=1787576873474746 response_hixl_query_handle_ts_us=1787576873474752 request_queue_us=8794 metadata_prepare_us=31 taskworker_prepare_us=195 poller_queue_us=1632 data_transfer_us=3850 metadata_settle_us=6 response_slot_wait_us=1 response_submit_us=106 response_transfer_us=600 data_tm_to_hixl_execute_async_us=10 data_tm_to_hixl_query_handle_us=7 response_tm_to_hixl_execute_async_us=6 response_tm_to_hixl_query_handle_us=6 total_us=13552 [28603,28616][completion_poller.cc:56,LogRequestDone]
[HIXL_QUERY_PERF] layer=comm_channel request=0xf mutex_wait_us=0 check_us=0 lookup_us=0 flag_check_us=1 complete_us=0 total_us=1 transfer_elapsed_us=550 transfer_bytes=63 op_desc_count=1 transfer_status=1
[HIXL_QUERY_PERF] layer=adxl_inner request=0xf context_us=1 req_lock_wait_us=0 lookup_us=0 channel_us=5 cleanup_us=0 total_us=6 status=0 transfer_status=1
[HIXL_QUERY_PERF] layer=comm_engine request=0xf total_us=12 status=0 transfer_status=1
[2026-08-24 21:07:53.474825][UC][I] [HIXL_WORKER_PERF] task_id=173 queue_depth=1 enqueue_lock_wait_us=0 enqueue_us=0 queue_wait_us=5 execute_us=14 result_post_us=4 total_us=23 status=0 [28603,28616][hixl_instance.cpp:107,Run]
[2026-08-24 21:07:53.474830][UC][I] [QUERY_PERF] component=ucm layer=hixl_instance request=0xf queue_wait_us=5 backend_us=14 run_post_us=10 total_us=29 api_status=0 transfer_status=1 [28603,28616][hixl_instance.cpp:370,GetTransferStatus]
[2026-08-24 21:07:53.474833][UC][I] [QUERY_PERF] component=ucm layer=hixl_transport handle=34 request=0xf lifecycle_lock_us=0 pending_lock_wait_us=1 pending_lookup_us=0 instance_us=31 erase_us=0 total_us=32 transfer_status=1 [28603,28616][hixl_transport.cpp:734,GetStatus]
[2026-08-24 21:07:53.474836][UC][I] [QUERY_PERF] component=ucm layer=transport_manager handle=34 transport_handle=34 transfers_lock_wait_us=0 lookup_us=0 transport_us=36 total_us=36 api_status=0 transfer_status=1 [28603,28616][transport_manager.cpp:716,GetStatus]
[2026-08-24 21:07:53.474840][UC][I] [PERF] component=transport event=transfer_done manager=127.0.0.1:8000 target=127.0.0.1:4504 handle=34 transport_handle=34 opcode=1 direct=2 segments=1 bytes=63 status=1 api_status=0 submitted_ts_us=1787576873474361 completed_ts_us=1787576873474839 manager_get_status_ts_us=1787576873474800 backend_query_ts_us=1787576873474806 submit_us=112 transfer_us=478 manager_to_backend_query_us=6 total_us=590 [28603,28616][transport_manager.cpp:727,GetStatus]
[2026-08-24 21:07:53.474846][UC][I] [PERF] component=drampool event=request_done request_id=1 opcode=2 peer=127.0.0.1:4504 batch_size=108 data_bytes=7962624 failed_items=0 status=SUCCESS failed_stage=NONE received_ts_us=1787576873461345 worker_started_ts_us=1787576873470230 data_transfer_submitted_ts_us=1787576873471555 data_transfer_completed_ts_us=1787576873474240 response_submitted_ts_us=1787576873474365 completed_ts_us=1787576873474844 data_tm_execute_async_ts_us=1787576873470278 data_hixl_execute_async_ts_us=1787576873470307 data_tm_get_status_ts_us=1787576873474192 data_hixl_query_handle_ts_us=1787576873474198 response_tm_execute_async_ts_us=1787576873474249 response_hixl_execute_async_ts_us=1787576873474255 response_tm_get_status_ts_us=1787576873474800 response_hixl_query_handle_ts_us=1787576873474806 request_queue_us=8885 metadata_prepare_us=34 taskworker_prepare_us=1326 poller_queue_us=314 data_transfer_us=2685 metadata_settle_us=7 response_slot_wait_us=1 response_submit_us=117 response_transfer_us=478 data_tm_to_hixl_execute_async_us=29 data_tm_to_hixl_query_handle_us=6 response_tm_to_hixl_execute_async_us=6 response_tm_to_hixl_query_handle_us=6 total_us=13499 [28603,28616][completion_poller.cc:56,LogRequestDone]
[HIXL_QUERY_PERF] layer=comm_channel request=0x10 mutex_wait_us=0 check_us=0 lookup_us=0 flag_check_us=0 complete_us=1 total_us=1 transfer_elapsed_us=411 transfer_bytes=63 op_desc_count=1 transfer_status=1
[HIXL_QUERY_PERF] layer=adxl_inner request=0x10 context_us=0 req_lock_wait_us=0 lookup_us=1 channel_us=6 cleanup_us=0 total_us=7 status=0 transfer_status=1
[HIXL_QUERY_PERF] layer=comm_engine request=0x10 total_us=9 status=0 transfer_status=1
[2026-08-24 21:07:53.474872][UC][I] [HIXL_WORKER_PERF] task_id=174 queue_depth=1 enqueue_lock_wait_us=1 enqueue_us=0 queue_wait_us=4 execute_us=12 result_post_us=4 total_us=21 status=0 [28603,28616][hixl_instance.cpp:107,Run]
[2026-08-24 21:07:53.474877][UC][I] [QUERY_PERF] component=ucm layer=hixl_instance request=0x10 queue_wait_us=6 backend_us=11 run_post_us=10 total_us=27 api_status=0 transfer_status=1 [28603,28616][hixl_instance.cpp:370,GetTransferStatus]
[2026-08-24 21:07:53.474881][UC][I] [QUERY_PERF] component=ucm layer=hixl_transport handle=35 request=0x10 lifecycle_lock_us=0 pending_lock_wait_us=0 pending_lookup_us=0 instance_us=30 erase_us=0 total_us=30 transfer_status=1 [28603,28616][hixl_transport.cpp:734,GetStatus]
[2026-08-24 21:07:53.474885][UC][I] [QUERY_PERF] component=ucm layer=transport_manager handle=35 transport_handle=35 transfers_lock_wait_us=0 lookup_us=0 transport_us=35 total_us=35 api_status=0 transfer_status=1 [28603,28616][transport_manager.cpp:716,GetStatus]
[2026-08-24 21:07:53.474899][UC][I] [PERF] component=transport event=transfer_done manager=127.0.0.1:8000 target=127.0.0.1:4504 handle=35 transport_handle=35 opcode=1 direct=2 segments=1 bytes=63 status=1 api_status=0 submitted_ts_us=1787576873474535 completed_ts_us=1787576873474898 manager_get_status_ts_us=1787576873474850 backend_query_ts_us=1787576873474855 submit_us=97 transfer_us=363 manager_to_backend_query_us=6 total_us=460 [28603,28616][transport_manager.cpp:727,GetStatus]
[2026-08-24 21:07:53.474904][UC][I] [PERF] component=drampool event=request_done request_id=2 opcode=2 peer=127.0.0.1:4504 batch_size=108 data_bytes=7962624 failed_items=0 status=SUCCESS failed_stage=NONE received_ts_us=1787576873461383 worker_started_ts_us=1787576873471557 data_transfer_submitted_ts_us=1787576873471748 data_transfer_completed_ts_us=1787576873474429 response_submitted_ts_us=1787576873474539 completed_ts_us=1787576873474902 data_tm_execute_async_ts_us=1787576873471576 data_hixl_execute_async_ts_us=1787576873471586 data_tm_get_status_ts_us=1787576873474365 data_hixl_query_handle_ts_us=1787576873474371 response_tm_execute_async_ts_us=1787576873474438 response_hixl_execute_async_ts_us=1787576873474444 response_tm_get_status_ts_us=1787576873474850 response_hixl_query_handle_ts_us=1787576873474855 request_queue_us=10174 metadata_prepare_us=12 taskworker_prepare_us=192 poller_queue_us=122 data_transfer_us=2681 metadata_settle_us=7 response_slot_wait_us=1 response_submit_us=102 response_transfer_us=362 data_tm_to_hixl_execute_async_us=10 data_tm_to_hixl_query_handle_us=6 response_tm_to_hixl_execute_async_us=6 response_tm_to_hixl_query_handle_us=6 total_us=13519 [28603,28616][completion_poller.cc:56,LogRequestDone]
[HIXL_QUERY_PERF] layer=comm_channel request=0xe mutex_wait_us=0 check_us=0 lookup_us=1 flag_check_us=0 complete_us=1 total_us=2 transfer_elapsed_us=3111 transfer_bytes=7962624 op_desc_count=108 transfer_status=1
[HIXL_QUERY_PERF] layer=adxl_inner request=0xe context_us=0 req_lock_wait_us=0 lookup_us=1 channel_us=6 cleanup_us=0 total_us=7 status=0 transfer_status=1
[HIXL_QUERY_PERF] layer=comm_engine request=0xe total_us=10 status=0 transfer_status=1
[2026-08-24 21:07:53.474928][UC][I] [HIXL_WORKER_PERF] task_id=175 queue_depth=1 enqueue_lock_wait_us=0 enqueue_us=0 queue_wait_us=4 execute_us=12 result_post_us=3 total_us=19 status=0 [28603,28616][hixl_instance.cpp:107,Run]
[2026-08-24 21:07:53.474932][UC][I] [QUERY_PERF] component=ucm layer=hixl_instance request=0xe queue_wait_us=5 backend_us=11 run_post_us=8 total_us=24 api_status=0 transfer_status=1 [28603,28616][hixl_instance.cpp:370,GetTransferStatus]
[2026-08-24 21:07:53.474935][UC][I] [QUERY_PERF] component=ucm layer=hixl_transport handle=26 request=0xe lifecycle_lock_us=0 pending_lock_wait_us=0 pending_lookup_us=0 instance_us=27 erase_us=0 total_us=27 transfer_status=1 [28603,28616][hixl_transport.cpp:734,GetStatus]
[2026-08-24 21:07:53.474939][UC][I] [QUERY_PERF] component=ucm layer=transport_manager handle=26 transport_handle=26 transfers_lock_wait_us=0 lookup_us=0 transport_us=30 total_us=30 api_status=0 transfer_status=1 [28603,28616][transport_manager.cpp:716,GetStatus]
[2026-08-24 21:07:53.474942][UC][I] [PERF] component=transport event=transfer_done manager=127.0.0.1:8000 target=127.0.0.1:4503 handle=26 transport_handle=26 opcode=1 direct=2 segments=108 bytes=7962624 status=1 api_status=0 submitted_ts_us=1787576873473081 completed_ts_us=1787576873474941 manager_get_status_ts_us=1787576873474907 backend_query_ts_us=1787576873474912 submit_us=1291 transfer_us=1860 manager_to_backend_query_us=5 total_us=3151 [28603,28616][transport_manager.cpp:727,GetStatus]
[HIXL_PERF] event=hccl_batch op=1 desc_num=1 hccl_us=57 status=0
[HIXL_PERF] event=issue_hccl_batch op=1 list_num=1 total_us=63
[HIXL_PERF] event=issue_async_host_flag op=1 list_num=1 context_us=1 hccl_issue_us=65 flag_memcpy_us=4 total_us=70
[HIXL_PERF] event=comm_channel_async op=1 list_num=1 mutex_wait_us=0 slot_us=0 host_flag_us=0 record_us=0 issue_us=76 total_us=76
[HIXL_PERF] event=adxl_inner_async op=1 list_num=1 context_us=0 connect_us=0 get_channel_us=1 channel_async_us=78 tail_us=1 total_us=80
[HIXL_PERF] event=comm_engine_async op=1 list_num=1 desc_build_us=0 inner_us=82 total_us=82 status=0
[2026-08-24 21:07:53.475049][UC][I] [HIXL_WORKER_PERF] task_id=176 queue_depth=1 enqueue_lock_wait_us=0 enqueue_us=0 queue_wait_us=4 execute_us=85 result_post_us=5 total_us=94 status=0 [28603,28616][hixl_instance.cpp:107,Run]
[2026-08-24 21:07:53.475054][UC][I] [PERF] component=transport event=transfer_submitted manager=127.0.0.1:8000 target=127.0.0.1:4503 handle=36 transport_handle=36 opcode=1 direct=2 segments=1 bytes=63 submitted_ts_us=1787576873475054 manager_execute_async_ts_us=1787576873474954 backend_execute_async_ts_us=1787576873474959 manager_to_backend_execute_async_us=5 submit_us=100 [28603,28616][transport_manager.cpp:674,ExecuteAsync]
[HIXL_QUERY_PERF] layer=comm_channel request=0xf mutex_wait_us=0 check_us=0 lookup_us=0 flag_check_us=0 complete_us=1 total_us=1 transfer_elapsed_us=1949 transfer_bytes=7962624 op_desc_count=108 transfer_status=1
[HIXL_QUERY_PERF] layer=adxl_inner request=0xf context_us=1 req_lock_wait_us=0 lookup_us=1 channel_us=6 cleanup_us=1 total_us=9 status=0 transfer_status=1
[HIXL_QUERY_PERF] layer=comm_engine request=0xf total_us=12 status=0 transfer_status=1
[2026-08-24 21:07:53.475089][UC][I] [HIXL_WORKER_PERF] task_id=177 queue_depth=1 enqueue_lock_wait_us=1 enqueue_us=0 queue_wait_us=4 execute_us=16 result_post_us=3 total_us=24 status=0 [28603,28616][hixl_instance.cpp:107,Run]
[2026-08-24 21:07:53.475095][UC][I] [QUERY_PERF] component=ucm layer=hixl_instance request=0xf queue_wait_us=5 backend_us=15 run_post_us=11 total_us=31 api_status=0 transfer_status=1 [28603,28616][hixl_instance.cpp:370,GetTransferStatus]
[2026-08-24 21:07:53.475099][UC][I] [QUERY_PERF] component=ucm layer=hixl_transport handle=27 request=0xf lifecycle_lock_us=0 pending_lock_wait_us=0 pending_lookup_us=0 instance_us=34 erase_us=0 total_us=34 transfer_status=1 [28603,28616][hixl_transport.cpp:734,GetStatus]
[2026-08-24 21:07:53.475103][UC][I] [QUERY_PERF] component=ucm layer=transport_manager handle=27 transport_handle=27 transfers_lock_wait_us=0 lookup_us=0 transport_us=38 total_us=38 api_status=0 transfer_status=1 [28603,28616][transport_manager.cpp:716,GetStatus]
[2026-08-24 21:07:53.475106][UC][I] [PERF] component=transport event=transfer_done manager=127.0.0.1:8000 target=127.0.0.1:4503 handle=27 transport_handle=27 opcode=1 direct=2 segments=108 bytes=7962624 status=1 api_status=0 submitted_ts_us=1787576873473281 completed_ts_us=1787576873475105 manager_get_status_ts_us=1787576873475064 backend_query_ts_us=1787576873475069 submit_us=174 transfer_us=1823 manager_to_backend_query_us=5 total_us=1997 [28603,28616][transport_manager.cpp:727,GetStatus]
[HIXL_PERF] event=hccl_batch op=1 desc_num=1 hccl_us=56 status=0
[HIXL_PERF] event=issue_hccl_batch op=1 list_num=1 total_us=62
[HIXL_PERF] event=issue_async_host_flag op=1 list_num=1 context_us=1 hccl_issue_us=64 flag_memcpy_us=5 total_us=70
[HIXL_PERF] event=comm_channel_async op=1 list_num=1 mutex_wait_us=0 slot_us=0 host_flag_us=0 record_us=0 issue_us=72 total_us=72
[HIXL_PERF] event=adxl_inner_async op=1 list_num=1 context_us=0 connect_us=0 get_channel_us=1 channel_async_us=74 tail_us=0 total_us=75
[HIXL_PERF] event=comm_engine_async op=1 list_num=1 desc_build_us=0 inner_us=77 total_us=77 status=0
[2026-08-24 21:07:53.475210][UC][I] [HIXL_WORKER_PERF] task_id=178 queue_depth=1 enqueue_lock_wait_us=0 enqueue_us=0 queue_wait_us=4 execute_us=81 result_post_us=4 total_us=89 status=0 [28603,28616][hixl_instance.cpp:107,Run]
[2026-08-24 21:07:53.475215][UC][I] [PERF] component=transport event=transfer_submitted manager=127.0.0.1:8000 target=127.0.0.1:4503 handle=37 transport_handle=37 opcode=1 direct=2 segments=1 bytes=63 submitted_ts_us=1787576873475214 manager_execute_async_ts_us=1787576873475119 backend_execute_async_ts_us=1787576873475124 manager_to_backend_execute_async_us=5 submit_us=95 [28603,28616][transport_manager.cpp:674,ExecuteAsync]
[HIXL_QUERY_PERF] layer=comm_channel request=0x10 mutex_wait_us=0 check_us=1 lookup_us=0 flag_check_us=0 complete_us=1 total_us=2 transfer_elapsed_us=1901 transfer_bytes=7962624 op_desc_count=108 transfer_status=1
[HIXL_QUERY_PERF] layer=adxl_inner request=0x10 context_us=1 req_lock_wait_us=0 lookup_us=0 channel_us=7 cleanup_us=1 total_us=9 status=0 transfer_status=1
[HIXL_QUERY_PERF] layer=comm_engine request=0x10 total_us=12 status=0 transfer_status=1
[2026-08-24 21:07:53.475245][UC][I] [HIXL_WORKER_PERF] task_id=179 queue_depth=1 enqueue_lock_wait_us=0 enqueue_us=1 queue_wait_us=4 execute_us=16 result_post_us=3 total_us=24 status=0 [28603,28616][hixl_instance.cpp:107,Run]
[2026-08-24 21:07:53.475249][UC][I] [QUERY_PERF] component=ucm layer=hixl_instance request=0x10 queue_wait_us=5 backend_us=16 run_post_us=7 total_us=28 api_status=0 transfer_status=1 [28603,28616][hixl_instance.cpp:370,GetTransferStatus]
[2026-08-24 21:07:53.475252][UC][I] [QUERY_PERF] component=ucm layer=hixl_transport handle=28 request=0x10 lifecycle_lock_us=0 pending_lock_wait_us=0 pending_lookup_us=0 instance_us=31 erase_us=0 total_us=31 transfer_status=1 [28603,28616][hixl_transport.cpp:734,GetStatus]
[2026-08-24 21:07:53.475255][UC][I] [QUERY_PERF] component=ucm layer=transport_manager handle=28 transport_handle=28 transfers_lock_wait_us=0 lookup_us=0 transport_us=35 total_us=35 api_status=0 transfer_status=1 [28603,28616][transport_manager.cpp:716,GetStatus]
[2026-08-24 21:07:53.475259][UC][I] [PERF] component=transport event=transfer_done manager=127.0.0.1:8000 target=127.0.0.1:4501 handle=28 transport_handle=28 opcode=1 direct=2 segments=108 bytes=7962624 status=1 api_status=0 submitted_ts_us=1787576873473457 completed_ts_us=1787576873475258 manager_get_status_ts_us=1787576873475220 backend_query_ts_us=1787576873475225 submit_us=143 transfer_us=1801 manager_to_backend_query_us=5 total_us=1944 [28603,28616][transport_manager.cpp:727,GetStatus]
[HIXL_PERF] event=hccl_batch op=1 desc_num=1 hccl_us=56 status=0
[HIXL_PERF] event=issue_hccl_batch op=1 list_num=1 total_us=63
[HIXL_PERF] event=issue_async_host_flag op=1 list_num=1 context_us=0 hccl_issue_us=65 flag_memcpy_us=4 total_us=69
[HIXL_PERF] event=comm_channel_async op=1 list_num=1 mutex_wait_us=0 slot_us=1 host_flag_us=0 record_us=0 issue_us=72 total_us=73
[HIXL_PERF] event=adxl_inner_async op=1 list_num=1 context_us=1 connect_us=0 get_channel_us=0 channel_async_us=75 tail_us=0 total_us=76
[HIXL_PERF] event=comm_engine_async op=1 list_num=1 desc_build_us=0 inner_us=78 total_us=78 status=0
[2026-08-24 21:07:53.475364][UC][I] [HIXL_WORKER_PERF] task_id=180 queue_depth=1 enqueue_lock_wait_us=0 enqueue_us=0 queue_wait_us=5 execute_us=81 result_post_us=5 total_us=91 status=0 [28603,28616][hixl_instance.cpp:107,Run]
[2026-08-24 21:07:53.475371][UC][I] [PERF] component=transport event=transfer_submitted manager=127.0.0.1:8000 target=127.0.0.1:4501 handle=38 transport_handle=38 opcode=1 direct=2 segments=1 bytes=63 submitted_ts_us=1787576873475370 manager_execute_async_ts_us=1787576873475272 backend_execute_async_ts_us=1787576873475278 manager_to_backend_execute_async_us=6 submit_us=97 [28603,28616][transport_manager.cpp:674,ExecuteAsync]
[HIXL_QUERY_PERF] layer=comm_channel request=0x12 mutex_wait_us=1 check_us=0 lookup_us=0 flag_check_us=0 complete_us=1 total_us=2 transfer_elapsed_us=1845 transfer_bytes=7962624 op_desc_count=108 transfer_status=1
[HIXL_QUERY_PERF] layer=adxl_inner request=0x12 context_us=1 req_lock_wait_us=0 lookup_us=0 channel_us=9 cleanup_us=0 total_us=10 status=0 transfer_status=1
[HIXL_QUERY_PERF] layer=comm_engine request=0x12 total_us=12 status=0 transfer_status=1
[2026-08-24 21:07:53.475404][UC][I] [HIXL_WORKER_PERF] task_id=181 queue_depth=1 enqueue_lock_wait_us=0 enqueue_us=0 queue_wait_us=5 execute_us=14 result_post_us=5 total_us=24 status=0 [28603,28616][hixl_instance.cpp:107,Run]
[2026-08-24 21:07:53.475410][UC][I] [QUERY_PERF] component=ucm layer=hixl_instance request=0x12 queue_wait_us=5 backend_us=14 run_post_us=11 total_us=30 api_status=0 transfer_status=1 [28603,28616][hixl_instance.cpp:370,GetTransferStatus]
[2026-08-24 21:07:53.475416][UC][I] [QUERY_PERF] component=ucm layer=hixl_transport handle=30 request=0x12 lifecycle_lock_us=0 pending_lock_wait_us=0 pending_lookup_us=0 instance_us=35 erase_us=0 total_us=35 transfer_status=1 [28603,28616][hixl_transport.cpp:734,GetStatus]
[2026-08-24 21:07:53.475418][UC][I] [QUERY_PERF] component=ucm layer=transport_manager handle=30 transport_handle=30 transfers_lock_wait_us=0 lookup_us=0 transport_us=38 total_us=38 api_status=0 transfer_status=1 [28603,28616][transport_manager.cpp:716,GetStatus]
[2026-08-24 21:07:53.475423][UC][I] [PERF] component=transport event=transfer_done manager=127.0.0.1:8000 target=127.0.0.1:4501 handle=30 transport_handle=30 opcode=1 direct=2 segments=108 bytes=7962624 status=1 api_status=0 submitted_ts_us=1787576873473680 completed_ts_us=1787576873475422 manager_get_status_ts_us=1787576873475379 backend_query_ts_us=1787576873475385 submit_us=173 transfer_us=1741 manager_to_backend_query_us=5 total_us=1914 [28603,28616][transport_manager.cpp:727,GetStatus]
[HIXL_PERF] event=hccl_batch op=1 desc_num=1 hccl_us=54 status=0
[HIXL_PERF] event=issue_hccl_batch op=1 list_num=1 total_us=61
[HIXL_PERF] event=issue_async_host_flag op=1 list_num=1 context_us=1 hccl_issue_us=64 flag_memcpy_us=4 total_us=69
[HIXL_PERF] event=comm_channel_async op=1 list_num=1 mutex_wait_us=0 slot_us=0 host_flag_us=0 record_us=0 issue_us=74 total_us=74
[HIXL_PERF] event=adxl_inner_async op=1 list_num=1 context_us=0 connect_us=0 get_channel_us=1 channel_async_us=76 tail_us=0 total_us=77
[HIXL_PERF] event=comm_engine_async op=1 list_num=1 desc_build_us=0 inner_us=79 total_us=79 status=0
[2026-08-24 21:07:53.475532][UC][I] [HIXL_WORKER_PERF] task_id=182 queue_depth=1 enqueue_lock_wait_us=0 enqueue_us=0 queue_wait_us=4 execute_us=83 result_post_us=4 total_us=91 status=0 [28603,28616][hixl_instance.cpp:107,Run]
[2026-08-24 21:07:53.475537][UC][I] [PERF] component=transport event=transfer_submitted manager=127.0.0.1:8000 target=127.0.0.1:4501 handle=39 transport_handle=39 opcode=1 direct=2 segments=1 bytes=63 submitted_ts_us=1787576873475536 manager_execute_async_ts_us=1787576873475439 backend_execute_async_ts_us=1787576873475444 manager_to_backend_execute_async_us=5 submit_us=97 [28603,28616][transport_manager.cpp:674,ExecuteAsync]
[HIXL_QUERY_PERF] layer=comm_channel request=0x14 mutex_wait_us=0 check_us=0 lookup_us=0 flag_check_us=0 complete_us=2 total_us=2 transfer_elapsed_us=586 transfer_bytes=63 op_desc_count=1 transfer_status=1
[HIXL_QUERY_PERF] layer=adxl_inner request=0x14 context_us=0 req_lock_wait_us=0 lookup_us=1 channel_us=4 cleanup_us=1 total_us=6 status=0 transfer_status=1
[HIXL_QUERY_PERF] layer=comm_engine request=0x14 total_us=8 status=0 transfer_status=1
[2026-08-24 21:07:53.475559][UC][I] [HIXL_WORKER_PERF] task_id=183 queue_depth=1 enqueue_lock_wait_us=0 enqueue_us=0 queue_wait_us=4 execute_us=10 result_post_us=4 total_us=18 status=0 [28603,28616][hixl_instance.cpp:107,Run]
[2026-08-24 21:07:53.475563][UC][I] [QUERY_PERF] component=ucm layer=hixl_instance request=0x14 queue_wait_us=4 backend_us=10 run_post_us=8 total_us=22 api_status=0 transfer_status=1 [28603,28616][hixl_instance.cpp:370,GetTransferStatus]
[2026-08-24 21:07:53.475567][UC][I] [QUERY_PERF] component=ucm layer=hixl_transport handle=36 request=0x14 lifecycle_lock_us=0 pending_lock_wait_us=0 pending_lookup_us=0 instance_us=25 erase_us=0 total_us=25 transfer_status=1 [28603,28616][hixl_transport.cpp:734,GetStatus]
[2026-08-24 21:07:53.475570][UC][I] [QUERY_PERF] component=ucm layer=transport_manager handle=36 transport_handle=36 transfers_lock_wait_us=0 lookup_us=1 transport_us=28 total_us=29 api_status=0 transfer_status=1 [28603,28616][transport_manager.cpp:716,GetStatus]
[2026-08-24 21:07:53.475573][UC][I] [PERF] component=transport event=transfer_done manager=127.0.0.1:8000 target=127.0.0.1:4503 handle=36 transport_handle=36 opcode=1 direct=2 segments=1 bytes=63 status=1 api_status=0 submitted_ts_us=1787576873475054 completed_ts_us=1787576873475572 manager_get_status_ts_us=1787576873475540 backend_query_ts_us=1787576873475545 submit_us=100 transfer_us=519 manager_to_backend_query_us=5 total_us=619 [28603,28616][transport_manager.cpp:727,GetStatus]
[2026-08-24 21:07:53.475580][UC][I] [PERF] component=drampool event=request_done request_id=1 opcode=2 peer=127.0.0.1:4503 batch_size=108 data_bytes=7962624 failed_items=0 status=SUCCESS failed_stage=NONE received_ts_us=1787576873461399 worker_started_ts_us=1787576873471750 data_transfer_submitted_ts_us=1787576873473087 data_transfer_completed_ts_us=1787576873474945 response_submitted_ts_us=1787576873475063 completed_ts_us=1787576873475578 data_tm_execute_async_ts_us=1787576873471788 data_hixl_execute_async_ts_us=1787576873471799 data_tm_get_status_ts_us=1787576873474907 data_hixl_query_handle_ts_us=1787576873474912 response_tm_execute_async_ts_us=1787576873474954 response_hixl_execute_async_ts_us=1787576873474959 response_tm_get_status_ts_us=1787576873475540 response_hixl_query_handle_ts_us=1787576873475545 request_queue_us=10350 metadata_prepare_us=34 taskworker_prepare_us=1338 poller_queue_us=1452 data_transfer_us=1859 metadata_settle_us=7 response_slot_wait_us=0 response_submit_us=110 response_transfer_us=515 data_tm_to_hixl_execute_async_us=11 data_tm_to_hixl_query_handle_us=5 response_tm_to_hixl_execute_async_us=5 response_tm_to_hixl_query_handle_us=5 total_us=14178 [28603,28616][completion_poller.cc:56,LogRequestDone]
[HIXL_QUERY_PERF] layer=comm_channel request=0x15 mutex_wait_us=0 check_us=0 lookup_us=0 flag_check_us=0 complete_us=1 total_us=1 transfer_elapsed_us=472 transfer_bytes=63 op_desc_count=1 transfer_status=1
[HIXL_QUERY_PERF] layer=adxl_inner request=0x15 context_us=0 req_lock_wait_us=0 lookup_us=1 channel_us=8 cleanup_us=0 total_us=9 status=0 transfer_status=1
[HIXL_QUERY_PERF] layer=comm_engine request=0x15 total_us=12 status=0 transfer_status=1
[2026-08-24 21:07:53.475615][UC][I] [HIXL_WORKER_PERF] task_id=184 queue_depth=1 enqueue_lock_wait_us=0 enqueue_us=0 queue_wait_us=5 execute_us=13 result_post_us=4 total_us=22 status=0 [28603,28616][hixl_instance.cpp:107,Run]
[2026-08-24 21:07:53.475619][UC][I] [QUERY_PERF] component=ucm layer=hixl_instance request=0x15 queue_wait_us=5 backend_us=13 run_post_us=9 total_us=27 api_status=0 transfer_status=1 [28603,28616][hixl_instance.cpp:370,GetTransferStatus]
[2026-08-24 21:07:53.475623][UC][I] [QUERY_PERF] component=ucm layer=hixl_transport handle=37 request=0x15 lifecycle_lock_us=0 pending_lock_wait_us=0 pending_lookup_us=0 instance_us=30 erase_us=1 total_us=31 transfer_status=1 [28603,28616][hixl_transport.cpp:734,GetStatus]
[2026-08-24 21:07:53.475631][UC][I] [QUERY_PERF] component=ucm layer=transport_manager handle=37 transport_handle=37 transfers_lock_wait_us=1 lookup_us=0 transport_us=39 total_us=40 api_status=0 transfer_status=1 [28603,28616][transport_manager.cpp:716,GetStatus]
[2026-08-24 21:07:53.475637][UC][I] [PERF] component=transport event=transfer_done manager=127.0.0.1:8000 target=127.0.0.1:4503 handle=37 transport_handle=37 opcode=1 direct=2 segments=1 bytes=63 status=1 api_status=0 submitted_ts_us=1787576873475214 completed_ts_us=1787576873475636 manager_get_status_ts_us=1787576873475591 backend_query_ts_us=1787576873475596 submit_us=95 transfer_us=423 manager_to_backend_query_us=6 total_us=518 [28603,28616][transport_manager.cpp:727,GetStatus]
[2026-08-24 21:07:53.475645][UC][I] [PERF] component=drampool event=request_done request_id=2 opcode=2 peer=127.0.0.1:4503 batch_size=108 data_bytes=7962624 failed_items=0 status=SUCCESS failed_stage=NONE received_ts_us=1787576873461436 worker_started_ts_us=1787576873473089 data_transfer_submitted_ts_us=1787576873473290 data_transfer_completed_ts_us=1787576873475110 response_submitted_ts_us=1787576873475219 completed_ts_us=1787576873475643 data_tm_execute_async_ts_us=1787576873473107 data_hixl_execute_async_ts_us=1787576873473118 data_tm_get_status_ts_us=1787576873475064 data_hixl_query_handle_ts_us=1787576873475069 response_tm_execute_async_ts_us=1787576873475119 response_hixl_execute_async_ts_us=1787576873475124 response_tm_get_status_ts_us=1787576873475591 response_hixl_query_handle_ts_us=1787576873475596 request_queue_us=11652 metadata_prepare_us=12 taskworker_prepare_us=202 poller_queue_us=1253 data_transfer_us=1821 metadata_settle_us=6 response_slot_wait_us=1 response_submit_us=101 response_transfer_us=424 data_tm_to_hixl_execute_async_us=10 data_tm_to_hixl_query_handle_us=5 response_tm_to_hixl_execute_async_us=5 response_tm_to_hixl_query_handle_us=6 total_us=14206 [28603,28616][completion_poller.cc:56,LogRequestDone]
[HIXL_QUERY_PERF] layer=comm_channel request=0x16 mutex_wait_us=0 check_us=0 lookup_us=0 flag_check_us=0 complete_us=1 total_us=1 transfer_elapsed_us=377 transfer_bytes=63 op_desc_count=1 transfer_status=1
[HIXL_QUERY_PERF] layer=adxl_inner request=0x16 context_us=1 req_lock_wait_us=0 lookup_us=0 channel_us=7 cleanup_us=0 total_us=8 status=0 transfer_status=1
[HIXL_QUERY_PERF] layer=comm_engine request=0x16 total_us=10 status=0 transfer_status=1
[2026-08-24 21:07:53.475672][UC][I] [HIXL_WORKER_PERF] task_id=185 queue_depth=1 enqueue_lock_wait_us=0 enqueue_us=0 queue_wait_us=4 execute_us=12 result_post_us=3 total_us=19 status=0 [28603,28616][hixl_instance.cpp:107,Run]
[2026-08-24 21:07:53.475681][UC][I] [QUERY_PERF] component=ucm layer=hixl_instance request=0x16 queue_wait_us=4 backend_us=12 run_post_us=13 total_us=29 api_status=0 transfer_status=1 [28603,28616][hixl_instance.cpp:370,GetTransferStatus]
[2026-08-24 21:07:53.475694][UC][I] [QUERY_PERF] component=ucm layer=hixl_transport handle=38 request=0x16 lifecycle_lock_us=0 pending_lock_wait_us=1 pending_lookup_us=0 instance_us=41 erase_us=0 total_us=42 transfer_status=1 [28603,28616][hixl_transport.cpp:734,GetStatus]
[2026-08-24 21:07:53.475699][UC][I] [QUERY_PERF] component=ucm layer=transport_manager handle=38 transport_handle=38 transfers_lock_wait_us=0 lookup_us=0 transport_us=48 total_us=48 api_status=0 transfer_status=1 [28603,28616][transport_manager.cpp:716,GetStatus]
[2026-08-24 21:07:53.475702][UC][I] [PERF] component=transport event=transfer_done manager=127.0.0.1:8000 target=127.0.0.1:4501 handle=38 transport_handle=38 opcode=1 direct=2 segments=1 bytes=63 status=1 api_status=0 submitted_ts_us=1787576873475370 completed_ts_us=1787576873475702 manager_get_status_ts_us=1787576873475651 backend_query_ts_us=1787576873475656 submit_us=97 transfer_us=332 manager_to_backend_query_us=5 total_us=429 [28603,28616][transport_manager.cpp:727,GetStatus]
[2026-08-24 21:07:53.475707][UC][I] [PERF] component=drampool event=request_done request_id=3 opcode=2 peer=127.0.0.1:4501 batch_size=108 data_bytes=7962624 failed_items=0 status=SUCCESS failed_stage=NONE received_ts_us=1787576873463612 worker_started_ts_us=1787576873473292 data_transfer_submitted_ts_us=1787576873473461 data_transfer_completed_ts_us=1787576873475264 response_submitted_ts_us=1787576873475379 completed_ts_us=1787576873475705 data_tm_execute_async_ts_us=1787576873473312 data_hixl_execute_async_ts_us=1787576873473323 data_tm_get_status_ts_us=1787576873475220 data_hixl_query_handle_ts_us=1787576873475225 response_tm_execute_async_ts_us=1787576873475272 response_hixl_execute_async_ts_us=1787576873475278 response_tm_get_status_ts_us=1787576873475651 response_hixl_query_handle_ts_us=1787576873475656 request_queue_us=9680 metadata_prepare_us=13 taskworker_prepare_us=169 poller_queue_us=1087 data_transfer_us=1803 metadata_settle_us=7 response_slot_wait_us=0 response_submit_us=108 response_transfer_us=326 data_tm_to_hixl_execute_async_us=10 data_tm_to_hixl_query_handle_us=5 response_tm_to_hixl_execute_async_us=6 response_tm_to_hixl_query_handle_us=5 total_us=12092 [28603,28616][completion_poller.cc:56,LogRequestDone]
[HIXL_QUERY_PERF] layer=comm_channel request=0x17 mutex_wait_us=0 check_us=0 lookup_us=0 flag_check_us=0 complete_us=1 total_us=1 transfer_elapsed_us=270 transfer_bytes=63 op_desc_count=1 transfer_status=1
[HIXL_QUERY_PERF] layer=adxl_inner request=0x17 context_us=0 req_lock_wait_us=0 lookup_us=1 channel_us=12 cleanup_us=0 total_us=13 status=0 transfer_status=1
[HIXL_QUERY_PERF] layer=comm_engine request=0x17 total_us=19 status=0 transfer_status=1
[2026-08-24 21:07:53.475744][UC][I] [HIXL_WORKER_PERF] task_id=186 queue_depth=1 enqueue_lock_wait_us=0 enqueue_us=0 queue_wait_us=4 execute_us=25 result_post_us=4 total_us=33 status=0 [28603,28616][hixl_instance.cpp:107,Run]
[2026-08-24 21:07:53.475751][UC][I] [QUERY_PERF] component=ucm layer=hixl_instance request=0x17 queue_wait_us=4 backend_us=25 run_post_us=11 total_us=40 api_status=0 transfer_status=1 [28603,28616][hixl_instance.cpp:370,GetTransferStatus]
[2026-08-24 21:07:53.475755][UC][I] [QUERY_PERF] component=ucm layer=hixl_transport handle=39 request=0x17 lifecycle_lock_us=0 pending_lock_wait_us=1 pending_lookup_us=0 instance_us=43 erase_us=0 total_us=44 transfer_status=1 [28603,28616][hixl_transport.cpp:734,GetStatus]
[2026-08-24 21:07:53.475758][UC][I] [QUERY_PERF] component=ucm layer=transport_manager handle=39 transport_handle=39 transfers_lock_wait_us=0 lookup_us=0 transport_us=48 total_us=48 api_status=0 transfer_status=1 [28603,28616][transport_manager.cpp:716,GetStatus]
[2026-08-24 21:07:53.475761][UC][I] [PERF] component=transport event=transfer_done manager=127.0.0.1:8000 target=127.0.0.1:4501 handle=39 transport_handle=39 opcode=1 direct=2 segments=1 bytes=63 status=1 api_status=0 submitted_ts_us=1787576873475536 completed_ts_us=1787576873475760 manager_get_status_ts_us=1787576873475710 backend_query_ts_us=1787576873475715 submit_us=97 transfer_us=224 manager_to_backend_query_us=5 total_us=321 [28603,28616][transport_manager.cpp:727,GetStatus]
[2026-08-24 21:07:53.475767][UC][I] [PERF] component=drampool event=request_done request_id=4 opcode=2 peer=127.0.0.1:4501 batch_size=108 data_bytes=7962624 failed_items=0 status=SUCCESS failed_stage=NONE received_ts_us=1787576873463614 worker_started_ts_us=1787576873473463 data_transfer_submitted_ts_us=1787576873473689 data_transfer_completed_ts_us=1787576873475431 response_submitted_ts_us=1787576873475540 completed_ts_us=1787576873475765 data_tm_execute_async_ts_us=1787576873473507 data_hixl_execute_async_ts_us=1787576873473538 data_tm_get_status_ts_us=1787576873475379 data_hixl_query_handle_ts_us=1787576873475385 response_tm_execute_async_ts_us=1787576873475439 response_hixl_execute_async_ts_us=1787576873475444 response_tm_get_status_ts_us=1787576873475710 response_hixl_query_handle_ts_us=1787576873475715 request_queue_us=9848 metadata_prepare_us=34 taskworker_prepare_us=227 poller_queue_us=862 data_transfer_us=1742 metadata_settle_us=7 response_slot_wait_us=0 response_submit_us=102 response_transfer_us=225 data_tm_to_hixl_execute_async_us=31 data_tm_to_hixl_query_handle_us=5 response_tm_to_hixl_execute_async_us=5 response_tm_to_hixl_query_handle_us=5 total_us=12150 [28603,28616][completion_poller.cc:56,LogRequestDone]
[HIXL_PERF] event=hccl_batch op=1 desc_num=1 hccl_us=177 status=0
[HIXL_PERF] event=issue_hccl_batch op=1 list_num=1 total_us=209
[HIXL_PERF] event=issue_async_host_flag op=1 list_num=1 context_us=1 hccl_issue_us=213 flag_memcpy_us=11 total_us=225
[HIXL_PERF] event=comm_channel_async op=1 list_num=1 mutex_wait_us=0 slot_us=2 host_flag_us=0 record_us=1 issue_us=230 total_us=233
[HIXL_PERF] event=adxl_inner_async op=1 list_num=1 context_us=8 connect_us=0 get_channel_us=2 channel_async_us=237 tail_us=2 total_us=249
[HIXL_PERF] event=comm_engine_async op=1 list_num=1 desc_build_us=1 inner_us=252 total_us=253 status=0
[2026-08-24 21:07:58.618428][UC][I] [HIXL_WORKER_PERF] task_id=187 queue_depth=1 enqueue_lock_wait_us=1 enqueue_us=0 queue_wait_us=13 execute_us=262 result_post_us=10 total_us=286 status=0 [28603,28616][hixl_instance.cpp:107,Run]
[2026-08-24 21:07:58.618472][UC][I] [PERF] component=transport event=transfer_submitted manager=127.0.0.1:8000 target=127.0.0.1:4500 handle=40 transport_handle=40 opcode=1 direct=2 segments=1 bytes=10 submitted_ts_us=1787576878618471 manager_execute_async_ts_us=1787576878618133 backend_execute_async_ts_us=1787576878618156 manager_to_backend_execute_async_us=23 submit_us=334 [28603,28616][transport_manager.cpp:674,ExecuteAsync]
[HIXL_QUERY_PERF] layer=comm_channel request=0x18 mutex_wait_us=0 check_us=0 lookup_us=1 flag_check_us=0 complete_us=4 total_us=5 transfer_elapsed_us=331 transfer_bytes=10 op_desc_count=1 transfer_status=1
[HIXL_QUERY_PERF] layer=adxl_inner request=0x18 context_us=2 req_lock_wait_us=0 lookup_us=1 channel_us=16 cleanup_us=1 total_us=20 status=0 transfer_status=1
[HIXL_QUERY_PERF] layer=comm_engine request=0x18 total_us=24 status=0 transfer_status=1
[2026-08-24 21:07:58.618533][UC][I] [HIXL_WORKER_PERF] task_id=188 queue_depth=1 enqueue_lock_wait_us=1 enqueue_us=0 queue_wait_us=7 execute_us=30 result_post_us=5 total_us=43 status=0 [28603,28616][hixl_instance.cpp:107,Run]
[2026-08-24 21:07:58.618541][UC][I] [QUERY_PERF] component=ucm layer=hixl_instance request=0x18 queue_wait_us=8 backend_us=30 run_post_us=13 total_us=51 api_status=0 transfer_status=1 [28603,28616][hixl_instance.cpp:370,GetTransferStatus]
[2026-08-24 21:07:58.618550][UC][I] [QUERY_PERF] component=ucm layer=hixl_transport handle=40 request=0x18 lifecycle_lock_us=0 pending_lock_wait_us=0 pending_lookup_us=1 instance_us=59 erase_us=0 total_us=60 transfer_status=1 [28603,28616][hixl_transport.cpp:734,GetStatus]
[2026-08-24 21:07:58.618556][UC][I] [QUERY_PERF] component=ucm layer=transport_manager handle=40 transport_handle=40 transfers_lock_wait_us=0 lookup_us=0 transport_us=68 total_us=68 api_status=0 transfer_status=1 [28603,28616][transport_manager.cpp:716,GetStatus]
[2026-08-24 21:07:58.618562][UC][I] [PERF] component=transport event=transfer_done manager=127.0.0.1:8000 target=127.0.0.1:4500 handle=40 transport_handle=40 opcode=1 direct=2 segments=1 bytes=10 status=1 api_status=0 submitted_ts_us=1787576878618471 completed_ts_us=1787576878618561 manager_get_status_ts_us=1787576878618487 backend_query_ts_us=1787576878618497 submit_us=334 transfer_us=90 manager_to_backend_query_us=9 total_us=424 [28603,28616][transport_manager.cpp:727,GetStatus]
[2026-08-24 21:07:58.618573][UC][I] [PERF] component=drampool event=request_done request_id=5 opcode=0 peer=127.0.0.1:4500 batch_size=2 data_bytes=0 failed_items=0 status=SUCCESS failed_stage=NONE received_ts_us=1787576878617883 worker_started_ts_us=1787576878617975 data_transfer_submitted_ts_us=0 data_transfer_completed_ts_us=0 response_submitted_ts_us=1787576878618486 completed_ts_us=1787576878618570 data_tm_execute_async_ts_us=0 data_hixl_execute_async_ts_us=0 data_tm_get_status_ts_us=0 data_hixl_query_handle_ts_us=0 response_tm_execute_async_ts_us=1787576878618133 response_hixl_execute_async_ts_us=1787576878618156 response_tm_get_status_ts_us=1787576878618487 response_hixl_query_handle_ts_us=1787576878618497 request_queue_us=92 metadata_prepare_us=1 taskworker_prepare_us=7 poller_queue_us=144 data_transfer_us=0 metadata_settle_us=0 response_slot_wait_us=147 response_submit_us=358 response_transfer_us=82 data_tm_to_hixl_execute_async_us=0 data_tm_to_hixl_query_handle_us=0 response_tm_to_hixl_execute_async_us=23 response_tm_to_hixl_query_handle_us=9 total_us=687 [28603,28616][completion_poller.cc:56,LogRequestDone]
[HIXL_PERF] event=hccl_batch op=1 desc_num=1 hccl_us=85 status=0
[HIXL_PERF] event=issue_hccl_batch op=1 list_num=1 total_us=95
[HIXL_PERF] event=issue_async_host_flag op=1 list_num=1 context_us=0 hccl_issue_us=97 flag_memcpy_us=7 total_us=104
[HIXL_PERF] event=comm_channel_async op=1 list_num=1 mutex_wait_us=0 slot_us=0 host_flag_us=0 record_us=1 issue_us=108 total_us=109
[HIXL_PERF] event=adxl_inner_async op=1 list_num=1 context_us=1 connect_us=0 get_channel_us=0 channel_async_us=113 tail_us=1 total_us=115
[HIXL_PERF] event=comm_engine_async op=1 list_num=1 desc_build_us=0 inner_us=119 total_us=119 status=0
[2026-08-24 21:07:58.619046][UC][I] [HIXL_WORKER_PERF] task_id=189 queue_depth=1 enqueue_lock_wait_us=0 enqueue_us=0 queue_wait_us=6 execute_us=128 result_post_us=6 total_us=140 status=0 [28603,28616][hixl_instance.cpp:107,Run]
[2026-08-24 21:07:58.619064][UC][I] [PERF] component=transport event=transfer_submitted manager=127.0.0.1:8000 target=127.0.0.1:4500 handle=41 transport_handle=41 opcode=1 direct=2 segments=1 bytes=10 submitted_ts_us=1787576878619063 manager_execute_async_ts_us=1787576878618902 backend_execute_async_ts_us=1787576878618911 manager_to_backend_execute_async_us=8 submit_us=159 [28603,28616][transport_manager.cpp:674,ExecuteAsync]
[HIXL_QUERY_PERF] layer=comm_channel request=0x19 mutex_wait_us=0 check_us=0 lookup_us=0 flag_check_us=0 complete_us=2 total_us=2 transfer_elapsed_us=168 transfer_bytes=10 op_desc_count=1 transfer_status=1
[HIXL_QUERY_PERF] layer=adxl_inner request=0x19 context_us=1 req_lock_wait_us=0 lookup_us=1 channel_us=11 cleanup_us=1 total_us=14 status=0 transfer_status=1
[HIXL_QUERY_PERF] layer=comm_engine request=0x19 total_us=17 status=0 transfer_status=1
[2026-08-24 21:07:58.619108][UC][I] [HIXL_WORKER_PERF] task_id=190 queue_depth=1 enqueue_lock_wait_us=0 enqueue_us=0 queue_wait_us=5 execute_us=22 result_post_us=5 total_us=32 status=0 [28603,28616][hixl_instance.cpp:107,Run]
[2026-08-24 21:07:58.619115][UC][I] [QUERY_PERF] component=ucm layer=hixl_instance request=0x19 queue_wait_us=7 backend_us=21 run_post_us=13 total_us=41 api_status=0 transfer_status=1 [28603,28616][hixl_instance.cpp:370,GetTransferStatus]
[2026-08-24 21:07:58.619120][UC][I] [QUERY_PERF] component=ucm layer=hixl_transport handle=41 request=0x19 lifecycle_lock_us=0 pending_lock_wait_us=0 pending_lookup_us=0 instance_us=45 erase_us=0 total_us=45 transfer_status=1 [28603,28616][hixl_transport.cpp:734,GetStatus]
[2026-08-24 21:07:58.619127][UC][I] [QUERY_PERF] component=ucm layer=transport_manager handle=41 transport_handle=41 transfers_lock_wait_us=0 lookup_us=0 transport_us=52 total_us=52 api_status=0 transfer_status=1 [28603,28616][transport_manager.cpp:716,GetStatus]
[2026-08-24 21:07:58.619134][UC][I] [PERF] component=transport event=transfer_done manager=127.0.0.1:8000 target=127.0.0.1:4500 handle=41 transport_handle=41 opcode=1 direct=2 segments=1 bytes=10 status=1 api_status=0 submitted_ts_us=1787576878619063 completed_ts_us=1787576878619133 manager_get_status_ts_us=1787576878619074 backend_query_ts_us=1787576878619080 submit_us=159 transfer_us=71 manager_to_backend_query_us=7 total_us=230 [28603,28616][transport_manager.cpp:727,GetStatus]
[2026-08-24 21:07:58.619145][UC][I] [PERF] component=drampool event=request_done request_id=6 opcode=0 peer=127.0.0.1:4500 batch_size=2 data_bytes=0 failed_items=0 status=SUCCESS failed_stage=NONE received_ts_us=1787576878618892 worker_started_ts_us=1787576878618896 data_transfer_submitted_ts_us=0 data_transfer_completed_ts_us=0 response_submitted_ts_us=1787576878619073 completed_ts_us=1787576878619143 data_tm_execute_async_ts_us=0 data_hixl_execute_async_ts_us=0 data_tm_get_status_ts_us=0 data_hixl_query_handle_ts_us=0 response_tm_execute_async_ts_us=1787576878618902 response_hixl_execute_async_ts_us=1787576878618911 response_tm_get_status_ts_us=1787576878619074 response_hixl_query_handle_ts_us=1787576878619080 request_queue_us=4 metadata_prepare_us=1 taskworker_prepare_us=2 poller_queue_us=2 data_transfer_us=0 metadata_settle_us=0 response_slot_wait_us=4 response_submit_us=172 response_transfer_us=69 data_tm_to_hixl_execute_async_us=0 data_tm_to_hixl_query_handle_us=0 response_tm_to_hixl_execute_async_us=8 response_tm_to_hixl_query_handle_us=7 total_us=251 [28603,28616][completion_poller.cc:56,LogRequestDone]
[HIXL_PERF] event=hccl_batch op=1 desc_num=1 hccl_us=72 status=0
[HIXL_PERF] event=issue_hccl_batch op=1 list_num=1 total_us=81
[HIXL_PERF] event=issue_async_host_flag op=1 list_num=1 context_us=1 hccl_issue_us=83 flag_memcpy_us=5 total_us=89
[HIXL_PERF] event=comm_channel_async op=1 list_num=1 mutex_wait_us=0 slot_us=1 host_flag_us=0 record_us=0 issue_us=94 total_us=95
[HIXL_PERF] event=adxl_inner_async op=1 list_num=1 context_us=0 connect_us=0 get_channel_us=1 channel_async_us=98 tail_us=0 total_us=99
[HIXL_PERF] event=comm_engine_async op=1 list_num=1 desc_build_us=1 inner_us=103 total_us=104 status=0
[2026-08-24 21:07:58.619591][UC][I] [HIXL_WORKER_PERF] task_id=191 queue_depth=1 enqueue_lock_wait_us=0 enqueue_us=0 queue_wait_us=5 execute_us=118 result_post_us=7 total_us=130 status=0 [28603,28616][hixl_instance.cpp:107,Run]
[2026-08-24 21:07:58.619604][UC][I] [PERF] component=transport event=transfer_submitted manager=127.0.0.1:8000 target=127.0.0.1:4500 handle=42 transport_handle=42 opcode=1 direct=2 segments=1 bytes=10 submitted_ts_us=1787576878619603 manager_execute_async_ts_us=1787576878619458 backend_execute_async_ts_us=1787576878619465 manager_to_backend_execute_async_us=8 submit_us=144 [28603,28616][transport_manager.cpp:674,ExecuteAsync]
[HIXL_QUERY_PERF] layer=comm_channel request=0x1a mutex_wait_us=0 check_us=0 lookup_us=0 flag_check_us=0 complete_us=2 total_us=2 transfer_elapsed_us=161 transfer_bytes=10 op_desc_count=1 transfer_status=1
[HIXL_QUERY_PERF] layer=adxl_inner request=0x1a context_us=1 req_lock_wait_us=0 lookup_us=1 channel_us=11 cleanup_us=0 total_us=13 status=0 transfer_status=1
[HIXL_QUERY_PERF] layer=comm_engine request=0x1a total_us=17 status=0 transfer_status=1
[2026-08-24 21:07:58.619654][UC][I] [HIXL_WORKER_PERF] task_id=192 queue_depth=1 enqueue_lock_wait_us=0 enqueue_us=0 queue_wait_us=6 execute_us=21 result_post_us=5 total_us=32 status=0 [28603,28616][hixl_instance.cpp:107,Run]
[2026-08-24 21:07:58.619661][UC][I] [QUERY_PERF] component=ucm layer=hixl_instance request=0x1a queue_wait_us=6 backend_us=21 run_post_us=13 total_us=40 api_status=0 transfer_status=1 [28603,28616][hixl_instance.cpp:370,GetTransferStatus]
[2026-08-24 21:07:58.619669][UC][I] [QUERY_PERF] component=ucm layer=hixl_transport handle=42 request=0x1a lifecycle_lock_us=0 pending_lock_wait_us=0 pending_lookup_us=0 instance_us=47 erase_us=0 total_us=47 transfer_status=1 [28603,28616][hixl_transport.cpp:734,GetStatus]
[2026-08-24 21:07:58.619675][UC][I] [QUERY_PERF] component=ucm layer=transport_manager handle=42 transport_handle=42 transfers_lock_wait_us=0 lookup_us=0 transport_us=54 total_us=54 api_status=0 transfer_status=1 [28603,28616][transport_manager.cpp:716,GetStatus]
[2026-08-24 21:07:58.619680][UC][I] [PERF] component=transport event=transfer_done manager=127.0.0.1:8000 target=127.0.0.1:4500 handle=42 transport_handle=42 opcode=1 direct=2 segments=1 bytes=10 status=1 api_status=0 submitted_ts_us=1787576878619603 completed_ts_us=1787576878619679 manager_get_status_ts_us=1787576878619620 backend_query_ts_us=1787576878619627 submit_us=144 transfer_us=76 manager_to_backend_query_us=7 total_us=220 [28603,28616][transport_manager.cpp:727,GetStatus]
[2026-08-24 21:07:58.619689][UC][I] [PERF] component=drampool event=request_done request_id=7 opcode=0 peer=127.0.0.1:4500 batch_size=2 data_bytes=0 failed_items=0 status=SUCCESS failed_stage=NONE received_ts_us=1787576878619325 worker_started_ts_us=1787576878619356 data_transfer_submitted_ts_us=0 data_transfer_completed_ts_us=0 response_submitted_ts_us=1787576878619619 completed_ts_us=1787576878619687 data_tm_execute_async_ts_us=0 data_hixl_execute_async_ts_us=0 data_tm_get_status_ts_us=0 data_hixl_query_handle_ts_us=0 response_tm_execute_async_ts_us=1787576878619458 response_hixl_execute_async_ts_us=1787576878619465 response_tm_get_status_ts_us=1787576878619620 response_hixl_query_handle_ts_us=1787576878619627 request_queue_us=31 metadata_prepare_us=0 taskworker_prepare_us=1 poller_queue_us=99 data_transfer_us=0 metadata_settle_us=0 response_slot_wait_us=100 response_submit_us=162 response_transfer_us=67 data_tm_to_hixl_execute_async_us=0 data_tm_to_hixl_query_handle_us=0 response_tm_to_hixl_execute_async_us=8 response_tm_to_hixl_query_handle_us=7 total_us=362 [28603,28616][completion_poller.cc:56,LogRequestDone]
[HIXL_PERF] event=hccl_batch op=1 desc_num=1 hccl_us=70 status=0
[HIXL_PERF] event=issue_hccl_batch op=1 list_num=1 total_us=85
[HIXL_PERF] event=issue_async_host_flag op=1 list_num=1 context_us=1 hccl_issue_us=87 flag_memcpy_us=6 total_us=94
[HIXL_PERF] event=comm_channel_async op=1 list_num=1 mutex_wait_us=0 slot_us=1 host_flag_us=0 record_us=0 issue_us=98 total_us=99
[HIXL_PERF] event=adxl_inner_async op=1 list_num=1 context_us=1 connect_us=0 get_channel_us=0 channel_async_us=105 tail_us=0 total_us=106
[HIXL_PERF] event=comm_engine_async op=1 list_num=1 desc_build_us=0 inner_us=112 total_us=112 status=0
[2026-08-24 21:07:58.620294][UC][I] [HIXL_WORKER_PERF] task_id=193 queue_depth=1 enqueue_lock_wait_us=1 enqueue_us=0 queue_wait_us=6 execute_us=119 result_post_us=7 total_us=133 status=0 [28603,28616][hixl_instance.cpp:107,Run]
[2026-08-24 21:07:58.620308][UC][I] [PERF] component=transport event=transfer_submitted manager=127.0.0.1:8000 target=127.0.0.1:4500 handle=43 transport_handle=43 opcode=1 direct=2 segments=1 bytes=10 submitted_ts_us=1787576878620307 manager_execute_async_ts_us=1787576878620159 backend_execute_async_ts_us=1787576878620167 manager_to_backend_execute_async_us=8 submit_us=148 [28603,28616][transport_manager.cpp:674,ExecuteAsync]
[HIXL_QUERY_PERF] layer=comm_channel request=0x1b mutex_wait_us=0 check_us=0 lookup_us=0 flag_check_us=1 complete_us=2 total_us=3 transfer_elapsed_us=157 transfer_bytes=10 op_desc_count=1 transfer_status=1
[HIXL_QUERY_PERF] layer=adxl_inner request=0x1b context_us=1 req_lock_wait_us=0 lookup_us=1 channel_us=11 cleanup_us=1 total_us=14 status=0 transfer_status=1
[HIXL_QUERY_PERF] layer=comm_engine request=0x1b total_us=19 status=0 transfer_status=1
[2026-08-24 21:07:58.620353][UC][I] [HIXL_WORKER_PERF] task_id=194 queue_depth=1 enqueue_lock_wait_us=0 enqueue_us=1 queue_wait_us=5 execute_us=23 result_post_us=5 total_us=34 status=0 [28603,28616][hixl_instance.cpp:107,Run]
[2026-08-24 21:07:58.620360][UC][I] [QUERY_PERF] component=ucm layer=hixl_instance request=0x1b queue_wait_us=6 backend_us=23 run_post_us=13 total_us=42 api_status=0 transfer_status=1 [28603,28616][hixl_instance.cpp:370,GetTransferStatus]
[2026-08-24 21:07:58.620367][UC][I] [QUERY_PERF] component=ucm layer=hixl_transport handle=43 request=0x1b lifecycle_lock_us=0 pending_lock_wait_us=0 pending_lookup_us=0 instance_us=49 erase_us=0 total_us=49 transfer_status=1 [28603,28616][hixl_transport.cpp:734,GetStatus]
[2026-08-24 21:07:58.620373][UC][I] [QUERY_PERF] component=ucm layer=transport_manager handle=43 transport_handle=43 transfers_lock_wait_us=0 lookup_us=0 transport_us=55 total_us=55 api_status=0 transfer_status=1 [28603,28616][transport_manager.cpp:716,GetStatus]
[2026-08-24 21:07:58.620387][UC][I] [PERF] component=transport event=transfer_done manager=127.0.0.1:8000 target=127.0.0.1:4500 handle=43 transport_handle=43 opcode=1 direct=2 segments=1 bytes=10 status=1 api_status=0 submitted_ts_us=1787576878620307 completed_ts_us=1787576878620386 manager_get_status_ts_us=1787576878620317 backend_query_ts_us=1787576878620324 submit_us=148 transfer_us=79 manager_to_backend_query_us=6 total_us=227 [28603,28616][transport_manager.cpp:727,GetStatus]
[2026-08-24 21:07:58.620396][UC][I] [PERF] component=drampool event=request_done request_id=8 opcode=0 peer=127.0.0.1:4500 batch_size=2 data_bytes=0 failed_items=0 status=SUCCESS failed_stage=NONE received_ts_us=1787576878619975 worker_started_ts_us=1787576878620121 data_transfer_submitted_ts_us=0 data_transfer_completed_ts_us=0 response_submitted_ts_us=1787576878620317 completed_ts_us=1787576878620394 data_tm_execute_async_ts_us=0 data_hixl_execute_async_ts_us=0 data_tm_get_status_ts_us=0 data_hixl_query_handle_ts_us=0 response_tm_execute_async_ts_us=1787576878620159 response_hixl_execute_async_ts_us=1787576878620167 response_tm_get_status_ts_us=1787576878620317 response_hixl_query_handle_ts_us=1787576878620324 request_queue_us=146 metadata_prepare_us=0 taskworker_prepare_us=1 poller_queue_us=35 data_transfer_us=0 metadata_settle_us=0 response_slot_wait_us=35 response_submit_us=160 response_transfer_us=76 data_tm_to_hixl_execute_async_us=0 data_tm_to_hixl_query_handle_us=0 response_tm_to_hixl_execute_async_us=8 response_tm_to_hixl_query_handle_us=6 total_us=419 [28603,28616][completion_poller.cc:56,LogRequestDone]
[HIXL_PERF] event=hccl_batch op=1 desc_num=108 hccl_us=138 status=0
[HIXL_PERF] event=issue_hccl_batch op=1 list_num=108 total_us=166
[HIXL_PERF] event=issue_async_host_flag op=1 list_num=108 context_us=0 hccl_issue_us=172 flag_memcpy_us=6 total_us=178
[HIXL_PERF] event=comm_channel_async op=1 list_num=108 mutex_wait_us=0 slot_us=0 host_flag_us=1 record_us=0 issue_us=181 total_us=182
[HIXL_PERF] event=adxl_inner_async op=1 list_num=108 context_us=1 connect_us=0 get_channel_us=1 channel_async_us=185 tail_us=0 total_us=187
[HIXL_PERF] event=comm_engine_async op=1 list_num=108 desc_build_us=1 inner_us=190 total_us=191 status=0
[2026-08-24 21:07:58.627373][UC][I] [HIXL_WORKER_PERF] task_id=195 queue_depth=1 enqueue_lock_wait_us=1 enqueue_us=0 queue_wait_us=8 execute_us=197 result_post_us=7 total_us=213 status=0 [28603,28617][hixl_instance.cpp:107,Run]
[2026-08-24 21:07:58.627387][UC][I] [PERF] component=transport event=transfer_submitted manager=127.0.0.1:8000 target=127.0.0.1:4503 handle=44 transport_handle=44 opcode=1 direct=2 segments=108 bytes=7962624 submitted_ts_us=1787576878627386 manager_execute_async_ts_us=1787576878627156 backend_execute_async_ts_us=1787576878627170 manager_to_backend_execute_async_us=14 submit_us=228 [28603,28617][transport_manager.cpp:674,ExecuteAsync]
[HIXL_QUERY_PERF] layer=comm_channel request=0x1c mutex_wait_us=0 check_us=0 lookup_us=0 flag_check_us=1 complete_us=0 total_us=1 transfer_elapsed_us=244 transfer_bytes=7962624 op_desc_count=108 transfer_status=0
[HIXL_QUERY_PERF] layer=adxl_inner request=0x1c context_us=1 req_lock_wait_us=0 lookup_us=1 channel_us=5 cleanup_us=0 total_us=7 status=0 transfer_status=0
[HIXL_QUERY_PERF] layer=comm_engine request=0x1c total_us=9 status=0 transfer_status=0
[2026-08-24 21:07:58.627434][UC][I] [HIXL_WORKER_PERF] task_id=196 queue_depth=1 enqueue_lock_wait_us=0 enqueue_us=0 queue_wait_us=6 execute_us=11 result_post_us=5 total_us=22 status=0 [28603,28616][hixl_instance.cpp:107,Run]
[2026-08-24 21:07:58.627444][UC][I] [QUERY_PERF] component=ucm layer=hixl_instance request=0x1c queue_wait_us=6 backend_us=11 run_post_us=15 total_us=32 api_status=0 transfer_status=0 [28603,28616][hixl_instance.cpp:370,GetTransferStatus]
[2026-08-24 21:07:58.627450][UC][I] [QUERY_PERF] component=ucm layer=hixl_transport handle=44 request=0x1c lifecycle_lock_us=0 pending_lock_wait_us=0 pending_lookup_us=1 instance_us=38 erase_us=0 total_us=39 transfer_status=0 [28603,28616][hixl_transport.cpp:734,GetStatus]
[2026-08-24 21:07:58.627455][UC][I] [QUERY_PERF] component=ucm layer=transport_manager handle=44 transport_handle=44 transfers_lock_wait_us=0 lookup_us=1 transport_us=45 total_us=46 api_status=0 transfer_status=0 [28603,28616][transport_manager.cpp:716,GetStatus]
[HIXL_PERF] event=hccl_batch op=1 desc_num=108 hccl_us=108 status=0
[HIXL_PERF] event=issue_hccl_batch op=1 list_num=108 total_us=114
[HIXL_PERF] event=issue_async_host_flag op=1 list_num=108 context_us=1 hccl_issue_us=116 flag_memcpy_us=6 total_us=123
[HIXL_PERF] event=comm_channel_async op=1 list_num=108 mutex_wait_us=0 slot_us=0 host_flag_us=1 record_us=0 issue_us=125 total_us=126
[HIXL_PERF] event=adxl_inner_async op=1 list_num=108 context_us=1 connect_us=0 get_channel_us=1 channel_async_us=128 tail_us=1 total_us=131
[HIXL_PERF] event=comm_engine_async op=1 list_num=108 desc_build_us=0 inner_us=133 total_us=133 status=0
[HIXL_QUERY_PERF] layer=comm_channel request=0x1c mutex_wait_us=0 check_us=0 lookup_us=1 flag_check_us=0 complete_us=0 total_us=1 transfer_elapsed_us=399 transfer_bytes=7962624 op_desc_count=108 transfer_status=0
[2026-08-24 21:07:58.627575][UC][I] [HIXL_WORKER_PERF] task_id=197 queue_depth=2 enqueue_lock_wait_us=0 enqueue_us=0 queue_wait_us=16 execute_us=139 result_post_us=6 total_us=161 status=0 [28603,28617][hixl_instance.cpp:107,Run]
[HIXL_QUERY_PERF] layer=adxl_inner request=0x1c context_us=0 req_lock_wait_us=0 lookup_us=1 channel_us=4 cleanup_us=0 total_us=5 status=0 transfer_status=0
[HIXL_QUERY_PERF] layer=comm_engine request=0x1c total_us=10 status=0 transfer_status=0
[2026-08-24 21:07:58.627584][UC][I] [PERF] component=transport event=transfer_submitted manager=127.0.0.1:8000 target=127.0.0.1:4503 handle=45 transport_handle=45 opcode=1 direct=2 segments=108 bytes=7962624 submitted_ts_us=1787576878627583 manager_execute_async_ts_us=1787576878627412 backend_execute_async_ts_us=1787576878627431 manager_to_backend_execute_async_us=19 submit_us=171 [28603,28617][transport_manager.cpp:674,ExecuteAsync]
[2026-08-24 21:07:58.627592][UC][I] [HIXL_WORKER_PERF] task_id=198 queue_depth=1 enqueue_lock_wait_us=0 enqueue_us=0 queue_wait_us=111 execute_us=13 result_post_us=6 total_us=130 status=0 [28603,28616][hixl_instance.cpp:107,Run]
[2026-08-24 21:07:58.627608][UC][I] [DRAMPOOL_QUEUE_PERF] layer=request_queue request_id=5 opcode=2 peer=127.0.0.1:4503 wait_us=513 threshold_us=400 [28603,28617][task_worker.cc:81,ProcessOneRequest]
[2026-08-24 21:07:58.627610][UC][I] [QUERY_PERF] component=ucm layer=hixl_instance request=0x1c queue_wait_us=111 backend_us=13 run_post_us=24 total_us=148 api_status=0 transfer_status=0 [28603,28616][hixl_instance.cpp:370,GetTransferStatus]
[2026-08-24 21:07:58.627621][UC][I] [QUERY_PERF] component=ucm layer=hixl_transport handle=44 request=0x1c lifecycle_lock_us=0 pending_lock_wait_us=0 pending_lookup_us=0 instance_us=160 erase_us=0 total_us=160 transfer_status=0 [28603,28616][hixl_transport.cpp:734,GetStatus]
[2026-08-24 21:07:58.627625][UC][I] [QUERY_PERF] component=ucm layer=transport_manager handle=44 transport_handle=44 transfers_lock_wait_us=0 lookup_us=0 transport_us=165 total_us=165 api_status=0 transfer_status=0 [28603,28616][transport_manager.cpp:716,GetStatus]
[HIXL_QUERY_PERF] layer=comm_channel request=0x1c mutex_wait_us=0 check_us=0 lookup_us=1 flag_check_us=0 complete_us=0 total_us=1 transfer_elapsed_us=465 transfer_bytes=7962624 op_desc_count=108 transfer_status=0
[HIXL_QUERY_PERF] layer=adxl_inner request=0x1c context_us=1 req_lock_wait_us=0 lookup_us=0 channel_us=4 cleanup_us=0 total_us=5 status=0 transfer_status=0
[HIXL_QUERY_PERF] layer=comm_engine request=0x1c total_us=8 status=0 transfer_status=0
[2026-08-24 21:07:58.627655][UC][I] [HIXL_WORKER_PERF] task_id=199 queue_depth=1 enqueue_lock_wait_us=0 enqueue_us=1 queue_wait_us=6 execute_us=11 result_post_us=5 total_us=23 status=0 [28603,28616][hixl_instance.cpp:107,Run]
[2026-08-24 21:07:58.627662][UC][I] [QUERY_PERF] component=ucm layer=hixl_instance request=0x1c queue_wait_us=7 backend_us=11 run_post_us=12 total_us=30 api_status=0 transfer_status=0 [28603,28616][hixl_instance.cpp:370,GetTransferStatus]
[2026-08-24 21:07:58.627669][UC][I] [QUERY_PERF] component=ucm layer=hixl_transport handle=44 request=0x1c lifecycle_lock_us=0 pending_lock_wait_us=1 pending_lookup_us=0 instance_us=37 erase_us=0 total_us=38 transfer_status=0 [28603,28616][hixl_transport.cpp:734,GetStatus]
[2026-08-24 21:07:58.627675][UC][I] [QUERY_PERF] component=ucm layer=transport_manager handle=44 transport_handle=44 transfers_lock_wait_us=0 lookup_us=0 transport_us=45 total_us=45 api_status=0 transfer_status=0 [28603,28616][transport_manager.cpp:716,GetStatus]
[HIXL_PERF] event=hccl_batch op=1 desc_num=108 hccl_us=111 status=0
[HIXL_PERF] event=issue_hccl_batch op=1 list_num=108 total_us=119
[HIXL_PERF] event=issue_async_host_flag op=1 list_num=108 context_us=1 hccl_issue_us=121 flag_memcpy_us=5 total_us=127
[HIXL_PERF] event=comm_channel_async op=1 list_num=108 mutex_wait_us=0 slot_us=0 host_flag_us=19 record_us=0 issue_us=130 total_us=149
[HIXL_PERF] event=adxl_inner_async op=1 list_num=108 context_us=1 connect_us=0 get_channel_us=1 channel_async_us=151 tail_us=0 total_us=153
[HIXL_PERF] event=comm_engine_async op=1 list_num=108 desc_build_us=1 inner_us=156 total_us=157 status=0
[HIXL_QUERY_PERF] layer=comm_channel request=0x1d mutex_wait_us=0 check_us=0 lookup_us=0 flag_check_us=0 complete_us=0 total_us=0 transfer_elapsed_us=385 transfer_bytes=7962624 op_desc_count=108 transfer_status=0
[2026-08-24 21:07:58.627821][UC][I] [HIXL_WORKER_PERF] task_id=200 queue_depth=2 enqueue_lock_wait_us=1 enqueue_us=1 queue_wait_us=18 execute_us=164 result_post_us=5 total_us=189 status=0 [28603,28617][hixl_instance.cpp:107,Run]
[HIXL_QUERY_PERF] layer=adxl_inner request=0x1d context_us=1 req_lock_wait_us=0 lookup_us=1 channel_us=3 cleanup_us=0 total_us=5 status=0 transfer_status=0
[2026-08-24 21:07:58.627828][UC][I] [PERF] component=transport event=transfer_submitted manager=127.0.0.1:8000 target=127.0.0.1:4503 handle=46 transport_handle=46 opcode=1 direct=2 segments=108 bytes=7962624 submitted_ts_us=1787576878627827 manager_execute_async_ts_us=1787576878627629 backend_execute_async_ts_us=1787576878627652 manager_to_backend_execute_async_us=24 submit_us=198 [28603,28617][transport_manager.cpp:674,ExecuteAsync]
[HIXL_QUERY_PERF] layer=comm_engine request=0x1d total_us=13 status=0 transfer_status=0
[2026-08-24 21:07:58.627836][UC][I] [DRAMPOOL_QUEUE_PERF] layer=request_queue request_id=6 opcode=2 peer=127.0.0.1:4503 wait_us=739 threshold_us=400 [28603,28617][task_worker.cc:81,ProcessOneRequest]
[2026-08-24 21:07:58.627843][UC][I] [HIXL_WORKER_PERF] task_id=201 queue_depth=1 enqueue_lock_wait_us=0 enqueue_us=0 queue_wait_us=137 execute_us=17 result_post_us=7 total_us=161 status=0 [28603,28616][hixl_instance.cpp:107,Run]
[2026-08-24 21:07:58.627850][UC][I] [QUERY_PERF] component=ucm layer=hixl_instance request=0x1d queue_wait_us=137 backend_us=17 run_post_us=14 total_us=168 api_status=0 transfer_status=0 [28603,28616][hixl_instance.cpp:370,GetTransferStatus]
[2026-08-24 21:07:58.627855][UC][I] [QUERY_PERF] component=ucm layer=hixl_transport handle=45 request=0x1d lifecycle_lock_us=0 pending_lock_wait_us=1 pending_lookup_us=0 instance_us=173 erase_us=0 total_us=174 transfer_status=0 [28603,28616][hixl_transport.cpp:734,GetStatus]
[2026-08-24 21:07:58.627859][UC][I] [QUERY_PERF] component=ucm layer=transport_manager handle=45 transport_handle=45 transfers_lock_wait_us=0 lookup_us=0 transport_us=178 total_us=178 api_status=0 transfer_status=0 [28603,28616][transport_manager.cpp:716,GetStatus]
[HIXL_PERF] event=hccl_batch op=1 desc_num=108 hccl_us=100 status=0
[HIXL_PERF] event=issue_hccl_batch op=1 list_num=108 total_us=110
[HIXL_PERF] event=issue_async_host_flag op=1 list_num=108 context_us=1 hccl_issue_us=112 flag_memcpy_us=6 total_us=119
[HIXL_PERF] event=comm_channel_async op=1 list_num=108 mutex_wait_us=0 slot_us=1 host_flag_us=7 record_us=0 issue_us=121 total_us=129
[HIXL_PERF] event=adxl_inner_async op=1 list_num=108 context_us=1 connect_us=0 get_channel_us=1 channel_async_us=131 tail_us=1 total_us=134
[HIXL_PERF] event=comm_engine_async op=1 list_num=108 desc_build_us=1 inner_us=136 total_us=137 status=0
[2026-08-24 21:07:58.628027][UC][I] [HIXL_WORKER_PERF] task_id=202 queue_depth=1 enqueue_lock_wait_us=0 enqueue_us=0 queue_wait_us=7 execute_us=158 result_post_us=6 total_us=171 status=0 [28603,28617][hixl_instance.cpp:107,Run]
[HIXL_QUERY_PERF] layer=comm_channel request=0x1c mutex_wait_us=0 check_us=0 lookup_us=0 flag_check_us=1 complete_us=2 total_us=3 transfer_elapsed_us=850 transfer_bytes=7962624 op_desc_count=108 transfer_status=1
[HIXL_QUERY_PERF] layer=adxl_inner request=0x1c context_us=0 req_lock_wait_us=0 lookup_us=1 channel_us=8 cleanup_us=0 total_us=9 status=0 transfer_status=1
[2026-08-24 21:07:58.628033][UC][I] [PERF] component=transport event=transfer_submitted manager=127.0.0.1:8000 target=127.0.0.1:4503 handle=47 transport_handle=47 opcode=1 direct=2 segments=108 bytes=7962624 submitted_ts_us=1787576878628032 manager_execute_async_ts_us=1787576878627853 backend_execute_async_ts_us=1787576878627878 manager_to_backend_execute_async_us=25 submit_us=179 [28603,28617][transport_manager.cpp:674,ExecuteAsync]
[HIXL_QUERY_PERF] layer=comm_engine request=0x1c total_us=13 status=0 transfer_status=1
[2026-08-24 21:07:58.628048][UC][I] [HIXL_WORKER_PERF] task_id=203 queue_depth=1 enqueue_lock_wait_us=0 enqueue_us=0 queue_wait_us=133 execute_us=17 result_post_us=7 total_us=157 status=0 [28603,28616][hixl_instance.cpp:107,Run]
[2026-08-24 21:07:58.628055][UC][I] [QUERY_PERF] component=ucm layer=hixl_instance request=0x1c queue_wait_us=133 backend_us=17 run_post_us=14 total_us=164 api_status=0 transfer_status=1 [28603,28616][hixl_instance.cpp:370,GetTransferStatus]
[2026-08-24 21:07:58.628064][UC][I] [QUERY_PERF] component=ucm layer=hixl_transport handle=44 request=0x1c lifecycle_lock_us=0 pending_lock_wait_us=0 pending_lookup_us=1 instance_us=172 erase_us=0 total_us=173 transfer_status=1 [28603,28616][hixl_transport.cpp:734,GetStatus]
[2026-08-24 21:07:58.628068][UC][I] [QUERY_PERF] component=ucm layer=transport_manager handle=44 transport_handle=44 transfers_lock_wait_us=1 lookup_us=0 transport_us=178 total_us=179 api_status=0 transfer_status=1 [28603,28616][transport_manager.cpp:716,GetStatus]
[2026-08-24 21:07:58.628072][UC][I] [PERF] component=transport event=transfer_done manager=127.0.0.1:8000 target=127.0.0.1:4503 handle=44 transport_handle=44 opcode=1 direct=2 segments=108 bytes=7962624 status=1 api_status=0 submitted_ts_us=1787576878627386 completed_ts_us=1787576878628071 manager_get_status_ts_us=1787576878627888 backend_query_ts_us=1787576878628023 submit_us=228 transfer_us=685 manager_to_backend_query_us=135 total_us=913 [28603,28616][transport_manager.cpp:727,GetStatus]
[HIXL_PERF] event=hccl_batch op=1 desc_num=1 hccl_us=70 status=0
[HIXL_PERF] event=issue_hccl_batch op=1 list_num=1 total_us=76
[HIXL_PERF] event=issue_async_host_flag op=1 list_num=1 context_us=1 hccl_issue_us=79 flag_memcpy_us=5 total_us=85
[HIXL_PERF] event=comm_channel_async op=1 list_num=1 mutex_wait_us=0 slot_us=0 host_flag_us=0 record_us=0 issue_us=88 total_us=88
[HIXL_PERF] event=adxl_inner_async op=1 list_num=1 context_us=1 connect_us=0 get_channel_us=0 channel_async_us=91 tail_us=0 total_us=92
[HIXL_PERF] event=comm_engine_async op=1 list_num=1 desc_build_us=0 inner_us=94 total_us=94 status=0
[2026-08-24 21:07:58.628221][UC][I] [HIXL_WORKER_PERF] task_id=205 queue_depth=1 enqueue_lock_wait_us=0 enqueue_us=0 queue_wait_us=7 execute_us=99 result_post_us=7 total_us=113 status=0 [28603,28616][hixl_instance.cpp:107,Run]
[HIXL_PERF] event=hccl_batch op=1 desc_num=108 hccl_us=136 status=0
[2026-08-24 21:07:58.628230][UC][I] [PERF] component=transport event=transfer_submitted manager=127.0.0.1:8000 target=127.0.0.1:4503 handle=48 transport_handle=48 opcode=1 direct=2 segments=1 bytes=63 submitted_ts_us=1787576878628229 manager_execute_async_ts_us=1787576878628104 backend_execute_async_ts_us=1787576878628114 manager_to_backend_execute_async_us=10 submit_us=124 [28603,28616][transport_manager.cpp:674,ExecuteAsync]
[HIXL_PERF] event=issue_hccl_batch op=1 list_num=108 total_us=158
[HIXL_PERF] event=issue_async_host_flag op=1 list_num=108 context_us=0 hccl_issue_us=163 flag_memcpy_us=5 total_us=168
[HIXL_PERF] event=comm_channel_async op=1 list_num=108 mutex_wait_us=0 slot_us=1 host_flag_us=0 record_us=1 issue_us=171 total_us=173
[HIXL_QUERY_PERF] layer=comm_channel request=0x1d mutex_wait_us=0 check_us=0 lookup_us=1 flag_check_us=0 complete_us=2 total_us=3 transfer_elapsed_us=814 transfer_bytes=7962624 op_desc_count=108 transfer_status=1
[HIXL_QUERY_PERF] layer=adxl_inner request=0x1d context_us=1 req_lock_wait_us=0 lookup_us=1 channel_us=8 cleanup_us=1 total_us=11 status=0 transfer_status=1
[HIXL_PERF] event=adxl_inner_async op=1 list_num=108 context_us=2 connect_us=0 get_channel_us=1 channel_async_us=176 tail_us=0 total_us=179
[HIXL_PERF] event=comm_engine_async op=1 list_num=108 desc_build_us=1 inner_us=192 total_us=193 status=0
[HIXL_QUERY_PERF] layer=comm_engine request=0x1d total_us=14 status=0 transfer_status=1
[2026-08-24 21:07:58.628279][UC][I] [HIXL_WORKER_PERF] task_id=204 queue_depth=1 enqueue_lock_wait_us=0 enqueue_us=0 queue_wait_us=12 execute_us=205 result_post_us=6 total_us=223 status=0 [28603,28617][hixl_instance.cpp:107,Run]
[2026-08-24 21:07:58.628279][UC][I] [HIXL_WORKER_PERF] task_id=206 queue_depth=1 enqueue_lock_wait_us=0 enqueue_us=0 queue_wait_us=6 execute_us=27 result_post_us=4 total_us=37 status=0 [28603,28616][hixl_instance.cpp:107,Run]
[2026-08-24 21:07:58.628287][UC][I] [PERF] component=transport event=transfer_submitted manager=127.0.0.1:8000 target=127.0.0.1:4505 handle=49 transport_handle=49 opcode=1 direct=2 segments=108 bytes=7962624 submitted_ts_us=1787576878628286 manager_execute_async_ts_us=1787576878628054 backend_execute_async_ts_us=1787576878628071 manager_to_backend_execute_async_us=17 submit_us=231 [28603,28617][transport_manager.cpp:674,ExecuteAsync]
[2026-08-24 21:07:58.628293][UC][I] [QUERY_PERF] component=ucm layer=hixl_instance request=0x1d queue_wait_us=6 backend_us=27 run_post_us=19 total_us=52 api_status=0 transfer_status=1 [28603,28616][hixl_instance.cpp:370,GetTransferStatus]
[2026-08-24 21:07:58.628304][UC][I] [DRAMPOOL_QUEUE_PERF] layer=request_queue request_id=4 opcode=2 peer=127.0.0.1:4505 wait_us=646 threshold_us=400 [28603,28617][task_worker.cc:81,ProcessOneRequest]
[2026-08-24 21:07:58.628310][UC][I] [QUERY_PERF] component=ucm layer=hixl_transport handle=45 request=0x1d lifecycle_lock_us=0 pending_lock_wait_us=0 pending_lookup_us=0 instance_us=67 erase_us=1 total_us=68 transfer_status=1 [28603,28616][hixl_transport.cpp:734,GetStatus]
[2026-08-24 21:07:58.628321][UC][I] [QUERY_PERF] component=ucm layer=transport_manager handle=45 transport_handle=45 transfers_lock_wait_us=1 lookup_us=0 transport_us=80 total_us=81 api_status=0 transfer_status=1 [28603,28616][transport_manager.cpp:716,GetStatus]
[2026-08-24 21:07:58.628325][UC][I] [PERF] component=transport event=transfer_done manager=127.0.0.1:8000 target=127.0.0.1:4503 handle=45 transport_handle=45 opcode=1 direct=2 segments=108 bytes=7962624 status=1 api_status=0 submitted_ts_us=1787576878627583 completed_ts_us=1787576878628324 manager_get_status_ts_us=1787576878628240 backend_query_ts_us=1787576878628247 submit_us=171 transfer_us=741 manager_to_backend_query_us=7 total_us=912 [28603,28616][transport_manager.cpp:727,GetStatus]
[HIXL_PERF] event=hccl_batch op=1 desc_num=1 hccl_us=73 status=0
[HIXL_PERF] event=issue_hccl_batch op=1 list_num=1 total_us=79
[HIXL_PERF] event=issue_async_host_flag op=1 list_num=1 context_us=0 hccl_issue_us=82 flag_memcpy_us=5 total_us=87
[HIXL_PERF] event=comm_channel_async op=1 list_num=1 mutex_wait_us=1 slot_us=0 host_flag_us=0 record_us=0 issue_us=90 total_us=91
[HIXL_PERF] event=adxl_inner_async op=1 list_num=1 context_us=1 connect_us=0 get_channel_us=0 channel_async_us=93 tail_us=1 total_us=95
[HIXL_PERF] event=comm_engine_async op=1 list_num=1 desc_build_us=0 inner_us=97 total_us=97 status=0
[HIXL_PERF] event=hccl_batch op=1 desc_num=108 hccl_us=103 status=0
[HIXL_PERF] event=issue_hccl_batch op=1 list_num=108 total_us=108
[2026-08-24 21:07:58.628474][UC][I] [HIXL_WORKER_PERF] task_id=208 queue_depth=1 enqueue_lock_wait_us=0 enqueue_us=0 queue_wait_us=6 execute_us=102 result_post_us=8 total_us=116 status=0 [28603,28616][hixl_instance.cpp:107,Run]
[HIXL_PERF] event=issue_async_host_flag op=1 list_num=108 context_us=1 hccl_issue_us=110 flag_memcpy_us=5 total_us=116
[HIXL_PERF] event=comm_channel_async op=1 list_num=108 mutex_wait_us=0 slot_us=1 host_flag_us=0 record_us=0 issue_us=120 total_us=121
[2026-08-24 21:07:58.628483][UC][I] [PERF] component=transport event=transfer_submitted manager=127.0.0.1:8000 target=127.0.0.1:4503 handle=50 transport_handle=50 opcode=1 direct=2 segments=1 bytes=63 submitted_ts_us=1787576878628482 manager_execute_async_ts_us=1787576878628356 backend_execute_async_ts_us=1787576878628364 manager_to_backend_execute_async_us=8 submit_us=125 [28603,28616][transport_manager.cpp:674,ExecuteAsync]
[HIXL_PERF] event=adxl_inner_async op=1 list_num=108 context_us=1 connect_us=0 get_channel_us=0 channel_async_us=123 tail_us=1 total_us=125
[HIXL_PERF] event=comm_engine_async op=1 list_num=108 desc_build_us=1 inner_us=129 total_us=130 status=0
[HIXL_QUERY_PERF] layer=comm_channel request=0x1e mutex_wait_us=0 check_us=0 lookup_us=0 flag_check_us=0 complete_us=0 total_us=0 transfer_elapsed_us=841 transfer_bytes=7962624 op_desc_count=108 transfer_status=0
[HIXL_QUERY_PERF] layer=adxl_inner request=0x1e context_us=1 req_lock_wait_us=0 lookup_us=1 channel_us=4 cleanup_us=0 total_us=6 status=0 transfer_status=0
[2026-08-24 21:07:58.628502][UC][I] [HIXL_WORKER_PERF] task_id=207 queue_depth=1 enqueue_lock_wait_us=0 enqueue_us=0 queue_wait_us=7 execute_us=136 result_post_us=7 total_us=150 status=0 [28603,28617][hixl_instance.cpp:107,Run]
[HIXL_QUERY_PERF] layer=comm_engine request=0x1e total_us=9 status=0 transfer_status=0
[2026-08-24 21:07:58.628511][UC][I] [PERF] component=transport event=transfer_submitted manager=127.0.0.1:8000 target=127.0.0.1:4505 handle=51 transport_handle=51 opcode=1 direct=2 segments=108 bytes=7962624 submitted_ts_us=1787576878628510 manager_execute_async_ts_us=1787576878628349 backend_execute_async_ts_us=1787576878628359 manager_to_backend_execute_async_us=10 submit_us=160 [28603,28617][transport_manager.cpp:674,ExecuteAsync]
[2026-08-24 21:07:58.628516][UC][I] [HIXL_WORKER_PERF] task_id=209 queue_depth=1 enqueue_lock_wait_us=0 enqueue_us=0 queue_wait_us=6 execute_us=14 result_post_us=5 total_us=25 status=0 [28603,28616][hixl_instance.cpp:107,Run]
[2026-08-24 21:07:58.628523][UC][I] [QUERY_PERF] component=ucm layer=hixl_instance request=0x1e queue_wait_us=6 backend_us=14 run_post_us=13 total_us=33 api_status=0 transfer_status=0 [28603,28616][hixl_instance.cpp:370,GetTransferStatus]
[2026-08-24 21:07:58.628529][UC][I] [QUERY_PERF] component=ucm layer=hixl_transport handle=46 request=0x1e lifecycle_lock_us=1 pending_lock_wait_us=0 pending_lookup_us=0 instance_us=38 erase_us=0 total_us=39 transfer_status=0 [28603,28616][hixl_transport.cpp:734,GetStatus]
[2026-08-24 21:07:58.628533][UC][I] [QUERY_PERF] component=ucm layer=transport_manager handle=46 transport_handle=46 transfers_lock_wait_us=0 lookup_us=0 transport_us=44 total_us=44 api_status=0 transfer_status=0 [28603,28616][transport_manager.cpp:716,GetStatus]
[2026-08-24 21:07:58.628518][UC][I] [DRAMPOOL_QUEUE_PERF] layer=request_queue request_id=5 opcode=2 peer=127.0.0.1:4505 wait_us=857 threshold_us=400 [28603,28617][task_worker.cc:81,ProcessOneRequest]
[2026-08-24 21:07:58.628539][UC][I] [DRAMPOOL_QUEUE_PERF] layer=poller_queue request_id=6 opcode=2 peer=127.0.0.1:4503 wait_us=499 pending_size=3 pending_depth=64 threshold_us=400 [28603,28616][completion_poller.cc:134,FillPendingWindow]
[HIXL_QUERY_PERF] layer=comm_channel request=0x20 mutex_wait_us=0 check_us=0 lookup_us=0 flag_check_us=0 complete_us=0 total_us=0 transfer_elapsed_us=443 transfer_bytes=63 op_desc_count=1 transfer_status=0
[HIXL_QUERY_PERF] layer=adxl_inner request=0x20 context_us=1 req_lock_wait_us=0 lookup_us=1 channel_us=3 cleanup_us=0 total_us=5 status=0 transfer_status=0
[HIXL_QUERY_PERF] layer=comm_engine request=0x20 total_us=7 status=0 transfer_status=0
[2026-08-24 21:07:58.628573][UC][I] [HIXL_WORKER_PERF] task_id=210 queue_depth=1 enqueue_lock_wait_us=0 enqueue_us=0 queue_wait_us=5 execute_us=9 result_post_us=5 total_us=19 status=0 [28603,28616][hixl_instance.cpp:107,Run]
[2026-08-24 21:07:58.628582][UC][I] [QUERY_PERF] component=ucm layer=hixl_instance request=0x20 queue_wait_us=5 backend_us=9 run_post_us=15 total_us=29 api_status=0 transfer_status=0 [28603,28616][hixl_instance.cpp:370,GetTransferStatus]
[2026-08-24 21:07:58.628587][UC][I] [QUERY_PERF] component=ucm layer=hixl_transport handle=48 request=0x20 lifecycle_lock_us=0 pending_lock_wait_us=1 pending_lookup_us=0 instance_us=33 erase_us=0 total_us=34 transfer_status=0 [28603,28616][hixl_transport.cpp:734,GetStatus]
[2026-08-24 21:07:58.628590][UC][I] [QUERY_PERF] component=ucm layer=transport_manager handle=48 transport_handle=48 transfers_lock_wait_us=0 lookup_us=0 transport_us=38 total_us=38 api_status=0 transfer_status=0 [28603,28616][transport_manager.cpp:716,GetStatus]
[HIXL_QUERY_PERF] layer=comm_channel request=0x21 mutex_wait_us=0 check_us=0 lookup_us=0 flag_check_us=1 complete_us=0 total_us=1 transfer_elapsed_us=234 transfer_bytes=63 op_desc_count=1 transfer_status=0
[HIXL_QUERY_PERF] layer=adxl_inner request=0x21 context_us=0 req_lock_wait_us=1 lookup_us=0 channel_us=4 cleanup_us=0 total_us=5 status=0 transfer_status=0
[HIXL_QUERY_PERF] layer=comm_engine request=0x21 total_us=7 status=0 transfer_status=0
[2026-08-24 21:07:58.628614][UC][I] [HIXL_WORKER_PERF] task_id=212 queue_depth=1 enqueue_lock_wait_us=0 enqueue_us=0 queue_wait_us=5 execute_us=10 result_post_us=5 total_us=20 status=0 [28603,28616][hixl_instance.cpp:107,Run]
[2026-08-24 21:07:58.628621][UC][I] [QUERY_PERF] component=ucm layer=hixl_instance request=0x21 queue_wait_us=6 backend_us=9 run_post_us=11 total_us=26 api_status=0 transfer_status=0 [28603,28616][hixl_instance.cpp:370,GetTransferStatus]
[2026-08-24 21:07:58.628624][UC][I] [QUERY_PERF] component=ucm layer=hixl_transport handle=50 request=0x21 lifecycle_lock_us=0 pending_lock_wait_us=0 pending_lookup_us=0 instance_us=30 erase_us=0 total_us=30 transfer_status=0 [28603,28616][hixl_transport.cpp:734,GetStatus]
[2026-08-24 21:07:58.628627][UC][I] [QUERY_PERF] component=ucm layer=transport_manager handle=50 transport_handle=50 transfers_lock_wait_us=0 lookup_us=1 transport_us=33 total_us=34 api_status=0 transfer_status=0 [28603,28616][transport_manager.cpp:716,GetStatus]
[HIXL_QUERY_PERF] layer=comm_channel request=0x1e mutex_wait_us=0 check_us=0 lookup_us=1 flag_check_us=0 complete_us=0 total_us=1 transfer_elapsed_us=979 transfer_bytes=7962624 op_desc_count=108 transfer_status=0
[HIXL_QUERY_PERF] layer=adxl_inner request=0x1e context_us=1 req_lock_wait_us=0 lookup_us=0 channel_us=4 cleanup_us=0 total_us=5 status=0 transfer_status=0
[HIXL_QUERY_PERF] layer=comm_engine request=0x1e total_us=7 status=0 transfer_status=0
[2026-08-24 21:07:58.628649][UC][I] [HIXL_WORKER_PERF] task_id=213 queue_depth=1 enqueue_lock_wait_us=0 enqueue_us=0 queue_wait_us=5 execute_us=8 result_post_us=5 total_us=18 status=0 [28603,28616][hixl_instance.cpp:107,Run]
[2026-08-24 21:07:58.628653][UC][I] [QUERY_PERF] component=ucm layer=hixl_instance request=0x1e queue_wait_us=5 backend_us=8 run_post_us=10 total_us=23 api_status=0 transfer_status=0 [28603,28616][hixl_instance.cpp:370,GetTransferStatus]
[2026-08-24 21:07:58.628656][UC][I] [QUERY_PERF] component=ucm layer=hixl_transport handle=46 request=0x1e lifecycle_lock_us=0 pending_lock_wait_us=0 pending_lookup_us=0 instance_us=26 erase_us=0 total_us=26 transfer_status=0 [28603,28616][hixl_transport.cpp:734,GetStatus]
[2026-08-24 21:07:58.628659][UC][I] [QUERY_PERF] component=ucm layer=transport_manager handle=46 transport_handle=46 transfers_lock_wait_us=0 lookup_us=1 transport_us=29 total_us=30 api_status=0 transfer_status=0 [28603,28616][transport_manager.cpp:716,GetStatus]
[HIXL_QUERY_PERF] layer=comm_channel request=0x1f mutex_wait_us=0 check_us=0 lookup_us=0 flag_check_us=0 complete_us=0 total_us=0 transfer_elapsed_us=786 transfer_bytes=7962624 op_desc_count=108 transfer_status=0
[HIXL_QUERY_PERF] layer=adxl_inner request=0x1f context_us=1 req_lock_wait_us=0 lookup_us=1 channel_us=4 cleanup_us=0 total_us=6 status=0 transfer_status=0
[HIXL_QUERY_PERF] layer=comm_engine request=0x1f total_us=8 status=0 transfer_status=0
[2026-08-24 21:07:58.628682][UC][I] [HIXL_WORKER_PERF] task_id=214 queue_depth=1 enqueue_lock_wait_us=1 enqueue_us=0 queue_wait_us=4 execute_us=10 result_post_us=4 total_us=19 status=0 [28603,28616][hixl_instance.cpp:107,Run]
[HIXL_PERF] event=hccl_batch op=1 desc_num=108 hccl_us=86 status=0
[2026-08-24 21:07:58.628686][UC][I] [QUERY_PERF] component=ucm layer=hixl_instance request=0x1f queue_wait_us=5 backend_us=10 run_post_us=9 total_us=24 api_status=0 transfer_status=0 [28603,28616][hixl_instance.cpp:370,GetTransferStatus]
[HIXL_PERF] event=issue_hccl_batch op=1 list_num=108 total_us=92
[2026-08-24 21:07:58.628694][UC][I] [QUERY_PERF] component=ucm layer=hixl_transport handle=47 request=0x1f lifecycle_lock_us=0 pending_lock_wait_us=0 pending_lookup_us=0 instance_us=32 erase_us=0 total_us=32 transfer_status=0 [28603,28616][hixl_transport.cpp:734,GetStatus]
[2026-08-24 21:07:58.628699][UC][I] [QUERY_PERF] component=ucm layer=transport_manager handle=47 transport_handle=47 transfers_lock_wait_us=0 lookup_us=0 transport_us=36 total_us=36 api_status=0 transfer_status=0 [28603,28616][transport_manager.cpp:716,GetStatus]
[HIXL_PERF] event=issue_async_host_flag op=1 list_num=108 context_us=1 hccl_issue_us=96 flag_memcpy_us=5 total_us=102
[HIXL_PERF] event=comm_channel_async op=1 list_num=108 mutex_wait_us=0 slot_us=0 host_flag_us=9 record_us=0 issue_us=105 total_us=114
[HIXL_PERF] event=adxl_inner_async op=1 list_num=108 context_us=1 connect_us=0 get_channel_us=0 channel_async_us=121 tail_us=1 total_us=123
[HIXL_PERF] event=comm_engine_async op=1 list_num=108 desc_build_us=1 inner_us=125 total_us=126 status=0
[2026-08-24 21:07:58.628722][UC][I] [HIXL_WORKER_PERF] task_id=211 queue_depth=1 enqueue_lock_wait_us=0 enqueue_us=1 queue_wait_us=5 execute_us=133 result_post_us=6 total_us=145 status=0 [28603,28617][hixl_instance.cpp:107,Run]
[HIXL_QUERY_PERF] layer=comm_channel request=0x11 mutex_wait_us=0 check_us=0 lookup_us=1 flag_check_us=0 complete_us=2 total_us=3 transfer_elapsed_us=644 transfer_bytes=7962624 op_desc_count=108 transfer_status=1
[HIXL_QUERY_PERF] layer=adxl_inner request=0x11 context_us=1 req_lock_wait_us=0 lookup_us=0 channel_us=9 cleanup_us=0 total_us=10 status=0 transfer_status=1
[HIXL_QUERY_PERF] layer=comm_engine request=0x11 total_us=13 status=0 transfer_status=1
[2026-08-24 21:07:58.628734][UC][I] [PERF] component=transport event=transfer_submitted manager=127.0.0.1:8000 target=127.0.0.1:4505 handle=52 transport_handle=52 opcode=1 direct=2 segments=108 bytes=7962624 submitted_ts_us=1787576878628733 manager_execute_async_ts_us=1787576878628575 backend_execute_async_ts_us=1787576878628585 manager_to_backend_execute_async_us=10 submit_us=157 [28603,28617][transport_manager.cpp:674,ExecuteAsync]
[2026-08-24 21:07:58.628741][UC][I] [HIXL_WORKER_PERF] task_id=215 queue_depth=1 enqueue_lock_wait_us=1 enqueue_us=0 queue_wait_us=16 execute_us=16 result_post_us=5 total_us=38 status=0 [28603,28616][hixl_instance.cpp:107,Run]
[2026-08-24 21:07:58.628747][UC][I] [QUERY_PERF] component=ucm layer=hixl_instance request=0x11 queue_wait_us=17 backend_us=16 run_post_us=12 total_us=45 api_status=0 transfer_status=1 [28603,28616][hixl_instance.cpp:370,GetTransferStatus]
[2026-08-24 21:07:58.628742][UC][I] [DRAMPOOL_QUEUE_PERF] layer=request_queue request_id=6 opcode=2 peer=127.0.0.1:4505 wait_us=1079 threshold_us=400 [28603,28617][task_worker.cc:81,ProcessOneRequest]
[2026-08-24 21:07:58.628753][UC][I] [QUERY_PERF] component=ucm layer=hixl_transport handle=49 request=0x11 lifecycle_lock_us=0 pending_lock_wait_us=0 pending_lookup_us=0 instance_us=50 erase_us=0 total_us=50 transfer_status=1 [28603,28616][hixl_transport.cpp:734,GetStatus]
[2026-08-24 21:07:58.628765][UC][I] [QUERY_PERF] component=ucm layer=transport_manager handle=49 transport_handle=49 transfers_lock_wait_us=0 lookup_us=0 transport_us=62 total_us=62 api_status=0 transfer_status=1 [28603,28616][transport_manager.cpp:716,GetStatus]
[2026-08-24 21:07:58.628769][UC][I] [PERF] component=transport event=transfer_done manager=127.0.0.1:8000 target=127.0.0.1:4505 handle=49 transport_handle=49 opcode=1 direct=2 segments=108 bytes=7962624 status=1 api_status=0 submitted_ts_us=1787576878628286 completed_ts_us=1787576878628768 manager_get_status_ts_us=1787576878628701 backend_query_ts_us=1787576878628719 submit_us=231 transfer_us=482 manager_to_backend_query_us=17 total_us=713 [28603,28616][transport_manager.cpp:727,GetStatus]
[HIXL_PERF] event=hccl_batch op=1 desc_num=108 hccl_us=84 status=0
[HIXL_PERF] event=issue_hccl_batch op=1 list_num=108 total_us=90
[HIXL_PERF] event=issue_async_host_flag op=1 list_num=108 context_us=1 hccl_issue_us=92 flag_memcpy_us=5 total_us=98
[HIXL_PERF] event=comm_channel_async op=1 list_num=108 mutex_wait_us=0 slot_us=0 host_flag_us=0 record_us=0 issue_us=101 total_us=101
[HIXL_PERF] event=adxl_inner_async op=1 list_num=108 context_us=0 connect_us=0 get_channel_us=1 channel_async_us=103 tail_us=1 total_us=105
[HIXL_PERF] event=comm_engine_async op=1 list_num=108 desc_build_us=2 inner_us=107 total_us=109 status=0
[2026-08-24 21:07:58.628903][UC][I] [HIXL_WORKER_PERF] task_id=216 queue_depth=1 enqueue_lock_wait_us=1 enqueue_us=0 queue_wait_us=5 execute_us=115 result_post_us=5 total_us=126 status=0 [28603,28617][hixl_instance.cpp:107,Run]
[2026-08-24 21:07:58.628910][UC][I] [PERF] component=transport event=transfer_submitted manager=127.0.0.1:8000 target=127.0.0.1:4505 handle=53 transport_handle=53 opcode=1 direct=2 segments=108 bytes=7962624 submitted_ts_us=1787576878628909 manager_execute_async_ts_us=1787576878628774 backend_execute_async_ts_us=1787576878628784 manager_to_backend_execute_async_us=10 submit_us=134 [28603,28617][transport_manager.cpp:674,ExecuteAsync]
[2026-08-24 21:07:58.628918][UC][I] [DRAMPOOL_QUEUE_PERF] layer=request_queue request_id=3 opcode=2 peer=127.0.0.1:4506 wait_us=1253 threshold_us=400 [28603,28617][task_worker.cc:81,ProcessOneRequest]
[HIXL_PERF] event=hccl_batch op=1 desc_num=1 hccl_us=56 status=0
[HIXL_PERF] event=issue_hccl_batch op=1 list_num=1 total_us=62
[HIXL_PERF] event=issue_async_host_flag op=1 list_num=1 context_us=0 hccl_issue_us=65 flag_memcpy_us=5 total_us=70
[HIXL_PERF] event=comm_channel_async op=1 list_num=1 mutex_wait_us=0 slot_us=0 host_flag_us=6 record_us=0 issue_us=73 total_us=79
[HIXL_PERF] event=adxl_inner_async op=1 list_num=1 context_us=0 connect_us=0 get_channel_us=1 channel_async_us=81 tail_us=1 total_us=83
[HIXL_PERF] event=comm_engine_async op=1 list_num=1 desc_build_us=0 inner_us=85 total_us=85 status=0
[2026-08-24 21:07:58.628998][UC][I] [HIXL_WORKER_PERF] task_id=217 queue_depth=1 enqueue_lock_wait_us=0 enqueue_us=1 queue_wait_us=99 execute_us=90 result_post_us=7 total_us=197 status=0 [28603,28616][hixl_instance.cpp:107,Run]
[2026-08-24 21:07:58.629010][UC][I] [PERF] component=transport event=transfer_submitted manager=127.0.0.1:8000 target=127.0.0.1:4505 handle=54 transport_handle=54 opcode=1 direct=2 segments=1 bytes=63 submitted_ts_us=1787576878629009 manager_execute_async_ts_us=1787576878628798 backend_execute_async_ts_us=1787576878628900 manager_to_backend_execute_async_us=102 submit_us=210 [28603,28616][transport_manager.cpp:674,ExecuteAsync]
[HIXL_QUERY_PERF] layer=comm_channel request=0x12 mutex_wait_us=0 check_us=0 lookup_us=0 flag_check_us=0 complete_us=0 total_us=0 transfer_elapsed_us=662 transfer_bytes=7962624 op_desc_count=108 transfer_status=0
[HIXL_QUERY_PERF] layer=adxl_inner request=0x12 context_us=1 req_lock_wait_us=0 lookup_us=0 channel_us=6 cleanup_us=0 total_us=7 status=0 transfer_status=0
[HIXL_QUERY_PERF] layer=comm_engine request=0x12 total_us=9 status=0 transfer_status=0
[2026-08-24 21:07:58.629040][UC][I] [HIXL_WORKER_PERF] task_id=219 queue_depth=1 enqueue_lock_wait_us=1 enqueue_us=0 queue_wait_us=6 execute_us=11 result_post_us=5 total_us=23 status=0 [28603,28616][hixl_instance.cpp:107,Run]
[2026-08-24 21:07:58.629047][UC][I] [QUERY_PERF] component=ucm layer=hixl_instance request=0x12 queue_wait_us=7 backend_us=11 run_post_us=12 total_us=30 api_status=0 transfer_status=0 [28603,28616][hixl_instance.cpp:370,GetTransferStatus]
[2026-08-24 21:07:58.629058][UC][I] [QUERY_PERF] component=ucm layer=hixl_transport handle=51 request=0x12 lifecycle_lock_us=0 pending_lock_wait_us=0 pending_lookup_us=0 instance_us=41 erase_us=0 total_us=41 transfer_status=0 [28603,28616][hixl_transport.cpp:734,GetStatus]
[2026-08-24 21:07:58.629064][UC][I] [QUERY_PERF] component=ucm layer=transport_manager handle=51 transport_handle=51 transfers_lock_wait_us=0 lookup_us=1 transport_us=47 total_us=48 api_status=0 transfer_status=0 [28603,28616][transport_manager.cpp:716,GetStatus]
[HIXL_PERF] event=hccl_batch op=1 desc_num=108 hccl_us=150 status=0
[HIXL_PERF] event=issue_hccl_batch op=1 list_num=108 total_us=165
[HIXL_PERF] event=issue_async_host_flag op=1 list_num=108 context_us=0 hccl_issue_us=167 flag_memcpy_us=5 total_us=172
[HIXL_PERF] event=comm_channel_async op=1 list_num=108 mutex_wait_us=0 slot_us=1 host_flag_us=0 record_us=1 issue_us=175 total_us=177
[HIXL_PERF] event=adxl_inner_async op=1 list_num=108 context_us=1 connect_us=0 get_channel_us=1 channel_async_us=179 tail_us=1 total_us=182
[HIXL_PERF] event=comm_engine_async op=1 list_num=108 desc_build_us=1 inner_us=184 total_us=185 status=0
[2026-08-24 21:07:58.629161][UC][I] [HIXL_WORKER_PERF] task_id=218 queue_depth=1 enqueue_lock_wait_us=1 enqueue_us=0 queue_wait_us=6 execute_us=191 result_post_us=5 total_us=203 status=0 [28603,28617][hixl_instance.cpp:107,Run]
[HIXL_QUERY_PERF] layer=comm_channel request=0x20 mutex_wait_us=0 check_us=0 lookup_us=0 flag_check_us=0 complete_us=2 total_us=2 transfer_elapsed_us=1043 transfer_bytes=63 op_desc_count=1 transfer_status=1
[HIXL_QUERY_PERF] layer=adxl_inner request=0x20 context_us=1 req_lock_wait_us=0 lookup_us=0 channel_us=9 cleanup_us=1 total_us=11 status=0 transfer_status=1
[2026-08-24 21:07:58.629169][UC][I] [PERF] component=transport event=transfer_submitted manager=127.0.0.1:8000 target=127.0.0.1:4506 handle=55 transport_handle=55 opcode=1 direct=2 segments=108 bytes=7962624 submitted_ts_us=1787576878629168 manager_execute_async_ts_us=1787576878628956 backend_execute_async_ts_us=1787576878628965 manager_to_backend_execute_async_us=10 submit_us=212 [28603,28617][transport_manager.cpp:674,ExecuteAsync]
[HIXL_QUERY_PERF] layer=comm_engine request=0x20 total_us=14 status=0 transfer_status=1
[2026-08-24 21:07:58.629176][UC][I] [DRAMPOOL_QUEUE_PERF] layer=request_queue request_id=4 opcode=2 peer=127.0.0.1:4506 wait_us=1510 threshold_us=400 [28603,28617][task_worker.cc:81,ProcessOneRequest]
[2026-08-24 21:07:58.629182][UC][I] [HIXL_WORKER_PERF] task_id=220 queue_depth=1 enqueue_lock_wait_us=0 enqueue_us=0 queue_wait_us=87 execute_us=17 result_post_us=7 total_us=111 status=0 [28603,28616][hixl_instance.cpp:107,Run]
[2026-08-24 21:07:58.629189][UC][I] [QUERY_PERF] component=ucm layer=hixl_instance request=0x20 queue_wait_us=87 backend_us=17 run_post_us=13 total_us=117 api_status=0 transfer_status=1 [28603,28616][hixl_instance.cpp:370,GetTransferStatus]
[2026-08-24 21:07:58.629193][UC][I] [QUERY_PERF] component=ucm layer=hixl_transport handle=48 request=0x20 lifecycle_lock_us=0 pending_lock_wait_us=0 pending_lookup_us=0 instance_us=121 erase_us=0 total_us=121 transfer_status=1 [28603,28616][hixl_transport.cpp:734,GetStatus]
[2026-08-24 21:07:58.629197][UC][I] [QUERY_PERF] component=ucm layer=transport_manager handle=48 transport_handle=48 transfers_lock_wait_us=0 lookup_us=0 transport_us=127 total_us=127 api_status=0 transfer_status=1 [28603,28616][transport_manager.cpp:716,GetStatus]
[2026-08-24 21:07:58.629203][UC][I] [PERF] component=transport event=transfer_done manager=127.0.0.1:8000 target=127.0.0.1:4503 handle=48 transport_handle=48 opcode=1 direct=2 segments=1 bytes=63 status=1 api_status=0 submitted_ts_us=1787576878628229 completed_ts_us=1787576878629201 manager_get_status_ts_us=1787576878629070 backend_query_ts_us=1787576878629158 submit_us=124 transfer_us=972 manager_to_backend_query_us=88 total_us=1096 [28603,28616][transport_manager.cpp:727,GetStatus]
[2026-08-24 21:07:58.629213][UC][I] [PERF] component=drampool event=request_done request_id=3 opcode=2 peer=127.0.0.1:4503 batch_size=108 data_bytes=7962624 failed_items=0 status=SUCCESS failed_stage=NONE received_ts_us=1787576878627033 worker_started_ts_us=1787576878627114 data_transfer_submitted_ts_us=1787576878627391 data_transfer_completed_ts_us=1787576878628076 response_submitted_ts_us=1787576878628240 completed_ts_us=1787576878629209 data_tm_execute_async_ts_us=1787576878627156 data_hixl_execute_async_ts_us=1787576878627170 data_tm_get_status_ts_us=1787576878627888 data_hixl_query_handle_ts_us=1787576878628023 response_tm_execute_async_ts_us=1787576878628104 response_hixl_execute_async_ts_us=1787576878628114 response_tm_get_status_ts_us=1787576878629070 response_hixl_query_handle_ts_us=1787576878629158 request_queue_us=82 metadata_prepare_us=36 taskworker_prepare_us=278 poller_queue_us=16 data_transfer_us=685 metadata_settle_us=24 response_slot_wait_us=2 response_submit_us=138 response_transfer_us=968 data_tm_to_hixl_execute_async_us=14 data_tm_to_hixl_query_handle_us=135 response_tm_to_hixl_execute_async_us=10 response_tm_to_hixl_query_handle_us=88 total_us=2177 [28603,28616][completion_poller.cc:56,LogRequestDone]
[HIXL_PERF] event=hccl_batch op=1 desc_num=108 hccl_us=104 status=0
[HIXL_PERF] event=issue_hccl_batch op=1 list_num=108 total_us=111
[HIXL_PERF] event=issue_async_host_flag op=1 list_num=108 context_us=0 hccl_issue_us=113 flag_memcpy_us=6 total_us=119
[HIXL_PERF] event=comm_channel_async op=1 list_num=108 mutex_wait_us=0 slot_us=0 host_flag_us=0 record_us=1 issue_us=125 total_us=126
[HIXL_PERF] event=adxl_inner_async op=1 list_num=108 context_us=1 connect_us=0 get_channel_us=0 channel_async_us=129 tail_us=1 total_us=131
[HIXL_PERF] event=comm_engine_async op=1 list_num=108 desc_build_us=1 inner_us=133 total_us=134 status=0
[2026-08-24 21:07:58.629350][UC][I] [HIXL_WORKER_PERF] task_id=221 queue_depth=1 enqueue_lock_wait_us=1 enqueue_us=0 queue_wait_us=7 execute_us=141 result_post_us=5 total_us=154 status=0 [28603,28617][hixl_instance.cpp:107,Run]
[HIXL_QUERY_PERF] layer=comm_channel request=0x21 mutex_wait_us=0 check_us=1 lookup_us=0 flag_check_us=0 complete_us=2 total_us=3 transfer_elapsed_us=982 transfer_bytes=63 op_desc_count=1 transfer_status=1
[HIXL_QUERY_PERF] layer=adxl_inner request=0x21 context_us=1 req_lock_wait_us=0 lookup_us=0 channel_us=8 cleanup_us=0 total_us=9 status=0 transfer_status=1
[2026-08-24 21:07:58.629357][UC][I] [PERF] component=transport event=transfer_submitted manager=127.0.0.1:8000 target=127.0.0.1:4506 handle=56 transport_handle=56 opcode=1 direct=2 segments=108 bytes=7962624 submitted_ts_us=1787576878629355 manager_execute_async_ts_us=1787576878629193 backend_execute_async_ts_us=1787576878629204 manager_to_backend_execute_async_us=12 submit_us=162 [28603,28617][transport_manager.cpp:674,ExecuteAsync]
[HIXL_QUERY_PERF] layer=comm_engine request=0x21 total_us=12 status=0 transfer_status=1
[2026-08-24 21:07:58.629363][UC][I] [DRAMPOOL_QUEUE_PERF] layer=request_queue request_id=5 opcode=2 peer=127.0.0.1:4506 wait_us=1695 threshold_us=400 [28603,28617][task_worker.cc:81,ProcessOneRequest]
[2026-08-24 21:07:58.629370][UC][I] [HIXL_WORKER_PERF] task_id=222 queue_depth=1 enqueue_lock_wait_us=0 enqueue_us=0 queue_wait_us=117 execute_us=15 result_post_us=7 total_us=139 status=0 [28603,28616][hixl_instance.cpp:107,Run]
[2026-08-24 21:07:58.629377][UC][I] [QUERY_PERF] component=ucm layer=hixl_instance request=0x21 queue_wait_us=117 backend_us=15 run_post_us=15 total_us=147 api_status=0 transfer_status=1 [28603,28616][hixl_instance.cpp:370,GetTransferStatus]
[2026-08-24 21:07:58.629382][UC][I] [QUERY_PERF] component=ucm layer=hixl_transport handle=50 request=0x21 lifecycle_lock_us=1 pending_lock_wait_us=0 pending_lookup_us=0 instance_us=150 erase_us=1 total_us=152 transfer_status=1 [28603,28616][hixl_transport.cpp:734,GetStatus]
[2026-08-24 21:07:58.629386][UC][I] [QUERY_PERF] component=ucm layer=transport_manager handle=50 transport_handle=50 transfers_lock_wait_us=0 lookup_us=0 transport_us=157 total_us=157 api_status=0 transfer_status=1 [28603,28616][transport_manager.cpp:716,GetStatus]
[2026-08-24 21:07:58.629392][UC][I] [PERF] component=transport event=transfer_done manager=127.0.0.1:8000 target=127.0.0.1:4503 handle=50 transport_handle=50 opcode=1 direct=2 segments=1 bytes=63 status=1 api_status=0 submitted_ts_us=1787576878628482 completed_ts_us=1787576878629391 manager_get_status_ts_us=1787576878629229 backend_query_ts_us=1787576878629347 submit_us=125 transfer_us=909 manager_to_backend_query_us=118 total_us=1034 [28603,28616][transport_manager.cpp:727,GetStatus]
[2026-08-24 21:07:58.629403][UC][I] [PERF] component=drampool event=request_done request_id=4 opcode=2 peer=127.0.0.1:4503 batch_size=108 data_bytes=7962624 failed_items=0 status=SUCCESS failed_stage=NONE received_ts_us=1787576878627093 worker_started_ts_us=1787576878627394 data_transfer_submitted_ts_us=1787576878627605 data_transfer_completed_ts_us=1787576878628330 response_submitted_ts_us=1787576878628488 completed_ts_us=1787576878629399 data_tm_execute_async_ts_us=1787576878627412 data_hixl_execute_async_ts_us=1787576878627431 data_tm_get_status_ts_us=1787576878628240 data_hixl_query_handle_ts_us=1787576878628247 response_tm_execute_async_ts_us=1787576878628356 response_hixl_execute_async_ts_us=1787576878628364 response_tm_get_status_ts_us=1787576878629229 response_hixl_query_handle_ts_us=1787576878629347 request_queue_us=300 metadata_prepare_us=17 taskworker_prepare_us=213 poller_queue_us=22 data_transfer_us=725 metadata_settle_us=23 response_slot_wait_us=1 response_submit_us=134 response_transfer_us=910 data_tm_to_hixl_execute_async_us=19 data_tm_to_hixl_query_handle_us=7 response_tm_to_hixl_execute_async_us=8 response_tm_to_hixl_query_handle_us=118 total_us=2305 [28603,28616][completion_poller.cc:56,LogRequestDone]
[HIXL_PERF] event=hccl_batch op=1 desc_num=108 hccl_us=103 status=0
[HIXL_PERF] event=issue_hccl_batch op=1 list_num=108 total_us=110
[HIXL_PERF] event=issue_async_host_flag op=1 list_num=108 context_us=0 hccl_issue_us=112 flag_memcpy_us=5 total_us=117
[HIXL_PERF] event=comm_channel_async op=1 list_num=108 mutex_wait_us=0 slot_us=0 host_flag_us=9 record_us=0 issue_us=121 total_us=130
[HIXL_PERF] event=adxl_inner_async op=1 list_num=108 context_us=1 connect_us=0 get_channel_us=0 channel_async_us=132 tail_us=1 total_us=134
[HIXL_PERF] event=comm_engine_async op=1 list_num=108 desc_build_us=2 inner_us=136 total_us=138 status=0
[2026-08-24 21:07:58.629540][UC][I] [HIXL_WORKER_PERF] task_id=223 queue_depth=1 enqueue_lock_wait_us=1 enqueue_us=0 queue_wait_us=6 execute_us=145 result_post_us=5 total_us=157 status=0 [28603,28617][hixl_instance.cpp:107,Run]
[HIXL_QUERY_PERF] layer=comm_channel request=0x1e mutex_wait_us=1 check_us=0 lookup_us=0 flag_check_us=1 complete_us=1 total_us=3 transfer_elapsed_us=1882 transfer_bytes=7962624 op_desc_count=108 transfer_status=1
[HIXL_QUERY_PERF] layer=adxl_inner request=0x1e context_us=1 req_lock_wait_us=0 lookup_us=0 channel_us=11 cleanup_us=1 total_us=13 status=0 transfer_status=1
[2026-08-24 21:07:58.629549][UC][I] [PERF] component=transport event=transfer_submitted manager=127.0.0.1:8000 target=127.0.0.1:4506 handle=57 transport_handle=57 opcode=1 direct=2 segments=108 bytes=7962624 submitted_ts_us=1787576878629548 manager_execute_async_ts_us=1787576878629380 backend_execute_async_ts_us=1787576878629391 manager_to_backend_execute_async_us=10 submit_us=167 [28603,28617][transport_manager.cpp:674,ExecuteAsync]
[HIXL_QUERY_PERF] layer=comm_engine request=0x1e total_us=16 status=0 transfer_status=1
[2026-08-24 21:07:58.629562][UC][I] [DRAMPOOL_QUEUE_PERF] layer=request_queue request_id=6 opcode=2 peer=127.0.0.1:4506 wait_us=1893 threshold_us=400 [28603,28617][task_worker.cc:81,ProcessOneRequest]
[2026-08-24 21:07:58.629565][UC][I] [HIXL_WORKER_PERF] task_id=224 queue_depth=1 enqueue_lock_wait_us=0 enqueue_us=0 queue_wait_us=122 execute_us=20 result_post_us=7 total_us=149 status=0 [28603,28616][hixl_instance.cpp:107,Run]
[2026-08-24 21:07:58.629579][UC][I] [QUERY_PERF] component=ucm layer=hixl_instance request=0x1e queue_wait_us=122 backend_us=20 run_post_us=22 total_us=164 api_status=0 transfer_status=1 [28603,28616][hixl_instance.cpp:370,GetTransferStatus]
[2026-08-24 21:07:58.629585][UC][I] [QUERY_PERF] component=ucm layer=hixl_transport handle=46 request=0x1e lifecycle_lock_us=1 pending_lock_wait_us=0 pending_lookup_us=0 instance_us=168 erase_us=1 total_us=170 transfer_status=1 [28603,28616][hixl_transport.cpp:734,GetStatus]
[2026-08-24 21:07:58.629591][UC][I] [QUERY_PERF] component=ucm layer=transport_manager handle=46 transport_handle=46 transfers_lock_wait_us=0 lookup_us=0 transport_us=177 total_us=177 api_status=0 transfer_status=1 [28603,28616][transport_manager.cpp:716,GetStatus]
[2026-08-24 21:07:58.629600][UC][I] [PERF] component=transport event=transfer_done manager=127.0.0.1:8000 target=127.0.0.1:4503 handle=46 transport_handle=46 opcode=1 direct=2 segments=108 bytes=7962624 status=1 api_status=0 submitted_ts_us=1787576878627827 completed_ts_us=1787576878629599 manager_get_status_ts_us=1787576878629414 backend_query_ts_us=1787576878629537 submit_us=198 transfer_us=1771 manager_to_backend_query_us=123 total_us=1969 [28603,28616][transport_manager.cpp:727,GetStatus]
[HIXL_PERF] event=hccl_batch op=1 desc_num=108 hccl_us=102 status=0
[HIXL_PERF] event=issue_hccl_batch op=1 list_num=108 total_us=113
[HIXL_PERF] event=issue_async_host_flag op=1 list_num=108 context_us=0 hccl_issue_us=115 flag_memcpy_us=5 total_us=120
[HIXL_PERF] event=comm_channel_async op=1 list_num=108 mutex_wait_us=0 slot_us=1 host_flag_us=5 record_us=1 issue_us=125 total_us=132
[HIXL_PERF] event=adxl_inner_async op=1 list_num=108 context_us=0 connect_us=1 get_channel_us=0 channel_async_us=140 tail_us=1 total_us=142
[HIXL_PERF] event=comm_engine_async op=1 list_num=108 desc_build_us=2 inner_us=144 total_us=146 status=0
[2026-08-24 21:07:58.629748][UC][I] [HIXL_WORKER_PERF] task_id=225 queue_depth=1 enqueue_lock_wait_us=0 enqueue_us=0 queue_wait_us=7 execute_us=151 result_post_us=6 total_us=164 status=0 [28603,28617][hixl_instance.cpp:107,Run]
[2026-08-24 21:07:58.629755][UC][I] [PERF] component=transport event=transfer_submitted manager=127.0.0.1:8000 target=127.0.0.1:4506 handle=58 transport_handle=58 opcode=1 direct=2 segments=108 bytes=7962624 submitted_ts_us=1787576878629754 manager_execute_async_ts_us=1787576878629581 backend_execute_async_ts_us=1787576878629591 manager_to_backend_execute_async_us=10 submit_us=173 [28603,28617][transport_manager.cpp:674,ExecuteAsync]
[2026-08-24 21:07:58.629763][UC][I] [DRAMPOOL_QUEUE_PERF] layer=request_queue request_id=5 opcode=2 peer=127.0.0.1:4501 wait_us=1987 threshold_us=400 [28603,28617][task_worker.cc:81,ProcessOneRequest]
[HIXL_PERF] event=hccl_batch op=1 desc_num=1 hccl_us=59 status=0
[HIXL_PERF] event=issue_hccl_batch op=1 list_num=1 total_us=69
[HIXL_PERF] event=issue_async_host_flag op=1 list_num=1 context_us=0 hccl_issue_us=71 flag_memcpy_us=5 total_us=76
[HIXL_PERF] event=comm_channel_async op=1 list_num=1 mutex_wait_us=0 slot_us=1 host_flag_us=0 record_us=0 issue_us=80 total_us=81
[HIXL_PERF] event=adxl_inner_async op=1 list_num=1 context_us=0 connect_us=1 get_channel_us=0 channel_async_us=86 tail_us=0 total_us=87
[HIXL_PERF] event=comm_engine_async op=1 list_num=1 desc_build_us=0 inner_us=91 total_us=91 status=0
[2026-08-24 21:07:58.629849][UC][I] [HIXL_WORKER_PERF] task_id=226 queue_depth=1 enqueue_lock_wait_us=0 enqueue_us=0 queue_wait_us=93 execute_us=96 result_post_us=8 total_us=197 status=0 [28603,28616][hixl_instance.cpp:107,Run]
[2026-08-24 21:07:58.629864][UC][I] [PERF] component=transport event=transfer_submitted manager=127.0.0.1:8000 target=127.0.0.1:4503 handle=59 transport_handle=59 opcode=1 direct=2 segments=1 bytes=63 submitted_ts_us=1787576878629862 manager_execute_async_ts_us=1787576878629648 backend_execute_async_ts_us=1787576878629745 manager_to_backend_execute_async_us=97 submit_us=214 [28603,28616][transport_manager.cpp:674,ExecuteAsync]
[HIXL_PERF] event=hccl_batch op=1 desc_num=108 hccl_us=101 status=0
[HIXL_PERF] event=issue_hccl_batch op=1 list_num=108 total_us=120
[HIXL_PERF] event=issue_async_host_flag op=1 list_num=108 context_us=1 hccl_issue_us=122 flag_memcpy_us=6 total_us=129
[HIXL_PERF] event=comm_channel_async op=1 list_num=108 mutex_wait_us=0 slot_us=1 host_flag_us=1 record_us=0 issue_us=133 total_us=135
[HIXL_PERF] event=adxl_inner_async op=1 list_num=108 context_us=1 connect_us=0 get_channel_us=1 channel_async_us=140 tail_us=1 total_us=143
[HIXL_PERF] event=comm_engine_async op=1 list_num=108 desc_build_us=2 inner_us=146 total_us=148 status=0
[2026-08-24 21:07:58.630002][UC][I] [HIXL_WORKER_PERF] task_id=227 queue_depth=1 enqueue_lock_wait_us=0 enqueue_us=0 queue_wait_us=42 execute_us=153 result_post_us=5 total_us=200 status=0 [28603,28617][hixl_instance.cpp:107,Run]
[HIXL_QUERY_PERF] layer=comm_channel request=0x1f mutex_wait_us=0 check_us=0 lookup_us=1 flag_check_us=0 complete_us=2 total_us=3 transfer_elapsed_us=2119 transfer_bytes=7962624 op_desc_count=108 transfer_status=1
[HIXL_QUERY_PERF] layer=adxl_inner request=0x1f context_us=0 req_lock_wait_us=0 lookup_us=1 channel_us=9 cleanup_us=0 total_us=10 status=0 transfer_status=1
[2026-08-24 21:07:58.630010][UC][I] [PERF] component=transport event=transfer_submitted manager=127.0.0.1:8000 target=127.0.0.1:4501 handle=60 transport_handle=60 opcode=1 direct=2 segments=108 bytes=7962624 submitted_ts_us=1787576878630009 manager_execute_async_ts_us=1787576878629799 backend_execute_async_ts_us=1787576878629845 manager_to_backend_execute_async_us=46 submit_us=210 [28603,28617][transport_manager.cpp:674,ExecuteAsync]
[HIXL_QUERY_PERF] layer=comm_engine request=0x1f total_us=16 status=0 transfer_status=1
[2026-08-24 21:07:58.630031][UC][I] [DRAMPOOL_QUEUE_PERF] layer=request_queue request_id=6 opcode=2 peer=127.0.0.1:4501 wait_us=2254 threshold_us=400 [28603,28617][task_worker.cc:81,ProcessOneRequest]
[2026-08-24 21:07:58.630036][UC][I] [HIXL_WORKER_PERF] task_id=228 queue_depth=1 enqueue_lock_wait_us=0 enqueue_us=1 queue_wait_us=123 execute_us=29 result_post_us=7 total_us=160 status=0 [28603,28616][hixl_instance.cpp:107,Run]
[2026-08-24 21:07:58.630051][UC][I] [QUERY_PERF] component=ucm layer=hixl_instance request=0x1f queue_wait_us=124 backend_us=29 run_post_us=23 total_us=176 api_status=0 transfer_status=1 [28603,28616][hixl_instance.cpp:370,GetTransferStatus]
[2026-08-24 21:07:58.630057][UC][I] [QUERY_PERF] component=ucm layer=hixl_transport handle=47 request=0x1f lifecycle_lock_us=0 pending_lock_wait_us=0 pending_lookup_us=0 instance_us=180 erase_us=1 total_us=181 transfer_status=1 [28603,28616][hixl_transport.cpp:734,GetStatus]
[2026-08-24 21:07:58.630060][UC][I] [QUERY_PERF] component=ucm layer=transport_manager handle=47 transport_handle=47 transfers_lock_wait_us=0 lookup_us=1 transport_us=185 total_us=186 api_status=0 transfer_status=1 [28603,28616][transport_manager.cpp:716,GetStatus]
[2026-08-24 21:07:58.630065][UC][I] [PERF] component=transport event=transfer_done manager=127.0.0.1:8000 target=127.0.0.1:4503 handle=47 transport_handle=47 opcode=1 direct=2 segments=108 bytes=7962624 status=1 api_status=0 submitted_ts_us=1787576878628032 completed_ts_us=1787576878630063 manager_get_status_ts_us=1787576878629874 backend_query_ts_us=1787576878629999 submit_us=179 transfer_us=2030 manager_to_backend_query_us=125 total_us=2209 [28603,28616][transport_manager.cpp:727,GetStatus]
[HIXL_PERF] event=hccl_batch op=1 desc_num=108 hccl_us=97 status=0
[HIXL_PERF] event=issue_hccl_batch op=1 list_num=108 total_us=107
[HIXL_PERF] event=issue_async_host_flag op=1 list_num=108 context_us=0 hccl_issue_us=109 flag_memcpy_us=5 total_us=114
[HIXL_PERF] event=comm_channel_async op=1 list_num=108 mutex_wait_us=0 slot_us=0 host_flag_us=0 record_us=1 issue_us=119 total_us=120
[HIXL_PERF] event=adxl_inner_async op=1 list_num=108 context_us=1 connect_us=0 get_channel_us=0 channel_async_us=126 tail_us=0 total_us=127
[HIXL_PERF] event=comm_engine_async op=1 list_num=108 desc_build_us=1 inner_us=132 total_us=133 status=0
[2026-08-24 21:07:58.630214][UC][I] [HIXL_WORKER_PERF] task_id=229 queue_depth=1 enqueue_lock_wait_us=0 enqueue_us=0 queue_wait_us=8 execute_us=139 result_post_us=6 total_us=153 status=0 [28603,28617][hixl_instance.cpp:107,Run]
[2026-08-24 21:07:58.630224][UC][I] [PERF] component=transport event=transfer_submitted manager=127.0.0.1:8000 target=127.0.0.1:4501 handle=61 transport_handle=61 opcode=1 direct=2 segments=108 bytes=7962624 submitted_ts_us=1787576878630223 manager_execute_async_ts_us=1787576878630057 backend_execute_async_ts_us=1787576878630070 manager_to_backend_execute_async_us=14 submit_us=163 [28603,28617][transport_manager.cpp:674,ExecuteAsync]
[2026-08-24 21:07:58.630233][UC][I] [DRAMPOOL_QUEUE_PERF] layer=request_queue request_id=7 opcode=2 peer=127.0.0.1:4501 wait_us=2453 threshold_us=400 [28603,28617][task_worker.cc:81,ProcessOneRequest]
[HIXL_PERF] event=hccl_batch op=1 desc_num=1 hccl_us=57 status=0
[HIXL_PERF] event=issue_hccl_batch op=1 list_num=1 total_us=66
[HIXL_PERF] event=issue_async_host_flag op=1 list_num=1 context_us=1 hccl_issue_us=68 flag_memcpy_us=5 total_us=74
[HIXL_PERF] event=comm_channel_async op=1 list_num=1 mutex_wait_us=0 slot_us=0 host_flag_us=0 record_us=0 issue_us=78 total_us=78
[HIXL_PERF] event=adxl_inner_async op=1 list_num=1 context_us=0 connect_us=0 get_channel_us=1 channel_async_us=83 tail_us=0 total_us=84
[HIXL_PERF] event=comm_engine_async op=1 list_num=1 desc_build_us=0 inner_us=88 total_us=88 status=0
[2026-08-24 21:07:58.630312][UC][I] [HIXL_WORKER_PERF] task_id=230 queue_depth=1 enqueue_lock_wait_us=0 enqueue_us=0 queue_wait_us=98 execute_us=93 result_post_us=7 total_us=198 status=0 [28603,28616][hixl_instance.cpp:107,Run]
[2026-08-24 21:07:58.630330][UC][I] [PERF] component=transport event=transfer_submitted manager=127.0.0.1:8000 target=127.0.0.1:4503 handle=62 transport_handle=62 opcode=1 direct=2 segments=1 bytes=63 submitted_ts_us=1787576878630329 manager_execute_async_ts_us=1787576878630110 backend_execute_async_ts_us=1787576878630211 manager_to_backend_execute_async_us=101 submit_us=218 [28603,28616][transport_manager.cpp:674,ExecuteAsync]
[HIXL_QUERY_PERF] layer=comm_channel request=0x15 mutex_wait_us=0 check_us=0 lookup_us=0 flag_check_us=0 complete_us=2 total_us=2 transfer_elapsed_us=1445 transfer_bytes=63 op_desc_count=1 transfer_status=1
[HIXL_QUERY_PERF] layer=adxl_inner request=0x15 context_us=0 req_lock_wait_us=0 lookup_us=1 channel_us=7 cleanup_us=1 total_us=9 status=0 transfer_status=1
[HIXL_QUERY_PERF] layer=comm_engine request=0x15 total_us=14 status=0 transfer_status=1
[2026-08-24 21:07:58.630372][UC][I] [HIXL_WORKER_PERF] task_id=232 queue_depth=1 enqueue_lock_wait_us=0 enqueue_us=0 queue_wait_us=6 execute_us=19 result_post_us=7 total_us=32 status=0 [28603,28616][hixl_instance.cpp:107,Run]
[2026-08-24 21:07:58.630381][UC][I] [QUERY_PERF] component=ucm layer=hixl_instance request=0x15 queue_wait_us=6 backend_us=19 run_post_us=16 total_us=41 api_status=0 transfer_status=1 [28603,28616][hixl_instance.cpp:370,GetTransferStatus]
[2026-08-24 21:07:58.630388][UC][I] [QUERY_PERF] component=ucm layer=hixl_transport handle=54 request=0x15 lifecycle_lock_us=0 pending_lock_wait_us=0 pending_lookup_us=0 instance_us=48 erase_us=0 total_us=48 transfer_status=1 [28603,28616][hixl_transport.cpp:734,GetStatus]
[2026-08-24 21:07:58.630400][UC][I] [QUERY_PERF] component=ucm layer=transport_manager handle=54 transport_handle=54 transfers_lock_wait_us=0 lookup_us=0 transport_us=61 total_us=61 api_status=0 transfer_status=1 [28603,28616][transport_manager.cpp:716,GetStatus]
[2026-08-24 21:07:58.630420][UC][I] [PERF] component=transport event=transfer_done manager=127.0.0.1:8000 target=127.0.0.1:4505 handle=54 transport_handle=54 opcode=1 direct=2 segments=1 bytes=63 status=1 api_status=0 submitted_ts_us=1787576878629009 completed_ts_us=1787576878630418 manager_get_status_ts_us=1787576878630337 backend_query_ts_us=1787576878630345 submit_us=210 transfer_us=1409 manager_to_backend_query_us=7 total_us=1619 [28603,28616][transport_manager.cpp:727,GetStatus]
[2026-08-24 21:07:58.630431][UC][I] [PERF] component=drampool event=request_done request_id=3 opcode=2 peer=127.0.0.1:4505 batch_size=108 data_bytes=7962624 failed_items=0 status=SUCCESS failed_stage=NONE received_ts_us=1787576878627644 worker_started_ts_us=1787576878628041 data_transfer_submitted_ts_us=1787576878628301 data_transfer_completed_ts_us=1787576878628773 response_submitted_ts_us=1787576878629014 completed_ts_us=1787576878630427 data_tm_execute_async_ts_us=1787576878628054 data_hixl_execute_async_ts_us=1787576878628071 data_tm_get_status_ts_us=1787576878628701 data_hixl_query_handle_ts_us=1787576878628719 response_tm_execute_async_ts_us=1787576878628798 response_hixl_execute_async_ts_us=1787576878628900 response_tm_get_status_ts_us=1787576878630337 response_hixl_query_handle_ts_us=1787576878630345 request_queue_us=397 metadata_prepare_us=12 taskworker_prepare_us=261 poller_queue_us=249 data_transfer_us=472 metadata_settle_us=23 response_slot_wait_us=1 response_submit_us=218 response_transfer_us=1411 data_tm_to_hixl_execute_async_us=17 data_tm_to_hixl_query_handle_us=17 response_tm_to_hixl_execute_async_us=102 response_tm_to_hixl_query_handle_us=7 total_us=2783 [28603,28616][completion_poller.cc:56,LogRequestDone]
[HIXL_PERF] event=hccl_batch op=1 desc_num=108 hccl_us=125 status=0
[HIXL_PERF] event=issue_hccl_batch op=1 list_num=108 total_us=135
[HIXL_QUERY_PERF] layer=comm_channel request=0x12 mutex_wait_us=0 check_us=0 lookup_us=0 flag_check_us=0 complete_us=1 total_us=1 transfer_elapsed_us=2086 transfer_bytes=7962624 op_desc_count=108 transfer_status=1
[HIXL_QUERY_PERF] layer=adxl_inner request=0x12 context_us=1 req_lock_wait_us=0 lookup_us=0 channel_us=25 cleanup_us=0 total_us=26 status=0 transfer_status=1
[HIXL_QUERY_PERF] layer=comm_engine request=0x12 total_us=34 status=0 transfer_status=1
[HIXL_PERF] event=issue_async_host_flag op=1 list_num=108 context_us=1 hccl_issue_us=144 flag_memcpy_us=5 total_us=150
[HIXL_PERF] event=comm_channel_async op=1 list_num=108 mutex_wait_us=0 slot_us=0 host_flag_us=8 record_us=0 issue_us=168 total_us=176
[2026-08-24 21:07:58.630490][UC][I] [HIXL_WORKER_PERF] task_id=233 queue_depth=1 enqueue_lock_wait_us=0 enqueue_us=0 queue_wait_us=6 execute_us=36 result_post_us=6 total_us=48 status=0 [28603,28616][hixl_instance.cpp:107,Run]
[HIXL_PERF] event=adxl_inner_async op=1 list_num=108 context_us=1 connect_us=0 get_channel_us=1 channel_async_us=180 tail_us=0 total_us=182
[HIXL_PERF] event=comm_engine_async op=1 list_num=108 desc_build_us=1 inner_us=187 total_us=188 status=0
[2026-08-24 21:07:58.630496][UC][I] [QUERY_PERF] component=ucm layer=hixl_instance request=0x12 queue_wait_us=6 backend_us=36 run_post_us=13 total_us=55 api_status=0 transfer_status=1 [28603,28616][hixl_instance.cpp:370,GetTransferStatus]
[2026-08-24 21:07:58.630505][UC][I] [QUERY_PERF] component=ucm layer=hixl_transport handle=51 request=0x12 lifecycle_lock_us=0 pending_lock_wait_us=0 pending_lookup_us=0 instance_us=64 erase_us=0 total_us=64 transfer_status=1 [28603,28616][hixl_transport.cpp:734,GetStatus]
[2026-08-24 21:07:58.630513][UC][I] [QUERY_PERF] component=ucm layer=transport_manager handle=51 transport_handle=51 transfers_lock_wait_us=0 lookup_us=0 transport_us=72 total_us=72 api_status=0 transfer_status=1 [28603,28616][transport_manager.cpp:716,GetStatus]
[2026-08-24 21:07:58.630521][UC][I] [PERF] component=transport event=transfer_done manager=127.0.0.1:8000 target=127.0.0.1:4505 handle=51 transport_handle=51 opcode=1 direct=2 segments=108 bytes=7962624 status=1 api_status=0 submitted_ts_us=1787576878628510 completed_ts_us=1787576878630520 manager_get_status_ts_us=1787576878630440 backend_query_ts_us=1787576878630447 submit_us=160 transfer_us=2011 manager_to_backend_query_us=7 total_us=2171 [28603,28616][transport_manager.cpp:727,GetStatus]
[2026-08-24 21:07:58.630509][UC][I] [HIXL_WORKER_PERF] task_id=231 queue_depth=1 enqueue_lock_wait_us=0 enqueue_us=0 queue_wait_us=37 execute_us=197 result_post_us=5 total_us=239 status=0 [28603,28617][hixl_instance.cpp:107,Run]
[2026-08-24 21:07:58.630541][UC][I] [PERF] component=transport event=transfer_submitted manager=127.0.0.1:8000 target=127.0.0.1:4501 handle=63 transport_handle=63 opcode=1 direct=2 segments=108 bytes=7962624 submitted_ts_us=1787576878630540 manager_execute_async_ts_us=1787576878630267 backend_execute_async_ts_us=1787576878630308 manager_to_backend_execute_async_us=41 submit_us=272 [28603,28617][transport_manager.cpp:674,ExecuteAsync]
[2026-08-24 21:07:58.630553][UC][I] [DRAMPOOL_QUEUE_PERF] layer=request_queue request_id=8 opcode=2 peer=127.0.0.1:4501 wait_us=2713 threshold_us=400 [28603,28617][task_worker.cc:81,ProcessOneRequest]
[HIXL_PERF] event=hccl_batch op=1 desc_num=1 hccl_us=60 status=0
[HIXL_PERF] event=issue_hccl_batch op=1 list_num=1 total_us=70
[HIXL_PERF] event=issue_async_host_flag op=1 list_num=1 context_us=0 hccl_issue_us=72 flag_memcpy_us=5 total_us=77
[HIXL_PERF] event=comm_channel_async op=1 list_num=1 mutex_wait_us=0 slot_us=0 host_flag_us=0 record_us=0 issue_us=81 total_us=81
[HIXL_PERF] event=adxl_inner_async op=1 list_num=1 context_us=0 connect_us=0 get_channel_us=1 channel_async_us=82 tail_us=1 total_us=84
[HIXL_PERF] event=comm_engine_async op=1 list_num=1 desc_build_us=0 inner_us=86 total_us=86 status=0
[2026-08-24 21:07:58.630660][UC][I] [HIXL_WORKER_PERF] task_id=234 queue_depth=1 enqueue_lock_wait_us=0 enqueue_us=0 queue_wait_us=5 execute_us=90 result_post_us=6 total_us=101 status=0 [28603,28616][hixl_instance.cpp:107,Run]
[2026-08-24 21:07:58.630670][UC][I] [PERF] component=transport event=transfer_submitted manager=127.0.0.1:8000 target=127.0.0.1:4505 handle=64 transport_handle=64 opcode=1 direct=2 segments=1 bytes=63 submitted_ts_us=1787576878630668 manager_execute_async_ts_us=1787576878630555 backend_execute_async_ts_us=1787576878630563 manager_to_backend_execute_async_us=8 submit_us=113 [28603,28616][transport_manager.cpp:674,ExecuteAsync]
[HIXL_QUERY_PERF] layer=comm_channel request=0x13 mutex_wait_us=1 check_us=0 lookup_us=0 flag_check_us=0 complete_us=1 total_us=2 transfer_elapsed_us=2102 transfer_bytes=7962624 op_desc_count=108 transfer_status=1
[HIXL_QUERY_PERF] layer=adxl_inner request=0x13 context_us=1 req_lock_wait_us=0 lookup_us=0 channel_us=6 cleanup_us=0 total_us=7 status=0 transfer_status=1
[HIXL_QUERY_PERF] layer=comm_engine request=0x13 total_us=10 status=0 transfer_status=1
[2026-08-24 21:07:58.630709][UC][I] [HIXL_WORKER_PERF] task_id=236 queue_depth=1 enqueue_lock_wait_us=0 enqueue_us=1 queue_wait_us=6 execute_us=11 result_post_us=8 total_us=26 status=0 [28603,28616][hixl_instance.cpp:107,Run]
[2026-08-24 21:07:58.630721][UC][I] [QUERY_PERF] component=ucm layer=hixl_instance request=0x13 queue_wait_us=7 backend_us=11 run_post_us=21 total_us=39 api_status=0 transfer_status=1 [28603,28616][hixl_instance.cpp:370,GetTransferStatus]
[HIXL_PERF] event=hccl_batch op=1 desc_num=108 hccl_us=110 status=0
[2026-08-24 21:07:58.630728][UC][I] [QUERY_PERF] component=ucm layer=hixl_transport handle=52 request=0x13 lifecycle_lock_us=1 pending_lock_wait_us=0 pending_lookup_us=0 instance_us=45 erase_us=0 total_us=46 transfer_status=1 [28603,28616][hixl_transport.cpp:734,GetStatus]
[HIXL_PERF] event=issue_hccl_batch op=1 list_num=108 total_us=116
[2026-08-24 21:07:58.630734][UC][I] [QUERY_PERF] component=ucm layer=transport_manager handle=52 transport_handle=52 transfers_lock_wait_us=0 lookup_us=0 transport_us=53 total_us=53 api_status=0 transfer_status=1 [28603,28616][transport_manager.cpp:716,GetStatus]
[2026-08-24 21:07:58.630740][UC][I] [PERF] component=transport event=transfer_done manager=127.0.0.1:8000 target=127.0.0.1:4505 handle=52 transport_handle=52 opcode=1 direct=2 segments=108 bytes=7962624 status=1 api_status=0 submitted_ts_us=1787576878628733 completed_ts_us=1787576878630739 manager_get_status_ts_us=1787576878630681 backend_query_ts_us=1787576878630689 submit_us=157 transfer_us=2006 manager_to_backend_query_us=8 total_us=2163 [28603,28616][transport_manager.cpp:727,GetStatus]
[HIXL_PERF] event=issue_async_host_flag op=1 list_num=108 context_us=0 hccl_issue_us=121 flag_memcpy_us=6 total_us=127
[HIXL_PERF] event=comm_channel_async op=1 list_num=108 mutex_wait_us=0 slot_us=0 host_flag_us=6 record_us=1 issue_us=132 total_us=139
[HIXL_PERF] event=adxl_inner_async op=1 list_num=108 context_us=1 connect_us=0 get_channel_us=1 channel_async_us=142 tail_us=1 total_us=145
[HIXL_PERF] event=comm_engine_async op=1 list_num=108 desc_build_us=1 inner_us=148 total_us=149 status=0
[2026-08-24 21:07:58.630763][UC][I] [HIXL_WORKER_PERF] task_id=235 queue_depth=1 enqueue_lock_wait_us=1 enqueue_us=0 queue_wait_us=5 execute_us=156 result_post_us=5 total_us=167 status=0 [28603,28617][hixl_instance.cpp:107,Run]
[2026-08-24 21:07:58.630770][UC][I] [PERF] component=transport event=transfer_submitted manager=127.0.0.1:8000 target=127.0.0.1:4501 handle=65 transport_handle=65 opcode=1 direct=2 segments=108 bytes=7962624 submitted_ts_us=1787576878630769 manager_execute_async_ts_us=1787576878630593 backend_execute_async_ts_us=1787576878630603 manager_to_backend_execute_async_us=10 submit_us=175 [28603,28617][transport_manager.cpp:674,ExecuteAsync]
[2026-08-24 21:07:58.630777][UC][I] [DRAMPOOL_QUEUE_PERF] layer=request_queue request_id=3 opcode=2 peer=127.0.0.1:4502 wait_us=2919 threshold_us=400 [28603,28617][task_worker.cc:81,ProcessOneRequest]
[HIXL_PERF] event=hccl_batch op=1 desc_num=1 hccl_us=55 status=0
[HIXL_PERF] event=issue_hccl_batch op=1 list_num=1 total_us=60
[HIXL_PERF] event=issue_async_host_flag op=1 list_num=1 context_us=0 hccl_issue_us=62 flag_memcpy_us=5 total_us=67
[HIXL_PERF] event=comm_channel_async op=1 list_num=1 mutex_wait_us=0 slot_us=1 host_flag_us=0 record_us=0 issue_us=69 total_us=70
[HIXL_PERF] event=adxl_inner_async op=1 list_num=1 context_us=1 connect_us=0 get_channel_us=0 channel_async_us=72 tail_us=1 total_us=74
[HIXL_PERF] event=comm_engine_async op=1 list_num=1 desc_build_us=0 inner_us=78 total_us=78 status=0
[2026-08-24 21:07:58.630873][UC][I] [HIXL_WORKER_PERF] task_id=237 queue_depth=1 enqueue_lock_wait_us=0 enqueue_us=0 queue_wait_us=5 execute_us=83 result_post_us=6 total_us=94 status=0 [28603,28616][hixl_instance.cpp:107,Run]
[2026-08-24 21:07:58.630880][UC][I] [PERF] component=transport event=transfer_submitted manager=127.0.0.1:8000 target=127.0.0.1:4505 handle=66 transport_handle=66 opcode=1 direct=2 segments=1 bytes=63 submitted_ts_us=1787576878630879 manager_execute_async_ts_us=1787576878630777 backend_execute_async_ts_us=1787576878630785 manager_to_backend_execute_async_us=8 submit_us=102 [28603,28616][transport_manager.cpp:674,ExecuteAsync]
[HIXL_PERF] event=hccl_batch op=1 desc_num=108 hccl_us=104 status=0
[HIXL_PERF] event=issue_hccl_batch op=1 list_num=108 total_us=118
[HIXL_PERF] event=issue_async_host_flag op=1 list_num=108 context_us=0 hccl_issue_us=120 flag_memcpy_us=5 total_us=125
[HIXL_PERF] event=comm_channel_async op=1 list_num=108 mutex_wait_us=1 slot_us=0 host_flag_us=0 record_us=1 issue_us=128 total_us=130
[HIXL_PERF] event=adxl_inner_async op=1 list_num=108 context_us=1 connect_us=0 get_channel_us=0 channel_async_us=132 tail_us=0 total_us=133
[HIXL_PERF] event=comm_engine_async op=1 list_num=108 desc_build_us=6 inner_us=135 total_us=141 status=0
[2026-08-24 21:07:58.631022][UC][I] [HIXL_WORKER_PERF] task_id=238 queue_depth=1 enqueue_lock_wait_us=0 enqueue_us=1 queue_wait_us=50 execute_us=147 result_post_us=5 total_us=203 status=0 [28603,28617][hixl_instance.cpp:107,Run]
[HIXL_QUERY_PERF] layer=comm_channel request=0x14 mutex_wait_us=0 check_us=0 lookup_us=0 flag_check_us=0 complete_us=2 total_us=2 transfer_elapsed_us=2235 transfer_bytes=7962624 op_desc_count=108 transfer_status=1
[HIXL_QUERY_PERF] layer=adxl_inner request=0x14 context_us=1 req_lock_wait_us=0 lookup_us=0 channel_us=9 cleanup_us=0 total_us=10 status=0 transfer_status=1
[HIXL_QUERY_PERF] layer=comm_engine request=0x14 total_us=13 status=0 transfer_status=1
[2026-08-24 21:07:58.631039][UC][I] [PERF] component=transport event=transfer_submitted manager=127.0.0.1:8000 target=127.0.0.1:4502 handle=67 transport_handle=67 opcode=1 direct=2 segments=108 bytes=7962624 submitted_ts_us=1787576878631038 manager_execute_async_ts_us=1787576878630816 backend_execute_async_ts_us=1787576878630871 manager_to_backend_execute_async_us=55 submit_us=220 [28603,28617][transport_manager.cpp:674,ExecuteAsync]
[2026-08-24 21:07:58.631041][UC][I] [HIXL_WORKER_PERF] task_id=239 queue_depth=1 enqueue_lock_wait_us=0 enqueue_us=1 queue_wait_us=134 execute_us=16 result_post_us=5 total_us=156 status=0 [28603,28616][hixl_instance.cpp:107,Run]
[2026-08-24 21:07:58.631053][UC][I] [QUERY_PERF] component=ucm layer=hixl_instance request=0x14 queue_wait_us=135 backend_us=16 run_post_us=16 total_us=167 api_status=0 transfer_status=1 [28603,28616][hixl_instance.cpp:370,GetTransferStatus]
[2026-08-24 21:07:58.631048][UC][I] [DRAMPOOL_QUEUE_PERF] layer=request_queue request_id=4 opcode=2 peer=127.0.0.1:4502 wait_us=3171 threshold_us=400 [28603,28617][task_worker.cc:81,ProcessOneRequest]
[2026-08-24 21:07:58.631059][UC][I] [QUERY_PERF] component=ucm layer=hixl_transport handle=53 request=0x14 lifecycle_lock_us=0 pending_lock_wait_us=0 pending_lookup_us=0 instance_us=173 erase_us=0 total_us=173 transfer_status=1 [28603,28616][hixl_transport.cpp:734,GetStatus]
[2026-08-24 21:07:58.631072][UC][I] [QUERY_PERF] component=ucm layer=transport_manager handle=53 transport_handle=53 transfers_lock_wait_us=0 lookup_us=0 transport_us=187 total_us=187 api_status=0 transfer_status=1 [28603,28616][transport_manager.cpp:716,GetStatus]
[2026-08-24 21:07:58.631076][UC][I] [PERF] component=transport event=transfer_done manager=127.0.0.1:8000 target=127.0.0.1:4505 handle=53 transport_handle=53 opcode=1 direct=2 segments=108 bytes=7962624 status=1 api_status=0 submitted_ts_us=1787576878628909 completed_ts_us=1787576878631075 manager_get_status_ts_us=1787576878630884 backend_query_ts_us=1787576878631020 submit_us=134 transfer_us=2166 manager_to_backend_query_us=135 total_us=2300 [28603,28616][transport_manager.cpp:727,GetStatus]
[HIXL_PERF] event=hccl_batch op=1 desc_num=108 hccl_us=87 status=0
[HIXL_PERF] event=issue_hccl_batch op=1 list_num=108 total_us=93
[HIXL_PERF] event=issue_async_host_flag op=1 list_num=108 context_us=0 hccl_issue_us=95 flag_memcpy_us=5 total_us=100
[HIXL_PERF] event=comm_channel_async op=1 list_num=108 mutex_wait_us=0 slot_us=0 host_flag_us=0 record_us=1 issue_us=102 total_us=103
[HIXL_PERF] event=adxl_inner_async op=1 list_num=108 context_us=0 connect_us=0 get_channel_us=1 channel_async_us=105 tail_us=1 total_us=107
[HIXL_PERF] event=comm_engine_async op=1 list_num=108 desc_build_us=1 inner_us=109 total_us=110 status=0
[2026-08-24 21:07:58.631215][UC][I] [HIXL_WORKER_PERF] task_id=240 queue_depth=1 enqueue_lock_wait_us=0 enqueue_us=0 queue_wait_us=6 execute_us=116 result_post_us=6 total_us=128 status=0 [28603,28617][hixl_instance.cpp:107,Run]
[2026-08-24 21:07:58.631222][UC][I] [PERF] component=transport event=transfer_submitted manager=127.0.0.1:8000 target=127.0.0.1:4502 handle=68 transport_handle=68 opcode=1 direct=2 segments=108 bytes=7962624 submitted_ts_us=1787576878631221 manager_execute_async_ts_us=1787576878631083 backend_execute_async_ts_us=1787576878631095 manager_to_backend_execute_async_us=12 submit_us=137 [28603,28617][transport_manager.cpp:674,ExecuteAsync]
[2026-08-24 21:07:58.631228][UC][I] [DRAMPOOL_QUEUE_PERF] layer=request_queue request_id=5 opcode=2 peer=127.0.0.1:4502 wait_us=3348 threshold_us=400 [28603,28617][task_worker.cc:81,ProcessOneRequest]
[HIXL_PERF] event=hccl_batch op=1 desc_num=1 hccl_us=57 status=0
[HIXL_PERF] event=issue_hccl_batch op=1 list_num=1 total_us=61
[HIXL_PERF] event=issue_async_host_flag op=1 list_num=1 context_us=0 hccl_issue_us=64 flag_memcpy_us=5 total_us=69
[HIXL_PERF] event=comm_channel_async op=1 list_num=1 mutex_wait_us=0 slot_us=0 host_flag_us=0 record_us=0 issue_us=72 total_us=72
[HIXL_PERF] event=adxl_inner_async op=1 list_num=1 context_us=0 connect_us=0 get_channel_us=1 channel_async_us=75 tail_us=0 total_us=76
[HIXL_PERF] event=comm_engine_async op=1 list_num=1 desc_build_us=0 inner_us=79 total_us=79 status=0
[2026-08-24 21:07:58.631303][UC][I] [HIXL_WORKER_PERF] task_id=241 queue_depth=1 enqueue_lock_wait_us=0 enqueue_us=0 queue_wait_us=104 execute_us=83 result_post_us=6 total_us=193 status=0 [28603,28616][hixl_instance.cpp:107,Run]
[2026-08-24 21:07:58.631310][UC][I] [PERF] component=transport event=transfer_submitted manager=127.0.0.1:8000 target=127.0.0.1:4505 handle=69 transport_handle=69 opcode=1 direct=2 segments=1 bytes=63 submitted_ts_us=1787576878631309 manager_execute_async_ts_us=1787576878631107 backend_execute_async_ts_us=1787576878631213 manager_to_backend_execute_async_us=105 submit_us=201 [28603,28616][transport_manager.cpp:674,ExecuteAsync]
[2026-08-24 21:07:58.631315][UC][I] [DRAMPOOL_QUEUE_PERF] layer=poller_queue request_id=3 opcode=2 peer=127.0.0.1:4506 wait_us=2140 pending_size=5 pending_depth=64 threshold_us=400 [28603,28616][completion_poller.cc:134,FillPendingWindow]
[2026-08-24 21:07:58.631319][UC][I] [DRAMPOOL_QUEUE_PERF] layer=poller_queue request_id=4 opcode=2 peer=127.0.0.1:4506 wait_us=1957 pending_size=6 pending_depth=64 threshold_us=400 [28603,28616][completion_poller.cc:134,FillPendingWindow]
[2026-08-24 21:07:58.631326][UC][I] [DRAMPOOL_QUEUE_PERF] layer=poller_queue request_id=5 opcode=2 peer=127.0.0.1:4506 wait_us=1764 pending_size=7 pending_depth=64 threshold_us=400 [28603,28616][completion_poller.cc:134,FillPendingWindow]
[2026-08-24 21:07:58.631329][UC][I] [DRAMPOOL_QUEUE_PERF] layer=poller_queue request_id=6 opcode=2 peer=127.0.0.1:4506 wait_us=1567 pending_size=8 pending_depth=64 threshold_us=400 [28603,28616][completion_poller.cc:134,FillPendingWindow]
[2026-08-24 21:07:58.631334][UC][I] [DRAMPOOL_QUEUE_PERF] layer=poller_queue request_id=5 opcode=2 peer=127.0.0.1:4501 wait_us=1303 pending_size=9 pending_depth=64 threshold_us=400 [28603,28616][completion_poller.cc:134,FillPendingWindow]
[2026-08-24 21:07:58.631339][UC][I] [DRAMPOOL_QUEUE_PERF] layer=poller_queue request_id=6 opcode=2 peer=127.0.0.1:4501 wait_us=1108 pending_size=10 pending_depth=64 threshold_us=400 [28603,28616][completion_poller.cc:134,FillPendingWindow]
[2026-08-24 21:07:58.631342][UC][I] [DRAMPOOL_QUEUE_PERF] layer=poller_queue request_id=7 opcode=2 peer=127.0.0.1:4501 wait_us=791 pending_size=11 pending_depth=64 threshold_us=400 [28603,28616][completion_poller.cc:134,FillPendingWindow]
[2026-08-24 21:07:58.631345][UC][I] [DRAMPOOL_QUEUE_PERF] layer=poller_queue request_id=8 opcode=2 peer=127.0.0.1:4501 wait_us=570 pending_size=12 pending_depth=64 threshold_us=400 [28603,28616][completion_poller.cc:134,FillPendingWindow]
[HIXL_QUERY_PERF] layer=comm_channel request=0x26 mutex_wait_us=0 check_us=0 lookup_us=1 flag_check_us=0 complete_us=2 total_us=3 transfer_elapsed_us=1612 transfer_bytes=63 op_desc_count=1 transfer_status=1
[HIXL_QUERY_PERF] layer=adxl_inner request=0x26 context_us=1 req_lock_wait_us=0 lookup_us=1 channel_us=8 cleanup_us=1 total_us=11 status=0 transfer_status=1
[HIXL_QUERY_PERF] layer=comm_engine request=0x26 total_us=14 status=0 transfer_status=1
[2026-08-24 21:07:58.631380][UC][I] [HIXL_WORKER_PERF] task_id=243 queue_depth=1 enqueue_lock_wait_us=1 enqueue_us=0 queue_wait_us=6 execute_us=17 result_post_us=6 total_us=30 status=0 [28603,28616][hixl_instance.cpp:107,Run]
[2026-08-24 21:07:58.631385][UC][I] [QUERY_PERF] component=ucm layer=hixl_instance request=0x26 queue_wait_us=7 backend_us=17 run_post_us=11 total_us=35 api_status=0 transfer_status=1 [28603,28616][hixl_instance.cpp:370,GetTransferStatus]
[2026-08-24 21:07:58.631389][UC][I] [QUERY_PERF] component=ucm layer=hixl_transport handle=59 request=0x26 lifecycle_lock_us=0 pending_lock_wait_us=0 pending_lookup_us=0 instance_us=38 erase_us=1 total_us=39 transfer_status=1 [28603,28616][hixl_transport.cpp:734,GetStatus]
[2026-08-24 21:07:58.631392][UC][I] [QUERY_PERF] component=ucm layer=transport_manager handle=59 transport_handle=59 transfers_lock_wait_us=1 lookup_us=0 transport_us=43 total_us=44 api_status=0 transfer_status=1 [28603,28616][transport_manager.cpp:716,GetStatus]
[2026-08-24 21:07:58.631396][UC][I] [PERF] component=transport event=transfer_done manager=127.0.0.1:8000 target=127.0.0.1:4503 handle=59 transport_handle=59 opcode=1 direct=2 segments=1 bytes=63 status=1 api_status=0 submitted_ts_us=1787576878629862 completed_ts_us=1787576878631395 manager_get_status_ts_us=1787576878631348 backend_query_ts_us=1787576878631356 submit_us=214 transfer_us=1532 manager_to_backend_query_us=8 total_us=1746 [28603,28616][transport_manager.cpp:727,GetStatus]
[2026-08-24 21:07:58.631406][UC][I] [PERF] component=drampool event=request_done request_id=5 opcode=2 peer=127.0.0.1:4503 batch_size=108 data_bytes=7962624 failed_items=0 status=SUCCESS failed_stage=NONE received_ts_us=1787576878627095 worker_started_ts_us=1787576878627608 data_transfer_submitted_ts_us=1787576878627834 data_transfer_completed_ts_us=1787576878629609 response_submitted_ts_us=1787576878629873 completed_ts_us=1787576878631400 data_tm_execute_async_ts_us=1787576878627629 data_hixl_execute_async_ts_us=1787576878627652 data_tm_get_status_ts_us=1787576878629414 data_hixl_query_handle_ts_us=1787576878629537 response_tm_execute_async_ts_us=1787576878629648 response_hixl_execute_async_ts_us=1787576878629745 response_tm_get_status_ts_us=1787576878631348 response_hixl_query_handle_ts_us=1787576878631356 request_queue_us=513 metadata_prepare_us=15 taskworker_prepare_us=226 poller_queue_us=54 data_transfer_us=1776 metadata_settle_us=35 response_slot_wait_us=1 response_submit_us=227 response_transfer_us=1526 data_tm_to_hixl_execute_async_us=24 data_tm_to_hixl_query_handle_us=123 response_tm_to_hixl_execute_async_us=97 response_tm_to_hixl_query_handle_us=8 total_us=4305 [28603,28616][completion_poller.cc:56,LogRequestDone]
[HIXL_PERF] event=hccl_batch op=1 desc_num=108 hccl_us=94 status=0
[HIXL_PERF] event=issue_hccl_batch op=1 list_num=108 total_us=103
[HIXL_PERF] event=issue_async_host_flag op=1 list_num=108 context_us=1 hccl_issue_us=105 flag_memcpy_us=6 total_us=112
[HIXL_QUERY_PERF] layer=comm_channel request=0x29 mutex_wait_us=1 check_us=0 lookup_us=0 flag_check_us=0 complete_us=1 total_us=2 transfer_elapsed_us=1210 transfer_bytes=63 op_desc_count=1 transfer_status=1
[HIXL_QUERY_PERF] layer=adxl_inner request=0x29 context_us=1 req_lock_wait_us=0 lookup_us=1 channel_us=9 cleanup_us=0 total_us=11 status=0 transfer_status=1
[HIXL_PERF] event=comm_channel_async op=1 list_num=108 mutex_wait_us=0 slot_us=1 host_flag_us=7 record_us=0 issue_us=116 total_us=124
[HIXL_PERF] event=adxl_inner_async op=1 list_num=108 context_us=0 connect_us=0 get_channel_us=1 channel_async_us=136 tail_us=0 total_us=137
[HIXL_PERF] event=comm_engine_async op=1 list_num=108 desc_build_us=1 inner_us=141 total_us=142 status=0
[HIXL_QUERY_PERF] layer=comm_engine request=0x29 total_us=15 status=0 transfer_status=1
[2026-08-24 21:07:58.631457][UC][I] [HIXL_WORKER_PERF] task_id=242 queue_depth=1 enqueue_lock_wait_us=0 enqueue_us=0 queue_wait_us=29 execute_us=150 result_post_us=7 total_us=186 status=0 [28603,28617][hixl_instance.cpp:107,Run]
[2026-08-24 21:07:58.631459][UC][I] [HIXL_WORKER_PERF] task_id=244 queue_depth=1 enqueue_lock_wait_us=1 enqueue_us=0 queue_wait_us=5 execute_us=33 result_post_us=4 total_us=43 status=0 [28603,28616][hixl_instance.cpp:107,Run]
[2026-08-24 21:07:58.631472][UC][I] [QUERY_PERF] component=ucm layer=hixl_instance request=0x29 queue_wait_us=6 backend_us=33 run_post_us=18 total_us=57 api_status=0 transfer_status=1 [28603,28616][hixl_instance.cpp:370,GetTransferStatus]
[2026-08-24 21:07:58.631466][UC][I] [PERF] component=transport event=transfer_submitted manager=127.0.0.1:8000 target=127.0.0.1:4502 handle=70 transport_handle=70 opcode=1 direct=2 segments=108 bytes=7962624 submitted_ts_us=1787576878631464 manager_execute_async_ts_us=1787576878631269 backend_execute_async_ts_us=1787576878631301 manager_to_backend_execute_async_us=32 submit_us=196 [28603,28617][transport_manager.cpp:674,ExecuteAsync]
[2026-08-24 21:07:58.631478][UC][I] [QUERY_PERF] component=ucm layer=hixl_transport handle=62 request=0x29 lifecycle_lock_us=0 pending_lock_wait_us=0 pending_lookup_us=0 instance_us=62 erase_us=0 total_us=62 transfer_status=1 [28603,28616][hixl_transport.cpp:734,GetStatus]
[2026-08-24 21:07:58.631489][UC][I] [DRAMPOOL_QUEUE_PERF] layer=request_queue request_id=6 opcode=2 peer=127.0.0.1:4502 wait_us=3608 threshold_us=400 [28603,28617][task_worker.cc:81,ProcessOneRequest]
[2026-08-24 21:07:58.631494][UC][I] [QUERY_PERF] component=ucm layer=transport_manager handle=62 transport_handle=62 transfers_lock_wait_us=0 lookup_us=0 transport_us=78 total_us=78 api_status=0 transfer_status=1 [28603,28616][transport_manager.cpp:716,GetStatus]
[2026-08-24 21:07:58.631509][UC][I] [PERF] component=transport event=transfer_done manager=127.0.0.1:8000 target=127.0.0.1:4503 handle=62 transport_handle=62 opcode=1 direct=2 segments=1 bytes=63 status=1 api_status=0 submitted_ts_us=1787576878630329 completed_ts_us=1787576878631508 manager_get_status_ts_us=1787576878631414 backend_query_ts_us=1787576878631421 submit_us=218 transfer_us=1179 manager_to_backend_query_us=6 total_us=1397 [28603,28616][transport_manager.cpp:727,GetStatus]
[2026-08-24 21:07:58.631516][UC][I] [PERF] component=drampool event=request_done request_id=6 opcode=2 peer=127.0.0.1:4503 batch_size=108 data_bytes=7962624 failed_items=0 status=SUCCESS failed_stage=NONE received_ts_us=1787576878627097 worker_started_ts_us=1787576878627835 data_transfer_submitted_ts_us=1787576878628038 data_transfer_completed_ts_us=1787576878630073 response_submitted_ts_us=1787576878630337 completed_ts_us=1787576878631514 data_tm_execute_async_ts_us=1787576878627853 data_hixl_execute_async_ts_us=1787576878627878 data_tm_get_status_ts_us=1787576878629874 data_hixl_query_handle_ts_us=1787576878629999 response_tm_execute_async_ts_us=1787576878630110 response_hixl_execute_async_ts_us=1787576878630211 response_tm_get_status_ts_us=1787576878631414 response_hixl_query_handle_ts_us=1787576878631421 request_queue_us=739 metadata_prepare_us=12 taskworker_prepare_us=204 poller_queue_us=499 data_transfer_us=2034 metadata_settle_us=34 response_slot_wait_us=1 response_submit_us=229 response_transfer_us=1176 data_tm_to_hixl_execute_async_us=25 data_tm_to_hixl_query_handle_us=125 response_tm_to_hixl_execute_async_us=101 response_tm_to_hixl_query_handle_us=6 total_us=4417 [28603,28616][completion_poller.cc:56,LogRequestDone]
[HIXL_PERF] event=hccl_batch op=1 desc_num=108 hccl_us=82 status=0
[HIXL_PERF] event=issue_hccl_batch op=1 list_num=108 total_us=89
[HIXL_PERF] event=issue_async_host_flag op=1 list_num=108 context_us=1 hccl_issue_us=90 flag_memcpy_us=5 total_us=96
[HIXL_PERF] event=comm_channel_async op=1 list_num=108 mutex_wait_us=0 slot_us=0 host_flag_us=4 record_us=0 issue_us=99 total_us=103
[HIXL_PERF] event=adxl_inner_async op=1 list_num=108 context_us=1 connect_us=0 get_channel_us=0 channel_async_us=106 tail_us=0 total_us=107
[HIXL_PERF] event=comm_engine_async op=1 list_num=108 desc_build_us=1 inner_us=109 total_us=110 status=0
[2026-08-24 21:07:58.631649][UC][I] [HIXL_WORKER_PERF] task_id=245 queue_depth=1 enqueue_lock_wait_us=0 enqueue_us=0 queue_wait_us=5 execute_us=116 result_post_us=5 total_us=126 status=0 [28603,28617][hixl_instance.cpp:107,Run]
[HIXL_QUERY_PERF] layer=comm_channel request=0x16 mutex_wait_us=0 check_us=0 lookup_us=1 flag_check_us=0 complete_us=2 total_us=3 transfer_elapsed_us=1083 transfer_bytes=63 op_desc_count=1 transfer_status=1
[HIXL_QUERY_PERF] layer=adxl_inner request=0x16 context_us=0 req_lock_wait_us=0 lookup_us=1 channel_us=8 cleanup_us=0 total_us=9 status=0 transfer_status=1
[2026-08-24 21:07:58.631656][UC][I] [PERF] component=transport event=transfer_submitted manager=127.0.0.1:8000 target=127.0.0.1:4502 handle=71 transport_handle=71 opcode=1 direct=2 segments=108 bytes=7962624 submitted_ts_us=1787576878631655 manager_execute_async_ts_us=1787576878631518 backend_execute_async_ts_us=1787576878631528 manager_to_backend_execute_async_us=11 submit_us=135 [28603,28617][transport_manager.cpp:674,ExecuteAsync]
[HIXL_QUERY_PERF] layer=comm_engine request=0x16 total_us=12 status=0 transfer_status=1
[2026-08-24 21:07:58.631667][UC][I] [HIXL_WORKER_PERF] task_id=246 queue_depth=2 enqueue_lock_wait_us=0 enqueue_us=0 queue_wait_us=121 execute_us=17 result_post_us=5 total_us=143 status=0 [28603,28616][hixl_instance.cpp:107,Run]
[2026-08-24 21:07:58.631674][UC][I] [QUERY_PERF] component=ucm layer=hixl_instance request=0x16 queue_wait_us=122 backend_us=16 run_post_us=11 total_us=149 api_status=0 transfer_status=1 [28603,28616][hixl_instance.cpp:370,GetTransferStatus]
[2026-08-24 21:07:58.631669][UC][I] [DRAMPOOL_QUEUE_PERF] layer=request_queue request_id=3 opcode=2 peer=127.0.0.1:4508 wait_us=3784 threshold_us=400 [28603,28617][task_worker.cc:81,ProcessOneRequest]
[2026-08-24 21:07:58.631680][UC][I] [QUERY_PERF] component=ucm layer=hixl_transport handle=64 request=0x16 lifecycle_lock_us=0 pending_lock_wait_us=0 pending_lookup_us=1 instance_us=154 erase_us=1 total_us=156 transfer_status=1 [28603,28616][hixl_transport.cpp:734,GetStatus]
[2026-08-24 21:07:58.631691][UC][I] [QUERY_PERF] component=ucm layer=transport_manager handle=64 transport_handle=64 transfers_lock_wait_us=0 lookup_us=0 transport_us=168 total_us=168 api_status=0 transfer_status=1 [28603,28616][transport_manager.cpp:716,GetStatus]
[2026-08-24 21:07:58.631695][UC][I] [PERF] component=transport event=transfer_done manager=127.0.0.1:8000 target=127.0.0.1:4505 handle=64 transport_handle=64 opcode=1 direct=2 segments=1 bytes=63 status=1 api_status=0 submitted_ts_us=1787576878630668 completed_ts_us=1787576878631694 manager_get_status_ts_us=1787576878631523 backend_query_ts_us=1787576878631645 submit_us=113 transfer_us=1025 manager_to_backend_query_us=123 total_us=1138 [28603,28616][transport_manager.cpp:727,GetStatus]
[2026-08-24 21:07:58.631701][UC][I] [PERF] component=drampool event=request_done request_id=4 opcode=2 peer=127.0.0.1:4505 batch_size=108 data_bytes=7962624 failed_items=0 status=SUCCESS failed_stage=NONE received_ts_us=1787576878627658 worker_started_ts_us=1787576878628303 data_transfer_submitted_ts_us=1787576878628515 data_transfer_completed_ts_us=1787576878630530 response_submitted_ts_us=1787576878630680 completed_ts_us=1787576878631699 data_tm_execute_async_ts_us=1787576878628349 data_hixl_execute_async_ts_us=1787576878628359 data_tm_get_status_ts_us=1787576878630440 data_hixl_query_handle_ts_us=1787576878630447 response_tm_execute_async_ts_us=1787576878630555 response_hixl_execute_async_ts_us=1787576878630563 response_tm_get_status_ts_us=1787576878631523 response_hixl_query_handle_ts_us=1787576878631645 request_queue_us=646 metadata_prepare_us=29 taskworker_prepare_us=213 poller_queue_us=35 data_transfer_us=2015 metadata_settle_us=22 response_slot_wait_us=2 response_submit_us=126 response_transfer_us=1019 data_tm_to_hixl_execute_async_us=10 data_tm_to_hixl_query_handle_us=7 response_tm_to_hixl_execute_async_us=8 response_tm_to_hixl_query_handle_us=123 total_us=4041 [28603,28616][completion_poller.cc:56,LogRequestDone]
[HIXL_QUERY_PERF] layer=comm_channel request=0x17 mutex_wait_us=0 check_us=0 lookup_us=0 flag_check_us=1 complete_us=1 total_us=2 transfer_elapsed_us=930 transfer_bytes=63 op_desc_count=1 transfer_status=1
[HIXL_QUERY_PERF] layer=adxl_inner request=0x17 context_us=1 req_lock_wait_us=0 lookup_us=0 channel_us=5 cleanup_us=1 total_us=7 status=0 transfer_status=1
[HIXL_QUERY_PERF] layer=comm_engine request=0x17 total_us=9 status=0 transfer_status=1
[2026-08-24 21:07:58.631734][UC][I] [HIXL_WORKER_PERF] task_id=248 queue_depth=1 enqueue_lock_wait_us=0 enqueue_us=0 queue_wait_us=6 execute_us=11 result_post_us=7 total_us=24 status=0 [28603,28616][hixl_instance.cpp:107,Run]
[2026-08-24 21:07:58.631742][UC][I] [QUERY_PERF] component=ucm layer=hixl_instance request=0x17 queue_wait_us=7 backend_us=11 run_post_us=16 total_us=34 api_status=0 transfer_status=1 [28603,28616][hixl_instance.cpp:370,GetTransferStatus]
[2026-08-24 21:07:58.631748][UC][I] [QUERY_PERF] component=ucm layer=hixl_transport handle=66 request=0x17 lifecycle_lock_us=0 pending_lock_wait_us=0 pending_lookup_us=0 instance_us=38 erase_us=1 total_us=39 transfer_status=1 [28603,28616][hixl_transport.cpp:734,GetStatus]
[2026-08-24 21:07:58.631752][UC][I] [QUERY_PERF] component=ucm layer=transport_manager handle=66 transport_handle=66 transfers_lock_wait_us=0 lookup_us=0 transport_us=44 total_us=44 api_status=0 transfer_status=1 [28603,28616][transport_manager.cpp:716,GetStatus]
[2026-08-24 21:07:58.631762][UC][I] [PERF] component=transport event=transfer_done manager=127.0.0.1:8000 target=127.0.0.1:4505 handle=66 transport_handle=66 opcode=1 direct=2 segments=1 bytes=63 status=1 api_status=0 submitted_ts_us=1787576878630879 completed_ts_us=1787576878631760 manager_get_status_ts_us=1787576878631707 backend_query_ts_us=1787576878631715 submit_us=102 transfer_us=881 manager_to_backend_query_us=7 total_us=983 [28603,28616][transport_manager.cpp:727,GetStatus]
[2026-08-24 21:07:58.631770][UC][I] [PERF] component=drampool event=request_done request_id=5 opcode=2 peer=127.0.0.1:4505 batch_size=108 data_bytes=7962624 failed_items=0 status=SUCCESS failed_stage=NONE received_ts_us=1787576878627661 worker_started_ts_us=1787576878628518 data_transfer_submitted_ts_us=1787576878628739 data_transfer_completed_ts_us=1787576878630745 response_submitted_ts_us=1787576878630884 completed_ts_us=1787576878631767 data_tm_execute_async_ts_us=1787576878628575 data_hixl_execute_async_ts_us=1787576878628585 data_tm_get_status_ts_us=1787576878630681 data_hixl_query_handle_ts_us=1787576878630689 response_tm_execute_async_ts_us=1787576878630777 response_hixl_execute_async_ts_us=1787576878630785 response_tm_get_status_ts_us=1787576878631707 response_hixl_query_handle_ts_us=1787576878631715 request_queue_us=857 metadata_prepare_us=29 taskworker_prepare_us=222 poller_queue_us=329 data_transfer_us=2007 metadata_settle_us=28 response_slot_wait_us=1 response_submit_us=109 response_transfer_us=882 data_tm_to_hixl_execute_async_us=10 data_tm_to_hixl_query_handle_us=8 response_tm_to_hixl_execute_async_us=8 response_tm_to_hixl_query_handle_us=7 total_us=4106 [28603,28616][completion_poller.cc:56,LogRequestDone]
[HIXL_QUERY_PERF] layer=comm_channel request=0x1a mutex_wait_us=0 check_us=0 lookup_us=0 flag_check_us=1 complete_us=0 total_us=1 transfer_elapsed_us=572 transfer_bytes=63 op_desc_count=1 transfer_status=1
[HIXL_QUERY_PERF] layer=adxl_inner request=0x1a context_us=1 req_lock_wait_us=0 lookup_us=0 channel_us=5 cleanup_us=0 total_us=6 status=0 transfer_status=1
[HIXL_QUERY_PERF] layer=comm_engine request=0x1a total_us=9 status=0 transfer_status=1
[2026-08-24 21:07:58.631804][UC][I] [HIXL_WORKER_PERF] task_id=249 queue_depth=1 enqueue_lock_wait_us=1 enqueue_us=0 queue_wait_us=7 execute_us=11 result_post_us=6 total_us=25 status=0 [28603,28616][hixl_instance.cpp:107,Run]
[2026-08-24 21:07:58.631813][UC][I] [QUERY_PERF] component=ucm layer=hixl_instance request=0x1a queue_wait_us=8 backend_us=11 run_post_us=15 total_us=34 api_status=0 transfer_status=1 [28603,28616][hixl_instance.cpp:370,GetTransferStatus]
[2026-08-24 21:07:58.631819][UC][I] [QUERY_PERF] component=ucm layer=hixl_transport handle=69 request=0x1a lifecycle_lock_us=0 pending_lock_wait_us=0 pending_lookup_us=0 instance_us=39 erase_us=1 total_us=40 transfer_status=1 [28603,28616][hixl_transport.cpp:734,GetStatus]
[2026-08-24 21:07:58.631825][UC][I] [QUERY_PERF] component=ucm layer=transport_manager handle=69 transport_handle=69 transfers_lock_wait_us=0 lookup_us=1 transport_us=46 total_us=47 api_status=0 transfer_status=1 [28603,28616][transport_manager.cpp:716,GetStatus]
[2026-08-24 21:07:58.631831][UC][I] [PERF] component=transport event=transfer_done manager=127.0.0.1:8000 target=127.0.0.1:4505 handle=69 transport_handle=69 opcode=1 direct=2 segments=1 bytes=63 status=1 api_status=0 submitted_ts_us=1787576878631309 completed_ts_us=1787576878631829 manager_get_status_ts_us=1787576878631777 backend_query_ts_us=1787576878631786 submit_us=201 transfer_us=521 manager_to_backend_query_us=9 total_us=722 [28603,28616][transport_manager.cpp:727,GetStatus]
[2026-08-24 21:07:58.631839][UC][I] [PERF] component=drampool event=request_done request_id=6 opcode=2 peer=127.0.0.1:4505 batch_size=108 data_bytes=7962624 failed_items=0 status=SUCCESS failed_stage=NONE received_ts_us=1787576878627662 worker_started_ts_us=1787576878628741 data_transfer_submitted_ts_us=1787576878628915 data_transfer_completed_ts_us=1787576878631084 response_submitted_ts_us=1787576878631313 completed_ts_us=1787576878631836 data_tm_execute_async_ts_us=1787576878628774 data_hixl_execute_async_ts_us=1787576878628784 data_tm_get_status_ts_us=1787576878630884 data_hixl_query_handle_ts_us=1787576878631020 response_tm_execute_async_ts_us=1787576878631107 response_hixl_execute_async_ts_us=1787576878631213 response_tm_get_status_ts_us=1787576878631777 response_hixl_query_handle_ts_us=1787576878631786 request_queue_us=1079 metadata_prepare_us=15 taskworker_prepare_us=174 poller_queue_us=154 data_transfer_us=2169 metadata_settle_us=22 response_slot_wait_us=1 response_submit_us=206 response_transfer_us=522 data_tm_to_hixl_execute_async_us=10 data_tm_to_hixl_query_handle_us=135 response_tm_to_hixl_execute_async_us=105 response_tm_to_hixl_query_handle_us=9 total_us=4173 [28603,28616][completion_poller.cc:56,LogRequestDone]
[HIXL_PERF] event=hccl_batch op=1 desc_num=108 hccl_us=162 status=0
[HIXL_PERF] event=issue_hccl_batch op=1 list_num=108 total_us=175
[HIXL_PERF] event=issue_async_host_flag op=1 list_num=108 context_us=0 hccl_issue_us=178 flag_memcpy_us=6 total_us=184
[HIXL_PERF] event=comm_channel_async op=1 list_num=108 mutex_wait_us=0 slot_us=1 host_flag_us=1 record_us=0 issue_us=187 total_us=189
[HIXL_PERF] event=adxl_inner_async op=1 list_num=108 context_us=0 connect_us=0 get_channel_us=1 channel_async_us=191 tail_us=2 total_us=194
[HIXL_PERF] event=comm_engine_async op=1 list_num=108 desc_build_us=1 inner_us=197 total_us=198 status=0
[2026-08-24 21:07:58.631924][UC][I] [HIXL_WORKER_PERF] task_id=247 queue_depth=1 enqueue_lock_wait_us=0 enqueue_us=0 queue_wait_us=6 execute_us=205 result_post_us=7 total_us=218 status=0 [28603,28617][hixl_instance.cpp:107,Run]
[HIXL_QUERY_PERF] layer=comm_channel request=0x22 mutex_wait_us=0 check_us=0 lookup_us=0 flag_check_us=1 complete_us=2 total_us=3 transfer_elapsed_us=2952 transfer_bytes=7962624 op_desc_count=108 transfer_status=1
[HIXL_QUERY_PERF] layer=adxl_inner request=0x22 context_us=1 req_lock_wait_us=0 lookup_us=0 channel_us=13 cleanup_us=1 total_us=15 status=0 transfer_status=1
[2026-08-24 21:07:58.631935][UC][I] [PERF] component=transport event=transfer_submitted manager=127.0.0.1:8000 target=127.0.0.1:4508 handle=72 transport_handle=72 opcode=1 direct=2 segments=108 bytes=7962624 submitted_ts_us=1787576878631933 manager_execute_async_ts_us=1787576878631702 backend_execute_async_ts_us=1787576878631713 manager_to_backend_execute_async_us=11 submit_us=230 [28603,28617][transport_manager.cpp:674,ExecuteAsync]
[HIXL_QUERY_PERF] layer=comm_engine request=0x22 total_us=18 status=0 transfer_status=1
[2026-08-24 21:07:58.631943][UC][I] [DRAMPOOL_QUEUE_PERF] layer=request_queue request_id=4 opcode=2 peer=127.0.0.1:4508 wait_us=4054 threshold_us=400 [28603,28617][task_worker.cc:81,ProcessOneRequest]
[2026-08-24 21:07:58.631950][UC][I] [HIXL_WORKER_PERF] task_id=250 queue_depth=1 enqueue_lock_wait_us=0 enqueue_us=0 queue_wait_us=66 execute_us=22 result_post_us=7 total_us=95 status=0 [28603,28616][hixl_instance.cpp:107,Run]
[2026-08-24 21:07:58.631956][UC][I] [QUERY_PERF] component=ucm layer=hixl_instance request=0x22 queue_wait_us=67 backend_us=22 run_post_us=14 total_us=103 api_status=0 transfer_status=1 [28603,28616][hixl_instance.cpp:370,GetTransferStatus]
[2026-08-24 21:07:58.631961][UC][I] [QUERY_PERF] component=ucm layer=hixl_transport handle=55 request=0x22 lifecycle_lock_us=0 pending_lock_wait_us=0 pending_lookup_us=0 instance_us=106 erase_us=1 total_us=107 transfer_status=1 [28603,28616][hixl_transport.cpp:734,GetStatus]
[2026-08-24 21:07:58.631965][UC][I] [QUERY_PERF] component=ucm layer=transport_manager handle=55 transport_handle=55 transfers_lock_wait_us=0 lookup_us=0 transport_us=112 total_us=112 api_status=0 transfer_status=1 [28603,28616][transport_manager.cpp:716,GetStatus]
[2026-08-24 21:07:58.631970][UC][I] [PERF] component=transport event=transfer_done manager=127.0.0.1:8000 target=127.0.0.1:4506 handle=55 transport_handle=55 opcode=1 direct=2 segments=108 bytes=7962624 status=1 api_status=0 submitted_ts_us=1787576878629168 completed_ts_us=1787576878631969 manager_get_status_ts_us=1787576878631853 backend_query_ts_us=1787576878631919 submit_us=212 transfer_us=2801 manager_to_backend_query_us=67 total_us=3013 [28603,28616][transport_manager.cpp:727,GetStatus]
[HIXL_PERF] event=hccl_batch op=1 desc_num=108 hccl_us=109 status=0
[HIXL_PERF] event=issue_hccl_batch op=1 list_num=108 total_us=116
[HIXL_PERF] event=issue_async_host_flag op=1 list_num=108 context_us=0 hccl_issue_us=118 flag_memcpy_us=6 total_us=124
[HIXL_PERF] event=comm_channel_async op=1 list_num=108 mutex_wait_us=0 slot_us=0 host_flag_us=0 record_us=1 issue_us=127 total_us=128
[HIXL_PERF] event=adxl_inner_async op=1 list_num=108 context_us=1 connect_us=0 get_channel_us=1 channel_async_us=130 tail_us=1 total_us=133
[HIXL_PERF] event=comm_engine_async op=1 list_num=108 desc_build_us=1 inner_us=135 total_us=136 status=0
[2026-08-24 21:07:58.632125][UC][I] [HIXL_WORKER_PERF] task_id=251 queue_depth=1 enqueue_lock_wait_us=0 enqueue_us=1 queue_wait_us=8 execute_us=143 result_post_us=7 total_us=159 status=0 [28603,28617][hixl_instance.cpp:107,Run]
[2026-08-24 21:07:58.632132][UC][I] [PERF] component=transport event=transfer_submitted manager=127.0.0.1:8000 target=127.0.0.1:4508 handle=73 transport_handle=73 opcode=1 direct=2 segments=108 bytes=7962624 submitted_ts_us=1787576878632131 manager_execute_async_ts_us=1787576878631962 backend_execute_async_ts_us=1787576878631976 manager_to_backend_execute_async_us=13 submit_us=167 [28603,28617][transport_manager.cpp:674,ExecuteAsync]
[2026-08-24 21:07:58.632137][UC][I] [DRAMPOOL_QUEUE_PERF] layer=request_queue request_id=5 opcode=2 peer=127.0.0.1:4508 wait_us=4246 threshold_us=400 [28603,28617][task_worker.cc:81,ProcessOneRequest]
[HIXL_PERF] event=hccl_batch op=1 desc_num=1 hccl_us=63 status=0
[HIXL_PERF] event=issue_hccl_batch op=1 list_num=1 total_us=69
[HIXL_PERF] event=issue_async_host_flag op=1 list_num=1 context_us=0 hccl_issue_us=71 flag_memcpy_us=5 total_us=76
[HIXL_PERF] event=comm_channel_async op=1 list_num=1 mutex_wait_us=0 slot_us=0 host_flag_us=0 record_us=1 issue_us=79 total_us=80
[HIXL_PERF] event=adxl_inner_async op=1 list_num=1 context_us=0 connect_us=0 get_channel_us=1 channel_async_us=82 tail_us=0 total_us=83
[HIXL_PERF] event=comm_engine_async op=1 list_num=1 desc_build_us=0 inner_us=85 total_us=85 status=0
[2026-08-24 21:07:58.632221][UC][I] [HIXL_WORKER_PERF] task_id=252 queue_depth=1 enqueue_lock_wait_us=1 enqueue_us=0 queue_wait_us=102 execute_us=91 result_post_us=9 total_us=203 status=0 [28603,28616][hixl_instance.cpp:107,Run]
[2026-08-24 21:07:58.632234][UC][I] [PERF] component=transport event=transfer_submitted manager=127.0.0.1:8000 target=127.0.0.1:4506 handle=74 transport_handle=74 opcode=1 direct=2 segments=1 bytes=63 submitted_ts_us=1787576878632233 manager_execute_async_ts_us=1787576878632014 backend_execute_async_ts_us=1787576878632121 manager_to_backend_execute_async_us=107 submit_us=217 [28603,28616][transport_manager.cpp:674,ExecuteAsync]
[HIXL_PERF] event=hccl_batch op=1 desc_num=108 hccl_us=96 status=0
[HIXL_PERF] event=issue_hccl_batch op=1 list_num=108 total_us=115
[HIXL_PERF] event=issue_async_host_flag op=1 list_num=108 context_us=0 hccl_issue_us=117 flag_memcpy_us=6 total_us=123
[HIXL_PERF] event=comm_channel_async op=1 list_num=108 mutex_wait_us=0 slot_us=1 host_flag_us=8 record_us=1 issue_us=125 total_us=135
[HIXL_PERF] event=adxl_inner_async op=1 list_num=108 context_us=1 connect_us=0 get_channel_us=0 channel_async_us=137 tail_us=1 total_us=139
[HIXL_PERF] event=comm_engine_async op=1 list_num=108 desc_build_us=1 inner_us=141 total_us=142 status=0
[2026-08-24 21:07:58.632369][UC][I] [HIXL_WORKER_PERF] task_id=253 queue_depth=1 enqueue_lock_wait_us=0 enqueue_us=1 queue_wait_us=38 execute_us=149 result_post_us=6 total_us=194 status=0 [28603,28617][hixl_instance.cpp:107,Run]
[HIXL_QUERY_PERF] layer=comm_channel request=0x23 mutex_wait_us=0 check_us=0 lookup_us=0 flag_check_us=1 complete_us=2 total_us=3 transfer_elapsed_us=3159 transfer_bytes=7962624 op_desc_count=108 transfer_status=1
[HIXL_QUERY_PERF] layer=adxl_inner request=0x23 context_us=1 req_lock_wait_us=0 lookup_us=1 channel_us=8 cleanup_us=1 total_us=11 status=0 transfer_status=1
[2026-08-24 21:07:58.632376][UC][I] [PERF] component=transport event=transfer_submitted manager=127.0.0.1:8000 target=127.0.0.1:4508 handle=75 transport_handle=75 opcode=1 direct=2 segments=108 bytes=7962624 submitted_ts_us=1787576878632375 manager_execute_async_ts_us=1787576878632173 backend_execute_async_ts_us=1787576878632216 manager_to_backend_execute_async_us=43 submit_us=202 [28603,28617][transport_manager.cpp:674,ExecuteAsync]
[HIXL_QUERY_PERF] layer=comm_engine request=0x23 total_us=13 status=0 transfer_status=1
[2026-08-24 21:07:58.632384][UC][I] [DRAMPOOL_QUEUE_PERF] layer=request_queue request_id=6 opcode=2 peer=127.0.0.1:4508 wait_us=4490 threshold_us=400 [28603,28617][task_worker.cc:81,ProcessOneRequest]
[2026-08-24 21:07:58.632391][UC][I] [HIXL_WORKER_PERF] task_id=254 queue_depth=1 enqueue_lock_wait_us=0 enqueue_us=0 queue_wait_us=111 execute_us=17 result_post_us=7 total_us=135 status=0 [28603,28616][hixl_instance.cpp:107,Run]
[2026-08-24 21:07:58.632398][UC][I] [QUERY_PERF] component=ucm layer=hixl_instance request=0x23 queue_wait_us=112 backend_us=17 run_post_us=15 total_us=144 api_status=0 transfer_status=1 [28603,28616][hixl_instance.cpp:370,GetTransferStatus]
[2026-08-24 21:07:58.632403][UC][I] [QUERY_PERF] component=ucm layer=hixl_transport handle=56 request=0x23 lifecycle_lock_us=0 pending_lock_wait_us=0 pending_lookup_us=0 instance_us=147 erase_us=1 total_us=148 transfer_status=1 [28603,28616][hixl_transport.cpp:734,GetStatus]
[2026-08-24 21:07:58.632411][UC][I] [QUERY_PERF] component=ucm layer=transport_manager handle=56 transport_handle=56 transfers_lock_wait_us=1 lookup_us=0 transport_us=156 total_us=157 api_status=0 transfer_status=1 [28603,28616][transport_manager.cpp:716,GetStatus]
[2026-08-24 21:07:58.632417][UC][I] [PERF] component=transport event=transfer_done manager=127.0.0.1:8000 target=127.0.0.1:4506 handle=56 transport_handle=56 opcode=1 direct=2 segments=108 bytes=7962624 status=1 api_status=0 submitted_ts_us=1787576878629355 completed_ts_us=1787576878632416 manager_get_status_ts_us=1787576878632253 backend_query_ts_us=1787576878632366 submit_us=162 transfer_us=3060 manager_to_backend_query_us=113 total_us=3222 [28603,28616][transport_manager.cpp:727,GetStatus]
[HIXL_PERF] event=hccl_batch op=1 desc_num=108 hccl_us=110 status=0
[HIXL_PERF] event=issue_hccl_batch op=1 list_num=108 total_us=119
[HIXL_PERF] event=issue_async_host_flag op=1 list_num=108 context_us=0 hccl_issue_us=121 flag_memcpy_us=5 total_us=126
[HIXL_PERF] event=comm_channel_async op=1 list_num=108 mutex_wait_us=0 slot_us=0 host_flag_us=6 record_us=1 issue_us=132 total_us=139
[HIXL_PERF] event=adxl_inner_async op=1 list_num=108 context_us=1 connect_us=0 get_channel_us=1 channel_async_us=141 tail_us=1 total_us=144
[HIXL_PERF] event=comm_engine_async op=1 list_num=108 desc_build_us=1 inner_us=146 total_us=147 status=0
[2026-08-24 21:07:58.632571][UC][I] [HIXL_WORKER_PERF] task_id=255 queue_depth=1 enqueue_lock_wait_us=0 enqueue_us=1 queue_wait_us=6 execute_us=153 result_post_us=7 total_us=167 status=0 [28603,28617][hixl_instance.cpp:107,Run]
[2026-08-24 21:07:58.632578][UC][I] [PERF] component=transport event=transfer_submitted manager=127.0.0.1:8000 target=127.0.0.1:4508 handle=76 transport_handle=76 opcode=1 direct=2 segments=108 bytes=7962624 submitted_ts_us=1787576878632577 manager_execute_async_ts_us=1787576878632402 backend_execute_async_ts_us=1787576878632413 manager_to_backend_execute_async_us=11 submit_us=174 [28603,28617][transport_manager.cpp:674,ExecuteAsync]
[2026-08-24 21:07:58.632583][UC][I] [DRAMPOOL_QUEUE_PERF] layer=request_queue request_id=3 opcode=2 peer=127.0.0.1:4507 wait_us=4687 threshold_us=400 [28603,28617][task_worker.cc:81,ProcessOneRequest]
[HIXL_PERF] event=hccl_batch op=1 desc_num=1 hccl_us=59 status=0
[HIXL_PERF] event=issue_hccl_batch op=1 list_num=1 total_us=65
[HIXL_PERF] event=issue_async_host_flag op=1 list_num=1 context_us=0 hccl_issue_us=67 flag_memcpy_us=5 total_us=72
[HIXL_PERF] event=comm_channel_async op=1 list_num=1 mutex_wait_us=0 slot_us=1 host_flag_us=0 record_us=0 issue_us=75 total_us=76
[HIXL_PERF] event=adxl_inner_async op=1 list_num=1 context_us=1 connect_us=0 get_channel_us=0 channel_async_us=77 tail_us=1 total_us=79
[HIXL_PERF] event=comm_engine_async op=1 list_num=1 desc_build_us=0 inner_us=81 total_us=81 status=0
[2026-08-24 21:07:58.632662][UC][I] [HIXL_WORKER_PERF] task_id=256 queue_depth=1 enqueue_lock_wait_us=0 enqueue_us=1 queue_wait_us=103 execute_us=87 result_post_us=8 total_us=199 status=0 [28603,28616][hixl_instance.cpp:107,Run]
[2026-08-24 21:07:58.632672][UC][I] [PERF] component=transport event=transfer_submitted manager=127.0.0.1:8000 target=127.0.0.1:4506 handle=77 transport_handle=77 opcode=1 direct=2 segments=1 bytes=63 submitted_ts_us=1787576878632671 manager_execute_async_ts_us=1787576878632460 backend_execute_async_ts_us=1787576878632568 manager_to_backend_execute_async_us=108 submit_us=209 [28603,28616][transport_manager.cpp:674,ExecuteAsync]
[HIXL_QUERY_PERF] layer=comm_channel request=0x24 mutex_wait_us=0 check_us=0 lookup_us=1 flag_check_us=0 complete_us=2 total_us=3 transfer_elapsed_us=3296 transfer_bytes=7962624 op_desc_count=108 transfer_status=1
[HIXL_QUERY_PERF] layer=adxl_inner request=0x24 context_us=1 req_lock_wait_us=0 lookup_us=1 channel_us=8 cleanup_us=1 total_us=11 status=0 transfer_status=1
[HIXL_QUERY_PERF] layer=comm_engine request=0x24 total_us=14 status=0 transfer_status=1
[2026-08-24 21:07:58.632710][UC][I] [HIXL_WORKER_PERF] task_id=258 queue_depth=1 enqueue_lock_wait_us=0 enqueue_us=0 queue_wait_us=6 execute_us=16 result_post_us=5 total_us=27 status=0 [28603,28616][hixl_instance.cpp:107,Run]
[2026-08-24 21:07:58.632721][UC][I] [QUERY_PERF] component=ucm layer=hixl_instance request=0x24 queue_wait_us=7 backend_us=16 run_post_us=15 total_us=38 api_status=0 transfer_status=1 [28603,28616][hixl_instance.cpp:370,GetTransferStatus]
[HIXL_PERF] event=hccl_batch op=1 desc_num=108 hccl_us=93 status=0
[2026-08-24 21:07:58.632726][UC][I] [QUERY_PERF] component=ucm layer=hixl_transport handle=57 request=0x24 lifecycle_lock_us=0 pending_lock_wait_us=0 pending_lookup_us=0 instance_us=42 erase_us=1 total_us=43 transfer_status=1 [28603,28616][hixl_transport.cpp:734,GetStatus]
[HIXL_PERF] event=issue_hccl_batch op=1 list_num=108 total_us=98
[2026-08-24 21:07:58.632733][UC][I] [QUERY_PERF] component=ucm layer=transport_manager handle=57 transport_handle=57 transfers_lock_wait_us=0 lookup_us=0 transport_us=51 total_us=51 api_status=0 transfer_status=1 [28603,28616][transport_manager.cpp:716,GetStatus]
[2026-08-24 21:07:58.632738][UC][I] [PERF] component=transport event=transfer_done manager=127.0.0.1:8000 target=127.0.0.1:4506 handle=57 transport_handle=57 opcode=1 direct=2 segments=108 bytes=7962624 status=1 api_status=0 submitted_ts_us=1787576878629548 completed_ts_us=1787576878632737 manager_get_status_ts_us=1787576878632682 backend_query_ts_us=1787576878632689 submit_us=167 transfer_us=3189 manager_to_backend_query_us=7 total_us=3356 [28603,28616][transport_manager.cpp:727,GetStatus]
[HIXL_PERF] event=issue_async_host_flag op=1 list_num=108 context_us=0 hccl_issue_us=102 flag_memcpy_us=5 total_us=107
[HIXL_PERF] event=comm_channel_async op=1 list_num=108 mutex_wait_us=0 slot_us=0 host_flag_us=1 record_us=0 issue_us=111 total_us=112
[HIXL_PERF] event=adxl_inner_async op=1 list_num=108 context_us=1 connect_us=0 get_channel_us=0 channel_async_us=114 tail_us=1 total_us=116
[HIXL_PERF] event=comm_engine_async op=1 list_num=108 desc_build_us=1 inner_us=118 total_us=119 status=0
[2026-08-24 21:07:58.632758][UC][I] [HIXL_WORKER_PERF] task_id=257 queue_depth=1 enqueue_lock_wait_us=0 enqueue_us=1 queue_wait_us=7 execute_us=125 result_post_us=5 total_us=138 status=0 [28603,28617][hixl_instance.cpp:107,Run]
[2026-08-24 21:07:58.632765][UC][I] [PERF] component=transport event=transfer_submitted manager=127.0.0.1:8000 target=127.0.0.1:4507 handle=78 transport_handle=78 opcode=1 direct=2 segments=108 bytes=7962624 submitted_ts_us=1787576878632764 manager_execute_async_ts_us=1787576878632617 backend_execute_async_ts_us=1787576878632628 manager_to_backend_execute_async_us=10 submit_us=146 [28603,28617][transport_manager.cpp:674,ExecuteAsync]
[2026-08-24 21:07:58.632771][UC][I] [DRAMPOOL_QUEUE_PERF] layer=request_queue request_id=4 opcode=2 peer=127.0.0.1:4507 wait_us=4873 threshold_us=400 [28603,28617][task_worker.cc:81,ProcessOneRequest]
[HIXL_PERF] event=hccl_batch op=1 desc_num=1 hccl_us=71 status=0
[HIXL_PERF] event=issue_hccl_batch op=1 list_num=1 total_us=75
[HIXL_PERF] event=issue_async_host_flag op=1 list_num=1 context_us=1 hccl_issue_us=77 flag_memcpy_us=5 total_us=83
[HIXL_PERF] event=comm_channel_async op=1 list_num=1 mutex_wait_us=1 slot_us=0 host_flag_us=0 record_us=0 issue_us=87 total_us=88
[HIXL_PERF] event=adxl_inner_async op=1 list_num=1 context_us=1 connect_us=0 get_channel_us=0 channel_async_us=90 tail_us=0 total_us=91
[HIXL_PERF] event=comm_engine_async op=1 list_num=1 desc_build_us=0 inner_us=94 total_us=94 status=0
[2026-08-24 21:07:58.632882][UC][I] [HIXL_WORKER_PERF] task_id=259 queue_depth=1 enqueue_lock_wait_us=0 enqueue_us=0 queue_wait_us=6 execute_us=98 result_post_us=8 total_us=112 status=0 [28603,28616][hixl_instance.cpp:107,Run]
[2026-08-24 21:07:58.632890][UC][I] [PERF] component=transport event=transfer_submitted manager=127.0.0.1:8000 target=127.0.0.1:4506 handle=79 transport_handle=79 opcode=1 direct=2 segments=1 bytes=63 submitted_ts_us=1787576878632889 manager_execute_async_ts_us=1787576878632767 backend_execute_async_ts_us=1787576878632775 manager_to_backend_execute_async_us=8 submit_us=122 [28603,28616][transport_manager.cpp:674,ExecuteAsync]
[HIXL_QUERY_PERF] layer=comm_channel request=0x25 mutex_wait_us=0 check_us=0 lookup_us=0 flag_check_us=1 complete_us=2 total_us=3 transfer_elapsed_us=3312 transfer_bytes=7962624 op_desc_count=108 transfer_status=1
[HIXL_QUERY_PERF] layer=adxl_inner request=0x25 context_us=1 req_lock_wait_us=0 lookup_us=1 channel_us=7 cleanup_us=1 total_us=10 status=0 transfer_status=1
[HIXL_QUERY_PERF] layer=comm_engine request=0x25 total_us=13 status=0 transfer_status=1
[HIXL_PERF] event=hccl_batch op=1 desc_num=108 hccl_us=98 status=0
[2026-08-24 21:07:58.632926][UC][I] [HIXL_WORKER_PERF] task_id=261 queue_depth=1 enqueue_lock_wait_us=0 enqueue_us=0 queue_wait_us=6 execute_us=15 result_post_us=5 total_us=26 status=0 [28603,28616][hixl_instance.cpp:107,Run]
[HIXL_PERF] event=issue_hccl_batch op=1 list_num=108 total_us=103
[2026-08-24 21:07:58.632933][UC][I] [QUERY_PERF] component=ucm layer=hixl_instance request=0x25 queue_wait_us=7 backend_us=15 run_post_us=12 total_us=34 api_status=0 transfer_status=1 [28603,28616][hixl_instance.cpp:370,GetTransferStatus]
[2026-08-24 21:07:58.632937][UC][I] [QUERY_PERF] component=ucm layer=hixl_transport handle=58 request=0x25 lifecycle_lock_us=0 pending_lock_wait_us=0 pending_lookup_us=0 instance_us=38 erase_us=1 total_us=39 transfer_status=1 [28603,28616][hixl_transport.cpp:734,GetStatus]
[HIXL_PERF] event=issue_async_host_flag op=1 list_num=108 context_us=0 hccl_issue_us=109 flag_memcpy_us=5 total_us=114
[2026-08-24 21:07:58.632941][UC][I] [QUERY_PERF] component=ucm layer=transport_manager handle=58 transport_handle=58 transfers_lock_wait_us=0 lookup_us=0 transport_us=43 total_us=43 api_status=0 transfer_status=1 [28603,28616][transport_manager.cpp:716,GetStatus]
[HIXL_PERF] event=comm_channel_async op=1 list_num=108 mutex_wait_us=0 slot_us=1 host_flag_us=0 record_us=0 issue_us=119 total_us=120
[HIXL_PERF] event=adxl_inner_async op=1 list_num=108 context_us=1 connect_us=0 get_channel_us=0 channel_async_us=124 tail_us=0 total_us=125
[HIXL_PERF] event=comm_engine_async op=1 list_num=108 desc_build_us=1 inner_us=128 total_us=129 status=0
[2026-08-24 21:07:58.632950][UC][I] [PERF] component=transport event=transfer_done manager=127.0.0.1:8000 target=127.0.0.1:4506 handle=58 transport_handle=58 opcode=1 direct=2 segments=108 bytes=7962624 status=1 api_status=0 submitted_ts_us=1787576878629754 completed_ts_us=1787576878632949 manager_get_status_ts_us=1787576878632898 backend_query_ts_us=1787576878632905 submit_us=173 transfer_us=3195 manager_to_backend_query_us=7 total_us=3368 [28603,28616][transport_manager.cpp:727,GetStatus]
[2026-08-24 21:07:58.632961][UC][I] [HIXL_WORKER_PERF] task_id=260 queue_depth=1 enqueue_lock_wait_us=1 enqueue_us=0 queue_wait_us=6 execute_us=135 result_post_us=7 total_us=149 status=0 [28603,28617][hixl_instance.cpp:107,Run]
[2026-08-24 21:07:58.632968][UC][I] [PERF] component=transport event=transfer_submitted manager=127.0.0.1:8000 target=127.0.0.1:4507 handle=80 transport_handle=80 opcode=1 direct=2 segments=108 bytes=7962624 submitted_ts_us=1787576878632967 manager_execute_async_ts_us=1787576878632809 backend_execute_async_ts_us=1787576878632820 manager_to_backend_execute_async_us=11 submit_us=156 [28603,28617][transport_manager.cpp:674,ExecuteAsync]
[2026-08-24 21:07:58.632973][UC][I] [DRAMPOOL_QUEUE_PERF] layer=request_queue request_id=5 opcode=2 peer=127.0.0.1:4507 wait_us=5072 threshold_us=400 [28603,28617][task_worker.cc:81,ProcessOneRequest]
[HIXL_PERF] event=hccl_batch op=1 desc_num=1 hccl_us=68 status=0
[HIXL_PERF] event=issue_hccl_batch op=1 list_num=1 total_us=74
[HIXL_PERF] event=issue_async_host_flag op=1 list_num=1 context_us=0 hccl_issue_us=76 flag_memcpy_us=5 total_us=81
[HIXL_PERF] event=comm_channel_async op=1 list_num=1 mutex_wait_us=0 slot_us=0 host_flag_us=0 record_us=0 issue_us=85 total_us=85
[HIXL_PERF] event=adxl_inner_async op=1 list_num=1 context_us=1 connect_us=0 get_channel_us=1 channel_async_us=87 tail_us=0 total_us=89
[HIXL_PERF] event=comm_engine_async op=1 list_num=1 desc_build_us=0 inner_us=92 total_us=92 status=0
[2026-08-24 21:07:58.633095][UC][I] [HIXL_WORKER_PERF] task_id=262 queue_depth=1 enqueue_lock_wait_us=0 enqueue_us=0 queue_wait_us=6 execute_us=99 result_post_us=7 total_us=112 status=0 [28603,28616][hixl_instance.cpp:107,Run]
[2026-08-24 21:07:58.633104][UC][I] [PERF] component=transport event=transfer_submitted manager=127.0.0.1:8000 target=127.0.0.1:4506 handle=81 transport_handle=81 opcode=1 direct=2 segments=1 bytes=63 submitted_ts_us=1787576878633103 manager_execute_async_ts_us=1787576878632980 backend_execute_async_ts_us=1787576878632988 manager_to_backend_execute_async_us=8 submit_us=122 [28603,28616][transport_manager.cpp:674,ExecuteAsync]
[HIXL_PERF] event=hccl_batch op=1 desc_num=108 hccl_us=84 status=0
[HIXL_PERF] event=issue_hccl_batch op=1 list_num=108 total_us=89
[HIXL_QUERY_PERF] layer=comm_channel request=0x27 mutex_wait_us=1 check_us=0 lookup_us=0 flag_check_us=0 complete_us=2 total_us=3 transfer_elapsed_us=3268 transfer_bytes=7962624 op_desc_count=108 transfer_status=1
[HIXL_PERF] event=issue_async_host_flag op=1 list_num=108 context_us=1 hccl_issue_us=91 flag_memcpy_us=3 total_us=95
[HIXL_PERF] event=comm_channel_async op=1 list_num=108 mutex_wait_us=0 slot_us=0 host_flag_us=6 record_us=0 issue_us=100 total_us=106
[HIXL_QUERY_PERF] layer=adxl_inner request=0x27 context_us=1 req_lock_wait_us=1 lookup_us=0 channel_us=7 cleanup_us=1 total_us=10 status=0 transfer_status=1
[HIXL_QUERY_PERF] layer=comm_engine request=0x27 total_us=22 status=0 transfer_status=1
[HIXL_PERF] event=adxl_inner_async op=1 list_num=108 context_us=0 connect_us=0 get_channel_us=1 channel_async_us=109 tail_us=0 total_us=110
[HIXL_PERF] event=comm_engine_async op=1 list_num=108 desc_build_us=1 inner_us=124 total_us=125 status=0
[2026-08-24 21:07:58.633147][UC][I] [HIXL_WORKER_PERF] task_id=264 queue_depth=1 enqueue_lock_wait_us=0 enqueue_us=0 queue_wait_us=6 execute_us=26 result_post_us=5 total_us=37 status=0 [28603,28616][hixl_instance.cpp:107,Run]
[2026-08-24 21:07:58.633153][UC][I] [QUERY_PERF] component=ucm layer=hixl_instance request=0x27 queue_wait_us=6 backend_us=26 run_post_us=11 total_us=43 api_status=0 transfer_status=1 [28603,28616][hixl_instance.cpp:370,GetTransferStatus]
[2026-08-24 21:07:58.633157][UC][I] [HIXL_WORKER_PERF] task_id=263 queue_depth=1 enqueue_lock_wait_us=1 enqueue_us=0 queue_wait_us=5 execute_us=132 result_post_us=6 total_us=144 status=0 [28603,28617][hixl_instance.cpp:107,Run]
[2026-08-24 21:07:58.633157][UC][I] [QUERY_PERF] component=ucm layer=hixl_transport handle=60 request=0x27 lifecycle_lock_us=0 pending_lock_wait_us=0 pending_lookup_us=0 instance_us=47 erase_us=0 total_us=47 transfer_status=1 [28603,28616][hixl_transport.cpp:734,GetStatus]
[2026-08-24 21:07:58.633171][UC][I] [QUERY_PERF] component=ucm layer=transport_manager handle=60 transport_handle=60 transfers_lock_wait_us=0 lookup_us=1 transport_us=61 total_us=62 api_status=0 transfer_status=1 [28603,28616][transport_manager.cpp:716,GetStatus]
[2026-08-24 21:07:58.633166][UC][I] [PERF] component=transport event=transfer_submitted manager=127.0.0.1:8000 target=127.0.0.1:4507 handle=82 transport_handle=82 opcode=1 direct=2 segments=108 bytes=7962624 submitted_ts_us=1787576878633165 manager_execute_async_ts_us=1787576878633010 backend_execute_async_ts_us=1787576878633020 manager_to_backend_execute_async_us=10 submit_us=154 [28603,28617][transport_manager.cpp:674,ExecuteAsync]
[2026-08-24 21:07:58.633176][UC][I] [PERF] component=transport event=transfer_done manager=127.0.0.1:8000 target=127.0.0.1:4501 handle=60 transport_handle=60 opcode=1 direct=2 segments=108 bytes=7962624 status=1 api_status=0 submitted_ts_us=1787576878630009 completed_ts_us=1787576878633175 manager_get_status_ts_us=1787576878633108 backend_query_ts_us=1787576878633115 submit_us=210 transfer_us=3166 manager_to_backend_query_us=7 total_us=3376 [28603,28616][transport_manager.cpp:727,GetStatus]
[2026-08-24 21:07:58.633185][UC][I] [DRAMPOOL_QUEUE_PERF] layer=request_queue request_id=6 opcode=2 peer=127.0.0.1:4507 wait_us=5278 threshold_us=400 [28603,28617][task_worker.cc:81,ProcessOneRequest]
[HIXL_PERF] event=hccl_batch op=1 desc_num=1 hccl_us=68 status=0
[HIXL_PERF] event=issue_hccl_batch op=1 list_num=1 total_us=76
[HIXL_PERF] event=issue_async_host_flag op=1 list_num=1 context_us=0 hccl_issue_us=78 flag_memcpy_us=5 total_us=83
[HIXL_PERF] event=comm_channel_async op=1 list_num=1 mutex_wait_us=0 slot_us=0 host_flag_us=0 record_us=1 issue_us=87 total_us=88
[HIXL_PERF] event=adxl_inner_async op=1 list_num=1 context_us=1 connect_us=0 get_channel_us=1 channel_async_us=92 tail_us=1 total_us=95
[HIXL_PERF] event=comm_engine_async op=1 list_num=1 desc_build_us=0 inner_us=98 total_us=98 status=0
[2026-08-24 21:07:58.633338][UC][I] [HIXL_WORKER_PERF] task_id=265 queue_depth=1 enqueue_lock_wait_us=0 enqueue_us=0 queue_wait_us=6 execute_us=102 result_post_us=9 total_us=117 status=0 [28603,28616][hixl_instance.cpp:107,Run]
[HIXL_PERF] event=hccl_batch op=1 desc_num=108 hccl_us=84 status=0
[HIXL_PERF] event=issue_hccl_batch op=1 list_num=108 total_us=88
[2026-08-24 21:07:58.633347][UC][I] [PERF] component=transport event=transfer_submitted manager=127.0.0.1:8000 target=127.0.0.1:4501 handle=83 transport_handle=83 opcode=1 direct=2 segments=1 bytes=63 submitted_ts_us=1787576878633346 manager_execute_async_ts_us=1787576878633218 backend_execute_async_ts_us=1787576878633226 manager_to_backend_execute_async_us=8 submit_us=127 [28603,28616][transport_manager.cpp:674,ExecuteAsync]
[HIXL_PERF] event=issue_async_host_flag op=1 list_num=108 context_us=0 hccl_issue_us=91 flag_memcpy_us=5 total_us=96
[HIXL_PERF] event=comm_channel_async op=1 list_num=108 mutex_wait_us=1 slot_us=0 host_flag_us=3 record_us=1 issue_us=99 total_us=104
[HIXL_PERF] event=adxl_inner_async op=1 list_num=108 context_us=1 connect_us=0 get_channel_us=0 channel_async_us=106 tail_us=1 total_us=108
[HIXL_PERF] event=comm_engine_async op=1 list_num=108 desc_build_us=1 inner_us=110 total_us=111 status=0
[HIXL_QUERY_PERF] layer=comm_channel request=0x28 mutex_wait_us=0 check_us=0 lookup_us=0 flag_check_us=1 complete_us=2 total_us=3 transfer_elapsed_us=3289 transfer_bytes=7962624 op_desc_count=108 transfer_status=1
[HIXL_QUERY_PERF] layer=adxl_inner request=0x28 context_us=1 req_lock_wait_us=0 lookup_us=1 channel_us=7 cleanup_us=0 total_us=9 status=0 transfer_status=1
[HIXL_QUERY_PERF] layer=comm_engine request=0x28 total_us=12 status=0 transfer_status=1
[2026-08-24 21:07:58.633374][UC][I] [HIXL_WORKER_PERF] task_id=266 queue_depth=1 enqueue_lock_wait_us=1 enqueue_us=0 queue_wait_us=5 execute_us=117 result_post_us=6 total_us=129 status=0 [28603,28617][hixl_instance.cpp:107,Run]
[2026-08-24 21:07:58.633381][UC][I] [PERF] component=transport event=transfer_submitted manager=127.0.0.1:8000 target=127.0.0.1:4507 handle=84 transport_handle=84 opcode=1 direct=2 segments=108 bytes=7962624 submitted_ts_us=1787576878633380 manager_execute_async_ts_us=1787576878633232 backend_execute_async_ts_us=1787576878633251 manager_to_backend_execute_async_us=18 submit_us=137 [28603,28617][transport_manager.cpp:674,ExecuteAsync]
[2026-08-24 21:07:58.633382][UC][I] [HIXL_WORKER_PERF] task_id=267 queue_depth=1 enqueue_lock_wait_us=0 enqueue_us=0 queue_wait_us=6 execute_us=15 result_post_us=5 total_us=26 status=0 [28603,28616][hixl_instance.cpp:107,Run]
[2026-08-24 21:07:58.633394][UC][I] [QUERY_PERF] component=ucm layer=hixl_instance request=0x28 queue_wait_us=6 backend_us=15 run_post_us=18 total_us=39 api_status=0 transfer_status=1 [28603,28616][hixl_instance.cpp:370,GetTransferStatus]
[2026-08-24 21:07:58.633388][UC][I] [DRAMPOOL_QUEUE_PERF] layer=request_queue request_id=3 opcode=2 peer=127.0.0.1:4504 wait_us=5393 threshold_us=400 [28603,28617][task_worker.cc:81,ProcessOneRequest]
[2026-08-24 21:07:58.633401][UC][I] [QUERY_PERF] component=ucm layer=hixl_transport handle=61 request=0x28 lifecycle_lock_us=0 pending_lock_wait_us=0 pending_lookup_us=1 instance_us=44 erase_us=1 total_us=46 transfer_status=1 [28603,28616][hixl_transport.cpp:734,GetStatus]
[2026-08-24 21:07:58.633413][UC][I] [QUERY_PERF] component=ucm layer=transport_manager handle=61 transport_handle=61 transfers_lock_wait_us=0 lookup_us=0 transport_us=58 total_us=58 api_status=0 transfer_status=1 [28603,28616][transport_manager.cpp:716,GetStatus]
[2026-08-24 21:07:58.633420][UC][I] [PERF] component=transport event=transfer_done manager=127.0.0.1:8000 target=127.0.0.1:4501 handle=61 transport_handle=61 opcode=1 direct=2 segments=108 bytes=7962624 status=1 api_status=0 submitted_ts_us=1787576878630223 completed_ts_us=1787576878633419 manager_get_status_ts_us=1787576878633354 backend_query_ts_us=1787576878633361 submit_us=163 transfer_us=3196 manager_to_backend_query_us=7 total_us=3359 [28603,28616][transport_manager.cpp:727,GetStatus]
[HIXL_PERF] event=hccl_batch op=1 desc_num=1 hccl_us=69 status=0
[HIXL_PERF] event=issue_hccl_batch op=1 list_num=1 total_us=75
[HIXL_PERF] event=hccl_batch op=1 desc_num=108 hccl_us=99 status=0
[HIXL_PERF] event=issue_hccl_batch op=1 list_num=108 total_us=106
[HIXL_PERF] event=issue_async_host_flag op=1 list_num=1 context_us=1 hccl_issue_us=77 flag_memcpy_us=6 total_us=84
[HIXL_PERF] event=comm_channel_async op=1 list_num=1 mutex_wait_us=0 slot_us=0 host_flag_us=0 record_us=0 issue_us=89 total_us=89
[HIXL_PERF] event=adxl_inner_async op=1 list_num=1 context_us=1 connect_us=0 get_channel_us=1 channel_async_us=94 tail_us=1 total_us=97
[HIXL_PERF] event=issue_async_host_flag op=1 list_num=108 context_us=0 hccl_issue_us=108 flag_memcpy_us=4 total_us=112
[HIXL_PERF] event=comm_channel_async op=1 list_num=108 mutex_wait_us=0 slot_us=0 host_flag_us=1 record_us=0 issue_us=125 total_us=126
[HIXL_PERF] event=comm_engine_async op=1 list_num=1 desc_build_us=0 inner_us=100 total_us=100 status=0
[HIXL_PERF] event=adxl_inner_async op=1 list_num=108 context_us=1 connect_us=0 get_channel_us=1 channel_async_us=128 tail_us=0 total_us=130
[HIXL_PERF] event=comm_engine_async op=1 list_num=108 desc_build_us=1 inner_us=140 total_us=141 status=0
[2026-08-24 21:07:58.633576][UC][I] [HIXL_WORKER_PERF] task_id=269 queue_depth=1 enqueue_lock_wait_us=0 enqueue_us=0 queue_wait_us=5 execute_us=112 result_post_us=7 total_us=124 status=0 [28603,28616][hixl_instance.cpp:107,Run]
[2026-08-24 21:07:58.633583][UC][I] [HIXL_WORKER_PERF] task_id=268 queue_depth=1 enqueue_lock_wait_us=1 enqueue_us=0 queue_wait_us=5 execute_us=147 result_post_us=5 total_us=158 status=0 [28603,28617][hixl_instance.cpp:107,Run]
[2026-08-24 21:07:58.633584][UC][I] [PERF] component=transport event=transfer_submitted manager=127.0.0.1:8000 target=127.0.0.1:4501 handle=85 transport_handle=85 opcode=1 direct=2 segments=1 bytes=63 submitted_ts_us=1787576878633583 manager_execute_async_ts_us=1787576878633449 backend_execute_async_ts_us=1787576878633456 manager_to_backend_execute_async_us=8 submit_us=133 [28603,28616][transport_manager.cpp:674,ExecuteAsync]
[2026-08-24 21:07:58.633592][UC][I] [PERF] component=transport event=transfer_submitted manager=127.0.0.1:8000 target=127.0.0.1:4504 handle=86 transport_handle=86 opcode=1 direct=2 segments=108 bytes=7962624 submitted_ts_us=1787576878633590 manager_execute_async_ts_us=1787576878633422 backend_execute_async_ts_us=1787576878633431 manager_to_backend_execute_async_us=10 submit_us=168 [28603,28617][transport_manager.cpp:674,ExecuteAsync]
[2026-08-24 21:07:58.633607][UC][I] [DRAMPOOL_QUEUE_PERF] layer=request_queue request_id=4 opcode=2 peer=127.0.0.1:4504 wait_us=5575 threshold_us=400 [28603,28617][task_worker.cc:81,ProcessOneRequest]
[HIXL_QUERY_PERF] layer=comm_channel request=0x2a mutex_wait_us=0 check_us=0 lookup_us=1 flag_check_us=0 complete_us=1 total_us=2 transfer_elapsed_us=3302 transfer_bytes=7962624 op_desc_count=108 transfer_status=1
[HIXL_QUERY_PERF] layer=adxl_inner request=0x2a context_us=1 req_lock_wait_us=0 lookup_us=1 channel_us=6 cleanup_us=1 total_us=9 status=0 transfer_status=1
[HIXL_QUERY_PERF] layer=comm_engine request=0x2a total_us=11 status=0 transfer_status=1
[2026-08-24 21:07:58.633631][UC][I] [HIXL_WORKER_PERF] task_id=270 queue_depth=1 enqueue_lock_wait_us=0 enqueue_us=0 queue_wait_us=6 execute_us=13 result_post_us=5 total_us=24 status=0 [28603,28616][hixl_instance.cpp:107,Run]
[2026-08-24 21:07:58.633638][UC][I] [QUERY_PERF] component=ucm layer=hixl_instance request=0x2a queue_wait_us=6 backend_us=13 run_post_us=13 total_us=32 api_status=0 transfer_status=1 [28603,28616][hixl_instance.cpp:370,GetTransferStatus]
[2026-08-24 21:07:58.633642][UC][I] [QUERY_PERF] component=ucm layer=hixl_transport handle=63 request=0x2a lifecycle_lock_us=0 pending_lock_wait_us=1 pending_lookup_us=0 instance_us=35 erase_us=0 total_us=36 transfer_status=1 [28603,28616][hixl_transport.cpp:734,GetStatus]
[2026-08-24 21:07:58.633646][UC][I] [QUERY_PERF] component=ucm layer=transport_manager handle=63 transport_handle=63 transfers_lock_wait_us=0 lookup_us=0 transport_us=41 total_us=41 api_status=0 transfer_status=1 [28603,28616][transport_manager.cpp:716,GetStatus]
[2026-08-24 21:07:58.633650][UC][I] [PERF] component=transport event=transfer_done manager=127.0.0.1:8000 target=127.0.0.1:4501 handle=63 transport_handle=63 opcode=1 direct=2 segments=108 bytes=7962624 status=1 api_status=0 submitted_ts_us=1787576878630540 completed_ts_us=1787576878633649 manager_get_status_ts_us=1787576878633605 backend_query_ts_us=1787576878633612 submit_us=272 transfer_us=3109 manager_to_backend_query_us=7 total_us=3381 [28603,28616][transport_manager.cpp:727,GetStatus]
[HIXL_PERF] event=hccl_batch op=1 desc_num=108 hccl_us=83 status=0
[HIXL_PERF] event=issue_hccl_batch op=1 list_num=108 total_us=90
[HIXL_PERF] event=issue_async_host_flag op=1 list_num=108 context_us=0 hccl_issue_us=93 flag_memcpy_us=4 total_us=97
[HIXL_PERF] event=comm_channel_async op=1 list_num=108 mutex_wait_us=0 slot_us=1 host_flag_us=0 record_us=0 issue_us=103 total_us=104
[HIXL_PERF] event=adxl_inner_async op=1 list_num=108 context_us=1 connect_us=0 get_channel_us=0 channel_async_us=109 tail_us=0 total_us=110
[HIXL_PERF] event=comm_engine_async op=1 list_num=108 desc_build_us=1 inner_us=114 total_us=115 status=0
[HIXL_PERF] event=hccl_batch op=1 desc_num=1 hccl_us=66 status=0
[HIXL_PERF] event=issue_hccl_batch op=1 list_num=1 total_us=87
[2026-08-24 21:07:58.633781][UC][I] [HIXL_WORKER_PERF] task_id=271 queue_depth=1 enqueue_lock_wait_us=0 enqueue_us=0 queue_wait_us=5 execute_us=120 result_post_us=5 total_us=130 status=0 [28603,28617][hixl_instance.cpp:107,Run]
[HIXL_PERF] event=issue_async_host_flag op=1 list_num=1 context_us=1 hccl_issue_us=89 flag_memcpy_us=5 total_us=95
[2026-08-24 21:07:58.633789][UC][I] [PERF] component=transport event=transfer_submitted manager=127.0.0.1:8000 target=127.0.0.1:4504 handle=87 transport_handle=87 opcode=1 direct=2 segments=108 bytes=7962624 submitted_ts_us=1787576878633788 manager_execute_async_ts_us=1787576878633642 backend_execute_async_ts_us=1787576878633656 manager_to_backend_execute_async_us=14 submit_us=140 [28603,28617][transport_manager.cpp:674,ExecuteAsync]
[HIXL_PERF] event=comm_channel_async op=1 list_num=1 mutex_wait_us=0 slot_us=0 host_flag_us=0 record_us=0 issue_us=101 total_us=101
[2026-08-24 21:07:58.633795][UC][I] [DRAMPOOL_QUEUE_PERF] layer=request_queue request_id=5 opcode=2 peer=127.0.0.1:4504 wait_us=5745 threshold_us=400 [28603,28617][task_worker.cc:81,ProcessOneRequest]
[HIXL_PERF] event=adxl_inner_async op=1 list_num=1 context_us=1 connect_us=0 get_channel_us=1 channel_async_us=108 tail_us=0 total_us=110
[HIXL_PERF] event=comm_engine_async op=1 list_num=1 desc_build_us=0 inner_us=120 total_us=120 status=0
[2026-08-24 21:07:58.633819][UC][I] [HIXL_WORKER_PERF] task_id=272 queue_depth=1 enqueue_lock_wait_us=1 enqueue_us=0 queue_wait_us=5 execute_us=126 result_post_us=6 total_us=138 status=0 [28603,28616][hixl_instance.cpp:107,Run]
[2026-08-24 21:07:58.633828][UC][I] [PERF] component=transport event=transfer_submitted manager=127.0.0.1:8000 target=127.0.0.1:4501 handle=88 transport_handle=88 opcode=1 direct=2 segments=1 bytes=63 submitted_ts_us=1787576878633827 manager_execute_async_ts_us=1787576878633679 backend_execute_async_ts_us=1787576878633686 manager_to_backend_execute_async_us=7 submit_us=147 [28603,28616][transport_manager.cpp:674,ExecuteAsync]
[HIXL_QUERY_PERF] layer=comm_channel request=0x2b mutex_wait_us=0 check_us=0 lookup_us=0 flag_check_us=1 complete_us=1 total_us=2 transfer_elapsed_us=3238 transfer_bytes=7962624 op_desc_count=108 transfer_status=1
[HIXL_QUERY_PERF] layer=adxl_inner request=0x2b context_us=1 req_lock_wait_us=0 lookup_us=1 channel_us=7 cleanup_us=1 total_us=10 status=0 transfer_status=1
[HIXL_QUERY_PERF] layer=comm_engine request=0x2b total_us=12 status=0 transfer_status=1
[2026-08-24 21:07:58.633862][UC][I] [HIXL_WORKER_PERF] task_id=274 queue_depth=1 enqueue_lock_wait_us=0 enqueue_us=0 queue_wait_us=6 execute_us=14 result_post_us=5 total_us=25 status=0 [28603,28616][hixl_instance.cpp:107,Run]
[2026-08-24 21:07:58.633873][UC][I] [QUERY_PERF] component=ucm layer=hixl_instance request=0x2b queue_wait_us=6 backend_us=14 run_post_us=16 total_us=36 api_status=0 transfer_status=1 [28603,28616][hixl_instance.cpp:370,GetTransferStatus]
[2026-08-24 21:07:58.633878][UC][I] [QUERY_PERF] component=ucm layer=hixl_transport handle=65 request=0x2b lifecycle_lock_us=0 pending_lock_wait_us=0 pending_lookup_us=0 instance_us=40 erase_us=0 total_us=40 transfer_status=1 [28603,28616][hixl_transport.cpp:734,GetStatus]
[2026-08-24 21:07:58.633882][UC][I] [QUERY_PERF] component=ucm layer=transport_manager handle=65 transport_handle=65 transfers_lock_wait_us=0 lookup_us=0 transport_us=45 total_us=45 api_status=0 transfer_status=1 [28603,28616][transport_manager.cpp:716,GetStatus]
[2026-08-24 21:07:58.633885][UC][I] [PERF] component=transport event=transfer_done manager=127.0.0.1:8000 target=127.0.0.1:4501 handle=65 transport_handle=65 opcode=1 direct=2 segments=108 bytes=7962624 status=1 api_status=0 submitted_ts_us=1787576878630769 completed_ts_us=1787576878633884 manager_get_status_ts_us=1787576878633836 backend_query_ts_us=1787576878633843 submit_us=175 transfer_us=3115 manager_to_backend_query_us=7 total_us=3290 [28603,28616][transport_manager.cpp:727,GetStatus]
[HIXL_PERF] event=hccl_batch op=1 desc_num=108 hccl_us=81 status=0
[HIXL_PERF] event=issue_hccl_batch op=1 list_num=108 total_us=91
[HIXL_PERF] event=issue_async_host_flag op=1 list_num=108 context_us=1 hccl_issue_us=94 flag_memcpy_us=4 total_us=99
[HIXL_PERF] event=comm_channel_async op=1 list_num=108 mutex_wait_us=0 slot_us=1 host_flag_us=4 record_us=0 issue_us=102 total_us=107
[HIXL_PERF] event=adxl_inner_async op=1 list_num=108 context_us=0 connect_us=1 get_channel_us=0 channel_async_us=108 tail_us=1 total_us=110
[HIXL_PERF] event=comm_engine_async op=1 list_num=108 desc_build_us=1 inner_us=112 total_us=113 status=0
[2026-08-24 21:07:58.633966][UC][I] [HIXL_WORKER_PERF] task_id=273 queue_depth=1 enqueue_lock_wait_us=0 enqueue_us=1 queue_wait_us=5 execute_us=118 result_post_us=6 total_us=130 status=0 [28603,28617][hixl_instance.cpp:107,Run]
[2026-08-24 21:07:58.633973][UC][I] [PERF] component=transport event=transfer_submitted manager=127.0.0.1:8000 target=127.0.0.1:4504 handle=89 transport_handle=89 opcode=1 direct=2 segments=108 bytes=7962624 submitted_ts_us=1787576878633972 manager_execute_async_ts_us=1787576878633833 backend_execute_async_ts_us=1787576878633842 manager_to_backend_execute_async_us=9 submit_us=138 [28603,28617][transport_manager.cpp:674,ExecuteAsync]
[2026-08-24 21:07:58.633979][UC][I] [DRAMPOOL_QUEUE_PERF] layer=request_queue request_id=6 opcode=2 peer=127.0.0.1:4504 wait_us=5925 threshold_us=400 [28603,28617][task_worker.cc:81,ProcessOneRequest]
[HIXL_PERF] event=hccl_batch op=1 desc_num=1 hccl_us=66 status=0
[HIXL_PERF] event=issue_hccl_batch op=1 list_num=1 total_us=72
[HIXL_PERF] event=issue_async_host_flag op=1 list_num=1 context_us=1 hccl_issue_us=74 flag_memcpy_us=5 total_us=80
[HIXL_PERF] event=comm_channel_async op=1 list_num=1 mutex_wait_us=0 slot_us=0 host_flag_us=0 record_us=0 issue_us=83 total_us=83
[HIXL_PERF] event=adxl_inner_async op=1 list_num=1 context_us=1 connect_us=0 get_channel_us=1 channel_async_us=84 tail_us=1 total_us=87
[HIXL_PERF] event=comm_engine_async op=1 list_num=1 desc_build_us=0 inner_us=89 total_us=89 status=0
[2026-08-24 21:07:58.634020][UC][I] [HIXL_WORKER_PERF] task_id=275 queue_depth=1 enqueue_lock_wait_us=0 enqueue_us=0 queue_wait_us=6 execute_us=94 result_post_us=7 total_us=107 status=0 [28603,28616][hixl_instance.cpp:107,Run]
[2026-08-24 21:07:58.634031][UC][I] [PERF] component=transport event=transfer_submitted manager=127.0.0.1:8000 target=127.0.0.1:4501 handle=90 transport_handle=90 opcode=1 direct=2 segments=1 bytes=63 submitted_ts_us=1787576878634030 manager_execute_async_ts_us=1787576878633912 backend_execute_async_ts_us=1787576878633919 manager_to_backend_execute_async_us=7 submit_us=118 [28603,28616][transport_manager.cpp:674,ExecuteAsync]
[HIXL_PERF] event=hccl_batch op=1 desc_num=108 hccl_us=91 status=0
[HIXL_PERF] event=issue_hccl_batch op=1 list_num=108 total_us=97
[HIXL_PERF] event=issue_async_host_flag op=1 list_num=108 context_us=0 hccl_issue_us=99 flag_memcpy_us=4 total_us=103
[HIXL_PERF] event=comm_channel_async op=1 list_num=108 mutex_wait_us=0 slot_us=1 host_flag_us=4 record_us=0 issue_us=106 total_us=111
[HIXL_PERF] event=adxl_inner_async op=1 list_num=108 context_us=0 connect_us=0 get_channel_us=1 channel_async_us=113 tail_us=0 total_us=114
[HIXL_PERF] event=comm_engine_async op=1 list_num=108 desc_build_us=1 inner_us=117 total_us=118 status=0
[2026-08-24 21:07:58.634157][UC][I] [HIXL_WORKER_PERF] task_id=276 queue_depth=1 enqueue_lock_wait_us=0 enqueue_us=0 queue_wait_us=5 execute_us=124 result_post_us=6 total_us=135 status=0 [28603,28617][hixl_instance.cpp:107,Run]
[HIXL_QUERY_PERF] layer=comm_channel request=0x18 mutex_wait_us=1 check_us=0 lookup_us=0 flag_check_us=1 complete_us=1 total_us=3 transfer_elapsed_us=3278 transfer_bytes=7962624 op_desc_count=108 transfer_status=1
[2026-08-24 21:07:58.634165][UC][I] [PERF] component=transport event=transfer_submitted manager=127.0.0.1:8000 target=127.0.0.1:4504 handle=91 transport_handle=91 opcode=1 direct=2 segments=108 bytes=7962624 submitted_ts_us=1787576878634164 manager_execute_async_ts_us=1787576878634014 backend_execute_async_ts_us=1787576878634029 manager_to_backend_execute_async_us=15 submit_us=144 [28603,28617][transport_manager.cpp:674,ExecuteAsync]
[HIXL_QUERY_PERF] layer=adxl_inner request=0x18 context_us=1 req_lock_wait_us=0 lookup_us=0 channel_us=11 cleanup_us=0 total_us=12 status=0 transfer_status=1
[HIXL_QUERY_PERF] layer=comm_engine request=0x18 total_us=18 status=0 transfer_status=1
[2026-08-24 21:07:58.634181][UC][I] [HIXL_WORKER_PERF] task_id=277 queue_depth=1 enqueue_lock_wait_us=0 enqueue_us=1 queue_wait_us=115 execute_us=21 result_post_us=5 total_us=142 status=0 [28603,28616][hixl_instance.cpp:107,Run]
[2026-08-24 21:07:58.634188][UC][I] [QUERY_PERF] component=ucm layer=hixl_instance request=0x18 queue_wait_us=117 backend_us=20 run_post_us=13 total_us=150 api_status=0 transfer_status=1 [28603,28616][hixl_instance.cpp:370,GetTransferStatus]
[2026-08-24 21:07:58.634192][UC][I] [QUERY_PERF] component=ucm layer=hixl_transport handle=67 request=0x18 lifecycle_lock_us=0 pending_lock_wait_us=0 pending_lookup_us=0 instance_us=153 erase_us=0 total_us=153 transfer_status=1 [28603,28616][hixl_transport.cpp:734,GetStatus]
[2026-08-24 21:07:58.634199][UC][I] [QUERY_PERF] component=ucm layer=transport_manager handle=67 transport_handle=67 transfers_lock_wait_us=0 lookup_us=0 transport_us=162 total_us=162 api_status=0 transfer_status=1 [28603,28616][transport_manager.cpp:716,GetStatus]
[2026-08-24 21:07:58.634203][UC][I] [PERF] component=transport event=transfer_done manager=127.0.0.1:8000 target=127.0.0.1:4502 handle=67 transport_handle=67 opcode=1 direct=2 segments=108 bytes=7962624 status=1 api_status=0 submitted_ts_us=1787576878631038 completed_ts_us=1787576878634202 manager_get_status_ts_us=1787576878634037 backend_query_ts_us=1787576878634155 submit_us=220 transfer_us=3164 manager_to_backend_query_us=118 total_us=3384 [28603,28616][transport_manager.cpp:727,GetStatus]
[HIXL_PERF] event=hccl_batch op=1 desc_num=1 hccl_us=56 status=0
[HIXL_PERF] event=issue_hccl_batch op=1 list_num=1 total_us=61
[HIXL_PERF] event=issue_async_host_flag op=1 list_num=1 context_us=0 hccl_issue_us=63 flag_memcpy_us=4 total_us=67
[HIXL_PERF] event=comm_channel_async op=1 list_num=1 mutex_wait_us=0 slot_us=1 host_flag_us=0 record_us=0 issue_us=73 total_us=74
[HIXL_PERF] event=adxl_inner_async op=1 list_num=1 context_us=1 connect_us=0 get_channel_us=0 channel_async_us=77 tail_us=0 total_us=78
[HIXL_PERF] event=comm_engine_async op=1 list_num=1 desc_build_us=0 inner_us=80 total_us=80 status=0
[2026-08-24 21:07:58.634330][UC][I] [HIXL_WORKER_PERF] task_id=278 queue_depth=1 enqueue_lock_wait_us=0 enqueue_us=0 queue_wait_us=6 execute_us=85 result_post_us=5 total_us=96 status=0 [28603,28616][hixl_instance.cpp:107,Run]
[2026-08-24 21:07:58.634336][UC][I] [PERF] component=transport event=transfer_submitted manager=127.0.0.1:8000 target=127.0.0.1:4502 handle=92 transport_handle=92 opcode=1 direct=2 segments=1 bytes=63 submitted_ts_us=1787576878634335 manager_execute_async_ts_us=1787576878634231 backend_execute_async_ts_us=1787576878634239 manager_to_backend_execute_async_us=8 submit_us=103 [28603,28616][transport_manager.cpp:674,ExecuteAsync]
[HIXL_QUERY_PERF] layer=comm_channel request=0x19 mutex_wait_us=0 check_us=0 lookup_us=0 flag_check_us=0 complete_us=1 total_us=1 transfer_elapsed_us=3250 transfer_bytes=7962624 op_desc_count=108 transfer_status=1
[HIXL_QUERY_PERF] layer=adxl_inner request=0x19 context_us=1 req_lock_wait_us=0 lookup_us=1 channel_us=5 cleanup_us=1 total_us=8 status=0 transfer_status=1
[HIXL_QUERY_PERF] layer=comm_engine request=0x19 total_us=11 status=0 transfer_status=1
[2026-08-24 21:07:58.634363][UC][I] [HIXL_WORKER_PERF] task_id=279 queue_depth=1 enqueue_lock_wait_us=1 enqueue_us=0 queue_wait_us=5 execute_us=12 result_post_us=4 total_us=22 status=0 [28603,28616][hixl_instance.cpp:107,Run]
[2026-08-24 21:07:58.634368][UC][I] [QUERY_PERF] component=ucm layer=hixl_instance request=0x19 queue_wait_us=6 backend_us=12 run_post_us=9 total_us=27 api_status=0 transfer_status=1 [28603,28616][hixl_instance.cpp:370,GetTransferStatus]
[2026-08-24 21:07:58.634372][UC][I] [QUERY_PERF] component=ucm layer=hixl_transport handle=68 request=0x19 lifecycle_lock_us=0 pending_lock_wait_us=0 pending_lookup_us=0 instance_us=31 erase_us=0 total_us=31 transfer_status=1 [28603,28616][hixl_transport.cpp:734,GetStatus]
[2026-08-24 21:07:58.634375][UC][I] [QUERY_PERF] component=ucm layer=transport_manager handle=68 transport_handle=68 transfers_lock_wait_us=0 lookup_us=0 transport_us=34 total_us=34 api_status=0 transfer_status=1 [28603,28616][transport_manager.cpp:716,GetStatus]
[2026-08-24 21:07:58.634378][UC][I] [PERF] component=transport event=transfer_done manager=127.0.0.1:8000 target=127.0.0.1:4502 handle=68 transport_handle=68 opcode=1 direct=2 segments=108 bytes=7962624 status=1 api_status=0 submitted_ts_us=1787576878631221 completed_ts_us=1787576878634377 manager_get_status_ts_us=1787576878634339 backend_query_ts_us=1787576878634346 submit_us=137 transfer_us=3155 manager_to_backend_query_us=6 total_us=3292 [28603,28616][transport_manager.cpp:727,GetStatus]
[HIXL_PERF] event=hccl_batch op=1 desc_num=1 hccl_us=54 status=0
[HIXL_PERF] event=issue_hccl_batch op=1 list_num=1 total_us=58
[HIXL_PERF] event=issue_async_host_flag op=1 list_num=1 context_us=1 hccl_issue_us=60 flag_memcpy_us=5 total_us=66
[HIXL_PERF] event=comm_channel_async op=1 list_num=1 mutex_wait_us=0 slot_us=0 host_flag_us=0 record_us=0 issue_us=68 total_us=68
[HIXL_PERF] event=adxl_inner_async op=1 list_num=1 context_us=0 connect_us=0 get_channel_us=1 channel_async_us=70 tail_us=0 total_us=71
[HIXL_PERF] event=comm_engine_async op=1 list_num=1 desc_build_us=0 inner_us=73 total_us=73 status=0
[2026-08-24 21:07:58.634482][UC][I] [HIXL_WORKER_PERF] task_id=280 queue_depth=1 enqueue_lock_wait_us=0 enqueue_us=0 queue_wait_us=6 execute_us=78 result_post_us=5 total_us=89 status=0 [28603,28616][hixl_instance.cpp:107,Run]
[2026-08-24 21:07:58.634488][UC][I] [PERF] component=transport event=transfer_submitted manager=127.0.0.1:8000 target=127.0.0.1:4502 handle=93 transport_handle=93 opcode=1 direct=2 segments=1 bytes=63 submitted_ts_us=1787576878634487 manager_execute_async_ts_us=1787576878634392 backend_execute_async_ts_us=1787576878634399 manager_to_backend_execute_async_us=7 submit_us=96 [28603,28616][transport_manager.cpp:674,ExecuteAsync]
[2026-08-24 21:07:58.634495][UC][I] [DRAMPOOL_QUEUE_PERF] layer=poller_queue request_id=5 opcode=2 peer=127.0.0.1:4502 wait_us=3007 pending_size=10 pending_depth=64 threshold_us=400 [28603,28616][completion_poller.cc:134,FillPendingWindow]
[2026-08-24 21:07:58.634499][UC][I] [DRAMPOOL_QUEUE_PERF] layer=poller_queue request_id=6 opcode=2 peer=127.0.0.1:4502 wait_us=2831 pending_size=11 pending_depth=64 threshold_us=400 [28603,28616][completion_poller.cc:134,FillPendingWindow]
[2026-08-24 21:07:58.634505][UC][I] [DRAMPOOL_QUEUE_PERF] layer=poller_queue request_id=3 opcode=2 peer=127.0.0.1:4508 wait_us=2562 pending_size=12 pending_depth=64 threshold_us=400 [28603,28616][completion_poller.cc:134,FillPendingWindow]
[2026-08-24 21:07:58.634508][UC][I] [DRAMPOOL_QUEUE_PERF] layer=poller_queue request_id=4 opcode=2 peer=127.0.0.1:4508 wait_us=2372 pending_size=13 pending_depth=64 threshold_us=400 [28603,28616][completion_poller.cc:134,FillPendingWindow]
[2026-08-24 21:07:58.634512][UC][I] [DRAMPOOL_QUEUE_PERF] layer=poller_queue request_id=5 opcode=2 peer=127.0.0.1:4508 wait_us=2128 pending_size=14 pending_depth=64 threshold_us=400 [28603,28616][completion_poller.cc:134,FillPendingWindow]
[2026-08-24 21:07:58.634515][UC][I] [DRAMPOOL_QUEUE_PERF] layer=poller_queue request_id=6 opcode=2 peer=127.0.0.1:4508 wait_us=1932 pending_size=15 pending_depth=64 threshold_us=400 [28603,28616][completion_poller.cc:134,FillPendingWindow]
[2026-08-24 21:07:58.634518][UC][I] [DRAMPOOL_QUEUE_PERF] layer=poller_queue request_id=3 opcode=2 peer=127.0.0.1:4507 wait_us=1747 pending_size=16 pending_depth=64 threshold_us=400 [28603,28616][completion_poller.cc:134,FillPendingWindow]
[2026-08-24 21:07:58.634521][UC][I] [DRAMPOOL_QUEUE_PERF] layer=poller_queue request_id=4 opcode=2 peer=127.0.0.1:4507 wait_us=1548 pending_size=17 pending_depth=64 threshold_us=400 [28603,28616][completion_poller.cc:134,FillPendingWindow]
[2026-08-24 21:07:58.634524][UC][I] [DRAMPOOL_QUEUE_PERF] layer=poller_queue request_id=5 opcode=2 peer=127.0.0.1:4507 wait_us=1341 pending_size=18 pending_depth=64 threshold_us=400 [28603,28616][completion_poller.cc:134,FillPendingWindow]
[2026-08-24 21:07:58.634527][UC][I] [DRAMPOOL_QUEUE_PERF] layer=poller_queue request_id=6 opcode=2 peer=127.0.0.1:4507 wait_us=1140 pending_size=19 pending_depth=64 threshold_us=400 [28603,28616][completion_poller.cc:134,FillPendingWindow]
[2026-08-24 21:07:58.634531][UC][I] [DRAMPOOL_QUEUE_PERF] layer=poller_queue request_id=3 opcode=2 peer=127.0.0.1:4504 wait_us=924 pending_size=20 pending_depth=64 threshold_us=400 [28603,28616][completion_poller.cc:134,FillPendingWindow]
[2026-08-24 21:07:58.634534][UC][I] [DRAMPOOL_QUEUE_PERF] layer=poller_queue request_id=4 opcode=2 peer=127.0.0.1:4504 wait_us=739 pending_size=21 pending_depth=64 threshold_us=400 [28603,28616][completion_poller.cc:134,FillPendingWindow]
[2026-08-24 21:07:58.634537][UC][I] [DRAMPOOL_QUEUE_PERF] layer=poller_queue request_id=5 opcode=2 peer=127.0.0.1:4504 wait_us=560 pending_size=22 pending_depth=64 threshold_us=400 [28603,28616][completion_poller.cc:134,FillPendingWindow]
[HIXL_QUERY_PERF] layer=comm_channel request=0x2e mutex_wait_us=0 check_us=0 lookup_us=0 flag_check_us=1 complete_us=1 total_us=2 transfer_elapsed_us=2427 transfer_bytes=63 op_desc_count=1 transfer_status=1
[HIXL_QUERY_PERF] layer=adxl_inner request=0x2e context_us=1 req_lock_wait_us=0 lookup_us=1 channel_us=8 cleanup_us=0 total_us=10 status=0 transfer_status=1
[HIXL_QUERY_PERF] layer=comm_engine request=0x2e total_us=15 status=0 transfer_status=1
[2026-08-24 21:07:58.634571][UC][I] [HIXL_WORKER_PERF] task_id=281 queue_depth=1 enqueue_lock_wait_us=0 enqueue_us=0 queue_wait_us=6 execute_us=19 result_post_us=5 total_us=30 status=0 [28603,28616][hixl_instance.cpp:107,Run]
[2026-08-24 21:07:58.634576][UC][I] [QUERY_PERF] component=ucm layer=hixl_instance request=0x2e queue_wait_us=6 backend_us=19 run_post_us=10 total_us=35 api_status=0 transfer_status=1 [28603,28616][hixl_instance.cpp:370,GetTransferStatus]
[2026-08-24 21:07:58.634582][UC][I] [QUERY_PERF] component=ucm layer=hixl_transport handle=74 request=0x2e lifecycle_lock_us=0 pending_lock_wait_us=0 pending_lookup_us=0 instance_us=40 erase_us=0 total_us=40 transfer_status=1 [28603,28616][hixl_transport.cpp:734,GetStatus]
[2026-08-24 21:07:58.634585][UC][I] [QUERY_PERF] component=ucm layer=transport_manager handle=74 transport_handle=74 transfers_lock_wait_us=0 lookup_us=0 transport_us=45 total_us=45 api_status=0 transfer_status=1 [28603,28616][transport_manager.cpp:716,GetStatus]
[2026-08-24 21:07:58.634588][UC][I] [PERF] component=transport event=transfer_done manager=127.0.0.1:8000 target=127.0.0.1:4506 handle=74 transport_handle=74 opcode=1 direct=2 segments=1 bytes=63 status=1 api_status=0 submitted_ts_us=1787576878632233 completed_ts_us=1787576878634587 manager_get_status_ts_us=1787576878634540 backend_query_ts_us=1787576878634547 submit_us=217 transfer_us=2354 manager_to_backend_query_us=7 total_us=2571 [28603,28616][transport_manager.cpp:727,GetStatus]
[2026-08-24 21:07:58.634602][UC][I] [PERF] component=drampool event=request_done request_id=3 opcode=2 peer=127.0.0.1:4506 batch_size=108 data_bytes=7962624 failed_items=0 status=SUCCESS failed_stage=NONE received_ts_us=1787576878627664 worker_started_ts_us=1787576878628917 data_transfer_submitted_ts_us=1787576878629174 data_transfer_completed_ts_us=1787576878631976 response_submitted_ts_us=1787576878632252 completed_ts_us=1787576878634594 data_tm_execute_async_ts_us=1787576878628956 data_hixl_execute_async_ts_us=1787576878628965 data_tm_get_status_ts_us=1787576878631853 data_hixl_query_handle_ts_us=1787576878631919 response_tm_execute_async_ts_us=1787576878632014 response_hixl_execute_async_ts_us=1787576878632121 response_tm_get_status_ts_us=1787576878634540 response_hixl_query_handle_ts_us=1787576878634547 request_queue_us=1253 metadata_prepare_us=34 taskworker_prepare_us=258 poller_queue_us=2140 data_transfer_us=2803 metadata_settle_us=34 response_slot_wait_us=2 response_submit_us=239 response_transfer_us=2342 data_tm_to_hixl_execute_async_us=10 data_tm_to_hixl_query_handle_us=67 response_tm_to_hixl_execute_async_us=107 response_tm_to_hixl_query_handle_us=7 total_us=6931 [28603,28616][completion_poller.cc:56,LogRequestDone]
[HIXL_QUERY_PERF] layer=comm_channel request=0x31 mutex_wait_us=0 check_us=0 lookup_us=0 flag_check_us=1 complete_us=1 total_us=2 transfer_elapsed_us=2047 transfer_bytes=63 op_desc_count=1 transfer_status=1
[HIXL_QUERY_PERF] layer=adxl_inner request=0x31 context_us=0 req_lock_wait_us=0 lookup_us=1 channel_us=5 cleanup_us=0 total_us=6 status=0 transfer_status=1
[HIXL_QUERY_PERF] layer=comm_engine request=0x31 total_us=9 status=0 transfer_status=1
[2026-08-24 21:07:58.634633][UC][I] [HIXL_WORKER_PERF] task_id=282 queue_depth=1 enqueue_lock_wait_us=1 enqueue_us=0 queue_wait_us=5 execute_us=12 result_post_us=5 total_us=23 status=0 [28603,28616][hixl_instance.cpp:107,Run]
[2026-08-24 21:07:58.634637][UC][I] [QUERY_PERF] component=ucm layer=hixl_instance request=0x31 queue_wait_us=6 backend_us=12 run_post_us=10 total_us=28 api_status=0 transfer_status=1 [28603,28616][hixl_instance.cpp:370,GetTransferStatus]
[2026-08-24 21:07:58.634642][UC][I] [QUERY_PERF] component=ucm layer=hixl_transport handle=77 request=0x31 lifecycle_lock_us=0 pending_lock_wait_us=0 pending_lookup_us=0 instance_us=32 erase_us=0 total_us=32 transfer_status=1 [28603,28616][hixl_transport.cpp:734,GetStatus]
[2026-08-24 21:07:58.634645][UC][I] [QUERY_PERF] component=ucm layer=transport_manager handle=77 transport_handle=77 transfers_lock_wait_us=0 lookup_us=0 transport_us=35 total_us=35 api_status=0 transfer_status=1 [28603,28616][transport_manager.cpp:716,GetStatus]
[2026-08-24 21:07:58.634648][UC][I] [PERF] component=transport event=transfer_done manager=127.0.0.1:8000 target=127.0.0.1:4506 handle=77 transport_handle=77 opcode=1 direct=2 segments=1 bytes=63 status=1 api_status=0 submitted_ts_us=1787576878632671 completed_ts_us=1787576878634647 manager_get_status_ts_us=1787576878634609 backend_query_ts_us=1787576878634615 submit_us=209 transfer_us=1976 manager_to_backend_query_us=6 total_us=2185 [28603,28616][transport_manager.cpp:727,GetStatus]
[2026-08-24 21:07:58.634656][UC][I] [PERF] component=drampool event=request_done request_id=4 opcode=2 peer=127.0.0.1:4506 batch_size=108 data_bytes=7962624 failed_items=0 status=SUCCESS failed_stage=NONE received_ts_us=1787576878627666 worker_started_ts_us=1787576878629176 data_transfer_submitted_ts_us=1787576878629361 data_transfer_completed_ts_us=1787576878632424 response_submitted_ts_us=1787576878632681 completed_ts_us=1787576878634654 data_tm_execute_async_ts_us=1787576878629193 data_hixl_execute_async_ts_us=1787576878629204 data_tm_get_status_ts_us=1787576878632253 data_hixl_query_handle_ts_us=1787576878632366 response_tm_execute_async_ts_us=1787576878632460 response_hixl_execute_async_ts_us=1787576878632568 response_tm_get_status_ts_us=1787576878634609 response_hixl_query_handle_ts_us=1787576878634615 request_queue_us=1510 metadata_prepare_us=13 taskworker_prepare_us=186 poller_queue_us=1957 data_transfer_us=3063 metadata_settle_us=33 response_slot_wait_us=1 response_submit_us=223 response_transfer_us=1972 data_tm_to_hixl_execute_async_us=12 data_tm_to_hixl_query_handle_us=113 response_tm_to_hixl_execute_async_us=108 response_tm_to_hixl_query_handle_us=6 total_us=6988 [28603,28616][completion_poller.cc:56,LogRequestDone]
[HIXL_QUERY_PERF] layer=comm_channel request=0x32 mutex_wait_us=1 check_us=0 lookup_us=0 flag_check_us=0 complete_us=1 total_us=2 transfer_elapsed_us=1893 transfer_bytes=63 op_desc_count=1 transfer_status=1
[HIXL_QUERY_PERF] layer=adxl_inner request=0x32 context_us=1 req_lock_wait_us=0 lookup_us=0 channel_us=5 cleanup_us=0 total_us=6 status=0 transfer_status=1
[HIXL_QUERY_PERF] layer=comm_engine request=0x32 total_us=9 status=0 transfer_status=1
[2026-08-24 21:07:58.634685][UC][I] [HIXL_WORKER_PERF] task_id=283 queue_depth=1 enqueue_lock_wait_us=0 enqueue_us=0 queue_wait_us=5 execute_us=11 result_post_us=4 total_us=20 status=0 [28603,28616][hixl_instance.cpp:107,Run]
[2026-08-24 21:07:58.634690][UC][I] [QUERY_PERF] component=ucm layer=hixl_instance request=0x32 queue_wait_us=6 backend_us=11 run_post_us=9 total_us=26 api_status=0 transfer_status=1 [28603,28616][hixl_instance.cpp:370,GetTransferStatus]
[2026-08-24 21:07:58.634693][UC][I] [QUERY_PERF] component=ucm layer=hixl_transport handle=79 request=0x32 lifecycle_lock_us=0 pending_lock_wait_us=0 pending_lookup_us=0 instance_us=30 erase_us=0 total_us=30 transfer_status=1 [28603,28616][hixl_transport.cpp:734,GetStatus]
[2026-08-24 21:07:58.634697][UC][I] [QUERY_PERF] component=ucm layer=transport_manager handle=79 transport_handle=79 transfers_lock_wait_us=0 lookup_us=0 transport_us=33 total_us=33 api_status=0 transfer_status=1 [28603,28616][transport_manager.cpp:716,GetStatus]
[2026-08-24 21:07:58.634700][UC][I] [PERF] component=transport event=transfer_done manager=127.0.0.1:8000 target=127.0.0.1:4506 handle=79 transport_handle=79 opcode=1 direct=2 segments=1 bytes=63 status=1 api_status=0 submitted_ts_us=1787576878632889 completed_ts_us=1787576878634699 manager_get_status_ts_us=1787576878634663 backend_query_ts_us=1787576878634669 submit_us=122 transfer_us=1809 manager_to_backend_query_us=6 total_us=1931 [28603,28616][transport_manager.cpp:727,GetStatus]
[2026-08-24 21:07:58.634705][UC][I] [PERF] component=drampool event=request_done request_id=5 opcode=2 peer=127.0.0.1:4506 batch_size=108 data_bytes=7962624 failed_items=0 status=SUCCESS failed_stage=NONE received_ts_us=1787576878627667 worker_started_ts_us=1787576878629363 data_transfer_submitted_ts_us=1787576878629560 data_transfer_completed_ts_us=1787576878632742 response_submitted_ts_us=1787576878632897 completed_ts_us=1787576878634704 data_tm_execute_async_ts_us=1787576878629380 data_hixl_execute_async_ts_us=1787576878629391 data_tm_get_status_ts_us=1787576878632682 data_hixl_query_handle_ts_us=1787576878632689 response_tm_execute_async_ts_us=1787576878632767 response_hixl_execute_async_ts_us=1787576878632775 response_tm_get_status_ts_us=1787576878634663 response_hixl_query_handle_ts_us=1787576878634669 request_queue_us=1695 metadata_prepare_us=12 taskworker_prepare_us=198 poller_queue_us=1764 data_transfer_us=3182 metadata_settle_us=22 response_slot_wait_us=1 response_submit_us=132 response_transfer_us=1806 data_tm_to_hixl_execute_async_us=10 data_tm_to_hixl_query_handle_us=7 response_tm_to_hixl_execute_async_us=8 response_tm_to_hixl_query_handle_us=6 total_us=7036 [28603,28616][completion_poller.cc:56,LogRequestDone]
[HIXL_QUERY_PERF] layer=comm_channel request=0x33 mutex_wait_us=0 check_us=0 lookup_us=1 flag_check_us=0 complete_us=1 total_us=2 transfer_elapsed_us=1727 transfer_bytes=63 op_desc_count=1 transfer_status=1
[HIXL_QUERY_PERF] layer=adxl_inner request=0x33 context_us=1 req_lock_wait_us=0 lookup_us=0 channel_us=6 cleanup_us=0 total_us=7 status=0 transfer_status=1
[HIXL_QUERY_PERF] layer=comm_engine request=0x33 total_us=10 status=0 transfer_status=1
[2026-08-24 21:07:58.634734][UC][I] [HIXL_WORKER_PERF] task_id=284 queue_depth=1 enqueue_lock_wait_us=0 enqueue_us=0 queue_wait_us=5 execute_us=12 result_post_us=5 total_us=22 status=0 [28603,28616][hixl_instance.cpp:107,Run]
[2026-08-24 21:07:58.634741][UC][I] [QUERY_PERF] component=ucm layer=hixl_instance request=0x33 queue_wait_us=5 backend_us=12 run_post_us=11 total_us=28 api_status=0 transfer_status=1 [28603,28616][hixl_instance.cpp:370,GetTransferStatus]
[2026-08-24 21:07:58.634745][UC][I] [QUERY_PERF] component=ucm layer=hixl_transport handle=81 request=0x33 lifecycle_lock_us=0 pending_lock_wait_us=0 pending_lookup_us=1 instance_us=32 erase_us=0 total_us=33 transfer_status=1 [28603,28616][hixl_transport.cpp:734,GetStatus]
[2026-08-24 21:07:58.634748][UC][I] [QUERY_PERF] component=ucm layer=transport_manager handle=81 transport_handle=81 transfers_lock_wait_us=0 lookup_us=0 transport_us=37 total_us=37 api_status=0 transfer_status=1 [28603,28616][transport_manager.cpp:716,GetStatus]
[2026-08-24 21:07:58.634752][UC][I] [PERF] component=transport event=transfer_done manager=127.0.0.1:8000 target=127.0.0.1:4506 handle=81 transport_handle=81 opcode=1 direct=2 segments=1 bytes=63 status=1 api_status=0 submitted_ts_us=1787576878633103 completed_ts_us=1787576878634751 manager_get_status_ts_us=1787576878634711 backend_query_ts_us=1787576878634717 submit_us=122 transfer_us=1648 manager_to_backend_query_us=6 total_us=1770 [28603,28616][transport_manager.cpp:727,GetStatus]
[2026-08-24 21:07:58.634759][UC][I] [PERF] component=drampool event=request_done request_id=6 opcode=2 peer=127.0.0.1:4506 batch_size=108 data_bytes=7962624 failed_items=0 status=SUCCESS failed_stage=NONE received_ts_us=1787576878627669 worker_started_ts_us=1787576878629562 data_transfer_submitted_ts_us=1787576878629761 data_transfer_completed_ts_us=1787576878632956 response_submitted_ts_us=1787576878633107 completed_ts_us=1787576878634758 data_tm_execute_async_ts_us=1787576878629581 data_hixl_execute_async_ts_us=1787576878629591 data_tm_get_status_ts_us=1787576878632898 data_hixl_query_handle_ts_us=1787576878632905 response_tm_execute_async_ts_us=1787576878632980 response_hixl_execute_async_ts_us=1787576878632988 response_tm_get_status_ts_us=1787576878634711 response_hixl_query_handle_ts_us=1787576878634717 request_queue_us=1893 metadata_prepare_us=11 taskworker_prepare_us=200 poller_queue_us=1567 data_transfer_us=3195 metadata_settle_us=22 response_slot_wait_us=1 response_submit_us=129 response_transfer_us=1649 data_tm_to_hixl_execute_async_us=10 data_tm_to_hixl_query_handle_us=7 response_tm_to_hixl_execute_async_us=8 response_tm_to_hixl_query_handle_us=6 total_us=7089 [28603,28616][completion_poller.cc:56,LogRequestDone]
[HIXL_QUERY_PERF] layer=comm_channel request=0x34 mutex_wait_us=0 check_us=0 lookup_us=0 flag_check_us=0 complete_us=1 total_us=1 transfer_elapsed_us=1542 transfer_bytes=63 op_desc_count=1 transfer_status=1
[HIXL_QUERY_PERF] layer=adxl_inner request=0x34 context_us=1 req_lock_wait_us=0 lookup_us=1 channel_us=4 cleanup_us=1 total_us=7 status=0 transfer_status=1
[HIXL_QUERY_PERF] layer=comm_engine request=0x34 total_us=11 status=0 transfer_status=1
[2026-08-24 21:07:58.634788][UC][I] [HIXL_WORKER_PERF] task_id=285 queue_depth=1 enqueue_lock_wait_us=0 enqueue_us=0 queue_wait_us=5 execute_us=13 result_post_us=5 total_us=23 status=0 [28603,28616][hixl_instance.cpp:107,Run]
[2026-08-24 21:07:58.634792][UC][I] [QUERY_PERF] component=ucm layer=hixl_instance request=0x34 queue_wait_us=5 backend_us=13 run_post_us=10 total_us=28 api_status=0 transfer_status=1 [28603,28616][hixl_instance.cpp:370,GetTransferStatus]
[2026-08-24 21:07:58.634796][UC][I] [QUERY_PERF] component=ucm layer=hixl_transport handle=83 request=0x34 lifecycle_lock_us=0 pending_lock_wait_us=0 pending_lookup_us=0 instance_us=31 erase_us=0 total_us=31 transfer_status=1 [28603,28616][hixl_transport.cpp:734,GetStatus]
[2026-08-24 21:07:58.634799][UC][I] [QUERY_PERF] component=ucm layer=transport_manager handle=83 transport_handle=83 transfers_lock_wait_us=0 lookup_us=1 transport_us=35 total_us=36 api_status=0 transfer_status=1 [28603,28616][transport_manager.cpp:716,GetStatus]
[2026-08-24 21:07:58.634802][UC][I] [PERF] component=transport event=transfer_done manager=127.0.0.1:8000 target=127.0.0.1:4501 handle=83 transport_handle=83 opcode=1 direct=2 segments=1 bytes=63 status=1 api_status=0 submitted_ts_us=1787576878633346 completed_ts_us=1787576878634801 manager_get_status_ts_us=1787576878634763 backend_query_ts_us=1787576878634769 submit_us=127 transfer_us=1455 manager_to_backend_query_us=6 total_us=1582 [28603,28616][transport_manager.cpp:727,GetStatus]
[2026-08-24 21:07:58.634807][UC][I] [PERF] component=drampool event=request_done request_id=5 opcode=2 peer=127.0.0.1:4501 batch_size=108 data_bytes=7962624 failed_items=0 status=SUCCESS failed_stage=NONE received_ts_us=1787576878627775 worker_started_ts_us=1787576878629763 data_transfer_submitted_ts_us=1787576878630028 data_transfer_completed_ts_us=1787576878633194 response_submitted_ts_us=1787576878633353 completed_ts_us=1787576878634805 data_tm_execute_async_ts_us=1787576878629799 data_hixl_execute_async_ts_us=1787576878629845 data_tm_get_status_ts_us=1787576878633108 data_hixl_query_handle_ts_us=1787576878633115 response_tm_execute_async_ts_us=1787576878633218 response_hixl_execute_async_ts_us=1787576878633226 response_tm_get_status_ts_us=1787576878634763 response_hixl_query_handle_ts_us=1787576878634769 request_queue_us=1987 metadata_prepare_us=32 taskworker_prepare_us=267 poller_queue_us=1303 data_transfer_us=3165 metadata_settle_us=22 response_slot_wait_us=1 response_submit_us=136 response_transfer_us=1452 data_tm_to_hixl_execute_async_us=46 data_tm_to_hixl_query_handle_us=7 response_tm_to_hixl_execute_async_us=8 response_tm_to_hixl_query_handle_us=6 total_us=7029 [28603,28616][completion_poller.cc:56,LogRequestDone]
[HIXL_QUERY_PERF] layer=comm_channel request=0x35 mutex_wait_us=0 check_us=0 lookup_us=0 flag_check_us=0 complete_us=1 total_us=1 transfer_elapsed_us=1363 transfer_bytes=63 op_desc_count=1 transfer_status=1
[HIXL_QUERY_PERF] layer=adxl_inner request=0x35 context_us=1 req_lock_wait_us=0 lookup_us=1 channel_us=4 cleanup_us=0 total_us=6 status=0 transfer_status=1
[HIXL_QUERY_PERF] layer=comm_engine request=0x35 total_us=9 status=0 transfer_status=1
[2026-08-24 21:07:58.634836][UC][I] [HIXL_WORKER_PERF] task_id=286 queue_depth=1 enqueue_lock_wait_us=0 enqueue_us=0 queue_wait_us=5 execute_us=11 result_post_us=4 total_us=20 status=0 [28603,28616][hixl_instance.cpp:107,Run]
[2026-08-24 21:07:58.634840][UC][I] [QUERY_PERF] component=ucm layer=hixl_instance request=0x35 queue_wait_us=5 backend_us=11 run_post_us=9 total_us=25 api_status=0 transfer_status=1 [28603,28616][hixl_instance.cpp:370,GetTransferStatus]
[2026-08-24 21:07:58.634844][UC][I] [QUERY_PERF] component=ucm layer=hixl_transport handle=85 request=0x35 lifecycle_lock_us=0 pending_lock_wait_us=0 pending_lookup_us=0 instance_us=28 erase_us=0 total_us=28 transfer_status=1 [28603,28616][hixl_transport.cpp:734,GetStatus]
[2026-08-24 21:07:58.634847][UC][I] [QUERY_PERF] component=ucm layer=transport_manager handle=85 transport_handle=85 transfers_lock_wait_us=0 lookup_us=1 transport_us=32 total_us=33 api_status=0 transfer_status=1 [28603,28616][transport_manager.cpp:716,GetStatus]
[2026-08-24 21:07:58.634852][UC][I] [PERF] component=transport event=transfer_done manager=127.0.0.1:8000 target=127.0.0.1:4501 handle=85 transport_handle=85 opcode=1 direct=2 segments=1 bytes=63 status=1 api_status=0 submitted_ts_us=1787576878633583 completed_ts_us=1787576878634851 manager_get_status_ts_us=1787576878634814 backend_query_ts_us=1787576878634820 submit_us=133 transfer_us=1269 manager_to_backend_query_us=6 total_us=1402 [28603,28616][transport_manager.cpp:727,GetStatus]
[2026-08-24 21:07:58.634858][UC][I] [PERF] component=drampool event=request_done request_id=6 opcode=2 peer=127.0.0.1:4501 batch_size=108 data_bytes=7962624 failed_items=0 status=SUCCESS failed_stage=NONE received_ts_us=1787576878627777 worker_started_ts_us=1787576878630031 data_transfer_submitted_ts_us=1787576878630230 data_transfer_completed_ts_us=1787576878633424 response_submitted_ts_us=1787576878633604 completed_ts_us=1787576878634856 data_tm_execute_async_ts_us=1787576878630057 data_hixl_execute_async_ts_us=1787576878630070 data_tm_get_status_ts_us=1787576878633354 data_hixl_query_handle_ts_us=1787576878633361 response_tm_execute_async_ts_us=1787576878633449 response_hixl_execute_async_ts_us=1787576878633456 response_tm_get_status_ts_us=1787576878634814 response_hixl_query_handle_ts_us=1787576878634820 request_queue_us=2254 metadata_prepare_us=15 taskworker_prepare_us=200 poller_queue_us=1108 data_transfer_us=3194 metadata_settle_us=23 response_slot_wait_us=1 response_submit_us=156 response_transfer_us=1252 data_tm_to_hixl_execute_async_us=14 data_tm_to_hixl_query_handle_us=7 response_tm_to_hixl_execute_async_us=8 response_tm_to_hixl_query_handle_us=6 total_us=7079 [28603,28616][completion_poller.cc:56,LogRequestDone]
[HIXL_QUERY_PERF] layer=comm_channel request=0x36 mutex_wait_us=0 check_us=0 lookup_us=0 flag_check_us=1 complete_us=1 total_us=2 transfer_elapsed_us=1180 transfer_bytes=63 op_desc_count=1 transfer_status=1
[HIXL_QUERY_PERF] layer=adxl_inner request=0x36 context_us=1 req_lock_wait_us=0 lookup_us=0 channel_us=5 cleanup_us=0 total_us=6 status=0 transfer_status=1
[HIXL_QUERY_PERF] layer=comm_engine request=0x36 total_us=9 status=0 transfer_status=1
[2026-08-24 21:07:58.634885][UC][I] [HIXL_WORKER_PERF] task_id=287 queue_depth=1 enqueue_lock_wait_us=1 enqueue_us=0 queue_wait_us=5 execute_us=11 result_post_us=5 total_us=22 status=0 [28603,28616][hixl_instance.cpp:107,Run]
[2026-08-24 21:07:58.634889][UC][I] [QUERY_PERF] component=ucm layer=hixl_instance request=0x36 queue_wait_us=6 backend_us=11 run_post_us=10 total_us=27 api_status=0 transfer_status=1 [28603,28616][hixl_instance.cpp:370,GetTransferStatus]
[2026-08-24 21:07:58.634893][UC][I] [QUERY_PERF] component=ucm layer=hixl_transport handle=88 request=0x36 lifecycle_lock_us=0 pending_lock_wait_us=0 pending_lookup_us=0 instance_us=30 erase_us=0 total_us=30 transfer_status=1 [28603,28616][hixl_transport.cpp:734,GetStatus]
[2026-08-24 21:07:58.634896][UC][I] [QUERY_PERF] component=ucm layer=transport_manager handle=88 transport_handle=88 transfers_lock_wait_us=0 lookup_us=0 transport_us=34 total_us=34 api_status=0 transfer_status=1 [28603,28616][transport_manager.cpp:716,GetStatus]
[2026-08-24 21:07:58.634899][UC][I] [PERF] component=transport event=transfer_done manager=127.0.0.1:8000 target=127.0.0.1:4501 handle=88 transport_handle=88 opcode=1 direct=2 segments=1 bytes=63 status=1 api_status=0 submitted_ts_us=1787576878633827 completed_ts_us=1787576878634898 manager_get_status_ts_us=1787576878634862 backend_query_ts_us=1787576878634868 submit_us=147 transfer_us=1072 manager_to_backend_query_us=6 total_us=1219 [28603,28616][transport_manager.cpp:727,GetStatus]
[2026-08-24 21:07:58.634907][UC][I] [PERF] component=drampool event=request_done request_id=7 opcode=2 peer=127.0.0.1:4501 batch_size=108 data_bytes=7962624 failed_items=0 status=SUCCESS failed_stage=NONE received_ts_us=1787576878627779 worker_started_ts_us=1787576878630232 data_transfer_submitted_ts_us=1787576878630550 data_transfer_completed_ts_us=1787576878633654 response_submitted_ts_us=1787576878633835 completed_ts_us=1787576878634905 data_tm_execute_async_ts_us=1787576878630267 data_hixl_execute_async_ts_us=1787576878630308 data_tm_get_status_ts_us=1787576878633605 data_hixl_query_handle_ts_us=1787576878633612 response_tm_execute_async_ts_us=1787576878633679 response_hixl_execute_async_ts_us=1787576878633686 response_tm_get_status_ts_us=1787576878634862 response_hixl_query_handle_ts_us=1787576878634868 request_queue_us=2453 metadata_prepare_us=30 taskworker_prepare_us=319 poller_queue_us=791 data_transfer_us=3104 metadata_settle_us=23 response_slot_wait_us=0 response_submit_us=158 response_transfer_us=1070 data_tm_to_hixl_execute_async_us=41 data_tm_to_hixl_query_handle_us=7 response_tm_to_hixl_execute_async_us=7 response_tm_to_hixl_query_handle_us=6 total_us=7127 [28603,28616][completion_poller.cc:56,LogRequestDone]
[HIXL_QUERY_PERF] layer=comm_channel request=0x37 mutex_wait_us=0 check_us=0 lookup_us=0 flag_check_us=1 complete_us=0 total_us=1 transfer_elapsed_us=998 transfer_bytes=63 op_desc_count=1 transfer_status=1
[HIXL_QUERY_PERF] layer=adxl_inner request=0x37 context_us=1 req_lock_wait_us=0 lookup_us=0 channel_us=5 cleanup_us=0 total_us=6 status=0 transfer_status=1
[HIXL_QUERY_PERF] layer=comm_engine request=0x37 total_us=9 status=0 transfer_status=1
[2026-08-24 21:07:58.634935][UC][I] [HIXL_WORKER_PERF] task_id=288 queue_depth=1 enqueue_lock_wait_us=0 enqueue_us=0 queue_wait_us=5 execute_us=11 result_post_us=5 total_us=21 status=0 [28603,28616][hixl_instance.cpp:107,Run]
[2026-08-24 21:07:58.634940][UC][I] [QUERY_PERF] component=ucm layer=hixl_instance request=0x37 queue_wait_us=6 backend_us=11 run_post_us=10 total_us=27 api_status=0 transfer_status=1 [28603,28616][hixl_instance.cpp:370,GetTransferStatus]
[2026-08-24 21:07:58.634943][UC][I] [QUERY_PERF] component=ucm layer=hixl_transport handle=90 request=0x37 lifecycle_lock_us=0 pending_lock_wait_us=0 pending_lookup_us=0 instance_us=30 erase_us=0 total_us=30 transfer_status=1 [28603,28616][hixl_transport.cpp:734,GetStatus]
[2026-08-24 21:07:58.634946][UC][I] [QUERY_PERF] component=ucm layer=transport_manager handle=90 transport_handle=90 transfers_lock_wait_us=0 lookup_us=0 transport_us=33 total_us=33 api_status=0 transfer_status=1 [28603,28616][transport_manager.cpp:716,GetStatus]
[2026-08-24 21:07:58.634949][UC][I] [PERF] component=transport event=transfer_done manager=127.0.0.1:8000 target=127.0.0.1:4501 handle=90 transport_handle=90 opcode=1 direct=2 segments=1 bytes=63 status=1 api_status=0 submitted_ts_us=1787576878634030 completed_ts_us=1787576878634949 manager_get_status_ts_us=1787576878634913 backend_query_ts_us=1787576878634918 submit_us=118 transfer_us=919 manager_to_backend_query_us=6 total_us=1037 [28603,28616][transport_manager.cpp:727,GetStatus]
[2026-08-24 21:07:58.634954][UC][I] [PERF] component=drampool event=request_done request_id=8 opcode=2 peer=127.0.0.1:4501 batch_size=108 data_bytes=7962624 failed_items=0 status=SUCCESS failed_stage=NONE received_ts_us=1787576878627839 worker_started_ts_us=1787576878630552 data_transfer_submitted_ts_us=1787576878630774 data_transfer_completed_ts_us=1787576878633888 response_submitted_ts_us=1787576878634036 completed_ts_us=1787576878634953 data_tm_execute_async_ts_us=1787576878630593 data_hixl_execute_async_ts_us=1787576878630603 data_tm_get_status_ts_us=1787576878633836 data_hixl_query_handle_ts_us=1787576878633843 response_tm_execute_async_ts_us=1787576878633912 response_hixl_execute_async_ts_us=1787576878633919 response_tm_get_status_ts_us=1787576878634913 response_hixl_query_handle_ts_us=1787576878634918 request_queue_us=2713 metadata_prepare_us=36 taskworker_prepare_us=223 poller_queue_us=570 data_transfer_us=3114 metadata_settle_us=22 response_slot_wait_us=1 response_submit_us=126 response_transfer_us=915 data_tm_to_hixl_execute_async_us=10 data_tm_to_hixl_query_handle_us=7 response_tm_to_hixl_execute_async_us=7 response_tm_to_hixl_query_handle_us=6 total_us=7114 [28603,28616][completion_poller.cc:56,LogRequestDone]
[HIXL_QUERY_PERF] layer=comm_channel request=0x25 mutex_wait_us=0 check_us=0 lookup_us=1 flag_check_us=0 complete_us=1 total_us=2 transfer_elapsed_us=730 transfer_bytes=63 op_desc_count=1 transfer_status=1
[HIXL_QUERY_PERF] layer=adxl_inner request=0x25 context_us=1 req_lock_wait_us=0 lookup_us=0 channel_us=6 cleanup_us=0 total_us=7 status=0 transfer_status=1
[HIXL_QUERY_PERF] layer=comm_engine request=0x25 total_us=10 status=0 transfer_status=1
[2026-08-24 21:07:58.634987][UC][I] [HIXL_WORKER_PERF] task_id=289 queue_depth=1 enqueue_lock_wait_us=0 enqueue_us=0 queue_wait_us=6 execute_us=12 result_post_us=5 total_us=23 status=0 [28603,28616][hixl_instance.cpp:107,Run]
[2026-08-24 21:07:58.634992][UC][I] [QUERY_PERF] component=ucm layer=hixl_instance request=0x25 queue_wait_us=6 backend_us=12 run_post_us=10 total_us=28 api_status=0 transfer_status=1 [28603,28616][hixl_instance.cpp:370,GetTransferStatus]
[2026-08-24 21:07:58.634996][UC][I] [QUERY_PERF] component=ucm layer=hixl_transport handle=92 request=0x25 lifecycle_lock_us=0 pending_lock_wait_us=0 pending_lookup_us=0 instance_us=32 erase_us=0 total_us=32 transfer_status=1 [28603,28616][hixl_transport.cpp:734,GetStatus]
[2026-08-24 21:07:58.634999][UC][I] [QUERY_PERF] component=ucm layer=transport_manager handle=92 transport_handle=92 transfers_lock_wait_us=0 lookup_us=0 transport_us=36 total_us=36 api_status=0 transfer_status=1 [28603,28616][transport_manager.cpp:716,GetStatus]
[2026-08-24 21:07:58.635002][UC][I] [PERF] component=transport event=transfer_done manager=127.0.0.1:8000 target=127.0.0.1:4502 handle=92 transport_handle=92 opcode=1 direct=2 segments=1 bytes=63 status=1 api_status=0 submitted_ts_us=1787576878634335 completed_ts_us=1787576878635001 manager_get_status_ts_us=1787576878634963 backend_query_ts_us=1787576878634970 submit_us=103 transfer_us=667 manager_to_backend_query_us=7 total_us=770 [28603,28616][transport_manager.cpp:727,GetStatus]
[2026-08-24 21:07:58.635007][UC][I] [PERF] component=drampool event=request_done request_id=3 opcode=2 peer=127.0.0.1:4502 batch_size=108 data_bytes=7962624 failed_items=0 status=SUCCESS failed_stage=NONE received_ts_us=1787576878627857 worker_started_ts_us=1787576878630776 data_transfer_submitted_ts_us=1787576878631045 data_transfer_completed_ts_us=1787576878634207 response_submitted_ts_us=1787576878634339 completed_ts_us=1787576878635005 data_tm_execute_async_ts_us=1787576878630816 data_hixl_execute_async_ts_us=1787576878630871 data_tm_get_status_ts_us=1787576878634037 data_hixl_query_handle_ts_us=1787576878634155 response_tm_execute_async_ts_us=1787576878634231 response_hixl_execute_async_ts_us=1787576878634239 response_tm_get_status_ts_us=1787576878634963 response_hixl_query_handle_ts_us=1787576878634970 request_queue_us=2919 metadata_prepare_us=35 taskworker_prepare_us=270 poller_queue_us=302 data_transfer_us=3162 metadata_settle_us=22 response_slot_wait_us=1 response_submit_us=109 response_transfer_us=666 data_tm_to_hixl_execute_async_us=55 data_tm_to_hixl_query_handle_us=118 response_tm_to_hixl_execute_async_us=8 response_tm_to_hixl_query_handle_us=7 total_us=7148 [28603,28616][completion_poller.cc:56,LogRequestDone]
[HIXL_QUERY_PERF] layer=comm_channel request=0x26 mutex_wait_us=0 check_us=0 lookup_us=0 flag_check_us=0 complete_us=1 total_us=1 transfer_elapsed_us=617 transfer_bytes=63 op_desc_count=1 transfer_status=1
[HIXL_QUERY_PERF] layer=adxl_inner request=0x26 context_us=0 req_lock_wait_us=0 lookup_us=1 channel_us=5 cleanup_us=0 total_us=6 status=0 transfer_status=1
[HIXL_QUERY_PERF] layer=comm_engine request=0x26 total_us=9 status=0 transfer_status=1
[2026-08-24 21:07:58.635032][UC][I] [HIXL_WORKER_PERF] task_id=290 queue_depth=1 enqueue_lock_wait_us=0 enqueue_us=1 queue_wait_us=4 execute_us=12 result_post_us=4 total_us=21 status=0 [28603,28616][hixl_instance.cpp:107,Run]
[2026-08-24 21:07:58.635037][UC][I] [QUERY_PERF] component=ucm layer=hixl_instance request=0x26 queue_wait_us=5 backend_us=12 run_post_us=9 total_us=26 api_status=0 transfer_status=1 [28603,28616][hixl_instance.cpp:370,GetTransferStatus]
[2026-08-24 21:07:58.635043][UC][I] [QUERY_PERF] component=ucm layer=hixl_transport handle=93 request=0x26 lifecycle_lock_us=0 pending_lock_wait_us=0 pending_lookup_us=0 instance_us=31 erase_us=0 total_us=31 transfer_status=1 [28603,28616][hixl_transport.cpp:734,GetStatus]
[2026-08-24 21:07:58.635045][UC][I] [QUERY_PERF] component=ucm layer=transport_manager handle=93 transport_handle=93 transfers_lock_wait_us=0 lookup_us=0 transport_us=34 total_us=34 api_status=0 transfer_status=1 [28603,28616][transport_manager.cpp:716,GetStatus]
[2026-08-24 21:07:58.635049][UC][I] [PERF] component=transport event=transfer_done manager=127.0.0.1:8000 target=127.0.0.1:4502 handle=93 transport_handle=93 opcode=1 direct=2 segments=1 bytes=63 status=1 api_status=0 submitted_ts_us=1787576878634487 completed_ts_us=1787576878635048 manager_get_status_ts_us=1787576878635010 backend_query_ts_us=1787576878635016 submit_us=96 transfer_us=561 manager_to_backend_query_us=5 total_us=657 [28603,28616][transport_manager.cpp:727,GetStatus]
[2026-08-24 21:07:58.635068][UC][I] [PERF] component=drampool event=request_done request_id=4 opcode=2 peer=127.0.0.1:4502 batch_size=108 data_bytes=7962624 failed_items=0 status=SUCCESS failed_stage=NONE received_ts_us=1787576878627876 worker_started_ts_us=1787576878631047 data_transfer_submitted_ts_us=1787576878631226 data_transfer_completed_ts_us=1787576878634382 response_submitted_ts_us=1787576878634493 completed_ts_us=1787576878635067 data_tm_execute_async_ts_us=1787576878631083 data_hixl_execute_async_ts_us=1787576878631095 data_tm_get_status_ts_us=1787576878634339 data_hixl_query_handle_ts_us=1787576878634346 response_tm_execute_async_ts_us=1787576878634392 response_hixl_execute_async_ts_us=1787576878634399 response_tm_get_status_ts_us=1787576878635010 response_hixl_query_handle_ts_us=1787576878635016 request_queue_us=3171 metadata_prepare_us=16 taskworker_prepare_us=180 poller_queue_us=121 data_transfer_us=3156 metadata_settle_us=8 response_slot_wait_us=1 response_submit_us=103 response_transfer_us=572 data_tm_to_hixl_execute_async_us=12 data_tm_to_hixl_query_handle_us=6 response_tm_to_hixl_execute_async_us=7 response_tm_to_hixl_query_handle_us=5 total_us=7191 [28603,28616][completion_poller.cc:56,LogRequestDone]
[HIXL_QUERY_PERF] layer=comm_channel request=0x1b mutex_wait_us=0 check_us=0 lookup_us=0 flag_check_us=0 complete_us=1 total_us=1 transfer_elapsed_us=3775 transfer_bytes=7962624 op_desc_count=108 transfer_status=1
[HIXL_QUERY_PERF] layer=adxl_inner request=0x1b context_us=1 req_lock_wait_us=0 lookup_us=1 channel_us=4 cleanup_us=1 total_us=7 status=0 transfer_status=1
[HIXL_QUERY_PERF] layer=comm_engine request=0x1b total_us=9 status=0 transfer_status=1
[2026-08-24 21:07:58.635094][UC][I] [HIXL_WORKER_PERF] task_id=291 queue_depth=1 enqueue_lock_wait_us=0 enqueue_us=1 queue_wait_us=4 execute_us=11 result_post_us=5 total_us=21 status=0 [28603,28616][hixl_instance.cpp:107,Run]
[2026-08-24 21:07:58.635099][UC][I] [QUERY_PERF] component=ucm layer=hixl_instance request=0x1b queue_wait_us=5 backend_us=11 run_post_us=10 total_us=26 api_status=0 transfer_status=1 [28603,28616][hixl_instance.cpp:370,GetTransferStatus]
[2026-08-24 21:07:58.635102][UC][I] [QUERY_PERF] component=ucm layer=hixl_transport handle=70 request=0x1b lifecycle_lock_us=0 pending_lock_wait_us=0 pending_lookup_us=0 instance_us=29 erase_us=0 total_us=29 transfer_status=1 [28603,28616][hixl_transport.cpp:734,GetStatus]
[2026-08-24 21:07:58.635105][UC][I] [QUERY_PERF] component=ucm layer=transport_manager handle=70 transport_handle=70 transfers_lock_wait_us=1 lookup_us=0 transport_us=32 total_us=33 api_status=0 transfer_status=1 [28603,28616][transport_manager.cpp:716,GetStatus]
[2026-08-24 21:07:58.635109][UC][I] [PERF] component=transport event=transfer_done manager=127.0.0.1:8000 target=127.0.0.1:4502 handle=70 transport_handle=70 opcode=1 direct=2 segments=108 bytes=7962624 status=1 api_status=0 submitted_ts_us=1787576878631464 completed_ts_us=1787576878635108 manager_get_status_ts_us=1787576878635072 backend_query_ts_us=1787576878635078 submit_us=196 transfer_us=3643 manager_to_backend_query_us=6 total_us=3839 [28603,28616][transport_manager.cpp:727,GetStatus]
[HIXL_PERF] event=hccl_batch op=1 desc_num=1 hccl_us=52 status=0
[HIXL_PERF] event=issue_hccl_batch op=1 list_num=1 total_us=56
[HIXL_PERF] event=issue_async_host_flag op=1 list_num=1 context_us=1 hccl_issue_us=58 flag_memcpy_us=5 total_us=64
[HIXL_PERF] event=comm_channel_async op=1 list_num=1 mutex_wait_us=0 slot_us=0 host_flag_us=0 record_us=0 issue_us=66 total_us=66
[HIXL_PERF] event=adxl_inner_async op=1 list_num=1 context_us=0 connect_us=0 get_channel_us=1 channel_async_us=68 tail_us=0 total_us=69
[HIXL_PERF] event=comm_engine_async op=1 list_num=1 desc_build_us=0 inner_us=71 total_us=71 status=0
[2026-08-24 21:07:58.635215][UC][I] [HIXL_WORKER_PERF] task_id=292 queue_depth=1 enqueue_lock_wait_us=0 enqueue_us=0 queue_wait_us=5 execute_us=76 result_post_us=4 total_us=85 status=0 [28603,28616][hixl_instance.cpp:107,Run]
[2026-08-24 21:07:58.635222][UC][I] [PERF] component=transport event=transfer_submitted manager=127.0.0.1:8000 target=127.0.0.1:4502 handle=94 transport_handle=94 opcode=1 direct=2 segments=1 bytes=63 submitted_ts_us=1787576878635221 manager_execute_async_ts_us=1787576878635127 backend_execute_async_ts_us=1787576878635134 manager_to_backend_execute_async_us=6 submit_us=93 [28603,28616][transport_manager.cpp:674,ExecuteAsync]
[HIXL_QUERY_PERF] layer=comm_channel request=0x1c mutex_wait_us=0 check_us=0 lookup_us=0 flag_check_us=0 complete_us=1 total_us=1 transfer_elapsed_us=3702 transfer_bytes=7962624 op_desc_count=108 transfer_status=1
[HIXL_QUERY_PERF] layer=adxl_inner request=0x1c context_us=1 req_lock_wait_us=0 lookup_us=1 channel_us=5 cleanup_us=0 total_us=7 status=0 transfer_status=1
[HIXL_QUERY_PERF] layer=comm_engine request=0x1c total_us=10 status=0 transfer_status=1
[2026-08-24 21:07:58.635248][UC][I] [HIXL_WORKER_PERF] task_id=293 queue_depth=1 enqueue_lock_wait_us=0 enqueue_us=0 queue_wait_us=5 execute_us=12 result_post_us=4 total_us=21 status=0 [28603,28616][hixl_instance.cpp:107,Run]
[2026-08-24 21:07:58.635253][UC][I] [QUERY_PERF] component=ucm layer=hixl_instance request=0x1c queue_wait_us=6 backend_us=11 run_post_us=10 total_us=27 api_status=0 transfer_status=1 [28603,28616][hixl_instance.cpp:370,GetTransferStatus]
[2026-08-24 21:07:58.635257][UC][I] [QUERY_PERF] component=ucm layer=hixl_transport handle=71 request=0x1c lifecycle_lock_us=0 pending_lock_wait_us=0 pending_lookup_us=0 instance_us=30 erase_us=0 total_us=30 transfer_status=1 [28603,28616][hixl_transport.cpp:734,GetStatus]
[2026-08-24 21:07:58.635265][UC][I] [QUERY_PERF] component=ucm layer=transport_manager handle=71 transport_handle=71 transfers_lock_wait_us=0 lookup_us=0 transport_us=38 total_us=38 api_status=0 transfer_status=1 [28603,28616][transport_manager.cpp:716,GetStatus]
[2026-08-24 21:07:58.635268][UC][I] [PERF] component=transport event=transfer_done manager=127.0.0.1:8000 target=127.0.0.1:4502 handle=71 transport_handle=71 opcode=1 direct=2 segments=108 bytes=7962624 status=1 api_status=0 submitted_ts_us=1787576878631655 completed_ts_us=1787576878635267 manager_get_status_ts_us=1787576878635226 backend_query_ts_us=1787576878635232 submit_us=135 transfer_us=3613 manager_to_backend_query_us=6 total_us=3748 [28603,28616][transport_manager.cpp:727,GetStatus]
[HIXL_PERF] event=hccl_batch op=1 desc_num=1 hccl_us=53 status=0
[HIXL_PERF] event=issue_hccl_batch op=1 list_num=1 total_us=57
[HIXL_PERF] event=issue_async_host_flag op=1 list_num=1 context_us=0 hccl_issue_us=59 flag_memcpy_us=4 total_us=63
[HIXL_PERF] event=comm_channel_async op=1 list_num=1 mutex_wait_us=0 slot_us=0 host_flag_us=0 record_us=1 issue_us=66 total_us=67
[HIXL_PERF] event=adxl_inner_async op=1 list_num=1 context_us=1 connect_us=0 get_channel_us=0 channel_async_us=69 tail_us=0 total_us=70
[HIXL_PERF] event=comm_engine_async op=1 list_num=1 desc_build_us=0 inner_us=72 total_us=72 status=0
[2026-08-24 21:07:58.635372][UC][I] [HIXL_WORKER_PERF] task_id=294 queue_depth=1 enqueue_lock_wait_us=0 enqueue_us=0 queue_wait_us=5 execute_us=79 result_post_us=6 total_us=90 status=0 [28603,28616][hixl_instance.cpp:107,Run]
[2026-08-24 21:07:58.635379][UC][I] [PERF] component=transport event=transfer_submitted manager=127.0.0.1:8000 target=127.0.0.1:4502 handle=95 transport_handle=95 opcode=1 direct=2 segments=1 bytes=63 submitted_ts_us=1787576878635378 manager_execute_async_ts_us=1787576878635281 backend_execute_async_ts_us=1787576878635287 manager_to_backend_execute_async_us=6 submit_us=96 [28603,28616][transport_manager.cpp:674,ExecuteAsync]
[HIXL_QUERY_PERF] layer=comm_channel request=0x2c mutex_wait_us=0 check_us=0 lookup_us=1 flag_check_us=0 complete_us=1 total_us=2 transfer_elapsed_us=3673 transfer_bytes=7962624 op_desc_count=108 transfer_status=1
[HIXL_QUERY_PERF] layer=adxl_inner request=0x2c context_us=0 req_lock_wait_us=1 lookup_us=0 channel_us=11 cleanup_us=1 total_us=13 status=0 transfer_status=1
[HIXL_QUERY_PERF] layer=comm_engine request=0x2c total_us=16 status=0 transfer_status=1
[2026-08-24 21:07:58.635413][UC][I] [HIXL_WORKER_PERF] task_id=295 queue_depth=1 enqueue_lock_wait_us=0 enqueue_us=0 queue_wait_us=5 execute_us=19 result_post_us=5 total_us=29 status=0 [28603,28616][hixl_instance.cpp:107,Run]
[2026-08-24 21:07:58.635419][UC][I] [QUERY_PERF] component=ucm layer=hixl_instance request=0x2c queue_wait_us=5 backend_us=19 run_post_us=12 total_us=36 api_status=0 transfer_status=1 [28603,28616][hixl_instance.cpp:370,GetTransferStatus]
[2026-08-24 21:07:58.635427][UC][I] [QUERY_PERF] component=ucm layer=hixl_transport handle=72 request=0x2c lifecycle_lock_us=0 pending_lock_wait_us=0 pending_lookup_us=0 instance_us=43 erase_us=0 total_us=43 transfer_status=1 [28603,28616][hixl_transport.cpp:734,GetStatus]
[2026-08-24 21:07:58.635433][UC][I] [QUERY_PERF] component=ucm layer=transport_manager handle=72 transport_handle=72 transfers_lock_wait_us=1 lookup_us=0 transport_us=49 total_us=50 api_status=0 transfer_status=1 [28603,28616][transport_manager.cpp:716,GetStatus]
[2026-08-24 21:07:58.635436][UC][I] [PERF] component=transport event=transfer_done manager=127.0.0.1:8000 target=127.0.0.1:4508 handle=72 transport_handle=72 opcode=1 direct=2 segments=108 bytes=7962624 status=1 api_status=0 submitted_ts_us=1787576878631933 completed_ts_us=1787576878635435 manager_get_status_ts_us=1787576878635382 backend_query_ts_us=1787576878635388 submit_us=230 transfer_us=3502 manager_to_backend_query_us=6 total_us=3732 [28603,28616][transport_manager.cpp:727,GetStatus]
[HIXL_PERF] event=hccl_batch op=1 desc_num=1 hccl_us=80 status=0
[HIXL_PERF] event=issue_hccl_batch op=1 list_num=1 total_us=92
[HIXL_PERF] event=issue_async_host_flag op=1 list_num=1 context_us=0 hccl_issue_us=94 flag_memcpy_us=6 total_us=100
[HIXL_PERF] event=comm_channel_async op=1 list_num=1 mutex_wait_us=0 slot_us=0 host_flag_us=0 record_us=0 issue_us=105 total_us=105
[HIXL_PERF] event=adxl_inner_async op=1 list_num=1 context_us=1 connect_us=0 get_channel_us=1 channel_async_us=110 tail_us=0 total_us=112
[HIXL_PERF] event=comm_engine_async op=1 list_num=1 desc_build_us=0 inner_us=115 total_us=115 status=0
[2026-08-24 21:07:58.635585][UC][I] [HIXL_WORKER_PERF] task_id=296 queue_depth=1 enqueue_lock_wait_us=0 enqueue_us=0 queue_wait_us=6 execute_us=122 result_post_us=7 total_us=135 status=0 [28603,28616][hixl_instance.cpp:107,Run]
[2026-08-24 21:07:58.635596][UC][I] [PERF] component=transport event=transfer_submitted manager=127.0.0.1:8000 target=127.0.0.1:4508 handle=96 transport_handle=96 opcode=1 direct=2 segments=1 bytes=63 submitted_ts_us=1787576878635596 manager_execute_async_ts_us=1787576878635448 backend_execute_async_ts_us=1787576878635455 manager_to_backend_execute_async_us=7 submit_us=147 [28603,28616][transport_manager.cpp:674,ExecuteAsync]
[HIXL_QUERY_PERF] layer=comm_channel request=0x2d mutex_wait_us=0 check_us=1 lookup_us=0 flag_check_us=0 complete_us=2 total_us=3 transfer_elapsed_us=3634 transfer_bytes=7962624 op_desc_count=108 transfer_status=1
[HIXL_QUERY_PERF] layer=adxl_inner request=0x2d context_us=0 req_lock_wait_us=0 lookup_us=1 channel_us=9 cleanup_us=1 total_us=11 status=0 transfer_status=1
[HIXL_QUERY_PERF] layer=comm_engine request=0x2d total_us=15 status=0 transfer_status=1
[2026-08-24 21:07:58.635634][UC][I] [HIXL_WORKER_PERF] task_id=297 queue_depth=1 enqueue_lock_wait_us=1 enqueue_us=0 queue_wait_us=5 execute_us=18 result_post_us=5 total_us=29 status=0 [28603,28616][hixl_instance.cpp:107,Run]
[2026-08-24 21:07:58.635641][UC][I] [QUERY_PERF] component=ucm layer=hixl_instance request=0x2d queue_wait_us=6 backend_us=18 run_post_us=12 total_us=36 api_status=0 transfer_status=1 [28603,28616][hixl_instance.cpp:370,GetTransferStatus]
[2026-08-24 21:07:58.635649][UC][I] [QUERY_PERF] component=ucm layer=hixl_transport handle=73 request=0x2d lifecycle_lock_us=0 pending_lock_wait_us=0 pending_lookup_us=0 instance_us=43 erase_us=0 total_us=43 transfer_status=1 [28603,28616][hixl_transport.cpp:734,GetStatus]
[2026-08-24 21:07:58.635652][UC][I] [QUERY_PERF] component=ucm layer=transport_manager handle=73 transport_handle=73 transfers_lock_wait_us=0 lookup_us=0 transport_us=47 total_us=47 api_status=0 transfer_status=1 [28603,28616][transport_manager.cpp:716,GetStatus]
[2026-08-24 21:07:58.635658][UC][I] [PERF] component=transport event=transfer_done manager=127.0.0.1:8000 target=127.0.0.1:4508 handle=73 transport_handle=73 opcode=1 direct=2 segments=108 bytes=7962624 status=1 api_status=0 submitted_ts_us=1787576878632131 completed_ts_us=1787576878635657 manager_get_status_ts_us=1787576878635604 backend_query_ts_us=1787576878635611 submit_us=167 transfer_us=3526 manager_to_backend_query_us=6 total_us=3693 [28603,28616][transport_manager.cpp:727,GetStatus]
[HIXL_PERF] event=hccl_batch op=1 desc_num=1 hccl_us=70 status=0
[HIXL_PERF] event=issue_hccl_batch op=1 list_num=1 total_us=78
[HIXL_PERF] event=issue_async_host_flag op=1 list_num=1 context_us=1 hccl_issue_us=80 flag_memcpy_us=5 total_us=86
[HIXL_PERF] event=comm_channel_async op=1 list_num=1 mutex_wait_us=0 slot_us=0 host_flag_us=0 record_us=0 issue_us=90 total_us=90
[HIXL_PERF] event=adxl_inner_async op=1 list_num=1 context_us=1 connect_us=0 get_channel_us=0 channel_async_us=96 tail_us=0 total_us=97
[HIXL_PERF] event=comm_engine_async op=1 list_num=1 desc_build_us=0 inner_us=100 total_us=100 status=0
[2026-08-24 21:07:58.635799][UC][I] [HIXL_WORKER_PERF] task_id=298 queue_depth=1 enqueue_lock_wait_us=0 enqueue_us=0 queue_wait_us=5 execute_us=105 result_post_us=7 total_us=117 status=0 [28603,28616][hixl_instance.cpp:107,Run]
[2026-08-24 21:07:58.635807][UC][I] [PERF] component=transport event=transfer_submitted manager=127.0.0.1:8000 target=127.0.0.1:4508 handle=97 transport_handle=97 opcode=1 direct=2 segments=1 bytes=63 submitted_ts_us=1787576878635806 manager_execute_async_ts_us=1787576878635679 backend_execute_async_ts_us=1787576878635686 manager_to_backend_execute_async_us=7 submit_us=127 [28603,28616][transport_manager.cpp:674,ExecuteAsync]
[HIXL_QUERY_PERF] layer=comm_channel request=0x2f mutex_wait_us=1 check_us=0 lookup_us=0 flag_check_us=0 complete_us=2 total_us=3 transfer_elapsed_us=3600 transfer_bytes=7962624 op_desc_count=108 transfer_status=1
[HIXL_QUERY_PERF] layer=adxl_inner request=0x2f context_us=1 req_lock_wait_us=0 lookup_us=0 channel_us=8 cleanup_us=0 total_us=9 status=0 transfer_status=1
[HIXL_QUERY_PERF] layer=comm_engine request=0x2f total_us=12 status=0 transfer_status=1
[2026-08-24 21:07:58.635837][UC][I] [HIXL_WORKER_PERF] task_id=299 queue_depth=1 enqueue_lock_wait_us=0 enqueue_us=0 queue_wait_us=6 execute_us=14 result_post_us=4 total_us=24 status=0 [28603,28616][hixl_instance.cpp:107,Run]
[2026-08-24 21:07:58.635844][UC][I] [QUERY_PERF] component=ucm layer=hixl_instance request=0x2f queue_wait_us=6 backend_us=13 run_post_us=13 total_us=32 api_status=0 transfer_status=1 [28603,28616][hixl_instance.cpp:370,GetTransferStatus]
[2026-08-24 21:07:58.635848][UC][I] [QUERY_PERF] component=ucm layer=hixl_transport handle=75 request=0x2f lifecycle_lock_us=0 pending_lock_wait_us=1 pending_lookup_us=0 instance_us=35 erase_us=0 total_us=36 transfer_status=1 [28603,28616][hixl_transport.cpp:734,GetStatus]
[2026-08-24 21:07:58.635861][UC][I] [QUERY_PERF] component=ucm layer=transport_manager handle=75 transport_handle=75 transfers_lock_wait_us=0 lookup_us=0 transport_us=50 total_us=50 api_status=0 transfer_status=1 [28603,28616][transport_manager.cpp:716,GetStatus]
[2026-08-24 21:07:58.635874][UC][I] [PERF] component=transport event=transfer_done manager=127.0.0.1:8000 target=127.0.0.1:4508 handle=75 transport_handle=75 opcode=1 direct=2 segments=108 bytes=7962624 status=1 api_status=0 submitted_ts_us=1787576878632375 completed_ts_us=1787576878635873 manager_get_status_ts_us=1787576878635811 backend_query_ts_us=1787576878635817 submit_us=202 transfer_us=3497 manager_to_backend_query_us=7 total_us=3699 [28603,28616][transport_manager.cpp:727,GetStatus]
[HIXL_PERF] event=hccl_batch op=1 desc_num=1 hccl_us=71 status=0
[HIXL_PERF] event=issue_hccl_batch op=1 list_num=1 total_us=80
[HIXL_PERF] event=issue_async_host_flag op=1 list_num=1 context_us=1 hccl_issue_us=82 flag_memcpy_us=6 total_us=89
[HIXL_PERF] event=comm_channel_async op=1 list_num=1 mutex_wait_us=1 slot_us=0 host_flag_us=0 record_us=0 issue_us=91 total_us=92
[HIXL_PERF] event=adxl_inner_async op=1 list_num=1 context_us=1 connect_us=0 get_channel_us=0 channel_async_us=94 tail_us=0 total_us=95
[HIXL_PERF] event=comm_engine_async op=1 list_num=1 desc_build_us=0 inner_us=97 total_us=97 status=0
[2026-08-24 21:07:58.636019][UC][I] [HIXL_WORKER_PERF] task_id=300 queue_depth=1 enqueue_lock_wait_us=0 enqueue_us=0 queue_wait_us=7 execute_us=101 result_post_us=8 total_us=116 status=0 [28603,28616][hixl_instance.cpp:107,Run]
[2026-08-24 21:07:58.636026][UC][I] [PERF] component=transport event=transfer_submitted manager=127.0.0.1:8000 target=127.0.0.1:4508 handle=98 transport_handle=98 opcode=1 direct=2 segments=1 bytes=63 submitted_ts_us=1787576878636026 manager_execute_async_ts_us=1787576878635900 backend_execute_async_ts_us=1787576878635909 manager_to_backend_execute_async_us=9 submit_us=125 [28603,28616][transport_manager.cpp:674,ExecuteAsync]
[HIXL_QUERY_PERF] layer=comm_channel request=0x30 mutex_wait_us=0 check_us=0 lookup_us=1 flag_check_us=0 complete_us=2 total_us=3 transfer_elapsed_us=3623 transfer_bytes=7962624 op_desc_count=108 transfer_status=1
[HIXL_QUERY_PERF] layer=adxl_inner request=0x30 context_us=0 req_lock_wait_us=1 lookup_us=0 channel_us=6 cleanup_us=0 total_us=7 status=0 transfer_status=1
[HIXL_QUERY_PERF] layer=comm_engine request=0x30 total_us=10 status=0 transfer_status=1
[2026-08-24 21:07:58.636058][UC][I] [HIXL_WORKER_PERF] task_id=301 queue_depth=1 enqueue_lock_wait_us=0 enqueue_us=0 queue_wait_us=6 execute_us=14 result_post_us=6 total_us=26 status=0 [28603,28616][hixl_instance.cpp:107,Run]
[2026-08-24 21:07:58.636077][UC][I] [QUERY_PERF] component=ucm layer=hixl_instance request=0x30 queue_wait_us=6 backend_us=14 run_post_us=26 total_us=46 api_status=0 transfer_status=1 [28603,28616][hixl_instance.cpp:370,GetTransferStatus]
[2026-08-24 21:07:58.636086][UC][I] [QUERY_PERF] component=ucm layer=hixl_transport handle=76 request=0x30 lifecycle_lock_us=0 pending_lock_wait_us=1 pending_lookup_us=0 instance_us=54 erase_us=0 total_us=55 transfer_status=1 [28603,28616][hixl_transport.cpp:734,GetStatus]
[2026-08-24 21:07:58.636091][UC][I] [QUERY_PERF] component=ucm layer=transport_manager handle=76 transport_handle=76 transfers_lock_wait_us=0 lookup_us=0 transport_us=61 total_us=61 api_status=0 transfer_status=1 [28603,28616][transport_manager.cpp:716,GetStatus]
[2026-08-24 21:07:58.636095][UC][I] [PERF] component=transport event=transfer_done manager=127.0.0.1:8000 target=127.0.0.1:4508 handle=76 transport_handle=76 opcode=1 direct=2 segments=108 bytes=7962624 status=1 api_status=0 submitted_ts_us=1787576878632577 completed_ts_us=1787576878636094 manager_get_status_ts_us=1787576878636030 backend_query_ts_us=1787576878636037 submit_us=174 transfer_us=3518 manager_to_backend_query_us=7 total_us=3692 [28603,28616][transport_manager.cpp:727,GetStatus]
[HIXL_PERF] event=hccl_batch op=1 desc_num=1 hccl_us=69 status=0
[HIXL_PERF] event=issue_hccl_batch op=1 list_num=1 total_us=79
[HIXL_PERF] event=issue_async_host_flag op=1 list_num=1 context_us=0 hccl_issue_us=81 flag_memcpy_us=4 total_us=85
[HIXL_PERF] event=comm_channel_async op=1 list_num=1 mutex_wait_us=0 slot_us=0 host_flag_us=1 record_us=0 issue_us=89 total_us=90
[HIXL_PERF] event=adxl_inner_async op=1 list_num=1 context_us=0 connect_us=0 get_channel_us=1 channel_async_us=95 tail_us=1 total_us=97
[HIXL_PERF] event=comm_engine_async op=1 list_num=1 desc_build_us=1 inner_us=101 total_us=102 status=0
[2026-08-24 21:07:58.636238][UC][I] [HIXL_WORKER_PERF] task_id=302 queue_depth=1 enqueue_lock_wait_us=0 enqueue_us=1 queue_wait_us=6 execute_us=107 result_post_us=6 total_us=120 status=0 [28603,28616][hixl_instance.cpp:107,Run]
[2026-08-24 21:07:58.636246][UC][I] [PERF] component=transport event=transfer_submitted manager=127.0.0.1:8000 target=127.0.0.1:4508 handle=99 transport_handle=99 opcode=1 direct=2 segments=1 bytes=63 submitted_ts_us=1787576878636246 manager_execute_async_ts_us=1787576878636116 backend_execute_async_ts_us=1787576878636125 manager_to_backend_execute_async_us=9 submit_us=130 [28603,28616][transport_manager.cpp:674,ExecuteAsync]
[HIXL_QUERY_PERF] layer=comm_channel request=0x1d mutex_wait_us=0 check_us=0 lookup_us=0 flag_check_us=0 complete_us=1 total_us=1 transfer_elapsed_us=3631 transfer_bytes=7962624 op_desc_count=108 transfer_status=1
[HIXL_QUERY_PERF] layer=adxl_inner request=0x1d context_us=1 req_lock_wait_us=0 lookup_us=1 channel_us=8 cleanup_us=0 total_us=10 status=0 transfer_status=1
[HIXL_QUERY_PERF] layer=comm_engine request=0x1d total_us=13 status=0 transfer_status=1
[2026-08-24 21:07:58.636281][UC][I] [HIXL_WORKER_PERF] task_id=303 queue_depth=1 enqueue_lock_wait_us=1 enqueue_us=0 queue_wait_us=7 execute_us=15 result_post_us=5 total_us=28 status=0 [28603,28616][hixl_instance.cpp:107,Run]
[2026-08-24 21:07:58.636288][UC][I] [QUERY_PERF] component=ucm layer=hixl_instance request=0x1d queue_wait_us=8 backend_us=15 run_post_us=12 total_us=35 api_status=0 transfer_status=1 [28603,28616][hixl_instance.cpp:370,GetTransferStatus]
[2026-08-24 21:07:58.636294][UC][I] [QUERY_PERF] component=ucm layer=hixl_transport handle=78 request=0x1d lifecycle_lock_us=0 pending_lock_wait_us=0 pending_lookup_us=0 instance_us=41 erase_us=0 total_us=41 transfer_status=1 [28603,28616][hixl_transport.cpp:734,GetStatus]
[2026-08-24 21:07:58.636300][UC][I] [QUERY_PERF] component=ucm layer=transport_manager handle=78 transport_handle=78 transfers_lock_wait_us=0 lookup_us=0 transport_us=48 total_us=48 api_status=0 transfer_status=1 [28603,28616][transport_manager.cpp:716,GetStatus]
[2026-08-24 21:07:58.636304][UC][I] [PERF] component=transport event=transfer_done manager=127.0.0.1:8000 target=127.0.0.1:4507 handle=78 transport_handle=78 opcode=1 direct=2 segments=108 bytes=7962624 status=1 api_status=0 submitted_ts_us=1787576878632764 completed_ts_us=1787576878636303 manager_get_status_ts_us=1787576878636251 backend_query_ts_us=1787576878636260 submit_us=146 transfer_us=3539 manager_to_backend_query_us=8 total_us=3685 [28603,28616][transport_manager.cpp:727,GetStatus]
[HIXL_PERF] event=hccl_batch op=1 desc_num=1 hccl_us=54 status=0
[HIXL_PERF] event=issue_hccl_batch op=1 list_num=1 total_us=62
[HIXL_PERF] event=issue_async_host_flag op=1 list_num=1 context_us=0 hccl_issue_us=64 flag_memcpy_us=4 total_us=68
[HIXL_PERF] event=comm_channel_async op=1 list_num=1 mutex_wait_us=0 slot_us=1 host_flag_us=0 record_us=0 issue_us=73 total_us=74
[HIXL_PERF] event=adxl_inner_async op=1 list_num=1 context_us=1 connect_us=0 get_channel_us=0 channel_async_us=79 tail_us=0 total_us=80
[HIXL_PERF] event=comm_engine_async op=1 list_num=1 desc_build_us=0 inner_us=84 total_us=84 status=0
[2026-08-24 21:07:58.636424][UC][I] [HIXL_WORKER_PERF] task_id=304 queue_depth=1 enqueue_lock_wait_us=0 enqueue_us=1 queue_wait_us=4 execute_us=89 result_post_us=5 total_us=99 status=0 [28603,28616][hixl_instance.cpp:107,Run]
[2026-08-24 21:07:58.636434][UC][I] [PERF] component=transport event=transfer_submitted manager=127.0.0.1:8000 target=127.0.0.1:4507 handle=100 transport_handle=100 opcode=1 direct=2 segments=1 bytes=63 submitted_ts_us=1787576878636434 manager_execute_async_ts_us=1787576878636322 backend_execute_async_ts_us=1787576878636330 manager_to_backend_execute_async_us=7 submit_us=111 [28603,28616][transport_manager.cpp:674,ExecuteAsync]
[HIXL_QUERY_PERF] layer=comm_channel request=0x1e mutex_wait_us=0 check_us=0 lookup_us=0 flag_check_us=0 complete_us=1 total_us=1 transfer_elapsed_us=3634 transfer_bytes=7962624 op_desc_count=108 transfer_status=1
[HIXL_QUERY_PERF] layer=adxl_inner request=0x1e context_us=1 req_lock_wait_us=0 lookup_us=0 channel_us=7 cleanup_us=0 total_us=8 status=0 transfer_status=1
[HIXL_QUERY_PERF] layer=comm_engine request=0x1e total_us=11 status=0 transfer_status=1
[2026-08-24 21:07:58.636474][UC][I] [HIXL_WORKER_PERF] task_id=305 queue_depth=1 enqueue_lock_wait_us=0 enqueue_us=0 queue_wait_us=6 execute_us=13 result_post_us=5 total_us=24 status=0 [28603,28616][hixl_instance.cpp:107,Run]
[2026-08-24 21:07:58.636480][UC][I] [QUERY_PERF] component=ucm layer=hixl_instance request=0x1e queue_wait_us=6 backend_us=13 run_post_us=11 total_us=30 api_status=0 transfer_status=1 [28603,28616][hixl_instance.cpp:370,GetTransferStatus]
[2026-08-24 21:07:58.636484][UC][I] [QUERY_PERF] component=ucm layer=hixl_transport handle=80 request=0x1e lifecycle_lock_us=0 pending_lock_wait_us=0 pending_lookup_us=1 instance_us=33 erase_us=0 total_us=34 transfer_status=1 [28603,28616][hixl_transport.cpp:734,GetStatus]
[2026-08-24 21:07:58.636487][UC][I] [QUERY_PERF] component=ucm layer=transport_manager handle=80 transport_handle=80 transfers_lock_wait_us=0 lookup_us=0 transport_us=37 total_us=37 api_status=0 transfer_status=1 [28603,28616][transport_manager.cpp:716,GetStatus]
[2026-08-24 21:07:58.636491][UC][I] [PERF] component=transport event=transfer_done manager=127.0.0.1:8000 target=127.0.0.1:4507 handle=80 transport_handle=80 opcode=1 direct=2 segments=108 bytes=7962624 status=1 api_status=0 submitted_ts_us=1787576878632967 completed_ts_us=1787576878636490 manager_get_status_ts_us=1787576878636449 backend_query_ts_us=1787576878636456 submit_us=156 transfer_us=3523 manager_to_backend_query_us=7 total_us=3679 [28603,28616][transport_manager.cpp:727,GetStatus]
[HIXL_PERF] event=hccl_batch op=1 desc_num=1 hccl_us=54 status=0
[HIXL_PERF] event=issue_hccl_batch op=1 list_num=1 total_us=62
[HIXL_PERF] event=issue_async_host_flag op=1 list_num=1 context_us=0 hccl_issue_us=64 flag_memcpy_us=4 total_us=68
[HIXL_PERF] event=comm_channel_async op=1 list_num=1 mutex_wait_us=0 slot_us=0 host_flag_us=0 record_us=1 issue_us=73 total_us=74
[HIXL_PERF] event=adxl_inner_async op=1 list_num=1 context_us=1 connect_us=0 get_channel_us=0 channel_async_us=77 tail_us=0 total_us=78
[HIXL_PERF] event=comm_engine_async op=1 list_num=1 desc_build_us=0 inner_us=81 total_us=81 status=0
[2026-08-24 21:07:58.636604][UC][I] [HIXL_WORKER_PERF] task_id=306 queue_depth=1 enqueue_lock_wait_us=1 enqueue_us=0 queue_wait_us=6 execute_us=86 result_post_us=5 total_us=98 status=0 [28603,28616][hixl_instance.cpp:107,Run]
[2026-08-24 21:07:58.636612][UC][I] [PERF] component=transport event=transfer_submitted manager=127.0.0.1:8000 target=127.0.0.1:4507 handle=101 transport_handle=101 opcode=1 direct=2 segments=1 bytes=63 submitted_ts_us=1787576878636611 manager_execute_async_ts_us=1787576878636504 backend_execute_async_ts_us=1787576878636512 manager_to_backend_execute_async_us=8 submit_us=106 [28603,28616][transport_manager.cpp:674,ExecuteAsync]
[HIXL_QUERY_PERF] layer=comm_channel request=0x1f mutex_wait_us=0 check_us=0 lookup_us=0 flag_check_us=0 complete_us=1 total_us=1 transfer_elapsed_us=3606 transfer_bytes=7962624 op_desc_count=108 transfer_status=1
[HIXL_QUERY_PERF] layer=adxl_inner request=0x1f context_us=1 req_lock_wait_us=0 lookup_us=1 channel_us=6 cleanup_us=1 total_us=9 status=0 transfer_status=1
[HIXL_QUERY_PERF] layer=comm_engine request=0x1f total_us=12 status=0 transfer_status=1
[2026-08-24 21:07:58.636645][UC][I] [HIXL_WORKER_PERF] task_id=307 queue_depth=1 enqueue_lock_wait_us=1 enqueue_us=0 queue_wait_us=5 execute_us=13 result_post_us=5 total_us=24 status=0 [28603,28616][hixl_instance.cpp:107,Run]
[2026-08-24 21:07:58.636654][UC][I] [QUERY_PERF] component=ucm layer=hixl_instance request=0x1f queue_wait_us=6 backend_us=13 run_post_us=14 total_us=33 api_status=0 transfer_status=1 [28603,28616][hixl_instance.cpp:370,GetTransferStatus]
[2026-08-24 21:07:58.636663][UC][I] [QUERY_PERF] component=ucm layer=hixl_transport handle=82 request=0x1f lifecycle_lock_us=0 pending_lock_wait_us=0 pending_lookup_us=0 instance_us=41 erase_us=0 total_us=41 transfer_status=1 [28603,28616][hixl_transport.cpp:734,GetStatus]
[2026-08-24 21:07:58.636669][UC][I] [QUERY_PERF] component=ucm layer=transport_manager handle=82 transport_handle=82 transfers_lock_wait_us=0 lookup_us=0 transport_us=47 total_us=47 api_status=0 transfer_status=1 [28603,28616][transport_manager.cpp:716,GetStatus]
[2026-08-24 21:07:58.636673][UC][I] [PERF] component=transport event=transfer_done manager=127.0.0.1:8000 target=127.0.0.1:4507 handle=82 transport_handle=82 opcode=1 direct=2 segments=108 bytes=7962624 status=1 api_status=0 submitted_ts_us=1787576878633165 completed_ts_us=1787576878636672 manager_get_status_ts_us=1787576878636621 backend_query_ts_us=1787576878636627 submit_us=154 transfer_us=3507 manager_to_backend_query_us=6 total_us=3661 [28603,28616][transport_manager.cpp:727,GetStatus]
[HIXL_PERF] event=hccl_batch op=1 desc_num=1 hccl_us=51 status=0
[HIXL_PERF] event=issue_hccl_batch op=1 list_num=1 total_us=58
[HIXL_PERF] event=issue_async_host_flag op=1 list_num=1 context_us=0 hccl_issue_us=63 flag_memcpy_us=4 total_us=67
[HIXL_PERF] event=comm_channel_async op=1 list_num=1 mutex_wait_us=0 slot_us=1 host_flag_us=0 record_us=0 issue_us=70 total_us=71
[HIXL_PERF] event=adxl_inner_async op=1 list_num=1 context_us=1 connect_us=0 get_channel_us=0 channel_async_us=72 tail_us=1 total_us=74
[HIXL_PERF] event=comm_engine_async op=1 list_num=1 desc_build_us=0 inner_us=75 total_us=75 status=0
[2026-08-24 21:07:58.636776][UC][I] [HIXL_WORKER_PERF] task_id=308 queue_depth=1 enqueue_lock_wait_us=0 enqueue_us=1 queue_wait_us=4 execute_us=79 result_post_us=5 total_us=89 status=0 [28603,28616][hixl_instance.cpp:107,Run]
[2026-08-24 21:07:58.636782][UC][I] [PERF] component=transport event=transfer_submitted manager=127.0.0.1:8000 target=127.0.0.1:4507 handle=102 transport_handle=102 opcode=1 direct=2 segments=1 bytes=63 submitted_ts_us=1787576878636781 manager_execute_async_ts_us=1787576878636685 backend_execute_async_ts_us=1787576878636691 manager_to_backend_execute_async_us=7 submit_us=95 [28603,28616][transport_manager.cpp:674,ExecuteAsync]
[HIXL_QUERY_PERF] layer=comm_channel request=0x20 mutex_wait_us=0 check_us=0 lookup_us=0 flag_check_us=1 complete_us=1 total_us=2 transfer_elapsed_us=3546 transfer_bytes=7962624 op_desc_count=108 transfer_status=1
[HIXL_QUERY_PERF] layer=adxl_inner request=0x20 context_us=1 req_lock_wait_us=0 lookup_us=0 channel_us=6 cleanup_us=0 total_us=7 status=0 transfer_status=1
[HIXL_QUERY_PERF] layer=comm_engine request=0x20 total_us=10 status=0 transfer_status=1
[2026-08-24 21:07:58.636816][UC][I] [HIXL_WORKER_PERF] task_id=309 queue_depth=1 enqueue_lock_wait_us=0 enqueue_us=1 queue_wait_us=5 execute_us=12 result_post_us=4 total_us=22 status=0 [28603,28616][hixl_instance.cpp:107,Run]
[2026-08-24 21:07:58.636821][UC][I] [QUERY_PERF] component=ucm layer=hixl_instance request=0x20 queue_wait_us=6 backend_us=12 run_post_us=10 total_us=28 api_status=0 transfer_status=1 [28603,28616][hixl_instance.cpp:370,GetTransferStatus]
[2026-08-24 21:07:58.636827][UC][I] [QUERY_PERF] component=ucm layer=hixl_transport handle=84 request=0x20 lifecycle_lock_us=0 pending_lock_wait_us=0 pending_lookup_us=0 instance_us=33 erase_us=0 total_us=33 transfer_status=1 [28603,28616][hixl_transport.cpp:734,GetStatus]
[2026-08-24 21:07:58.636833][UC][I] [QUERY_PERF] component=ucm layer=transport_manager handle=84 transport_handle=84 transfers_lock_wait_us=0 lookup_us=0 transport_us=40 total_us=40 api_status=0 transfer_status=1 [28603,28616][transport_manager.cpp:716,GetStatus]
[2026-08-24 21:07:58.636839][UC][I] [PERF] component=transport event=transfer_done manager=127.0.0.1:8000 target=127.0.0.1:4507 handle=84 transport_handle=84 opcode=1 direct=2 segments=108 bytes=7962624 status=1 api_status=0 submitted_ts_us=1787576878633380 completed_ts_us=1787576878636838 manager_get_status_ts_us=1787576878636792 backend_query_ts_us=1787576878636799 submit_us=137 transfer_us=3458 manager_to_backend_query_us=6 total_us=3595 [28603,28616][transport_manager.cpp:727,GetStatus]
[HIXL_PERF] event=hccl_batch op=1 desc_num=1 hccl_us=51 status=0
[HIXL_PERF] event=issue_hccl_batch op=1 list_num=1 total_us=58
[HIXL_PERF] event=issue_async_host_flag op=1 list_num=1 context_us=0 hccl_issue_us=65 flag_memcpy_us=4 total_us=69
[HIXL_PERF] event=comm_channel_async op=1 list_num=1 mutex_wait_us=0 slot_us=0 host_flag_us=0 record_us=0 issue_us=75 total_us=75
[HIXL_PERF] event=adxl_inner_async op=1 list_num=1 context_us=0 connect_us=0 get_channel_us=1 channel_async_us=82 tail_us=0 total_us=83
[HIXL_PERF] event=comm_engine_async op=1 list_num=1 desc_build_us=1 inner_us=89 total_us=90 status=0
[2026-08-24 21:07:58.636959][UC][I] [HIXL_WORKER_PERF] task_id=310 queue_depth=1 enqueue_lock_wait_us=1 enqueue_us=0 queue_wait_us=4 execute_us=97 result_post_us=5 total_us=107 status=0 [28603,28616][hixl_instance.cpp:107,Run]
[2026-08-24 21:07:58.636966][UC][I] [PERF] component=transport event=transfer_submitted manager=127.0.0.1:8000 target=127.0.0.1:4507 handle=103 transport_handle=103 opcode=1 direct=2 segments=1 bytes=63 submitted_ts_us=1787576878636965 manager_execute_async_ts_us=1787576878636851 backend_execute_async_ts_us=1787576878636857 manager_to_backend_execute_async_us=6 submit_us=114 [28603,28616][transport_manager.cpp:674,ExecuteAsync]
[HIXL_QUERY_PERF] layer=comm_channel request=0x21 mutex_wait_us=0 check_us=0 lookup_us=1 flag_check_us=0 complete_us=1 total_us=2 transfer_elapsed_us=3542 transfer_bytes=7962624 op_desc_count=108 transfer_status=1
[HIXL_QUERY_PERF] layer=adxl_inner request=0x21 context_us=1 req_lock_wait_us=0 lookup_us=1 channel_us=7 cleanup_us=0 total_us=9 status=0 transfer_status=1
[HIXL_QUERY_PERF] layer=comm_engine request=0x21 total_us=12 status=0 transfer_status=1
[2026-08-24 21:07:58.636994][UC][I] [HIXL_WORKER_PERF] task_id=311 queue_depth=1 enqueue_lock_wait_us=0 enqueue_us=0 queue_wait_us=5 execute_us=13 result_post_us=5 total_us=23 status=0 [28603,28616][hixl_instance.cpp:107,Run]
[2026-08-24 21:07:58.636999][UC][I] [QUERY_PERF] component=ucm layer=hixl_instance request=0x21 queue_wait_us=6 backend_us=13 run_post_us=11 total_us=30 api_status=0 transfer_status=1 [28603,28616][hixl_instance.cpp:370,GetTransferStatus]
[2026-08-24 21:07:58.637003][UC][I] [QUERY_PERF] component=ucm layer=hixl_transport handle=86 request=0x21 lifecycle_lock_us=0 pending_lock_wait_us=0 pending_lookup_us=0 instance_us=33 erase_us=0 total_us=33 transfer_status=1 [28603,28616][hixl_transport.cpp:734,GetStatus]
[2026-08-24 21:07:58.637006][UC][I] [QUERY_PERF] component=ucm layer=transport_manager handle=86 transport_handle=86 transfers_lock_wait_us=0 lookup_us=0 transport_us=37 total_us=37 api_status=0 transfer_status=1 [28603,28616][transport_manager.cpp:716,GetStatus]
[2026-08-24 21:07:58.637012][UC][I] [PERF] component=transport event=transfer_done manager=127.0.0.1:8000 target=127.0.0.1:4504 handle=86 transport_handle=86 opcode=1 direct=2 segments=108 bytes=7962624 status=1 api_status=0 submitted_ts_us=1787576878633590 completed_ts_us=1787576878637011 manager_get_status_ts_us=1787576878636969 backend_query_ts_us=1787576878636975 submit_us=168 transfer_us=3420 manager_to_backend_query_us=6 total_us=3588 [28603,28616][transport_manager.cpp:727,GetStatus]
[HIXL_PERF] event=hccl_batch op=1 desc_num=1 hccl_us=53 status=0
[HIXL_PERF] event=issue_hccl_batch op=1 list_num=1 total_us=61
[HIXL_PERF] event=issue_async_host_flag op=1 list_num=1 context_us=0 hccl_issue_us=63 flag_memcpy_us=4 total_us=67
[HIXL_PERF] event=comm_channel_async op=1 list_num=1 mutex_wait_us=0 slot_us=1 host_flag_us=0 record_us=0 issue_us=71 total_us=72
[HIXL_PERF] event=adxl_inner_async op=1 list_num=1 context_us=1 connect_us=0 get_channel_us=0 channel_async_us=81 tail_us=0 total_us=82
[HIXL_PERF] event=comm_engine_async op=1 list_num=1 desc_build_us=0 inner_us=86 total_us=86 status=0
[2026-08-24 21:07:58.637129][UC][I] [HIXL_WORKER_PERF] task_id=312 queue_depth=1 enqueue_lock_wait_us=0 enqueue_us=1 queue_wait_us=4 execute_us=91 result_post_us=5 total_us=101 status=0 [28603,28616][hixl_instance.cpp:107,Run]
[2026-08-24 21:07:58.637141][UC][I] [PERF] component=transport event=transfer_submitted manager=127.0.0.1:8000 target=127.0.0.1:4504 handle=104 transport_handle=104 opcode=1 direct=2 segments=1 bytes=63 submitted_ts_us=1787576878637140 manager_execute_async_ts_us=1787576878637026 backend_execute_async_ts_us=1787576878637032 manager_to_backend_execute_async_us=7 submit_us=113 [28603,28616][transport_manager.cpp:674,ExecuteAsync]
[HIXL_QUERY_PERF] layer=comm_channel request=0x22 mutex_wait_us=0 check_us=0 lookup_us=1 flag_check_us=0 complete_us=1 total_us=2 transfer_elapsed_us=3495 transfer_bytes=7962624 op_desc_count=108 transfer_status=1
[HIXL_QUERY_PERF] layer=adxl_inner request=0x22 context_us=1 req_lock_wait_us=0 lookup_us=0 channel_us=7 cleanup_us=0 total_us=8 status=0 transfer_status=1
[HIXL_QUERY_PERF] layer=comm_engine request=0x22 total_us=11 status=0 transfer_status=1
[2026-08-24 21:07:58.637171][UC][I] [HIXL_WORKER_PERF] task_id=313 queue_depth=1 enqueue_lock_wait_us=0 enqueue_us=1 queue_wait_us=5 execute_us=13 result_post_us=4 total_us=23 status=0 [28603,28616][hixl_instance.cpp:107,Run]
[2026-08-24 21:07:58.637176][UC][I] [QUERY_PERF] component=ucm layer=hixl_instance request=0x22 queue_wait_us=6 backend_us=13 run_post_us=9 total_us=28 api_status=0 transfer_status=1 [28603,28616][hixl_instance.cpp:370,GetTransferStatus]
[2026-08-24 21:07:58.637179][UC][I] [QUERY_PERF] component=ucm layer=hixl_transport handle=87 request=0x22 lifecycle_lock_us=0 pending_lock_wait_us=0 pending_lookup_us=0 instance_us=31 erase_us=0 total_us=31 transfer_status=1 [28603,28616][hixl_transport.cpp:734,GetStatus]
[2026-08-24 21:07:58.637182][UC][I] [QUERY_PERF] component=ucm layer=transport_manager handle=87 transport_handle=87 transfers_lock_wait_us=0 lookup_us=0 transport_us=35 total_us=35 api_status=0 transfer_status=1 [28603,28616][transport_manager.cpp:716,GetStatus]
[2026-08-24 21:07:58.637185][UC][I] [PERF] component=transport event=transfer_done manager=127.0.0.1:8000 target=127.0.0.1:4504 handle=87 transport_handle=87 opcode=1 direct=2 segments=108 bytes=7962624 status=1 api_status=0 submitted_ts_us=1787576878633788 completed_ts_us=1787576878637184 manager_get_status_ts_us=1787576878637146 backend_query_ts_us=1787576878637153 submit_us=140 transfer_us=3396 manager_to_backend_query_us=6 total_us=3536 [28603,28616][transport_manager.cpp:727,GetStatus]
[HIXL_PERF] event=hccl_batch op=1 desc_num=1 hccl_us=63 status=0
[HIXL_PERF] event=issue_hccl_batch op=1 list_num=1 total_us=71
[HIXL_PERF] event=issue_async_host_flag op=1 list_num=1 context_us=1 hccl_issue_us=73 flag_memcpy_us=3 total_us=77
[HIXL_PERF] event=comm_channel_async op=1 list_num=1 mutex_wait_us=0 slot_us=0 host_flag_us=0 record_us=0 issue_us=81 total_us=81
[HIXL_PERF] event=adxl_inner_async op=1 list_num=1 context_us=0 connect_us=0 get_channel_us=1 channel_async_us=86 tail_us=0 total_us=87
[HIXL_PERF] event=comm_engine_async op=1 list_num=1 desc_build_us=0 inner_us=92 total_us=92 status=0
[2026-08-24 21:07:58.637306][UC][I] [HIXL_WORKER_PERF] task_id=314 queue_depth=1 enqueue_lock_wait_us=1 enqueue_us=0 queue_wait_us=5 execute_us=97 result_post_us=5 total_us=108 status=0 [28603,28616][hixl_instance.cpp:107,Run]
[2026-08-24 21:07:58.637312][UC][I] [PERF] component=transport event=transfer_submitted manager=127.0.0.1:8000 target=127.0.0.1:4504 handle=105 transport_handle=105 opcode=1 direct=2 segments=1 bytes=63 submitted_ts_us=1787576878637311 manager_execute_async_ts_us=1787576878637196 backend_execute_async_ts_us=1787576878637203 manager_to_backend_execute_async_us=6 submit_us=114 [28603,28616][transport_manager.cpp:674,ExecuteAsync]
[HIXL_QUERY_PERF] layer=comm_channel request=0x23 mutex_wait_us=0 check_us=0 lookup_us=0 flag_check_us=0 complete_us=1 total_us=1 transfer_elapsed_us=3482 transfer_bytes=7962624 op_desc_count=108 transfer_status=1
[HIXL_QUERY_PERF] layer=adxl_inner request=0x23 context_us=1 req_lock_wait_us=0 lookup_us=1 channel_us=7 cleanup_us=0 total_us=9 status=0 transfer_status=1
[HIXL_QUERY_PERF] layer=comm_engine request=0x23 total_us=12 status=0 transfer_status=1
[2026-08-24 21:07:58.637347][UC][I] [HIXL_WORKER_PERF] task_id=315 queue_depth=1 enqueue_lock_wait_us=0 enqueue_us=1 queue_wait_us=5 execute_us=16 result_post_us=5 total_us=27 status=0 [28603,28616][hixl_instance.cpp:107,Run]
[2026-08-24 21:07:58.637356][UC][I] [QUERY_PERF] component=ucm layer=hixl_instance request=0x23 queue_wait_us=6 backend_us=16 run_post_us=14 total_us=36 api_status=0 transfer_status=1 [28603,28616][hixl_instance.cpp:370,GetTransferStatus]
[2026-08-24 21:07:58.637363][UC][I] [QUERY_PERF] component=ucm layer=hixl_transport handle=89 request=0x23 lifecycle_lock_us=0 pending_lock_wait_us=0 pending_lookup_us=0 instance_us=42 erase_us=0 total_us=42 transfer_status=1 [28603,28616][hixl_transport.cpp:734,GetStatus]
[2026-08-24 21:07:58.637368][UC][I] [QUERY_PERF] component=ucm layer=transport_manager handle=89 transport_handle=89 transfers_lock_wait_us=0 lookup_us=0 transport_us=47 total_us=47 api_status=0 transfer_status=1 [28603,28616][transport_manager.cpp:716,GetStatus]
[2026-08-24 21:07:58.637371][UC][I] [PERF] component=transport event=transfer_done manager=127.0.0.1:8000 target=127.0.0.1:4504 handle=89 transport_handle=89 opcode=1 direct=2 segments=108 bytes=7962624 status=1 api_status=0 submitted_ts_us=1787576878633972 completed_ts_us=1787576878637370 manager_get_status_ts_us=1787576878637319 backend_query_ts_us=1787576878637326 submit_us=138 transfer_us=3398 manager_to_backend_query_us=6 total_us=3536 [28603,28616][transport_manager.cpp:727,GetStatus]
[HIXL_PERF] event=hccl_batch op=1 desc_num=1 hccl_us=52 status=0
[HIXL_PERF] event=issue_hccl_batch op=1 list_num=1 total_us=60
[HIXL_PERF] event=issue_async_host_flag op=1 list_num=1 context_us=0 hccl_issue_us=63 flag_memcpy_us=4 total_us=67
[HIXL_PERF] event=comm_channel_async op=1 list_num=1 mutex_wait_us=0 slot_us=0 host_flag_us=0 record_us=1 issue_us=71 total_us=72
[HIXL_PERF] event=adxl_inner_async op=1 list_num=1 context_us=1 connect_us=0 get_channel_us=0 channel_async_us=77 tail_us=0 total_us=78
[HIXL_PERF] event=comm_engine_async op=1 list_num=1 desc_build_us=0 inner_us=81 total_us=81 status=0
[2026-08-24 21:07:58.637483][UC][I] [HIXL_WORKER_PERF] task_id=316 queue_depth=1 enqueue_lock_wait_us=0 enqueue_us=0 queue_wait_us=5 execute_us=85 result_post_us=5 total_us=95 status=0 [28603,28616][hixl_instance.cpp:107,Run]
[2026-08-24 21:07:58.637490][UC][I] [PERF] component=transport event=transfer_submitted manager=127.0.0.1:8000 target=127.0.0.1:4504 handle=106 transport_handle=106 opcode=1 direct=2 segments=1 bytes=63 submitted_ts_us=1787576878637489 manager_execute_async_ts_us=1787576878637386 backend_execute_async_ts_us=1787576878637392 manager_to_backend_execute_async_us=6 submit_us=103 [28603,28616][transport_manager.cpp:674,ExecuteAsync]
[HIXL_QUERY_PERF] layer=comm_channel request=0x24 mutex_wait_us=0 check_us=0 lookup_us=0 flag_check_us=0 complete_us=1 total_us=1 transfer_elapsed_us=3468 transfer_bytes=7962624 op_desc_count=108 transfer_status=1
[HIXL_QUERY_PERF] layer=adxl_inner request=0x24 context_us=1 req_lock_wait_us=0 lookup_us=0 channel_us=7 cleanup_us=0 total_us=8 status=0 transfer_status=1
[HIXL_QUERY_PERF] layer=comm_engine request=0x24 total_us=11 status=0 transfer_status=1
[2026-08-24 21:07:58.637517][UC][I] [HIXL_WORKER_PERF] task_id=317 queue_depth=1 enqueue_lock_wait_us=1 enqueue_us=0 queue_wait_us=5 execute_us=13 result_post_us=5 total_us=24 status=0 [28603,28616][hixl_instance.cpp:107,Run]
[2026-08-24 21:07:58.637524][UC][I] [QUERY_PERF] component=ucm layer=hixl_instance request=0x24 queue_wait_us=6 backend_us=13 run_post_us=11 total_us=30 api_status=0 transfer_status=1 [28603,28616][hixl_instance.cpp:370,GetTransferStatus]
[2026-08-24 21:07:58.637533][UC][I] [QUERY_PERF] component=ucm layer=hixl_transport handle=91 request=0x24 lifecycle_lock_us=0 pending_lock_wait_us=0 pending_lookup_us=0 instance_us=38 erase_us=1 total_us=39 transfer_status=1 [28603,28616][hixl_transport.cpp:734,GetStatus]
[2026-08-24 21:07:58.637538][UC][I] [QUERY_PERF] component=ucm layer=transport_manager handle=91 transport_handle=91 transfers_lock_wait_us=0 lookup_us=0 transport_us=45 total_us=45 api_status=0 transfer_status=1 [28603,28616][transport_manager.cpp:716,GetStatus]
[2026-08-24 21:07:58.637542][UC][I] [PERF] component=transport event=transfer_done manager=127.0.0.1:8000 target=127.0.0.1:4504 handle=91 transport_handle=91 opcode=1 direct=2 segments=108 bytes=7962624 status=1 api_status=0 submitted_ts_us=1787576878634164 completed_ts_us=1787576878637541 manager_get_status_ts_us=1787576878637493 backend_query_ts_us=1787576878637499 submit_us=144 transfer_us=3377 manager_to_backend_query_us=6 total_us=3521 [28603,28616][transport_manager.cpp:727,GetStatus]
[HIXL_PERF] event=hccl_batch op=1 desc_num=1 hccl_us=54 status=0
[HIXL_PERF] event=issue_hccl_batch op=1 list_num=1 total_us=62
[HIXL_PERF] event=issue_async_host_flag op=1 list_num=1 context_us=0 hccl_issue_us=65 flag_memcpy_us=5 total_us=70
[HIXL_PERF] event=comm_channel_async op=1 list_num=1 mutex_wait_us=0 slot_us=0 host_flag_us=1 record_us=0 issue_us=74 total_us=75
[HIXL_PERF] event=adxl_inner_async op=1 list_num=1 context_us=1 connect_us=0 get_channel_us=0 channel_async_us=78 tail_us=0 total_us=79
[HIXL_PERF] event=comm_engine_async op=1 list_num=1 desc_build_us=0 inner_us=81 total_us=81 status=0
[2026-08-24 21:07:58.637654][UC][I] [HIXL_WORKER_PERF] task_id=318 queue_depth=1 enqueue_lock_wait_us=0 enqueue_us=0 queue_wait_us=5 execute_us=85 result_post_us=6 total_us=96 status=0 [28603,28616][hixl_instance.cpp:107,Run]
[2026-08-24 21:07:58.637661][UC][I] [PERF] component=transport event=transfer_submitted manager=127.0.0.1:8000 target=127.0.0.1:4504 handle=107 transport_handle=107 opcode=1 direct=2 segments=1 bytes=63 submitted_ts_us=1787576878637660 manager_execute_async_ts_us=1787576878637556 backend_execute_async_ts_us=1787576878637562 manager_to_backend_execute_async_us=6 submit_us=103 [28603,28616][transport_manager.cpp:674,ExecuteAsync]
[HIXL_QUERY_PERF] layer=comm_channel request=0x27 mutex_wait_us=0 check_us=0 lookup_us=0 flag_check_us=1 complete_us=1 total_us=2 transfer_elapsed_us=2536 transfer_bytes=63 op_desc_count=1 transfer_status=1
[HIXL_QUERY_PERF] layer=adxl_inner request=0x27 context_us=0 req_lock_wait_us=1 lookup_us=0 channel_us=7 cleanup_us=0 total_us=8 status=0 transfer_status=1
[HIXL_QUERY_PERF] layer=comm_engine request=0x27 total_us=14 status=0 transfer_status=1
[2026-08-24 21:07:58.637693][UC][I] [HIXL_WORKER_PERF] task_id=319 queue_depth=1 enqueue_lock_wait_us=0 enqueue_us=0 queue_wait_us=5 execute_us=18 result_post_us=5 total_us=28 status=0 [28603,28616][hixl_instance.cpp:107,Run]
[2026-08-24 21:07:58.637701][UC][I] [QUERY_PERF] component=ucm layer=hixl_instance request=0x27 queue_wait_us=6 backend_us=17 run_post_us=12 total_us=35 api_status=0 transfer_status=1 [28603,28616][hixl_instance.cpp:370,GetTransferStatus]
[2026-08-24 21:07:58.637707][UC][I] [QUERY_PERF] component=ucm layer=hixl_transport handle=94 request=0x27 lifecycle_lock_us=0 pending_lock_wait_us=0 pending_lookup_us=1 instance_us=41 erase_us=0 total_us=42 transfer_status=1 [28603,28616][hixl_transport.cpp:734,GetStatus]
[2026-08-24 21:07:58.637710][UC][I] [QUERY_PERF] component=ucm layer=transport_manager handle=94 transport_handle=94 transfers_lock_wait_us=0 lookup_us=0 transport_us=46 total_us=46 api_status=0 transfer_status=1 [28603,28616][transport_manager.cpp:716,GetStatus]
[2026-08-24 21:07:58.637714][UC][I] [PERF] component=transport event=transfer_done manager=127.0.0.1:8000 target=127.0.0.1:4502 handle=94 transport_handle=94 opcode=1 direct=2 segments=1 bytes=63 status=1 api_status=0 submitted_ts_us=1787576878635221 completed_ts_us=1787576878637713 manager_get_status_ts_us=1787576878637664 backend_query_ts_us=1787576878637670 submit_us=93 transfer_us=2492 manager_to_backend_query_us=7 total_us=2585 [28603,28616][transport_manager.cpp:727,GetStatus]
[2026-08-24 21:07:58.637728][UC][I] [PERF] component=drampool event=request_done request_id=5 opcode=2 peer=127.0.0.1:4502 batch_size=108 data_bytes=7962624 failed_items=0 status=SUCCESS failed_stage=NONE received_ts_us=1787576878627879 worker_started_ts_us=1787576878631227 data_transfer_submitted_ts_us=1787576878631486 data_transfer_completed_ts_us=1787576878635114 response_submitted_ts_us=1787576878635225 completed_ts_us=1787576878637726 data_tm_execute_async_ts_us=1787576878631269 data_hixl_execute_async_ts_us=1787576878631301 data_tm_get_status_ts_us=1787576878635072 data_hixl_query_handle_ts_us=1787576878635078 response_tm_execute_async_ts_us=1787576878635127 response_hixl_execute_async_ts_us=1787576878635134 response_tm_get_status_ts_us=1787576878637664 response_hixl_query_handle_ts_us=1787576878637670 request_queue_us=3348 metadata_prepare_us=37 taskworker_prepare_us=261 poller_queue_us=3007 data_transfer_us=3628 metadata_settle_us=12 response_slot_wait_us=0 response_submit_us=99 response_transfer_us=2500 data_tm_to_hixl_execute_async_us=32 data_tm_to_hixl_query_handle_us=6 response_tm_to_hixl_execute_async_us=6 response_tm_to_hixl_query_handle_us=7 total_us=9847 [28603,28616][completion_poller.cc:56,LogRequestDone]
[HIXL_QUERY_PERF] layer=comm_channel request=0x28 mutex_wait_us=0 check_us=0 lookup_us=0 flag_check_us=0 complete_us=1 total_us=1 transfer_elapsed_us=2454 transfer_bytes=63 op_desc_count=1 transfer_status=1
[HIXL_QUERY_PERF] layer=adxl_inner request=0x28 context_us=0 req_lock_wait_us=0 lookup_us=1 channel_us=5 cleanup_us=0 total_us=6 status=0 transfer_status=1
[HIXL_QUERY_PERF] layer=comm_engine request=0x28 total_us=10 status=0 transfer_status=1
[2026-08-24 21:07:58.637760][UC][I] [HIXL_WORKER_PERF] task_id=320 queue_depth=1 enqueue_lock_wait_us=0 enqueue_us=1 queue_wait_us=4 execute_us=13 result_post_us=4 total_us=22 status=0 [28603,28616][hixl_instance.cpp:107,Run]
[2026-08-24 21:07:58.637768][UC][I] [QUERY_PERF] component=ucm layer=hixl_instance request=0x28 queue_wait_us=5 backend_us=13 run_post_us=13 total_us=31 api_status=0 transfer_status=1 [28603,28616][hixl_instance.cpp:370,GetTransferStatus]
[2026-08-24 21:07:58.637774][UC][I] [QUERY_PERF] component=ucm layer=hixl_transport handle=95 request=0x28 lifecycle_lock_us=0 pending_lock_wait_us=0 pending_lookup_us=0 instance_us=36 erase_us=0 total_us=36 transfer_status=1 [28603,28616][hixl_transport.cpp:734,GetStatus]
[2026-08-24 21:07:58.637778][UC][I] [QUERY_PERF] component=ucm layer=transport_manager handle=95 transport_handle=95 transfers_lock_wait_us=0 lookup_us=1 transport_us=40 total_us=41 api_status=0 transfer_status=1 [28603,28616][transport_manager.cpp:716,GetStatus]
[2026-08-24 21:07:58.637783][UC][I] [PERF] component=transport event=transfer_done manager=127.0.0.1:8000 target=127.0.0.1:4502 handle=95 transport_handle=95 opcode=1 direct=2 segments=1 bytes=63 status=1 api_status=0 submitted_ts_us=1787576878635378 completed_ts_us=1787576878637782 manager_get_status_ts_us=1787576878637736 backend_query_ts_us=1787576878637742 submit_us=96 transfer_us=2404 manager_to_backend_query_us=6 total_us=2500 [28603,28616][transport_manager.cpp:727,GetStatus]
[2026-08-24 21:07:58.637790][UC][I] [PERF] component=drampool event=request_done request_id=6 opcode=2 peer=127.0.0.1:4502 batch_size=108 data_bytes=7962624 failed_items=0 status=SUCCESS failed_stage=NONE received_ts_us=1787576878627881 worker_started_ts_us=1787576878631488 data_transfer_submitted_ts_us=1787576878631666 data_transfer_completed_ts_us=1787576878635271 response_submitted_ts_us=1787576878635382 completed_ts_us=1787576878637788 data_tm_execute_async_ts_us=1787576878631518 data_hixl_execute_async_ts_us=1787576878631528 data_tm_get_status_ts_us=1787576878635226 data_hixl_query_handle_ts_us=1787576878635232 response_tm_execute_async_ts_us=1787576878635281 response_hixl_execute_async_ts_us=1787576878635287 response_tm_get_status_ts_us=1787576878637736 response_hixl_query_handle_ts_us=1787576878637742 request_queue_us=3608 metadata_prepare_us=15 taskworker_prepare_us=178 poller_queue_us=2831 data_transfer_us=3605 metadata_settle_us=8 response_slot_wait_us=1 response_submit_us=102 response_transfer_us=2406 data_tm_to_hixl_execute_async_us=11 data_tm_to_hixl_query_handle_us=6 response_tm_to_hixl_execute_async_us=6 response_tm_to_hixl_query_handle_us=6 total_us=9907 [28603,28616][completion_poller.cc:56,LogRequestDone]
[HIXL_QUERY_PERF] layer=comm_channel request=0x38 mutex_wait_us=0 check_us=0 lookup_us=1 flag_check_us=0 complete_us=2 total_us=3 transfer_elapsed_us=2359 transfer_bytes=63 op_desc_count=1 transfer_status=1
[HIXL_QUERY_PERF] layer=adxl_inner request=0x38 context_us=1 req_lock_wait_us=0 lookup_us=1 channel_us=12 cleanup_us=1 total_us=15 status=0 transfer_status=1
[HIXL_QUERY_PERF] layer=comm_engine request=0x38 total_us=22 status=0 transfer_status=1
[2026-08-24 21:07:58.637846][UC][I] [HIXL_WORKER_PERF] task_id=321 queue_depth=1 enqueue_lock_wait_us=0 enqueue_us=0 queue_wait_us=8 execute_us=27 result_post_us=5 total_us=40 status=0 [28603,28616][hixl_instance.cpp:107,Run]
[2026-08-24 21:07:58.637851][UC][I] [QUERY_PERF] component=ucm layer=hixl_instance request=0x38 queue_wait_us=8 backend_us=27 run_post_us=11 total_us=46 api_status=0 transfer_status=1 [28603,28616][hixl_instance.cpp:370,GetTransferStatus]
[2026-08-24 21:07:58.637854][UC][I] [QUERY_PERF] component=ucm layer=hixl_transport handle=96 request=0x38 lifecycle_lock_us=0 pending_lock_wait_us=1 pending_lookup_us=0 instance_us=49 erase_us=0 total_us=50 transfer_status=1 [28603,28616][hixl_transport.cpp:734,GetStatus]
[2026-08-24 21:07:58.637857][UC][I] [QUERY_PERF] component=ucm layer=transport_manager handle=96 transport_handle=96 transfers_lock_wait_us=0 lookup_us=0 transport_us=53 total_us=53 api_status=0 transfer_status=1 [28603,28616][transport_manager.cpp:716,GetStatus]
[2026-08-24 21:07:58.637860][UC][I] [PERF] component=transport event=transfer_done manager=127.0.0.1:8000 target=127.0.0.1:4508 handle=96 transport_handle=96 opcode=1 direct=2 segments=1 bytes=63 status=1 api_status=0 submitted_ts_us=1787576878635596 completed_ts_us=1787576878637859 manager_get_status_ts_us=1787576878637804 backend_query_ts_us=1787576878637813 submit_us=147 transfer_us=2263 manager_to_backend_query_us=9 total_us=2410 [28603,28616][transport_manager.cpp:727,GetStatus]
[2026-08-24 21:07:58.637865][UC][I] [PERF] component=drampool event=request_done request_id=3 opcode=2 peer=127.0.0.1:4508 batch_size=108 data_bytes=7962624 failed_items=0 status=SUCCESS failed_stage=NONE received_ts_us=1787576878627883 worker_started_ts_us=1787576878631668 data_transfer_submitted_ts_us=1787576878631940 data_transfer_completed_ts_us=1787576878635439 response_submitted_ts_us=1787576878635604 completed_ts_us=1787576878637863 data_tm_execute_async_ts_us=1787576878631702 data_hixl_execute_async_ts_us=1787576878631713 data_tm_get_status_ts_us=1787576878635382 data_hixl_query_handle_ts_us=1787576878635388 response_tm_execute_async_ts_us=1787576878635448 response_hixl_execute_async_ts_us=1787576878635455 response_tm_get_status_ts_us=1787576878637804 response_hixl_query_handle_ts_us=1787576878637813 request_queue_us=3784 metadata_prepare_us=14 taskworker_prepare_us=274 poller_queue_us=2562 data_transfer_us=3498 metadata_settle_us=8 response_slot_wait_us=0 response_submit_us=157 response_transfer_us=2259 data_tm_to_hixl_execute_async_us=11 data_tm_to_hixl_query_handle_us=6 response_tm_to_hixl_execute_async_us=7 response_tm_to_hixl_query_handle_us=9 total_us=9979 [28603,28616][completion_poller.cc:56,LogRequestDone]
[HIXL_QUERY_PERF] layer=comm_channel request=0x39 mutex_wait_us=0 check_us=0 lookup_us=0 flag_check_us=0 complete_us=1 total_us=1 transfer_elapsed_us=2188 transfer_bytes=63 op_desc_count=1 transfer_status=1
[HIXL_QUERY_PERF] layer=adxl_inner request=0x39 context_us=1 req_lock_wait_us=0 lookup_us=1 channel_us=5 cleanup_us=0 total_us=7 status=0 transfer_status=1
[HIXL_QUERY_PERF] layer=comm_engine request=0x39 total_us=13 status=0 transfer_status=1
[2026-08-24 21:07:58.637896][UC][I] [HIXL_WORKER_PERF] task_id=322 queue_depth=1 enqueue_lock_wait_us=1 enqueue_us=0 queue_wait_us=5 execute_us=15 result_post_us=5 total_us=26 status=0 [28603,28616][hixl_instance.cpp:107,Run]
[2026-08-24 21:07:58.637902][UC][I] [QUERY_PERF] component=ucm layer=hixl_instance request=0x39 queue_wait_us=6 backend_us=15 run_post_us=12 total_us=33 api_status=0 transfer_status=1 [28603,28616][hixl_instance.cpp:370,GetTransferStatus]
[2026-08-24 21:07:58.637909][UC][I] [QUERY_PERF] component=ucm layer=hixl_transport handle=97 request=0x39 lifecycle_lock_us=0 pending_lock_wait_us=0 pending_lookup_us=0 instance_us=39 erase_us=0 total_us=39 transfer_status=1 [28603,28616][hixl_transport.cpp:734,GetStatus]
[2026-08-24 21:07:58.637915][UC][I] [QUERY_PERF] component=ucm layer=transport_manager handle=97 transport_handle=97 transfers_lock_wait_us=0 lookup_us=0 transport_us=45 total_us=45 api_status=0 transfer_status=1 [28603,28616][transport_manager.cpp:716,GetStatus]
[2026-08-24 21:07:58.637918][UC][I] [PERF] component=transport event=transfer_done manager=127.0.0.1:8000 target=127.0.0.1:4508 handle=97 transport_handle=97 opcode=1 direct=2 segments=1 bytes=63 status=1 api_status=0 submitted_ts_us=1787576878635806 completed_ts_us=1787576878637918 manager_get_status_ts_us=1787576878637869 backend_query_ts_us=1787576878637875 submit_us=127 transfer_us=2111 manager_to_backend_query_us=6 total_us=2238 [28603,28616][transport_manager.cpp:727,GetStatus]
[2026-08-24 21:07:58.637927][UC][I] [PERF] component=drampool event=request_done request_id=4 opcode=2 peer=127.0.0.1:4508 batch_size=108 data_bytes=7962624 failed_items=0 status=SUCCESS failed_stage=NONE received_ts_us=1787576878627888 worker_started_ts_us=1787576878631942 data_transfer_submitted_ts_us=1787576878632135 data_transfer_completed_ts_us=1787576878635665 response_submitted_ts_us=1787576878635810 completed_ts_us=1787576878637925 data_tm_execute_async_ts_us=1787576878631962 data_hixl_execute_async_ts_us=1787576878631976 data_tm_get_status_ts_us=1787576878635604 data_hixl_query_handle_ts_us=1787576878635611 response_tm_execute_async_ts_us=1787576878635679 response_hixl_execute_async_ts_us=1787576878635686 response_tm_get_status_ts_us=1787576878637869 response_hixl_query_handle_ts_us=1787576878637875 request_queue_us=4054 metadata_prepare_us=15 taskworker_prepare_us=194 poller_queue_us=2372 data_transfer_us=3530 metadata_settle_us=12 response_slot_wait_us=1 response_submit_us=132 response_transfer_us=2115 data_tm_to_hixl_execute_async_us=13 data_tm_to_hixl_query_handle_us=6 response_tm_to_hixl_execute_async_us=7 response_tm_to_hixl_query_handle_us=6 total_us=10038 [28603,28616][completion_poller.cc:56,LogRequestDone]
[HIXL_QUERY_PERF] layer=comm_channel request=0x3a mutex_wait_us=0 check_us=0 lookup_us=0 flag_check_us=0 complete_us=1 total_us=1 transfer_elapsed_us=2028 transfer_bytes=63 op_desc_count=1 transfer_status=1
[HIXL_QUERY_PERF] layer=adxl_inner request=0x3a context_us=1 req_lock_wait_us=0 lookup_us=1 channel_us=8 cleanup_us=0 total_us=10 status=0 transfer_status=1
[HIXL_QUERY_PERF] layer=comm_engine request=0x3a total_us=15 status=0 transfer_status=1
[2026-08-24 21:07:58.637962][UC][I] [HIXL_WORKER_PERF] task_id=323 queue_depth=1 enqueue_lock_wait_us=0 enqueue_us=0 queue_wait_us=5 execute_us=18 result_post_us=5 total_us=28 status=0 [28603,28616][hixl_instance.cpp:107,Run]
[2026-08-24 21:07:58.637968][UC][I] [QUERY_PERF] component=ucm layer=hixl_instance request=0x3a queue_wait_us=6 backend_us=18 run_post_us=12 total_us=36 api_status=0 transfer_status=1 [28603,28616][hixl_instance.cpp:370,GetTransferStatus]
[2026-08-24 21:07:58.637972][UC][I] [QUERY_PERF] component=ucm layer=hixl_transport handle=98 request=0x3a lifecycle_lock_us=0 pending_lock_wait_us=0 pending_lookup_us=0 instance_us=39 erase_us=0 total_us=39 transfer_status=1 [28603,28616][hixl_transport.cpp:734,GetStatus]
[2026-08-24 21:07:58.637978][UC][I] [QUERY_PERF] component=ucm layer=transport_manager handle=98 transport_handle=98 transfers_lock_wait_us=0 lookup_us=0 transport_us=45 total_us=45 api_status=0 transfer_status=1 [28603,28616][transport_manager.cpp:716,GetStatus]
[2026-08-24 21:07:58.637982][UC][I] [PERF] component=transport event=transfer_done manager=127.0.0.1:8000 target=127.0.0.1:4508 handle=98 transport_handle=98 opcode=1 direct=2 segments=1 bytes=63 status=1 api_status=0 submitted_ts_us=1787576878636026 completed_ts_us=1787576878637981 manager_get_status_ts_us=1787576878637932 backend_query_ts_us=1787576878637938 submit_us=125 transfer_us=1955 manager_to_backend_query_us=6 total_us=2080 [28603,28616][transport_manager.cpp:727,GetStatus]
[2026-08-24 21:07:58.637987][UC][I] [PERF] component=drampool event=request_done request_id=5 opcode=2 peer=127.0.0.1:4508 batch_size=108 data_bytes=7962624 failed_items=0 status=SUCCESS failed_stage=NONE received_ts_us=1787576878627891 worker_started_ts_us=1787576878632137 data_transfer_submitted_ts_us=1787576878632382 data_transfer_completed_ts_us=1787576878635884 response_submitted_ts_us=1787576878636029 completed_ts_us=1787576878637985 data_tm_execute_async_ts_us=1787576878632173 data_hixl_execute_async_ts_us=1787576878632216 data_tm_get_status_ts_us=1787576878635811 data_hixl_query_handle_ts_us=1787576878635817 response_tm_execute_async_ts_us=1787576878635900 response_hixl_execute_async_ts_us=1787576878635909 response_tm_get_status_ts_us=1787576878637932 response_hixl_query_handle_ts_us=1787576878637938 request_queue_us=4246 metadata_prepare_us=30 taskworker_prepare_us=246 poller_queue_us=2128 data_transfer_us=3503 metadata_settle_us=13 response_slot_wait_us=1 response_submit_us=130 response_transfer_us=1955 data_tm_to_hixl_execute_async_us=43 data_tm_to_hixl_query_handle_us=7 response_tm_to_hixl_execute_async_us=9 response_tm_to_hixl_query_handle_us=6 total_us=10094 [28603,28616][completion_poller.cc:56,LogRequestDone]
[HIXL_QUERY_PERF] layer=comm_channel request=0x3b mutex_wait_us=0 check_us=0 lookup_us=0 flag_check_us=1 complete_us=1 total_us=2 transfer_elapsed_us=1875 transfer_bytes=63 op_desc_count=1 transfer_status=1
[HIXL_QUERY_PERF] layer=adxl_inner request=0x3b context_us=1 req_lock_wait_us=0 lookup_us=0 channel_us=6 cleanup_us=0 total_us=7 status=0 transfer_status=1
[HIXL_QUERY_PERF] layer=comm_engine request=0x3b total_us=11 status=0 transfer_status=1
[2026-08-24 21:07:58.638019][UC][I] [HIXL_WORKER_PERF] task_id=324 queue_depth=1 enqueue_lock_wait_us=0 enqueue_us=0 queue_wait_us=6 execute_us=12 result_post_us=6 total_us=24 status=0 [28603,28616][hixl_instance.cpp:107,Run]
[2026-08-24 21:07:58.638026][UC][I] [QUERY_PERF] component=ucm layer=hixl_instance request=0x3b queue_wait_us=6 backend_us=12 run_post_us=13 total_us=31 api_status=0 transfer_status=1 [28603,28616][hixl_instance.cpp:370,GetTransferStatus]
[2026-08-24 21:07:58.638031][UC][I] [QUERY_PERF] component=ucm layer=hixl_transport handle=99 request=0x3b lifecycle_lock_us=0 pending_lock_wait_us=0 pending_lookup_us=0 instance_us=35 erase_us=0 total_us=35 transfer_status=1 [28603,28616][hixl_transport.cpp:734,GetStatus]
[2026-08-24 21:07:58.638033][UC][I] [QUERY_PERF] component=ucm layer=transport_manager handle=99 transport_handle=99 transfers_lock_wait_us=0 lookup_us=0 transport_us=38 total_us=38 api_status=0 transfer_status=1 [28603,28616][transport_manager.cpp:716,GetStatus]
[2026-08-24 21:07:58.638036][UC][I] [PERF] component=transport event=transfer_done manager=127.0.0.1:8000 target=127.0.0.1:4508 handle=99 transport_handle=99 opcode=1 direct=2 segments=1 bytes=63 status=1 api_status=0 submitted_ts_us=1787576878636246 completed_ts_us=1787576878638036 manager_get_status_ts_us=1787576878637994 backend_query_ts_us=1787576878638000 submit_us=130 transfer_us=1790 manager_to_backend_query_us=6 total_us=1920 [28603,28616][transport_manager.cpp:727,GetStatus]
[2026-08-24 21:07:58.638043][UC][I] [PERF] component=drampool event=request_done request_id=6 opcode=2 peer=127.0.0.1:4508 batch_size=108 data_bytes=7962624 failed_items=0 status=SUCCESS failed_stage=NONE received_ts_us=1787576878627893 worker_started_ts_us=1787576878632383 data_transfer_submitted_ts_us=1787576878632581 data_transfer_completed_ts_us=1787576878636100 response_submitted_ts_us=1787576878636251 completed_ts_us=1787576878638041 data_tm_execute_async_ts_us=1787576878632402 data_hixl_execute_async_ts_us=1787576878632413 data_tm_get_status_ts_us=1787576878636030 data_hixl_query_handle_ts_us=1787576878636037 response_tm_execute_async_ts_us=1787576878636116 response_hixl_execute_async_ts_us=1787576878636125 response_tm_get_status_ts_us=1787576878637994 response_hixl_query_handle_ts_us=1787576878638000 request_queue_us=4490 metadata_prepare_us=14 taskworker_prepare_us=199 poller_queue_us=1932 data_transfer_us=3519 metadata_settle_us=14 response_slot_wait_us=1 response_submit_us=136 response_transfer_us=1790 data_tm_to_hixl_execute_async_us=11 data_tm_to_hixl_query_handle_us=7 response_tm_to_hixl_execute_async_us=9 response_tm_to_hixl_query_handle_us=6 total_us=10148 [28603,28616][completion_poller.cc:56,LogRequestDone]
[HIXL_QUERY_PERF] layer=comm_channel request=0x29 mutex_wait_us=0 check_us=0 lookup_us=0 flag_check_us=0 complete_us=1 total_us=1 transfer_elapsed_us=1727 transfer_bytes=63 op_desc_count=1 transfer_status=1
[HIXL_QUERY_PERF] layer=adxl_inner request=0x29 context_us=0 req_lock_wait_us=0 lookup_us=1 channel_us=6 cleanup_us=0 total_us=7 status=0 transfer_status=1
[HIXL_QUERY_PERF] layer=comm_engine request=0x29 total_us=12 status=0 transfer_status=1
[2026-08-24 21:07:58.638076][UC][I] [HIXL_WORKER_PERF] task_id=325 queue_depth=1 enqueue_lock_wait_us=1 enqueue_us=0 queue_wait_us=4 execute_us=14 result_post_us=5 total_us=24 status=0 [28603,28616][hixl_instance.cpp:107,Run]
[2026-08-24 21:07:58.638085][UC][I] [QUERY_PERF] component=ucm layer=hixl_instance request=0x29 queue_wait_us=6 backend_us=13 run_post_us=14 total_us=33 api_status=0 transfer_status=1 [28603,28616][hixl_instance.cpp:370,GetTransferStatus]
[2026-08-24 21:07:58.638090][UC][I] [QUERY_PERF] component=ucm layer=hixl_transport handle=100 request=0x29 lifecycle_lock_us=0 pending_lock_wait_us=0 pending_lookup_us=0 instance_us=37 erase_us=0 total_us=37 transfer_status=1 [28603,28616][hixl_transport.cpp:734,GetStatus]
[2026-08-24 21:07:58.638093][UC][I] [QUERY_PERF] component=ucm layer=transport_manager handle=100 transport_handle=100 transfers_lock_wait_us=0 lookup_us=0 transport_us=41 total_us=41 api_status=0 transfer_status=1 [28603,28616][transport_manager.cpp:716,GetStatus]
[2026-08-24 21:07:58.638096][UC][I] [PERF] component=transport event=transfer_done manager=127.0.0.1:8000 target=127.0.0.1:4507 handle=100 transport_handle=100 opcode=1 direct=2 segments=1 bytes=63 status=1 api_status=0 submitted_ts_us=1787576878636434 completed_ts_us=1787576878638095 manager_get_status_ts_us=1787576878638052 backend_query_ts_us=1787576878638057 submit_us=111 transfer_us=1661 manager_to_backend_query_us=6 total_us=1772 [28603,28616][transport_manager.cpp:727,GetStatus]
[2026-08-24 21:07:58.638104][UC][I] [PERF] component=drampool event=request_done request_id=3 opcode=2 peer=127.0.0.1:4507 batch_size=108 data_bytes=7962624 failed_items=0 status=SUCCESS failed_stage=NONE received_ts_us=1787576878627895 worker_started_ts_us=1787576878632583 data_transfer_submitted_ts_us=1787576878632769 data_transfer_completed_ts_us=1787576878636307 response_submitted_ts_us=1787576878636448 completed_ts_us=1787576878638102 data_tm_execute_async_ts_us=1787576878632617 data_hixl_execute_async_ts_us=1787576878632628 data_tm_get_status_ts_us=1787576878636251 data_hixl_query_handle_ts_us=1787576878636260 response_tm_execute_async_ts_us=1787576878636322 response_hixl_execute_async_ts_us=1787576878636330 response_tm_get_status_ts_us=1787576878638052 response_hixl_query_handle_ts_us=1787576878638057 request_queue_us=4687 metadata_prepare_us=30 taskworker_prepare_us=187 poller_queue_us=1747 data_transfer_us=3538 metadata_settle_us=14 response_slot_wait_us=0 response_submit_us=127 response_transfer_us=1654 data_tm_to_hixl_execute_async_us=10 data_tm_to_hixl_query_handle_us=8 response_tm_to_hixl_execute_async_us=7 response_tm_to_hixl_query_handle_us=6 total_us=10206 [28603,28616][completion_poller.cc:56,LogRequestDone]
[HIXL_QUERY_PERF] layer=comm_channel request=0x2a mutex_wait_us=0 check_us=0 lookup_us=0 flag_check_us=0 complete_us=0 total_us=0 transfer_elapsed_us=1602 transfer_bytes=63 op_desc_count=1 transfer_status=1
[HIXL_QUERY_PERF] layer=adxl_inner request=0x2a context_us=1 req_lock_wait_us=0 lookup_us=0 channel_us=7 cleanup_us=0 total_us=8 status=0 transfer_status=1
[HIXL_QUERY_PERF] layer=comm_engine request=0x2a total_us=14 status=0 transfer_status=1
[2026-08-24 21:07:58.638138][UC][I] [HIXL_WORKER_PERF] task_id=326 queue_depth=1 enqueue_lock_wait_us=0 enqueue_us=1 queue_wait_us=4 execute_us=18 result_post_us=5 total_us=28 status=0 [28603,28616][hixl_instance.cpp:107,Run]
[2026-08-24 21:07:58.638144][UC][I] [QUERY_PERF] component=ucm layer=hixl_instance request=0x2a queue_wait_us=5 backend_us=18 run_post_us=11 total_us=34 api_status=0 transfer_status=1 [28603,28616][hixl_instance.cpp:370,GetTransferStatus]
[2026-08-24 21:07:58.638148][UC][I] [QUERY_PERF] component=ucm layer=hixl_transport handle=101 request=0x2a lifecycle_lock_us=0 pending_lock_wait_us=0 pending_lookup_us=0 instance_us=37 erase_us=0 total_us=37 transfer_status=1 [28603,28616][hixl_transport.cpp:734,GetStatus]
[2026-08-24 21:07:58.638151][UC][I] [QUERY_PERF] component=ucm layer=transport_manager handle=101 transport_handle=101 transfers_lock_wait_us=0 lookup_us=0 transport_us=41 total_us=41 api_status=0 transfer_status=1 [28603,28616][transport_manager.cpp:716,GetStatus]
[2026-08-24 21:07:58.638154][UC][I] [PERF] component=transport event=transfer_done manager=127.0.0.1:8000 target=127.0.0.1:4507 handle=101 transport_handle=101 opcode=1 direct=2 segments=1 bytes=63 status=1 api_status=0 submitted_ts_us=1787576878636611 completed_ts_us=1787576878638153 manager_get_status_ts_us=1787576878638109 backend_query_ts_us=1787576878638115 submit_us=106 transfer_us=1543 manager_to_backend_query_us=5 total_us=1649 [28603,28616][transport_manager.cpp:727,GetStatus]
[2026-08-24 21:07:58.638159][UC][I] [PERF] component=drampool event=request_done request_id=4 opcode=2 peer=127.0.0.1:4507 batch_size=108 data_bytes=7962624 failed_items=0 status=SUCCESS failed_stage=NONE received_ts_us=1787576878627898 worker_started_ts_us=1787576878632771 data_transfer_submitted_ts_us=1787576878632971 data_transfer_completed_ts_us=1787576878636493 response_submitted_ts_us=1787576878636620 completed_ts_us=1787576878638157 data_tm_execute_async_ts_us=1787576878632809 data_hixl_execute_async_ts_us=1787576878632820 data_tm_get_status_ts_us=1787576878636449 data_hixl_query_handle_ts_us=1787576878636456 response_tm_execute_async_ts_us=1787576878636504 response_hixl_execute_async_ts_us=1787576878636512 response_tm_get_status_ts_us=1787576878638109 response_hixl_query_handle_ts_us=1787576878638115 request_queue_us=4873 metadata_prepare_us=34 taskworker_prepare_us=201 poller_queue_us=1548 data_transfer_us=3523 metadata_settle_us=9 response_slot_wait_us=0 response_submit_us=117 response_transfer_us=1537 data_tm_to_hixl_execute_async_us=11 data_tm_to_hixl_query_handle_us=7 response_tm_to_hixl_execute_async_us=8 response_tm_to_hixl_query_handle_us=5 total_us=10259 [28603,28616][completion_poller.cc:56,LogRequestDone]
[HIXL_QUERY_PERF] layer=comm_channel request=0x2b mutex_wait_us=0 check_us=0 lookup_us=0 flag_check_us=0 complete_us=1 total_us=1 transfer_elapsed_us=1483 transfer_bytes=63 op_desc_count=1 transfer_status=1
[HIXL_QUERY_PERF] layer=adxl_inner request=0x2b context_us=0 req_lock_wait_us=0 lookup_us=1 channel_us=6 cleanup_us=0 total_us=7 status=0 transfer_status=1
[HIXL_QUERY_PERF] layer=comm_engine request=0x2b total_us=10 status=0 transfer_status=1
[2026-08-24 21:07:58.638193][UC][I] [HIXL_WORKER_PERF] task_id=327 queue_depth=1 enqueue_lock_wait_us=0 enqueue_us=0 queue_wait_us=5 execute_us=12 result_post_us=4 total_us=21 status=0 [28603,28616][hixl_instance.cpp:107,Run]
[2026-08-24 21:07:58.638199][UC][I] [QUERY_PERF] component=ucm layer=hixl_instance request=0x2b queue_wait_us=5 backend_us=12 run_post_us=11 total_us=28 api_status=0 transfer_status=1 [28603,28616][hixl_instance.cpp:370,GetTransferStatus]
[2026-08-24 21:07:58.638205][UC][I] [QUERY_PERF] component=ucm layer=hixl_transport handle=102 request=0x2b lifecycle_lock_us=0 pending_lock_wait_us=0 pending_lookup_us=1 instance_us=33 erase_us=0 total_us=34 transfer_status=1 [28603,28616][hixl_transport.cpp:734,GetStatus]
[2026-08-24 21:07:58.638211][UC][I] [QUERY_PERF] component=ucm layer=transport_manager handle=102 transport_handle=102 transfers_lock_wait_us=0 lookup_us=0 transport_us=40 total_us=40 api_status=0 transfer_status=1 [28603,28616][transport_manager.cpp:716,GetStatus]
[2026-08-24 21:07:58.638216][UC][I] [PERF] component=transport event=transfer_done manager=127.0.0.1:8000 target=127.0.0.1:4507 handle=102 transport_handle=102 opcode=1 direct=2 segments=1 bytes=63 status=1 api_status=0 submitted_ts_us=1787576878636781 completed_ts_us=1787576878638216 manager_get_status_ts_us=1787576878638170 backend_query_ts_us=1787576878638176 submit_us=95 transfer_us=1435 manager_to_backend_query_us=6 total_us=1530 [28603,28616][transport_manager.cpp:727,GetStatus]
[2026-08-24 21:07:58.638222][UC][I] [PERF] component=drampool event=request_done request_id=5 opcode=2 peer=127.0.0.1:4507 batch_size=108 data_bytes=7962624 failed_items=0 status=SUCCESS failed_stage=NONE received_ts_us=1787576878627900 worker_started_ts_us=1787576878632972 data_transfer_submitted_ts_us=1787576878633182 data_transfer_completed_ts_us=1787576878636676 response_submitted_ts_us=1787576878636792 completed_ts_us=1787576878638220 data_tm_execute_async_ts_us=1787576878633010 data_hixl_execute_async_ts_us=1787576878633020 data_tm_get_status_ts_us=1787576878636621 data_hixl_query_handle_ts_us=1787576878636627 response_tm_execute_async_ts_us=1787576878636685 response_hixl_execute_async_ts_us=1787576878636691 response_tm_get_status_ts_us=1787576878638170 response_hixl_query_handle_ts_us=1787576878638176 request_queue_us=5072 metadata_prepare_us=34 taskworker_prepare_us=211 poller_queue_us=1341 data_transfer_us=3494 metadata_settle_us=8 response_slot_wait_us=0 response_submit_us=108 response_transfer_us=1428 data_tm_to_hixl_execute_async_us=10 data_tm_to_hixl_query_handle_us=6 response_tm_to_hixl_execute_async_us=7 response_tm_to_hixl_query_handle_us=6 total_us=10321 [28603,28616][completion_poller.cc:56,LogRequestDone]
[HIXL_QUERY_PERF] layer=comm_channel request=0x2c mutex_wait_us=0 check_us=0 lookup_us=0 flag_check_us=0 complete_us=1 total_us=1 transfer_elapsed_us=1373 transfer_bytes=63 op_desc_count=1 transfer_status=1
[HIXL_QUERY_PERF] layer=adxl_inner request=0x2c context_us=1 req_lock_wait_us=0 lookup_us=0 channel_us=5 cleanup_us=1 total_us=7 status=0 transfer_status=1
[HIXL_QUERY_PERF] layer=comm_engine request=0x2c total_us=9 status=0 transfer_status=1
[2026-08-24 21:07:58.638246][UC][I] [HIXL_WORKER_PERF] task_id=328 queue_depth=1 enqueue_lock_wait_us=0 enqueue_us=0 queue_wait_us=5 execute_us=11 result_post_us=4 total_us=20 status=0 [28603,28616][hixl_instance.cpp:107,Run]
[2026-08-24 21:07:58.638253][UC][I] [QUERY_PERF] component=ucm layer=hixl_instance request=0x2c queue_wait_us=5 backend_us=11 run_post_us=11 total_us=27 api_status=0 transfer_status=1 [28603,28616][hixl_instance.cpp:370,GetTransferStatus]
[2026-08-24 21:07:58.638258][UC][I] [QUERY_PERF] component=ucm layer=hixl_transport handle=103 request=0x2c lifecycle_lock_us=0 pending_lock_wait_us=0 pending_lookup_us=0 instance_us=30 erase_us=0 total_us=30 transfer_status=1 [28603,28616][hixl_transport.cpp:734,GetStatus]
[2026-08-24 21:07:58.638262][UC][I] [QUERY_PERF] component=ucm layer=transport_manager handle=103 transport_handle=103 transfers_lock_wait_us=0 lookup_us=0 transport_us=37 total_us=37 api_status=0 transfer_status=1 [28603,28616][transport_manager.cpp:716,GetStatus]
[2026-08-24 21:07:58.638269][UC][I] [PERF] component=transport event=transfer_done manager=127.0.0.1:8000 target=127.0.0.1:4507 handle=103 transport_handle=103 opcode=1 direct=2 segments=1 bytes=63 status=1 api_status=0 submitted_ts_us=1787576878636965 completed_ts_us=1787576878638268 manager_get_status_ts_us=1787576878638225 backend_query_ts_us=1787576878638231 submit_us=114 transfer_us=1303 manager_to_backend_query_us=6 total_us=1417 [28603,28616][transport_manager.cpp:727,GetStatus]
[2026-08-24 21:07:58.638282][UC][I] [PERF] component=drampool event=request_done request_id=6 opcode=2 peer=127.0.0.1:4507 batch_size=108 data_bytes=7962624 failed_items=0 status=SUCCESS failed_stage=NONE received_ts_us=1787576878627906 worker_started_ts_us=1787576878633184 data_transfer_submitted_ts_us=1787576878633386 data_transfer_completed_ts_us=1787576878636842 response_submitted_ts_us=1787576878636968 completed_ts_us=1787576878638280 data_tm_execute_async_ts_us=1787576878633232 data_hixl_execute_async_ts_us=1787576878633251 data_tm_get_status_ts_us=1787576878636792 data_hixl_query_handle_ts_us=1787576878636799 response_tm_execute_async_ts_us=1787576878636851 response_hixl_execute_async_ts_us=1787576878636857 response_tm_get_status_ts_us=1787576878638225 response_hixl_query_handle_ts_us=1787576878638231 request_queue_us=5278 metadata_prepare_us=35 taskworker_prepare_us=203 poller_queue_us=1140 data_transfer_us=3456 metadata_settle_us=7 response_slot_wait_us=1 response_submit_us=118 response_transfer_us=1312 data_tm_to_hixl_execute_async_us=18 data_tm_to_hixl_query_handle_us=6 response_tm_to_hixl_execute_async_us=6 response_tm_to_hixl_query_handle_us=6 total_us=10375 [28603,28616][completion_poller.cc:56,LogRequestDone]
[HIXL_QUERY_PERF] layer=comm_channel request=0x2d mutex_wait_us=0 check_us=0 lookup_us=1 flag_check_us=0 complete_us=0 total_us=1 transfer_elapsed_us=1259 transfer_bytes=63 op_desc_count=1 transfer_status=1
[HIXL_QUERY_PERF] layer=adxl_inner request=0x2d context_us=1 req_lock_wait_us=0 lookup_us=0 channel_us=6 cleanup_us=1 total_us=8 status=0 transfer_status=1
[HIXL_QUERY_PERF] layer=comm_engine request=0x2d total_us=10 status=0 transfer_status=1
[2026-08-24 21:07:58.638310][UC][I] [HIXL_WORKER_PERF] task_id=329 queue_depth=1 enqueue_lock_wait_us=0 enqueue_us=1 queue_wait_us=4 execute_us=14 result_post_us=4 total_us=23 status=0 [28603,28616][hixl_instance.cpp:107,Run]
[2026-08-24 21:07:58.638318][UC][I] [QUERY_PERF] component=ucm layer=hixl_instance request=0x2d queue_wait_us=5 backend_us=14 run_post_us=12 total_us=31 api_status=0 transfer_status=1 [28603,28616][hixl_instance.cpp:370,GetTransferStatus]
[2026-08-24 21:07:58.638321][UC][I] [QUERY_PERF] component=ucm layer=hixl_transport handle=104 request=0x2d lifecycle_lock_us=0 pending_lock_wait_us=0 pending_lookup_us=0 instance_us=34 erase_us=0 total_us=34 transfer_status=1 [28603,28616][hixl_transport.cpp:734,GetStatus]
[2026-08-24 21:07:58.638324][UC][I] [QUERY_PERF] component=ucm layer=transport_manager handle=104 transport_handle=104 transfers_lock_wait_us=0 lookup_us=0 transport_us=37 total_us=37 api_status=0 transfer_status=1 [28603,28616][transport_manager.cpp:716,GetStatus]
[2026-08-24 21:07:58.638327][UC][I] [PERF] component=transport event=transfer_done manager=127.0.0.1:8000 target=127.0.0.1:4504 handle=104 transport_handle=104 opcode=1 direct=2 segments=1 bytes=63 status=1 api_status=0 submitted_ts_us=1787576878637140 completed_ts_us=1787576878638326 manager_get_status_ts_us=1787576878638286 backend_query_ts_us=1787576878638292 submit_us=113 transfer_us=1187 manager_to_backend_query_us=5 total_us=1300 [28603,28616][transport_manager.cpp:727,GetStatus]
[2026-08-24 21:07:58.638332][UC][I] [PERF] component=drampool event=request_done request_id=3 opcode=2 peer=127.0.0.1:4504 batch_size=108 data_bytes=7962624 failed_items=0 status=SUCCESS failed_stage=NONE received_ts_us=1787576878627995 worker_started_ts_us=1787576878633388 data_transfer_submitted_ts_us=1787576878633605 data_transfer_completed_ts_us=1787576878637018 response_submitted_ts_us=1787576878637146 completed_ts_us=1787576878638330 data_tm_execute_async_ts_us=1787576878633422 data_hixl_execute_async_ts_us=1787576878633431 data_tm_get_status_ts_us=1787576878636969 data_hixl_query_handle_ts_us=1787576878636975 response_tm_execute_async_ts_us=1787576878637026 response_hixl_execute_async_ts_us=1787576878637032 response_tm_get_status_ts_us=1787576878638286 response_hixl_query_handle_ts_us=1787576878638292 request_queue_us=5393 metadata_prepare_us=16 taskworker_prepare_us=218 poller_queue_us=924 data_transfer_us=3413 metadata_settle_us=7 response_slot_wait_us=0 response_submit_us=121 response_transfer_us=1184 data_tm_to_hixl_execute_async_us=10 data_tm_to_hixl_query_handle_us=6 response_tm_to_hixl_execute_async_us=7 response_tm_to_hixl_query_handle_us=5 total_us=10335 [28603,28616][completion_poller.cc:56,LogRequestDone]
[HIXL_QUERY_PERF] layer=comm_channel request=0x2e mutex_wait_us=0 check_us=0 lookup_us=0 flag_check_us=0 complete_us=1 total_us=1 transfer_elapsed_us=1143 transfer_bytes=63 op_desc_count=1 transfer_status=1
[HIXL_QUERY_PERF] layer=adxl_inner request=0x2e context_us=1 req_lock_wait_us=0 lookup_us=0 channel_us=6 cleanup_us=1 total_us=8 status=0 transfer_status=1
[HIXL_QUERY_PERF] layer=comm_engine request=0x2e total_us=11 status=0 transfer_status=1
[2026-08-24 21:07:58.638364][UC][I] [HIXL_WORKER_PERF] task_id=330 queue_depth=1 enqueue_lock_wait_us=0 enqueue_us=0 queue_wait_us=5 execute_us=13 result_post_us=4 total_us=22 status=0 [28603,28616][hixl_instance.cpp:107,Run]
[2026-08-24 21:07:58.638369][UC][I] [QUERY_PERF] component=ucm layer=hixl_instance request=0x2e queue_wait_us=5 backend_us=13 run_post_us=9 total_us=27 api_status=0 transfer_status=1 [28603,28616][hixl_instance.cpp:370,GetTransferStatus]
[2026-08-24 21:07:58.638373][UC][I] [QUERY_PERF] component=ucm layer=hixl_transport handle=105 request=0x2e lifecycle_lock_us=0 pending_lock_wait_us=0 pending_lookup_us=0 instance_us=30 erase_us=0 total_us=30 transfer_status=1 [28603,28616][hixl_transport.cpp:734,GetStatus]
[2026-08-24 21:07:58.638375][UC][I] [QUERY_PERF] component=ucm layer=transport_manager handle=105 transport_handle=105 transfers_lock_wait_us=0 lookup_us=0 transport_us=34 total_us=34 api_status=0 transfer_status=1 [28603,28616][transport_manager.cpp:716,GetStatus]
[2026-08-24 21:07:58.638378][UC][I] [PERF] component=transport event=transfer_done manager=127.0.0.1:8000 target=127.0.0.1:4504 handle=105 transport_handle=105 opcode=1 direct=2 segments=1 bytes=63 status=1 api_status=0 submitted_ts_us=1787576878637311 completed_ts_us=1787576878638377 manager_get_status_ts_us=1787576878638341 backend_query_ts_us=1787576878638347 submit_us=114 transfer_us=1066 manager_to_backend_query_us=6 total_us=1180 [28603,28616][transport_manager.cpp:727,GetStatus]
[2026-08-24 21:07:58.638383][UC][I] [PERF] component=drampool event=request_done request_id=4 opcode=2 peer=127.0.0.1:4504 batch_size=108 data_bytes=7962624 failed_items=0 status=SUCCESS failed_stage=NONE received_ts_us=1787576878628032 worker_started_ts_us=1787576878633607 data_transfer_submitted_ts_us=1787576878633793 data_transfer_completed_ts_us=1787576878637188 response_submitted_ts_us=1787576878637319 completed_ts_us=1787576878638381 data_tm_execute_async_ts_us=1787576878633642 data_hixl_execute_async_ts_us=1787576878633656 data_tm_get_status_ts_us=1787576878637146 data_hixl_query_handle_ts_us=1787576878637153 response_tm_execute_async_ts_us=1787576878637196 response_hixl_execute_async_ts_us=1787576878637203 response_tm_get_status_ts_us=1787576878638341 response_hixl_query_handle_ts_us=1787576878638347 request_queue_us=5575 metadata_prepare_us=30 taskworker_prepare_us=187 poller_queue_us=739 data_transfer_us=3394 metadata_settle_us=7 response_slot_wait_us=0 response_submit_us=124 response_transfer_us=1062 data_tm_to_hixl_execute_async_us=14 data_tm_to_hixl_query_handle_us=6 response_tm_to_hixl_execute_async_us=6 response_tm_to_hixl_query_handle_us=6 total_us=10349 [28603,28616][completion_poller.cc:56,LogRequestDone]
[HIXL_QUERY_PERF] layer=comm_channel request=0x2f mutex_wait_us=0 check_us=0 lookup_us=0 flag_check_us=0 complete_us=1 total_us=1 transfer_elapsed_us=1000 transfer_bytes=63 op_desc_count=1 transfer_status=1
[HIXL_QUERY_PERF] layer=adxl_inner request=0x2f context_us=0 req_lock_wait_us=0 lookup_us=1 channel_us=9 cleanup_us=0 total_us=10 status=0 transfer_status=1
[HIXL_QUERY_PERF] layer=comm_engine request=0x2f total_us=14 status=0 transfer_status=1
[2026-08-24 21:07:58.638414][UC][I] [HIXL_WORKER_PERF] task_id=331 queue_depth=1 enqueue_lock_wait_us=0 enqueue_us=0 queue_wait_us=4 execute_us=17 result_post_us=4 total_us=25 status=0 [28603,28616][hixl_instance.cpp:107,Run]
[2026-08-24 21:07:58.638421][UC][I] [QUERY_PERF] component=ucm layer=hixl_instance request=0x2f queue_wait_us=5 backend_us=16 run_post_us=11 total_us=32 api_status=0 transfer_status=1 [28603,28616][hixl_instance.cpp:370,GetTransferStatus]
[2026-08-24 21:07:58.638428][UC][I] [QUERY_PERF] component=ucm layer=hixl_transport handle=106 request=0x2f lifecycle_lock_us=0 pending_lock_wait_us=0 pending_lookup_us=0 instance_us=39 erase_us=0 total_us=39 transfer_status=1 [28603,28616][hixl_transport.cpp:734,GetStatus]
[2026-08-24 21:07:58.638432][UC][I] [QUERY_PERF] component=ucm layer=transport_manager handle=106 transport_handle=106 transfers_lock_wait_us=0 lookup_us=0 transport_us=43 total_us=43 api_status=0 transfer_status=1 [28603,28616][transport_manager.cpp:716,GetStatus]
[2026-08-24 21:07:58.638434][UC][I] [PERF] component=transport event=transfer_done manager=127.0.0.1:8000 target=127.0.0.1:4504 handle=106 transport_handle=106 opcode=1 direct=2 segments=1 bytes=63 status=1 api_status=0 submitted_ts_us=1787576878637489 completed_ts_us=1787576878638434 manager_get_status_ts_us=1787576878638388 backend_query_ts_us=1787576878638393 submit_us=103 transfer_us=945 manager_to_backend_query_us=6 total_us=1048 [28603,28616][transport_manager.cpp:727,GetStatus]
[2026-08-24 21:07:58.638449][UC][I] [PERF] component=drampool event=request_done request_id=5 opcode=2 peer=127.0.0.1:4504 batch_size=108 data_bytes=7962624 failed_items=0 status=SUCCESS failed_stage=NONE received_ts_us=1787576878628050 worker_started_ts_us=1787576878633795 data_transfer_submitted_ts_us=1787576878633976 data_transfer_completed_ts_us=1787576878637378 response_submitted_ts_us=1787576878637492 completed_ts_us=1787576878638447 data_tm_execute_async_ts_us=1787576878633833 data_hixl_execute_async_ts_us=1787576878633842 data_tm_get_status_ts_us=1787576878637319 data_hixl_query_handle_ts_us=1787576878637326 response_tm_execute_async_ts_us=1787576878637386 response_hixl_execute_async_ts_us=1787576878637392 response_tm_get_status_ts_us=1787576878638388 response_hixl_query_handle_ts_us=1787576878638393 request_queue_us=5745 metadata_prepare_us=31 taskworker_prepare_us=182 poller_queue_us=560 data_transfer_us=3402 metadata_settle_us=7 response_slot_wait_us=0 response_submit_us=107 response_transfer_us=955 data_tm_to_hixl_execute_async_us=9 data_tm_to_hixl_query_handle_us=6 response_tm_to_hixl_execute_async_us=6 response_tm_to_hixl_query_handle_us=6 total_us=10397 [28603,28616][completion_poller.cc:56,LogRequestDone]
[HIXL_QUERY_PERF] layer=comm_channel request=0x30 mutex_wait_us=0 check_us=0 lookup_us=0 flag_check_us=0 complete_us=1 total_us=1 transfer_elapsed_us=898 transfer_bytes=63 op_desc_count=1 transfer_status=1
[HIXL_QUERY_PERF] layer=adxl_inner request=0x30 context_us=1 req_lock_wait_us=0 lookup_us=0 channel_us=5 cleanup_us=0 total_us=6 status=0 transfer_status=1
[HIXL_QUERY_PERF] layer=comm_engine request=0x30 total_us=8 status=0 transfer_status=1
[2026-08-24 21:07:58.638475][UC][I] [HIXL_WORKER_PERF] task_id=332 queue_depth=1 enqueue_lock_wait_us=0 enqueue_us=0 queue_wait_us=5 execute_us=10 result_post_us=4 total_us=19 status=0 [28603,28616][hixl_instance.cpp:107,Run]
[2026-08-24 21:07:58.638482][UC][I] [QUERY_PERF] component=ucm layer=hixl_instance request=0x30 queue_wait_us=5 backend_us=10 run_post_us=11 total_us=26 api_status=0 transfer_status=1 [28603,28616][hixl_instance.cpp:370,GetTransferStatus]
[2026-08-24 21:07:58.638488][UC][I] [QUERY_PERF] component=ucm layer=hixl_transport handle=107 request=0x30 lifecycle_lock_us=0 pending_lock_wait_us=0 pending_lookup_us=0 instance_us=31 erase_us=0 total_us=31 transfer_status=1 [28603,28616][hixl_transport.cpp:734,GetStatus]
[2026-08-24 21:07:58.638494][UC][I] [QUERY_PERF] component=ucm layer=transport_manager handle=107 transport_handle=107 transfers_lock_wait_us=0 lookup_us=1 transport_us=38 total_us=39 api_status=0 transfer_status=1 [28603,28616][transport_manager.cpp:716,GetStatus]
[2026-08-24 21:07:58.638497][UC][I] [PERF] component=transport event=transfer_done manager=127.0.0.1:8000 target=127.0.0.1:4504 handle=107 transport_handle=107 opcode=1 direct=2 segments=1 bytes=63 status=1 api_status=0 submitted_ts_us=1787576878637660 completed_ts_us=1787576878638496 manager_get_status_ts_us=1787576878638455 backend_query_ts_us=1787576878638461 submit_us=103 transfer_us=836 manager_to_backend_query_us=6 total_us=939 [28603,28616][transport_manager.cpp:727,GetStatus]
[2026-08-24 21:07:58.638501][UC][I] [PERF] component=drampool event=request_done request_id=6 opcode=2 peer=127.0.0.1:4504 batch_size=108 data_bytes=7962624 failed_items=0 status=SUCCESS failed_stage=NONE received_ts_us=1787576878628053 worker_started_ts_us=1787576878633978 data_transfer_submitted_ts_us=1787576878634171 data_transfer_completed_ts_us=1787576878637548 response_submitted_ts_us=1787576878637663 completed_ts_us=1787576878638499 data_tm_execute_async_ts_us=1787576878634014 data_hixl_execute_async_ts_us=1787576878634029 data_tm_get_status_ts_us=1787576878637493 data_hixl_query_handle_ts_us=1787576878637499 response_tm_execute_async_ts_us=1787576878637556 response_hixl_execute_async_ts_us=1787576878637562 response_tm_get_status_ts_us=1787576878638455 response_hixl_query_handle_ts_us=1787576878638461 request_queue_us=5925 metadata_prepare_us=31 taskworker_prepare_us=194 poller_queue_us=368 data_transfer_us=3377 metadata_settle_us=7 response_slot_wait_us=0 response_submit_us=108 response_transfer_us=836 data_tm_to_hixl_execute_async_us=15 data_tm_to_hixl_query_handle_us=6 response_tm_to_hixl_execute_async_us=6 response_tm_to_hixl_query_handle_us=6 total_us=10447 [28603,28616][completion_poller.cc:56,LogRequestDone]
[HIXL_PERF] event=hccl_batch op=1 desc_num=1 hccl_us=307 status=0
[HIXL_PERF] event=issue_hccl_batch op=1 list_num=1 total_us=344
[HIXL_PERF] event=issue_async_host_flag op=1 list_num=1 context_us=1 hccl_issue_us=348 flag_memcpy_us=11 total_us=360
[HIXL_PERF] event=comm_channel_async op=1 list_num=1 mutex_wait_us=0 slot_us=1 host_flag_us=1 record_us=1 issue_us=366 total_us=369
[HIXL_PERF] event=adxl_inner_async op=1 list_num=1 context_us=9 connect_us=0 get_channel_us=4 channel_async_us=373 tail_us=1 total_us=387
[HIXL_PERF] event=comm_engine_async op=1 list_num=1 desc_build_us=0 inner_us=392 total_us=392 status=0
[2026-08-24 21:08:04.010478][UC][I] [HIXL_WORKER_PERF] task_id=333 queue_depth=1 enqueue_lock_wait_us=1 enqueue_us=0 queue_wait_us=14 execute_us=405 result_post_us=9 total_us=429 status=0 [28603,28616][hixl_instance.cpp:107,Run]
[2026-08-24 21:08:04.010516][UC][I] [PERF] component=transport event=transfer_submitted manager=127.0.0.1:8000 target=127.0.0.1:4500 handle=108 transport_handle=108 opcode=1 direct=2 segments=1 bytes=10 submitted_ts_us=1787576884010515 manager_execute_async_ts_us=1787576884010039 backend_execute_async_ts_us=1787576884010064 manager_to_backend_execute_async_us=25 submit_us=472 [28603,28616][transport_manager.cpp:674,ExecuteAsync]
[HIXL_QUERY_PERF] layer=comm_channel request=0x3c mutex_wait_us=0 check_us=0 lookup_us=1 flag_check_us=1 complete_us=5 total_us=7 transfer_elapsed_us=453 transfer_bytes=10 op_desc_count=1 transfer_status=1
[HIXL_QUERY_PERF] layer=adxl_inner request=0x3c context_us=1 req_lock_wait_us=1 lookup_us=2 channel_us=14 cleanup_us=2 total_us=20 status=0 transfer_status=1
[HIXL_QUERY_PERF] layer=comm_engine request=0x3c total_us=25 status=0 transfer_status=1
[2026-08-24 21:08:04.010565][UC][I] [HIXL_WORKER_PERF] task_id=334 queue_depth=1 enqueue_lock_wait_us=0 enqueue_us=0 queue_wait_us=6 execute_us=27 result_post_us=6 total_us=39 status=0 [28603,28616][hixl_instance.cpp:107,Run]
[2026-08-24 21:08:04.010570][UC][I] [QUERY_PERF] component=ucm layer=hixl_instance request=0x3c queue_wait_us=7 backend_us=27 run_post_us=11 total_us=45 api_status=0 transfer_status=1 [28603,28616][hixl_instance.cpp:370,GetTransferStatus]
[2026-08-24 21:08:04.010589][UC][I] [QUERY_PERF] component=ucm layer=hixl_transport handle=108 request=0x3c lifecycle_lock_us=1 pending_lock_wait_us=0 pending_lookup_us=0 instance_us=62 erase_us=1 total_us=64 transfer_status=1 [28603,28616][hixl_transport.cpp:734,GetStatus]
[2026-08-24 21:08:04.010592][UC][I] [QUERY_PERF] component=ucm layer=transport_manager handle=108 transport_handle=108 transfers_lock_wait_us=0 lookup_us=0 transport_us=69 total_us=69 api_status=0 transfer_status=1 [28603,28616][transport_manager.cpp:716,GetStatus]
[2026-08-24 21:08:04.010596][UC][I] [PERF] component=transport event=transfer_done manager=127.0.0.1:8000 target=127.0.0.1:4500 handle=108 transport_handle=108 opcode=1 direct=2 segments=1 bytes=10 status=1 api_status=0 submitted_ts_us=1787576884010515 completed_ts_us=1787576884010595 manager_get_status_ts_us=1787576884010523 backend_query_ts_us=1787576884010531 submit_us=472 transfer_us=80 manager_to_backend_query_us=8 total_us=552 [28603,28616][transport_manager.cpp:727,GetStatus]
[2026-08-24 21:08:04.010605][UC][I] [PERF] component=drampool event=request_done request_id=9 opcode=0 peer=127.0.0.1:4500 batch_size=2 data_bytes=0 failed_items=0 status=SUCCESS failed_stage=NONE received_ts_us=1787576884009753 worker_started_ts_us=1787576884009882 data_transfer_submitted_ts_us=0 data_transfer_completed_ts_us=0 response_submitted_ts_us=1787576884010521 completed_ts_us=1787576884010601 data_tm_execute_async_ts_us=0 data_hixl_execute_async_ts_us=0 data_tm_get_status_ts_us=0 data_hixl_query_handle_ts_us=0 response_tm_execute_async_ts_us=1787576884010039 response_hixl_execute_async_ts_us=1787576884010064 response_tm_get_status_ts_us=1787576884010523 response_hixl_query_handle_ts_us=1787576884010531 request_queue_us=129 metadata_prepare_us=1 taskworker_prepare_us=9 poller_queue_us=139 data_transfer_us=0 metadata_settle_us=0 response_slot_wait_us=144 response_submit_us=488 response_transfer_us=78 data_tm_to_hixl_execute_async_us=0 data_tm_to_hixl_query_handle_us=0 response_tm_to_hixl_execute_async_us=25 response_tm_to_hixl_query_handle_us=8 total_us=848 [28603,28616][completion_poller.cc:56,LogRequestDone]
[HIXL_PERF] event=hccl_batch op=1 desc_num=1 hccl_us=174 status=0
[HIXL_PERF] event=issue_hccl_batch op=1 list_num=1 total_us=183
[HIXL_PERF] event=issue_async_host_flag op=1 list_num=1 context_us=0 hccl_issue_us=186 flag_memcpy_us=6 total_us=192
[HIXL_PERF] event=comm_channel_async op=1 list_num=1 mutex_wait_us=0 slot_us=1 host_flag_us=0 record_us=0 issue_us=196 total_us=197
[HIXL_PERF] event=adxl_inner_async op=1 list_num=1 context_us=0 connect_us=0 get_channel_us=1 channel_async_us=200 tail_us=0 total_us=201
[HIXL_PERF] event=comm_engine_async op=1 list_num=1 desc_build_us=0 inner_us=206 total_us=206 status=0
[2026-08-24 21:08:04.011301][UC][I] [HIXL_WORKER_PERF] task_id=335 queue_depth=1 enqueue_lock_wait_us=1 enqueue_us=0 queue_wait_us=5 execute_us=214 result_post_us=5 total_us=225 status=0 [28603,28616][hixl_instance.cpp:107,Run]
[2026-08-24 21:08:04.011309][UC][I] [PERF] component=transport event=transfer_submitted manager=127.0.0.1:8000 target=127.0.0.1:4500 handle=109 transport_handle=109 opcode=1 direct=2 segments=1 bytes=10 submitted_ts_us=1787576884011308 manager_execute_async_ts_us=1787576884011074 backend_execute_async_ts_us=1787576884011081 manager_to_backend_execute_async_us=8 submit_us=233 [28603,28616][transport_manager.cpp:674,ExecuteAsync]
[HIXL_QUERY_PERF] layer=comm_channel request=0x3d mutex_wait_us=0 check_us=0 lookup_us=0 flag_check_us=1 complete_us=2 total_us=3 transfer_elapsed_us=263 transfer_bytes=10 op_desc_count=1 transfer_status=1
[HIXL_QUERY_PERF] layer=adxl_inner request=0x3d context_us=1 req_lock_wait_us=0 lookup_us=1 channel_us=7 cleanup_us=1 total_us=10 status=0 transfer_status=1
[HIXL_QUERY_PERF] layer=comm_engine request=0x3d total_us=14 status=0 transfer_status=1
[2026-08-24 21:08:04.011373][UC][I] [HIXL_WORKER_PERF] task_id=336 queue_depth=1 enqueue_lock_wait_us=0 enqueue_us=0 queue_wait_us=16 execute_us=22 result_post_us=5 total_us=43 status=0 [28603,28616][hixl_instance.cpp:107,Run]
[2026-08-24 21:08:04.011380][UC][I] [QUERY_PERF] component=ucm layer=hixl_instance request=0x3d queue_wait_us=17 backend_us=22 run_post_us=12 total_us=51 api_status=0 transfer_status=1 [28603,28616][hixl_instance.cpp:370,GetTransferStatus]
[2026-08-24 21:08:04.011386][UC][I] [QUERY_PERF] component=ucm layer=hixl_transport handle=109 request=0x3d lifecycle_lock_us=0 pending_lock_wait_us=0 pending_lookup_us=0 instance_us=56 erase_us=0 total_us=56 transfer_status=1 [28603,28616][hixl_transport.cpp:734,GetStatus]
[2026-08-24 21:08:04.011389][UC][I] [QUERY_PERF] component=ucm layer=transport_manager handle=109 transport_handle=109 transfers_lock_wait_us=0 lookup_us=0 transport_us=61 total_us=61 api_status=0 transfer_status=1 [28603,28616][transport_manager.cpp:716,GetStatus]
[2026-08-24 21:08:04.011393][UC][I] [PERF] component=transport event=transfer_done manager=127.0.0.1:8000 target=127.0.0.1:4500 handle=109 transport_handle=109 opcode=1 direct=2 segments=1 bytes=10 status=1 api_status=0 submitted_ts_us=1787576884011308 completed_ts_us=1787576884011392 manager_get_status_ts_us=1787576884011328 backend_query_ts_us=1787576884011345 submit_us=233 transfer_us=84 manager_to_backend_query_us=17 total_us=317 [28603,28616][transport_manager.cpp:727,GetStatus]
[2026-08-24 21:08:04.011401][UC][I] [PERF] component=drampool event=request_done request_id=10 opcode=0 peer=127.0.0.1:4500 batch_size=2 data_bytes=0 failed_items=0 status=SUCCESS failed_stage=NONE received_ts_us=1787576884010888 worker_started_ts_us=1787576884010964 data_transfer_submitted_ts_us=0 data_transfer_completed_ts_us=0 response_submitted_ts_us=1787576884011327 completed_ts_us=1787576884011398 data_tm_execute_async_ts_us=0 data_hixl_execute_async_ts_us=0 data_tm_get_status_ts_us=0 data_hixl_query_handle_ts_us=0 response_tm_execute_async_ts_us=1787576884011074 response_hixl_execute_async_ts_us=1787576884011081 response_tm_get_status_ts_us=1787576884011328 response_hixl_query_handle_ts_us=1787576884011345 request_queue_us=76 metadata_prepare_us=0 taskworker_prepare_us=1 poller_queue_us=107 data_transfer_us=0 metadata_settle_us=0 response_slot_wait_us=107 response_submit_us=255 response_transfer_us=71 data_tm_to_hixl_execute_async_us=0 data_tm_to_hixl_query_handle_us=0 response_tm_to_hixl_execute_async_us=8 response_tm_to_hixl_query_handle_us=17 total_us=510 [28603,28616][completion_poller.cc:56,LogRequestDone]
[HIXL_PERF] event=hccl_batch op=1 desc_num=1 hccl_us=68 status=0
[HIXL_PERF] event=issue_hccl_batch op=1 list_num=1 total_us=80
[HIXL_PERF] event=issue_async_host_flag op=1 list_num=1 context_us=1 hccl_issue_us=82 flag_memcpy_us=6 total_us=89
[HIXL_PERF] event=comm_channel_async op=1 list_num=1 mutex_wait_us=0 slot_us=0 host_flag_us=0 record_us=0 issue_us=93 total_us=93
[HIXL_PERF] event=adxl_inner_async op=1 list_num=1 context_us=0 connect_us=0 get_channel_us=1 channel_async_us=95 tail_us=1 total_us=97
[HIXL_PERF] event=comm_engine_async op=1 list_num=1 desc_build_us=0 inner_us=102 total_us=102 status=0
[2026-08-24 21:08:04.011993][UC][I] [HIXL_WORKER_PERF] task_id=337 queue_depth=1 enqueue_lock_wait_us=0 enqueue_us=0 queue_wait_us=7 execute_us=108 result_post_us=5 total_us=120 status=0 [28603,28616][hixl_instance.cpp:107,Run]
[2026-08-24 21:08:04.012001][UC][I] [PERF] component=transport event=transfer_submitted manager=127.0.0.1:8000 target=127.0.0.1:4500 handle=110 transport_handle=110 opcode=1 direct=2 segments=1 bytes=10 submitted_ts_us=1787576884012000 manager_execute_async_ts_us=1787576884011870 backend_execute_async_ts_us=1787576884011879 manager_to_backend_execute_async_us=8 submit_us=129 [28603,28616][transport_manager.cpp:674,ExecuteAsync]
[HIXL_QUERY_PERF] layer=comm_channel request=0x3e mutex_wait_us=0 check_us=0 lookup_us=0 flag_check_us=0 complete_us=0 total_us=0 transfer_elapsed_us=134 transfer_bytes=10 op_desc_count=1 transfer_status=0
[HIXL_QUERY_PERF] layer=adxl_inner request=0x3e context_us=1 req_lock_wait_us=0 lookup_us=1 channel_us=19 cleanup_us=0 total_us=21 status=0 transfer_status=0
[HIXL_QUERY_PERF] layer=comm_engine request=0x3e total_us=24 status=0 transfer_status=0
[2026-08-24 21:08:04.012046][UC][I] [HIXL_WORKER_PERF] task_id=338 queue_depth=1 enqueue_lock_wait_us=1 enqueue_us=0 queue_wait_us=5 execute_us=28 result_post_us=4 total_us=38 status=0 [28603,28616][hixl_instance.cpp:107,Run]
[2026-08-24 21:08:04.012051][UC][I] [QUERY_PERF] component=ucm layer=hixl_instance request=0x3e queue_wait_us=6 backend_us=28 run_post_us=10 total_us=44 api_status=0 transfer_status=0 [28603,28616][hixl_instance.cpp:370,GetTransferStatus]
[2026-08-24 21:08:04.012056][UC][I] [QUERY_PERF] component=ucm layer=hixl_transport handle=110 request=0x3e lifecycle_lock_us=0 pending_lock_wait_us=0 pending_lookup_us=0 instance_us=48 erase_us=0 total_us=48 transfer_status=0 [28603,28616][hixl_transport.cpp:734,GetStatus]
[2026-08-24 21:08:04.012068][UC][I] [QUERY_PERF] component=ucm layer=transport_manager handle=110 transport_handle=110 transfers_lock_wait_us=0 lookup_us=0 transport_us=60 total_us=60 api_status=0 transfer_status=0 [28603,28616][transport_manager.cpp:716,GetStatus]
[HIXL_QUERY_PERF] layer=comm_channel request=0x3e mutex_wait_us=0 check_us=0 lookup_us=0 flag_check_us=0 complete_us=2 total_us=2 transfer_elapsed_us=201 transfer_bytes=10 op_desc_count=1 transfer_status=1
[HIXL_QUERY_PERF] layer=adxl_inner request=0x3e context_us=0 req_lock_wait_us=0 lookup_us=1 channel_us=9 cleanup_us=0 total_us=10 status=0 transfer_status=1
[HIXL_QUERY_PERF] layer=comm_engine request=0x3e total_us=14 status=0 transfer_status=1
[2026-08-24 21:08:04.012102][UC][I] [HIXL_WORKER_PERF] task_id=339 queue_depth=1 enqueue_lock_wait_us=0 enqueue_us=1 queue_wait_us=4 execute_us=17 result_post_us=5 total_us=27 status=0 [28603,28616][hixl_instance.cpp:107,Run]
[2026-08-24 21:08:04.012108][UC][I] [QUERY_PERF] component=ucm layer=hixl_instance request=0x3e queue_wait_us=5 backend_us=17 run_post_us=11 total_us=33 api_status=0 transfer_status=1 [28603,28616][hixl_instance.cpp:370,GetTransferStatus]
[2026-08-24 21:08:04.012113][UC][I] [QUERY_PERF] component=ucm layer=hixl_transport handle=110 request=0x3e lifecycle_lock_us=0 pending_lock_wait_us=0 pending_lookup_us=0 instance_us=37 erase_us=1 total_us=38 transfer_status=1 [28603,28616][hixl_transport.cpp:734,GetStatus]
[2026-08-24 21:08:04.012117][UC][I] [QUERY_PERF] component=ucm layer=transport_manager handle=110 transport_handle=110 transfers_lock_wait_us=0 lookup_us=0 transport_us=42 total_us=42 api_status=0 transfer_status=1 [28603,28616][transport_manager.cpp:716,GetStatus]
[2026-08-24 21:08:04.012123][UC][I] [PERF] component=transport event=transfer_done manager=127.0.0.1:8000 target=127.0.0.1:4500 handle=110 transport_handle=110 opcode=1 direct=2 segments=1 bytes=10 status=1 api_status=0 submitted_ts_us=1787576884012000 completed_ts_us=1787576884012122 manager_get_status_ts_us=1787576884012074 backend_query_ts_us=1787576884012080 submit_us=129 transfer_us=123 manager_to_backend_query_us=5 total_us=252 [28603,28616][transport_manager.cpp:727,GetStatus]
[2026-08-24 21:08:04.012132][UC][I] [PERF] component=drampool event=request_done request_id=11 opcode=0 peer=127.0.0.1:4500 batch_size=2 data_bytes=0 failed_items=0 status=SUCCESS failed_stage=NONE received_ts_us=1787576884011672 worker_started_ts_us=1787576884011731 data_transfer_submitted_ts_us=0 data_transfer_completed_ts_us=0 response_submitted_ts_us=1787576884012006 completed_ts_us=1787576884012129 data_tm_execute_async_ts_us=0 data_hixl_execute_async_ts_us=0 data_tm_get_status_ts_us=0 data_hixl_query_handle_ts_us=0 response_tm_execute_async_ts_us=1787576884011870 response_hixl_execute_async_ts_us=1787576884011879 response_tm_get_status_ts_us=1787576884012074 response_hixl_query_handle_ts_us=1787576884012080 request_queue_us=58 metadata_prepare_us=0 taskworker_prepare_us=2 poller_queue_us=136 data_transfer_us=0 metadata_settle_us=0 response_slot_wait_us=137 response_submit_us=137 response_transfer_us=123 data_tm_to_hixl_execute_async_us=0 data_tm_to_hixl_query_handle_us=0 response_tm_to_hixl_execute_async_us=8 response_tm_to_hixl_query_handle_us=5 total_us=457 [28603,28616][completion_poller.cc:56,LogRequestDone]
[HIXL_PERF] event=hccl_batch op=1 desc_num=1 hccl_us=73 status=0
[HIXL_PERF] event=issue_hccl_batch op=1 list_num=1 total_us=80
[HIXL_PERF] event=issue_async_host_flag op=1 list_num=1 context_us=0 hccl_issue_us=84 flag_memcpy_us=4 total_us=88
[HIXL_PERF] event=comm_channel_async op=1 list_num=1 mutex_wait_us=0 slot_us=0 host_flag_us=0 record_us=0 issue_us=92 total_us=92
[HIXL_PERF] event=adxl_inner_async op=1 list_num=1 context_us=1 connect_us=0 get_channel_us=1 channel_async_us=95 tail_us=0 total_us=97
[HIXL_PERF] event=comm_engine_async op=1 list_num=1 desc_build_us=0 inner_us=101 total_us=101 status=0
[2026-08-24 21:08:04.012576][UC][I] [HIXL_WORKER_PERF] task_id=340 queue_depth=1 enqueue_lock_wait_us=0 enqueue_us=0 queue_wait_us=5 execute_us=107 result_post_us=6 total_us=118 status=0 [28603,28616][hixl_instance.cpp:107,Run]
[2026-08-24 21:08:04.012584][UC][I] [PERF] component=transport event=transfer_submitted manager=127.0.0.1:8000 target=127.0.0.1:4500 handle=111 transport_handle=111 opcode=1 direct=2 segments=1 bytes=10 submitted_ts_us=1787576884012583 manager_execute_async_ts_us=1787576884012455 backend_execute_async_ts_us=1787576884012462 manager_to_backend_execute_async_us=7 submit_us=127 [28603,28616][transport_manager.cpp:674,ExecuteAsync]
[HIXL_QUERY_PERF] layer=comm_channel request=0x3f mutex_wait_us=0 check_us=0 lookup_us=0 flag_check_us=1 complete_us=1 total_us=2 transfer_elapsed_us=134 transfer_bytes=10 op_desc_count=1 transfer_status=1
[HIXL_QUERY_PERF] layer=adxl_inner request=0x3f context_us=0 req_lock_wait_us=0 lookup_us=1 channel_us=9 cleanup_us=0 total_us=10 status=0 transfer_status=1
[HIXL_QUERY_PERF] layer=comm_engine request=0x3f total_us=14 status=0 transfer_status=1
[2026-08-24 21:08:04.012619][UC][I] [HIXL_WORKER_PERF] task_id=341 queue_depth=1 enqueue_lock_wait_us=0 enqueue_us=0 queue_wait_us=4 execute_us=20 result_post_us=4 total_us=28 status=0 [28603,28616][hixl_instance.cpp:107,Run]
[2026-08-24 21:08:04.012625][UC][I] [QUERY_PERF] component=ucm layer=hixl_instance request=0x3f queue_wait_us=5 backend_us=20 run_post_us=9 total_us=34 api_status=0 transfer_status=1 [28603,28616][hixl_instance.cpp:370,GetTransferStatus]
[2026-08-24 21:08:04.012634][UC][I] [QUERY_PERF] component=ucm layer=hixl_transport handle=111 request=0x3f lifecycle_lock_us=0 pending_lock_wait_us=0 pending_lookup_us=0 instance_us=43 erase_us=0 total_us=43 transfer_status=1 [28603,28616][hixl_transport.cpp:734,GetStatus]
[2026-08-24 21:08:04.012639][UC][I] [QUERY_PERF] component=ucm layer=transport_manager handle=111 transport_handle=111 transfers_lock_wait_us=0 lookup_us=0 transport_us=49 total_us=49 api_status=0 transfer_status=1 [28603,28616][transport_manager.cpp:716,GetStatus]
[2026-08-24 21:08:04.012644][UC][I] [PERF] component=transport event=transfer_done manager=127.0.0.1:8000 target=127.0.0.1:4500 handle=111 transport_handle=111 opcode=1 direct=2 segments=1 bytes=10 status=1 api_status=0 submitted_ts_us=1787576884012583 completed_ts_us=1787576884012643 manager_get_status_ts_us=1787576884012590 backend_query_ts_us=1787576884012595 submit_us=127 transfer_us=60 manager_to_backend_query_us=5 total_us=187 [28603,28616][transport_manager.cpp:727,GetStatus]
[2026-08-24 21:08:04.012652][UC][I] [PERF] component=drampool event=request_done request_id=12 opcode=0 peer=127.0.0.1:4500 batch_size=2 data_bytes=0 failed_items=0 status=SUCCESS failed_stage=NONE received_ts_us=1787576884012319 worker_started_ts_us=1787576884012346 data_transfer_submitted_ts_us=0 data_transfer_completed_ts_us=0 response_submitted_ts_us=1787576884012589 completed_ts_us=1787576884012650 data_tm_execute_async_ts_us=0 data_hixl_execute_async_ts_us=0 data_tm_get_status_ts_us=0 data_hixl_query_handle_ts_us=0 response_tm_execute_async_ts_us=1787576884012455 response_hixl_execute_async_ts_us=1787576884012462 response_tm_get_status_ts_us=1787576884012590 response_hixl_query_handle_ts_us=1787576884012595 request_queue_us=26 metadata_prepare_us=0 taskworker_prepare_us=2 poller_queue_us=106 data_transfer_us=0 metadata_settle_us=0 response_slot_wait_us=107 response_submit_us=135 response_transfer_us=60 data_tm_to_hixl_execute_async_us=0 data_tm_to_hixl_query_handle_us=0 response_tm_to_hixl_execute_async_us=7 response_tm_to_hixl_query_handle_us=5 total_us=330 [28603,28616][completion_poller.cc:56,LogRequestDone]
[2026-08-24 21:08:04.088171][UC][E] TaskWorker ProcessOneRequest failed: -50000, DUMP response exceeds configured flag buffer slot size [28603,28617][task_worker.cc:52,Run]
[2026-08-24 21:08:04.088355][UC][E] TaskWorker ProcessOneRequest failed: -50000, DUMP response exceeds configured flag buffer slot size [28603,28617][task_worker.cc:52,Run]
[2026-08-24 21:08:04.088365][UC][E] TaskWorker ProcessOneRequest failed: -50000, DUMP response exceeds configured flag buffer slot size [28603,28617][task_worker.cc:52,Run]
[HIXL_PERF] event=hccl_batch op=0 desc_num=48 hccl_us=240 status=0
[HIXL_PERF] event=issue_hccl_batch op=0 list_num=48 total_us=260
[HIXL_PERF] event=issue_async_host_flag op=0 list_num=48 context_us=1 hccl_issue_us=262 flag_memcpy_us=6 total_us=269
[HIXL_PERF] event=comm_channel_async op=0 list_num=48 mutex_wait_us=0 slot_us=1 host_flag_us=0 record_us=0 issue_us=274 total_us=275
[HIXL_PERF] event=adxl_inner_async op=0 list_num=48 context_us=2 connect_us=0 get_channel_us=0 channel_async_us=279 tail_us=2 total_us=283
[HIXL_PERF] event=comm_engine_async op=0 list_num=48 desc_build_us=0 inner_us=287 total_us=287 status=0
[2026-08-24 21:08:04.088758][UC][I] [HIXL_WORKER_PERF] task_id=342 queue_depth=1 enqueue_lock_wait_us=1 enqueue_us=0 queue_wait_us=10 execute_us=294 result_post_us=10 total_us=315 status=0 [28603,28617][hixl_instance.cpp:107,Run]
[2026-08-24 21:08:04.088771][UC][I] [PERF] component=transport event=transfer_submitted manager=127.0.0.1:8000 target=127.0.0.1:4501 handle=112 transport_handle=112 opcode=0 direct=2 segments=48 bytes=3538944 submitted_ts_us=1787576884088769 manager_execute_async_ts_us=1787576884088436 backend_execute_async_ts_us=1787576884088454 manager_to_backend_execute_async_us=18 submit_us=332 [28603,28617][transport_manager.cpp:674,ExecuteAsync]
[HIXL_QUERY_PERF] layer=comm_channel request=0x40 mutex_wait_us=0 check_us=0 lookup_us=0 flag_check_us=0 complete_us=4 total_us=4 transfer_elapsed_us=482 transfer_bytes=3538944 op_desc_count=48 transfer_status=1
[HIXL_QUERY_PERF] layer=adxl_inner request=0x40 context_us=1 req_lock_wait_us=1 lookup_us=1 channel_us=11 cleanup_us=1 total_us=15 status=0 transfer_status=1
[HIXL_QUERY_PERF] layer=comm_engine request=0x40 total_us=18 status=0 transfer_status=1
[2026-08-24 21:08:04.088963][UC][I] [HIXL_WORKER_PERF] task_id=343 queue_depth=1 enqueue_lock_wait_us=0 enqueue_us=0 queue_wait_us=6 execute_us=21 result_post_us=4 total_us=31 status=0 [28603,28616][hixl_instance.cpp:107,Run]
[2026-08-24 21:08:04.088969][UC][I] [QUERY_PERF] component=ucm layer=hixl_instance request=0x40 queue_wait_us=6 backend_us=21 run_post_us=10 total_us=37 api_status=0 transfer_status=1 [28603,28616][hixl_instance.cpp:370,GetTransferStatus]
[2026-08-24 21:08:04.088974][UC][I] [QUERY_PERF] component=ucm layer=hixl_transport handle=112 request=0x40 lifecycle_lock_us=0 pending_lock_wait_us=0 pending_lookup_us=1 instance_us=41 erase_us=1 total_us=43 transfer_status=1 [28603,28616][hixl_transport.cpp:734,GetStatus]
[2026-08-24 21:08:04.088991][UC][I] [QUERY_PERF] component=ucm layer=transport_manager handle=112 transport_handle=112 transfers_lock_wait_us=0 lookup_us=0 transport_us=60 total_us=60 api_status=0 transfer_status=1 [28603,28616][transport_manager.cpp:716,GetStatus]
[2026-08-24 21:08:04.088996][UC][I] [PERF] component=transport event=transfer_done manager=127.0.0.1:8000 target=127.0.0.1:4501 handle=112 transport_handle=112 opcode=0 direct=2 segments=48 bytes=3538944 status=1 api_status=0 submitted_ts_us=1787576884088769 completed_ts_us=1787576884088995 manager_get_status_ts_us=1787576884088929 backend_query_ts_us=1787576884088937 submit_us=332 transfer_us=225 manager_to_backend_query_us=7 total_us=557 [28603,28616][transport_manager.cpp:727,GetStatus]
[HIXL_PERF] event=hccl_batch op=1 desc_num=1 hccl_us=76 status=0
[HIXL_PERF] event=issue_hccl_batch op=1 list_num=1 total_us=84
[HIXL_PERF] event=issue_async_host_flag op=1 list_num=1 context_us=0 hccl_issue_us=87 flag_memcpy_us=5 total_us=92
[HIXL_PERF] event=comm_channel_async op=1 list_num=1 mutex_wait_us=0 slot_us=1 host_flag_us=0 record_us=0 issue_us=96 total_us=97
[HIXL_PERF] event=adxl_inner_async op=1 list_num=1 context_us=1 connect_us=0 get_channel_us=0 channel_async_us=99 tail_us=1 total_us=101
[HIXL_PERF] event=comm_engine_async op=1 list_num=1 desc_build_us=0 inner_us=106 total_us=106 status=0
[2026-08-24 21:08:04.089148][UC][I] [HIXL_WORKER_PERF] task_id=344 queue_depth=1 enqueue_lock_wait_us=0 enqueue_us=0 queue_wait_us=4 execute_us=113 result_post_us=5 total_us=122 status=0 [28603,28616][hixl_instance.cpp:107,Run]
[2026-08-24 21:08:04.089156][UC][I] [PERF] component=transport event=transfer_submitted manager=127.0.0.1:8000 target=127.0.0.1:4501 handle=113 transport_handle=113 opcode=1 direct=2 segments=1 bytes=33 submitted_ts_us=1787576884089155 manager_execute_async_ts_us=1787576884089025 backend_execute_async_ts_us=1787576884089030 manager_to_backend_execute_async_us=6 submit_us=130 [28603,28616][transport_manager.cpp:674,ExecuteAsync]
[HIXL_QUERY_PERF] layer=comm_channel request=0x41 mutex_wait_us=0 check_us=0 lookup_us=1 flag_check_us=0 complete_us=2 total_us=3 transfer_elapsed_us=136 transfer_bytes=33 op_desc_count=1 transfer_status=1
[HIXL_QUERY_PERF] layer=adxl_inner request=0x41 context_us=0 req_lock_wait_us=1 lookup_us=0 channel_us=10 cleanup_us=0 total_us=11 status=0 transfer_status=1
[HIXL_QUERY_PERF] layer=comm_engine request=0x41 total_us=15 status=0 transfer_status=1
[2026-08-24 21:08:04.089190][UC][I] [HIXL_WORKER_PERF] task_id=345 queue_depth=1 enqueue_lock_wait_us=0 enqueue_us=0 queue_wait_us=4 execute_us=18 result_post_us=4 total_us=26 status=0 [28603,28616][hixl_instance.cpp:107,Run]
[2026-08-24 21:08:04.089195][UC][I] [QUERY_PERF] component=ucm layer=hixl_instance request=0x41 queue_wait_us=5 backend_us=18 run_post_us=10 total_us=33 api_status=0 transfer_status=1 [28603,28616][hixl_instance.cpp:370,GetTransferStatus]
[2026-08-24 21:08:04.089200][UC][I] [QUERY_PERF] component=ucm layer=hixl_transport handle=113 request=0x41 lifecycle_lock_us=0 pending_lock_wait_us=0 pending_lookup_us=0 instance_us=37 erase_us=0 total_us=37 transfer_status=1 [28603,28616][hixl_transport.cpp:734,GetStatus]
[2026-08-24 21:08:04.089206][UC][I] [QUERY_PERF] component=ucm layer=transport_manager handle=113 transport_handle=113 transfers_lock_wait_us=0 lookup_us=0 transport_us=44 total_us=44 api_status=0 transfer_status=1 [28603,28616][transport_manager.cpp:716,GetStatus]
[2026-08-24 21:08:04.089212][UC][I] [PERF] component=transport event=transfer_done manager=127.0.0.1:8000 target=127.0.0.1:4501 handle=113 transport_handle=113 opcode=1 direct=2 segments=1 bytes=33 status=1 api_status=0 submitted_ts_us=1787576884089155 completed_ts_us=1787576884089211 manager_get_status_ts_us=1787576884089162 backend_query_ts_us=1787576884089167 submit_us=130 transfer_us=56 manager_to_backend_query_us=5 total_us=186 [28603,28616][transport_manager.cpp:727,GetStatus]
[2026-08-24 21:08:04.089218][UC][I] [PERF] component=drampool event=request_done request_id=12 opcode=1 peer=127.0.0.1:4501 batch_size=48 data_bytes=3538944 failed_items=0 status=SUCCESS failed_stage=NONE received_ts_us=1787576884088213 worker_started_ts_us=1787576884088370 data_transfer_submitted_ts_us=1787576884088777 data_transfer_completed_ts_us=1787576884089004 response_submitted_ts_us=1787576884089161 completed_ts_us=1787576884089215 data_tm_execute_async_ts_us=1787576884088436 data_hixl_execute_async_ts_us=1787576884088454 data_tm_get_status_ts_us=1787576884088929 data_hixl_query_handle_ts_us=1787576884088937 response_tm_execute_async_ts_us=1787576884089025 response_hixl_execute_async_ts_us=1787576884089030 response_tm_get_status_ts_us=1787576884089162 response_hixl_query_handle_ts_us=1787576884089167 request_queue_us=156 metadata_prepare_us=57 taskworker_prepare_us=408 poller_queue_us=151 data_transfer_us=227 metadata_settle_us=19 response_slot_wait_us=1 response_submit_us=137 response_transfer_us=54 data_tm_to_hixl_execute_async_us=18 data_tm_to_hixl_query_handle_us=7 response_tm_to_hixl_execute_async_us=6 response_tm_to_hixl_query_handle_us=5 total_us=1002 [28603,28616][completion_poller.cc:56,LogRequestDone]
[2026-08-24 21:08:07.285533][UC][I] [HIXL_WORKER_PERF] task_id=346 queue_depth=1 enqueue_lock_wait_us=2 enqueue_us=1 queue_wait_us=16 execute_us=197362 result_post_us=18 total_us=197399 status=0 [28603,28665][hixl_instance.cpp:107,Run]
[2026-08-24 21:08:07.465235][UC][I] [HIXL_WORKER_PERF] task_id=347 queue_depth=1 enqueue_lock_wait_us=0 enqueue_us=0 queue_wait_us=11 execute_us=179189 result_post_us=12 total_us=179212 status=0 [28603,28665][hixl_instance.cpp:107,Run]
[HIXL_PERF] event=hccl_batch op=1 desc_num=1 hccl_us=200 status=0
[HIXL_PERF] event=issue_hccl_batch op=1 list_num=1 total_us=246
[HIXL_PERF] event=issue_async_host_flag op=1 list_num=1 context_us=2 hccl_issue_us=252 flag_memcpy_us=10 total_us=264
[HIXL_PERF] event=comm_channel_async op=1 list_num=1 mutex_wait_us=0 slot_us=2 host_flag_us=2 record_us=1 issue_us=270 total_us=275
[HIXL_PERF] event=adxl_inner_async op=1 list_num=1 context_us=14 connect_us=0 get_channel_us=5 channel_async_us=279 tail_us=2 total_us=300
[HIXL_PERF] event=comm_engine_async op=1 list_num=1 desc_build_us=1 inner_us=305 total_us=306 status=0
[2026-08-24 21:08:12.387142][UC][I] [HIXL_WORKER_PERF] task_id=348 queue_depth=1 enqueue_lock_wait_us=1 enqueue_us=1 queue_wait_us=21 execute_us=336 result_post_us=17 total_us=376 status=0 [28603,28616][hixl_instance.cpp:107,Run]
[2026-08-24 21:08:12.387200][UC][I] [PERF] component=transport event=transfer_submitted manager=127.0.0.1:8000 target=127.0.0.1:4500 handle=114 transport_handle=114 opcode=1 direct=2 segments=1 bytes=10 submitted_ts_us=1787576892387198 manager_execute_async_ts_us=1787576892386755 backend_execute_async_ts_us=1787576892386791 manager_to_backend_execute_async_us=36 submit_us=441 [28603,28616][transport_manager.cpp:674,ExecuteAsync]
[HIXL_QUERY_PERF] layer=comm_channel request=0x42 mutex_wait_us=0 check_us=0 lookup_us=1 flag_check_us=1 complete_us=5 total_us=7 transfer_elapsed_us=408 transfer_bytes=10 op_desc_count=1 transfer_status=1
[HIXL_QUERY_PERF] layer=adxl_inner request=0x42 context_us=1 req_lock_wait_us=0 lookup_us=1 channel_us=20 cleanup_us=1 total_us=23 status=0 transfer_status=1
[HIXL_QUERY_PERF] layer=comm_engine request=0x42 total_us=32 status=0 transfer_status=1
[2026-08-24 21:08:12.387272][UC][I] [HIXL_WORKER_PERF] task_id=349 queue_depth=1 enqueue_lock_wait_us=1 enqueue_us=0 queue_wait_us=11 execute_us=40 result_post_us=9 total_us=61 status=0 [28603,28616][hixl_instance.cpp:107,Run]
[2026-08-24 21:08:12.387285][UC][I] [QUERY_PERF] component=ucm layer=hixl_instance request=0x42 queue_wait_us=13 backend_us=39 run_post_us=22 total_us=74 api_status=0 transfer_status=1 [28603,28616][hixl_instance.cpp:370,GetTransferStatus]
[2026-08-24 21:08:12.387292][UC][I] [QUERY_PERF] component=ucm layer=hixl_transport handle=114 request=0x42 lifecycle_lock_us=1 pending_lock_wait_us=0 pending_lookup_us=0 instance_us=79 erase_us=1 total_us=81 transfer_status=1 [28603,28616][hixl_transport.cpp:734,GetStatus]
[2026-08-24 21:08:12.387297][UC][I] [QUERY_PERF] component=ucm layer=transport_manager handle=114 transport_handle=114 transfers_lock_wait_us=0 lookup_us=0 transport_us=88 total_us=88 api_status=0 transfer_status=1 [28603,28616][transport_manager.cpp:716,GetStatus]
[2026-08-24 21:08:12.387301][UC][I] [PERF] component=transport event=transfer_done manager=127.0.0.1:8000 target=127.0.0.1:4500 handle=114 transport_handle=114 opcode=1 direct=2 segments=1 bytes=10 status=1 api_status=0 submitted_ts_us=1787576892387198 completed_ts_us=1787576892387300 manager_get_status_ts_us=1787576892387209 backend_query_ts_us=1787576892387223 submit_us=441 transfer_us=101 manager_to_backend_query_us=14 total_us=542 [28603,28616][transport_manager.cpp:727,GetStatus]
[2026-08-24 21:08:12.387326][UC][I] [PERF] component=drampool event=request_done request_id=13 opcode=0 peer=127.0.0.1:4500 batch_size=2 data_bytes=0 failed_items=0 status=SUCCESS failed_stage=NONE received_ts_us=1787576892386556 worker_started_ts_us=1787576892386596 data_transfer_submitted_ts_us=0 data_transfer_completed_ts_us=0 response_submitted_ts_us=1787576892387207 completed_ts_us=1787576892387322 data_tm_execute_async_ts_us=0 data_hixl_execute_async_ts_us=0 data_tm_get_status_ts_us=0 data_hixl_query_handle_ts_us=0 response_tm_execute_async_ts_us=1787576892386755 response_hixl_execute_async_ts_us=1787576892386791 response_tm_get_status_ts_us=1787576892387209 response_hixl_query_handle_ts_us=1787576892387223 request_queue_us=41 metadata_prepare_us=1 taskworker_prepare_us=7 poller_queue_us=141 data_transfer_us=0 metadata_settle_us=0 response_slot_wait_us=146 response_submit_us=459 response_transfer_us=113 data_tm_to_hixl_execute_async_us=0 data_tm_to_hixl_query_handle_us=0 response_tm_to_hixl_execute_async_us=36 response_tm_to_hixl_query_handle_us=14 total_us=766 [28603,28616][completion_poller.cc:56,LogRequestDone]
[HIXL_PERF] event=hccl_batch op=1 desc_num=1 hccl_us=92 status=0
[HIXL_PERF] event=issue_hccl_batch op=1 list_num=1 total_us=111
[HIXL_PERF] event=issue_async_host_flag op=1 list_num=1 context_us=0 hccl_issue_us=113 flag_memcpy_us=6 total_us=119
[HIXL_PERF] event=comm_channel_async op=1 list_num=1 mutex_wait_us=0 slot_us=1 host_flag_us=0 record_us=0 issue_us=125 total_us=126
[HIXL_PERF] event=adxl_inner_async op=1 list_num=1 context_us=1 connect_us=0 get_channel_us=0 channel_async_us=131 tail_us=0 total_us=132
[HIXL_PERF] event=comm_engine_async op=1 list_num=1 desc_build_us=0 inner_us=140 total_us=140 status=0
[2026-08-24 21:08:12.387967][UC][I] [HIXL_WORKER_PERF] task_id=350 queue_depth=1 enqueue_lock_wait_us=0 enqueue_us=0 queue_wait_us=10 execute_us=147 result_post_us=11 total_us=168 status=0 [28603,28616][hixl_instance.cpp:107,Run]
[2026-08-24 21:08:12.387983][UC][I] [PERF] component=transport event=transfer_submitted manager=127.0.0.1:8000 target=127.0.0.1:4500 handle=115 transport_handle=115 opcode=1 direct=2 segments=1 bytes=10 submitted_ts_us=1787576892387982 manager_execute_async_ts_us=1787576892387795 backend_execute_async_ts_us=1787576892387808 manager_to_backend_execute_async_us=13 submit_us=186 [28603,28616][transport_manager.cpp:674,ExecuteAsync]
[HIXL_QUERY_PERF] layer=comm_channel request=0x43 mutex_wait_us=0 check_us=0 lookup_us=1 flag_check_us=1 complete_us=4 total_us=6 transfer_elapsed_us=235 transfer_bytes=10 op_desc_count=1 transfer_status=1
[HIXL_QUERY_PERF] layer=adxl_inner request=0x43 context_us=6 req_lock_wait_us=1 lookup_us=2 channel_us=26 cleanup_us=2 total_us=37 status=0 transfer_status=1
[HIXL_QUERY_PERF] layer=comm_engine request=0x43 total_us=42 status=0 transfer_status=1
[2026-08-24 21:08:12.388091][UC][I] [HIXL_WORKER_PERF] task_id=351 queue_depth=1 enqueue_lock_wait_us=0 enqueue_us=1 queue_wait_us=17 execute_us=47 result_post_us=12 total_us=77 status=0 [28603,28616][hixl_instance.cpp:107,Run]
[2026-08-24 21:08:12.388104][UC][I] [QUERY_PERF] component=ucm layer=hixl_instance request=0x43 queue_wait_us=19 backend_us=46 run_post_us=24 total_us=89 api_status=0 transfer_status=1 [28603,28616][hixl_instance.cpp:370,GetTransferStatus]
[2026-08-24 21:08:12.388108][UC][I] [QUERY_PERF] component=ucm layer=hixl_transport handle=115 request=0x43 lifecycle_lock_us=0 pending_lock_wait_us=0 pending_lookup_us=0 instance_us=92 erase_us=0 total_us=92 transfer_status=1 [28603,28616][hixl_transport.cpp:734,GetStatus]
[2026-08-24 21:08:12.388110][UC][I] [QUERY_PERF] component=ucm layer=transport_manager handle=115 transport_handle=115 transfers_lock_wait_us=0 lookup_us=1 transport_us=96 total_us=97 api_status=0 transfer_status=1 [28603,28616][transport_manager.cpp:716,GetStatus]
[2026-08-24 21:08:12.388115][UC][I] [PERF] component=transport event=transfer_done manager=127.0.0.1:8000 target=127.0.0.1:4500 handle=115 transport_handle=115 opcode=1 direct=2 segments=1 bytes=10 status=1 api_status=0 submitted_ts_us=1787576892387982 completed_ts_us=1787576892388113 manager_get_status_ts_us=1787576892388013 backend_query_ts_us=1787576892388033 submit_us=186 transfer_us=131 manager_to_backend_query_us=20 total_us=317 [28603,28616][transport_manager.cpp:727,GetStatus]
[2026-08-24 21:08:12.388126][UC][I] [PERF] component=drampool event=request_done request_id=14 opcode=0 peer=127.0.0.1:4500 batch_size=2 data_bytes=0 failed_items=0 status=SUCCESS failed_stage=NONE received_ts_us=1787576892387579 worker_started_ts_us=1787576892387670 data_transfer_submitted_ts_us=0 data_transfer_completed_ts_us=0 response_submitted_ts_us=1787576892388012 completed_ts_us=1787576892388124 data_tm_execute_async_ts_us=0 data_hixl_execute_async_ts_us=0 data_tm_get_status_ts_us=0 data_hixl_query_handle_ts_us=0 response_tm_execute_async_ts_us=1787576892387795 response_hixl_execute_async_ts_us=1787576892387808 response_tm_get_status_ts_us=1787576892388013 response_hixl_query_handle_ts_us=1787576892388033 request_queue_us=91 metadata_prepare_us=0 taskworker_prepare_us=2 poller_queue_us=121 data_transfer_us=0 metadata_settle_us=0 response_slot_wait_us=123 response_submit_us=218 response_transfer_us=111 data_tm_to_hixl_execute_async_us=0 data_tm_to_hixl_query_handle_us=0 response_tm_to_hixl_execute_async_us=13 response_tm_to_hixl_query_handle_us=20 total_us=545 [28603,28616][completion_poller.cc:56,LogRequestDone]
[HIXL_PERF] event=hccl_batch op=1 desc_num=1 hccl_us=123 status=0
[HIXL_PERF] event=issue_hccl_batch op=1 list_num=1 total_us=141
[HIXL_PERF] event=issue_async_host_flag op=1 list_num=1 context_us=0 hccl_issue_us=144 flag_memcpy_us=7 total_us=151
[HIXL_PERF] event=comm_channel_async op=1 list_num=1 mutex_wait_us=0 slot_us=0 host_flag_us=0 record_us=1 issue_us=154 total_us=155
[HIXL_PERF] event=adxl_inner_async op=1 list_num=1 context_us=1 connect_us=0 get_channel_us=0 channel_async_us=158 tail_us=1 total_us=160
[HIXL_PERF] event=comm_engine_async op=1 list_num=1 desc_build_us=0 inner_us=162 total_us=162 status=0
[2026-08-24 21:08:12.388637][UC][I] [HIXL_WORKER_PERF] task_id=352 queue_depth=1 enqueue_lock_wait_us=0 enqueue_us=0 queue_wait_us=11 execute_us=172 result_post_us=12 total_us=195 status=0 [28603,28616][hixl_instance.cpp:107,Run]
[2026-08-24 21:08:12.388650][UC][I] [PERF] component=transport event=transfer_submitted manager=127.0.0.1:8000 target=127.0.0.1:4500 handle=116 transport_handle=116 opcode=1 direct=2 segments=1 bytes=10 submitted_ts_us=1787576892388648 manager_execute_async_ts_us=1787576892388438 backend_execute_async_ts_us=1787576892388452 manager_to_backend_execute_async_us=14 submit_us=210 [28603,28616][transport_manager.cpp:674,ExecuteAsync]
[HIXL_QUERY_PERF] layer=comm_channel request=0x44 mutex_wait_us=0 check_us=0 lookup_us=0 flag_check_us=1 complete_us=2 total_us=3 transfer_elapsed_us=214 transfer_bytes=10 op_desc_count=1 transfer_status=1
[HIXL_QUERY_PERF] layer=adxl_inner request=0x44 context_us=0 req_lock_wait_us=1 lookup_us=0 channel_us=13 cleanup_us=1 total_us=15 status=0 transfer_status=1
[HIXL_QUERY_PERF] layer=comm_engine request=0x44 total_us=18 status=0 transfer_status=1
[2026-08-24 21:08:12.388697][UC][I] [HIXL_WORKER_PERF] task_id=353 queue_depth=1 enqueue_lock_wait_us=1 enqueue_us=0 queue_wait_us=10 execute_us=21 result_post_us=9 total_us=41 status=0 [28603,28616][hixl_instance.cpp:107,Run]
[2026-08-24 21:08:12.388710][UC][I] [QUERY_PERF] component=ucm layer=hixl_instance request=0x44 queue_wait_us=11 backend_us=20 run_post_us=24 total_us=55 api_status=0 transfer_status=1 [28603,28616][hixl_instance.cpp:370,GetTransferStatus]
[2026-08-24 21:08:12.388722][UC][I] [QUERY_PERF] component=ucm layer=hixl_transport handle=116 request=0x44 lifecycle_lock_us=0 pending_lock_wait_us=0 pending_lookup_us=0 instance_us=66 erase_us=0 total_us=66 transfer_status=1 [28603,28616][hixl_transport.cpp:734,GetStatus]
[2026-08-24 21:08:12.388726][UC][I] [QUERY_PERF] component=ucm layer=transport_manager handle=116 transport_handle=116 transfers_lock_wait_us=0 lookup_us=0 transport_us=71 total_us=71 api_status=0 transfer_status=1 [28603,28616][transport_manager.cpp:716,GetStatus]
[2026-08-24 21:08:12.388734][UC][I] [PERF] component=transport event=transfer_done manager=127.0.0.1:8000 target=127.0.0.1:4500 handle=116 transport_handle=116 opcode=1 direct=2 segments=1 bytes=10 status=1 api_status=0 submitted_ts_us=1787576892388648 completed_ts_us=1787576892388733 manager_get_status_ts_us=1787576892388654 backend_query_ts_us=1787576892388666 submit_us=210 transfer_us=84 manager_to_backend_query_us=11 total_us=294 [28603,28616][transport_manager.cpp:727,GetStatus]
[2026-08-24 21:08:12.388742][UC][I] [PERF] component=drampool event=request_done request_id=15 opcode=0 peer=127.0.0.1:4500 batch_size=2 data_bytes=0 failed_items=0 status=SUCCESS failed_stage=NONE received_ts_us=1787576892388219 worker_started_ts_us=1787576892388284 data_transfer_submitted_ts_us=0 data_transfer_completed_ts_us=0 response_submitted_ts_us=1787576892388653 completed_ts_us=1787576892388740 data_tm_execute_async_ts_us=0 data_hixl_execute_async_ts_us=0 data_tm_get_status_ts_us=0 data_hixl_query_handle_ts_us=0 response_tm_execute_async_ts_us=1787576892388438 response_hixl_execute_async_ts_us=1787576892388452 response_tm_get_status_ts_us=1787576892388654 response_hixl_query_handle_ts_us=1787576892388666 request_queue_us=64 metadata_prepare_us=0 taskworker_prepare_us=2 poller_queue_us=151 data_transfer_us=0 metadata_settle_us=0 response_slot_wait_us=152 response_submit_us=217 response_transfer_us=85 data_tm_to_hixl_execute_async_us=0 data_tm_to_hixl_query_handle_us=0 response_tm_to_hixl_execute_async_us=14 response_tm_to_hixl_query_handle_us=11 total_us=520 [28603,28616][completion_poller.cc:56,LogRequestDone]
[HIXL_PERF] event=hccl_batch op=1 desc_num=1 hccl_us=71 status=0
[HIXL_PERF] event=issue_hccl_batch op=1 list_num=1 total_us=81
[HIXL_PERF] event=issue_async_host_flag op=1 list_num=1 context_us=1 hccl_issue_us=83 flag_memcpy_us=5 total_us=89
[HIXL_PERF] event=comm_channel_async op=1 list_num=1 mutex_wait_us=0 slot_us=0 host_flag_us=0 record_us=0 issue_us=92 total_us=92
[HIXL_PERF] event=adxl_inner_async op=1 list_num=1 context_us=1 connect_us=0 get_channel_us=0 channel_async_us=95 tail_us=0 total_us=96
[HIXL_PERF] event=comm_engine_async op=1 list_num=1 desc_build_us=0 inner_us=99 total_us=99 status=0
[2026-08-24 21:08:12.389336][UC][I] [HIXL_WORKER_PERF] task_id=354 queue_depth=1 enqueue_lock_wait_us=1 enqueue_us=0 queue_wait_us=9 execute_us=106 result_post_us=11 total_us=127 status=0 [28603,28616][hixl_instance.cpp:107,Run]
[2026-08-24 21:08:12.389352][UC][I] [PERF] component=transport event=transfer_submitted manager=127.0.0.1:8000 target=127.0.0.1:4500 handle=117 transport_handle=117 opcode=1 direct=2 segments=1 bytes=10 submitted_ts_us=1787576892389351 manager_execute_async_ts_us=1787576892389207 backend_execute_async_ts_us=1787576892389219 manager_to_backend_execute_async_us=12 submit_us=143 [28603,28616][transport_manager.cpp:674,ExecuteAsync]
[HIXL_QUERY_PERF] layer=comm_channel request=0x45 mutex_wait_us=0 check_us=0 lookup_us=0 flag_check_us=1 complete_us=1 total_us=2 transfer_elapsed_us=149 transfer_bytes=10 op_desc_count=1 transfer_status=1
[HIXL_QUERY_PERF] layer=adxl_inner request=0x45 context_us=0 req_lock_wait_us=0 lookup_us=1 channel_us=10 cleanup_us=1 total_us=12 status=0 transfer_status=1
[HIXL_QUERY_PERF] layer=comm_engine request=0x45 total_us=15 status=0 transfer_status=1
[2026-08-24 21:08:12.389396][UC][I] [HIXL_WORKER_PERF] task_id=355 queue_depth=1 enqueue_lock_wait_us=0 enqueue_us=0 queue_wait_us=10 execute_us=18 result_post_us=9 total_us=37 status=0 [28603,28616][hixl_instance.cpp:107,Run]
[2026-08-24 21:08:12.389408][UC][I] [QUERY_PERF] component=ucm layer=hixl_instance request=0x45 queue_wait_us=11 backend_us=17 run_post_us=22 total_us=50 api_status=0 transfer_status=1 [28603,28616][hixl_instance.cpp:370,GetTransferStatus]
[2026-08-24 21:08:12.389416][UC][I] [QUERY_PERF] component=ucm layer=hixl_transport handle=117 request=0x45 lifecycle_lock_us=0 pending_lock_wait_us=0 pending_lookup_us=0 instance_us=57 erase_us=0 total_us=57 transfer_status=1 [28603,28616][hixl_transport.cpp:734,GetStatus]
[2026-08-24 21:08:12.389426][UC][I] [QUERY_PERF] component=ucm layer=transport_manager handle=117 transport_handle=117 transfers_lock_wait_us=0 lookup_us=0 transport_us=67 total_us=67 api_status=0 transfer_status=1 [28603,28616][transport_manager.cpp:716,GetStatus]
[2026-08-24 21:08:12.389433][UC][I] [PERF] component=transport event=transfer_done manager=127.0.0.1:8000 target=127.0.0.1:4500 handle=117 transport_handle=117 opcode=1 direct=2 segments=1 bytes=10 status=1 api_status=0 submitted_ts_us=1787576892389351 completed_ts_us=1787576892389431 manager_get_status_ts_us=1787576892389358 backend_query_ts_us=1787576892389369 submit_us=143 transfer_us=81 manager_to_backend_query_us=11 total_us=224 [28603,28616][transport_manager.cpp:727,GetStatus]
[2026-08-24 21:08:12.389444][UC][I] [PERF] component=drampool event=request_done request_id=16 opcode=0 peer=127.0.0.1:4500 batch_size=2 data_bytes=0 failed_items=0 status=SUCCESS failed_stage=NONE received_ts_us=1787576892388947 worker_started_ts_us=1787576892389052 data_transfer_submitted_ts_us=0 data_transfer_completed_ts_us=0 response_submitted_ts_us=1787576892389357 completed_ts_us=1787576892389442 data_tm_execute_async_ts_us=0 data_hixl_execute_async_ts_us=0 data_tm_get_status_ts_us=0 data_hixl_query_handle_ts_us=0 response_tm_execute_async_ts_us=1787576892389207 response_hixl_execute_async_ts_us=1787576892389219 response_tm_get_status_ts_us=1787576892389358 response_hixl_query_handle_ts_us=1787576892389369 request_queue_us=105 metadata_prepare_us=0 taskworker_prepare_us=2 poller_queue_us=152 data_transfer_us=0 metadata_settle_us=0 response_slot_wait_us=153 response_submit_us=151 response_transfer_us=84 data_tm_to_hixl_execute_async_us=0 data_tm_to_hixl_query_handle_us=0 response_tm_to_hixl_execute_async_us=12 response_tm_to_hixl_query_handle_us=11 total_us=495 [28603,28616][completion_poller.cc:56,LogRequestDone]
[2026-08-24 21:08:12.458550][UC][E] TaskWorker ProcessOneRequest failed: -50000, DUMP response exceeds configured flag buffer slot size [28603,28617][task_worker.cc:52,Run]
[2026-08-24 21:08:12.458585][UC][E] TaskWorker ProcessOneRequest failed: -50000, DUMP response exceeds configured flag buffer slot size [28603,28617][task_worker.cc:52,Run]
[2026-08-24 21:08:12.458591][UC][E] TaskWorker ProcessOneRequest failed: -50000, DUMP response exceeds configured flag buffer slot size [28603,28617][task_worker.cc:52,Run]
[2026-08-24 21:08:12.458600][UC][I] ShardMetadata StoreBegin: key already exists. [28603,28617][metadata.cc:57,StoreBegin]
[2026-08-24 21:08:12.458605][UC][I] ShardMetadata StoreBegin: key already exists. [28603,28617][metadata.cc:57,StoreBegin]
[2026-08-24 21:08:12.458609][UC][I] ShardMetadata StoreBegin: key already exists. [28603,28617][metadata.cc:57,StoreBegin]
[2026-08-24 21:08:12.458612][UC][I] ShardMetadata StoreBegin: key already exists. [28603,28617][metadata.cc:57,StoreBegin]
[2026-08-24 21:08:12.458615][UC][I] ShardMetadata StoreBegin: key already exists. [28603,28617][metadata.cc:57,StoreBegin]
[2026-08-24 21:08:12.458618][UC][I] ShardMetadata StoreBegin: key already exists. [28603,28617][metadata.cc:57,StoreBegin]
[2026-08-24 21:08:12.458621][UC][I] ShardMetadata StoreBegin: key already exists. [28603,28617][metadata.cc:57,StoreBegin]
[2026-08-24 21:08:12.458624][UC][I] ShardMetadata StoreBegin: key already exists. [28603,28617][metadata.cc:57,StoreBegin]
[2026-08-24 21:08:12.458627][UC][I] ShardMetadata StoreBegin: key already exists. [28603,28617][metadata.cc:57,StoreBegin]
[2026-08-24 21:08:12.458630][UC][I] ShardMetadata StoreBegin: key already exists. [28603,28617][metadata.cc:57,StoreBegin]
[2026-08-24 21:08:12.458633][UC][I] ShardMetadata StoreBegin: key already exists. [28603,28617][metadata.cc:57,StoreBegin]
[2026-08-24 21:08:12.458636][UC][I] ShardMetadata StoreBegin: key already exists. [28603,28617][metadata.cc:57,StoreBegin]
[2026-08-24 21:08:12.458647][UC][I] ShardMetadata StoreBegin: key already exists. [28603,28617][metadata.cc:57,StoreBegin]
[2026-08-24 21:08:12.458650][UC][I] ShardMetadata StoreBegin: key already exists. [28603,28617][metadata.cc:57,StoreBegin]
[2026-08-24 21:08:12.458653][UC][I] ShardMetadata StoreBegin: key already exists. [28603,28617][metadata.cc:57,StoreBegin]
[2026-08-24 21:08:12.458656][UC][I] ShardMetadata StoreBegin: key already exists. [28603,28617][metadata.cc:57,StoreBegin]
[2026-08-24 21:08:12.458660][UC][I] ShardMetadata StoreBegin: key already exists. [28603,28617][metadata.cc:57,StoreBegin]
[2026-08-24 21:08:12.458664][UC][I] ShardMetadata StoreBegin: key already exists. [28603,28617][metadata.cc:57,StoreBegin]
[2026-08-24 21:08:12.458676][UC][I] ShardMetadata StoreBegin: key already exists. [28603,28617][metadata.cc:57,StoreBegin]
[2026-08-24 21:08:12.458681][UC][I] ShardMetadata StoreBegin: key already exists. [28603,28617][metadata.cc:57,StoreBegin]
[2026-08-24 21:08:12.458684][UC][I] ShardMetadata StoreBegin: key already exists. [28603,28617][metadata.cc:57,StoreBegin]
[2026-08-24 21:08:12.458688][UC][I] ShardMetadata StoreBegin: key already exists. [28603,28617][metadata.cc:57,StoreBegin]
[2026-08-24 21:08:12.458692][UC][I] ShardMetadata StoreBegin: key already exists. [28603,28617][metadata.cc:57,StoreBegin]
[2026-08-24 21:08:12.458696][UC][I] ShardMetadata StoreBegin: key already exists. [28603,28617][metadata.cc:57,StoreBegin]
[2026-08-24 21:08:12.458699][UC][I] ShardMetadata StoreBegin: key already exists. [28603,28617][metadata.cc:57,StoreBegin]
[2026-08-24 21:08:12.458702][UC][I] ShardMetadata StoreBegin: key already exists. [28603,28617][metadata.cc:57,StoreBegin]
[2026-08-24 21:08:12.458704][UC][I] ShardMetadata StoreBegin: key already exists. [28603,28617][metadata.cc:57,StoreBegin]
[2026-08-24 21:08:12.458707][UC][I] ShardMetadata StoreBegin: key already exists. [28603,28617][metadata.cc:57,StoreBegin]
[2026-08-24 21:08:12.458710][UC][I] ShardMetadata StoreBegin: key already exists. [28603,28617][metadata.cc:57,StoreBegin]
[2026-08-24 21:08:12.458713][UC][I] ShardMetadata StoreBegin: key already exists. [28603,28617][metadata.cc:57,StoreBegin]
[2026-08-24 21:08:12.458715][UC][I] ShardMetadata StoreBegin: key already exists. [28603,28617][metadata.cc:57,StoreBegin]
[2026-08-24 21:08:12.458718][UC][I] ShardMetadata StoreBegin: key already exists. [28603,28617][metadata.cc:57,StoreBegin]
[2026-08-24 21:08:12.458721][UC][I] ShardMetadata StoreBegin: key already exists. [28603,28617][metadata.cc:57,StoreBegin]
[2026-08-24 21:08:12.458724][UC][I] ShardMetadata StoreBegin: key already exists. [28603,28617][metadata.cc:57,StoreBegin]
[2026-08-24 21:08:12.458727][UC][I] ShardMetadata StoreBegin: key already exists. [28603,28617][metadata.cc:57,StoreBegin]
[2026-08-24 21:08:12.458730][UC][I] ShardMetadata StoreBegin: key already exists. [28603,28617][metadata.cc:57,StoreBegin]
[2026-08-24 21:08:12.458733][UC][I] ShardMetadata StoreBegin: key already exists. [28603,28617][metadata.cc:57,StoreBegin]
[2026-08-24 21:08:12.458736][UC][I] ShardMetadata StoreBegin: key already exists. [28603,28617][metadata.cc:57,StoreBegin]
[2026-08-24 21:08:12.458739][UC][I] ShardMetadata StoreBegin: key already exists. [28603,28617][metadata.cc:57,StoreBegin]
[2026-08-24 21:08:12.458742][UC][I] ShardMetadata StoreBegin: key already exists. [28603,28617][metadata.cc:57,StoreBegin]
[2026-08-24 21:08:12.458744][UC][I] ShardMetadata StoreBegin: key already exists. [28603,28617][metadata.cc:57,StoreBegin]
[2026-08-24 21:08:12.458748][UC][I] ShardMetadata StoreBegin: key already exists. [28603,28617][metadata.cc:57,StoreBegin]
[2026-08-24 21:08:12.458750][UC][I] ShardMetadata StoreBegin: key already exists. [28603,28617][metadata.cc:57,StoreBegin]
[2026-08-24 21:08:12.458753][UC][I] ShardMetadata StoreBegin: key already exists. [28603,28617][metadata.cc:57,StoreBegin]
[2026-08-24 21:08:12.458756][UC][I] ShardMetadata StoreBegin: key already exists. [28603,28617][metadata.cc:57,StoreBegin]
[2026-08-24 21:08:12.458759][UC][I] ShardMetadata StoreBegin: key already exists. [28603,28617][metadata.cc:57,StoreBegin]
[2026-08-24 21:08:12.458763][UC][I] ShardMetadata StoreBegin: key already exists. [28603,28617][metadata.cc:57,StoreBegin]
[2026-08-24 21:08:12.458766][UC][I] ShardMetadata StoreBegin: key already exists. [28603,28617][metadata.cc:57,StoreBegin]
[HIXL_PERF] event=hccl_batch op=1 desc_num=1 hccl_us=99 status=0
[HIXL_PERF] event=issue_hccl_batch op=1 list_num=1 total_us=115
[HIXL_PERF] event=issue_async_host_flag op=1 list_num=1 context_us=1 hccl_issue_us=117 flag_memcpy_us=5 total_us=123
[HIXL_PERF] event=comm_channel_async op=1 list_num=1 mutex_wait_us=1 slot_us=1 host_flag_us=17 record_us=0 issue_us=128 total_us=147
[HIXL_PERF] event=adxl_inner_async op=1 list_num=1 context_us=1 connect_us=0 get_channel_us=1 channel_async_us=151 tail_us=0 total_us=153
[HIXL_PERF] event=comm_engine_async op=1 list_num=1 desc_build_us=0 inner_us=158 total_us=158 status=0
[2026-08-24 21:08:12.459045][UC][I] [HIXL_WORKER_PERF] task_id=356 queue_depth=1 enqueue_lock_wait_us=0 enqueue_us=1 queue_wait_us=10 execute_us=168 result_post_us=12 total_us=191 status=0 [28603,28616][hixl_instance.cpp:107,Run]
[2026-08-24 21:08:12.459058][UC][I] [PERF] component=transport event=transfer_submitted manager=127.0.0.1:8000 target=127.0.0.1:4501 handle=118 transport_handle=118 opcode=1 direct=2 segments=1 bytes=33 submitted_ts_us=1787576892459056 manager_execute_async_ts_us=1787576892458850 backend_execute_async_ts_us=1787576892458864 manager_to_backend_execute_async_us=14 submit_us=206 [28603,28616][transport_manager.cpp:674,ExecuteAsync]
[HIXL_QUERY_PERF] layer=comm_channel request=0x46 mutex_wait_us=1 check_us=0 lookup_us=0 flag_check_us=0 complete_us=0 total_us=1 transfer_elapsed_us=213 transfer_bytes=33 op_desc_count=1 transfer_status=0
[HIXL_QUERY_PERF] layer=adxl_inner request=0x46 context_us=1 req_lock_wait_us=0 lookup_us=0 channel_us=15 cleanup_us=0 total_us=16 status=0 transfer_status=0
[HIXL_QUERY_PERF] layer=comm_engine request=0x46 total_us=19 status=0 transfer_status=0
[2026-08-24 21:08:12.459110][UC][I] [HIXL_WORKER_PERF] task_id=357 queue_depth=1 enqueue_lock_wait_us=1 enqueue_us=0 queue_wait_us=10 execute_us=22 result_post_us=10 total_us=43 status=0 [28603,28616][hixl_instance.cpp:107,Run]
[2026-08-24 21:08:12.459121][UC][I] [QUERY_PERF] component=ucm layer=hixl_instance request=0x46 queue_wait_us=11 backend_us=22 run_post_us=20 total_us=53 api_status=0 transfer_status=0 [28603,28616][hixl_instance.cpp:370,GetTransferStatus]
[2026-08-24 21:08:12.459124][UC][I] [QUERY_PERF] component=ucm layer=hixl_transport handle=118 request=0x46 lifecycle_lock_us=0 pending_lock_wait_us=0 pending_lookup_us=0 instance_us=57 erase_us=0 total_us=57 transfer_status=0 [28603,28616][hixl_transport.cpp:734,GetStatus]
[2026-08-24 21:08:12.459127][UC][I] [QUERY_PERF] component=ucm layer=transport_manager handle=118 transport_handle=118 transfers_lock_wait_us=0 lookup_us=0 transport_us=60 total_us=60 api_status=0 transfer_status=0 [28603,28616][transport_manager.cpp:716,GetStatus]
[HIXL_QUERY_PERF] layer=comm_channel request=0x46 mutex_wait_us=0 check_us=0 lookup_us=0 flag_check_us=0 complete_us=0 total_us=0 transfer_elapsed_us=274 transfer_bytes=33 op_desc_count=1 transfer_status=0
[HIXL_QUERY_PERF] layer=adxl_inner request=0x46 context_us=0 req_lock_wait_us=0 lookup_us=1 channel_us=8 cleanup_us=0 total_us=9 status=0 transfer_status=0
[HIXL_QUERY_PERF] layer=comm_engine request=0x46 total_us=12 status=0 transfer_status=0
[2026-08-24 21:08:12.459167][UC][I] [HIXL_WORKER_PERF] task_id=358 queue_depth=1 enqueue_lock_wait_us=1 enqueue_us=0 queue_wait_us=9 execute_us=16 result_post_us=9 total_us=35 status=0 [28603,28616][hixl_instance.cpp:107,Run]
[2026-08-24 21:08:12.459177][UC][I] [QUERY_PERF] component=ucm layer=hixl_instance request=0x46 queue_wait_us=10 backend_us=16 run_post_us=19 total_us=45 api_status=0 transfer_status=0 [28603,28616][hixl_instance.cpp:370,GetTransferStatus]
[2026-08-24 21:08:12.459183][UC][I] [QUERY_PERF] component=ucm layer=hixl_transport handle=118 request=0x46 lifecycle_lock_us=0 pending_lock_wait_us=0 pending_lookup_us=0 instance_us=52 erase_us=0 total_us=52 transfer_status=0 [28603,28616][hixl_transport.cpp:734,GetStatus]
[2026-08-24 21:08:12.459191][UC][I] [QUERY_PERF] component=ucm layer=transport_manager handle=118 transport_handle=118 transfers_lock_wait_us=0 lookup_us=0 transport_us=60 total_us=60 api_status=0 transfer_status=0 [28603,28616][transport_manager.cpp:716,GetStatus]
[HIXL_QUERY_PERF] layer=comm_channel request=0x46 mutex_wait_us=0 check_us=0 lookup_us=0 flag_check_us=0 complete_us=0 total_us=0 transfer_elapsed_us=339 transfer_bytes=33 op_desc_count=1 transfer_status=0
[HIXL_QUERY_PERF] layer=adxl_inner request=0x46 context_us=0 req_lock_wait_us=1 lookup_us=0 channel_us=11 cleanup_us=0 total_us=12 status=0 transfer_status=0
[HIXL_QUERY_PERF] layer=comm_engine request=0x46 total_us=17 status=0 transfer_status=0
[2026-08-24 21:08:12.459235][UC][I] [HIXL_WORKER_PERF] task_id=359 queue_depth=1 enqueue_lock_wait_us=1 enqueue_us=0 queue_wait_us=9 execute_us=20 result_post_us=9 total_us=39 status=0 [28603,28616][hixl_instance.cpp:107,Run]
[2026-08-24 21:08:12.459246][UC][I] [QUERY_PERF] component=ucm layer=hixl_instance request=0x46 queue_wait_us=10 backend_us=20 run_post_us=21 total_us=51 api_status=0 transfer_status=0 [28603,28616][hixl_instance.cpp:370,GetTransferStatus]
[2026-08-24 21:08:12.459251][UC][I] [QUERY_PERF] component=ucm layer=hixl_transport handle=118 request=0x46 lifecycle_lock_us=0 pending_lock_wait_us=0 pending_lookup_us=0 instance_us=56 erase_us=0 total_us=56 transfer_status=0 [28603,28616][hixl_transport.cpp:734,GetStatus]
[2026-08-24 21:08:12.459254][UC][I] [QUERY_PERF] component=ucm layer=transport_manager handle=118 transport_handle=118 transfers_lock_wait_us=0 lookup_us=0 transport_us=59 total_us=59 api_status=0 transfer_status=0 [28603,28616][transport_manager.cpp:716,GetStatus]
[HIXL_QUERY_PERF] layer=comm_channel request=0x46 mutex_wait_us=0 check_us=0 lookup_us=0 flag_check_us=0 complete_us=0 total_us=0 transfer_elapsed_us=401 transfer_bytes=33 op_desc_count=1 transfer_status=0
[HIXL_QUERY_PERF] layer=adxl_inner request=0x46 context_us=0 req_lock_wait_us=0 lookup_us=1 channel_us=10 cleanup_us=0 total_us=11 status=0 transfer_status=0
[HIXL_QUERY_PERF] layer=comm_engine request=0x46 total_us=15 status=0 transfer_status=0
[2026-08-24 21:08:12.459297][UC][I] [HIXL_WORKER_PERF] task_id=360 queue_depth=1 enqueue_lock_wait_us=1 enqueue_us=1 queue_wait_us=9 execute_us=20 result_post_us=9 total_us=40 status=0 [28603,28616][hixl_instance.cpp:107,Run]
[2026-08-24 21:08:12.459307][UC][I] [QUERY_PERF] component=ucm layer=hixl_instance request=0x46 queue_wait_us=11 backend_us=19 run_post_us=20 total_us=50 api_status=0 transfer_status=0 [28603,28616][hixl_instance.cpp:370,GetTransferStatus]
[2026-08-24 21:08:12.459311][UC][I] [QUERY_PERF] component=ucm layer=hixl_transport handle=118 request=0x46 lifecycle_lock_us=0 pending_lock_wait_us=0 pending_lookup_us=0 instance_us=54 erase_us=0 total_us=54 transfer_status=0 [28603,28616][hixl_transport.cpp:734,GetStatus]
[2026-08-24 21:08:12.459319][UC][I] [QUERY_PERF] component=ucm layer=transport_manager handle=118 transport_handle=118 transfers_lock_wait_us=0 lookup_us=0 transport_us=61 total_us=61 api_status=0 transfer_status=0 [28603,28616][transport_manager.cpp:716,GetStatus]
[HIXL_QUERY_PERF] layer=comm_channel request=0x46 mutex_wait_us=0 check_us=0 lookup_us=1 flag_check_us=0 complete_us=0 total_us=1 transfer_elapsed_us=470 transfer_bytes=33 op_desc_count=1 transfer_status=0
[HIXL_QUERY_PERF] layer=adxl_inner request=0x46 context_us=1 req_lock_wait_us=0 lookup_us=0 channel_us=8 cleanup_us=0 total_us=9 status=0 transfer_status=0
[HIXL_QUERY_PERF] layer=comm_engine request=0x46 total_us=12 status=0 transfer_status=0
[2026-08-24 21:08:12.459361][UC][I] [HIXL_WORKER_PERF] task_id=361 queue_depth=1 enqueue_lock_wait_us=0 enqueue_us=1 queue_wait_us=8 execute_us=15 result_post_us=10 total_us=34 status=0 [28603,28616][hixl_instance.cpp:107,Run]
[2026-08-24 21:08:12.459376][UC][I] [QUERY_PERF] component=ucm layer=hixl_instance request=0x46 queue_wait_us=10 backend_us=14 run_post_us=24 total_us=48 api_status=0 transfer_status=0 [28603,28616][hixl_instance.cpp:370,GetTransferStatus]
[2026-08-24 21:08:12.459381][UC][I] [QUERY_PERF] component=ucm layer=hixl_transport handle=118 request=0x46 lifecycle_lock_us=0 pending_lock_wait_us=0 pending_lookup_us=0 instance_us=55 erase_us=0 total_us=55 transfer_status=0 [28603,28616][hixl_transport.cpp:734,GetStatus]
[2026-08-24 21:08:12.459384][UC][I] [QUERY_PERF] component=ucm layer=transport_manager handle=118 transport_handle=118 transfers_lock_wait_us=0 lookup_us=0 transport_us=58 total_us=58 api_status=0 transfer_status=0 [28603,28616][transport_manager.cpp:716,GetStatus]
[HIXL_QUERY_PERF] layer=comm_channel request=0x46 mutex_wait_us=0 check_us=1 lookup_us=0 flag_check_us=0 complete_us=3 total_us=4 transfer_elapsed_us=531 transfer_bytes=33 op_desc_count=1 transfer_status=1
[HIXL_QUERY_PERF] layer=adxl_inner request=0x46 context_us=1 req_lock_wait_us=0 lookup_us=0 channel_us=14 cleanup_us=0 total_us=15 status=0 transfer_status=1
[HIXL_QUERY_PERF] layer=comm_engine request=0x46 total_us=19 status=0 transfer_status=1
[2026-08-24 21:08:12.459429][UC][I] [HIXL_WORKER_PERF] task_id=362 queue_depth=1 enqueue_lock_wait_us=1 enqueue_us=0 queue_wait_us=9 execute_us=22 result_post_us=9 total_us=41 status=0 [28603,28616][hixl_instance.cpp:107,Run]
[2026-08-24 21:08:12.459438][UC][I] [QUERY_PERF] component=ucm layer=hixl_instance request=0x46 queue_wait_us=11 backend_us=21 run_post_us=19 total_us=51 api_status=0 transfer_status=1 [28603,28616][hixl_instance.cpp:370,GetTransferStatus]
[2026-08-24 21:08:12.459442][UC][I] [QUERY_PERF] component=ucm layer=hixl_transport handle=118 request=0x46 lifecycle_lock_us=0 pending_lock_wait_us=0 pending_lookup_us=0 instance_us=54 erase_us=0 total_us=54 transfer_status=1 [28603,28616][hixl_transport.cpp:734,GetStatus]
[2026-08-24 21:08:12.459445][UC][I] [QUERY_PERF] component=ucm layer=transport_manager handle=118 transport_handle=118 transfers_lock_wait_us=0 lookup_us=0 transport_us=58 total_us=58 api_status=0 transfer_status=1 [28603,28616][transport_manager.cpp:716,GetStatus]
[2026-08-24 21:08:12.459448][UC][I] [PERF] component=transport event=transfer_done manager=127.0.0.1:8000 target=127.0.0.1:4501 handle=118 transport_handle=118 opcode=1 direct=2 segments=1 bytes=33 status=1 api_status=0 submitted_ts_us=1787576892459056 completed_ts_us=1787576892459447 manager_get_status_ts_us=1787576892459387 backend_query_ts_us=1787576892459398 submit_us=206 transfer_us=390 manager_to_backend_query_us=11 total_us=596 [28603,28616][transport_manager.cpp:727,GetStatus]
[2026-08-24 21:08:12.459454][UC][I] [PERF] component=drampool event=request_done request_id=16 opcode=1 peer=127.0.0.1:4501 batch_size=48 data_bytes=0 failed_items=0 status=SUCCESS failed_stage=NONE received_ts_us=1787576892458589 worker_started_ts_us=1787576892458595 data_transfer_submitted_ts_us=0 data_transfer_completed_ts_us=0 response_submitted_ts_us=1787576892459065 completed_ts_us=1787576892459452 data_tm_execute_async_ts_us=0 data_hixl_execute_async_ts_us=0 data_tm_get_status_ts_us=0 data_hixl_query_handle_ts_us=0 response_tm_execute_async_ts_us=1787576892458850 response_hixl_execute_async_ts_us=1787576892458864 response_tm_get_status_ts_us=1787576892459387 response_hixl_query_handle_ts_us=1787576892459398 request_queue_us=6 metadata_prepare_us=171 taskworker_prepare_us=175 poller_queue_us=78 data_transfer_us=0 metadata_settle_us=0 response_slot_wait_us=80 response_submit_us=217 response_transfer_us=385 data_tm_to_hixl_execute_async_us=0 data_tm_to_hixl_query_handle_us=0 response_tm_to_hixl_execute_async_us=14 response_tm_to_hixl_query_handle_us=11 total_us=863 [28603,28616][completion_poller.cc:56,LogRequestDone]
[2026-08-24 21:08:15.656708][UC][I] [HIXL_WORKER_PERF] task_id=363 queue_depth=1 enqueue_lock_wait_us=1 enqueue_us=1 queue_wait_us=11 execute_us=198164 result_post_us=21 total_us=198198 status=0 [28603,28665][hixl_instance.cpp:107,Run]
[2026-08-24 21:08:15.830435][UC][I] [HIXL_WORKER_PERF] task_id=364 queue_depth=1 enqueue_lock_wait_us=1 enqueue_us=0 queue_wait_us=15 execute_us=173167 result_post_us=18 total_us=173201 status=0 [28603,28665][hixl_instance.cpp:107,Run]
[2026-08-24 21:08:20.793268][UC][I] [HIXL_WORKER_PERF] task_id=365 queue_depth=1 enqueue_lock_wait_us=2 enqueue_us=1 queue_wait_us=25 execute_us=197733 result_post_us=23 total_us=197784 status=0 [28603,28665][hixl_instance.cpp:107,Run]
[2026-08-24 21:08:20.994093][UC][I] [HIXL_WORKER_PERF] task_id=366 queue_depth=1 enqueue_lock_wait_us=1 enqueue_us=0 queue_wait_us=22 execute_us=200634 result_post_us=22 total_us=200679 status=0 [28603,28665][hixl_instance.cpp:107,Run]
[2026-08-24 21:08:21.189665][UC][I] [HIXL_WORKER_PERF] task_id=367 queue_depth=1 enqueue_lock_wait_us=1 enqueue_us=1 queue_wait_us=13 execute_us=195404 result_post_us=24 total_us=195443 status=0 [28603,28665][hixl_instance.cpp:107,Run]
[2026-08-24 21:08:21.388953][UC][I] [HIXL_WORKER_PERF] task_id=368 queue_depth=1 enqueue_lock_wait_us=2 enqueue_us=0 queue_wait_us=20 execute_us=199041 result_post_us=20 total_us=199083 status=0 [28603,28665][hixl_instance.cpp:107,Run]
[2026-08-24 21:08:21.598435][UC][I] [HIXL_WORKER_PERF] task_id=369 queue_depth=1 enqueue_lock_wait_us=1 enqueue_us=0 queue_wait_us=16 execute_us=209299 result_post_us=28 total_us=209344 status=0 [28603,28665][hixl_instance.cpp:107,Run]
[2026-08-24 21:08:21.797031][UC][I] [HIXL_WORKER_PERF] task_id=370 queue_depth=1 enqueue_lock_wait_us=1 enqueue_us=1 queue_wait_us=17 execute_us=198396 result_post_us=18 total_us=198433 status=0 [28603,28665][hixl_instance.cpp:107,Run]
[2026-08-24 21:08:22.214524][UC][I] [HIXL_WORKER_PERF] task_id=371 queue_depth=1 enqueue_lock_wait_us=1 enqueue_us=1 queue_wait_us=19 execute_us=417353 result_post_us=19 total_us=417393 status=0 [28603,28665][hixl_instance.cpp:107,Run]
[2026-08-24 21:08:22.388247][UC][I] [HIXL_WORKER_PERF] task_id=372 queue_depth=1 enqueue_lock_wait_us=0 enqueue_us=1 queue_wait_us=18 execute_us=173575 result_post_us=22 total_us=173616 status=0 [28603,28665][hixl_instance.cpp:107,Run]
