[2026-08-24 20:46:29.411177][UC][I] DramPool CompletionPoller started [16689,16702][drampool_server.cc:555,CompletionPollerLoop]
[2026-08-24 20:46:29.411275][UC][I] DramPool TaskWorker started [16689,16703][drampool_server.cc:473,TaskWorkerLoop]
[2026-08-24 20:46:29.411407][UC][I] DramPool GCThread started, interval_ms=1000 [16689,16704][drampool_server.cc:562,GCThreadLoop]
[2026-08-24 20:46:29.411529][UC][I] DramPool RequestReceiver started, addr=127.0.0.1:9000 [16689,16705][drampool_server.cc:480,RequestReceiveLoop]
[2026-08-24 20:46:31.199898][UC][I] DramPool health server is disabled [16689,16689][health_server.cc:140,Start]
[2026-08-24 20:46:31.199935][UC][I] DramPool service ready, addr=127.0.0.1:9000 [16689,16689][drampool_daemon.cc:79,Run]
[HIXL_PERF] event=hccl_batch op=1 desc_num=1 hccl_us=230 status=0
[HIXL_PERF] event=issue_hccl_batch op=1 list_num=1 total_us=270
[HIXL_PERF] event=issue_async_host_flag op=1 list_num=1 context_us=1 hccl_issue_us=275 flag_memcpy_us=20 total_us=296
[HIXL_PERF] event=comm_channel_async op=1 list_num=1 mutex_wait_us=0 slot_us=1350 host_flag_us=9 record_us=2 issue_us=304 total_us=1665
[HIXL_PERF] event=adxl_inner_async op=1 list_num=1 context_us=9 connect_us=0 get_channel_us=3 channel_async_us=1669 tail_us=2 total_us=1683
[HIXL_PERF] event=comm_engine_async op=1 list_num=1 desc_build_us=1 inner_us=1690 total_us=1691 status=0
[2026-08-24 20:47:22.748795][UC][I] [PERF] component=transport event=transfer_submitted manager=127.0.0.1:8000 target=127.0.0.1:4500 handle=1 transport_handle=1 opcode=1 direct=2 segments=1 bytes=10 submitted_ts_us=1787575642748792 manager_execute_async_ts_us=1787575642747029 backend_execute_async_ts_us=1787575642747059 manager_to_backend_execute_async_us=30 submit_us=1758 [16689,16702][transport_manager.cpp:674,ExecuteAsync]
[HIXL_QUERY_PERF] layer=comm_channel request=0x1 mutex_wait_us=0 check_us=0 lookup_us=1 flag_check_us=0 complete_us=0 total_us=1 transfer_status=0
[HIXL_QUERY_PERF] layer=adxl_inner request=0x1 context_us=2 req_lock_wait_us=0 lookup_us=1 channel_us=12 cleanup_us=0 total_us=15 status=0 transfer_status=0
[HIXL_QUERY_PERF] layer=comm_engine request=0x1 total_us=18 status=0 transfer_status=0
[2026-08-24 20:47:22.748893][UC][I] [QUERY_PERF] component=ucm layer=hixl_instance request=0x1 queue_wait_us=12 backend_us=23 run_post_us=10 total_us=45 api_status=0 transfer_status=0 [16689,16702][hixl_instance.cpp:342,GetTransferStatus]
[2026-08-24 20:47:22.748904][UC][I] [QUERY_PERF] component=ucm layer=hixl_transport handle=1 request=0x1 lifecycle_lock_us=0 pending_lock_wait_us=0 pending_lookup_us=0 instance_us=57 erase_us=0 total_us=57 transfer_status=0 [16689,16702][hixl_transport.cpp:734,GetStatus]
[2026-08-24 20:47:22.748911][UC][I] [QUERY_PERF] component=ucm layer=transport_manager handle=1 transport_handle=1 transfers_lock_wait_us=1 lookup_us=0 transport_us=64 total_us=65 api_status=0 transfer_status=0 [16689,16702][transport_manager.cpp:716,GetStatus]
[HIXL_QUERY_PERF] layer=comm_channel request=0x1 mutex_wait_us=0 check_us=0 lookup_us=0 flag_check_us=0 complete_us=0 total_us=0 transfer_status=0
[HIXL_QUERY_PERF] layer=adxl_inner request=0x1 context_us=0 req_lock_wait_us=0 lookup_us=1 channel_us=7 cleanup_us=0 total_us=8 status=0 transfer_status=0
[HIXL_QUERY_PERF] layer=comm_engine request=0x1 total_us=12 status=0 transfer_status=0
[2026-08-24 20:47:22.748955][UC][I] [QUERY_PERF] component=ucm layer=hixl_instance request=0x1 queue_wait_us=10 backend_us=18 run_post_us=9 total_us=37 api_status=0 transfer_status=0 [16689,16702][hixl_instance.cpp:342,GetTransferStatus]
[2026-08-24 20:47:22.748963][UC][I] [QUERY_PERF] component=ucm layer=hixl_transport handle=1 request=0x1 lifecycle_lock_us=0 pending_lock_wait_us=0 pending_lookup_us=0 instance_us=45 erase_us=0 total_us=45 transfer_status=0 [16689,16702][hixl_transport.cpp:734,GetStatus]
[2026-08-24 20:47:22.748969][UC][I] [QUERY_PERF] component=ucm layer=transport_manager handle=1 transport_handle=1 transfers_lock_wait_us=0 lookup_us=0 transport_us=52 total_us=52 api_status=0 transfer_status=0 [16689,16702][transport_manager.cpp:716,GetStatus]
[HIXL_QUERY_PERF] layer=comm_channel request=0x1 mutex_wait_us=0 check_us=0 lookup_us=1 flag_check_us=0 complete_us=0 total_us=1 transfer_status=0
[HIXL_QUERY_PERF] layer=adxl_inner request=0x1 context_us=1 req_lock_wait_us=0 lookup_us=0 channel_us=10 cleanup_us=0 total_us=11 status=0 transfer_status=0
[HIXL_QUERY_PERF] layer=comm_engine request=0x1 total_us=14 status=0 transfer_status=0
[2026-08-24 20:47:22.749019][UC][I] [QUERY_PERF] component=ucm layer=hixl_instance request=0x1 queue_wait_us=10 backend_us=16 run_post_us=10 total_us=36 api_status=0 transfer_status=0 [16689,16702][hixl_instance.cpp:342,GetTransferStatus]
[2026-08-24 20:47:22.749028][UC][I] [QUERY_PERF] component=ucm layer=hixl_transport handle=1 request=0x1 lifecycle_lock_us=0 pending_lock_wait_us=0 pending_lookup_us=0 instance_us=45 erase_us=0 total_us=45 transfer_status=0 [16689,16702][hixl_transport.cpp:734,GetStatus]
[2026-08-24 20:47:22.749032][UC][I] [QUERY_PERF] component=ucm layer=transport_manager handle=1 transport_handle=1 transfers_lock_wait_us=0 lookup_us=1 transport_us=49 total_us=50 api_status=0 transfer_status=0 [16689,16702][transport_manager.cpp:716,GetStatus]
[HIXL_QUERY_PERF] layer=comm_channel request=0x1 mutex_wait_us=0 check_us=0 lookup_us=0 flag_check_us=0 complete_us=0 total_us=0 transfer_status=0
[HIXL_QUERY_PERF] layer=adxl_inner request=0x1 context_us=0 req_lock_wait_us=0 lookup_us=1 channel_us=6 cleanup_us=0 total_us=7 status=0 transfer_status=0
[HIXL_QUERY_PERF] layer=comm_engine request=0x1 total_us=12 status=0 transfer_status=0
[2026-08-24 20:47:22.749075][UC][I] [QUERY_PERF] component=ucm layer=hixl_instance request=0x1 queue_wait_us=10 backend_us=16 run_post_us=10 total_us=36 api_status=0 transfer_status=0 [16689,16702][hixl_instance.cpp:342,GetTransferStatus]
[2026-08-24 20:47:22.749082][UC][I] [QUERY_PERF] component=ucm layer=hixl_transport handle=1 request=0x1 lifecycle_lock_us=0 pending_lock_wait_us=0 pending_lookup_us=0 instance_us=44 erase_us=0 total_us=44 transfer_status=0 [16689,16702][hixl_transport.cpp:734,GetStatus]
[2026-08-24 20:47:22.749086][UC][I] [QUERY_PERF] component=ucm layer=transport_manager handle=1 transport_handle=1 transfers_lock_wait_us=0 lookup_us=0 transport_us=47 total_us=47 api_status=0 transfer_status=0 [16689,16702][transport_manager.cpp:716,GetStatus]
[HIXL_QUERY_PERF] layer=comm_channel request=0x1 mutex_wait_us=0 check_us=1 lookup_us=0 flag_check_us=0 complete_us=0 total_us=1 transfer_status=0
[HIXL_QUERY_PERF] layer=adxl_inner request=0x1 context_us=1 req_lock_wait_us=0 lookup_us=0 channel_us=7 cleanup_us=0 total_us=8 status=0 transfer_status=0
[HIXL_QUERY_PERF] layer=comm_engine request=0x1 total_us=13 status=0 transfer_status=0
[2026-08-24 20:47:22.749146][UC][I] [QUERY_PERF] component=ucm layer=hixl_instance request=0x1 queue_wait_us=10 backend_us=16 run_post_us=10 total_us=36 api_status=0 transfer_status=0 [16689,16702][hixl_instance.cpp:342,GetTransferStatus]
[2026-08-24 20:47:22.749155][UC][I] [QUERY_PERF] component=ucm layer=hixl_transport handle=1 request=0x1 lifecycle_lock_us=0 pending_lock_wait_us=0 pending_lookup_us=0 instance_us=46 erase_us=0 total_us=46 transfer_status=0 [16689,16702][hixl_transport.cpp:734,GetStatus]
[2026-08-24 20:47:22.749159][UC][I] [QUERY_PERF] component=ucm layer=transport_manager handle=1 transport_handle=1 transfers_lock_wait_us=0 lookup_us=0 transport_us=50 total_us=50 api_status=0 transfer_status=0 [16689,16702][transport_manager.cpp:716,GetStatus]
[HIXL_QUERY_PERF] layer=comm_channel request=0x1 mutex_wait_us=0 check_us=0 lookup_us=0 flag_check_us=0 complete_us=0 total_us=0 transfer_status=0
[HIXL_QUERY_PERF] layer=adxl_inner request=0x1 context_us=0 req_lock_wait_us=0 lookup_us=1 channel_us=6 cleanup_us=0 total_us=7 status=0 transfer_status=0
[HIXL_QUERY_PERF] layer=comm_engine request=0x1 total_us=10 status=0 transfer_status=0
[2026-08-24 20:47:22.749196][UC][I] [QUERY_PERF] component=ucm layer=hixl_instance request=0x1 queue_wait_us=9 backend_us=13 run_post_us=10 total_us=32 api_status=0 transfer_status=0 [16689,16702][hixl_instance.cpp:342,GetTransferStatus]
[2026-08-24 20:47:22.749208][UC][I] [QUERY_PERF] component=ucm layer=hixl_transport handle=1 request=0x1 lifecycle_lock_us=0 pending_lock_wait_us=0 pending_lookup_us=0 instance_us=44 erase_us=0 total_us=44 transfer_status=0 [16689,16702][hixl_transport.cpp:734,GetStatus]
[2026-08-24 20:47:22.749212][UC][I] [QUERY_PERF] component=ucm layer=transport_manager handle=1 transport_handle=1 transfers_lock_wait_us=1 lookup_us=0 transport_us=48 total_us=49 api_status=0 transfer_status=0 [16689,16702][transport_manager.cpp:716,GetStatus]
[HIXL_QUERY_PERF] layer=comm_channel request=0x1 mutex_wait_us=1 check_us=0 lookup_us=0 flag_check_us=0 complete_us=0 total_us=1 transfer_status=0
[HIXL_QUERY_PERF] layer=adxl_inner request=0x1 context_us=0 req_lock_wait_us=0 lookup_us=0 channel_us=7 cleanup_us=0 total_us=7 status=0 transfer_status=0
[HIXL_QUERY_PERF] layer=comm_engine request=0x1 total_us=10 status=0 transfer_status=0
[2026-08-24 20:47:22.749253][UC][I] [QUERY_PERF] component=ucm layer=hixl_instance request=0x1 queue_wait_us=10 backend_us=15 run_post_us=10 total_us=35 api_status=0 transfer_status=0 [16689,16702][hixl_instance.cpp:342,GetTransferStatus]
[2026-08-24 20:47:22.749260][UC][I] [QUERY_PERF] component=ucm layer=hixl_transport handle=1 request=0x1 lifecycle_lock_us=0 pending_lock_wait_us=0 pending_lookup_us=0 instance_us=43 erase_us=0 total_us=43 transfer_status=0 [16689,16702][hixl_transport.cpp:734,GetStatus]
[2026-08-24 20:47:22.749263][UC][I] [QUERY_PERF] component=ucm layer=transport_manager handle=1 transport_handle=1 transfers_lock_wait_us=0 lookup_us=0 transport_us=46 total_us=46 api_status=0 transfer_status=0 [16689,16702][transport_manager.cpp:716,GetStatus]
[HIXL_QUERY_PERF] layer=comm_channel request=0x1 mutex_wait_us=0 check_us=0 lookup_us=0 flag_check_us=0 complete_us=0 total_us=0 transfer_status=0
[HIXL_QUERY_PERF] layer=adxl_inner request=0x1 context_us=0 req_lock_wait_us=0 lookup_us=1 channel_us=6 cleanup_us=0 total_us=7 status=0 transfer_status=0
[HIXL_QUERY_PERF] layer=comm_engine request=0x1 total_us=11 status=0 transfer_status=0
[2026-08-24 20:47:22.749302][UC][I] [QUERY_PERF] component=ucm layer=hixl_instance request=0x1 queue_wait_us=10 backend_us=15 run_post_us=10 total_us=35 api_status=0 transfer_status=0 [16689,16702][hixl_instance.cpp:342,GetTransferStatus]
[2026-08-24 20:47:22.749310][UC][I] [QUERY_PERF] component=ucm layer=hixl_transport handle=1 request=0x1 lifecycle_lock_us=0 pending_lock_wait_us=0 pending_lookup_us=0 instance_us=42 erase_us=0 total_us=42 transfer_status=0 [16689,16702][hixl_transport.cpp:734,GetStatus]
[2026-08-24 20:47:22.749313][UC][I] [QUERY_PERF] component=ucm layer=transport_manager handle=1 transport_handle=1 transfers_lock_wait_us=0 lookup_us=0 transport_us=46 total_us=46 api_status=0 transfer_status=0 [16689,16702][transport_manager.cpp:716,GetStatus]
[HIXL_QUERY_PERF] layer=comm_channel request=0x1 mutex_wait_us=0 check_us=0 lookup_us=0 flag_check_us=0 complete_us=0 total_us=0 transfer_status=0
[HIXL_QUERY_PERF] layer=adxl_inner request=0x1 context_us=0 req_lock_wait_us=0 lookup_us=1 channel_us=8 cleanup_us=0 total_us=9 status=0 transfer_status=0
[HIXL_QUERY_PERF] layer=comm_engine request=0x1 total_us=13 status=0 transfer_status=0
[2026-08-24 20:47:22.749352][UC][I] [QUERY_PERF] component=ucm layer=hixl_instance request=0x1 queue_wait_us=10 backend_us=17 run_post_us=9 total_us=36 api_status=0 transfer_status=0 [16689,16702][hixl_instance.cpp:342,GetTransferStatus]
[2026-08-24 20:47:22.749360][UC][I] [QUERY_PERF] component=ucm layer=hixl_transport handle=1 request=0x1 lifecycle_lock_us=0 pending_lock_wait_us=0 pending_lookup_us=0 instance_us=44 erase_us=0 total_us=44 transfer_status=0 [16689,16702][hixl_transport.cpp:734,GetStatus]
[2026-08-24 20:47:22.749363][UC][I] [QUERY_PERF] component=ucm layer=transport_manager handle=1 transport_handle=1 transfers_lock_wait_us=0 lookup_us=0 transport_us=47 total_us=47 api_status=0 transfer_status=0 [16689,16702][transport_manager.cpp:716,GetStatus]
[HIXL_QUERY_PERF] layer=comm_channel request=0x1 mutex_wait_us=0 check_us=0 lookup_us=0 flag_check_us=0 complete_us=0 total_us=0 transfer_status=0
[HIXL_QUERY_PERF] layer=adxl_inner request=0x1 context_us=0 req_lock_wait_us=0 lookup_us=1 channel_us=17 cleanup_us=0 total_us=18 status=0 transfer_status=0
[HIXL_QUERY_PERF] layer=comm_engine request=0x1 total_us=22 status=0 transfer_status=0
[2026-08-24 20:47:22.749415][UC][I] [QUERY_PERF] component=ucm layer=hixl_instance request=0x1 queue_wait_us=10 backend_us=26 run_post_us=10 total_us=46 api_status=0 transfer_status=0 [16689,16702][hixl_instance.cpp:342,GetTransferStatus]
[2026-08-24 20:47:22.749428][UC][I] [QUERY_PERF] component=ucm layer=hixl_transport handle=1 request=0x1 lifecycle_lock_us=0 pending_lock_wait_us=0 pending_lookup_us=0 instance_us=59 erase_us=0 total_us=59 transfer_status=0 [16689,16702][hixl_transport.cpp:734,GetStatus]
[2026-08-24 20:47:22.749432][UC][I] [QUERY_PERF] component=ucm layer=transport_manager handle=1 transport_handle=1 transfers_lock_wait_us=0 lookup_us=0 transport_us=64 total_us=64 api_status=0 transfer_status=0 [16689,16702][transport_manager.cpp:716,GetStatus]
[HIXL_QUERY_PERF] layer=comm_channel request=0x1 mutex_wait_us=0 check_us=0 lookup_us=0 flag_check_us=0 complete_us=0 total_us=0 transfer_status=0
[HIXL_QUERY_PERF] layer=adxl_inner request=0x1 context_us=0 req_lock_wait_us=0 lookup_us=1 channel_us=6 cleanup_us=0 total_us=7 status=0 transfer_status=0
[HIXL_QUERY_PERF] layer=comm_engine request=0x1 total_us=12 status=0 transfer_status=0
[2026-08-24 20:47:22.749472][UC][I] [QUERY_PERF] component=ucm layer=hixl_instance request=0x1 queue_wait_us=10 backend_us=16 run_post_us=9 total_us=35 api_status=0 transfer_status=0 [16689,16702][hixl_instance.cpp:342,GetTransferStatus]
[2026-08-24 20:47:22.749479][UC][I] [QUERY_PERF] component=ucm layer=hixl_transport handle=1 request=0x1 lifecycle_lock_us=0 pending_lock_wait_us=0 pending_lookup_us=0 instance_us=43 erase_us=0 total_us=43 transfer_status=0 [16689,16702][hixl_transport.cpp:734,GetStatus]
[2026-08-24 20:47:22.749483][UC][I] [QUERY_PERF] component=ucm layer=transport_manager handle=1 transport_handle=1 transfers_lock_wait_us=0 lookup_us=0 transport_us=46 total_us=46 api_status=0 transfer_status=0 [16689,16702][transport_manager.cpp:716,GetStatus]
[HIXL_QUERY_PERF] layer=comm_channel request=0x1 mutex_wait_us=0 check_us=0 lookup_us=0 flag_check_us=0 complete_us=0 total_us=0 transfer_status=0
[HIXL_QUERY_PERF] layer=adxl_inner request=0x1 context_us=0 req_lock_wait_us=0 lookup_us=0 channel_us=9 cleanup_us=0 total_us=9 status=0 transfer_status=0
[HIXL_QUERY_PERF] layer=comm_engine request=0x1 total_us=11 status=0 transfer_status=0
[2026-08-24 20:47:22.749519][UC][I] [QUERY_PERF] component=ucm layer=hixl_instance request=0x1 queue_wait_us=10 backend_us=13 run_post_us=10 total_us=33 api_status=0 transfer_status=0 [16689,16702][hixl_instance.cpp:342,GetTransferStatus]
[2026-08-24 20:47:22.749527][UC][I] [QUERY_PERF] component=ucm layer=hixl_transport handle=1 request=0x1 lifecycle_lock_us=0 pending_lock_wait_us=0 pending_lookup_us=0 instance_us=40 erase_us=0 total_us=40 transfer_status=0 [16689,16702][hixl_transport.cpp:734,GetStatus]
[2026-08-24 20:47:22.749531][UC][I] [QUERY_PERF] component=ucm layer=transport_manager handle=1 transport_handle=1 transfers_lock_wait_us=0 lookup_us=0 transport_us=45 total_us=45 api_status=0 transfer_status=0 [16689,16702][transport_manager.cpp:716,GetStatus]
[HIXL_QUERY_PERF] layer=comm_channel request=0x1 mutex_wait_us=0 check_us=0 lookup_us=0 flag_check_us=0 complete_us=0 total_us=0 transfer_status=0
[HIXL_QUERY_PERF] layer=adxl_inner request=0x1 context_us=0 req_lock_wait_us=0 lookup_us=1 channel_us=8 cleanup_us=0 total_us=9 status=0 transfer_status=0
[HIXL_QUERY_PERF] layer=comm_engine request=0x1 total_us=12 status=0 transfer_status=0
[2026-08-24 20:47:22.749570][UC][I] [QUERY_PERF] component=ucm layer=hixl_instance request=0x1 queue_wait_us=9 backend_us=17 run_post_us=9 total_us=35 api_status=0 transfer_status=0 [16689,16702][hixl_instance.cpp:342,GetTransferStatus]
[2026-08-24 20:47:22.749584][UC][I] [QUERY_PERF] component=ucm layer=hixl_transport handle=1 request=0x1 lifecycle_lock_us=0 pending_lock_wait_us=1 pending_lookup_us=0 instance_us=49 erase_us=0 total_us=50 transfer_status=0 [16689,16702][hixl_transport.cpp:734,GetStatus]
[2026-08-24 20:47:22.749589][UC][I] [QUERY_PERF] component=ucm layer=transport_manager handle=1 transport_handle=1 transfers_lock_wait_us=0 lookup_us=0 transport_us=54 total_us=54 api_status=0 transfer_status=0 [16689,16702][transport_manager.cpp:716,GetStatus]
[HIXL_QUERY_PERF] layer=comm_channel request=0x1 mutex_wait_us=0 check_us=0 lookup_us=0 flag_check_us=0 complete_us=0 total_us=0 transfer_status=0
[HIXL_QUERY_PERF] layer=adxl_inner request=0x1 context_us=0 req_lock_wait_us=0 lookup_us=0 channel_us=8 cleanup_us=0 total_us=8 status=0 transfer_status=0
[HIXL_QUERY_PERF] layer=comm_engine request=0x1 total_us=13 status=0 transfer_status=0
[2026-08-24 20:47:22.749631][UC][I] [QUERY_PERF] component=ucm layer=hixl_instance request=0x1 queue_wait_us=10 backend_us=17 run_post_us=10 total_us=37 api_status=0 transfer_status=0 [16689,16702][hixl_instance.cpp:342,GetTransferStatus]
[2026-08-24 20:47:22.749639][UC][I] [QUERY_PERF] component=ucm layer=hixl_transport handle=1 request=0x1 lifecycle_lock_us=0 pending_lock_wait_us=0 pending_lookup_us=0 instance_us=45 erase_us=0 total_us=45 transfer_status=0 [16689,16702][hixl_transport.cpp:734,GetStatus]
[2026-08-24 20:47:22.749644][UC][I] [QUERY_PERF] component=ucm layer=transport_manager handle=1 transport_handle=1 transfers_lock_wait_us=0 lookup_us=0 transport_us=50 total_us=50 api_status=0 transfer_status=0 [16689,16702][transport_manager.cpp:716,GetStatus]
[HIXL_QUERY_PERF] layer=comm_channel request=0x1 mutex_wait_us=0 check_us=0 lookup_us=0 flag_check_us=0 complete_us=0 total_us=0 transfer_status=0
[HIXL_QUERY_PERF] layer=adxl_inner request=0x1 context_us=1 req_lock_wait_us=0 lookup_us=0 channel_us=7 cleanup_us=0 total_us=8 status=0 transfer_status=0
[HIXL_QUERY_PERF] layer=comm_engine request=0x1 total_us=14 status=0 transfer_status=0
[2026-08-24 20:47:22.749687][UC][I] [QUERY_PERF] component=ucm layer=hixl_instance request=0x1 queue_wait_us=10 backend_us=18 run_post_us=9 total_us=37 api_status=0 transfer_status=0 [16689,16702][hixl_instance.cpp:342,GetTransferStatus]
[2026-08-24 20:47:22.749694][UC][I] [QUERY_PERF] component=ucm layer=hixl_transport handle=1 request=0x1 lifecycle_lock_us=0 pending_lock_wait_us=0 pending_lookup_us=0 instance_us=45 erase_us=0 total_us=45 transfer_status=0 [16689,16702][hixl_transport.cpp:734,GetStatus]
[2026-08-24 20:47:22.749702][UC][I] [QUERY_PERF] component=ucm layer=transport_manager handle=1 transport_handle=1 transfers_lock_wait_us=0 lookup_us=0 transport_us=53 total_us=53 api_status=0 transfer_status=0 [16689,16702][transport_manager.cpp:716,GetStatus]
[HIXL_QUERY_PERF] layer=comm_channel request=0x1 mutex_wait_us=0 check_us=1 lookup_us=0 flag_check_us=0 complete_us=0 total_us=1 transfer_status=0
[HIXL_QUERY_PERF] layer=adxl_inner request=0x1 context_us=0 req_lock_wait_us=0 lookup_us=0 channel_us=6 cleanup_us=0 total_us=6 status=0 transfer_status=0
[HIXL_QUERY_PERF] layer=comm_engine request=0x1 total_us=11 status=0 transfer_status=0
[2026-08-24 20:47:22.749739][UC][I] [QUERY_PERF] component=ucm layer=hixl_instance request=0x1 queue_wait_us=10 backend_us=12 run_post_us=10 total_us=32 api_status=0 transfer_status=0 [16689,16702][hixl_instance.cpp:342,GetTransferStatus]
[2026-08-24 20:47:22.749747][UC][I] [QUERY_PERF] component=ucm layer=hixl_transport handle=1 request=0x1 lifecycle_lock_us=0 pending_lock_wait_us=0 pending_lookup_us=0 instance_us=40 erase_us=0 total_us=40 transfer_status=0 [16689,16702][hixl_transport.cpp:734,GetStatus]
[2026-08-24 20:47:22.749751][UC][I] [QUERY_PERF] component=ucm layer=transport_manager handle=1 transport_handle=1 transfers_lock_wait_us=0 lookup_us=0 transport_us=44 total_us=44 api_status=0 transfer_status=0 [16689,16702][transport_manager.cpp:716,GetStatus]
[HIXL_QUERY_PERF] layer=comm_channel request=0x1 mutex_wait_us=0 check_us=0 lookup_us=0 flag_check_us=0 complete_us=0 total_us=0 transfer_status=0
[HIXL_QUERY_PERF] layer=adxl_inner request=0x1 context_us=0 req_lock_wait_us=0 lookup_us=1 channel_us=14 cleanup_us=0 total_us=15 status=0 transfer_status=0
[HIXL_QUERY_PERF] layer=comm_engine request=0x1 total_us=18 status=0 transfer_status=0
[2026-08-24 20:47:22.749798][UC][I] [QUERY_PERF] component=ucm layer=hixl_instance request=0x1 queue_wait_us=9 backend_us=23 run_post_us=9 total_us=41 api_status=0 transfer_status=0 [16689,16702][hixl_instance.cpp:342,GetTransferStatus]
[2026-08-24 20:47:22.749807][UC][I] [QUERY_PERF] component=ucm layer=hixl_transport handle=1 request=0x1 lifecycle_lock_us=0 pending_lock_wait_us=0 pending_lookup_us=1 instance_us=49 erase_us=0 total_us=50 transfer_status=0 [16689,16702][hixl_transport.cpp:734,GetStatus]
[2026-08-24 20:47:22.749811][UC][I] [QUERY_PERF] component=ucm layer=transport_manager handle=1 transport_handle=1 transfers_lock_wait_us=0 lookup_us=0 transport_us=54 total_us=54 api_status=0 transfer_status=0 [16689,16702][transport_manager.cpp:716,GetStatus]
[HIXL_QUERY_PERF] layer=comm_channel request=0x1 mutex_wait_us=0 check_us=0 lookup_us=0 flag_check_us=0 complete_us=0 total_us=0 transfer_status=0
[HIXL_QUERY_PERF] layer=adxl_inner request=0x1 context_us=0 req_lock_wait_us=1 lookup_us=0 channel_us=7 cleanup_us=0 total_us=8 status=0 transfer_status=0
[HIXL_QUERY_PERF] layer=comm_engine request=0x1 total_us=12 status=0 transfer_status=0
[2026-08-24 20:47:22.749852][UC][I] [QUERY_PERF] component=ucm layer=hixl_instance request=0x1 queue_wait_us=9 backend_us=16 run_post_us=10 total_us=35 api_status=0 transfer_status=0 [16689,16702][hixl_instance.cpp:342,GetTransferStatus]
[2026-08-24 20:47:22.749860][UC][I] [QUERY_PERF] component=ucm layer=hixl_transport handle=1 request=0x1 lifecycle_lock_us=0 pending_lock_wait_us=0 pending_lookup_us=0 instance_us=43 erase_us=0 total_us=43 transfer_status=0 [16689,16702][hixl_transport.cpp:734,GetStatus]
[2026-08-24 20:47:22.749864][UC][I] [QUERY_PERF] component=ucm layer=transport_manager handle=1 transport_handle=1 transfers_lock_wait_us=0 lookup_us=1 transport_us=47 total_us=48 api_status=0 transfer_status=0 [16689,16702][transport_manager.cpp:716,GetStatus]
[HIXL_QUERY_PERF] layer=comm_channel request=0x1 mutex_wait_us=0 check_us=0 lookup_us=0 flag_check_us=0 complete_us=0 total_us=0 transfer_status=0
[HIXL_QUERY_PERF] layer=adxl_inner request=0x1 context_us=1 req_lock_wait_us=0 lookup_us=0 channel_us=9 cleanup_us=0 total_us=10 status=0 transfer_status=0
[HIXL_QUERY_PERF] layer=comm_engine request=0x1 total_us=13 status=0 transfer_status=0
[2026-08-24 20:47:22.749906][UC][I] [QUERY_PERF] component=ucm layer=hixl_instance request=0x1 queue_wait_us=9 backend_us=18 run_post_us=10 total_us=37 api_status=0 transfer_status=0 [16689,16702][hixl_instance.cpp:342,GetTransferStatus]
[2026-08-24 20:47:22.749913][UC][I] [QUERY_PERF] component=ucm layer=hixl_transport handle=1 request=0x1 lifecycle_lock_us=0 pending_lock_wait_us=0 pending_lookup_us=0 instance_us=44 erase_us=0 total_us=44 transfer_status=0 [16689,16702][hixl_transport.cpp:734,GetStatus]
[2026-08-24 20:47:22.749917][UC][I] [QUERY_PERF] component=ucm layer=transport_manager handle=1 transport_handle=1 transfers_lock_wait_us=0 lookup_us=0 transport_us=48 total_us=48 api_status=0 transfer_status=0 [16689,16702][transport_manager.cpp:716,GetStatus]
[HIXL_QUERY_PERF] layer=comm_channel request=0x1 mutex_wait_us=0 check_us=0 lookup_us=0 flag_check_us=0 complete_us=0 total_us=0 transfer_status=0
[HIXL_QUERY_PERF] layer=adxl_inner request=0x1 context_us=1 req_lock_wait_us=0 lookup_us=0 channel_us=6 cleanup_us=0 total_us=7 status=0 transfer_status=0
[HIXL_QUERY_PERF] layer=comm_engine request=0x1 total_us=11 status=0 transfer_status=0
[2026-08-24 20:47:22.749956][UC][I] [QUERY_PERF] component=ucm layer=hixl_instance request=0x1 queue_wait_us=10 backend_us=14 run_post_us=10 total_us=34 api_status=0 transfer_status=0 [16689,16702][hixl_instance.cpp:342,GetTransferStatus]
[2026-08-24 20:47:22.749964][UC][I] [QUERY_PERF] component=ucm layer=hixl_transport handle=1 request=0x1 lifecycle_lock_us=0 pending_lock_wait_us=0 pending_lookup_us=0 instance_us=42 erase_us=0 total_us=42 transfer_status=0 [16689,16702][hixl_transport.cpp:734,GetStatus]
[2026-08-24 20:47:22.749970][UC][I] [QUERY_PERF] component=ucm layer=transport_manager handle=1 transport_handle=1 transfers_lock_wait_us=0 lookup_us=0 transport_us=48 total_us=48 api_status=0 transfer_status=0 [16689,16702][transport_manager.cpp:716,GetStatus]
[HIXL_QUERY_PERF] layer=comm_channel request=0x1 mutex_wait_us=0 check_us=0 lookup_us=0 flag_check_us=0 complete_us=0 total_us=0 transfer_status=0
[HIXL_QUERY_PERF] layer=adxl_inner request=0x1 context_us=0 req_lock_wait_us=0 lookup_us=1 channel_us=6 cleanup_us=0 total_us=7 status=0 transfer_status=0
[HIXL_QUERY_PERF] layer=comm_engine request=0x1 total_us=10 status=0 transfer_status=0
[2026-08-24 20:47:22.750012][UC][I] [QUERY_PERF] component=ucm layer=hixl_instance request=0x1 queue_wait_us=9 backend_us=13 run_post_us=10 total_us=32 api_status=0 transfer_status=0 [16689,16702][hixl_instance.cpp:342,GetTransferStatus]
[2026-08-24 20:47:22.750022][UC][I] [QUERY_PERF] component=ucm layer=hixl_transport handle=1 request=0x1 lifecycle_lock_us=1 pending_lock_wait_us=0 pending_lookup_us=0 instance_us=42 erase_us=0 total_us=43 transfer_status=0 [16689,16702][hixl_transport.cpp:734,GetStatus]
[2026-08-24 20:47:22.750025][UC][I] [QUERY_PERF] component=ucm layer=transport_manager handle=1 transport_handle=1 transfers_lock_wait_us=0 lookup_us=0 transport_us=46 total_us=46 api_status=0 transfer_status=0 [16689,16702][transport_manager.cpp:716,GetStatus]
[HIXL_QUERY_PERF] layer=comm_channel request=0x1 mutex_wait_us=0 check_us=0 lookup_us=1 flag_check_us=0 complete_us=0 total_us=1 transfer_status=0
[HIXL_QUERY_PERF] layer=adxl_inner request=0x1 context_us=0 req_lock_wait_us=0 lookup_us=0 channel_us=7 cleanup_us=0 total_us=7 status=0 transfer_status=0
[HIXL_QUERY_PERF] layer=comm_engine request=0x1 total_us=11 status=0 transfer_status=0
[2026-08-24 20:47:22.750059][UC][I] [QUERY_PERF] component=ucm layer=hixl_instance request=0x1 queue_wait_us=10 backend_us=12 run_post_us=9 total_us=31 api_status=0 transfer_status=0 [16689,16702][hixl_instance.cpp:342,GetTransferStatus]
[2026-08-24 20:47:22.750066][UC][I] [QUERY_PERF] component=ucm layer=hixl_transport handle=1 request=0x1 lifecycle_lock_us=0 pending_lock_wait_us=0 pending_lookup_us=0 instance_us=37 erase_us=0 total_us=37 transfer_status=0 [16689,16702][hixl_transport.cpp:734,GetStatus]
[2026-08-24 20:47:22.750069][UC][I] [QUERY_PERF] component=ucm layer=transport_manager handle=1 transport_handle=1 transfers_lock_wait_us=0 lookup_us=0 transport_us=41 total_us=41 api_status=0 transfer_status=0 [16689,16702][transport_manager.cpp:716,GetStatus]
[HIXL_QUERY_PERF] layer=comm_channel request=0x1 mutex_wait_us=0 check_us=0 lookup_us=0 flag_check_us=0 complete_us=0 total_us=0 transfer_status=0
[HIXL_QUERY_PERF] layer=adxl_inner request=0x1 context_us=1 req_lock_wait_us=0 lookup_us=0 channel_us=9 cleanup_us=0 total_us=10 status=0 transfer_status=0
[HIXL_QUERY_PERF] layer=comm_engine request=0x1 total_us=12 status=0 transfer_status=0
[2026-08-24 20:47:22.750105][UC][I] [QUERY_PERF] component=ucm layer=hixl_instance request=0x1 queue_wait_us=10 backend_us=14 run_post_us=9 total_us=33 api_status=0 transfer_status=0 [16689,16702][hixl_instance.cpp:342,GetTransferStatus]
[2026-08-24 20:47:22.750113][UC][I] [QUERY_PERF] component=ucm layer=hixl_transport handle=1 request=0x1 lifecycle_lock_us=0 pending_lock_wait_us=0 pending_lookup_us=0 instance_us=40 erase_us=0 total_us=40 transfer_status=0 [16689,16702][hixl_transport.cpp:734,GetStatus]
[2026-08-24 20:47:22.750116][UC][I] [QUERY_PERF] component=ucm layer=transport_manager handle=1 transport_handle=1 transfers_lock_wait_us=0 lookup_us=0 transport_us=43 total_us=43 api_status=0 transfer_status=0 [16689,16702][transport_manager.cpp:716,GetStatus]
[HIXL_QUERY_PERF] layer=comm_channel request=0x1 mutex_wait_us=0 check_us=0 lookup_us=0 flag_check_us=0 complete_us=0 total_us=0 transfer_status=0
[HIXL_QUERY_PERF] layer=adxl_inner request=0x1 context_us=0 req_lock_wait_us=0 lookup_us=1 channel_us=13 cleanup_us=0 total_us=14 status=0 transfer_status=0
[HIXL_QUERY_PERF] layer=comm_engine request=0x1 total_us=16 status=0 transfer_status=0
[2026-08-24 20:47:22.750157][UC][I] [QUERY_PERF] component=ucm layer=hixl_instance request=0x1 queue_wait_us=9 backend_us=19 run_post_us=10 total_us=38 api_status=0 transfer_status=0 [16689,16702][hixl_instance.cpp:342,GetTransferStatus]
[2026-08-24 20:47:22.750165][UC][I] [QUERY_PERF] component=ucm layer=hixl_transport handle=1 request=0x1 lifecycle_lock_us=1 pending_lock_wait_us=0 pending_lookup_us=0 instance_us=46 erase_us=0 total_us=47 transfer_status=0 [16689,16702][hixl_transport.cpp:734,GetStatus]
[2026-08-24 20:47:22.750168][UC][I] [QUERY_PERF] component=ucm layer=transport_manager handle=1 transport_handle=1 transfers_lock_wait_us=0 lookup_us=0 transport_us=50 total_us=50 api_status=0 transfer_status=0 [16689,16702][transport_manager.cpp:716,GetStatus]
[HIXL_QUERY_PERF] layer=comm_channel request=0x1 mutex_wait_us=0 check_us=0 lookup_us=0 flag_check_us=0 complete_us=0 total_us=0 transfer_status=0
[HIXL_QUERY_PERF] layer=adxl_inner request=0x1 context_us=1 req_lock_wait_us=0 lookup_us=0 channel_us=6 cleanup_us=0 total_us=7 status=0 transfer_status=0
[HIXL_QUERY_PERF] layer=comm_engine request=0x1 total_us=11 status=0 transfer_status=0
[2026-08-24 20:47:22.750207][UC][I] [QUERY_PERF] component=ucm layer=hixl_instance request=0x1 queue_wait_us=10 backend_us=15 run_post_us=10 total_us=35 api_status=0 transfer_status=0 [16689,16702][hixl_instance.cpp:342,GetTransferStatus]
[2026-08-24 20:47:22.750214][UC][I] [QUERY_PERF] component=ucm layer=hixl_transport handle=1 request=0x1 lifecycle_lock_us=0 pending_lock_wait_us=0 pending_lookup_us=0 instance_us=41 erase_us=0 total_us=41 transfer_status=0 [16689,16702][hixl_transport.cpp:734,GetStatus]
[2026-08-24 20:47:22.750217][UC][I] [QUERY_PERF] component=ucm layer=transport_manager handle=1 transport_handle=1 transfers_lock_wait_us=0 lookup_us=0 transport_us=45 total_us=45 api_status=0 transfer_status=0 [16689,16702][transport_manager.cpp:716,GetStatus]
[HIXL_QUERY_PERF] layer=comm_channel request=0x1 mutex_wait_us=0 check_us=0 lookup_us=0 flag_check_us=0 complete_us=0 total_us=0 transfer_status=0
[HIXL_QUERY_PERF] layer=adxl_inner request=0x1 context_us=0 req_lock_wait_us=0 lookup_us=1 channel_us=10 cleanup_us=0 total_us=11 status=0 transfer_status=0
[HIXL_QUERY_PERF] layer=comm_engine request=0x1 total_us=13 status=0 transfer_status=0
[2026-08-24 20:47:22.750260][UC][I] [QUERY_PERF] component=ucm layer=hixl_instance request=0x1 queue_wait_us=10 backend_us=16 run_post_us=9 total_us=35 api_status=0 transfer_status=0 [16689,16702][hixl_instance.cpp:342,GetTransferStatus]
[2026-08-24 20:47:22.750268][UC][I] [QUERY_PERF] component=ucm layer=hixl_transport handle=1 request=0x1 lifecycle_lock_us=0 pending_lock_wait_us=0 pending_lookup_us=0 instance_us=43 erase_us=0 total_us=43 transfer_status=0 [16689,16702][hixl_transport.cpp:734,GetStatus]
[2026-08-24 20:47:22.750271][UC][I] [QUERY_PERF] component=ucm layer=transport_manager handle=1 transport_handle=1 transfers_lock_wait_us=0 lookup_us=0 transport_us=46 total_us=46 api_status=0 transfer_status=0 [16689,16702][transport_manager.cpp:716,GetStatus]
[HIXL_QUERY_PERF] layer=comm_channel request=0x1 mutex_wait_us=0 check_us=0 lookup_us=1 flag_check_us=0 complete_us=6 total_us=7 transfer_status=1
[HIXL_QUERY_PERF] layer=adxl_inner request=0x1 context_us=1 req_lock_wait_us=0 lookup_us=0 channel_us=13 cleanup_us=1 total_us=15 status=0 transfer_status=1
[HIXL_QUERY_PERF] layer=comm_engine request=0x1 total_us=18 status=0 transfer_status=1
[2026-08-24 20:47:22.750313][UC][I] [QUERY_PERF] component=ucm layer=hixl_instance request=0x1 queue_wait_us=10 backend_us=19 run_post_us=10 total_us=39 api_status=0 transfer_status=1 [16689,16702][hixl_instance.cpp:342,GetTransferStatus]
[2026-08-24 20:47:22.750324][UC][I] [QUERY_PERF] component=ucm layer=hixl_transport handle=1 request=0x1 lifecycle_lock_us=0 pending_lock_wait_us=0 pending_lookup_us=0 instance_us=48 erase_us=1 total_us=49 transfer_status=1 [16689,16702][hixl_transport.cpp:734,GetStatus]
[2026-08-24 20:47:22.750332][UC][I] [QUERY_PERF] component=ucm layer=transport_manager handle=1 transport_handle=1 transfers_lock_wait_us=0 lookup_us=0 transport_us=57 total_us=57 api_status=0 transfer_status=1 [16689,16702][transport_manager.cpp:716,GetStatus]
[2026-08-24 20:47:22.750336][UC][I] [PERF] component=transport event=transfer_done manager=127.0.0.1:8000 target=127.0.0.1:4500 handle=1 transport_handle=1 opcode=1 direct=2 segments=1 bytes=10 status=1 api_status=0 submitted_ts_us=1787575642748792 completed_ts_us=1787575642750334 manager_get_status_ts_us=1787575642750273 backend_query_ts_us=1787575642750284 submit_us=1758 transfer_us=1543 manager_to_backend_query_us=10 total_us=3301 [16689,16702][transport_manager.cpp:727,GetStatus]
[2026-08-24 20:47:22.750346][UC][I] [PERF] component=drampool event=request_done request_id=1 opcode=0 peer=127.0.0.1:4500 batch_size=2 data_bytes=0 failed_items=0 status=SUCCESS failed_stage=NONE received_ts_us=1787575642746783 worker_started_ts_us=1787575642746936 data_transfer_submitted_ts_us=0 data_transfer_completed_ts_us=0 response_submitted_ts_us=1787575642748843 completed_ts_us=1787575642750343 data_tm_execute_async_ts_us=0 data_hixl_execute_async_ts_us=0 data_tm_get_status_ts_us=0 data_hixl_query_handle_ts_us=0 response_tm_execute_async_ts_us=1787575642747029 response_hixl_execute_async_ts_us=1787575642747059 response_tm_get_status_ts_us=1787575642750273 response_hixl_query_handle_ts_us=1787575642750284 request_queue_us=153 metadata_prepare_us=2 taskworker_prepare_us=9 poller_queue_us=73 data_transfer_us=0 metadata_settle_us=0 response_slot_wait_us=78 response_submit_us=1822 response_transfer_us=1497 data_tm_to_hixl_execute_async_us=0 data_tm_to_hixl_query_handle_us=0 response_tm_to_hixl_execute_async_us=30 response_tm_to_hixl_query_handle_us=10 total_us=3560 [16689,16702][completion_poller.cc:56,LogRequestDone]
[HIXL_PERF] event=hccl_batch op=1 desc_num=1 hccl_us=106 status=0
[HIXL_PERF] event=issue_hccl_batch op=1 list_num=1 total_us=125
[HIXL_PERF] event=issue_async_host_flag op=1 list_num=1 context_us=0 hccl_issue_us=132 flag_memcpy_us=7 total_us=139
[HIXL_PERF] event=comm_channel_async op=1 list_num=1 mutex_wait_us=0 slot_us=0 host_flag_us=0 record_us=1 issue_us=142 total_us=143
[HIXL_PERF] event=adxl_inner_async op=1 list_num=1 context_us=2 connect_us=0 get_channel_us=0 channel_async_us=147 tail_us=0 total_us=149
[HIXL_PERF] event=comm_engine_async op=1 list_num=1 desc_build_us=0 inner_us=152 total_us=152 status=0
[2026-08-24 20:47:22.751919][UC][I] [PERF] component=transport event=transfer_submitted manager=127.0.0.1:8000 target=127.0.0.1:4500 handle=2 transport_handle=2 opcode=1 direct=2 segments=1 bytes=10 submitted_ts_us=1787575642751918 manager_execute_async_ts_us=1787575642751731 backend_execute_async_ts_us=1787575642751744 manager_to_backend_execute_async_us=13 submit_us=186 [16689,16702][transport_manager.cpp:674,ExecuteAsync]
[HIXL_QUERY_PERF] layer=comm_channel request=0x2 mutex_wait_us=0 check_us=0 lookup_us=0 flag_check_us=0 complete_us=0 total_us=0 transfer_status=0
[HIXL_QUERY_PERF] layer=adxl_inner request=0x2 context_us=1 req_lock_wait_us=0 lookup_us=1 channel_us=7 cleanup_us=0 total_us=9 status=0 transfer_status=0
[HIXL_QUERY_PERF] layer=comm_engine request=0x2 total_us=11 status=0 transfer_status=0
[2026-08-24 20:47:22.751969][UC][I] [QUERY_PERF] component=ucm layer=hixl_instance request=0x2 queue_wait_us=12 backend_us=16 run_post_us=10 total_us=38 api_status=0 transfer_status=0 [16689,16702][hixl_instance.cpp:342,GetTransferStatus]
[2026-08-24 20:47:22.751976][UC][I] [QUERY_PERF] component=ucm layer=hixl_transport handle=2 request=0x2 lifecycle_lock_us=0 pending_lock_wait_us=0 pending_lookup_us=0 instance_us=45 erase_us=0 total_us=45 transfer_status=0 [16689,16702][hixl_transport.cpp:734,GetStatus]
[2026-08-24 20:47:22.751987][UC][I] [QUERY_PERF] component=ucm layer=transport_manager handle=2 transport_handle=2 transfers_lock_wait_us=0 lookup_us=0 transport_us=55 total_us=55 api_status=0 transfer_status=0 [16689,16702][transport_manager.cpp:716,GetStatus]
[HIXL_QUERY_PERF] layer=comm_channel request=0x2 mutex_wait_us=0 check_us=1 lookup_us=0 flag_check_us=0 complete_us=2 total_us=3 transfer_status=1
[HIXL_QUERY_PERF] layer=adxl_inner request=0x2 context_us=1 req_lock_wait_us=0 lookup_us=0 channel_us=11 cleanup_us=1 total_us=13 status=0 transfer_status=1
[HIXL_QUERY_PERF] layer=comm_engine request=0x2 total_us=16 status=0 transfer_status=1
[2026-08-24 20:47:22.752034][UC][I] [QUERY_PERF] component=ucm layer=hixl_instance request=0x2 queue_wait_us=9 backend_us=20 run_post_us=10 total_us=39 api_status=0 transfer_status=1 [16689,16702][hixl_instance.cpp:342,GetTransferStatus]
[2026-08-24 20:47:22.752042][UC][I] [QUERY_PERF] component=ucm layer=hixl_transport handle=2 request=0x2 lifecycle_lock_us=0 pending_lock_wait_us=0 pending_lookup_us=0 instance_us=48 erase_us=0 total_us=48 transfer_status=1 [16689,16702][hixl_transport.cpp:734,GetStatus]
[2026-08-24 20:47:22.752046][UC][I] [QUERY_PERF] component=ucm layer=transport_manager handle=2 transport_handle=2 transfers_lock_wait_us=0 lookup_us=0 transport_us=52 total_us=52 api_status=0 transfer_status=1 [16689,16702][transport_manager.cpp:716,GetStatus]
[2026-08-24 20:47:22.752049][UC][I] [PERF] component=transport event=transfer_done manager=127.0.0.1:8000 target=127.0.0.1:4500 handle=2 transport_handle=2 opcode=1 direct=2 segments=1 bytes=10 status=1 api_status=0 submitted_ts_us=1787575642751918 completed_ts_us=1787575642752048 manager_get_status_ts_us=1787575642751993 backend_query_ts_us=1787575642752004 submit_us=186 transfer_us=130 manager_to_backend_query_us=10 total_us=316 [16689,16702][transport_manager.cpp:727,GetStatus]
[2026-08-24 20:47:22.752055][UC][I] [PERF] component=drampool event=request_done request_id=2 opcode=0 peer=127.0.0.1:4500 batch_size=2 data_bytes=0 failed_items=0 status=SUCCESS failed_stage=NONE received_ts_us=1787575642751549 worker_started_ts_us=1787575642751664 data_transfer_submitted_ts_us=0 data_transfer_completed_ts_us=0 response_submitted_ts_us=1787575642751930 completed_ts_us=1787575642752052 data_tm_execute_async_ts_us=0 data_hixl_execute_async_ts_us=0 data_tm_get_status_ts_us=0 data_hixl_query_handle_ts_us=0 response_tm_execute_async_ts_us=1787575642751731 response_hixl_execute_async_ts_us=1787575642751744 response_tm_get_status_ts_us=1787575642751993 response_hixl_query_handle_ts_us=1787575642752004 request_queue_us=116 metadata_prepare_us=0 taskworker_prepare_us=1 poller_queue_us=63 data_transfer_us=0 metadata_settle_us=0 response_slot_wait_us=63 response_submit_us=201 response_transfer_us=122 data_tm_to_hixl_execute_async_us=0 data_tm_to_hixl_query_handle_us=0 response_tm_to_hixl_execute_async_us=13 response_tm_to_hixl_query_handle_us=10 total_us=504 [16689,16702][completion_poller.cc:56,LogRequestDone]
[HIXL_PERF] event=hccl_batch op=0 desc_num=108 hccl_us=532 status=0
[HIXL_PERF] event=issue_hccl_batch op=0 list_num=108 total_us=552
[HIXL_PERF] event=issue_async_host_flag op=0 list_num=108 context_us=1 hccl_issue_us=556 flag_memcpy_us=8 total_us=565
[HIXL_PERF] event=comm_channel_async op=0 list_num=108 mutex_wait_us=0 slot_us=1511 host_flag_us=6 record_us=1 issue_us=570 total_us=2088
[HIXL_PERF] event=adxl_inner_async op=0 list_num=108 context_us=2 connect_us=0 get_channel_us=1 channel_async_us=2093 tail_us=1 total_us=2097
[HIXL_PERF] event=comm_engine_async op=0 list_num=108 desc_build_us=4 inner_us=2101 total_us=2105 status=0
[2026-08-24 20:47:23.020529][UC][I] [PERF] component=transport event=transfer_submitted manager=127.0.0.1:8000 target=127.0.0.1:4501 handle=3 transport_handle=3 opcode=0 direct=2 segments=108 bytes=7962624 submitted_ts_us=1787575643020527 manager_execute_async_ts_us=1787575643018367 backend_execute_async_ts_us=1787575643018394 manager_to_backend_execute_async_us=27 submit_us=2157 [16689,16703][transport_manager.cpp:674,ExecuteAsync]
[HIXL_QUERY_PERF] layer=comm_channel request=0x3 mutex_wait_us=0 check_us=0 lookup_us=1 flag_check_us=0 complete_us=0 total_us=1 transfer_status=0
[HIXL_QUERY_PERF] layer=adxl_inner request=0x3 context_us=0 req_lock_wait_us=1 lookup_us=1 channel_us=15 cleanup_us=1 total_us=18 status=0 transfer_status=0
[HIXL_QUERY_PERF] layer=comm_engine request=0x3 total_us=22 status=0 transfer_status=0
[2026-08-24 20:47:23.020735][UC][I] [QUERY_PERF] component=ucm layer=hixl_instance request=0x3 queue_wait_us=14 backend_us=26 run_post_us=11 total_us=51 api_status=0 transfer_status=0 [16689,16702][hixl_instance.cpp:342,GetTransferStatus]
[2026-08-24 20:47:23.020745][UC][I] [QUERY_PERF] component=ucm layer=hixl_transport handle=3 request=0x3 lifecycle_lock_us=0 pending_lock_wait_us=0 pending_lookup_us=0 instance_us=60 erase_us=0 total_us=60 transfer_status=0 [16689,16702][hixl_transport.cpp:734,GetStatus]
[2026-08-24 20:47:23.020749][UC][I] [QUERY_PERF] component=ucm layer=transport_manager handle=3 transport_handle=3 transfers_lock_wait_us=0 lookup_us=1 transport_us=64 total_us=65 api_status=0 transfer_status=0 [16689,16702][transport_manager.cpp:716,GetStatus]
[HIXL_QUERY_PERF] layer=comm_channel request=0x3 mutex_wait_us=0 check_us=0 lookup_us=0 flag_check_us=0 complete_us=0 total_us=0 transfer_status=0
[HIXL_QUERY_PERF] layer=adxl_inner request=0x3 context_us=0 req_lock_wait_us=1 lookup_us=0 channel_us=8 cleanup_us=0 total_us=9 status=0 transfer_status=0
[HIXL_QUERY_PERF] layer=comm_engine request=0x3 total_us=13 status=0 transfer_status=0
[2026-08-24 20:47:23.020788][UC][I] [QUERY_PERF] component=ucm layer=hixl_instance request=0x3 queue_wait_us=9 backend_us=16 run_post_us=9 total_us=34 api_status=0 transfer_status=0 [16689,16702][hixl_instance.cpp:342,GetTransferStatus]
[2026-08-24 20:47:23.020802][UC][I] [QUERY_PERF] component=ucm layer=hixl_transport handle=3 request=0x3 lifecycle_lock_us=0 pending_lock_wait_us=1 pending_lookup_us=0 instance_us=49 erase_us=0 total_us=50 transfer_status=0 [16689,16702][hixl_transport.cpp:734,GetStatus]
[2026-08-24 20:47:23.020806][UC][I] [QUERY_PERF] component=ucm layer=transport_manager handle=3 transport_handle=3 transfers_lock_wait_us=0 lookup_us=0 transport_us=54 total_us=54 api_status=0 transfer_status=0 [16689,16702][transport_manager.cpp:716,GetStatus]
[HIXL_QUERY_PERF] layer=comm_channel request=0x3 mutex_wait_us=0 check_us=0 lookup_us=0 flag_check_us=0 complete_us=0 total_us=0 transfer_status=0
[HIXL_QUERY_PERF] layer=adxl_inner request=0x3 context_us=0 req_lock_wait_us=0 lookup_us=1 channel_us=6 cleanup_us=0 total_us=7 status=0 transfer_status=0
[HIXL_QUERY_PERF] layer=comm_engine request=0x3 total_us=11 status=0 transfer_status=0
[2026-08-24 20:47:23.020846][UC][I] [QUERY_PERF] component=ucm layer=hixl_instance request=0x3 queue_wait_us=10 backend_us=15 run_post_us=10 total_us=35 api_status=0 transfer_status=0 [16689,16702][hixl_instance.cpp:342,GetTransferStatus]
[2026-08-24 20:47:23.020854][UC][I] [QUERY_PERF] component=ucm layer=hixl_transport handle=3 request=0x3 lifecycle_lock_us=0 pending_lock_wait_us=0 pending_lookup_us=0 instance_us=43 erase_us=0 total_us=43 transfer_status=0 [16689,16702][hixl_transport.cpp:734,GetStatus]
[2026-08-24 20:47:23.020857][UC][I] [QUERY_PERF] component=ucm layer=transport_manager handle=3 transport_handle=3 transfers_lock_wait_us=0 lookup_us=0 transport_us=47 total_us=47 api_status=0 transfer_status=0 [16689,16702][transport_manager.cpp:716,GetStatus]
[HIXL_QUERY_PERF] layer=comm_channel request=0x3 mutex_wait_us=1 check_us=0 lookup_us=0 flag_check_us=0 complete_us=0 total_us=1 transfer_status=0
[HIXL_QUERY_PERF] layer=adxl_inner request=0x3 context_us=0 req_lock_wait_us=0 lookup_us=0 channel_us=9 cleanup_us=0 total_us=9 status=0 transfer_status=0
[HIXL_QUERY_PERF] layer=comm_engine request=0x3 total_us=13 status=0 transfer_status=0
[2026-08-24 20:47:23.020897][UC][I] [QUERY_PERF] component=ucm layer=hixl_instance request=0x3 queue_wait_us=10 backend_us=16 run_post_us=9 total_us=35 api_status=0 transfer_status=0 [16689,16702][hixl_instance.cpp:342,GetTransferStatus]
[2026-08-24 20:47:23.020905][UC][I] [QUERY_PERF] component=ucm layer=hixl_transport handle=3 request=0x3 lifecycle_lock_us=0 pending_lock_wait_us=0 pending_lookup_us=0 instance_us=43 erase_us=0 total_us=43 transfer_status=0 [16689,16702][hixl_transport.cpp:734,GetStatus]
[2026-08-24 20:47:23.020911][UC][I] [QUERY_PERF] component=ucm layer=transport_manager handle=3 transport_handle=3 transfers_lock_wait_us=0 lookup_us=0 transport_us=50 total_us=50 api_status=0 transfer_status=0 [16689,16702][transport_manager.cpp:716,GetStatus]
[HIXL_QUERY_PERF] layer=comm_channel request=0x3 mutex_wait_us=0 check_us=0 lookup_us=0 flag_check_us=0 complete_us=0 total_us=0 transfer_status=0
[HIXL_QUERY_PERF] layer=adxl_inner request=0x3 context_us=0 req_lock_wait_us=0 lookup_us=1 channel_us=8 cleanup_us=0 total_us=9 status=0 transfer_status=0
[HIXL_QUERY_PERF] layer=comm_engine request=0x3 total_us=13 status=0 transfer_status=0
[2026-08-24 20:47:23.020951][UC][I] [QUERY_PERF] component=ucm layer=hixl_instance request=0x3 queue_wait_us=10 backend_us=16 run_post_us=10 total_us=36 api_status=0 transfer_status=0 [16689,16702][hixl_instance.cpp:342,GetTransferStatus]
[2026-08-24 20:47:23.020959][UC][I] [QUERY_PERF] component=ucm layer=hixl_transport handle=3 request=0x3 lifecycle_lock_us=0 pending_lock_wait_us=0 pending_lookup_us=0 instance_us=44 erase_us=0 total_us=44 transfer_status=0 [16689,16702][hixl_transport.cpp:734,GetStatus]
[2026-08-24 20:47:23.020962][UC][I] [QUERY_PERF] component=ucm layer=transport_manager handle=3 transport_handle=3 transfers_lock_wait_us=0 lookup_us=0 transport_us=48 total_us=48 api_status=0 transfer_status=0 [16689,16702][transport_manager.cpp:716,GetStatus]
[HIXL_QUERY_PERF] layer=comm_channel request=0x3 mutex_wait_us=0 check_us=0 lookup_us=0 flag_check_us=0 complete_us=0 total_us=0 transfer_status=0
[HIXL_QUERY_PERF] layer=adxl_inner request=0x3 context_us=0 req_lock_wait_us=0 lookup_us=1 channel_us=8 cleanup_us=0 total_us=9 status=0 transfer_status=0
[HIXL_QUERY_PERF] layer=comm_engine request=0x3 total_us=11 status=0 transfer_status=0
[2026-08-24 20:47:23.020999][UC][I] [QUERY_PERF] component=ucm layer=hixl_instance request=0x3 queue_wait_us=10 backend_us=14 run_post_us=10 total_us=34 api_status=0 transfer_status=0 [16689,16702][hixl_instance.cpp:342,GetTransferStatus]
[2026-08-24 20:47:23.021007][UC][I] [QUERY_PERF] component=ucm layer=hixl_transport handle=3 request=0x3 lifecycle_lock_us=0 pending_lock_wait_us=0 pending_lookup_us=0 instance_us=41 erase_us=0 total_us=41 transfer_status=0 [16689,16702][hixl_transport.cpp:734,GetStatus]
[2026-08-24 20:47:23.021010][UC][I] [QUERY_PERF] component=ucm layer=transport_manager handle=3 transport_handle=3 transfers_lock_wait_us=0 lookup_us=0 transport_us=45 total_us=45 api_status=0 transfer_status=0 [16689,16702][transport_manager.cpp:716,GetStatus]
[HIXL_QUERY_PERF] layer=comm_channel request=0x3 mutex_wait_us=0 check_us=0 lookup_us=0 flag_check_us=0 complete_us=0 total_us=0 transfer_status=0
[HIXL_QUERY_PERF] layer=adxl_inner request=0x3 context_us=0 req_lock_wait_us=0 lookup_us=1 channel_us=8 cleanup_us=0 total_us=9 status=0 transfer_status=0
[HIXL_QUERY_PERF] layer=comm_engine request=0x3 total_us=13 status=0 transfer_status=0
[2026-08-24 20:47:23.021048][UC][I] [QUERY_PERF] component=ucm layer=hixl_instance request=0x3 queue_wait_us=10 backend_us=15 run_post_us=10 total_us=35 api_status=0 transfer_status=0 [16689,16702][hixl_instance.cpp:342,GetTransferStatus]
[2026-08-24 20:47:23.021055][UC][I] [QUERY_PERF] component=ucm layer=hixl_transport handle=3 request=0x3 lifecycle_lock_us=0 pending_lock_wait_us=0 pending_lookup_us=0 instance_us=42 erase_us=0 total_us=42 transfer_status=0 [16689,16702][hixl_transport.cpp:734,GetStatus]
[2026-08-24 20:47:23.021061][UC][I] [QUERY_PERF] component=ucm layer=transport_manager handle=3 transport_handle=3 transfers_lock_wait_us=0 lookup_us=0 transport_us=48 total_us=48 api_status=0 transfer_status=0 [16689,16702][transport_manager.cpp:716,GetStatus]
[HIXL_QUERY_PERF] layer=comm_channel request=0x3 mutex_wait_us=0 check_us=0 lookup_us=0 flag_check_us=0 complete_us=0 total_us=0 transfer_status=0
[HIXL_QUERY_PERF] layer=adxl_inner request=0x3 context_us=0 req_lock_wait_us=0 lookup_us=1 channel_us=13 cleanup_us=0 total_us=14 status=0 transfer_status=0
[HIXL_QUERY_PERF] layer=comm_engine request=0x3 total_us=17 status=0 transfer_status=0
[2026-08-24 20:47:23.021105][UC][I] [QUERY_PERF] component=ucm layer=hixl_instance request=0x3 queue_wait_us=10 backend_us=20 run_post_us=9 total_us=39 api_status=0 transfer_status=0 [16689,16702][hixl_instance.cpp:342,GetTransferStatus]
[2026-08-24 20:47:23.021113][UC][I] [QUERY_PERF] component=ucm layer=hixl_transport handle=3 request=0x3 lifecycle_lock_us=0 pending_lock_wait_us=0 pending_lookup_us=0 instance_us=48 erase_us=0 total_us=48 transfer_status=0 [16689,16702][hixl_transport.cpp:734,GetStatus]
[2026-08-24 20:47:23.021117][UC][I] [QUERY_PERF] component=ucm layer=transport_manager handle=3 transport_handle=3 transfers_lock_wait_us=0 lookup_us=0 transport_us=51 total_us=51 api_status=0 transfer_status=0 [16689,16702][transport_manager.cpp:716,GetStatus]
[HIXL_QUERY_PERF] layer=comm_channel request=0x3 mutex_wait_us=0 check_us=0 lookup_us=0 flag_check_us=0 complete_us=0 total_us=0 transfer_status=0
[HIXL_QUERY_PERF] layer=adxl_inner request=0x3 context_us=1 req_lock_wait_us=0 lookup_us=0 channel_us=6 cleanup_us=0 total_us=7 status=0 transfer_status=0
[HIXL_QUERY_PERF] layer=comm_engine request=0x3 total_us=9 status=0 transfer_status=0
[2026-08-24 20:47:23.021152][UC][I] [QUERY_PERF] component=ucm layer=hixl_instance request=0x3 queue_wait_us=10 backend_us=12 run_post_us=10 total_us=32 api_status=0 transfer_status=0 [16689,16702][hixl_instance.cpp:342,GetTransferStatus]
[2026-08-24 20:47:23.021161][UC][I] [QUERY_PERF] component=ucm layer=hixl_transport handle=3 request=0x3 lifecycle_lock_us=0 pending_lock_wait_us=0 pending_lookup_us=0 instance_us=41 erase_us=0 total_us=41 transfer_status=0 [16689,16702][hixl_transport.cpp:734,GetStatus]
[2026-08-24 20:47:23.021164][UC][I] [QUERY_PERF] component=ucm layer=transport_manager handle=3 transport_handle=3 transfers_lock_wait_us=0 lookup_us=0 transport_us=44 total_us=44 api_status=0 transfer_status=0 [16689,16702][transport_manager.cpp:716,GetStatus]
[HIXL_QUERY_PERF] layer=comm_channel request=0x3 mutex_wait_us=0 check_us=0 lookup_us=0 flag_check_us=0 complete_us=0 total_us=1 transfer_status=0
[HIXL_QUERY_PERF] layer=adxl_inner request=0x3 context_us=1 req_lock_wait_us=0 lookup_us=0 channel_us=6 cleanup_us=0 total_us=7 status=0 transfer_status=0
[HIXL_QUERY_PERF] layer=comm_engine request=0x3 total_us=9 status=0 transfer_status=0
[2026-08-24 20:47:23.021199][UC][I] [QUERY_PERF] component=ucm layer=hixl_instance request=0x3 queue_wait_us=10 backend_us=11 run_post_us=9 total_us=30 api_status=0 transfer_status=0 [16689,16702][hixl_instance.cpp:342,GetTransferStatus]
[2026-08-24 20:47:23.021207][UC][I] [QUERY_PERF] component=ucm layer=hixl_transport handle=3 request=0x3 lifecycle_lock_us=1 pending_lock_wait_us=0 pending_lookup_us=0 instance_us=39 erase_us=0 total_us=40 transfer_status=0 [16689,16702][hixl_transport.cpp:734,GetStatus]
[2026-08-24 20:47:23.021210][UC][I] [QUERY_PERF] component=ucm layer=transport_manager handle=3 transport_handle=3 transfers_lock_wait_us=0 lookup_us=0 transport_us=43 total_us=43 api_status=0 transfer_status=0 [16689,16702][transport_manager.cpp:716,GetStatus]
[HIXL_QUERY_PERF] layer=comm_channel request=0x3 mutex_wait_us=0 check_us=0 lookup_us=0 flag_check_us=0 complete_us=0 total_us=0 transfer_status=0
[HIXL_QUERY_PERF] layer=adxl_inner request=0x3 context_us=1 req_lock_wait_us=0 lookup_us=0 channel_us=6 cleanup_us=0 total_us=7 status=0 transfer_status=0
[HIXL_QUERY_PERF] layer=comm_engine request=0x3 total_us=9 status=0 transfer_status=0
[2026-08-24 20:47:23.021244][UC][I] [QUERY_PERF] component=ucm layer=hixl_instance request=0x3 queue_wait_us=9 backend_us=11 run_post_us=10 total_us=30 api_status=0 transfer_status=0 [16689,16702][hixl_instance.cpp:342,GetTransferStatus]
[2026-08-24 20:47:23.021253][UC][I] [QUERY_PERF] component=ucm layer=hixl_transport handle=3 request=0x3 lifecycle_lock_us=0 pending_lock_wait_us=0 pending_lookup_us=1 instance_us=39 erase_us=0 total_us=40 transfer_status=0 [16689,16702][hixl_transport.cpp:734,GetStatus]
[2026-08-24 20:47:23.021259][UC][I] [QUERY_PERF] component=ucm layer=transport_manager handle=3 transport_handle=3 transfers_lock_wait_us=0 lookup_us=0 transport_us=46 total_us=46 api_status=0 transfer_status=0 [16689,16702][transport_manager.cpp:716,GetStatus]
[HIXL_QUERY_PERF] layer=comm_channel request=0x3 mutex_wait_us=0 check_us=0 lookup_us=0 flag_check_us=0 complete_us=0 total_us=0 transfer_status=0
[HIXL_QUERY_PERF] layer=adxl_inner request=0x3 context_us=1 req_lock_wait_us=0 lookup_us=0 channel_us=7 cleanup_us=0 total_us=8 status=0 transfer_status=0
[HIXL_QUERY_PERF] layer=comm_engine request=0x3 total_us=10 status=0 transfer_status=0
[2026-08-24 20:47:23.021296][UC][I] [QUERY_PERF] component=ucm layer=hixl_instance request=0x3 queue_wait_us=10 backend_us=12 run_post_us=11 total_us=33 api_status=0 transfer_status=0 [16689,16702][hixl_instance.cpp:342,GetTransferStatus]
[2026-08-24 20:47:23.021304][UC][I] [QUERY_PERF] component=ucm layer=hixl_transport handle=3 request=0x3 lifecycle_lock_us=0 pending_lock_wait_us=0 pending_lookup_us=0 instance_us=42 erase_us=0 total_us=42 transfer_status=0 [16689,16702][hixl_transport.cpp:734,GetStatus]
[2026-08-24 20:47:23.021307][UC][I] [QUERY_PERF] component=ucm layer=transport_manager handle=3 transport_handle=3 transfers_lock_wait_us=0 lookup_us=0 transport_us=44 total_us=44 api_status=0 transfer_status=0 [16689,16702][transport_manager.cpp:716,GetStatus]
[HIXL_QUERY_PERF] layer=comm_channel request=0x3 mutex_wait_us=0 check_us=0 lookup_us=0 flag_check_us=0 complete_us=0 total_us=0 transfer_status=0
[HIXL_QUERY_PERF] layer=adxl_inner request=0x3 context_us=1 req_lock_wait_us=0 lookup_us=0 channel_us=7 cleanup_us=0 total_us=8 status=0 transfer_status=0
[HIXL_QUERY_PERF] layer=comm_engine request=0x3 total_us=10 status=0 transfer_status=0
[2026-08-24 20:47:23.021344][UC][I] [QUERY_PERF] component=ucm layer=hixl_instance request=0x3 queue_wait_us=10 backend_us=12 run_post_us=10 total_us=32 api_status=0 transfer_status=0 [16689,16702][hixl_instance.cpp:342,GetTransferStatus]
[2026-08-24 20:47:23.021353][UC][I] [QUERY_PERF] component=ucm layer=hixl_transport handle=3 request=0x3 lifecycle_lock_us=0 pending_lock_wait_us=0 pending_lookup_us=0 instance_us=40 erase_us=0 total_us=40 transfer_status=0 [16689,16702][hixl_transport.cpp:734,GetStatus]
[2026-08-24 20:47:23.021355][UC][I] [QUERY_PERF] component=ucm layer=transport_manager handle=3 transport_handle=3 transfers_lock_wait_us=0 lookup_us=0 transport_us=43 total_us=43 api_status=0 transfer_status=0 [16689,16702][transport_manager.cpp:716,GetStatus]
[HIXL_QUERY_PERF] layer=comm_channel request=0x3 mutex_wait_us=0 check_us=0 lookup_us=0 flag_check_us=0 complete_us=0 total_us=0 transfer_status=0
[HIXL_QUERY_PERF] layer=adxl_inner request=0x3 context_us=0 req_lock_wait_us=0 lookup_us=1 channel_us=6 cleanup_us=0 total_us=7 status=0 transfer_status=0
[HIXL_QUERY_PERF] layer=comm_engine request=0x3 total_us=9 status=0 transfer_status=0
[2026-08-24 20:47:23.021389][UC][I] [QUERY_PERF] component=ucm layer=hixl_instance request=0x3 queue_wait_us=9 backend_us=11 run_post_us=10 total_us=30 api_status=0 transfer_status=0 [16689,16702][hixl_instance.cpp:342,GetTransferStatus]
[2026-08-24 20:47:23.021398][UC][I] [QUERY_PERF] component=ucm layer=hixl_transport handle=3 request=0x3 lifecycle_lock_us=0 pending_lock_wait_us=0 pending_lookup_us=0 instance_us=40 erase_us=0 total_us=40 transfer_status=0 [16689,16702][hixl_transport.cpp:734,GetStatus]
[2026-08-24 20:47:23.021403][UC][I] [QUERY_PERF] component=ucm layer=transport_manager handle=3 transport_handle=3 transfers_lock_wait_us=0 lookup_us=0 transport_us=45 total_us=45 api_status=0 transfer_status=0 [16689,16702][transport_manager.cpp:716,GetStatus]
[HIXL_QUERY_PERF] layer=comm_channel request=0x3 mutex_wait_us=0 check_us=0 lookup_us=0 flag_check_us=0 complete_us=0 total_us=0 transfer_status=0
[HIXL_QUERY_PERF] layer=adxl_inner request=0x3 context_us=1 req_lock_wait_us=0 lookup_us=0 channel_us=7 cleanup_us=0 total_us=8 status=0 transfer_status=0
[HIXL_QUERY_PERF] layer=comm_engine request=0x3 total_us=14 status=0 transfer_status=0
[2026-08-24 20:47:23.021442][UC][I] [QUERY_PERF] component=ucm layer=hixl_instance request=0x3 queue_wait_us=9 backend_us=16 run_post_us=10 total_us=35 api_status=0 transfer_status=0 [16689,16702][hixl_instance.cpp:342,GetTransferStatus]
[2026-08-24 20:47:23.021453][UC][I] [QUERY_PERF] component=ucm layer=hixl_transport handle=3 request=0x3 lifecycle_lock_us=0 pending_lock_wait_us=0 pending_lookup_us=0 instance_us=45 erase_us=0 total_us=45 transfer_status=0 [16689,16702][hixl_transport.cpp:734,GetStatus]
[2026-08-24 20:47:23.021456][UC][I] [QUERY_PERF] component=ucm layer=transport_manager handle=3 transport_handle=3 transfers_lock_wait_us=1 lookup_us=0 transport_us=49 total_us=50 api_status=0 transfer_status=0 [16689,16702][transport_manager.cpp:716,GetStatus]
[HIXL_QUERY_PERF] layer=comm_channel request=0x3 mutex_wait_us=0 check_us=0 lookup_us=0 flag_check_us=0 complete_us=0 total_us=0 transfer_status=0
[HIXL_QUERY_PERF] layer=adxl_inner request=0x3 context_us=0 req_lock_wait_us=0 lookup_us=1 channel_us=5 cleanup_us=0 total_us=6 status=0 transfer_status=0
[HIXL_QUERY_PERF] layer=comm_engine request=0x3 total_us=9 status=0 transfer_status=0
[2026-08-24 20:47:23.021492][UC][I] [QUERY_PERF] component=ucm layer=hixl_instance request=0x3 queue_wait_us=10 backend_us=11 run_post_us=10 total_us=31 api_status=0 transfer_status=0 [16689,16702][hixl_instance.cpp:342,GetTransferStatus]
[2026-08-24 20:47:23.021503][UC][I] [QUERY_PERF] component=ucm layer=hixl_transport handle=3 request=0x3 lifecycle_lock_us=0 pending_lock_wait_us=0 pending_lookup_us=0 instance_us=42 erase_us=0 total_us=42 transfer_status=0 [16689,16702][hixl_transport.cpp:734,GetStatus]
[2026-08-24 20:47:23.021507][UC][I] [QUERY_PERF] component=ucm layer=transport_manager handle=3 transport_handle=3 transfers_lock_wait_us=0 lookup_us=0 transport_us=46 total_us=46 api_status=0 transfer_status=0 [16689,16702][transport_manager.cpp:716,GetStatus]
[HIXL_QUERY_PERF] layer=comm_channel request=0x3 mutex_wait_us=1 check_us=0 lookup_us=0 flag_check_us=0 complete_us=0 total_us=1 transfer_status=0
[HIXL_QUERY_PERF] layer=adxl_inner request=0x3 context_us=0 req_lock_wait_us=0 lookup_us=0 channel_us=6 cleanup_us=0 total_us=6 status=0 transfer_status=0
[HIXL_QUERY_PERF] layer=comm_engine request=0x3 total_us=8 status=0 transfer_status=0
[2026-08-24 20:47:23.021543][UC][I] [QUERY_PERF] component=ucm layer=hixl_instance request=0x3 queue_wait_us=10 backend_us=11 run_post_us=9 total_us=30 api_status=0 transfer_status=0 [16689,16702][hixl_instance.cpp:342,GetTransferStatus]
[2026-08-24 20:47:23.021554][UC][I] [QUERY_PERF] component=ucm layer=hixl_transport handle=3 request=0x3 lifecycle_lock_us=0 pending_lock_wait_us=0 pending_lookup_us=0 instance_us=41 erase_us=0 total_us=41 transfer_status=0 [16689,16702][hixl_transport.cpp:734,GetStatus]
[2026-08-24 20:47:23.021560][UC][I] [QUERY_PERF] component=ucm layer=transport_manager handle=3 transport_handle=3 transfers_lock_wait_us=0 lookup_us=0 transport_us=48 total_us=48 api_status=0 transfer_status=0 [16689,16702][transport_manager.cpp:716,GetStatus]
[HIXL_QUERY_PERF] layer=comm_channel request=0x3 mutex_wait_us=0 check_us=0 lookup_us=1 flag_check_us=0 complete_us=0 total_us=1 transfer_status=0
[HIXL_QUERY_PERF] layer=adxl_inner request=0x3 context_us=1 req_lock_wait_us=0 lookup_us=0 channel_us=6 cleanup_us=0 total_us=7 status=0 transfer_status=0
[HIXL_QUERY_PERF] layer=comm_engine request=0x3 total_us=9 status=0 transfer_status=0
[2026-08-24 20:47:23.021596][UC][I] [QUERY_PERF] component=ucm layer=hixl_instance request=0x3 queue_wait_us=10 backend_us=11 run_post_us=9 total_us=30 api_status=0 transfer_status=0 [16689,16702][hixl_instance.cpp:342,GetTransferStatus]
[2026-08-24 20:47:23.021612][UC][I] [QUERY_PERF] component=ucm layer=hixl_transport handle=3 request=0x3 lifecycle_lock_us=0 pending_lock_wait_us=0 pending_lookup_us=0 instance_us=47 erase_us=0 total_us=47 transfer_status=0 [16689,16702][hixl_transport.cpp:734,GetStatus]
[2026-08-24 20:47:23.021620][UC][I] [QUERY_PERF] component=ucm layer=transport_manager handle=3 transport_handle=3 transfers_lock_wait_us=0 lookup_us=0 transport_us=55 total_us=55 api_status=0 transfer_status=0 [16689,16702][transport_manager.cpp:716,GetStatus]
[HIXL_QUERY_PERF] layer=comm_channel request=0x3 mutex_wait_us=0 check_us=0 lookup_us=0 flag_check_us=0 complete_us=0 total_us=0 transfer_status=0
[HIXL_QUERY_PERF] layer=adxl_inner request=0x3 context_us=1 req_lock_wait_us=0 lookup_us=0 channel_us=6 cleanup_us=1 total_us=8 status=0 transfer_status=0
[HIXL_QUERY_PERF] layer=comm_engine request=0x3 total_us=10 status=0 transfer_status=0
[2026-08-24 20:47:23.021656][UC][I] [QUERY_PERF] component=ucm layer=hixl_instance request=0x3 queue_wait_us=10 backend_us=12 run_post_us=9 total_us=31 api_status=0 transfer_status=0 [16689,16702][hixl_instance.cpp:342,GetTransferStatus]
[2026-08-24 20:47:23.021666][UC][I] [QUERY_PERF] component=ucm layer=hixl_transport handle=3 request=0x3 lifecycle_lock_us=0 pending_lock_wait_us=0 pending_lookup_us=0 instance_us=42 erase_us=0 total_us=42 transfer_status=0 [16689,16702][hixl_transport.cpp:734,GetStatus]
[2026-08-24 20:47:23.021672][UC][I] [QUERY_PERF] component=ucm layer=transport_manager handle=3 transport_handle=3 transfers_lock_wait_us=0 lookup_us=0 transport_us=47 total_us=47 api_status=0 transfer_status=0 [16689,16702][transport_manager.cpp:716,GetStatus]
[HIXL_QUERY_PERF] layer=comm_channel request=0x3 mutex_wait_us=0 check_us=0 lookup_us=1 flag_check_us=0 complete_us=0 total_us=1 transfer_status=0
[HIXL_QUERY_PERF] layer=adxl_inner request=0x3 context_us=1 req_lock_wait_us=0 lookup_us=0 channel_us=6 cleanup_us=0 total_us=7 status=0 transfer_status=0
[HIXL_QUERY_PERF] layer=comm_engine request=0x3 total_us=10 status=0 transfer_status=0
[2026-08-24 20:47:23.021708][UC][I] [QUERY_PERF] component=ucm layer=hixl_instance request=0x3 queue_wait_us=10 backend_us=12 run_post_us=9 total_us=31 api_status=0 transfer_status=0 [16689,16702][hixl_instance.cpp:342,GetTransferStatus]
[2026-08-24 20:47:23.021716][UC][I] [QUERY_PERF] component=ucm layer=hixl_transport handle=3 request=0x3 lifecycle_lock_us=0 pending_lock_wait_us=0 pending_lookup_us=0 instance_us=39 erase_us=0 total_us=39 transfer_status=0 [16689,16702][hixl_transport.cpp:734,GetStatus]
[2026-08-24 20:47:23.021721][UC][I] [QUERY_PERF] component=ucm layer=transport_manager handle=3 transport_handle=3 transfers_lock_wait_us=0 lookup_us=0 transport_us=45 total_us=45 api_status=0 transfer_status=0 [16689,16702][transport_manager.cpp:716,GetStatus]
[HIXL_QUERY_PERF] layer=comm_channel request=0x3 mutex_wait_us=0 check_us=0 lookup_us=0 flag_check_us=0 complete_us=5 total_us=5 transfer_status=1
[HIXL_QUERY_PERF] layer=adxl_inner request=0x3 context_us=0 req_lock_wait_us=0 lookup_us=1 channel_us=11 cleanup_us=1 total_us=13 status=0 transfer_status=1
[HIXL_QUERY_PERF] layer=comm_engine request=0x3 total_us=16 status=0 transfer_status=1
[2026-08-24 20:47:23.021765][UC][I] [QUERY_PERF] component=ucm layer=hixl_instance request=0x3 queue_wait_us=9 backend_us=19 run_post_us=9 total_us=37 api_status=0 transfer_status=1 [16689,16702][hixl_instance.cpp:342,GetTransferStatus]
[2026-08-24 20:47:23.021776][UC][I] [QUERY_PERF] component=ucm layer=hixl_transport handle=3 request=0x3 lifecycle_lock_us=1 pending_lock_wait_us=0 pending_lookup_us=0 instance_us=47 erase_us=1 total_us=49 transfer_status=1 [16689,16702][hixl_transport.cpp:734,GetStatus]
[2026-08-24 20:47:23.021780][UC][I] [QUERY_PERF] component=ucm layer=transport_manager handle=3 transport_handle=3 transfers_lock_wait_us=0 lookup_us=0 transport_us=54 total_us=54 api_status=0 transfer_status=1 [16689,16702][transport_manager.cpp:716,GetStatus]
[2026-08-24 20:47:23.021784][UC][I] [PERF] component=transport event=transfer_done manager=127.0.0.1:8000 target=127.0.0.1:4501 handle=3 transport_handle=3 opcode=0 direct=2 segments=108 bytes=7962624 status=1 api_status=0 submitted_ts_us=1787575643020527 completed_ts_us=1787575643021783 manager_get_status_ts_us=1787575643021726 backend_query_ts_us=1787575643021736 submit_us=2157 transfer_us=1256 manager_to_backend_query_us=10 total_us=3413 [16689,16702][transport_manager.cpp:727,GetStatus]
[HIXL_PERF] event=hccl_batch op=1 desc_num=1 hccl_us=94 status=0
[HIXL_PERF] event=issue_hccl_batch op=1 list_num=1 total_us=102
[HIXL_PERF] event=issue_async_host_flag op=1 list_num=1 context_us=0 hccl_issue_us=105 flag_memcpy_us=6 total_us=111
[HIXL_PERF] event=comm_channel_async op=1 list_num=1 mutex_wait_us=0 slot_us=1 host_flag_us=0 record_us=0 issue_us=114 total_us=115
[HIXL_PERF] event=adxl_inner_async op=1 list_num=1 context_us=1 connect_us=0 get_channel_us=0 channel_async_us=117 tail_us=1 total_us=119
[HIXL_PERF] event=comm_engine_async op=1 list_num=1 desc_build_us=0 inner_us=122 total_us=122 status=0
[2026-08-24 20:47:23.021991][UC][I] [PERF] component=transport event=transfer_submitted manager=127.0.0.1:8000 target=127.0.0.1:4501 handle=4 transport_handle=4 opcode=1 direct=2 segments=1 bytes=63 submitted_ts_us=1787575643021990 manager_execute_async_ts_us=1787575643021837 backend_execute_async_ts_us=1787575643021849 manager_to_backend_execute_async_us=12 submit_us=152 [16689,16702][transport_manager.cpp:674,ExecuteAsync]
[HIXL_QUERY_PERF] layer=comm_channel request=0x4 mutex_wait_us=0 check_us=0 lookup_us=0 flag_check_us=0 complete_us=1 total_us=1 transfer_status=1
[HIXL_QUERY_PERF] layer=adxl_inner request=0x4 context_us=1 req_lock_wait_us=0 lookup_us=1 channel_us=7 cleanup_us=1 total_us=10 status=0 transfer_status=1
[HIXL_QUERY_PERF] layer=comm_engine request=0x4 total_us=13 status=0 transfer_status=1
[2026-08-24 20:47:23.022039][UC][I] [QUERY_PERF] component=ucm layer=hixl_instance request=0x4 queue_wait_us=11 backend_us=15 run_post_us=10 total_us=36 api_status=0 transfer_status=1 [16689,16702][hixl_instance.cpp:342,GetTransferStatus]
[2026-08-24 20:47:23.022055][UC][I] [QUERY_PERF] component=ucm layer=hixl_transport handle=4 request=0x4 lifecycle_lock_us=0 pending_lock_wait_us=0 pending_lookup_us=0 instance_us=52 erase_us=0 total_us=52 transfer_status=1 [16689,16702][hixl_transport.cpp:734,GetStatus]
[2026-08-24 20:47:23.022060][UC][I] [QUERY_PERF] component=ucm layer=transport_manager handle=4 transport_handle=4 transfers_lock_wait_us=0 lookup_us=0 transport_us=58 total_us=58 api_status=0 transfer_status=1 [16689,16702][transport_manager.cpp:716,GetStatus]
[2026-08-24 20:47:23.022064][UC][I] [PERF] component=transport event=transfer_done manager=127.0.0.1:8000 target=127.0.0.1:4501 handle=4 transport_handle=4 opcode=1 direct=2 segments=1 bytes=63 status=1 api_status=0 submitted_ts_us=1787575643021990 completed_ts_us=1787575643022063 manager_get_status_ts_us=1787575643022002 backend_query_ts_us=1787575643022013 submit_us=152 transfer_us=73 manager_to_backend_query_us=11 total_us=225 [16689,16702][transport_manager.cpp:727,GetStatus]
[2026-08-24 20:47:23.022071][UC][I] [PERF] component=drampool event=request_done request_id=1 opcode=1 peer=127.0.0.1:4501 batch_size=108 data_bytes=7962624 failed_items=0 status=SUCCESS failed_stage=NONE received_ts_us=1787575643018197 worker_started_ts_us=1787575643018245 data_transfer_submitted_ts_us=1787575643020558 data_transfer_completed_ts_us=1787575643021799 response_submitted_ts_us=1787575643022001 completed_ts_us=1787575643022069 data_tm_execute_async_ts_us=1787575643018367 data_hixl_execute_async_ts_us=1787575643018394 data_tm_get_status_ts_us=1787575643021726 data_hixl_query_handle_ts_us=1787575643021736 response_tm_execute_async_ts_us=1787575643021837 response_hixl_execute_async_ts_us=1787575643021849 response_tm_get_status_ts_us=1787575643022002 response_hixl_query_handle_ts_us=1787575643022013 request_queue_us=48 metadata_prepare_us=109 taskworker_prepare_us=2315 poller_queue_us=123 data_transfer_us=1240 metadata_settle_us=35 response_slot_wait_us=1 response_submit_us=166 response_transfer_us=67 data_tm_to_hixl_execute_async_us=27 data_tm_to_hixl_query_handle_us=10 response_tm_to_hixl_execute_async_us=12 response_tm_to_hixl_query_handle_us=11 total_us=3872 [16689,16702][completion_poller.cc:56,LogRequestDone]
[HIXL_PERF] event=hccl_batch op=1 desc_num=1 hccl_us=64 status=0
[HIXL_PERF] event=issue_hccl_batch op=1 list_num=1 total_us=78
[HIXL_PERF] event=issue_async_host_flag op=1 list_num=1 context_us=1 hccl_issue_us=80 flag_memcpy_us=5 total_us=86
[HIXL_PERF] event=comm_channel_async op=1 list_num=1 mutex_wait_us=0 slot_us=0 host_flag_us=0 record_us=0 issue_us=91 total_us=91
[HIXL_PERF] event=adxl_inner_async op=1 list_num=1 context_us=1 connect_us=0 get_channel_us=0 channel_async_us=97 tail_us=0 total_us=98
[HIXL_PERF] event=comm_engine_async op=1 list_num=1 desc_build_us=0 inner_us=102 total_us=102 status=0
[2026-08-24 20:47:23.027700][UC][I] [PERF] component=transport event=transfer_submitted manager=127.0.0.1:8000 target=127.0.0.1:4500 handle=5 transport_handle=5 opcode=1 direct=2 segments=1 bytes=10 submitted_ts_us=1787575643027699 manager_execute_async_ts_us=1787575643027564 backend_execute_async_ts_us=1787575643027577 manager_to_backend_execute_async_us=13 submit_us=135 [16689,16702][transport_manager.cpp:674,ExecuteAsync]
[HIXL_QUERY_PERF] layer=comm_channel request=0x5 mutex_wait_us=0 check_us=1 lookup_us=0 flag_check_us=0 complete_us=1 total_us=2 transfer_status=1
[HIXL_QUERY_PERF] layer=adxl_inner request=0x5 context_us=1 req_lock_wait_us=0 lookup_us=0 channel_us=8 cleanup_us=0 total_us=9 status=0 transfer_status=1
[HIXL_QUERY_PERF] layer=comm_engine request=0x5 total_us=15 status=0 transfer_status=1
[2026-08-24 20:47:23.027749][UC][I] [QUERY_PERF] component=ucm layer=hixl_instance request=0x5 queue_wait_us=10 backend_us=19 run_post_us=10 total_us=39 api_status=0 transfer_status=1 [16689,16702][hixl_instance.cpp:342,GetTransferStatus]
[2026-08-24 20:47:23.027759][UC][I] [QUERY_PERF] component=ucm layer=hixl_transport handle=5 request=0x5 lifecycle_lock_us=0 pending_lock_wait_us=0 pending_lookup_us=0 instance_us=48 erase_us=0 total_us=48 transfer_status=1 [16689,16702][hixl_transport.cpp:734,GetStatus]
[2026-08-24 20:47:23.027762][UC][I] [QUERY_PERF] component=ucm layer=transport_manager handle=5 transport_handle=5 transfers_lock_wait_us=0 lookup_us=1 transport_us=52 total_us=53 api_status=0 transfer_status=1 [16689,16702][transport_manager.cpp:716,GetStatus]
[2026-08-24 20:47:23.027766][UC][I] [PERF] component=transport event=transfer_done manager=127.0.0.1:8000 target=127.0.0.1:4500 handle=5 transport_handle=5 opcode=1 direct=2 segments=1 bytes=10 status=1 api_status=0 submitted_ts_us=1787575643027699 completed_ts_us=1787575643027764 manager_get_status_ts_us=1787575643027709 backend_query_ts_us=1787575643027721 submit_us=135 transfer_us=66 manager_to_backend_query_us=11 total_us=201 [16689,16702][transport_manager.cpp:727,GetStatus]
[2026-08-24 20:47:23.027771][UC][I] [PERF] component=drampool event=request_done request_id=3 opcode=0 peer=127.0.0.1:4500 batch_size=2 data_bytes=0 failed_items=0 status=SUCCESS failed_stage=NONE received_ts_us=1787575643027274 worker_started_ts_us=1787575643027411 data_transfer_submitted_ts_us=0 data_transfer_completed_ts_us=0 response_submitted_ts_us=1787575643027708 completed_ts_us=1787575643027769 data_tm_execute_async_ts_us=0 data_hixl_execute_async_ts_us=0 data_tm_get_status_ts_us=0 data_hixl_query_handle_ts_us=0 response_tm_execute_async_ts_us=1787575643027564 response_hixl_execute_async_ts_us=1787575643027577 response_tm_get_status_ts_us=1787575643027709 response_hixl_query_handle_ts_us=1787575643027721 request_queue_us=137 metadata_prepare_us=1 taskworker_prepare_us=2 poller_queue_us=149 data_transfer_us=0 metadata_settle_us=0 response_slot_wait_us=151 response_submit_us=146 response_transfer_us=59 data_tm_to_hixl_execute_async_us=0 data_tm_to_hixl_query_handle_us=0 response_tm_to_hixl_execute_async_us=13 response_tm_to_hixl_query_handle_us=11 total_us=495 [16689,16702][completion_poller.cc:56,LogRequestDone]
[HIXL_PERF] event=hccl_batch op=1 desc_num=1 hccl_us=57 status=0
[HIXL_PERF] event=issue_hccl_batch op=1 list_num=1 total_us=67
[HIXL_PERF] event=issue_async_host_flag op=1 list_num=1 context_us=0 hccl_issue_us=70 flag_memcpy_us=4 total_us=74
[HIXL_PERF] event=comm_channel_async op=1 list_num=1 mutex_wait_us=0 slot_us=0 host_flag_us=1 record_us=0 issue_us=82 total_us=83
[HIXL_PERF] event=adxl_inner_async op=1 list_num=1 context_us=0 connect_us=0 get_channel_us=1 channel_async_us=86 tail_us=0 total_us=87
[HIXL_PERF] event=comm_engine_async op=1 list_num=1 desc_build_us=0 inner_us=90 total_us=90 status=0
[2026-08-24 20:47:23.028365][UC][I] [PERF] component=transport event=transfer_submitted manager=127.0.0.1:8000 target=127.0.0.1:4500 handle=6 transport_handle=6 opcode=1 direct=2 segments=1 bytes=10 submitted_ts_us=1787575643028364 manager_execute_async_ts_us=1787575643028245 backend_execute_async_ts_us=1787575643028257 manager_to_backend_execute_async_us=12 submit_us=118 [16689,16702][transport_manager.cpp:674,ExecuteAsync]
[HIXL_QUERY_PERF] layer=comm_channel request=0x6 mutex_wait_us=0 check_us=0 lookup_us=0 flag_check_us=0 complete_us=1 total_us=1 transfer_status=1
[HIXL_QUERY_PERF] layer=adxl_inner request=0x6 context_us=1 req_lock_wait_us=0 lookup_us=1 channel_us=7 cleanup_us=1 total_us=10 status=0 transfer_status=1
[HIXL_QUERY_PERF] layer=comm_engine request=0x6 total_us=13 status=0 transfer_status=1
[2026-08-24 20:47:23.028416][UC][I] [QUERY_PERF] component=ucm layer=hixl_instance request=0x6 queue_wait_us=11 backend_us=15 run_post_us=9 total_us=35 api_status=0 transfer_status=1 [16689,16702][hixl_instance.cpp:342,GetTransferStatus]
[2026-08-24 20:47:23.028425][UC][I] [QUERY_PERF] component=ucm layer=hixl_transport handle=6 request=0x6 lifecycle_lock_us=0 pending_lock_wait_us=0 pending_lookup_us=0 instance_us=44 erase_us=0 total_us=44 transfer_status=1 [16689,16702][hixl_transport.cpp:734,GetStatus]
[2026-08-24 20:47:23.028429][UC][I] [QUERY_PERF] component=ucm layer=transport_manager handle=6 transport_handle=6 transfers_lock_wait_us=0 lookup_us=0 transport_us=48 total_us=48 api_status=0 transfer_status=1 [16689,16702][transport_manager.cpp:716,GetStatus]
[2026-08-24 20:47:23.028435][UC][I] [PERF] component=transport event=transfer_done manager=127.0.0.1:8000 target=127.0.0.1:4500 handle=6 transport_handle=6 opcode=1 direct=2 segments=1 bytes=10 status=1 api_status=0 submitted_ts_us=1787575643028364 completed_ts_us=1787575643028434 manager_get_status_ts_us=1787575643028379 backend_query_ts_us=1787575643028391 submit_us=118 transfer_us=70 manager_to_backend_query_us=11 total_us=188 [16689,16702][transport_manager.cpp:727,GetStatus]
[2026-08-24 20:47:23.028443][UC][I] [PERF] component=drampool event=request_done request_id=4 opcode=0 peer=127.0.0.1:4500 batch_size=2 data_bytes=0 failed_items=0 status=SUCCESS failed_stage=NONE received_ts_us=1787575643028064 worker_started_ts_us=1787575643028175 data_transfer_submitted_ts_us=0 data_transfer_completed_ts_us=0 response_submitted_ts_us=1787575643028378 completed_ts_us=1787575643028441 data_tm_execute_async_ts_us=0 data_hixl_execute_async_ts_us=0 data_tm_get_status_ts_us=0 data_hixl_query_handle_ts_us=0 response_tm_execute_async_ts_us=1787575643028245 response_hixl_execute_async_ts_us=1787575643028257 response_tm_get_status_ts_us=1787575643028379 response_hixl_query_handle_ts_us=1787575643028391 request_queue_us=111 metadata_prepare_us=1 taskworker_prepare_us=2 poller_queue_us=66 data_transfer_us=0 metadata_settle_us=0 response_slot_wait_us=68 response_submit_us=135 response_transfer_us=61 data_tm_to_hixl_execute_async_us=0 data_tm_to_hixl_query_handle_us=0 response_tm_to_hixl_execute_async_us=12 response_tm_to_hixl_query_handle_us=11 total_us=377 [16689,16702][completion_poller.cc:56,LogRequestDone]
[HIXL_PERF] event=hccl_batch op=1 desc_num=1 hccl_us=56 status=0
[HIXL_PERF] event=issue_hccl_batch op=1 list_num=1 total_us=66
[HIXL_PERF] event=issue_async_host_flag op=1 list_num=1 context_us=0 hccl_issue_us=68 flag_memcpy_us=5 total_us=73
[HIXL_PERF] event=comm_channel_async op=1 list_num=1 mutex_wait_us=0 slot_us=1 host_flag_us=0 record_us=0 issue_us=78 total_us=79
[HIXL_PERF] event=adxl_inner_async op=1 list_num=1 context_us=1 connect_us=0 get_channel_us=0 channel_async_us=82 tail_us=1 total_us=84
[HIXL_PERF] event=comm_engine_async op=1 list_num=1 desc_build_us=0 inner_us=89 total_us=89 status=0
[2026-08-24 20:47:23.029025][UC][I] [PERF] component=transport event=transfer_submitted manager=127.0.0.1:8000 target=127.0.0.1:4500 handle=7 transport_handle=7 opcode=1 direct=2 segments=1 bytes=10 submitted_ts_us=1787575643029024 manager_execute_async_ts_us=1787575643028907 backend_execute_async_ts_us=1787575643028918 manager_to_backend_execute_async_us=11 submit_us=116 [16689,16702][transport_manager.cpp:674,ExecuteAsync]
[HIXL_QUERY_PERF] layer=comm_channel request=0x7 mutex_wait_us=0 check_us=0 lookup_us=0 flag_check_us=1 complete_us=1 total_us=2 transfer_status=1
[HIXL_QUERY_PERF] layer=adxl_inner request=0x7 context_us=0 req_lock_wait_us=0 lookup_us=1 channel_us=11 cleanup_us=0 total_us=12 status=0 transfer_status=1
[HIXL_QUERY_PERF] layer=comm_engine request=0x7 total_us=15 status=0 transfer_status=1
[2026-08-24 20:47:23.029088][UC][I] [QUERY_PERF] component=ucm layer=hixl_instance request=0x7 queue_wait_us=10 backend_us=18 run_post_us=10 total_us=38 api_status=0 transfer_status=1 [16689,16702][hixl_instance.cpp:342,GetTransferStatus]
[2026-08-24 20:47:23.029100][UC][I] [QUERY_PERF] component=ucm layer=hixl_transport handle=7 request=0x7 lifecycle_lock_us=0 pending_lock_wait_us=0 pending_lookup_us=0 instance_us=49 erase_us=1 total_us=50 transfer_status=1 [16689,16702][hixl_transport.cpp:734,GetStatus]
[2026-08-24 20:47:23.029105][UC][I] [QUERY_PERF] component=ucm layer=transport_manager handle=7 transport_handle=7 transfers_lock_wait_us=0 lookup_us=0 transport_us=56 total_us=56 api_status=0 transfer_status=1 [16689,16702][transport_manager.cpp:716,GetStatus]
[2026-08-24 20:47:23.029111][UC][I] [PERF] component=transport event=transfer_done manager=127.0.0.1:8000 target=127.0.0.1:4500 handle=7 transport_handle=7 opcode=1 direct=2 segments=1 bytes=10 status=1 api_status=0 submitted_ts_us=1787575643029024 completed_ts_us=1787575643029110 manager_get_status_ts_us=1787575643029048 backend_query_ts_us=1787575643029059 submit_us=116 transfer_us=86 manager_to_backend_query_us=10 total_us=202 [16689,16702][transport_manager.cpp:727,GetStatus]
[2026-08-24 20:47:23.029119][UC][I] [PERF] component=drampool event=request_done request_id=5 opcode=0 peer=127.0.0.1:4500 batch_size=2 data_bytes=0 failed_items=0 status=SUCCESS failed_stage=NONE received_ts_us=1787575643028672 worker_started_ts_us=1787575643028786 data_transfer_submitted_ts_us=0 data_transfer_completed_ts_us=0 response_submitted_ts_us=1787575643029047 completed_ts_us=1787575643029117 data_tm_execute_async_ts_us=0 data_hixl_execute_async_ts_us=0 data_tm_get_status_ts_us=0 data_hixl_query_handle_ts_us=0 response_tm_execute_async_ts_us=1787575643028907 response_hixl_execute_async_ts_us=1787575643028918 response_tm_get_status_ts_us=1787575643029048 response_hixl_query_handle_ts_us=1787575643029059 request_queue_us=114 metadata_prepare_us=0 taskworker_prepare_us=1 poller_queue_us=118 data_transfer_us=0 metadata_settle_us=0 response_slot_wait_us=119 response_submit_us=142 response_transfer_us=68 data_tm_to_hixl_execute_async_us=0 data_tm_to_hixl_query_handle_us=0 response_tm_to_hixl_execute_async_us=11 response_tm_to_hixl_query_handle_us=10 total_us=445 [16689,16702][completion_poller.cc:56,LogRequestDone]
[HIXL_PERF] event=hccl_batch op=1 desc_num=1 hccl_us=54 status=0
[HIXL_PERF] event=issue_hccl_batch op=1 list_num=1 total_us=63
[HIXL_PERF] event=issue_async_host_flag op=1 list_num=1 context_us=1 hccl_issue_us=65 flag_memcpy_us=4 total_us=70
[HIXL_PERF] event=comm_channel_async op=1 list_num=1 mutex_wait_us=0 slot_us=0 host_flag_us=0 record_us=0 issue_us=75 total_us=75
[HIXL_PERF] event=adxl_inner_async op=1 list_num=1 context_us=0 connect_us=0 get_channel_us=1 channel_async_us=77 tail_us=0 total_us=78
[HIXL_PERF] event=comm_engine_async op=1 list_num=1 desc_build_us=0 inner_us=81 total_us=81 status=0
[2026-08-24 20:47:23.029540][UC][I] [PERF] component=transport event=transfer_submitted manager=127.0.0.1:8000 target=127.0.0.1:4500 handle=8 transport_handle=8 opcode=1 direct=2 segments=1 bytes=10 submitted_ts_us=1787575643029539 manager_execute_async_ts_us=1787575643029430 backend_execute_async_ts_us=1787575643029442 manager_to_backend_execute_async_us=12 submit_us=109 [16689,16702][transport_manager.cpp:674,ExecuteAsync]
[HIXL_QUERY_PERF] layer=comm_channel request=0x8 mutex_wait_us=0 check_us=0 lookup_us=0 flag_check_us=1 complete_us=1 total_us=2 transfer_status=1
[HIXL_QUERY_PERF] layer=adxl_inner request=0x8 context_us=0 req_lock_wait_us=0 lookup_us=1 channel_us=12 cleanup_us=1 total_us=14 status=0 transfer_status=1
[HIXL_QUERY_PERF] layer=comm_engine request=0x8 total_us=17 status=0 transfer_status=1
[2026-08-24 20:47:23.029597][UC][I] [QUERY_PERF] component=ucm layer=hixl_instance request=0x8 queue_wait_us=10 backend_us=22 run_post_us=10 total_us=42 api_status=0 transfer_status=1 [16689,16702][hixl_instance.cpp:342,GetTransferStatus]
[2026-08-24 20:47:23.029611][UC][I] [QUERY_PERF] component=ucm layer=hixl_transport handle=8 request=0x8 lifecycle_lock_us=0 pending_lock_wait_us=0 pending_lookup_us=0 instance_us=54 erase_us=1 total_us=55 transfer_status=1 [16689,16702][hixl_transport.cpp:734,GetStatus]
[2026-08-24 20:47:23.029616][UC][I] [QUERY_PERF] component=ucm layer=transport_manager handle=8 transport_handle=8 transfers_lock_wait_us=0 lookup_us=0 transport_us=61 total_us=61 api_status=0 transfer_status=1 [16689,16702][transport_manager.cpp:716,GetStatus]
[2026-08-24 20:47:23.029619][UC][I] [PERF] component=transport event=transfer_done manager=127.0.0.1:8000 target=127.0.0.1:4500 handle=8 transport_handle=8 opcode=1 direct=2 segments=1 bytes=10 status=1 api_status=0 submitted_ts_us=1787575643029539 completed_ts_us=1787575643029618 manager_get_status_ts_us=1787575643029554 backend_query_ts_us=1787575643029565 submit_us=109 transfer_us=79 manager_to_backend_query_us=10 total_us=188 [16689,16702][transport_manager.cpp:727,GetStatus]
[2026-08-24 20:47:23.029631][UC][I] [PERF] component=drampool event=request_done request_id=6 opcode=0 peer=127.0.0.1:4500 batch_size=2 data_bytes=0 failed_items=0 status=SUCCESS failed_stage=NONE received_ts_us=1787575643029269 worker_started_ts_us=1787575643029397 data_transfer_submitted_ts_us=0 data_transfer_completed_ts_us=0 response_submitted_ts_us=1787575643029553 completed_ts_us=1787575643029629 data_tm_execute_async_ts_us=0 data_hixl_execute_async_ts_us=0 data_tm_get_status_ts_us=0 data_hixl_query_handle_ts_us=0 response_tm_execute_async_ts_us=1787575643029430 response_hixl_execute_async_ts_us=1787575643029442 response_tm_get_status_ts_us=1787575643029554 response_hixl_query_handle_ts_us=1787575643029565 request_queue_us=128 metadata_prepare_us=0 taskworker_prepare_us=1 poller_queue_us=30 data_transfer_us=0 metadata_settle_us=0 response_slot_wait_us=31 response_submit_us=125 response_transfer_us=74 data_tm_to_hixl_execute_async_us=0 data_tm_to_hixl_query_handle_us=0 response_tm_to_hixl_execute_async_us=12 response_tm_to_hixl_query_handle_us=10 total_us=360 [16689,16702][completion_poller.cc:56,LogRequestDone]
[HIXL_PERF] event=hccl_batch op=1 desc_num=1 hccl_us=53 status=0
[HIXL_PERF] event=issue_hccl_batch op=1 list_num=1 total_us=63
[HIXL_PERF] event=issue_async_host_flag op=1 list_num=1 context_us=0 hccl_issue_us=65 flag_memcpy_us=4 total_us=69
[HIXL_PERF] event=comm_channel_async op=1 list_num=1 mutex_wait_us=0 slot_us=0 host_flag_us=0 record_us=1 issue_us=73 total_us=74
[HIXL_PERF] event=adxl_inner_async op=1 list_num=1 context_us=1 connect_us=0 get_channel_us=0 channel_async_us=77 tail_us=0 total_us=78
[HIXL_PERF] event=comm_engine_async op=1 list_num=1 desc_build_us=0 inner_us=82 total_us=82 status=0
[2026-08-24 20:47:23.030055][UC][I] [PERF] component=transport event=transfer_submitted manager=127.0.0.1:8000 target=127.0.0.1:4500 handle=9 transport_handle=9 opcode=1 direct=2 segments=1 bytes=10 submitted_ts_us=1787575643030054 manager_execute_async_ts_us=1787575643029946 backend_execute_async_ts_us=1787575643029957 manager_to_backend_execute_async_us=11 submit_us=108 [16689,16702][transport_manager.cpp:674,ExecuteAsync]
[HIXL_QUERY_PERF] layer=comm_channel request=0x9 mutex_wait_us=0 check_us=0 lookup_us=0 flag_check_us=0 complete_us=1 total_us=1 transfer_status=1
[HIXL_QUERY_PERF] layer=adxl_inner request=0x9 context_us=0 req_lock_wait_us=0 lookup_us=1 channel_us=11 cleanup_us=0 total_us=12 status=0 transfer_status=1
[HIXL_QUERY_PERF] layer=comm_engine request=0x9 total_us=16 status=0 transfer_status=1
[2026-08-24 20:47:23.030113][UC][I] [QUERY_PERF] component=ucm layer=hixl_instance request=0x9 queue_wait_us=10 backend_us=21 run_post_us=10 total_us=41 api_status=0 transfer_status=1 [16689,16702][hixl_instance.cpp:342,GetTransferStatus]
[2026-08-24 20:47:23.030125][UC][I] [QUERY_PERF] component=ucm layer=hixl_transport handle=9 request=0x9 lifecycle_lock_us=0 pending_lock_wait_us=0 pending_lookup_us=0 instance_us=52 erase_us=1 total_us=53 transfer_status=1 [16689,16702][hixl_transport.cpp:734,GetStatus]
[2026-08-24 20:47:23.030132][UC][I] [QUERY_PERF] component=ucm layer=transport_manager handle=9 transport_handle=9 transfers_lock_wait_us=0 lookup_us=1 transport_us=59 total_us=60 api_status=0 transfer_status=1 [16689,16702][transport_manager.cpp:716,GetStatus]
[2026-08-24 20:47:23.030137][UC][I] [PERF] component=transport event=transfer_done manager=127.0.0.1:8000 target=127.0.0.1:4500 handle=9 transport_handle=9 opcode=1 direct=2 segments=1 bytes=10 status=1 api_status=0 submitted_ts_us=1787575643030054 completed_ts_us=1787575643030136 manager_get_status_ts_us=1787575643030071 backend_query_ts_us=1787575643030082 submit_us=108 transfer_us=81 manager_to_backend_query_us=11 total_us=189 [16689,16702][transport_manager.cpp:727,GetStatus]
[2026-08-24 20:47:23.030143][UC][I] [PERF] component=drampool event=request_done request_id=7 opcode=0 peer=127.0.0.1:4500 batch_size=2 data_bytes=0 failed_items=0 status=SUCCESS failed_stage=NONE received_ts_us=1787575643029752 worker_started_ts_us=1787575643029855 data_transfer_submitted_ts_us=0 data_transfer_completed_ts_us=0 response_submitted_ts_us=1787575643030070 completed_ts_us=1787575643030141 data_tm_execute_async_ts_us=0 data_hixl_execute_async_ts_us=0 data_tm_get_status_ts_us=0 data_hixl_query_handle_ts_us=0 response_tm_execute_async_ts_us=1787575643029946 response_hixl_execute_async_ts_us=1787575643029957 response_tm_get_status_ts_us=1787575643030071 response_hixl_query_handle_ts_us=1787575643030082 request_queue_us=102 metadata_prepare_us=0 taskworker_prepare_us=2 poller_queue_us=88 data_transfer_us=0 metadata_settle_us=0 response_slot_wait_us=89 response_submit_us=125 response_transfer_us=70 data_tm_to_hixl_execute_async_us=0 data_tm_to_hixl_query_handle_us=0 response_tm_to_hixl_execute_async_us=11 response_tm_to_hixl_query_handle_us=11 total_us=388 [16689,16702][completion_poller.cc:56,LogRequestDone]
[HIXL_PERF] event=hccl_batch op=1 desc_num=1 hccl_us=54 status=0
[HIXL_PERF] event=issue_hccl_batch op=1 list_num=1 total_us=61
[HIXL_PERF] event=issue_async_host_flag op=1 list_num=1 context_us=0 hccl_issue_us=63 flag_memcpy_us=4 total_us=67
[HIXL_PERF] event=comm_channel_async op=1 list_num=1 mutex_wait_us=0 slot_us=1 host_flag_us=0 record_us=0 issue_us=70 total_us=71
[HIXL_PERF] event=adxl_inner_async op=1 list_num=1 context_us=1 connect_us=0 get_channel_us=0 channel_async_us=73 tail_us=0 total_us=74
[HIXL_PERF] event=comm_engine_async op=1 list_num=1 desc_build_us=0 inner_us=76 total_us=76 status=0
[2026-08-24 20:47:23.030718][UC][I] [PERF] component=transport event=transfer_submitted manager=127.0.0.1:8000 target=127.0.0.1:4500 handle=10 transport_handle=10 opcode=1 direct=2 segments=1 bytes=10 submitted_ts_us=1787575643030717 manager_execute_async_ts_us=1787575643030613 backend_execute_async_ts_us=1787575643030624 manager_to_backend_execute_async_us=11 submit_us=104 [16689,16702][transport_manager.cpp:674,ExecuteAsync]
[HIXL_QUERY_PERF] layer=comm_channel request=0xa mutex_wait_us=0 check_us=0 lookup_us=0 flag_check_us=0 complete_us=1 total_us=1 transfer_status=1
[HIXL_QUERY_PERF] layer=adxl_inner request=0xa context_us=0 req_lock_wait_us=0 lookup_us=1 channel_us=7 cleanup_us=1 total_us=9 status=0 transfer_status=1
[HIXL_QUERY_PERF] layer=comm_engine request=0xa total_us=14 status=0 transfer_status=1
[2026-08-24 20:47:23.030768][UC][I] [QUERY_PERF] component=ucm layer=hixl_instance request=0xa queue_wait_us=10 backend_us=17 run_post_us=10 total_us=37 api_status=0 transfer_status=1 [16689,16702][hixl_instance.cpp:342,GetTransferStatus]
[2026-08-24 20:47:23.030778][UC][I] [QUERY_PERF] component=ucm layer=hixl_transport handle=10 request=0xa lifecycle_lock_us=0 pending_lock_wait_us=0 pending_lookup_us=0 instance_us=46 erase_us=1 total_us=47 transfer_status=1 [16689,16702][hixl_transport.cpp:734,GetStatus]
[2026-08-24 20:47:23.030783][UC][I] [QUERY_PERF] component=ucm layer=transport_manager handle=10 transport_handle=10 transfers_lock_wait_us=0 lookup_us=0 transport_us=52 total_us=52 api_status=0 transfer_status=1 [16689,16702][transport_manager.cpp:716,GetStatus]
[2026-08-24 20:47:23.030790][UC][I] [PERF] component=transport event=transfer_done manager=127.0.0.1:8000 target=127.0.0.1:4500 handle=10 transport_handle=10 opcode=1 direct=2 segments=1 bytes=10 status=1 api_status=0 submitted_ts_us=1787575643030717 completed_ts_us=1787575643030788 manager_get_status_ts_us=1787575643030729 backend_query_ts_us=1787575643030740 submit_us=104 transfer_us=72 manager_to_backend_query_us=10 total_us=176 [16689,16702][transport_manager.cpp:727,GetStatus]
[2026-08-24 20:47:23.030796][UC][I] [PERF] component=drampool event=request_done request_id=8 opcode=0 peer=127.0.0.1:4500 batch_size=2 data_bytes=0 failed_items=0 status=SUCCESS failed_stage=NONE received_ts_us=1787575643030334 worker_started_ts_us=1787575643030467 data_transfer_submitted_ts_us=0 data_transfer_completed_ts_us=0 response_submitted_ts_us=1787575643030728 completed_ts_us=1787575643030794 data_tm_execute_async_ts_us=0 data_hixl_execute_async_ts_us=0 data_tm_get_status_ts_us=0 data_hixl_query_handle_ts_us=0 response_tm_execute_async_ts_us=1787575643030613 response_hixl_execute_async_ts_us=1787575643030624 response_tm_get_status_ts_us=1787575643030729 response_hixl_query_handle_ts_us=1787575643030740 request_queue_us=133 metadata_prepare_us=0 taskworker_prepare_us=2 poller_queue_us=142 data_transfer_us=0 metadata_settle_us=0 response_slot_wait_us=144 response_submit_us=117 response_transfer_us=64 data_tm_to_hixl_execute_async_us=0 data_tm_to_hixl_query_handle_us=0 response_tm_to_hixl_execute_async_us=11 response_tm_to_hixl_query_handle_us=10 total_us=460 [16689,16702][completion_poller.cc:56,LogRequestDone]
[2026-08-24 20:47:23.114526][UC][I] ShardMetadata StoreBegin: key already exists. [16689,16703][metadata.cc:57,StoreBegin]
[2026-08-24 20:47:23.114545][UC][I] ShardMetadata StoreBegin: key already exists. [16689,16703][metadata.cc:57,StoreBegin]
[2026-08-24 20:47:23.114550][UC][I] ShardMetadata StoreBegin: key already exists. [16689,16703][metadata.cc:57,StoreBegin]
[2026-08-24 20:47:23.114555][UC][I] ShardMetadata StoreBegin: key already exists. [16689,16703][metadata.cc:57,StoreBegin]
[2026-08-24 20:47:23.114560][UC][I] ShardMetadata StoreBegin: key already exists. [16689,16703][metadata.cc:57,StoreBegin]
[2026-08-24 20:47:23.114563][UC][I] ShardMetadata StoreBegin: key already exists. [16689,16703][metadata.cc:57,StoreBegin]
[2026-08-24 20:47:23.114567][UC][I] ShardMetadata StoreBegin: key already exists. [16689,16703][metadata.cc:57,StoreBegin]
[2026-08-24 20:47:23.114570][UC][I] ShardMetadata StoreBegin: key already exists. [16689,16703][metadata.cc:57,StoreBegin]
[2026-08-24 20:47:23.114574][UC][I] ShardMetadata StoreBegin: key already exists. [16689,16703][metadata.cc:57,StoreBegin]
[2026-08-24 20:47:23.114578][UC][I] ShardMetadata StoreBegin: key already exists. [16689,16703][metadata.cc:57,StoreBegin]
[2026-08-24 20:47:23.114584][UC][I] ShardMetadata StoreBegin: key already exists. [16689,16703][metadata.cc:57,StoreBegin]
[2026-08-24 20:47:23.114600][UC][I] ShardMetadata StoreBegin: key already exists. [16689,16703][metadata.cc:57,StoreBegin]
[2026-08-24 20:47:23.114605][UC][I] ShardMetadata StoreBegin: key already exists. [16689,16703][metadata.cc:57,StoreBegin]
[2026-08-24 20:47:23.114612][UC][I] ShardMetadata StoreBegin: key already exists. [16689,16703][metadata.cc:57,StoreBegin]
[2026-08-24 20:47:23.114617][UC][I] ShardMetadata StoreBegin: key already exists. [16689,16703][metadata.cc:57,StoreBegin]
[2026-08-24 20:47:23.114622][UC][I] ShardMetadata StoreBegin: key already exists. [16689,16703][metadata.cc:57,StoreBegin]
[2026-08-24 20:47:23.114625][UC][I] ShardMetadata StoreBegin: key already exists. [16689,16703][metadata.cc:57,StoreBegin]
[2026-08-24 20:47:23.114628][UC][I] ShardMetadata StoreBegin: key already exists. [16689,16703][metadata.cc:57,StoreBegin]
[2026-08-24 20:47:23.114632][UC][I] ShardMetadata StoreBegin: key already exists. [16689,16703][metadata.cc:57,StoreBegin]
[2026-08-24 20:47:23.114638][UC][I] ShardMetadata StoreBegin: key already exists. [16689,16703][metadata.cc:57,StoreBegin]
[2026-08-24 20:47:23.114643][UC][I] ShardMetadata StoreBegin: key already exists. [16689,16703][metadata.cc:57,StoreBegin]
[2026-08-24 20:47:23.114647][UC][I] ShardMetadata StoreBegin: key already exists. [16689,16703][metadata.cc:57,StoreBegin]
[2026-08-24 20:47:23.114650][UC][I] ShardMetadata StoreBegin: key already exists. [16689,16703][metadata.cc:57,StoreBegin]
[2026-08-24 20:47:23.114655][UC][I] ShardMetadata StoreBegin: key already exists. [16689,16703][metadata.cc:57,StoreBegin]
[2026-08-24 20:47:23.114659][UC][I] ShardMetadata StoreBegin: key already exists. [16689,16703][metadata.cc:57,StoreBegin]
[2026-08-24 20:47:23.114662][UC][I] ShardMetadata StoreBegin: key already exists. [16689,16703][metadata.cc:57,StoreBegin]
[2026-08-24 20:47:23.114665][UC][I] ShardMetadata StoreBegin: key already exists. [16689,16703][metadata.cc:57,StoreBegin]
[2026-08-24 20:47:23.114668][UC][I] ShardMetadata StoreBegin: key already exists. [16689,16703][metadata.cc:57,StoreBegin]
[2026-08-24 20:47:23.114674][UC][I] ShardMetadata StoreBegin: key already exists. [16689,16703][metadata.cc:57,StoreBegin]
[2026-08-24 20:47:23.114678][UC][I] ShardMetadata StoreBegin: key already exists. [16689,16703][metadata.cc:57,StoreBegin]
[2026-08-24 20:47:23.114682][UC][I] ShardMetadata StoreBegin: key already exists. [16689,16703][metadata.cc:57,StoreBegin]
[2026-08-24 20:47:23.114687][UC][I] ShardMetadata StoreBegin: key already exists. [16689,16703][metadata.cc:57,StoreBegin]
[2026-08-24 20:47:23.114690][UC][I] ShardMetadata StoreBegin: key already exists. [16689,16703][metadata.cc:57,StoreBegin]
[2026-08-24 20:47:23.114693][UC][I] ShardMetadata StoreBegin: key already exists. [16689,16703][metadata.cc:57,StoreBegin]
[2026-08-24 20:47:23.114697][UC][I] ShardMetadata StoreBegin: key already exists. [16689,16703][metadata.cc:57,StoreBegin]
[2026-08-24 20:47:23.114702][UC][I] ShardMetadata StoreBegin: key already exists. [16689,16703][metadata.cc:57,StoreBegin]
[2026-08-24 20:47:23.114706][UC][I] ShardMetadata StoreBegin: key already exists. [16689,16703][metadata.cc:57,StoreBegin]
[2026-08-24 20:47:23.114710][UC][I] ShardMetadata StoreBegin: key already exists. [16689,16703][metadata.cc:57,StoreBegin]
[2026-08-24 20:47:23.114715][UC][I] ShardMetadata StoreBegin: key already exists. [16689,16703][metadata.cc:57,StoreBegin]
[2026-08-24 20:47:23.114718][UC][I] ShardMetadata StoreBegin: key already exists. [16689,16703][metadata.cc:57,StoreBegin]
[2026-08-24 20:47:23.114721][UC][I] ShardMetadata StoreBegin: key already exists. [16689,16703][metadata.cc:57,StoreBegin]
[2026-08-24 20:47:23.114725][UC][I] ShardMetadata StoreBegin: key already exists. [16689,16703][metadata.cc:57,StoreBegin]
[2026-08-24 20:47:23.114729][UC][I] ShardMetadata StoreBegin: key already exists. [16689,16703][metadata.cc:57,StoreBegin]
[2026-08-24 20:47:23.114733][UC][I] ShardMetadata StoreBegin: key already exists. [16689,16703][metadata.cc:57,StoreBegin]
[2026-08-24 20:47:23.114746][UC][I] ShardMetadata StoreBegin: key already exists. [16689,16703][metadata.cc:57,StoreBegin]
[2026-08-24 20:47:23.114753][UC][I] ShardMetadata StoreBegin: key already exists. [16689,16703][metadata.cc:57,StoreBegin]
[2026-08-24 20:47:23.114761][UC][I] ShardMetadata StoreBegin: key already exists. [16689,16703][metadata.cc:57,StoreBegin]
[2026-08-24 20:47:23.114764][UC][I] ShardMetadata StoreBegin: key already exists. [16689,16703][metadata.cc:57,StoreBegin]
[2026-08-24 20:47:23.114767][UC][I] ShardMetadata StoreBegin: key already exists. [16689,16703][metadata.cc:57,StoreBegin]
[2026-08-24 20:47:23.114772][UC][I] ShardMetadata StoreBegin: key already exists. [16689,16703][metadata.cc:57,StoreBegin]
[2026-08-24 20:47:23.114776][UC][I] ShardMetadata StoreBegin: key already exists. [16689,16703][metadata.cc:57,StoreBegin]
[2026-08-24 20:47:23.114779][UC][I] ShardMetadata StoreBegin: key already exists. [16689,16703][metadata.cc:57,StoreBegin]
[2026-08-24 20:47:23.114782][UC][I] ShardMetadata StoreBegin: key already exists. [16689,16703][metadata.cc:57,StoreBegin]
[2026-08-24 20:47:23.114786][UC][I] ShardMetadata StoreBegin: key already exists. [16689,16703][metadata.cc:57,StoreBegin]
[2026-08-24 20:47:23.114790][UC][I] ShardMetadata StoreBegin: key already exists. [16689,16703][metadata.cc:57,StoreBegin]
[2026-08-24 20:47:23.114794][UC][I] ShardMetadata StoreBegin: key already exists. [16689,16703][metadata.cc:57,StoreBegin]
[2026-08-24 20:47:23.114799][UC][I] ShardMetadata StoreBegin: key already exists. [16689,16703][metadata.cc:57,StoreBegin]
[2026-08-24 20:47:23.114804][UC][I] ShardMetadata StoreBegin: key already exists. [16689,16703][metadata.cc:57,StoreBegin]
[2026-08-24 20:47:23.114807][UC][I] ShardMetadata StoreBegin: key already exists. [16689,16703][metadata.cc:57,StoreBegin]
[2026-08-24 20:47:23.114810][UC][I] ShardMetadata StoreBegin: key already exists. [16689,16703][metadata.cc:57,StoreBegin]
[2026-08-24 20:47:23.114815][UC][I] ShardMetadata StoreBegin: key already exists. [16689,16703][metadata.cc:57,StoreBegin]
[2026-08-24 20:47:23.114820][UC][I] ShardMetadata StoreBegin: key already exists. [16689,16703][metadata.cc:57,StoreBegin]
[2026-08-24 20:47:23.114823][UC][I] ShardMetadata StoreBegin: key already exists. [16689,16703][metadata.cc:57,StoreBegin]
[2026-08-24 20:47:23.114825][UC][I] ShardMetadata StoreBegin: key already exists. [16689,16703][metadata.cc:57,StoreBegin]
[2026-08-24 20:47:23.114829][UC][I] ShardMetadata StoreBegin: key already exists. [16689,16703][metadata.cc:57,StoreBegin]
[2026-08-24 20:47:23.114834][UC][I] ShardMetadata StoreBegin: key already exists. [16689,16703][metadata.cc:57,StoreBegin]
[2026-08-24 20:47:23.114838][UC][I] ShardMetadata StoreBegin: key already exists. [16689,16703][metadata.cc:57,StoreBegin]
[2026-08-24 20:47:23.114844][UC][I] ShardMetadata StoreBegin: key already exists. [16689,16703][metadata.cc:57,StoreBegin]
[2026-08-24 20:47:23.114848][UC][I] ShardMetadata StoreBegin: key already exists. [16689,16703][metadata.cc:57,StoreBegin]
[2026-08-24 20:47:23.114852][UC][I] ShardMetadata StoreBegin: key already exists. [16689,16703][metadata.cc:57,StoreBegin]
[2026-08-24 20:47:23.114855][UC][I] ShardMetadata StoreBegin: key already exists. [16689,16703][metadata.cc:57,StoreBegin]
[2026-08-24 20:47:23.114861][UC][I] ShardMetadata StoreBegin: key already exists. [16689,16703][metadata.cc:57,StoreBegin]
[2026-08-24 20:47:23.114865][UC][I] ShardMetadata StoreBegin: key already exists. [16689,16703][metadata.cc:57,StoreBegin]
[2026-08-24 20:47:23.114869][UC][I] ShardMetadata StoreBegin: key already exists. [16689,16703][metadata.cc:57,StoreBegin]
[2026-08-24 20:47:23.114871][UC][I] ShardMetadata StoreBegin: key already exists. [16689,16703][metadata.cc:57,StoreBegin]
[2026-08-24 20:47:23.114875][UC][I] ShardMetadata StoreBegin: key already exists. [16689,16703][metadata.cc:57,StoreBegin]
[2026-08-24 20:47:23.114880][UC][I] ShardMetadata StoreBegin: key already exists. [16689,16703][metadata.cc:57,StoreBegin]
[2026-08-24 20:47:23.114888][UC][I] ShardMetadata StoreBegin: key already exists. [16689,16703][metadata.cc:57,StoreBegin]
[2026-08-24 20:47:23.114892][UC][I] ShardMetadata StoreBegin: key already exists. [16689,16703][metadata.cc:57,StoreBegin]
[2026-08-24 20:47:23.114897][UC][I] ShardMetadata StoreBegin: key already exists. [16689,16703][metadata.cc:57,StoreBegin]
[2026-08-24 20:47:23.114904][UC][I] ShardMetadata StoreBegin: key already exists. [16689,16703][metadata.cc:57,StoreBegin]
[2026-08-24 20:47:23.114908][UC][I] ShardMetadata StoreBegin: key already exists. [16689,16703][metadata.cc:57,StoreBegin]
[2026-08-24 20:47:23.114911][UC][I] ShardMetadata StoreBegin: key already exists. [16689,16703][metadata.cc:57,StoreBegin]
[2026-08-24 20:47:23.114915][UC][I] ShardMetadata StoreBegin: key already exists. [16689,16703][metadata.cc:57,StoreBegin]
[2026-08-24 20:47:23.114920][UC][I] ShardMetadata StoreBegin: key already exists. [16689,16703][metadata.cc:57,StoreBegin]
[2026-08-24 20:47:23.114923][UC][I] ShardMetadata StoreBegin: key already exists. [16689,16703][metadata.cc:57,StoreBegin]
[2026-08-24 20:47:23.114926][UC][I] ShardMetadata StoreBegin: key already exists. [16689,16703][metadata.cc:57,StoreBegin]
[2026-08-24 20:47:23.114929][UC][I] ShardMetadata StoreBegin: key already exists. [16689,16703][metadata.cc:57,StoreBegin]
[2026-08-24 20:47:23.114934][UC][I] ShardMetadata StoreBegin: key already exists. [16689,16703][metadata.cc:57,StoreBegin]
[2026-08-24 20:47:23.114938][UC][I] ShardMetadata StoreBegin: key already exists. [16689,16703][metadata.cc:57,StoreBegin]
[2026-08-24 20:47:23.114943][UC][I] ShardMetadata StoreBegin: key already exists. [16689,16703][metadata.cc:57,StoreBegin]
[2026-08-24 20:47:23.114948][UC][I] ShardMetadata StoreBegin: key already exists. [16689,16703][metadata.cc:57,StoreBegin]
[2026-08-24 20:47:23.114951][UC][I] ShardMetadata StoreBegin: key already exists. [16689,16703][metadata.cc:57,StoreBegin]
[2026-08-24 20:47:23.114954][UC][I] ShardMetadata StoreBegin: key already exists. [16689,16703][metadata.cc:57,StoreBegin]
[2026-08-24 20:47:23.114960][UC][I] ShardMetadata StoreBegin: key already exists. [16689,16703][metadata.cc:57,StoreBegin]
[2026-08-24 20:47:23.114964][UC][I] ShardMetadata StoreBegin: key already exists. [16689,16703][metadata.cc:57,StoreBegin]
[2026-08-24 20:47:23.114967][UC][I] ShardMetadata StoreBegin: key already exists. [16689,16703][metadata.cc:57,StoreBegin]
[2026-08-24 20:47:23.114970][UC][I] ShardMetadata StoreBegin: key already exists. [16689,16703][metadata.cc:57,StoreBegin]
[2026-08-24 20:47:23.114974][UC][I] ShardMetadata StoreBegin: key already exists. [16689,16703][metadata.cc:57,StoreBegin]
[2026-08-24 20:47:23.114978][UC][I] ShardMetadata StoreBegin: key already exists. [16689,16703][metadata.cc:57,StoreBegin]
[2026-08-24 20:47:23.114982][UC][I] ShardMetadata StoreBegin: key already exists. [16689,16703][metadata.cc:57,StoreBegin]
[2026-08-24 20:47:23.114988][UC][I] ShardMetadata StoreBegin: key already exists. [16689,16703][metadata.cc:57,StoreBegin]
[2026-08-24 20:47:23.114993][UC][I] ShardMetadata StoreBegin: key already exists. [16689,16703][metadata.cc:57,StoreBegin]
[2026-08-24 20:47:23.114996][UC][I] ShardMetadata StoreBegin: key already exists. [16689,16703][metadata.cc:57,StoreBegin]
[2026-08-24 20:47:23.114998][UC][I] ShardMetadata StoreBegin: key already exists. [16689,16703][metadata.cc:57,StoreBegin]
[2026-08-24 20:47:23.115002][UC][I] ShardMetadata StoreBegin: key already exists. [16689,16703][metadata.cc:57,StoreBegin]
[2026-08-24 20:47:23.115007][UC][I] ShardMetadata StoreBegin: key already exists. [16689,16703][metadata.cc:57,StoreBegin]
[2026-08-24 20:47:23.115011][UC][I] ShardMetadata StoreBegin: key already exists. [16689,16703][metadata.cc:57,StoreBegin]
[HIXL_PERF] event=hccl_batch op=1 desc_num=1 hccl_us=73 status=0
[HIXL_PERF] event=issue_hccl_batch op=1 list_num=1 total_us=82
[HIXL_PERF] event=issue_async_host_flag op=1 list_num=1 context_us=1 hccl_issue_us=84 flag_memcpy_us=5 total_us=90
[HIXL_PERF] event=comm_channel_async op=1 list_num=1 mutex_wait_us=1 slot_us=0 host_flag_us=0 record_us=0 issue_us=93 total_us=94
[HIXL_PERF] event=adxl_inner_async op=1 list_num=1 context_us=1 connect_us=0 get_channel_us=0 channel_async_us=96 tail_us=1 total_us=98
[HIXL_PERF] event=comm_engine_async op=1 list_num=1 desc_build_us=0 inner_us=100 total_us=100 status=0
[2026-08-24 20:47:23.115179][UC][I] [PERF] component=transport event=transfer_submitted manager=127.0.0.1:8000 target=127.0.0.1:4501 handle=11 transport_handle=11 opcode=1 direct=2 segments=1 bytes=63 submitted_ts_us=1787575643115179 manager_execute_async_ts_us=1787575643115041 backend_execute_async_ts_us=1787575643115056 manager_to_backend_execute_async_us=15 submit_us=138 [16689,16702][transport_manager.cpp:674,ExecuteAsync]
[HIXL_QUERY_PERF] layer=comm_channel request=0xb mutex_wait_us=0 check_us=0 lookup_us=0 flag_check_us=0 complete_us=2 total_us=2 transfer_status=1
[HIXL_QUERY_PERF] layer=adxl_inner request=0xb context_us=1 req_lock_wait_us=0 lookup_us=1 channel_us=9 cleanup_us=0 total_us=11 status=0 transfer_status=1
[HIXL_QUERY_PERF] layer=comm_engine request=0xb total_us=14 status=0 transfer_status=1
[2026-08-24 20:47:23.115237][UC][I] [QUERY_PERF] component=ucm layer=hixl_instance request=0xb queue_wait_us=10 backend_us=17 run_post_us=10 total_us=37 api_status=0 transfer_status=1 [16689,16702][hixl_instance.cpp:342,GetTransferStatus]
[2026-08-24 20:47:23.115245][UC][I] [QUERY_PERF] component=ucm layer=hixl_transport handle=11 request=0xb lifecycle_lock_us=0 pending_lock_wait_us=0 pending_lookup_us=0 instance_us=45 erase_us=0 total_us=45 transfer_status=1 [16689,16702][hixl_transport.cpp:734,GetStatus]
[2026-08-24 20:47:23.115249][UC][I] [QUERY_PERF] component=ucm layer=transport_manager handle=11 transport_handle=11 transfers_lock_wait_us=0 lookup_us=1 transport_us=50 total_us=51 api_status=0 transfer_status=1 [16689,16702][transport_manager.cpp:716,GetStatus]
[2026-08-24 20:47:23.115254][UC][I] [PERF] component=transport event=transfer_done manager=127.0.0.1:8000 target=127.0.0.1:4501 handle=11 transport_handle=11 opcode=1 direct=2 segments=1 bytes=63 status=1 api_status=0 submitted_ts_us=1787575643115179 completed_ts_us=1787575643115253 manager_get_status_ts_us=1787575643115198 backend_query_ts_us=1787575643115210 submit_us=138 transfer_us=74 manager_to_backend_query_us=11 total_us=212 [16689,16702][transport_manager.cpp:727,GetStatus]
[2026-08-24 20:47:23.115261][UC][I] [PERF] component=drampool event=request_done request_id=2 opcode=1 peer=127.0.0.1:4501 batch_size=108 data_bytes=0 failed_items=0 status=SUCCESS failed_stage=NONE received_ts_us=1787575643114403 worker_started_ts_us=1787575643114523 data_transfer_submitted_ts_us=0 data_transfer_completed_ts_us=0 response_submitted_ts_us=1787575643115197 completed_ts_us=1787575643115259 data_tm_execute_async_ts_us=0 data_hixl_execute_async_ts_us=0 data_tm_get_status_ts_us=0 data_hixl_query_handle_ts_us=0 response_tm_execute_async_ts_us=1787575643115041 response_hixl_execute_async_ts_us=1787575643115056 response_tm_get_status_ts_us=1787575643115198 response_hixl_query_handle_ts_us=1787575643115210 request_queue_us=120 metadata_prepare_us=491 taskworker_prepare_us=494 poller_queue_us=22 data_transfer_us=0 metadata_settle_us=0 response_slot_wait_us=23 response_submit_us=159 response_transfer_us=60 data_tm_to_hixl_execute_async_us=0 data_tm_to_hixl_query_handle_us=0 response_tm_to_hixl_execute_async_us=15 response_tm_to_hixl_query_handle_us=11 total_us=856 [16689,16702][completion_poller.cc:56,LogRequestDone]
[HIXL_PERF] event=hccl_batch op=1 desc_num=108 hccl_us=458 status=0
[HIXL_PERF] event=issue_hccl_batch op=1 list_num=108 total_us=494
[HIXL_PERF] event=issue_async_host_flag op=1 list_num=108 context_us=1 hccl_issue_us=499 flag_memcpy_us=9 total_us=509
[HIXL_PERF] event=comm_channel_async op=1 list_num=108 mutex_wait_us=1 slot_us=1262 host_flag_us=13 record_us=2 issue_us=515 total_us=1793
[HIXL_PERF] event=adxl_inner_async op=1 list_num=108 context_us=5 connect_us=0 get_channel_us=3 channel_async_us=1797 tail_us=1 total_us=1806
[HIXL_PERF] event=comm_engine_async op=1 list_num=108 desc_build_us=1 inner_us=1812 total_us=1813 status=0
[2026-08-24 20:47:23.119824][UC][I] [PERF] component=transport event=transfer_submitted manager=127.0.0.1:8000 target=127.0.0.1:4502 handle=12 transport_handle=12 opcode=1 direct=2 segments=108 bytes=7962624 submitted_ts_us=1787575643119823 manager_execute_async_ts_us=1787575643117939 backend_execute_async_ts_us=1787575643117971 manager_to_backend_execute_async_us=32 submit_us=1881 [16689,16703][transport_manager.cpp:674,ExecuteAsync]
[HIXL_PERF] event=hccl_batch op=1 desc_num=108 hccl_us=122 status=0
[HIXL_PERF] event=issue_hccl_batch op=1 list_num=108 total_us=137
[HIXL_PERF] event=issue_async_host_flag op=1 list_num=108 context_us=1 hccl_issue_us=140 flag_memcpy_us=5 total_us=146
[HIXL_PERF] event=comm_channel_async op=1 list_num=108 mutex_wait_us=0 slot_us=1 host_flag_us=8 record_us=0 issue_us=151 total_us=160
[HIXL_PERF] event=adxl_inner_async op=1 list_num=108 context_us=1 connect_us=0 get_channel_us=1 channel_async_us=163 tail_us=1 total_us=166
[HIXL_PERF] event=comm_engine_async op=1 list_num=108 desc_build_us=1 inner_us=168 total_us=169 status=0
[HIXL_QUERY_PERF] layer=comm_channel request=0x1 mutex_wait_us=0 check_us=0 lookup_us=1 flag_check_us=1 complete_us=0 total_us=2 transfer_status=0
[2026-08-24 20:47:23.120077][UC][I] [PERF] component=transport event=transfer_submitted manager=127.0.0.1:8000 target=127.0.0.1:4502 handle=13 transport_handle=13 opcode=1 direct=2 segments=108 bytes=7962624 submitted_ts_us=1787575643120075 manager_execute_async_ts_us=1787575643119858 backend_execute_async_ts_us=1787575643119884 manager_to_backend_execute_async_us=26 submit_us=216 [16689,16703][transport_manager.cpp:674,ExecuteAsync]
[HIXL_QUERY_PERF] layer=adxl_inner request=0x1 context_us=0 req_lock_wait_us=1 lookup_us=0 channel_us=12 cleanup_us=1 total_us=14 status=0 transfer_status=0
[HIXL_QUERY_PERF] layer=comm_engine request=0x1 total_us=28 status=0 transfer_status=0
[2026-08-24 20:47:23.120116][UC][I] [QUERY_PERF] component=ucm layer=hixl_instance request=0x1 queue_wait_us=74 backend_us=33 run_post_us=14 total_us=121 api_status=0 transfer_status=0 [16689,16702][hixl_instance.cpp:342,GetTransferStatus]
[2026-08-24 20:47:23.120126][UC][I] [QUERY_PERF] component=ucm layer=hixl_transport handle=12 request=0x1 lifecycle_lock_us=0 pending_lock_wait_us=0 pending_lookup_us=1 instance_us=131 erase_us=0 total_us=132 transfer_status=0 [16689,16702][hixl_transport.cpp:734,GetStatus]
[2026-08-24 20:47:23.120131][UC][I] [QUERY_PERF] component=ucm layer=transport_manager handle=12 transport_handle=12 transfers_lock_wait_us=1 lookup_us=0 transport_us=137 total_us=138 api_status=0 transfer_status=0 [16689,16702][transport_manager.cpp:716,GetStatus]
[HIXL_PERF] event=hccl_batch op=1 desc_num=108 hccl_us=91 status=0
[HIXL_PERF] event=issue_hccl_batch op=1 list_num=108 total_us=103
[HIXL_PERF] event=issue_async_host_flag op=1 list_num=108 context_us=1 hccl_issue_us=105 flag_memcpy_us=4 total_us=110
[HIXL_PERF] event=comm_channel_async op=1 list_num=108 mutex_wait_us=0 slot_us=0 host_flag_us=6 record_us=0 issue_us=115 total_us=121
[HIXL_PERF] event=adxl_inner_async op=1 list_num=108 context_us=1 connect_us=0 get_channel_us=0 channel_async_us=125 tail_us=0 total_us=126
[HIXL_PERF] event=comm_engine_async op=1 list_num=108 desc_build_us=0 inner_us=129 total_us=129 status=0
[HIXL_QUERY_PERF] layer=comm_channel request=0x1 mutex_wait_us=0 check_us=0 lookup_us=1 flag_check_us=0 complete_us=0 total_us=1 transfer_status=0
[HIXL_QUERY_PERF] layer=adxl_inner request=0x1 context_us=1 req_lock_wait_us=0 lookup_us=0 channel_us=7 cleanup_us=0 total_us=8 status=0 transfer_status=0
[2026-08-24 20:47:23.120281][UC][I] [PERF] component=transport event=transfer_submitted manager=127.0.0.1:8000 target=127.0.0.1:4502 handle=14 transport_handle=14 opcode=1 direct=2 segments=108 bytes=7962624 submitted_ts_us=1787575643120280 manager_execute_async_ts_us=1787575643120113 backend_execute_async_ts_us=1787575643120131 manager_to_backend_execute_async_us=18 submit_us=164 [16689,16703][transport_manager.cpp:674,ExecuteAsync]
[HIXL_QUERY_PERF] layer=comm_engine request=0x1 total_us=15 status=0 transfer_status=0
[2026-08-24 20:47:23.120314][UC][I] [QUERY_PERF] component=ucm layer=hixl_instance request=0x1 queue_wait_us=128 backend_us=28 run_post_us=12 total_us=168 api_status=0 transfer_status=0 [16689,16702][hixl_instance.cpp:342,GetTransferStatus]
[2026-08-24 20:47:23.120327][UC][I] [QUERY_PERF] component=ucm layer=hixl_transport handle=12 request=0x1 lifecycle_lock_us=0 pending_lock_wait_us=0 pending_lookup_us=1 instance_us=182 erase_us=0 total_us=183 transfer_status=0 [16689,16702][hixl_transport.cpp:734,GetStatus]
[2026-08-24 20:47:23.120332][UC][I] [QUERY_PERF] component=ucm layer=transport_manager handle=12 transport_handle=12 transfers_lock_wait_us=0 lookup_us=0 transport_us=188 total_us=188 api_status=0 transfer_status=0 [16689,16702][transport_manager.cpp:716,GetStatus]
[HIXL_PERF] event=hccl_batch op=1 desc_num=108 hccl_us=86 status=0
[HIXL_PERF] event=issue_hccl_batch op=1 list_num=108 total_us=98
[HIXL_PERF] event=issue_async_host_flag op=1 list_num=108 context_us=0 hccl_issue_us=100 flag_memcpy_us=5 total_us=105
[HIXL_PERF] event=comm_channel_async op=1 list_num=108 mutex_wait_us=0 slot_us=0 host_flag_us=5 record_us=0 issue_us=109 total_us=114
[HIXL_PERF] event=adxl_inner_async op=1 list_num=108 context_us=0 connect_us=0 get_channel_us=0 channel_async_us=118 tail_us=0 total_us=118
[HIXL_PERF] event=comm_engine_async op=1 list_num=108 desc_build_us=1 inner_us=120 total_us=121 status=0
[HIXL_QUERY_PERF] layer=comm_channel request=0x2 mutex_wait_us=0 check_us=0 lookup_us=0 flag_check_us=0 complete_us=0 total_us=0 transfer_status=0
[HIXL_QUERY_PERF] layer=adxl_inner request=0x2 context_us=0 req_lock_wait_us=0 lookup_us=1 channel_us=7 cleanup_us=0 total_us=8 status=0 transfer_status=0
[2026-08-24 20:47:23.120473][UC][I] [PERF] component=transport event=transfer_submitted manager=127.0.0.1:8000 target=127.0.0.1:4502 handle=15 transport_handle=15 opcode=1 direct=2 segments=108 bytes=7962624 submitted_ts_us=1787575643120472 manager_execute_async_ts_us=1787575643120316 backend_execute_async_ts_us=1787575643120332 manager_to_backend_execute_async_us=16 submit_us=156 [16689,16703][transport_manager.cpp:674,ExecuteAsync]
[HIXL_QUERY_PERF] layer=comm_engine request=0x2 total_us=15 status=0 transfer_status=0
[2026-08-24 20:47:23.120505][UC][I] [QUERY_PERF] component=ucm layer=hixl_instance request=0x2 queue_wait_us=128 backend_us=28 run_post_us=12 total_us=168 api_status=0 transfer_status=0 [16689,16702][hixl_instance.cpp:342,GetTransferStatus]
[2026-08-24 20:47:23.120515][UC][I] [QUERY_PERF] component=ucm layer=hixl_transport handle=13 request=0x2 lifecycle_lock_us=0 pending_lock_wait_us=0 pending_lookup_us=1 instance_us=178 erase_us=0 total_us=179 transfer_status=0 [16689,16702][hixl_transport.cpp:734,GetStatus]
[2026-08-24 20:47:23.120520][UC][I] [QUERY_PERF] component=ucm layer=transport_manager handle=13 transport_handle=13 transfers_lock_wait_us=0 lookup_us=0 transport_us=183 total_us=183 api_status=0 transfer_status=0 [16689,16702][transport_manager.cpp:716,GetStatus]
[HIXL_PERF] event=hccl_batch op=1 desc_num=108 hccl_us=85 status=0
[HIXL_PERF] event=issue_hccl_batch op=1 list_num=108 total_us=97
[HIXL_PERF] event=issue_async_host_flag op=1 list_num=108 context_us=1 hccl_issue_us=99 flag_memcpy_us=5 total_us=105
[HIXL_PERF] event=comm_channel_async op=1 list_num=108 mutex_wait_us=0 slot_us=0 host_flag_us=4 record_us=0 issue_us=109 total_us=113
[HIXL_PERF] event=adxl_inner_async op=1 list_num=108 context_us=0 connect_us=0 get_channel_us=0 channel_async_us=117 tail_us=0 total_us=117
[HIXL_PERF] event=comm_engine_async op=1 list_num=108 desc_build_us=0 inner_us=121 total_us=121 status=0
[HIXL_QUERY_PERF] layer=comm_channel request=0x1 mutex_wait_us=0 check_us=0 lookup_us=0 flag_check_us=0 complete_us=0 total_us=0 transfer_status=0
[HIXL_QUERY_PERF] layer=adxl_inner request=0x1 context_us=1 req_lock_wait_us=0 lookup_us=0 channel_us=8 cleanup_us=0 total_us=9 status=0 transfer_status=0
[2026-08-24 20:47:23.120666][UC][I] [PERF] component=transport event=transfer_submitted manager=127.0.0.1:8000 target=127.0.0.1:4502 handle=16 transport_handle=16 opcode=1 direct=2 segments=108 bytes=7962624 submitted_ts_us=1787575643120665 manager_execute_async_ts_us=1787575643120506 backend_execute_async_ts_us=1787575643120524 manager_to_backend_execute_async_us=17 submit_us=156 [16689,16703][transport_manager.cpp:674,ExecuteAsync]
[HIXL_QUERY_PERF] layer=comm_engine request=0x1 total_us=18 status=0 transfer_status=0
[2026-08-24 20:47:23.120705][UC][I] [QUERY_PERF] component=ucm layer=hixl_instance request=0x1 queue_wait_us=133 backend_us=35 run_post_us=11 total_us=179 api_status=0 transfer_status=0 [16689,16702][hixl_instance.cpp:342,GetTransferStatus]
[2026-08-24 20:47:23.120715][UC][I] [QUERY_PERF] component=ucm layer=hixl_transport handle=12 request=0x1 lifecycle_lock_us=0 pending_lock_wait_us=0 pending_lookup_us=0 instance_us=190 erase_us=0 total_us=190 transfer_status=0 [16689,16702][hixl_transport.cpp:734,GetStatus]
[2026-08-24 20:47:23.120720][UC][I] [QUERY_PERF] component=ucm layer=transport_manager handle=12 transport_handle=12 transfers_lock_wait_us=0 lookup_us=0 transport_us=194 total_us=194 api_status=0 transfer_status=0 [16689,16702][transport_manager.cpp:716,GetStatus]
[HIXL_PERF] event=hccl_batch op=1 desc_num=108 hccl_us=81 status=0
[HIXL_PERF] event=issue_hccl_batch op=1 list_num=108 total_us=93
[HIXL_PERF] event=issue_async_host_flag op=1 list_num=108 context_us=1 hccl_issue_us=95 flag_memcpy_us=4 total_us=100
[HIXL_PERF] event=comm_channel_async op=1 list_num=108 mutex_wait_us=0 slot_us=0 host_flag_us=4 record_us=0 issue_us=105 total_us=109
[HIXL_PERF] event=adxl_inner_async op=1 list_num=108 context_us=1 connect_us=0 get_channel_us=0 channel_async_us=113 tail_us=1 total_us=115
[HIXL_PERF] event=comm_engine_async op=1 list_num=108 desc_build_us=0 inner_us=119 total_us=119 status=0
[HIXL_QUERY_PERF] layer=comm_channel request=0x2 mutex_wait_us=0 check_us=0 lookup_us=1 flag_check_us=0 complete_us=0 total_us=1 transfer_status=0
[HIXL_QUERY_PERF] layer=adxl_inner request=0x2 context_us=1 req_lock_wait_us=0 lookup_us=0 channel_us=4 cleanup_us=0 total_us=5 status=0 transfer_status=0
[HIXL_QUERY_PERF] layer=comm_engine request=0x2 total_us=8 status=0 transfer_status=0
[2026-08-24 20:47:23.120860][UC][I] [PERF] component=transport event=transfer_submitted manager=127.0.0.1:8000 target=127.0.0.1:4502 handle=17 transport_handle=17 opcode=1 direct=2 segments=108 bytes=7962624 submitted_ts_us=1787575643120859 manager_execute_async_ts_us=1787575643120705 backend_execute_async_ts_us=1787575643120721 manager_to_backend_execute_async_us=16 submit_us=153 [16689,16703][transport_manager.cpp:674,ExecuteAsync]
[2026-08-24 20:47:23.120880][UC][I] [QUERY_PERF] component=ucm layer=hixl_instance request=0x2 queue_wait_us=129 backend_us=15 run_post_us=12 total_us=156 api_status=0 transfer_status=0 [16689,16702][hixl_instance.cpp:342,GetTransferStatus]
[2026-08-24 20:47:23.120886][UC][I] [QUERY_PERF] component=ucm layer=hixl_transport handle=13 request=0x2 lifecycle_lock_us=0 pending_lock_wait_us=0 pending_lookup_us=1 instance_us=162 erase_us=0 total_us=163 transfer_status=0 [16689,16702][hixl_transport.cpp:734,GetStatus]
[2026-08-24 20:47:23.120889][UC][I] [QUERY_PERF] component=ucm layer=transport_manager handle=13 transport_handle=13 transfers_lock_wait_us=0 lookup_us=0 transport_us=166 total_us=166 api_status=0 transfer_status=0 [16689,16702][transport_manager.cpp:716,GetStatus]
[HIXL_QUERY_PERF] layer=comm_channel request=0x3 mutex_wait_us=1 check_us=0 lookup_us=0 flag_check_us=0 complete_us=0 total_us=1 transfer_status=0
[HIXL_QUERY_PERF] layer=adxl_inner request=0x3 context_us=1 req_lock_wait_us=0 lookup_us=0 channel_us=9 cleanup_us=0 total_us=10 status=0 transfer_status=0
[HIXL_QUERY_PERF] layer=comm_engine request=0x3 total_us=14 status=0 transfer_status=0
[2026-08-24 20:47:23.120935][UC][I] [QUERY_PERF] component=ucm layer=hixl_instance request=0x3 queue_wait_us=13 backend_us=18 run_post_us=10 total_us=41 api_status=0 transfer_status=0 [16689,16702][hixl_instance.cpp:342,GetTransferStatus]
[2026-08-24 20:47:23.120944][UC][I] [QUERY_PERF] component=ucm layer=hixl_transport handle=14 request=0x3 lifecycle_lock_us=0 pending_lock_wait_us=0 pending_lookup_us=0 instance_us=50 erase_us=0 total_us=50 transfer_status=0 [16689,16702][hixl_transport.cpp:734,GetStatus]
[2026-08-24 20:47:23.120949][UC][I] [QUERY_PERF] component=ucm layer=transport_manager handle=14 transport_handle=14 transfers_lock_wait_us=1 lookup_us=0 transport_us=56 total_us=57 api_status=0 transfer_status=0 [16689,16702][transport_manager.cpp:716,GetStatus]
[HIXL_QUERY_PERF] layer=comm_channel request=0x4 mutex_wait_us=0 check_us=0 lookup_us=1 flag_check_us=0 complete_us=0 total_us=1 transfer_status=0
[HIXL_QUERY_PERF] layer=adxl_inner request=0x4 context_us=1 req_lock_wait_us=0 lookup_us=0 channel_us=11 cleanup_us=0 total_us=12 status=0 transfer_status=0
[HIXL_QUERY_PERF] layer=comm_engine request=0x4 total_us=17 status=0 transfer_status=0
[2026-08-24 20:47:23.120997][UC][I] [QUERY_PERF] component=ucm layer=hixl_instance request=0x4 queue_wait_us=11 backend_us=21 run_post_us=10 total_us=42 api_status=0 transfer_status=0 [16689,16702][hixl_instance.cpp:342,GetTransferStatus]
[2026-08-24 20:47:23.121005][UC][I] [QUERY_PERF] component=ucm layer=hixl_transport handle=15 request=0x4 lifecycle_lock_us=0 pending_lock_wait_us=0 pending_lookup_us=1 instance_us=51 erase_us=0 total_us=52 transfer_status=0 [16689,16702][hixl_transport.cpp:734,GetStatus]
[2026-08-24 20:47:23.121008][UC][I] [QUERY_PERF] component=ucm layer=transport_manager handle=15 transport_handle=15 transfers_lock_wait_us=0 lookup_us=0 transport_us=55 total_us=55 api_status=0 transfer_status=0 [16689,16702][transport_manager.cpp:716,GetStatus]
[HIXL_QUERY_PERF] layer=comm_channel request=0x1 mutex_wait_us=0 check_us=0 lookup_us=0 flag_check_us=0 complete_us=0 total_us=0 transfer_status=0
[HIXL_QUERY_PERF] layer=adxl_inner request=0x1 context_us=1 req_lock_wait_us=0 lookup_us=1 channel_us=10 cleanup_us=0 total_us=12 status=0 transfer_status=0
[HIXL_QUERY_PERF] layer=comm_engine request=0x1 total_us=15 status=0 transfer_status=0
[2026-08-24 20:47:23.121053][UC][I] [QUERY_PERF] component=ucm layer=hixl_instance request=0x1 queue_wait_us=12 backend_us=17 run_post_us=11 total_us=40 api_status=0 transfer_status=0 [16689,16702][hixl_instance.cpp:342,GetTransferStatus]
[2026-08-24 20:47:23.121063][UC][I] [QUERY_PERF] component=ucm layer=hixl_transport handle=12 request=0x1 lifecycle_lock_us=0 pending_lock_wait_us=0 pending_lookup_us=0 instance_us=49 erase_us=0 total_us=49 transfer_status=0 [16689,16702][hixl_transport.cpp:734,GetStatus]
[2026-08-24 20:47:23.121066][UC][I] [QUERY_PERF] component=ucm layer=transport_manager handle=12 transport_handle=12 transfers_lock_wait_us=0 lookup_us=1 transport_us=53 total_us=54 api_status=0 transfer_status=0 [16689,16702][transport_manager.cpp:716,GetStatus]
[HIXL_PERF] event=hccl_batch op=1 desc_num=108 hccl_us=141 status=0
[HIXL_PERF] event=issue_hccl_batch op=1 list_num=108 total_us=163
[HIXL_QUERY_PERF] layer=comm_channel request=0x2 mutex_wait_us=0 check_us=0 lookup_us=0 flag_check_us=0 complete_us=0 total_us=0 transfer_status=0
[HIXL_QUERY_PERF] layer=adxl_inner request=0x2 context_us=1 req_lock_wait_us=0 lookup_us=1 channel_us=25 cleanup_us=0 total_us=27 status=0 transfer_status=0
[HIXL_QUERY_PERF] layer=comm_engine request=0x2 total_us=32 status=0 transfer_status=0
[HIXL_PERF] event=issue_async_host_flag op=1 list_num=108 context_us=1 hccl_issue_us=168 flag_memcpy_us=7 total_us=176
[2026-08-24 20:47:23.121131][UC][I] [QUERY_PERF] component=ucm layer=hixl_instance request=0x2 queue_wait_us=12 backend_us=38 run_post_us=11 total_us=61 api_status=0 transfer_status=0 [16689,16702][hixl_instance.cpp:342,GetTransferStatus]
[HIXL_PERF] event=comm_channel_async op=1 list_num=108 mutex_wait_us=0 slot_us=0 host_flag_us=0 record_us=1 issue_us=210 total_us=211
[2026-08-24 20:47:23.121143][UC][I] [QUERY_PERF] component=ucm layer=hixl_transport handle=13 request=0x2 lifecycle_lock_us=0 pending_lock_wait_us=0 pending_lookup_us=0 instance_us=73 erase_us=0 total_us=73 transfer_status=0 [16689,16702][hixl_transport.cpp:734,GetStatus]
[HIXL_PERF] event=adxl_inner_async op=1 list_num=108 context_us=2 connect_us=0 get_channel_us=0 channel_async_us=223 tail_us=1 total_us=226
[2026-08-24 20:47:23.121154][UC][I] [QUERY_PERF] component=ucm layer=transport_manager handle=13 transport_handle=13 transfers_lock_wait_us=0 lookup_us=0 transport_us=84 total_us=84 api_status=0 transfer_status=0 [16689,16702][transport_manager.cpp:716,GetStatus]
[HIXL_PERF] event=comm_engine_async op=1 list_num=108 desc_build_us=3 inner_us=239 total_us=242 status=0
[HIXL_QUERY_PERF] layer=comm_channel request=0x3 mutex_wait_us=0 check_us=0 lookup_us=0 flag_check_us=0 complete_us=0 total_us=0 transfer_status=0
[2026-08-24 20:47:23.121190][UC][I] [PERF] component=transport event=transfer_submitted manager=127.0.0.1:8000 target=127.0.0.1:4501 handle=18 transport_handle=18 opcode=1 direct=2 segments=108 bytes=7962624 submitted_ts_us=1787575643121188 manager_execute_async_ts_us=1787575643120899 backend_execute_async_ts_us=1787575643120918 manager_to_backend_execute_async_us=18 submit_us=286 [16689,16703][transport_manager.cpp:674,ExecuteAsync]
[HIXL_QUERY_PERF] layer=adxl_inner request=0x3 context_us=1 req_lock_wait_us=0 lookup_us=1 channel_us=12 cleanup_us=0 total_us=14 status=0 transfer_status=0
[HIXL_QUERY_PERF] layer=comm_engine request=0x3 total_us=30 status=0 transfer_status=0
[2026-08-24 20:47:23.121228][UC][I] [QUERY_PERF] component=ucm layer=hixl_instance request=0x3 queue_wait_us=12 backend_us=35 run_post_us=11 total_us=58 api_status=0 transfer_status=0 [16689,16702][hixl_instance.cpp:342,GetTransferStatus]
[2026-08-24 20:47:23.121241][UC][I] [QUERY_PERF] component=ucm layer=hixl_transport handle=14 request=0x3 lifecycle_lock_us=0 pending_lock_wait_us=0 pending_lookup_us=0 instance_us=71 erase_us=0 total_us=71 transfer_status=0 [16689,16702][hixl_transport.cpp:734,GetStatus]
[2026-08-24 20:47:23.121245][UC][I] [QUERY_PERF] component=ucm layer=transport_manager handle=14 transport_handle=14 transfers_lock_wait_us=0 lookup_us=0 transport_us=75 total_us=75 api_status=0 transfer_status=0 [16689,16702][transport_manager.cpp:716,GetStatus]
[HIXL_QUERY_PERF] layer=comm_channel request=0x4 mutex_wait_us=0 check_us=0 lookup_us=0 flag_check_us=0 complete_us=0 total_us=0 transfer_status=0
[HIXL_QUERY_PERF] layer=adxl_inner request=0x4 context_us=1 req_lock_wait_us=0 lookup_us=0 channel_us=11 cleanup_us=0 total_us=12 status=0 transfer_status=0
[HIXL_QUERY_PERF] layer=comm_engine request=0x4 total_us=15 status=0 transfer_status=0
[2026-08-24 20:47:23.121292][UC][I] [QUERY_PERF] component=ucm layer=hixl_instance request=0x4 queue_wait_us=12 backend_us=19 run_post_us=10 total_us=41 api_status=0 transfer_status=0 [16689,16702][hixl_instance.cpp:342,GetTransferStatus]
[2026-08-24 20:47:23.121304][UC][I] [QUERY_PERF] component=ucm layer=hixl_transport handle=15 request=0x4 lifecycle_lock_us=0 pending_lock_wait_us=0 pending_lookup_us=0 instance_us=53 erase_us=0 total_us=53 transfer_status=0 [16689,16702][hixl_transport.cpp:734,GetStatus]
[2026-08-24 20:47:23.121308][UC][I] [QUERY_PERF] component=ucm layer=transport_manager handle=15 transport_handle=15 transfers_lock_wait_us=0 lookup_us=0 transport_us=58 total_us=58 api_status=0 transfer_status=0 [16689,16702][transport_manager.cpp:716,GetStatus]
[HIXL_QUERY_PERF] layer=comm_channel request=0x5 mutex_wait_us=0 check_us=0 lookup_us=0 flag_check_us=0 complete_us=0 total_us=0 transfer_status=0
[HIXL_QUERY_PERF] layer=adxl_inner request=0x5 context_us=1 req_lock_wait_us=0 lookup_us=1 channel_us=10 cleanup_us=0 total_us=12 status=0 transfer_status=0
[HIXL_QUERY_PERF] layer=comm_engine request=0x5 total_us=15 status=0 transfer_status=0
[2026-08-24 20:47:23.121353][UC][I] [QUERY_PERF] component=ucm layer=hixl_instance request=0x5 queue_wait_us=12 backend_us=17 run_post_us=10 total_us=39 api_status=0 transfer_status=0 [16689,16702][hixl_instance.cpp:342,GetTransferStatus]
[2026-08-24 20:47:23.121366][UC][I] [QUERY_PERF] component=ucm layer=hixl_transport handle=16 request=0x5 lifecycle_lock_us=0 pending_lock_wait_us=0 pending_lookup_us=0 instance_us=52 erase_us=0 total_us=52 transfer_status=0 [16689,16702][hixl_transport.cpp:734,GetStatus]
[2026-08-24 20:47:23.121370][UC][I] [QUERY_PERF] component=ucm layer=transport_manager handle=16 transport_handle=16 transfers_lock_wait_us=0 lookup_us=1 transport_us=57 total_us=58 api_status=0 transfer_status=0 [16689,16702][transport_manager.cpp:716,GetStatus]
[HIXL_PERF] event=hccl_batch op=1 desc_num=108 hccl_us=106 status=0
[HIXL_PERF] event=issue_hccl_batch op=1 list_num=108 total_us=115
[HIXL_PERF] event=issue_async_host_flag op=1 list_num=108 context_us=1 hccl_issue_us=117 flag_memcpy_us=5 total_us=123
[HIXL_PERF] event=comm_channel_async op=1 list_num=108 mutex_wait_us=0 slot_us=1 host_flag_us=18 record_us=0 issue_us=126 total_us=145
[HIXL_PERF] event=adxl_inner_async op=1 list_num=108 context_us=1 connect_us=0 get_channel_us=1 channel_async_us=153 tail_us=0 total_us=155
[HIXL_PERF] event=comm_engine_async op=1 list_num=108 desc_build_us=1 inner_us=158 total_us=159 status=0
[HIXL_QUERY_PERF] layer=comm_channel request=0x6 mutex_wait_us=0 check_us=0 lookup_us=0 flag_check_us=0 complete_us=0 total_us=0 transfer_status=0
[HIXL_QUERY_PERF] layer=adxl_inner request=0x6 context_us=1 req_lock_wait_us=0 lookup_us=0 channel_us=23 cleanup_us=0 total_us=24 status=0 transfer_status=0
[HIXL_QUERY_PERF] layer=comm_engine request=0x6 total_us=30 status=0 transfer_status=0
[2026-08-24 20:47:23.121423][UC][I] [PERF] component=transport event=transfer_submitted manager=127.0.0.1:8000 target=127.0.0.1:4501 handle=19 transport_handle=19 opcode=1 direct=2 segments=108 bytes=7962624 submitted_ts_us=1787575643121421 manager_execute_async_ts_us=1787575643121230 backend_execute_async_ts_us=1787575643121244 manager_to_backend_execute_async_us=14 submit_us=191 [16689,16703][transport_manager.cpp:674,ExecuteAsync]
[2026-08-24 20:47:23.121442][UC][I] [QUERY_PERF] component=ucm layer=hixl_instance request=0x6 queue_wait_us=12 backend_us=38 run_post_us=12 total_us=62 api_status=0 transfer_status=0 [16689,16702][hixl_instance.cpp:342,GetTransferStatus]
[2026-08-24 20:47:23.121450][UC][I] [QUERY_PERF] component=ucm layer=hixl_transport handle=17 request=0x6 lifecycle_lock_us=0 pending_lock_wait_us=0 pending_lookup_us=0 instance_us=70 erase_us=0 total_us=70 transfer_status=0 [16689,16702][hixl_transport.cpp:734,GetStatus]
[2026-08-24 20:47:23.121455][UC][I] [QUERY_PERF] component=ucm layer=transport_manager handle=17 transport_handle=17 transfers_lock_wait_us=0 lookup_us=0 transport_us=76 total_us=76 api_status=0 transfer_status=0 [16689,16702][transport_manager.cpp:716,GetStatus]
[HIXL_QUERY_PERF] layer=comm_channel request=0x1 mutex_wait_us=0 check_us=0 lookup_us=0 flag_check_us=0 complete_us=0 total_us=0 transfer_status=0
[HIXL_QUERY_PERF] layer=adxl_inner request=0x1 context_us=1 req_lock_wait_us=0 lookup_us=1 channel_us=10 cleanup_us=0 total_us=12 status=0 transfer_status=0
[HIXL_QUERY_PERF] layer=comm_engine request=0x1 total_us=16 status=0 transfer_status=0
[2026-08-24 20:47:23.121505][UC][I] [QUERY_PERF] component=ucm layer=hixl_instance request=0x1 queue_wait_us=13 backend_us=18 run_post_us=11 total_us=42 api_status=0 transfer_status=0 [16689,16702][hixl_instance.cpp:342,GetTransferStatus]
[2026-08-24 20:47:23.121523][UC][I] [QUERY_PERF] component=ucm layer=hixl_transport handle=12 request=0x1 lifecycle_lock_us=0 pending_lock_wait_us=1 pending_lookup_us=0 instance_us=61 erase_us=0 total_us=62 transfer_status=0 [16689,16702][hixl_transport.cpp:734,GetStatus]
[2026-08-24 20:47:23.121528][UC][I] [QUERY_PERF] component=ucm layer=transport_manager handle=12 transport_handle=12 transfers_lock_wait_us=0 lookup_us=0 transport_us=66 total_us=66 api_status=0 transfer_status=0 [16689,16702][transport_manager.cpp:716,GetStatus]
[HIXL_QUERY_PERF] layer=comm_channel request=0x2 mutex_wait_us=0 check_us=0 lookup_us=0 flag_check_us=0 complete_us=0 total_us=0 transfer_status=0
[HIXL_QUERY_PERF] layer=adxl_inner request=0x2 context_us=1 req_lock_wait_us=0 lookup_us=1 channel_us=10 cleanup_us=0 total_us=12 status=0 transfer_status=0
[HIXL_QUERY_PERF] layer=comm_engine request=0x2 total_us=15 status=0 transfer_status=0
[HIXL_PERF] event=hccl_batch op=1 desc_num=108 hccl_us=89 status=0
[2026-08-24 20:47:23.121574][UC][I] [QUERY_PERF] component=ucm layer=hixl_instance request=0x2 queue_wait_us=12 backend_us=16 run_post_us=12 total_us=40 api_status=0 transfer_status=0 [16689,16702][hixl_instance.cpp:342,GetTransferStatus]
[HIXL_PERF] event=issue_hccl_batch op=1 list_num=108 total_us=99
[2026-08-24 20:47:23.121589][UC][I] [QUERY_PERF] component=ucm layer=hixl_transport handle=13 request=0x2 lifecycle_lock_us=0 pending_lock_wait_us=0 pending_lookup_us=1 instance_us=55 erase_us=0 total_us=56 transfer_status=0 [16689,16702][hixl_transport.cpp:734,GetStatus]
[HIXL_PERF] event=issue_async_host_flag op=1 list_num=108 context_us=0 hccl_issue_us=112 flag_memcpy_us=5 total_us=117
[2026-08-24 20:47:23.121599][UC][I] [QUERY_PERF] component=ucm layer=transport_manager handle=13 transport_handle=13 transfers_lock_wait_us=0 lookup_us=0 transport_us=66 total_us=66 api_status=0 transfer_status=0 [16689,16702][transport_manager.cpp:716,GetStatus]
[HIXL_PERF] event=comm_channel_async op=1 list_num=108 mutex_wait_us=0 slot_us=0 host_flag_us=5 record_us=0 issue_us=124 total_us=129
[HIXL_PERF] event=adxl_inner_async op=1 list_num=108 context_us=1 connect_us=0 get_channel_us=1 channel_async_us=138 tail_us=1 total_us=141
[HIXL_PERF] event=comm_engine_async op=1 list_num=108 desc_build_us=1 inner_us=143 total_us=144 status=0
[HIXL_QUERY_PERF] layer=comm_channel request=0x3 mutex_wait_us=0 check_us=0 lookup_us=0 flag_check_us=0 complete_us=0 total_us=0 transfer_status=0
[2026-08-24 20:47:23.121635][UC][I] [PERF] component=transport event=transfer_submitted manager=127.0.0.1:8000 target=127.0.0.1:4501 handle=20 transport_handle=20 opcode=1 direct=2 segments=108 bytes=7962624 submitted_ts_us=1787575643121633 manager_execute_async_ts_us=1787575643121455 backend_execute_async_ts_us=1787575643121472 manager_to_backend_execute_async_us=17 submit_us=177 [16689,16703][transport_manager.cpp:674,ExecuteAsync]
[HIXL_QUERY_PERF] layer=adxl_inner request=0x3 context_us=1 req_lock_wait_us=0 lookup_us=1 channel_us=11 cleanup_us=0 total_us=13 status=0 transfer_status=0
[HIXL_QUERY_PERF] layer=comm_engine request=0x3 total_us=28 status=0 transfer_status=0
[2026-08-24 20:47:23.121670][UC][I] [QUERY_PERF] component=ucm layer=hixl_instance request=0x3 queue_wait_us=12 backend_us=34 run_post_us=12 total_us=58 api_status=0 transfer_status=0 [16689,16702][hixl_instance.cpp:342,GetTransferStatus]
[2026-08-24 20:47:23.121682][UC][I] [QUERY_PERF] component=ucm layer=hixl_transport handle=14 request=0x3 lifecycle_lock_us=0 pending_lock_wait_us=0 pending_lookup_us=0 instance_us=70 erase_us=0 total_us=70 transfer_status=0 [16689,16702][hixl_transport.cpp:734,GetStatus]
[2026-08-24 20:47:23.121686][UC][I] [QUERY_PERF] component=ucm layer=transport_manager handle=14 transport_handle=14 transfers_lock_wait_us=1 lookup_us=0 transport_us=74 total_us=75 api_status=0 transfer_status=0 [16689,16702][transport_manager.cpp:716,GetStatus]
[HIXL_QUERY_PERF] layer=comm_channel request=0x4 mutex_wait_us=0 check_us=0 lookup_us=0 flag_check_us=0 complete_us=0 total_us=0 transfer_status=0
[HIXL_QUERY_PERF] layer=adxl_inner request=0x4 context_us=1 req_lock_wait_us=0 lookup_us=1 channel_us=10 cleanup_us=0 total_us=12 status=0 transfer_status=0
[HIXL_QUERY_PERF] layer=comm_engine request=0x4 total_us=15 status=0 transfer_status=0
[2026-08-24 20:47:23.121732][UC][I] [QUERY_PERF] component=ucm layer=hixl_instance request=0x4 queue_wait_us=12 backend_us=17 run_post_us=10 total_us=39 api_status=0 transfer_status=0 [16689,16702][hixl_instance.cpp:342,GetTransferStatus]
[2026-08-24 20:47:23.121744][UC][I] [QUERY_PERF] component=ucm layer=hixl_transport handle=15 request=0x4 lifecycle_lock_us=0 pending_lock_wait_us=0 pending_lookup_us=0 instance_us=51 erase_us=0 total_us=51 transfer_status=0 [16689,16702][hixl_transport.cpp:734,GetStatus]
[2026-08-24 20:47:23.121748][UC][I] [QUERY_PERF] component=ucm layer=transport_manager handle=15 transport_handle=15 transfers_lock_wait_us=0 lookup_us=0 transport_us=56 total_us=56 api_status=0 transfer_status=0 [16689,16702][transport_manager.cpp:716,GetStatus]
[HIXL_QUERY_PERF] layer=comm_channel request=0x5 mutex_wait_us=0 check_us=0 lookup_us=0 flag_check_us=0 complete_us=0 total_us=0 transfer_status=0
[HIXL_QUERY_PERF] layer=adxl_inner request=0x5 context_us=1 req_lock_wait_us=0 lookup_us=1 channel_us=15 cleanup_us=0 total_us=17 status=0 transfer_status=0
[HIXL_PERF] event=hccl_batch op=1 desc_num=108 hccl_us=86 status=0
[HIXL_PERF] event=issue_hccl_batch op=1 list_num=108 total_us=110
[HIXL_QUERY_PERF] layer=comm_engine request=0x5 total_us=22 status=0 transfer_status=0
[HIXL_PERF] event=issue_async_host_flag op=1 list_num=108 context_us=0 hccl_issue_us=114 flag_memcpy_us=5 total_us=119
[HIXL_PERF] event=comm_channel_async op=1 list_num=108 mutex_wait_us=0 slot_us=0 host_flag_us=5 record_us=0 issue_us=139 total_us=144
[2026-08-24 20:47:23.121829][UC][I] [QUERY_PERF] component=ucm layer=hixl_instance request=0x5 queue_wait_us=12 backend_us=50 run_post_us=12 total_us=74 api_status=0 transfer_status=0 [16689,16702][hixl_instance.cpp:342,GetTransferStatus]
[HIXL_PERF] event=adxl_inner_async op=1 list_num=108 context_us=1 connect_us=0 get_channel_us=1 channel_async_us=148 tail_us=0 total_us=150
[2026-08-24 20:47:23.121840][UC][I] [QUERY_PERF] component=ucm layer=hixl_transport handle=16 request=0x5 lifecycle_lock_us=0 pending_lock_wait_us=0 pending_lookup_us=0 instance_us=85 erase_us=0 total_us=85 transfer_status=0 [16689,16702][hixl_transport.cpp:734,GetStatus]
[HIXL_PERF] event=comm_engine_async op=1 list_num=108 desc_build_us=1 inner_us=161 total_us=162 status=0
[2026-08-24 20:47:23.121850][UC][I] [QUERY_PERF] component=ucm layer=transport_manager handle=16 transport_handle=16 transfers_lock_wait_us=0 lookup_us=0 transport_us=96 total_us=96 api_status=0 transfer_status=0 [16689,16702][transport_manager.cpp:716,GetStatus]
[2026-08-24 20:47:23.121870][UC][I] [PERF] component=transport event=transfer_submitted manager=127.0.0.1:8000 target=127.0.0.1:4501 handle=21 transport_handle=21 opcode=1 direct=2 segments=108 bytes=7962624 submitted_ts_us=1787575643121868 manager_execute_async_ts_us=1787575643121665 backend_execute_async_ts_us=1787575643121682 manager_to_backend_execute_async_us=17 submit_us=202 [16689,16703][transport_manager.cpp:674,ExecuteAsync]
[HIXL_QUERY_PERF] layer=comm_channel request=0x6 mutex_wait_us=0 check_us=0 lookup_us=0 flag_check_us=0 complete_us=0 total_us=0 transfer_status=0
[HIXL_QUERY_PERF] layer=adxl_inner request=0x6 context_us=1 req_lock_wait_us=0 lookup_us=0 channel_us=11 cleanup_us=0 total_us=12 status=0 transfer_status=0
[HIXL_QUERY_PERF] layer=comm_engine request=0x6 total_us=17 status=0 transfer_status=0
[2026-08-24 20:47:23.121911][UC][I] [QUERY_PERF] component=ucm layer=hixl_instance request=0x6 queue_wait_us=12 backend_us=21 run_post_us=12 total_us=45 api_status=0 transfer_status=0 [16689,16702][hixl_instance.cpp:342,GetTransferStatus]
[2026-08-24 20:47:23.121923][UC][I] [QUERY_PERF] component=ucm layer=hixl_transport handle=17 request=0x6 lifecycle_lock_us=0 pending_lock_wait_us=0 pending_lookup_us=0 instance_us=56 erase_us=0 total_us=56 transfer_status=0 [16689,16702][hixl_transport.cpp:734,GetStatus]
[2026-08-24 20:47:23.121927][UC][I] [QUERY_PERF] component=ucm layer=transport_manager handle=17 transport_handle=17 transfers_lock_wait_us=0 lookup_us=1 transport_us=60 total_us=61 api_status=0 transfer_status=0 [16689,16702][transport_manager.cpp:716,GetStatus]
[HIXL_PERF] event=hccl_batch op=1 desc_num=108 hccl_us=83 status=0
[HIXL_PERF] event=issue_hccl_batch op=1 list_num=108 total_us=91
[HIXL_PERF] event=issue_async_host_flag op=1 list_num=108 context_us=1 hccl_issue_us=93 flag_memcpy_us=5 total_us=99
[HIXL_PERF] event=comm_channel_async op=1 list_num=108 mutex_wait_us=0 slot_us=0 host_flag_us=4 record_us=0 issue_us=102 total_us=106
[HIXL_PERF] event=adxl_inner_async op=1 list_num=108 context_us=1 connect_us=0 get_channel_us=1 channel_async_us=108 tail_us=0 total_us=110
[HIXL_PERF] event=comm_engine_async op=1 list_num=108 desc_build_us=1 inner_us=113 total_us=114 status=0
[HIXL_QUERY_PERF] layer=comm_channel request=0xc mutex_wait_us=0 check_us=0 lookup_us=1 flag_check_us=0 complete_us=2 total_us=3 transfer_status=1
[2026-08-24 20:47:23.122040][UC][I] [PERF] component=transport event=transfer_submitted manager=127.0.0.1:8000 target=127.0.0.1:4501 handle=22 transport_handle=22 opcode=1 direct=2 segments=108 bytes=7962624 submitted_ts_us=1787575643122039 manager_execute_async_ts_us=1787575643121894 backend_execute_async_ts_us=1787575643121908 manager_to_backend_execute_async_us=14 submit_us=144 [16689,16703][transport_manager.cpp:674,ExecuteAsync]
[HIXL_QUERY_PERF] layer=adxl_inner request=0xc context_us=0 req_lock_wait_us=1 lookup_us=0 channel_us=15 cleanup_us=0 total_us=16 status=0 transfer_status=1
[HIXL_QUERY_PERF] layer=comm_engine request=0xc total_us=27 status=0 transfer_status=1
[2026-08-24 20:47:23.122075][UC][I] [QUERY_PERF] component=ucm layer=hixl_instance request=0xc queue_wait_us=102 backend_us=30 run_post_us=11 total_us=143 api_status=0 transfer_status=1 [16689,16702][hixl_instance.cpp:342,GetTransferStatus]
[2026-08-24 20:47:23.122087][UC][I] [QUERY_PERF] component=ucm layer=hixl_transport handle=18 request=0xc lifecycle_lock_us=0 pending_lock_wait_us=0 pending_lookup_us=0 instance_us=154 erase_us=1 total_us=155 transfer_status=1 [16689,16702][hixl_transport.cpp:734,GetStatus]
[2026-08-24 20:47:23.122092][UC][I] [QUERY_PERF] component=ucm layer=transport_manager handle=18 transport_handle=18 transfers_lock_wait_us=0 lookup_us=0 transport_us=161 total_us=161 api_status=0 transfer_status=1 [16689,16702][transport_manager.cpp:716,GetStatus]
[2026-08-24 20:47:23.122097][UC][I] [PERF] component=transport event=transfer_done manager=127.0.0.1:8000 target=127.0.0.1:4501 handle=18 transport_handle=18 opcode=1 direct=2 segments=108 bytes=7962624 status=1 api_status=0 submitted_ts_us=1787575643121188 completed_ts_us=1787575643122096 manager_get_status_ts_us=1787575643121930 backend_query_ts_us=1787575643122033 submit_us=286 transfer_us=908 manager_to_backend_query_us=102 total_us=1194 [16689,16702][transport_manager.cpp:727,GetStatus]
[HIXL_PERF] event=hccl_batch op=1 desc_num=108 hccl_us=95 status=0
[HIXL_PERF] event=issue_hccl_batch op=1 list_num=108 total_us=103
[HIXL_PERF] event=issue_async_host_flag op=1 list_num=108 context_us=1 hccl_issue_us=105 flag_memcpy_us=4 total_us=110
[HIXL_PERF] event=comm_channel_async op=1 list_num=108 mutex_wait_us=0 slot_us=0 host_flag_us=0 record_us=0 issue_us=113 total_us=113
[HIXL_PERF] event=adxl_inner_async op=1 list_num=108 context_us=1 connect_us=0 get_channel_us=0 channel_async_us=116 tail_us=0 total_us=117
[HIXL_PERF] event=comm_engine_async op=1 list_num=108 desc_build_us=0 inner_us=120 total_us=120 status=0
[2026-08-24 20:47:23.122227][UC][I] [PERF] component=transport event=transfer_submitted manager=127.0.0.1:8000 target=127.0.0.1:4501 handle=23 transport_handle=23 opcode=1 direct=2 segments=108 bytes=7962624 submitted_ts_us=1787575643122226 manager_execute_async_ts_us=1787575643122074 backend_execute_async_ts_us=1787575643122090 manager_to_backend_execute_async_us=16 submit_us=150 [16689,16703][transport_manager.cpp:674,ExecuteAsync]
[HIXL_PERF] event=hccl_batch op=1 desc_num=1 hccl_us=56 status=0
[HIXL_PERF] event=issue_hccl_batch op=1 list_num=1 total_us=63
[HIXL_PERF] event=issue_async_host_flag op=1 list_num=1 context_us=0 hccl_issue_us=65 flag_memcpy_us=4 total_us=69
[HIXL_PERF] event=comm_channel_async op=1 list_num=1 mutex_wait_us=0 slot_us=0 host_flag_us=5 record_us=1 issue_us=72 total_us=78
[HIXL_PERF] event=adxl_inner_async op=1 list_num=1 context_us=1 connect_us=0 get_channel_us=0 channel_async_us=80 tail_us=0 total_us=81
[HIXL_PERF] event=comm_engine_async op=1 list_num=1 desc_build_us=0 inner_us=83 total_us=83 status=0
[2026-08-24 20:47:23.122322][UC][I] [PERF] component=transport event=transfer_submitted manager=127.0.0.1:8000 target=127.0.0.1:4501 handle=24 transport_handle=24 opcode=1 direct=2 segments=1 bytes=63 submitted_ts_us=1787575643122321 manager_execute_async_ts_us=1787575643122130 backend_execute_async_ts_us=1787575643122221 manager_to_backend_execute_async_us=90 submit_us=190 [16689,16702][transport_manager.cpp:674,ExecuteAsync]
[HIXL_QUERY_PERF] layer=comm_channel request=0xd mutex_wait_us=0 check_us=0 lookup_us=0 flag_check_us=1 complete_us=1 total_us=2 transfer_status=1
[HIXL_QUERY_PERF] layer=adxl_inner request=0xd context_us=0 req_lock_wait_us=0 lookup_us=1 channel_us=9 cleanup_us=0 total_us=10 status=0 transfer_status=1
[HIXL_QUERY_PERF] layer=comm_engine request=0xd total_us=14 status=0 transfer_status=1
[2026-08-24 20:47:23.122374][UC][I] [QUERY_PERF] component=ucm layer=hixl_instance request=0xd queue_wait_us=10 backend_us=16 run_post_us=10 total_us=36 api_status=0 transfer_status=1 [16689,16702][hixl_instance.cpp:342,GetTransferStatus]
[2026-08-24 20:47:23.122385][UC][I] [QUERY_PERF] component=ucm layer=hixl_transport handle=19 request=0xd lifecycle_lock_us=0 pending_lock_wait_us=0 pending_lookup_us=0 instance_us=47 erase_us=0 total_us=47 transfer_status=1 [16689,16702][hixl_transport.cpp:734,GetStatus]
[2026-08-24 20:47:23.122399][UC][I] [QUERY_PERF] component=ucm layer=transport_manager handle=19 transport_handle=19 transfers_lock_wait_us=0 lookup_us=0 transport_us=63 total_us=63 api_status=0 transfer_status=1 [16689,16702][transport_manager.cpp:716,GetStatus]
[2026-08-24 20:47:23.122404][UC][I] [PERF] component=transport event=transfer_done manager=127.0.0.1:8000 target=127.0.0.1:4501 handle=19 transport_handle=19 opcode=1 direct=2 segments=108 bytes=7962624 status=1 api_status=0 submitted_ts_us=1787575643121421 completed_ts_us=1787575643122403 manager_get_status_ts_us=1787575643122336 backend_query_ts_us=1787575643122347 submit_us=191 transfer_us=981 manager_to_backend_query_us=11 total_us=1172 [16689,16702][transport_manager.cpp:727,GetStatus]
[HIXL_PERF] event=hccl_batch op=1 desc_num=1 hccl_us=52 status=0
[HIXL_PERF] event=issue_hccl_batch op=1 list_num=1 total_us=59
[HIXL_PERF] event=issue_async_host_flag op=1 list_num=1 context_us=0 hccl_issue_us=61 flag_memcpy_us=4 total_us=65
[HIXL_PERF] event=comm_channel_async op=1 list_num=1 mutex_wait_us=0 slot_us=0 host_flag_us=1 record_us=0 issue_us=68 total_us=69
[HIXL_PERF] event=adxl_inner_async op=1 list_num=1 context_us=1 connect_us=0 get_channel_us=0 channel_async_us=71 tail_us=0 total_us=72
[HIXL_PERF] event=comm_engine_async op=1 list_num=1 desc_build_us=0 inner_us=74 total_us=74 status=0
[2026-08-24 20:47:23.122523][UC][I] [PERF] component=transport event=transfer_submitted manager=127.0.0.1:8000 target=127.0.0.1:4501 handle=25 transport_handle=25 opcode=1 direct=2 segments=1 bytes=63 submitted_ts_us=1787575643122522 manager_execute_async_ts_us=1787575643122420 backend_execute_async_ts_us=1787575643122431 manager_to_backend_execute_async_us=11 submit_us=101 [16689,16702][transport_manager.cpp:674,ExecuteAsync]
[HIXL_QUERY_PERF] layer=comm_channel request=0x1 mutex_wait_us=0 check_us=0 lookup_us=0 flag_check_us=0 complete_us=5 total_us=5 transfer_status=1
[HIXL_QUERY_PERF] layer=adxl_inner request=0x1 context_us=0 req_lock_wait_us=1 lookup_us=0 channel_us=14 cleanup_us=2 total_us=17 status=0 transfer_status=1
[HIXL_QUERY_PERF] layer=comm_engine request=0x1 total_us=22 status=0 transfer_status=1
[2026-08-24 20:47:23.122588][UC][I] [QUERY_PERF] component=ucm layer=hixl_instance request=0x1 queue_wait_us=13 backend_us=26 run_post_us=12 total_us=51 api_status=0 transfer_status=1 [16689,16702][hixl_instance.cpp:342,GetTransferStatus]
[2026-08-24 20:47:23.122599][UC][I] [QUERY_PERF] component=ucm layer=hixl_transport handle=12 request=0x1 lifecycle_lock_us=0 pending_lock_wait_us=0 pending_lookup_us=0 instance_us=61 erase_us=0 total_us=61 transfer_status=1 [16689,16702][hixl_transport.cpp:734,GetStatus]
[2026-08-24 20:47:23.122602][UC][I] [QUERY_PERF] component=ucm layer=transport_manager handle=12 transport_handle=12 transfers_lock_wait_us=0 lookup_us=0 transport_us=65 total_us=65 api_status=0 transfer_status=1 [16689,16702][transport_manager.cpp:716,GetStatus]
[2026-08-24 20:47:23.122606][UC][I] [PERF] component=transport event=transfer_done manager=127.0.0.1:8000 target=127.0.0.1:4502 handle=12 transport_handle=12 opcode=1 direct=2 segments=108 bytes=7962624 status=1 api_status=0 submitted_ts_us=1787575643119823 completed_ts_us=1787575643122605 manager_get_status_ts_us=1787575643122536 backend_query_ts_us=1787575643122550 submit_us=1881 transfer_us=2782 manager_to_backend_query_us=13 total_us=4663 [16689,16702][transport_manager.cpp:727,GetStatus]
[HIXL_PERF] event=hccl_batch op=1 desc_num=1 hccl_us=66 status=0
[HIXL_PERF] event=issue_hccl_batch op=1 list_num=1 total_us=78
[HIXL_PERF] event=issue_async_host_flag op=1 list_num=1 context_us=0 hccl_issue_us=80 flag_memcpy_us=5 total_us=85
[HIXL_PERF] event=comm_channel_async op=1 list_num=1 mutex_wait_us=0 slot_us=0 host_flag_us=0 record_us=1 issue_us=90 total_us=91
[HIXL_PERF] event=adxl_inner_async op=1 list_num=1 context_us=0 connect_us=0 get_channel_us=1 channel_async_us=95 tail_us=0 total_us=96
[HIXL_PERF] event=comm_engine_async op=1 list_num=1 desc_build_us=0 inner_us=98 total_us=98 status=0
[2026-08-24 20:47:23.122753][UC][I] [PERF] component=transport event=transfer_submitted manager=127.0.0.1:8000 target=127.0.0.1:4502 handle=26 transport_handle=26 opcode=1 direct=2 segments=1 bytes=63 submitted_ts_us=1787575643122752 manager_execute_async_ts_us=1787575643122621 backend_execute_async_ts_us=1787575643122635 manager_to_backend_execute_async_us=14 submit_us=131 [16689,16702][transport_manager.cpp:674,ExecuteAsync]
[HIXL_QUERY_PERF] layer=comm_channel request=0x2 mutex_wait_us=0 check_us=0 lookup_us=0 flag_check_us=0 complete_us=2 total_us=2 transfer_status=1
[HIXL_QUERY_PERF] layer=adxl_inner request=0x2 context_us=0 req_lock_wait_us=0 lookup_us=1 channel_us=11 cleanup_us=1 total_us=13 status=0 transfer_status=1
[HIXL_QUERY_PERF] layer=comm_engine request=0x2 total_us=21 status=0 transfer_status=1
[2026-08-24 20:47:23.122811][UC][I] [QUERY_PERF] component=ucm layer=hixl_instance request=0x2 queue_wait_us=13 backend_us=24 run_post_us=11 total_us=48 api_status=0 transfer_status=1 [16689,16702][hixl_instance.cpp:342,GetTransferStatus]
[2026-08-24 20:47:23.122822][UC][I] [QUERY_PERF] component=ucm layer=hixl_transport handle=13 request=0x2 lifecycle_lock_us=0 pending_lock_wait_us=0 pending_lookup_us=0 instance_us=58 erase_us=0 total_us=58 transfer_status=1 [16689,16702][hixl_transport.cpp:734,GetStatus]
[2026-08-24 20:47:23.122826][UC][I] [QUERY_PERF] component=ucm layer=transport_manager handle=13 transport_handle=13 transfers_lock_wait_us=0 lookup_us=0 transport_us=63 total_us=63 api_status=0 transfer_status=1 [16689,16702][transport_manager.cpp:716,GetStatus]
[2026-08-24 20:47:23.122832][UC][I] [PERF] component=transport event=transfer_done manager=127.0.0.1:8000 target=127.0.0.1:4502 handle=13 transport_handle=13 opcode=1 direct=2 segments=108 bytes=7962624 status=1 api_status=0 submitted_ts_us=1787575643120075 completed_ts_us=1787575643122830 manager_get_status_ts_us=1787575643122763 backend_query_ts_us=1787575643122776 submit_us=216 transfer_us=2755 manager_to_backend_query_us=13 total_us=2971 [16689,16702][transport_manager.cpp:727,GetStatus]
[HIXL_PERF] event=hccl_batch op=1 desc_num=1 hccl_us=54 status=0
[HIXL_PERF] event=issue_hccl_batch op=1 list_num=1 total_us=65
[HIXL_PERF] event=issue_async_host_flag op=1 list_num=1 context_us=0 hccl_issue_us=68 flag_memcpy_us=4 total_us=72
[HIXL_PERF] event=comm_channel_async op=1 list_num=1 mutex_wait_us=0 slot_us=0 host_flag_us=0 record_us=0 issue_us=76 total_us=76
[HIXL_PERF] event=adxl_inner_async op=1 list_num=1 context_us=1 connect_us=0 get_channel_us=0 channel_async_us=81 tail_us=0 total_us=82
[HIXL_PERF] event=comm_engine_async op=1 list_num=1 desc_build_us=0 inner_us=85 total_us=85 status=0
[2026-08-24 20:47:23.122968][UC][I] [PERF] component=transport event=transfer_submitted manager=127.0.0.1:8000 target=127.0.0.1:4502 handle=27 transport_handle=27 opcode=1 direct=2 segments=1 bytes=63 submitted_ts_us=1787575643122967 manager_execute_async_ts_us=1787575643122850 backend_execute_async_ts_us=1787575643122863 manager_to_backend_execute_async_us=13 submit_us=117 [16689,16702][transport_manager.cpp:674,ExecuteAsync]
[HIXL_QUERY_PERF] layer=comm_channel request=0x3 mutex_wait_us=0 check_us=0 lookup_us=0 flag_check_us=0 complete_us=1 total_us=1 transfer_status=1
[HIXL_QUERY_PERF] layer=adxl_inner request=0x3 context_us=0 req_lock_wait_us=0 lookup_us=1 channel_us=20 cleanup_us=1 total_us=22 status=0 transfer_status=1
[HIXL_QUERY_PERF] layer=comm_engine request=0x3 total_us=26 status=0 transfer_status=1
[2026-08-24 20:47:23.123033][UC][I] [QUERY_PERF] component=ucm layer=hixl_instance request=0x3 queue_wait_us=12 backend_us=29 run_post_us=13 total_us=54 api_status=0 transfer_status=1 [16689,16702][hixl_instance.cpp:342,GetTransferStatus]
[2026-08-24 20:47:23.123044][UC][I] [QUERY_PERF] component=ucm layer=hixl_transport handle=14 request=0x3 lifecycle_lock_us=0 pending_lock_wait_us=0 pending_lookup_us=0 instance_us=64 erase_us=0 total_us=64 transfer_status=1 [16689,16702][hixl_transport.cpp:734,GetStatus]
[2026-08-24 20:47:23.123048][UC][I] [QUERY_PERF] component=ucm layer=transport_manager handle=14 transport_handle=14 transfers_lock_wait_us=0 lookup_us=0 transport_us=69 total_us=69 api_status=0 transfer_status=1 [16689,16702][transport_manager.cpp:716,GetStatus]
[2026-08-24 20:47:23.123053][UC][I] [PERF] component=transport event=transfer_done manager=127.0.0.1:8000 target=127.0.0.1:4502 handle=14 transport_handle=14 opcode=1 direct=2 segments=108 bytes=7962624 status=1 api_status=0 submitted_ts_us=1787575643120280 completed_ts_us=1787575643123052 manager_get_status_ts_us=1787575643122978 backend_query_ts_us=1787575643122991 submit_us=164 transfer_us=2772 manager_to_backend_query_us=12 total_us=2936 [16689,16702][transport_manager.cpp:727,GetStatus]
[HIXL_PERF] event=hccl_batch op=1 desc_num=1 hccl_us=56 status=0
[HIXL_PERF] event=issue_hccl_batch op=1 list_num=1 total_us=68
[HIXL_PERF] event=issue_async_host_flag op=1 list_num=1 context_us=0 hccl_issue_us=70 flag_memcpy_us=4 total_us=74
[HIXL_PERF] event=comm_channel_async op=1 list_num=1 mutex_wait_us=0 slot_us=0 host_flag_us=0 record_us=1 issue_us=78 total_us=79
[HIXL_PERF] event=adxl_inner_async op=1 list_num=1 context_us=1 connect_us=0 get_channel_us=0 channel_async_us=83 tail_us=0 total_us=84
[HIXL_PERF] event=comm_engine_async op=1 list_num=1 desc_build_us=0 inner_us=88 total_us=88 status=0
[2026-08-24 20:47:23.123187][UC][I] [PERF] component=transport event=transfer_submitted manager=127.0.0.1:8000 target=127.0.0.1:4502 handle=28 transport_handle=28 opcode=1 direct=2 segments=1 bytes=63 submitted_ts_us=1787575643123186 manager_execute_async_ts_us=1787575643123067 backend_execute_async_ts_us=1787575643123080 manager_to_backend_execute_async_us=13 submit_us=119 [16689,16702][transport_manager.cpp:674,ExecuteAsync]
[HIXL_QUERY_PERF] layer=comm_channel request=0x4 mutex_wait_us=0 check_us=0 lookup_us=0 flag_check_us=1 complete_us=1 total_us=2 transfer_status=1
[HIXL_QUERY_PERF] layer=adxl_inner request=0x4 context_us=0 req_lock_wait_us=0 lookup_us=1 channel_us=12 cleanup_us=0 total_us=13 status=0 transfer_status=1
[HIXL_QUERY_PERF] layer=comm_engine request=0x4 total_us=18 status=0 transfer_status=1
[2026-08-24 20:47:23.123244][UC][I] [QUERY_PERF] component=ucm layer=hixl_instance request=0x4 queue_wait_us=12 backend_us=22 run_post_us=11 total_us=45 api_status=0 transfer_status=1 [16689,16702][hixl_instance.cpp:342,GetTransferStatus]
[2026-08-24 20:47:23.123254][UC][I] [QUERY_PERF] component=ucm layer=hixl_transport handle=15 request=0x4 lifecycle_lock_us=0 pending_lock_wait_us=0 pending_lookup_us=0 instance_us=55 erase_us=0 total_us=55 transfer_status=1 [16689,16702][hixl_transport.cpp:734,GetStatus]
[2026-08-24 20:47:23.123258][UC][I] [QUERY_PERF] component=ucm layer=transport_manager handle=15 transport_handle=15 transfers_lock_wait_us=0 lookup_us=0 transport_us=59 total_us=59 api_status=0 transfer_status=1 [16689,16702][transport_manager.cpp:716,GetStatus]
[2026-08-24 20:47:23.123263][UC][I] [PERF] component=transport event=transfer_done manager=127.0.0.1:8000 target=127.0.0.1:4502 handle=15 transport_handle=15 opcode=1 direct=2 segments=108 bytes=7962624 status=1 api_status=0 submitted_ts_us=1787575643120472 completed_ts_us=1787575643123262 manager_get_status_ts_us=1787575643123198 backend_query_ts_us=1787575643123210 submit_us=156 transfer_us=2790 manager_to_backend_query_us=12 total_us=2946 [16689,16702][transport_manager.cpp:727,GetStatus]
[HIXL_PERF] event=hccl_batch op=1 desc_num=1 hccl_us=53 status=0
[HIXL_PERF] event=issue_hccl_batch op=1 list_num=1 total_us=63
[HIXL_PERF] event=issue_async_host_flag op=1 list_num=1 context_us=1 hccl_issue_us=65 flag_memcpy_us=4 total_us=70
[HIXL_PERF] event=comm_channel_async op=1 list_num=1 mutex_wait_us=0 slot_us=0 host_flag_us=0 record_us=0 issue_us=74 total_us=74
[HIXL_PERF] event=adxl_inner_async op=1 list_num=1 context_us=0 connect_us=0 get_channel_us=1 channel_async_us=76 tail_us=0 total_us=77
[HIXL_PERF] event=comm_engine_async op=1 list_num=1 desc_build_us=0 inner_us=79 total_us=79 status=0
[2026-08-24 20:47:23.123391][UC][I] [PERF] component=transport event=transfer_submitted manager=127.0.0.1:8000 target=127.0.0.1:4502 handle=29 transport_handle=29 opcode=1 direct=2 segments=1 bytes=63 submitted_ts_us=1787575643123390 manager_execute_async_ts_us=1787575643123278 backend_execute_async_ts_us=1787575643123292 manager_to_backend_execute_async_us=13 submit_us=111 [16689,16702][transport_manager.cpp:674,ExecuteAsync]
[HIXL_QUERY_PERF] layer=comm_channel request=0x5 mutex_wait_us=0 check_us=0 lookup_us=0 flag_check_us=1 complete_us=1 total_us=2 transfer_status=1
[HIXL_QUERY_PERF] layer=adxl_inner request=0x5 context_us=0 req_lock_wait_us=0 lookup_us=1 channel_us=10 cleanup_us=1 total_us=12 status=0 transfer_status=1
[HIXL_QUERY_PERF] layer=comm_engine request=0x5 total_us=17 status=0 transfer_status=1
[2026-08-24 20:47:23.123453][UC][I] [QUERY_PERF] component=ucm layer=hixl_instance request=0x5 queue_wait_us=12 backend_us=23 run_post_us=11 total_us=46 api_status=0 transfer_status=1 [16689,16702][hixl_instance.cpp:342,GetTransferStatus]
[2026-08-24 20:47:23.123465][UC][I] [QUERY_PERF] component=ucm layer=hixl_transport handle=16 request=0x5 lifecycle_lock_us=0 pending_lock_wait_us=0 pending_lookup_us=0 instance_us=57 erase_us=0 total_us=57 transfer_status=1 [16689,16702][hixl_transport.cpp:734,GetStatus]
[2026-08-24 20:47:23.123470][UC][I] [QUERY_PERF] component=ucm layer=transport_manager handle=16 transport_handle=16 transfers_lock_wait_us=0 lookup_us=0 transport_us=63 total_us=63 api_status=0 transfer_status=1 [16689,16702][transport_manager.cpp:716,GetStatus]
[2026-08-24 20:47:23.123474][UC][I] [PERF] component=transport event=transfer_done manager=127.0.0.1:8000 target=127.0.0.1:4502 handle=16 transport_handle=16 opcode=1 direct=2 segments=108 bytes=7962624 status=1 api_status=0 submitted_ts_us=1787575643120665 completed_ts_us=1787575643123473 manager_get_status_ts_us=1787575643123406 backend_query_ts_us=1787575643123418 submit_us=156 transfer_us=2808 manager_to_backend_query_us=12 total_us=2964 [16689,16702][transport_manager.cpp:727,GetStatus]
[HIXL_PERF] event=hccl_batch op=1 desc_num=1 hccl_us=52 status=0
[HIXL_PERF] event=issue_hccl_batch op=1 list_num=1 total_us=62
[HIXL_PERF] event=issue_async_host_flag op=1 list_num=1 context_us=0 hccl_issue_us=66 flag_memcpy_us=4 total_us=70
[HIXL_PERF] event=comm_channel_async op=1 list_num=1 mutex_wait_us=0 slot_us=1 host_flag_us=0 record_us=0 issue_us=75 total_us=76
[HIXL_PERF] event=adxl_inner_async op=1 list_num=1 context_us=1 connect_us=0 get_channel_us=0 channel_async_us=78 tail_us=0 total_us=79
[HIXL_PERF] event=comm_engine_async op=1 list_num=1 desc_build_us=0 inner_us=81 total_us=81 status=0
[2026-08-24 20:47:23.123602][UC][I] [PERF] component=transport event=transfer_submitted manager=127.0.0.1:8000 target=127.0.0.1:4502 handle=30 transport_handle=30 opcode=1 direct=2 segments=1 bytes=63 submitted_ts_us=1787575643123601 manager_execute_async_ts_us=1787575643123489 backend_execute_async_ts_us=1787575643123502 manager_to_backend_execute_async_us=13 submit_us=112 [16689,16702][transport_manager.cpp:674,ExecuteAsync]
[HIXL_QUERY_PERF] layer=comm_channel request=0x6 mutex_wait_us=0 check_us=0 lookup_us=0 flag_check_us=0 complete_us=1 total_us=1 transfer_status=1
[HIXL_QUERY_PERF] layer=adxl_inner request=0x6 context_us=1 req_lock_wait_us=0 lookup_us=1 channel_us=14 cleanup_us=1 total_us=17 status=0 transfer_status=1
[HIXL_QUERY_PERF] layer=comm_engine request=0x6 total_us=19 status=0 transfer_status=1
[2026-08-24 20:47:23.123660][UC][I] [QUERY_PERF] component=ucm layer=hixl_instance request=0x6 queue_wait_us=13 backend_us=22 run_post_us=11 total_us=46 api_status=0 transfer_status=1 [16689,16702][hixl_instance.cpp:342,GetTransferStatus]
[2026-08-24 20:47:23.123671][UC][I] [QUERY_PERF] component=ucm layer=hixl_transport handle=17 request=0x6 lifecycle_lock_us=0 pending_lock_wait_us=0 pending_lookup_us=0 instance_us=56 erase_us=1 total_us=57 transfer_status=1 [16689,16702][hixl_transport.cpp:734,GetStatus]
[2026-08-24 20:47:23.123676][UC][I] [QUERY_PERF] component=ucm layer=transport_manager handle=17 transport_handle=17 transfers_lock_wait_us=0 lookup_us=0 transport_us=62 total_us=62 api_status=0 transfer_status=1 [16689,16702][transport_manager.cpp:716,GetStatus]
[2026-08-24 20:47:23.123681][UC][I] [PERF] component=transport event=transfer_done manager=127.0.0.1:8000 target=127.0.0.1:4502 handle=17 transport_handle=17 opcode=1 direct=2 segments=108 bytes=7962624 status=1 api_status=0 submitted_ts_us=1787575643120859 completed_ts_us=1787575643123680 manager_get_status_ts_us=1787575643123613 backend_query_ts_us=1787575643123626 submit_us=153 transfer_us=2821 manager_to_backend_query_us=13 total_us=2974 [16689,16702][transport_manager.cpp:727,GetStatus]
[HIXL_PERF] event=hccl_batch op=1 desc_num=1 hccl_us=53 status=0
[HIXL_PERF] event=issue_hccl_batch op=1 list_num=1 total_us=63
[HIXL_PERF] event=issue_async_host_flag op=1 list_num=1 context_us=1 hccl_issue_us=65 flag_memcpy_us=4 total_us=70
[HIXL_PERF] event=comm_channel_async op=1 list_num=1 mutex_wait_us=0 slot_us=0 host_flag_us=0 record_us=0 issue_us=72 total_us=72
[HIXL_PERF] event=adxl_inner_async op=1 list_num=1 context_us=0 connect_us=0 get_channel_us=1 channel_async_us=74 tail_us=0 total_us=75
[HIXL_PERF] event=comm_engine_async op=1 list_num=1 desc_build_us=1 inner_us=77 total_us=78 status=0
[2026-08-24 20:47:23.123806][UC][I] [PERF] component=transport event=transfer_submitted manager=127.0.0.1:8000 target=127.0.0.1:4502 handle=31 transport_handle=31 opcode=1 direct=2 segments=1 bytes=63 submitted_ts_us=1787575643123805 manager_execute_async_ts_us=1787575643123695 backend_execute_async_ts_us=1787575643123708 manager_to_backend_execute_async_us=13 submit_us=111 [16689,16702][transport_manager.cpp:674,ExecuteAsync]
[HIXL_QUERY_PERF] layer=comm_channel request=0x12 mutex_wait_us=0 check_us=0 lookup_us=0 flag_check_us=0 complete_us=2 total_us=2 transfer_status=1
[HIXL_QUERY_PERF] layer=adxl_inner request=0x12 context_us=1 req_lock_wait_us=0 lookup_us=1 channel_us=10 cleanup_us=2 total_us=14 status=0 transfer_status=1
[HIXL_QUERY_PERF] layer=comm_engine request=0x12 total_us=16 status=0 transfer_status=1
[2026-08-24 20:47:23.123872][UC][I] [QUERY_PERF] component=ucm layer=hixl_instance request=0x12 queue_wait_us=11 backend_us=22 run_post_us=18 total_us=51 api_status=0 transfer_status=1 [16689,16702][hixl_instance.cpp:342,GetTransferStatus]
[2026-08-24 20:47:23.123886][UC][I] [QUERY_PERF] component=ucm layer=hixl_transport handle=24 request=0x12 lifecycle_lock_us=0 pending_lock_wait_us=0 pending_lookup_us=0 instance_us=65 erase_us=0 total_us=65 transfer_status=1 [16689,16702][hixl_transport.cpp:734,GetStatus]
[2026-08-24 20:47:23.123890][UC][I] [QUERY_PERF] component=ucm layer=transport_manager handle=24 transport_handle=24 transfers_lock_wait_us=1 lookup_us=0 transport_us=69 total_us=70 api_status=0 transfer_status=1 [16689,16702][transport_manager.cpp:716,GetStatus]
[2026-08-24 20:47:23.123900][UC][I] [PERF] component=transport event=transfer_done manager=127.0.0.1:8000 target=127.0.0.1:4501 handle=24 transport_handle=24 opcode=1 direct=2 segments=1 bytes=63 status=1 api_status=0 submitted_ts_us=1787575643122321 completed_ts_us=1787575643123899 manager_get_status_ts_us=1787575643123819 backend_query_ts_us=1787575643123831 submit_us=190 transfer_us=1578 manager_to_backend_query_us=12 total_us=1768 [16689,16702][transport_manager.cpp:727,GetStatus]
[2026-08-24 20:47:23.123911][UC][I] [PERF] component=drampool event=request_done request_id=3 opcode=2 peer=127.0.0.1:4501 batch_size=108 data_bytes=7962624 failed_items=0 status=SUCCESS failed_stage=NONE received_ts_us=1787575643120555 worker_started_ts_us=1787575643120883 data_transfer_submitted_ts_us=1787575643121213 data_transfer_completed_ts_us=1787575643122102 response_submitted_ts_us=1787575643122335 completed_ts_us=1787575643123907 data_tm_execute_async_ts_us=1787575643120899 data_hixl_execute_async_ts_us=1787575643120918 data_tm_get_status_ts_us=1787575643121930 data_hixl_query_handle_ts_us=1787575643122033 response_tm_execute_async_ts_us=1787575643122130 response_hixl_execute_async_ts_us=1787575643122221 response_tm_get_status_ts_us=1787575643123819 response_hixl_query_handle_ts_us=1787575643123831 request_queue_us=327 metadata_prepare_us=15 taskworker_prepare_us=331 poller_queue_us=246 data_transfer_us=889 metadata_settle_us=26 response_slot_wait_us=1 response_submit_us=206 response_transfer_us=1572 data_tm_to_hixl_execute_async_us=18 data_tm_to_hixl_query_handle_us=102 response_tm_to_hixl_execute_async_us=90 response_tm_to_hixl_query_handle_us=12 total_us=3351 [16689,16702][completion_poller.cc:56,LogRequestDone]
[HIXL_QUERY_PERF] layer=comm_channel request=0x13 mutex_wait_us=0 check_us=0 lookup_us=0 flag_check_us=1 complete_us=1 total_us=2 transfer_status=1
[HIXL_QUERY_PERF] layer=adxl_inner request=0x13 context_us=0 req_lock_wait_us=0 lookup_us=1 channel_us=9 cleanup_us=1 total_us=11 status=0 transfer_status=1
[HIXL_QUERY_PERF] layer=comm_engine request=0x13 total_us=13 status=0 transfer_status=1
[2026-08-24 20:47:23.123957][UC][I] [QUERY_PERF] component=ucm layer=hixl_instance request=0x13 queue_wait_us=11 backend_us=15 run_post_us=12 total_us=38 api_status=0 transfer_status=1 [16689,16702][hixl_instance.cpp:342,GetTransferStatus]
[2026-08-24 20:47:23.123967][UC][I] [QUERY_PERF] component=ucm layer=hixl_transport handle=25 request=0x13 lifecycle_lock_us=0 pending_lock_wait_us=0 pending_lookup_us=0 instance_us=48 erase_us=0 total_us=48 transfer_status=1 [16689,16702][hixl_transport.cpp:734,GetStatus]
[2026-08-24 20:47:23.123972][UC][I] [QUERY_PERF] component=ucm layer=transport_manager handle=25 transport_handle=25 transfers_lock_wait_us=0 lookup_us=0 transport_us=53 total_us=53 api_status=0 transfer_status=1 [16689,16702][transport_manager.cpp:716,GetStatus]
[2026-08-24 20:47:23.123976][UC][I] [PERF] component=transport event=transfer_done manager=127.0.0.1:8000 target=127.0.0.1:4501 handle=25 transport_handle=25 opcode=1 direct=2 segments=1 bytes=63 status=1 api_status=0 submitted_ts_us=1787575643122522 completed_ts_us=1787575643123975 manager_get_status_ts_us=1787575643123918 backend_query_ts_us=1787575643123931 submit_us=101 transfer_us=1453 manager_to_backend_query_us=11 total_us=1554 [16689,16702][transport_manager.cpp:727,GetStatus]
[2026-08-24 20:47:23.123981][UC][I] [PERF] component=drampool event=request_done request_id=4 opcode=2 peer=127.0.0.1:4501 batch_size=108 data_bytes=7962624 failed_items=0 status=SUCCESS failed_stage=NONE received_ts_us=1787575643120557 worker_started_ts_us=1787575643121215 data_transfer_submitted_ts_us=1787575643121436 data_transfer_completed_ts_us=1787575643122410 response_submitted_ts_us=1787575643122534 completed_ts_us=1787575643123979 data_tm_execute_async_ts_us=1787575643121230 data_hixl_execute_async_ts_us=1787575643121244 data_tm_get_status_ts_us=1787575643122336 data_hixl_query_handle_ts_us=1787575643122347 response_tm_execute_async_ts_us=1787575643122420 response_hixl_execute_async_ts_us=1787575643122431 response_tm_get_status_ts_us=1787575643123918 response_hixl_query_handle_ts_us=1787575643123931 request_queue_us=657 metadata_prepare_us=14 taskworker_prepare_us=223 poller_queue_us=22 data_transfer_us=973 metadata_settle_us=9 response_slot_wait_us=0 response_submit_us=115 response_transfer_us=1445 data_tm_to_hixl_execute_async_us=14 data_tm_to_hixl_query_handle_us=11 response_tm_to_hixl_execute_async_us=11 response_tm_to_hixl_query_handle_us=11 total_us=3421 [16689,16702][completion_poller.cc:56,LogRequestDone]
[HIXL_QUERY_PERF] layer=comm_channel request=0xe mutex_wait_us=0 check_us=0 lookup_us=0 flag_check_us=0 complete_us=1 total_us=1 transfer_status=1
[HIXL_QUERY_PERF] layer=adxl_inner request=0xe context_us=0 req_lock_wait_us=0 lookup_us=1 channel_us=7 cleanup_us=1 total_us=9 status=0 transfer_status=1
[HIXL_QUERY_PERF] layer=comm_engine request=0xe total_us=12 status=0 transfer_status=1
[2026-08-24 20:47:23.124027][UC][I] [QUERY_PERF] component=ucm layer=hixl_instance request=0xe queue_wait_us=9 backend_us=15 run_post_us=9 total_us=33 api_status=0 transfer_status=1 [16689,16702][hixl_instance.cpp:342,GetTransferStatus]
[2026-08-24 20:47:23.124036][UC][I] [QUERY_PERF] component=ucm layer=hixl_transport handle=20 request=0xe lifecycle_lock_us=0 pending_lock_wait_us=0 pending_lookup_us=1 instance_us=43 erase_us=0 total_us=44 transfer_status=1 [16689,16702][hixl_transport.cpp:734,GetStatus]
[2026-08-24 20:47:23.124040][UC][I] [QUERY_PERF] component=ucm layer=transport_manager handle=20 transport_handle=20 transfers_lock_wait_us=0 lookup_us=0 transport_us=49 total_us=49 api_status=0 transfer_status=1 [16689,16702][transport_manager.cpp:716,GetStatus]
[2026-08-24 20:47:23.124046][UC][I] [PERF] component=transport event=transfer_done manager=127.0.0.1:8000 target=127.0.0.1:4501 handle=20 transport_handle=20 opcode=1 direct=2 segments=108 bytes=7962624 status=1 api_status=0 submitted_ts_us=1787575643121633 completed_ts_us=1787575643124044 manager_get_status_ts_us=1787575643123991 backend_query_ts_us=1787575643124001 submit_us=177 transfer_us=2411 manager_to_backend_query_us=10 total_us=2588 [16689,16702][transport_manager.cpp:727,GetStatus]
[HIXL_PERF] event=hccl_batch op=1 desc_num=1 hccl_us=66 status=0
[HIXL_PERF] event=issue_hccl_batch op=1 list_num=1 total_us=74
[HIXL_PERF] event=issue_async_host_flag op=1 list_num=1 context_us=1 hccl_issue_us=76 flag_memcpy_us=4 total_us=81
[HIXL_PERF] event=comm_channel_async op=1 list_num=1 mutex_wait_us=0 slot_us=0 host_flag_us=0 record_us=0 issue_us=85 total_us=85
[HIXL_PERF] event=adxl_inner_async op=1 list_num=1 context_us=0 connect_us=0 get_channel_us=1 channel_async_us=90 tail_us=0 total_us=91
[HIXL_PERF] event=comm_engine_async op=1 list_num=1 desc_build_us=0 inner_us=96 total_us=96 status=0
[2026-08-24 20:47:23.124183][UC][I] [PERF] component=transport event=transfer_submitted manager=127.0.0.1:8000 target=127.0.0.1:4501 handle=32 transport_handle=32 opcode=1 direct=2 segments=1 bytes=63 submitted_ts_us=1787575643124182 manager_execute_async_ts_us=1787575643124058 backend_execute_async_ts_us=1787575643124069 manager_to_backend_execute_async_us=11 submit_us=123 [16689,16702][transport_manager.cpp:674,ExecuteAsync]
[HIXL_QUERY_PERF] layer=comm_channel request=0xf mutex_wait_us=0 check_us=0 lookup_us=0 flag_check_us=0 complete_us=1 total_us=1 transfer_status=1
[HIXL_QUERY_PERF] layer=adxl_inner request=0xf context_us=1 req_lock_wait_us=0 lookup_us=1 channel_us=9 cleanup_us=1 total_us=12 status=0 transfer_status=1
[HIXL_QUERY_PERF] layer=comm_engine request=0xf total_us=15 status=0 transfer_status=1
[2026-08-24 20:47:23.124230][UC][I] [QUERY_PERF] component=ucm layer=hixl_instance request=0xf queue_wait_us=10 backend_us=17 run_post_us=10 total_us=37 api_status=0 transfer_status=1 [16689,16702][hixl_instance.cpp:342,GetTransferStatus]
[2026-08-24 20:47:23.124240][UC][I] [QUERY_PERF] component=ucm layer=hixl_transport handle=21 request=0xf lifecycle_lock_us=1 pending_lock_wait_us=0 pending_lookup_us=0 instance_us=45 erase_us=0 total_us=46 transfer_status=1 [16689,16702][hixl_transport.cpp:734,GetStatus]
[2026-08-24 20:47:23.124245][UC][I] [QUERY_PERF] component=ucm layer=transport_manager handle=21 transport_handle=21 transfers_lock_wait_us=0 lookup_us=0 transport_us=52 total_us=52 api_status=0 transfer_status=1 [16689,16702][transport_manager.cpp:716,GetStatus]
[2026-08-24 20:47:23.124250][UC][I] [PERF] component=transport event=transfer_done manager=127.0.0.1:8000 target=127.0.0.1:4501 handle=21 transport_handle=21 opcode=1 direct=2 segments=108 bytes=7962624 status=1 api_status=0 submitted_ts_us=1787575643121868 completed_ts_us=1787575643124249 manager_get_status_ts_us=1787575643124192 backend_query_ts_us=1787575643124203 submit_us=202 transfer_us=2381 manager_to_backend_query_us=11 total_us=2583 [16689,16702][transport_manager.cpp:727,GetStatus]
[HIXL_PERF] event=hccl_batch op=1 desc_num=1 hccl_us=53 status=0
[HIXL_PERF] event=issue_hccl_batch op=1 list_num=1 total_us=62
[HIXL_PERF] event=issue_async_host_flag op=1 list_num=1 context_us=0 hccl_issue_us=64 flag_memcpy_us=4 total_us=68
[HIXL_PERF] event=comm_channel_async op=1 list_num=1 mutex_wait_us=0 slot_us=0 host_flag_us=1 record_us=0 issue_us=72 total_us=73
[HIXL_PERF] event=adxl_inner_async op=1 list_num=1 context_us=1 connect_us=0 get_channel_us=0 channel_async_us=78 tail_us=0 total_us=79
[HIXL_PERF] event=comm_engine_async op=1 list_num=1 desc_build_us=0 inner_us=82 total_us=82 status=0
[2026-08-24 20:47:23.124375][UC][I] [PERF] component=transport event=transfer_submitted manager=127.0.0.1:8000 target=127.0.0.1:4501 handle=33 transport_handle=33 opcode=1 direct=2 segments=1 bytes=63 submitted_ts_us=1787575643124375 manager_execute_async_ts_us=1787575643124265 backend_execute_async_ts_us=1787575643124276 manager_to_backend_execute_async_us=11 submit_us=110 [16689,16702][transport_manager.cpp:674,ExecuteAsync]
[HIXL_QUERY_PERF] layer=comm_channel request=0x10 mutex_wait_us=0 check_us=0 lookup_us=0 flag_check_us=1 complete_us=1 total_us=2 transfer_status=1
[HIXL_QUERY_PERF] layer=adxl_inner request=0x10 context_us=0 req_lock_wait_us=0 lookup_us=1 channel_us=7 cleanup_us=1 total_us=9 status=0 transfer_status=1
[HIXL_QUERY_PERF] layer=comm_engine request=0x10 total_us=12 status=0 transfer_status=1
[2026-08-24 20:47:23.124420][UC][I] [QUERY_PERF] component=ucm layer=hixl_instance request=0x10 queue_wait_us=10 backend_us=14 run_post_us=11 total_us=35 api_status=0 transfer_status=1 [16689,16702][hixl_instance.cpp:342,GetTransferStatus]
[2026-08-24 20:47:23.124430][UC][I] [QUERY_PERF] component=ucm layer=hixl_transport handle=22 request=0x10 lifecycle_lock_us=0 pending_lock_wait_us=0 pending_lookup_us=0 instance_us=43 erase_us=1 total_us=44 transfer_status=1 [16689,16702][hixl_transport.cpp:734,GetStatus]
[2026-08-24 20:47:23.124439][UC][I] [QUERY_PERF] component=ucm layer=transport_manager handle=22 transport_handle=22 transfers_lock_wait_us=1 lookup_us=0 transport_us=54 total_us=55 api_status=0 transfer_status=1 [16689,16702][transport_manager.cpp:716,GetStatus]
[2026-08-24 20:47:23.124444][UC][I] [PERF] component=transport event=transfer_done manager=127.0.0.1:8000 target=127.0.0.1:4501 handle=22 transport_handle=22 opcode=1 direct=2 segments=108 bytes=7962624 status=1 api_status=0 submitted_ts_us=1787575643122039 completed_ts_us=1787575643124443 manager_get_status_ts_us=1787575643124384 backend_query_ts_us=1787575643124395 submit_us=144 transfer_us=2404 manager_to_backend_query_us=11 total_us=2548 [16689,16702][transport_manager.cpp:727,GetStatus]
[HIXL_PERF] event=hccl_batch op=1 desc_num=1 hccl_us=53 status=0
[HIXL_PERF] event=issue_hccl_batch op=1 list_num=1 total_us=62
[HIXL_PERF] event=issue_async_host_flag op=1 list_num=1 context_us=1 hccl_issue_us=64 flag_memcpy_us=4 total_us=69
[HIXL_PERF] event=comm_channel_async op=1 list_num=1 mutex_wait_us=0 slot_us=0 host_flag_us=0 record_us=0 issue_us=73 total_us=73
[HIXL_PERF] event=adxl_inner_async op=1 list_num=1 context_us=0 connect_us=0 get_channel_us=1 channel_async_us=77 tail_us=0 total_us=78
[HIXL_PERF] event=comm_engine_async op=1 list_num=1 desc_build_us=1 inner_us=81 total_us=82 status=0
[2026-08-24 20:47:23.124566][UC][I] [PERF] component=transport event=transfer_submitted manager=127.0.0.1:8000 target=127.0.0.1:4501 handle=34 transport_handle=34 opcode=1 direct=2 segments=1 bytes=63 submitted_ts_us=1787575643124566 manager_execute_async_ts_us=1787575643124457 backend_execute_async_ts_us=1787575643124468 manager_to_backend_execute_async_us=11 submit_us=109 [16689,16702][transport_manager.cpp:674,ExecuteAsync]
[HIXL_QUERY_PERF] layer=comm_channel request=0x11 mutex_wait_us=0 check_us=0 lookup_us=0 flag_check_us=1 complete_us=1 total_us=2 transfer_status=1
[HIXL_QUERY_PERF] layer=adxl_inner request=0x11 context_us=0 req_lock_wait_us=0 lookup_us=1 channel_us=8 cleanup_us=1 total_us=10 status=0 transfer_status=1
[HIXL_QUERY_PERF] layer=comm_engine request=0x11 total_us=13 status=0 transfer_status=1
[2026-08-24 20:47:23.124615][UC][I] [QUERY_PERF] component=ucm layer=hixl_instance request=0x11 queue_wait_us=10 backend_us=15 run_post_us=10 total_us=35 api_status=0 transfer_status=1 [16689,16702][hixl_instance.cpp:342,GetTransferStatus]
[2026-08-24 20:47:23.124626][UC][I] [QUERY_PERF] component=ucm layer=hixl_transport handle=23 request=0x11 lifecycle_lock_us=0 pending_lock_wait_us=0 pending_lookup_us=0 instance_us=46 erase_us=0 total_us=46 transfer_status=1 [16689,16702][hixl_transport.cpp:734,GetStatus]
[2026-08-24 20:47:23.124630][UC][I] [QUERY_PERF] component=ucm layer=transport_manager handle=23 transport_handle=23 transfers_lock_wait_us=0 lookup_us=1 transport_us=51 total_us=52 api_status=0 transfer_status=1 [16689,16702][transport_manager.cpp:716,GetStatus]
[2026-08-24 20:47:23.124637][UC][I] [PERF] component=transport event=transfer_done manager=127.0.0.1:8000 target=127.0.0.1:4501 handle=23 transport_handle=23 opcode=1 direct=2 segments=108 bytes=7962624 status=1 api_status=0 submitted_ts_us=1787575643122226 completed_ts_us=1787575643124636 manager_get_status_ts_us=1787575643124578 backend_query_ts_us=1787575643124589 submit_us=150 transfer_us=2410 manager_to_backend_query_us=11 total_us=2560 [16689,16702][transport_manager.cpp:727,GetStatus]
[HIXL_PERF] event=hccl_batch op=1 desc_num=1 hccl_us=52 status=0
[HIXL_PERF] event=issue_hccl_batch op=1 list_num=1 total_us=61
[HIXL_PERF] event=issue_async_host_flag op=1 list_num=1 context_us=1 hccl_issue_us=63 flag_memcpy_us=4 total_us=68
[HIXL_PERF] event=comm_channel_async op=1 list_num=1 mutex_wait_us=0 slot_us=0 host_flag_us=0 record_us=0 issue_us=72 total_us=72
[HIXL_PERF] event=adxl_inner_async op=1 list_num=1 context_us=0 connect_us=0 get_channel_us=1 channel_async_us=76 tail_us=0 total_us=77
[HIXL_PERF] event=comm_engine_async op=1 list_num=1 desc_build_us=0 inner_us=80 total_us=80 status=0
[2026-08-24 20:47:23.124760][UC][I] [PERF] component=transport event=transfer_submitted manager=127.0.0.1:8000 target=127.0.0.1:4501 handle=35 transport_handle=35 opcode=1 direct=2 segments=1 bytes=63 submitted_ts_us=1787575643124759 manager_execute_async_ts_us=1787575643124650 backend_execute_async_ts_us=1787575643124662 manager_to_backend_execute_async_us=11 submit_us=108 [16689,16702][transport_manager.cpp:674,ExecuteAsync]
[HIXL_QUERY_PERF] layer=comm_channel request=0x7 mutex_wait_us=0 check_us=0 lookup_us=0 flag_check_us=1 complete_us=1 total_us=2 transfer_status=1
[HIXL_QUERY_PERF] layer=adxl_inner request=0x7 context_us=2 req_lock_wait_us=0 lookup_us=0 channel_us=13 cleanup_us=2 total_us=17 status=0 transfer_status=1
[HIXL_QUERY_PERF] layer=comm_engine request=0x7 total_us=22 status=0 transfer_status=1
[2026-08-24 20:47:23.124822][UC][I] [QUERY_PERF] component=ucm layer=hixl_instance request=0x7 queue_wait_us=14 backend_us=26 run_post_us=12 total_us=52 api_status=0 transfer_status=1 [16689,16702][hixl_instance.cpp:342,GetTransferStatus]
[2026-08-24 20:47:23.124834][UC][I] [QUERY_PERF] component=ucm layer=hixl_transport handle=26 request=0x7 lifecycle_lock_us=0 pending_lock_wait_us=0 pending_lookup_us=0 instance_us=63 erase_us=0 total_us=63 transfer_status=1 [16689,16702][hixl_transport.cpp:734,GetStatus]
[2026-08-24 20:47:23.124837][UC][I] [QUERY_PERF] component=ucm layer=transport_manager handle=26 transport_handle=26 transfers_lock_wait_us=0 lookup_us=1 transport_us=66 total_us=67 api_status=0 transfer_status=1 [16689,16702][transport_manager.cpp:716,GetStatus]
[2026-08-24 20:47:23.124842][UC][I] [PERF] component=transport event=transfer_done manager=127.0.0.1:8000 target=127.0.0.1:4502 handle=26 transport_handle=26 opcode=1 direct=2 segments=1 bytes=63 status=1 api_status=0 submitted_ts_us=1787575643122752 completed_ts_us=1787575643124840 manager_get_status_ts_us=1787575643124769 backend_query_ts_us=1787575643124784 submit_us=131 transfer_us=2089 manager_to_backend_query_us=15 total_us=2220 [16689,16702][transport_manager.cpp:727,GetStatus]
[2026-08-24 20:47:23.124855][UC][I] [PERF] component=drampool event=request_done request_id=1 opcode=2 peer=127.0.0.1:4502 batch_size=108 data_bytes=7962624 failed_items=0 status=SUCCESS failed_stage=NONE received_ts_us=1787575643117784 worker_started_ts_us=1787575643117911 data_transfer_submitted_ts_us=1787575643119841 data_transfer_completed_ts_us=1787575643122611 response_submitted_ts_us=1787575643122762 completed_ts_us=1787575643124853 data_tm_execute_async_ts_us=1787575643117939 data_hixl_execute_async_ts_us=1787575643117971 data_tm_get_status_ts_us=1787575643122536 data_hixl_query_handle_ts_us=1787575643122550 response_tm_execute_async_ts_us=1787575643122621 response_hixl_execute_async_ts_us=1787575643122635 response_tm_get_status_ts_us=1787575643124769 response_hixl_query_handle_ts_us=1787575643124784 request_queue_us=127 metadata_prepare_us=27 taskworker_prepare_us=1931 poller_queue_us=151 data_transfer_us=2771 metadata_settle_us=7 response_slot_wait_us=1 response_submit_us=142 response_transfer_us=2091 data_tm_to_hixl_execute_async_us=32 data_tm_to_hixl_query_handle_us=13 response_tm_to_hixl_execute_async_us=14 response_tm_to_hixl_query_handle_us=15 total_us=7069 [16689,16702][completion_poller.cc:56,LogRequestDone]
[HIXL_QUERY_PERF] layer=comm_channel request=0x8 mutex_wait_us=0 check_us=0 lookup_us=0 flag_check_us=1 complete_us=0 total_us=1 transfer_status=1
[HIXL_QUERY_PERF] layer=adxl_inner request=0x8 context_us=1 req_lock_wait_us=0 lookup_us=0 channel_us=9 cleanup_us=1 total_us=11 status=0 transfer_status=1
[HIXL_QUERY_PERF] layer=comm_engine request=0x8 total_us=14 status=0 transfer_status=1
[2026-08-24 20:47:23.124903][UC][I] [QUERY_PERF] component=ucm layer=hixl_instance request=0x8 queue_wait_us=12 backend_us=16 run_post_us=11 total_us=39 api_status=0 transfer_status=1 [16689,16702][hixl_instance.cpp:342,GetTransferStatus]
[2026-08-24 20:47:23.124914][UC][I] [QUERY_PERF] component=ucm layer=hixl_transport handle=27 request=0x8 lifecycle_lock_us=1 pending_lock_wait_us=0 pending_lookup_us=0 instance_us=48 erase_us=1 total_us=50 transfer_status=1 [16689,16702][hixl_transport.cpp:734,GetStatus]
[2026-08-24 20:47:23.124918][UC][I] [QUERY_PERF] component=ucm layer=transport_manager handle=27 transport_handle=27 transfers_lock_wait_us=0 lookup_us=0 transport_us=55 total_us=55 api_status=0 transfer_status=1 [16689,16702][transport_manager.cpp:716,GetStatus]
[2026-08-24 20:47:23.124926][UC][I] [PERF] component=transport event=transfer_done manager=127.0.0.1:8000 target=127.0.0.1:4502 handle=27 transport_handle=27 opcode=1 direct=2 segments=1 bytes=63 status=1 api_status=0 submitted_ts_us=1787575643122967 completed_ts_us=1787575643124925 manager_get_status_ts_us=1787575643124863 backend_query_ts_us=1787575643124876 submit_us=117 transfer_us=1958 manager_to_backend_query_us=13 total_us=2075 [16689,16702][transport_manager.cpp:727,GetStatus]
[2026-08-24 20:47:23.124934][UC][I] [PERF] component=drampool event=request_done request_id=2 opcode=2 peer=127.0.0.1:4502 batch_size=108 data_bytes=7962624 failed_items=0 status=SUCCESS failed_stage=NONE received_ts_us=1787575643117808 worker_started_ts_us=1787575643119844 data_transfer_submitted_ts_us=1787575643120094 data_transfer_completed_ts_us=1787575643122839 response_submitted_ts_us=1787575643122978 completed_ts_us=1787575643124932 data_tm_execute_async_ts_us=1787575643119858 data_hixl_execute_async_ts_us=1787575643119884 data_tm_get_status_ts_us=1787575643122763 data_hixl_query_handle_ts_us=1787575643122776 response_tm_execute_async_ts_us=1787575643122850 response_hixl_execute_async_ts_us=1787575643122863 response_tm_get_status_ts_us=1787575643124863 response_hixl_query_handle_ts_us=1787575643124876 request_queue_us=2036 metadata_prepare_us=13 taskworker_prepare_us=251 poller_queue_us=48 data_transfer_us=2746 metadata_settle_us=8 response_slot_wait_us=0 response_submit_us=130 response_transfer_us=1954 data_tm_to_hixl_execute_async_us=26 data_tm_to_hixl_query_handle_us=13 response_tm_to_hixl_execute_async_us=13 response_tm_to_hixl_query_handle_us=13 total_us=7124 [16689,16702][completion_poller.cc:56,LogRequestDone]
[HIXL_QUERY_PERF] layer=comm_channel request=0x9 mutex_wait_us=1 check_us=0 lookup_us=0 flag_check_us=0 complete_us=1 total_us=2 transfer_status=1
[HIXL_QUERY_PERF] layer=adxl_inner request=0x9 context_us=1 req_lock_wait_us=0 lookup_us=0 channel_us=10 cleanup_us=1 total_us=12 status=0 transfer_status=1
[HIXL_QUERY_PERF] layer=comm_engine request=0x9 total_us=16 status=0 transfer_status=1
[2026-08-24 20:47:23.124985][UC][I] [QUERY_PERF] component=ucm layer=hixl_instance request=0x9 queue_wait_us=12 backend_us=17 run_post_us=12 total_us=41 api_status=0 transfer_status=1 [16689,16702][hixl_instance.cpp:342,GetTransferStatus]
[2026-08-24 20:47:23.125001][UC][I] [QUERY_PERF] component=ucm layer=hixl_transport handle=28 request=0x9 lifecycle_lock_us=0 pending_lock_wait_us=0 pending_lookup_us=0 instance_us=55 erase_us=1 total_us=56 transfer_status=1 [16689,16702][hixl_transport.cpp:734,GetStatus]
[2026-08-24 20:47:23.125007][UC][I] [QUERY_PERF] component=ucm layer=transport_manager handle=28 transport_handle=28 transfers_lock_wait_us=0 lookup_us=0 transport_us=63 total_us=63 api_status=0 transfer_status=1 [16689,16702][transport_manager.cpp:716,GetStatus]
[2026-08-24 20:47:23.125012][UC][I] [PERF] component=transport event=transfer_done manager=127.0.0.1:8000 target=127.0.0.1:4502 handle=28 transport_handle=28 opcode=1 direct=2 segments=1 bytes=63 status=1 api_status=0 submitted_ts_us=1787575643123186 completed_ts_us=1787575643125011 manager_get_status_ts_us=1787575643124944 backend_query_ts_us=1787575643124956 submit_us=119 transfer_us=1825 manager_to_backend_query_us=12 total_us=1944 [16689,16702][transport_manager.cpp:727,GetStatus]
[2026-08-24 20:47:23.125020][UC][I] [PERF] component=drampool event=request_done request_id=3 opcode=2 peer=127.0.0.1:4502 batch_size=108 data_bytes=7962624 failed_items=0 status=SUCCESS failed_stage=NONE received_ts_us=1787575643117833 worker_started_ts_us=1787575643120096 data_transfer_submitted_ts_us=1787575643120297 data_transfer_completed_ts_us=1787575643123058 response_submitted_ts_us=1787575643123197 completed_ts_us=1787575643125018 data_tm_execute_async_ts_us=1787575643120113 data_hixl_execute_async_ts_us=1787575643120131 data_tm_get_status_ts_us=1787575643122978 data_hixl_query_handle_ts_us=1787575643122991 response_tm_execute_async_ts_us=1787575643123067 response_hixl_execute_async_ts_us=1787575643123080 response_tm_get_status_ts_us=1787575643124944 response_hixl_query_handle_ts_us=1787575643124956 request_queue_us=2263 metadata_prepare_us=15 taskworker_prepare_us=202 poller_queue_us=226 data_transfer_us=2761 metadata_settle_us=7 response_slot_wait_us=1 response_submit_us=131 response_transfer_us=1821 data_tm_to_hixl_execute_async_us=18 data_tm_to_hixl_query_handle_us=12 response_tm_to_hixl_execute_async_us=13 response_tm_to_hixl_query_handle_us=12 total_us=7185 [16689,16702][completion_poller.cc:56,LogRequestDone]
[HIXL_QUERY_PERF] layer=comm_channel request=0xa mutex_wait_us=0 check_us=0 lookup_us=0 flag_check_us=1 complete_us=0 total_us=1 transfer_status=1
[HIXL_QUERY_PERF] layer=adxl_inner request=0xa context_us=1 req_lock_wait_us=0 lookup_us=0 channel_us=10 cleanup_us=1 total_us=12 status=0 transfer_status=1
[HIXL_QUERY_PERF] layer=comm_engine request=0xa total_us=17 status=0 transfer_status=1
[2026-08-24 20:47:23.125073][UC][I] [QUERY_PERF] component=ucm layer=hixl_instance request=0xa queue_wait_us=12 backend_us=25 run_post_us=11 total_us=48 api_status=0 transfer_status=1 [16689,16702][hixl_instance.cpp:342,GetTransferStatus]
[2026-08-24 20:47:23.125083][UC][I] [QUERY_PERF] component=ucm layer=hixl_transport handle=29 request=0xa lifecycle_lock_us=0 pending_lock_wait_us=0 pending_lookup_us=0 instance_us=57 erase_us=0 total_us=57 transfer_status=1 [16689,16702][hixl_transport.cpp:734,GetStatus]
[2026-08-24 20:47:23.125090][UC][I] [QUERY_PERF] component=ucm layer=transport_manager handle=29 transport_handle=29 transfers_lock_wait_us=1 lookup_us=0 transport_us=64 total_us=65 api_status=0 transfer_status=1 [16689,16702][transport_manager.cpp:716,GetStatus]
[2026-08-24 20:47:23.125096][UC][I] [PERF] component=transport event=transfer_done manager=127.0.0.1:8000 target=127.0.0.1:4502 handle=29 transport_handle=29 opcode=1 direct=2 segments=1 bytes=63 status=1 api_status=0 submitted_ts_us=1787575643123390 completed_ts_us=1787575643125095 manager_get_status_ts_us=1787575643125024 backend_query_ts_us=1787575643125037 submit_us=111 transfer_us=1705 manager_to_backend_query_us=13 total_us=1816 [16689,16702][transport_manager.cpp:727,GetStatus]
[2026-08-24 20:47:23.125103][UC][I] [PERF] component=drampool event=request_done request_id=4 opcode=2 peer=127.0.0.1:4502 batch_size=108 data_bytes=7962624 failed_items=0 status=SUCCESS failed_stage=NONE received_ts_us=1787575643117867 worker_started_ts_us=1787575643120299 data_transfer_submitted_ts_us=1787575643120489 data_transfer_completed_ts_us=1787575643123270 response_submitted_ts_us=1787575643123405 completed_ts_us=1787575643125102 data_tm_execute_async_ts_us=1787575643120316 data_hixl_execute_async_ts_us=1787575643120332 data_tm_get_status_ts_us=1787575643123198 data_hixl_query_handle_ts_us=1787575643123210 response_tm_execute_async_ts_us=1787575643123278 response_hixl_execute_async_ts_us=1787575643123292 response_tm_get_status_ts_us=1787575643125024 response_hixl_query_handle_ts_us=1787575643125037 request_queue_us=2432 metadata_prepare_us=15 taskworker_prepare_us=191 poller_queue_us=34 data_transfer_us=2781 metadata_settle_us=7 response_slot_wait_us=1 response_submit_us=127 response_transfer_us=1696 data_tm_to_hixl_execute_async_us=16 data_tm_to_hixl_query_handle_us=12 response_tm_to_hixl_execute_async_us=13 response_tm_to_hixl_query_handle_us=13 total_us=7235 [16689,16702][completion_poller.cc:56,LogRequestDone]
[HIXL_QUERY_PERF] layer=comm_channel request=0xb mutex_wait_us=0 check_us=0 lookup_us=0 flag_check_us=0 complete_us=1 total_us=1 transfer_status=1
[HIXL_QUERY_PERF] layer=adxl_inner request=0xb context_us=1 req_lock_wait_us=0 lookup_us=0 channel_us=9 cleanup_us=1 total_us=11 status=0 transfer_status=1
[HIXL_QUERY_PERF] layer=comm_engine request=0xb total_us=14 status=0 transfer_status=1
[2026-08-24 20:47:23.125154][UC][I] [QUERY_PERF] component=ucm layer=hixl_instance request=0xb queue_wait_us=11 backend_us=17 run_post_us=11 total_us=39 api_status=0 transfer_status=1 [16689,16702][hixl_instance.cpp:342,GetTransferStatus]
[2026-08-24 20:47:23.125166][UC][I] [QUERY_PERF] component=ucm layer=hixl_transport handle=30 request=0xb lifecycle_lock_us=0 pending_lock_wait_us=0 pending_lookup_us=1 instance_us=51 erase_us=0 total_us=52 transfer_status=1 [16689,16702][hixl_transport.cpp:734,GetStatus]
[2026-08-24 20:47:23.125172][UC][I] [QUERY_PERF] component=ucm layer=transport_manager handle=30 transport_handle=30 transfers_lock_wait_us=0 lookup_us=0 transport_us=58 total_us=58 api_status=0 transfer_status=1 [16689,16702][transport_manager.cpp:716,GetStatus]
[2026-08-24 20:47:23.125177][UC][I] [PERF] component=transport event=transfer_done manager=127.0.0.1:8000 target=127.0.0.1:4502 handle=30 transport_handle=30 opcode=1 direct=2 segments=1 bytes=63 status=1 api_status=0 submitted_ts_us=1787575643123601 completed_ts_us=1787575643125176 manager_get_status_ts_us=1787575643125113 backend_query_ts_us=1787575643125126 submit_us=112 transfer_us=1575 manager_to_backend_query_us=12 total_us=1687 [16689,16702][transport_manager.cpp:727,GetStatus]
[2026-08-24 20:47:23.125184][UC][I] [PERF] component=drampool event=request_done request_id=5 opcode=2 peer=127.0.0.1:4502 batch_size=108 data_bytes=7962624 failed_items=0 status=SUCCESS failed_stage=NONE received_ts_us=1787575643117936 worker_started_ts_us=1787575643120491 data_transfer_submitted_ts_us=1787575643120688 data_transfer_completed_ts_us=1787575643123480 response_submitted_ts_us=1787575643123612 completed_ts_us=1787575643125182 data_tm_execute_async_ts_us=1787575643120506 data_hixl_execute_async_ts_us=1787575643120524 data_tm_get_status_ts_us=1787575643123406 data_hixl_query_handle_ts_us=1787575643123418 response_tm_execute_async_ts_us=1787575643123489 response_hixl_execute_async_ts_us=1787575643123502 response_tm_get_status_ts_us=1787575643125113 response_hixl_query_handle_ts_us=1787575643125126 request_queue_us=2555 metadata_prepare_us=14 taskworker_prepare_us=198 poller_queue_us=323 data_transfer_us=2793 metadata_settle_us=7 response_slot_wait_us=0 response_submit_us=124 response_transfer_us=1569 data_tm_to_hixl_execute_async_us=17 data_tm_to_hixl_query_handle_us=12 response_tm_to_hixl_execute_async_us=13 response_tm_to_hixl_query_handle_us=12 total_us=7246 [16689,16702][completion_poller.cc:56,LogRequestDone]
[HIXL_QUERY_PERF] layer=comm_channel request=0xc mutex_wait_us=0 check_us=0 lookup_us=0 flag_check_us=0 complete_us=1 total_us=1 transfer_status=1
[HIXL_QUERY_PERF] layer=adxl_inner request=0xc context_us=0 req_lock_wait_us=0 lookup_us=1 channel_us=9 cleanup_us=0 total_us=10 status=0 transfer_status=1
[HIXL_QUERY_PERF] layer=comm_engine request=0xc total_us=15 status=0 transfer_status=1
[2026-08-24 20:47:23.125235][UC][I] [QUERY_PERF] component=ucm layer=hixl_instance request=0xc queue_wait_us=11 backend_us=22 run_post_us=11 total_us=44 api_status=0 transfer_status=1 [16689,16702][hixl_instance.cpp:342,GetTransferStatus]
[2026-08-24 20:47:23.125245][UC][I] [QUERY_PERF] component=ucm layer=hixl_transport handle=31 request=0xc lifecycle_lock_us=0 pending_lock_wait_us=0 pending_lookup_us=0 instance_us=54 erase_us=1 total_us=55 transfer_status=1 [16689,16702][hixl_transport.cpp:734,GetStatus]
[2026-08-24 20:47:23.125248][UC][I] [QUERY_PERF] component=ucm layer=transport_manager handle=31 transport_handle=31 transfers_lock_wait_us=0 lookup_us=0 transport_us=59 total_us=59 api_status=0 transfer_status=1 [16689,16702][transport_manager.cpp:716,GetStatus]
[2026-08-24 20:47:23.125253][UC][I] [PERF] component=transport event=transfer_done manager=127.0.0.1:8000 target=127.0.0.1:4502 handle=31 transport_handle=31 opcode=1 direct=2 segments=1 bytes=63 status=1 api_status=0 submitted_ts_us=1787575643123805 completed_ts_us=1787575643125252 manager_get_status_ts_us=1787575643125189 backend_query_ts_us=1787575643125201 submit_us=111 transfer_us=1446 manager_to_backend_query_us=12 total_us=1557 [16689,16702][transport_manager.cpp:727,GetStatus]
[2026-08-24 20:47:23.125269][UC][I] [PERF] component=drampool event=request_done request_id=6 opcode=2 peer=127.0.0.1:4502 batch_size=108 data_bytes=7962624 failed_items=0 status=SUCCESS failed_stage=NONE received_ts_us=1787575643117939 worker_started_ts_us=1787575643120690 data_transfer_submitted_ts_us=1787575643120881 data_transfer_completed_ts_us=1787575643123687 response_submitted_ts_us=1787575643123819 completed_ts_us=1787575643125267 data_tm_execute_async_ts_us=1787575643120705 data_hixl_execute_async_ts_us=1787575643120721 data_tm_get_status_ts_us=1787575643123613 data_hixl_query_handle_ts_us=1787575643123626 response_tm_execute_async_ts_us=1787575643123695 response_hixl_execute_async_ts_us=1787575643123708 response_tm_get_status_ts_us=1787575643125189 response_hixl_query_handle_ts_us=1787575643125201 request_queue_us=2751 metadata_prepare_us=14 taskworker_prepare_us=192 poller_queue_us=130 data_transfer_us=2806 metadata_settle_us=7 response_slot_wait_us=0 response_submit_us=125 response_transfer_us=1447 data_tm_to_hixl_execute_async_us=16 data_tm_to_hixl_query_handle_us=13 response_tm_to_hixl_execute_async_us=13 response_tm_to_hixl_query_handle_us=12 total_us=7328 [16689,16702][completion_poller.cc:56,LogRequestDone]
[HIXL_QUERY_PERF] layer=comm_channel request=0x14 mutex_wait_us=0 check_us=0 lookup_us=0 flag_check_us=0 complete_us=2 total_us=2 transfer_status=1
[HIXL_QUERY_PERF] layer=adxl_inner request=0x14 context_us=1 req_lock_wait_us=0 lookup_us=1 channel_us=9 cleanup_us=1 total_us=12 status=0 transfer_status=1
[HIXL_QUERY_PERF] layer=comm_engine request=0x14 total_us=19 status=0 transfer_status=1
[2026-08-24 20:47:23.125317][UC][I] [QUERY_PERF] component=ucm layer=hixl_instance request=0x14 queue_wait_us=11 backend_us=21 run_post_us=10 total_us=42 api_status=0 transfer_status=1 [16689,16702][hixl_instance.cpp:342,GetTransferStatus]
[2026-08-24 20:47:23.125326][UC][I] [QUERY_PERF] component=ucm layer=hixl_transport handle=32 request=0x14 lifecycle_lock_us=0 pending_lock_wait_us=0 pending_lookup_us=0 instance_us=51 erase_us=0 total_us=51 transfer_status=1 [16689,16702][hixl_transport.cpp:734,GetStatus]
[2026-08-24 20:47:23.125333][UC][I] [QUERY_PERF] component=ucm layer=transport_manager handle=32 transport_handle=32 transfers_lock_wait_us=0 lookup_us=0 transport_us=59 total_us=59 api_status=0 transfer_status=1 [16689,16702][transport_manager.cpp:716,GetStatus]
[2026-08-24 20:47:23.125339][UC][I] [PERF] component=transport event=transfer_done manager=127.0.0.1:8000 target=127.0.0.1:4501 handle=32 transport_handle=32 opcode=1 direct=2 segments=1 bytes=63 status=1 api_status=0 submitted_ts_us=1787575643124182 completed_ts_us=1787575643125338 manager_get_status_ts_us=1787575643125273 backend_query_ts_us=1787575643125285 submit_us=123 transfer_us=1156 manager_to_backend_query_us=11 total_us=1279 [16689,16702][transport_manager.cpp:727,GetStatus]
[2026-08-24 20:47:23.125346][UC][I] [PERF] component=drampool event=request_done request_id=5 opcode=2 peer=127.0.0.1:4501 batch_size=108 data_bytes=7962624 failed_items=0 status=SUCCESS failed_stage=NONE received_ts_us=1787575643120595 worker_started_ts_us=1787575643121439 data_transfer_submitted_ts_us=1787575643121647 data_transfer_completed_ts_us=1787575643124049 response_submitted_ts_us=1787575643124191 completed_ts_us=1787575643125344 data_tm_execute_async_ts_us=1787575643121455 data_hixl_execute_async_ts_us=1787575643121472 data_tm_get_status_ts_us=1787575643123991 data_hixl_query_handle_ts_us=1787575643124001 response_tm_execute_async_ts_us=1787575643124058 response_hixl_execute_async_ts_us=1787575643124069 response_tm_get_status_ts_us=1787575643125273 response_hixl_query_handle_ts_us=1787575643125285 request_queue_us=844 metadata_prepare_us=14 taskworker_prepare_us=210 poller_queue_us=886 data_transfer_us=2402 metadata_settle_us=7 response_slot_wait_us=0 response_submit_us=135 response_transfer_us=1151 data_tm_to_hixl_execute_async_us=17 data_tm_to_hixl_query_handle_us=10 response_tm_to_hixl_execute_async_us=11 response_tm_to_hixl_query_handle_us=11 total_us=4749 [16689,16702][completion_poller.cc:56,LogRequestDone]
[HIXL_QUERY_PERF] layer=comm_channel request=0x15 mutex_wait_us=0 check_us=0 lookup_us=0 flag_check_us=1 complete_us=0 total_us=1 transfer_status=1
[HIXL_QUERY_PERF] layer=adxl_inner request=0x15 context_us=1 req_lock_wait_us=0 lookup_us=0 channel_us=10 cleanup_us=0 total_us=11 status=0 transfer_status=1
[HIXL_QUERY_PERF] layer=comm_engine request=0x15 total_us=15 status=0 transfer_status=1
[2026-08-24 20:47:23.125394][UC][I] [QUERY_PERF] component=ucm layer=hixl_instance request=0x15 queue_wait_us=11 backend_us=17 run_post_us=10 total_us=38 api_status=0 transfer_status=1 [16689,16702][hixl_instance.cpp:342,GetTransferStatus]
[2026-08-24 20:47:23.125403][UC][I] [QUERY_PERF] component=ucm layer=hixl_transport handle=33 request=0x15 lifecycle_lock_us=0 pending_lock_wait_us=0 pending_lookup_us=0 instance_us=47 erase_us=0 total_us=47 transfer_status=1 [16689,16702][hixl_transport.cpp:734,GetStatus]
[2026-08-24 20:47:23.125408][UC][I] [QUERY_PERF] component=ucm layer=transport_manager handle=33 transport_handle=33 transfers_lock_wait_us=0 lookup_us=0 transport_us=53 total_us=53 api_status=0 transfer_status=1 [16689,16702][transport_manager.cpp:716,GetStatus]
[2026-08-24 20:47:23.125413][UC][I] [PERF] component=transport event=transfer_done manager=127.0.0.1:8000 target=127.0.0.1:4501 handle=33 transport_handle=33 opcode=1 direct=2 segments=1 bytes=63 status=1 api_status=0 submitted_ts_us=1787575643124375 completed_ts_us=1787575643125412 manager_get_status_ts_us=1787575643125355 backend_query_ts_us=1787575643125366 submit_us=110 transfer_us=1037 manager_to_backend_query_us=11 total_us=1147 [16689,16702][transport_manager.cpp:727,GetStatus]
[2026-08-24 20:47:23.125422][UC][I] [PERF] component=drampool event=request_done request_id=6 opcode=2 peer=127.0.0.1:4501 batch_size=108 data_bytes=7962624 failed_items=0 status=SUCCESS failed_stage=NONE received_ts_us=1787575643120598 worker_started_ts_us=1787575643121649 data_transfer_submitted_ts_us=1787575643121877 data_transfer_completed_ts_us=1787575643124257 response_submitted_ts_us=1787575643124384 completed_ts_us=1787575643125420 data_tm_execute_async_ts_us=1787575643121665 data_hixl_execute_async_ts_us=1787575643121682 data_tm_get_status_ts_us=1787575643124192 data_hixl_query_handle_ts_us=1787575643124203 response_tm_execute_async_ts_us=1787575643124265 response_hixl_execute_async_ts_us=1787575643124276 response_tm_get_status_ts_us=1787575643125355 response_hixl_query_handle_ts_us=1787575643125366 request_queue_us=1052 metadata_prepare_us=14 taskworker_prepare_us=228 poller_queue_us=658 data_transfer_us=2380 metadata_settle_us=7 response_slot_wait_us=0 response_submit_us=120 response_transfer_us=1036 data_tm_to_hixl_execute_async_us=17 data_tm_to_hixl_query_handle_us=11 response_tm_to_hixl_execute_async_us=11 response_tm_to_hixl_query_handle_us=11 total_us=4823 [16689,16702][completion_poller.cc:56,LogRequestDone]
[HIXL_QUERY_PERF] layer=comm_channel request=0x16 mutex_wait_us=0 check_us=0 lookup_us=0 flag_check_us=0 complete_us=1 total_us=1 transfer_status=1
[HIXL_QUERY_PERF] layer=adxl_inner request=0x16 context_us=0 req_lock_wait_us=0 lookup_us=1 channel_us=8 cleanup_us=0 total_us=9 status=0 transfer_status=1
[HIXL_QUERY_PERF] layer=comm_engine request=0x16 total_us=12 status=0 transfer_status=1
[2026-08-24 20:47:23.125463][UC][I] [QUERY_PERF] component=ucm layer=hixl_instance request=0x16 queue_wait_us=9 backend_us=14 run_post_us=11 total_us=34 api_status=0 transfer_status=1 [16689,16702][hixl_instance.cpp:342,GetTransferStatus]
[2026-08-24 20:47:23.125472][UC][I] [QUERY_PERF] component=ucm layer=hixl_transport handle=34 request=0x16 lifecycle_lock_us=0 pending_lock_wait_us=1 pending_lookup_us=0 instance_us=42 erase_us=0 total_us=43 transfer_status=1 [16689,16702][hixl_transport.cpp:734,GetStatus]
[2026-08-24 20:47:23.125475][UC][I] [QUERY_PERF] component=ucm layer=transport_manager handle=34 transport_handle=34 transfers_lock_wait_us=0 lookup_us=0 transport_us=47 total_us=47 api_status=0 transfer_status=1 [16689,16702][transport_manager.cpp:716,GetStatus]
[2026-08-24 20:47:23.125481][UC][I] [PERF] component=transport event=transfer_done manager=127.0.0.1:8000 target=127.0.0.1:4501 handle=34 transport_handle=34 opcode=1 direct=2 segments=1 bytes=63 status=1 api_status=0 submitted_ts_us=1787575643124566 completed_ts_us=1787575643125479 manager_get_status_ts_us=1787575643125428 backend_query_ts_us=1787575643125439 submit_us=109 transfer_us=914 manager_to_backend_query_us=10 total_us=1023 [16689,16702][transport_manager.cpp:727,GetStatus]
[2026-08-24 20:47:23.125487][UC][I] [PERF] component=drampool event=request_done request_id=7 opcode=2 peer=127.0.0.1:4501 batch_size=108 data_bytes=7962624 failed_items=0 status=SUCCESS failed_stage=NONE received_ts_us=1787575643120601 worker_started_ts_us=1787575643121879 data_transfer_submitted_ts_us=1787575643122057 data_transfer_completed_ts_us=1787575643124448 response_submitted_ts_us=1787575643124577 completed_ts_us=1787575643125485 data_tm_execute_async_ts_us=1787575643121894 data_hixl_execute_async_ts_us=1787575643121908 data_tm_get_status_ts_us=1787575643124384 data_hixl_query_handle_ts_us=1787575643124395 response_tm_execute_async_ts_us=1787575643124457 response_hixl_execute_async_ts_us=1787575643124468 response_tm_get_status_ts_us=1787575643125428 response_hixl_query_handle_ts_us=1787575643125439 request_queue_us=1278 metadata_prepare_us=14 taskworker_prepare_us=179 poller_queue_us=478 data_transfer_us=2392 metadata_settle_us=6 response_slot_wait_us=1 response_submit_us=122 response_transfer_us=907 data_tm_to_hixl_execute_async_us=14 data_tm_to_hixl_query_handle_us=11 response_tm_to_hixl_execute_async_us=11 response_tm_to_hixl_query_handle_us=10 total_us=4885 [16689,16702][completion_poller.cc:56,LogRequestDone]
[HIXL_QUERY_PERF] layer=comm_channel request=0x17 mutex_wait_us=0 check_us=0 lookup_us=0 flag_check_us=1 complete_us=0 total_us=1 transfer_status=1
[HIXL_QUERY_PERF] layer=adxl_inner request=0x17 context_us=1 req_lock_wait_us=0 lookup_us=0 channel_us=8 cleanup_us=0 total_us=9 status=0 transfer_status=1
[HIXL_QUERY_PERF] layer=comm_engine request=0x17 total_us=12 status=0 transfer_status=1
[2026-08-24 20:47:23.125535][UC][I] [QUERY_PERF] component=ucm layer=hixl_instance request=0x17 queue_wait_us=10 backend_us=13 run_post_us=10 total_us=33 api_status=0 transfer_status=1 [16689,16702][hixl_instance.cpp:342,GetTransferStatus]
[2026-08-24 20:47:23.125545][UC][I] [QUERY_PERF] component=ucm layer=hixl_transport handle=35 request=0x17 lifecycle_lock_us=0 pending_lock_wait_us=0 pending_lookup_us=0 instance_us=42 erase_us=1 total_us=43 transfer_status=1 [16689,16702][hixl_transport.cpp:734,GetStatus]
[2026-08-24 20:47:23.125547][UC][I] [QUERY_PERF] component=ucm layer=transport_manager handle=35 transport_handle=35 transfers_lock_wait_us=0 lookup_us=0 transport_us=46 total_us=46 api_status=0 transfer_status=1 [16689,16702][transport_manager.cpp:716,GetStatus]
[2026-08-24 20:47:23.125552][UC][I] [PERF] component=transport event=transfer_done manager=127.0.0.1:8000 target=127.0.0.1:4501 handle=35 transport_handle=35 opcode=1 direct=2 segments=1 bytes=63 status=1 api_status=0 submitted_ts_us=1787575643124759 completed_ts_us=1787575643125551 manager_get_status_ts_us=1787575643125501 backend_query_ts_us=1787575643125511 submit_us=108 transfer_us=792 manager_to_backend_query_us=10 total_us=900 [16689,16702][transport_manager.cpp:727,GetStatus]
[2026-08-24 20:47:23.125559][UC][I] [PERF] component=drampool event=request_done request_id=8 opcode=2 peer=127.0.0.1:4501 batch_size=108 data_bytes=7962624 failed_items=0 status=SUCCESS failed_stage=NONE received_ts_us=1787575643120603 worker_started_ts_us=1787575643122059 data_transfer_submitted_ts_us=1787575643122238 data_transfer_completed_ts_us=1787575643124642 response_submitted_ts_us=1787575643124768 completed_ts_us=1787575643125557 data_tm_execute_async_ts_us=1787575643122074 data_hixl_execute_async_ts_us=1787575643122090 data_tm_get_status_ts_us=1787575643124578 data_hixl_query_handle_ts_us=1787575643124589 response_tm_execute_async_ts_us=1787575643124650 response_hixl_execute_async_ts_us=1787575643124662 response_tm_get_status_ts_us=1787575643125501 response_hixl_query_handle_ts_us=1787575643125511 request_queue_us=1456 metadata_prepare_us=15 taskworker_prepare_us=180 poller_queue_us=297 data_transfer_us=2404 metadata_settle_us=7 response_slot_wait_us=0 response_submit_us=120 response_transfer_us=787 data_tm_to_hixl_execute_async_us=16 data_tm_to_hixl_query_handle_us=11 response_tm_to_hixl_execute_async_us=11 response_tm_to_hixl_query_handle_us=10 total_us=4954 [16689,16702][completion_poller.cc:56,LogRequestDone]
[HIXL_PERF] event=hccl_batch op=1 desc_num=1 hccl_us=250 status=0
[HIXL_PERF] event=issue_hccl_batch op=1 list_num=1 total_us=277
[HIXL_PERF] event=issue_async_host_flag op=1 list_num=1 context_us=1 hccl_issue_us=282 flag_memcpy_us=14 total_us=297
[HIXL_PERF] event=comm_channel_async op=1 list_num=1 mutex_wait_us=1 slot_us=1 host_flag_us=2 record_us=1 issue_us=302 total_us=307
[HIXL_PERF] event=adxl_inner_async op=1 list_num=1 context_us=12 connect_us=0 get_channel_us=4 channel_async_us=311 tail_us=2 total_us=329
[HIXL_PERF] event=comm_engine_async op=1 list_num=1 desc_build_us=1 inner_us=335 total_us=336 status=0
[2026-08-24 20:47:27.932018][UC][I] [PERF] component=transport event=transfer_submitted manager=127.0.0.1:8000 target=127.0.0.1:4500 handle=36 transport_handle=36 opcode=1 direct=2 segments=1 bytes=10 submitted_ts_us=1787575647932016 manager_execute_async_ts_us=1787575647931614 backend_execute_async_ts_us=1787575647931642 manager_to_backend_execute_async_us=28 submit_us=400 [16689,16702][transport_manager.cpp:674,ExecuteAsync]
[HIXL_QUERY_PERF] layer=comm_channel request=0x18 mutex_wait_us=0 check_us=1 lookup_us=1 flag_check_us=0 complete_us=7 total_us=9 transfer_status=1
[HIXL_QUERY_PERF] layer=adxl_inner request=0x18 context_us=1 req_lock_wait_us=0 lookup_us=2 channel_us=18 cleanup_us=1 total_us=22 status=0 transfer_status=1
[HIXL_QUERY_PERF] layer=comm_engine request=0x18 total_us=26 status=0 transfer_status=1
[2026-08-24 20:47:27.932115][UC][I] [QUERY_PERF] component=ucm layer=hixl_instance request=0x18 queue_wait_us=12 backend_us=31 run_post_us=11 total_us=54 api_status=0 transfer_status=1 [16689,16702][hixl_instance.cpp:342,GetTransferStatus]
[2026-08-24 20:47:27.932135][UC][I] [QUERY_PERF] component=ucm layer=hixl_transport handle=36 request=0x18 lifecycle_lock_us=0 pending_lock_wait_us=0 pending_lookup_us=0 instance_us=74 erase_us=0 total_us=74 transfer_status=1 [16689,16702][hixl_transport.cpp:734,GetStatus]
[2026-08-24 20:47:27.932140][UC][I] [QUERY_PERF] component=ucm layer=transport_manager handle=36 transport_handle=36 transfers_lock_wait_us=0 lookup_us=0 transport_us=81 total_us=81 api_status=0 transfer_status=1 [16689,16702][transport_manager.cpp:716,GetStatus]
[2026-08-24 20:47:27.932145][UC][I] [PERF] component=transport event=transfer_done manager=127.0.0.1:8000 target=127.0.0.1:4500 handle=36 transport_handle=36 opcode=1 direct=2 segments=1 bytes=10 status=1 api_status=0 submitted_ts_us=1787575647932016 completed_ts_us=1787575647932143 manager_get_status_ts_us=1787575647932058 backend_query_ts_us=1787575647932072 submit_us=400 transfer_us=128 manager_to_backend_query_us=13 total_us=528 [16689,16702][transport_manager.cpp:727,GetStatus]
[2026-08-24 20:47:27.932153][UC][I] [PERF] component=drampool event=request_done request_id=9 opcode=0 peer=127.0.0.1:4500 batch_size=2 data_bytes=0 failed_items=0 status=SUCCESS failed_stage=NONE received_ts_us=1787575647931301 worker_started_ts_us=1787575647931456 data_transfer_submitted_ts_us=0 data_transfer_completed_ts_us=0 response_submitted_ts_us=1787575647932057 completed_ts_us=1787575647932150 data_tm_execute_async_ts_us=0 data_hixl_execute_async_ts_us=0 data_tm_get_status_ts_us=0 data_hixl_query_handle_ts_us=0 response_tm_execute_async_ts_us=1787575647931614 response_hixl_execute_async_ts_us=1787575647931642 response_tm_get_status_ts_us=1787575647932058 response_hixl_query_handle_ts_us=1787575647932072 request_queue_us=155 metadata_prepare_us=2 taskworker_prepare_us=7 poller_queue_us=142 data_transfer_us=0 metadata_settle_us=0 response_slot_wait_us=145 response_submit_us=450 response_transfer_us=92 data_tm_to_hixl_execute_async_us=0 data_tm_to_hixl_query_handle_us=0 response_tm_to_hixl_execute_async_us=28 response_tm_to_hixl_query_handle_us=13 total_us=849 [16689,16702][completion_poller.cc:56,LogRequestDone]
[HIXL_PERF] event=hccl_batch op=1 desc_num=1 hccl_us=90 status=0
[HIXL_PERF] event=issue_hccl_batch op=1 list_num=1 total_us=98
[HIXL_PERF] event=issue_async_host_flag op=1 list_num=1 context_us=0 hccl_issue_us=101 flag_memcpy_us=6 total_us=107
[HIXL_PERF] event=comm_channel_async op=1 list_num=1 mutex_wait_us=0 slot_us=0 host_flag_us=1 record_us=0 issue_us=110 total_us=111
[HIXL_PERF] event=adxl_inner_async op=1 list_num=1 context_us=1 connect_us=0 get_channel_us=0 channel_async_us=114 tail_us=1 total_us=116
[HIXL_PERF] event=comm_engine_async op=1 list_num=1 desc_build_us=0 inner_us=118 total_us=118 status=0
[2026-08-24 20:47:27.932772][UC][I] [PERF] component=transport event=transfer_submitted manager=127.0.0.1:8000 target=127.0.0.1:4500 handle=37 transport_handle=37 opcode=1 direct=2 segments=1 bytes=10 submitted_ts_us=1787575647932771 manager_execute_async_ts_us=1787575647932622 backend_execute_async_ts_us=1787575647932635 manager_to_backend_execute_async_us=13 submit_us=149 [16689,16702][transport_manager.cpp:674,ExecuteAsync]
[HIXL_QUERY_PERF] layer=comm_channel request=0x19 mutex_wait_us=0 check_us=0 lookup_us=1 flag_check_us=0 complete_us=1 total_us=2 transfer_status=1
[HIXL_QUERY_PERF] layer=adxl_inner request=0x19 context_us=1 req_lock_wait_us=0 lookup_us=0 channel_us=17 cleanup_us=1 total_us=19 status=0 transfer_status=1
[HIXL_QUERY_PERF] layer=comm_engine request=0x19 total_us=23 status=0 transfer_status=1
[2026-08-24 20:47:27.932832][UC][I] [QUERY_PERF] component=ucm layer=hixl_instance request=0x19 queue_wait_us=10 backend_us=28 run_post_us=10 total_us=48 api_status=0 transfer_status=1 [16689,16702][hixl_instance.cpp:342,GetTransferStatus]
[2026-08-24 20:47:27.932842][UC][I] [QUERY_PERF] component=ucm layer=hixl_transport handle=37 request=0x19 lifecycle_lock_us=0 pending_lock_wait_us=0 pending_lookup_us=0 instance_us=57 erase_us=0 total_us=57 transfer_status=1 [16689,16702][hixl_transport.cpp:734,GetStatus]
[2026-08-24 20:47:27.932846][UC][I] [QUERY_PERF] component=ucm layer=transport_manager handle=37 transport_handle=37 transfers_lock_wait_us=0 lookup_us=0 transport_us=61 total_us=61 api_status=0 transfer_status=1 [16689,16702][transport_manager.cpp:716,GetStatus]
[2026-08-24 20:47:27.932852][UC][I] [PERF] component=transport event=transfer_done manager=127.0.0.1:8000 target=127.0.0.1:4500 handle=37 transport_handle=37 opcode=1 direct=2 segments=1 bytes=10 status=1 api_status=0 submitted_ts_us=1787575647932771 completed_ts_us=1787575647932851 manager_get_status_ts_us=1787575647932783 backend_query_ts_us=1787575647932795 submit_us=149 transfer_us=80 manager_to_backend_query_us=10 total_us=229 [16689,16702][transport_manager.cpp:727,GetStatus]
[2026-08-24 20:47:27.932859][UC][I] [PERF] component=drampool event=request_done request_id=10 opcode=0 peer=127.0.0.1:4500 batch_size=2 data_bytes=0 failed_items=0 status=SUCCESS failed_stage=NONE received_ts_us=1787575647932502 worker_started_ts_us=1787575647932533 data_transfer_submitted_ts_us=0 data_transfer_completed_ts_us=0 response_submitted_ts_us=1787575647932783 completed_ts_us=1787575647932856 data_tm_execute_async_ts_us=0 data_hixl_execute_async_ts_us=0 data_tm_get_status_ts_us=0 data_hixl_query_handle_ts_us=0 response_tm_execute_async_ts_us=1787575647932622 response_hixl_execute_async_ts_us=1787575647932635 response_tm_get_status_ts_us=1787575647932783 response_hixl_query_handle_ts_us=1787575647932795 request_queue_us=31 metadata_prepare_us=1 taskworker_prepare_us=2 poller_queue_us=85 data_transfer_us=0 metadata_settle_us=0 response_slot_wait_us=86 response_submit_us=163 response_transfer_us=73 data_tm_to_hixl_execute_async_us=0 data_tm_to_hixl_query_handle_us=0 response_tm_to_hixl_execute_async_us=13 response_tm_to_hixl_query_handle_us=10 total_us=355 [16689,16702][completion_poller.cc:56,LogRequestDone]
[HIXL_PERF] event=hccl_batch op=1 desc_num=1 hccl_us=65 status=0
[HIXL_PERF] event=issue_hccl_batch op=1 list_num=1 total_us=72
[HIXL_PERF] event=issue_async_host_flag op=1 list_num=1 context_us=1 hccl_issue_us=74 flag_memcpy_us=5 total_us=80
[HIXL_PERF] event=comm_channel_async op=1 list_num=1 mutex_wait_us=0 slot_us=1 host_flag_us=0 record_us=0 issue_us=83 total_us=84
[HIXL_PERF] event=adxl_inner_async op=1 list_num=1 context_us=1 connect_us=0 get_channel_us=0 channel_async_us=86 tail_us=0 total_us=87
[HIXL_PERF] event=comm_engine_async op=1 list_num=1 desc_build_us=0 inner_us=89 total_us=89 status=0
[2026-08-24 20:47:27.933156][UC][I] [PERF] component=transport event=transfer_submitted manager=127.0.0.1:8000 target=127.0.0.1:4500 handle=38 transport_handle=38 opcode=1 direct=2 segments=1 bytes=10 submitted_ts_us=1787575647933155 manager_execute_async_ts_us=1787575647933037 backend_execute_async_ts_us=1787575647933049 manager_to_backend_execute_async_us=11 submit_us=117 [16689,16702][transport_manager.cpp:674,ExecuteAsync]
[HIXL_QUERY_PERF] layer=comm_channel request=0x1a mutex_wait_us=0 check_us=0 lookup_us=0 flag_check_us=1 complete_us=1 total_us=2 transfer_status=1
[HIXL_QUERY_PERF] layer=adxl_inner request=0x1a context_us=0 req_lock_wait_us=0 lookup_us=1 channel_us=8 cleanup_us=0 total_us=9 status=0 transfer_status=1
[HIXL_QUERY_PERF] layer=comm_engine request=0x1a total_us=13 status=0 transfer_status=1
[2026-08-24 20:47:27.933208][UC][I] [QUERY_PERF] component=ucm layer=hixl_instance request=0x1a queue_wait_us=10 backend_us=18 run_post_us=10 total_us=38 api_status=0 transfer_status=1 [16689,16702][hixl_instance.cpp:342,GetTransferStatus]
[2026-08-24 20:47:27.933218][UC][I] [QUERY_PERF] component=ucm layer=hixl_transport handle=38 request=0x1a lifecycle_lock_us=0 pending_lock_wait_us=0 pending_lookup_us=0 instance_us=46 erase_us=1 total_us=47 transfer_status=1 [16689,16702][hixl_transport.cpp:734,GetStatus]
[2026-08-24 20:47:27.933222][UC][I] [QUERY_PERF] component=ucm layer=transport_manager handle=38 transport_handle=38 transfers_lock_wait_us=0 lookup_us=1 transport_us=52 total_us=53 api_status=0 transfer_status=1 [16689,16702][transport_manager.cpp:716,GetStatus]
[2026-08-24 20:47:27.933226][UC][I] [PERF] component=transport event=transfer_done manager=127.0.0.1:8000 target=127.0.0.1:4500 handle=38 transport_handle=38 opcode=1 direct=2 segments=1 bytes=10 status=1 api_status=0 submitted_ts_us=1787575647933155 completed_ts_us=1787575647933225 manager_get_status_ts_us=1787575647933169 backend_query_ts_us=1787575647933180 submit_us=117 transfer_us=70 manager_to_backend_query_us=11 total_us=187 [16689,16702][transport_manager.cpp:727,GetStatus]
[2026-08-24 20:47:27.933232][UC][I] [PERF] component=drampool event=request_done request_id=11 opcode=0 peer=127.0.0.1:4500 batch_size=2 data_bytes=0 failed_items=0 status=SUCCESS failed_stage=NONE received_ts_us=1787575647932988 worker_started_ts_us=1787575647932992 data_transfer_submitted_ts_us=0 data_transfer_completed_ts_us=0 response_submitted_ts_us=1787575647933168 completed_ts_us=1787575647933229 data_tm_execute_async_ts_us=0 data_hixl_execute_async_ts_us=0 data_tm_get_status_ts_us=0 data_hixl_query_handle_ts_us=0 response_tm_execute_async_ts_us=1787575647933037 response_hixl_execute_async_ts_us=1787575647933049 response_tm_get_status_ts_us=1787575647933169 response_hixl_query_handle_ts_us=1787575647933180 request_queue_us=4 metadata_prepare_us=0 taskworker_prepare_us=2 poller_queue_us=42 data_transfer_us=0 metadata_settle_us=0 response_slot_wait_us=43 response_submit_us=133 response_transfer_us=60 data_tm_to_hixl_execute_async_us=0 data_tm_to_hixl_query_handle_us=0 response_tm_to_hixl_execute_async_us=11 response_tm_to_hixl_query_handle_us=11 total_us=242 [16689,16702][completion_poller.cc:56,LogRequestDone]
[HIXL_PERF] event=hccl_batch op=1 desc_num=1 hccl_us=59 status=0
[HIXL_PERF] event=issue_hccl_batch op=1 list_num=1 total_us=68
[HIXL_PERF] event=issue_async_host_flag op=1 list_num=1 context_us=0 hccl_issue_us=71 flag_memcpy_us=5 total_us=76
[HIXL_PERF] event=comm_channel_async op=1 list_num=1 mutex_wait_us=0 slot_us=0 host_flag_us=0 record_us=0 issue_us=80 total_us=80
[HIXL_PERF] event=adxl_inner_async op=1 list_num=1 context_us=1 connect_us=0 get_channel_us=0 channel_async_us=83 tail_us=0 total_us=84
[HIXL_PERF] event=comm_engine_async op=1 list_num=1 desc_build_us=0 inner_us=86 total_us=86 status=0
[2026-08-24 20:47:27.933660][UC][I] [PERF] component=transport event=transfer_submitted manager=127.0.0.1:8000 target=127.0.0.1:4500 handle=39 transport_handle=39 opcode=1 direct=2 segments=1 bytes=10 submitted_ts_us=1787575647933659 manager_execute_async_ts_us=1787575647933544 backend_execute_async_ts_us=1787575647933555 manager_to_backend_execute_async_us=11 submit_us=115 [16689,16702][transport_manager.cpp:674,ExecuteAsync]
[HIXL_QUERY_PERF] layer=comm_channel request=0x1b mutex_wait_us=0 check_us=0 lookup_us=0 flag_check_us=0 complete_us=0 total_us=0 transfer_status=0
[HIXL_QUERY_PERF] layer=adxl_inner request=0x1b context_us=0 req_lock_wait_us=0 lookup_us=1 channel_us=8 cleanup_us=0 total_us=9 status=0 transfer_status=0
[HIXL_QUERY_PERF] layer=comm_engine request=0x1b total_us=13 status=0 transfer_status=0
[2026-08-24 20:47:27.933712][UC][I] [QUERY_PERF] component=ucm layer=hixl_instance request=0x1b queue_wait_us=10 backend_us=16 run_post_us=10 total_us=36 api_status=0 transfer_status=0 [16689,16702][hixl_instance.cpp:342,GetTransferStatus]
[2026-08-24 20:47:27.933721][UC][I] [QUERY_PERF] component=ucm layer=hixl_transport handle=39 request=0x1b lifecycle_lock_us=0 pending_lock_wait_us=0 pending_lookup_us=1 instance_us=46 erase_us=0 total_us=47 transfer_status=0 [16689,16702][hixl_transport.cpp:734,GetStatus]
[2026-08-24 20:47:27.933725][UC][I] [QUERY_PERF] component=ucm layer=transport_manager handle=39 transport_handle=39 transfers_lock_wait_us=0 lookup_us=0 transport_us=50 total_us=50 api_status=0 transfer_status=0 [16689,16702][transport_manager.cpp:716,GetStatus]
[HIXL_QUERY_PERF] layer=comm_channel request=0x1b mutex_wait_us=0 check_us=0 lookup_us=1 flag_check_us=0 complete_us=1 total_us=2 transfer_status=1
[HIXL_QUERY_PERF] layer=adxl_inner request=0x1b context_us=1 req_lock_wait_us=0 lookup_us=0 channel_us=10 cleanup_us=0 total_us=11 status=0 transfer_status=1
[HIXL_QUERY_PERF] layer=comm_engine request=0x1b total_us=15 status=0 transfer_status=1
[2026-08-24 20:47:27.933765][UC][I] [QUERY_PERF] component=ucm layer=hixl_instance request=0x1b queue_wait_us=10 backend_us=17 run_post_us=10 total_us=37 api_status=0 transfer_status=1 [16689,16702][hixl_instance.cpp:342,GetTransferStatus]
[2026-08-24 20:47:27.933774][UC][I] [QUERY_PERF] component=ucm layer=hixl_transport handle=39 request=0x1b lifecycle_lock_us=0 pending_lock_wait_us=0 pending_lookup_us=0 instance_us=45 erase_us=0 total_us=45 transfer_status=1 [16689,16702][hixl_transport.cpp:734,GetStatus]
[2026-08-24 20:47:27.933777][UC][I] [QUERY_PERF] component=ucm layer=transport_manager handle=39 transport_handle=39 transfers_lock_wait_us=0 lookup_us=0 transport_us=49 total_us=49 api_status=0 transfer_status=1 [16689,16702][transport_manager.cpp:716,GetStatus]
[2026-08-24 20:47:27.933781][UC][I] [PERF] component=transport event=transfer_done manager=127.0.0.1:8000 target=127.0.0.1:4500 handle=39 transport_handle=39 opcode=1 direct=2 segments=1 bytes=10 status=1 api_status=0 submitted_ts_us=1787575647933659 completed_ts_us=1787575647933780 manager_get_status_ts_us=1787575647933728 backend_query_ts_us=1787575647933738 submit_us=115 transfer_us=121 manager_to_backend_query_us=10 total_us=236 [16689,16702][transport_manager.cpp:727,GetStatus]
[2026-08-24 20:47:27.933786][UC][I] [PERF] component=drampool event=request_done request_id=12 opcode=0 peer=127.0.0.1:4500 batch_size=2 data_bytes=0 failed_items=0 status=SUCCESS failed_stage=NONE received_ts_us=1787575647933378 worker_started_ts_us=1787575647933451 data_transfer_submitted_ts_us=0 data_transfer_completed_ts_us=0 response_submitted_ts_us=1787575647933673 completed_ts_us=1787575647933784 data_tm_execute_async_ts_us=0 data_hixl_execute_async_ts_us=0 data_tm_get_status_ts_us=0 data_hixl_query_handle_ts_us=0 response_tm_execute_async_ts_us=1787575647933544 response_hixl_execute_async_ts_us=1787575647933555 response_tm_get_status_ts_us=1787575647933728 response_hixl_query_handle_ts_us=1787575647933738 request_queue_us=74 metadata_prepare_us=0 taskworker_prepare_us=1 poller_queue_us=89 data_transfer_us=0 metadata_settle_us=0 response_slot_wait_us=90 response_submit_us=130 response_transfer_us=111 data_tm_to_hixl_execute_async_us=0 data_tm_to_hixl_query_handle_us=0 response_tm_to_hixl_execute_async_us=11 response_tm_to_hixl_query_handle_us=10 total_us=406 [16689,16702][completion_poller.cc:56,LogRequestDone]
[HIXL_PERF] event=hccl_batch op=1 desc_num=1 hccl_us=68 status=0
[HIXL_PERF] event=issue_hccl_batch op=1 list_num=1 total_us=75
[HIXL_PERF] event=issue_async_host_flag op=1 list_num=1 context_us=0 hccl_issue_us=78 flag_memcpy_us=5 total_us=83
[HIXL_PERF] event=comm_channel_async op=1 list_num=1 mutex_wait_us=0 slot_us=1 host_flag_us=0 record_us=0 issue_us=85 total_us=86
[HIXL_PERF] event=adxl_inner_async op=1 list_num=1 context_us=1 connect_us=0 get_channel_us=0 channel_async_us=88 tail_us=1 total_us=90
[HIXL_PERF] event=comm_engine_async op=1 list_num=1 desc_build_us=0 inner_us=92 total_us=92 status=0
[2026-08-24 20:47:27.934216][UC][I] [PERF] component=transport event=transfer_submitted manager=127.0.0.1:8000 target=127.0.0.1:4500 handle=40 transport_handle=40 opcode=1 direct=2 segments=1 bytes=10 submitted_ts_us=1787575647934215 manager_execute_async_ts_us=1787575647934096 backend_execute_async_ts_us=1787575647934107 manager_to_backend_execute_async_us=11 submit_us=118 [16689,16702][transport_manager.cpp:674,ExecuteAsync]
[HIXL_QUERY_PERF] layer=comm_channel request=0x1c mutex_wait_us=0 check_us=0 lookup_us=0 flag_check_us=1 complete_us=1 total_us=2 transfer_status=1
[HIXL_QUERY_PERF] layer=adxl_inner request=0x1c context_us=0 req_lock_wait_us=0 lookup_us=1 channel_us=7 cleanup_us=1 total_us=9 status=0 transfer_status=1
[HIXL_QUERY_PERF] layer=comm_engine request=0x1c total_us=13 status=0 transfer_status=1
[2026-08-24 20:47:27.934266][UC][I] [QUERY_PERF] component=ucm layer=hixl_instance request=0x1c queue_wait_us=11 backend_us=14 run_post_us=11 total_us=36 api_status=0 transfer_status=1 [16689,16702][hixl_instance.cpp:342,GetTransferStatus]
[2026-08-24 20:47:27.934276][UC][I] [QUERY_PERF] component=ucm layer=hixl_transport handle=40 request=0x1c lifecycle_lock_us=0 pending_lock_wait_us=0 pending_lookup_us=0 instance_us=45 erase_us=1 total_us=46 transfer_status=1 [16689,16702][hixl_transport.cpp:734,GetStatus]
[2026-08-24 20:47:27.934285][UC][I] [QUERY_PERF] component=ucm layer=transport_manager handle=40 transport_handle=40 transfers_lock_wait_us=0 lookup_us=0 transport_us=55 total_us=55 api_status=0 transfer_status=1 [16689,16702][transport_manager.cpp:716,GetStatus]
[2026-08-24 20:47:27.934291][UC][I] [PERF] component=transport event=transfer_done manager=127.0.0.1:8000 target=127.0.0.1:4500 handle=40 transport_handle=40 opcode=1 direct=2 segments=1 bytes=10 status=1 api_status=0 submitted_ts_us=1787575647934215 completed_ts_us=1787575647934289 manager_get_status_ts_us=1787575647934229 backend_query_ts_us=1787575647934240 submit_us=118 transfer_us=75 manager_to_backend_query_us=11 total_us=193 [16689,16702][transport_manager.cpp:727,GetStatus]
[2026-08-24 20:47:27.934296][UC][I] [PERF] component=drampool event=request_done request_id=13 opcode=0 peer=127.0.0.1:4500 batch_size=2 data_bytes=0 failed_items=0 status=SUCCESS failed_stage=NONE received_ts_us=1787575647933955 worker_started_ts_us=1787575647934063 data_transfer_submitted_ts_us=0 data_transfer_completed_ts_us=0 response_submitted_ts_us=1787575647934228 completed_ts_us=1787575647934295 data_tm_execute_async_ts_us=0 data_hixl_execute_async_ts_us=0 data_tm_get_status_ts_us=0 data_hixl_query_handle_ts_us=0 response_tm_execute_async_ts_us=1787575647934096 response_hixl_execute_async_ts_us=1787575647934107 response_tm_get_status_ts_us=1787575647934229 response_hixl_query_handle_ts_us=1787575647934240 request_queue_us=107 metadata_prepare_us=0 taskworker_prepare_us=2 poller_queue_us=30 data_transfer_us=0 metadata_settle_us=0 response_slot_wait_us=31 response_submit_us=133 response_transfer_us=66 data_tm_to_hixl_execute_async_us=0 data_tm_to_hixl_query_handle_us=0 response_tm_to_hixl_execute_async_us=11 response_tm_to_hixl_query_handle_us=11 total_us=339 [16689,16702][completion_poller.cc:56,LogRequestDone]
[HIXL_PERF] event=hccl_batch op=1 desc_num=1 hccl_us=56 status=0
[HIXL_PERF] event=issue_hccl_batch op=1 list_num=1 total_us=63
[HIXL_PERF] event=issue_async_host_flag op=1 list_num=1 context_us=0 hccl_issue_us=65 flag_memcpy_us=5 total_us=70
[HIXL_PERF] event=comm_channel_async op=1 list_num=1 mutex_wait_us=0 slot_us=0 host_flag_us=0 record_us=1 issue_us=73 total_us=74
[HIXL_PERF] event=adxl_inner_async op=1 list_num=1 context_us=0 connect_us=1 get_channel_us=0 channel_async_us=76 tail_us=0 total_us=77
[HIXL_PERF] event=comm_engine_async op=1 list_num=1 desc_build_us=0 inner_us=79 total_us=79 status=0
[2026-08-24 20:47:27.934717][UC][I] [PERF] component=transport event=transfer_submitted manager=127.0.0.1:8000 target=127.0.0.1:4500 handle=41 transport_handle=41 opcode=1 direct=2 segments=1 bytes=10 submitted_ts_us=1787575647934716 manager_execute_async_ts_us=1787575647934608 backend_execute_async_ts_us=1787575647934620 manager_to_backend_execute_async_us=12 submit_us=107 [16689,16702][transport_manager.cpp:674,ExecuteAsync]
[HIXL_QUERY_PERF] layer=comm_channel request=0x1d mutex_wait_us=1 check_us=0 lookup_us=0 flag_check_us=0 complete_us=1 total_us=2 transfer_status=1
[HIXL_QUERY_PERF] layer=adxl_inner request=0x1d context_us=1 req_lock_wait_us=0 lookup_us=0 channel_us=9 cleanup_us=0 total_us=10 status=0 transfer_status=1
[HIXL_QUERY_PERF] layer=comm_engine request=0x1d total_us=13 status=0 transfer_status=1
[2026-08-24 20:47:27.934766][UC][I] [QUERY_PERF] component=ucm layer=hixl_instance request=0x1d queue_wait_us=11 backend_us=16 run_post_us=10 total_us=37 api_status=0 transfer_status=1 [16689,16702][hixl_instance.cpp:342,GetTransferStatus]
[2026-08-24 20:47:27.934775][UC][I] [QUERY_PERF] component=ucm layer=hixl_transport handle=41 request=0x1d lifecycle_lock_us=0 pending_lock_wait_us=0 pending_lookup_us=0 instance_us=45 erase_us=0 total_us=45 transfer_status=1 [16689,16702][hixl_transport.cpp:734,GetStatus]
[2026-08-24 20:47:27.934780][UC][I] [QUERY_PERF] component=ucm layer=transport_manager handle=41 transport_handle=41 transfers_lock_wait_us=0 lookup_us=0 transport_us=50 total_us=50 api_status=0 transfer_status=1 [16689,16702][transport_manager.cpp:716,GetStatus]
[2026-08-24 20:47:27.934783][UC][I] [PERF] component=transport event=transfer_done manager=127.0.0.1:8000 target=127.0.0.1:4500 handle=41 transport_handle=41 opcode=1 direct=2 segments=1 bytes=10 status=1 api_status=0 submitted_ts_us=1787575647934716 completed_ts_us=1787575647934782 manager_get_status_ts_us=1787575647934729 backend_query_ts_us=1787575647934740 submit_us=107 transfer_us=66 manager_to_backend_query_us=11 total_us=173 [16689,16702][transport_manager.cpp:727,GetStatus]
[2026-08-24 20:47:27.934790][UC][I] [PERF] component=drampool event=request_done request_id=14 opcode=0 peer=127.0.0.1:4500 batch_size=2 data_bytes=0 failed_items=0 status=SUCCESS failed_stage=NONE received_ts_us=1787575647934430 worker_started_ts_us=1787575647934529 data_transfer_submitted_ts_us=0 data_transfer_completed_ts_us=0 response_submitted_ts_us=1787575647934728 completed_ts_us=1787575647934788 data_tm_execute_async_ts_us=0 data_hixl_execute_async_ts_us=0 data_tm_get_status_ts_us=0 data_hixl_query_handle_ts_us=0 response_tm_execute_async_ts_us=1787575647934608 response_hixl_execute_async_ts_us=1787575647934620 response_tm_get_status_ts_us=1787575647934729 response_hixl_query_handle_ts_us=1787575647934740 request_queue_us=99 metadata_prepare_us=1 taskworker_prepare_us=4 poller_queue_us=74 data_transfer_us=0 metadata_settle_us=0 response_slot_wait_us=74 response_submit_us=121 response_transfer_us=60 data_tm_to_hixl_execute_async_us=0 data_tm_to_hixl_query_handle_us=0 response_tm_to_hixl_execute_async_us=12 response_tm_to_hixl_query_handle_us=11 total_us=359 [16689,16702][completion_poller.cc:56,LogRequestDone]
[HIXL_PERF] event=hccl_batch op=1 desc_num=1 hccl_us=56 status=0
[HIXL_PERF] event=issue_hccl_batch op=1 list_num=1 total_us=63
[HIXL_PERF] event=issue_async_host_flag op=1 list_num=1 context_us=0 hccl_issue_us=65 flag_memcpy_us=4 total_us=69
[HIXL_PERF] event=comm_channel_async op=1 list_num=1 mutex_wait_us=0 slot_us=1 host_flag_us=0 record_us=0 issue_us=72 total_us=73
[HIXL_PERF] event=adxl_inner_async op=1 list_num=1 context_us=1 connect_us=0 get_channel_us=0 channel_async_us=75 tail_us=0 total_us=76
[HIXL_PERF] event=comm_engine_async op=1 list_num=1 desc_build_us=0 inner_us=78 total_us=78 status=0
[2026-08-24 20:47:27.935363][UC][I] [PERF] component=transport event=transfer_submitted manager=127.0.0.1:8000 target=127.0.0.1:4500 handle=42 transport_handle=42 opcode=1 direct=2 segments=1 bytes=10 submitted_ts_us=1787575647935362 manager_execute_async_ts_us=1787575647935257 backend_execute_async_ts_us=1787575647935268 manager_to_backend_execute_async_us=11 submit_us=104 [16689,16702][transport_manager.cpp:674,ExecuteAsync]
[HIXL_QUERY_PERF] layer=comm_channel request=0x1e mutex_wait_us=0 check_us=0 lookup_us=0 flag_check_us=0 complete_us=2 total_us=2 transfer_status=1
[HIXL_QUERY_PERF] layer=adxl_inner request=0x1e context_us=0 req_lock_wait_us=0 lookup_us=1 channel_us=8 cleanup_us=0 total_us=9 status=0 transfer_status=1
[HIXL_QUERY_PERF] layer=comm_engine request=0x1e total_us=17 status=0 transfer_status=1
[2026-08-24 20:47:27.935417][UC][I] [QUERY_PERF] component=ucm layer=hixl_instance request=0x1e queue_wait_us=10 backend_us=21 run_post_us=10 total_us=41 api_status=0 transfer_status=1 [16689,16702][hixl_instance.cpp:342,GetTransferStatus]
[2026-08-24 20:47:27.935426][UC][I] [QUERY_PERF] component=ucm layer=hixl_transport handle=42 request=0x1e lifecycle_lock_us=0 pending_lock_wait_us=0 pending_lookup_us=0 instance_us=49 erase_us=0 total_us=49 transfer_status=1 [16689,16702][hixl_transport.cpp:734,GetStatus]
[2026-08-24 20:47:27.935431][UC][I] [QUERY_PERF] component=ucm layer=transport_manager handle=42 transport_handle=42 transfers_lock_wait_us=0 lookup_us=0 transport_us=56 total_us=56 api_status=0 transfer_status=1 [16689,16702][transport_manager.cpp:716,GetStatus]
[2026-08-24 20:47:27.935435][UC][I] [PERF] component=transport event=transfer_done manager=127.0.0.1:8000 target=127.0.0.1:4500 handle=42 transport_handle=42 opcode=1 direct=2 segments=1 bytes=10 status=1 api_status=0 submitted_ts_us=1787575647935362 completed_ts_us=1787575647935434 manager_get_status_ts_us=1787575647935374 backend_query_ts_us=1787575647935385 submit_us=104 transfer_us=72 manager_to_backend_query_us=11 total_us=176 [16689,16702][transport_manager.cpp:727,GetStatus]
[2026-08-24 20:47:27.935440][UC][I] [PERF] component=drampool event=request_done request_id=15 opcode=0 peer=127.0.0.1:4500 batch_size=2 data_bytes=0 failed_items=0 status=SUCCESS failed_stage=NONE received_ts_us=1787575647934999 worker_started_ts_us=1787575647935144 data_transfer_submitted_ts_us=0 data_transfer_completed_ts_us=0 response_submitted_ts_us=1787575647935373 completed_ts_us=1787575647935438 data_tm_execute_async_ts_us=0 data_hixl_execute_async_ts_us=0 data_tm_get_status_ts_us=0 data_hixl_query_handle_ts_us=0 response_tm_execute_async_ts_us=1787575647935257 response_hixl_execute_async_ts_us=1787575647935268 response_tm_get_status_ts_us=1787575647935374 response_hixl_query_handle_ts_us=1787575647935385 request_queue_us=145 metadata_prepare_us=0 taskworker_prepare_us=2 poller_queue_us=109 data_transfer_us=0 metadata_settle_us=0 response_slot_wait_us=111 response_submit_us=118 response_transfer_us=64 data_tm_to_hixl_execute_async_us=0 data_tm_to_hixl_query_handle_us=0 response_tm_to_hixl_execute_async_us=11 response_tm_to_hixl_query_handle_us=11 total_us=439 [16689,16702][completion_poller.cc:56,LogRequestDone]
[HIXL_PERF] event=hccl_batch op=1 desc_num=1 hccl_us=61 status=0
[HIXL_PERF] event=issue_hccl_batch op=1 list_num=1 total_us=72
[HIXL_PERF] event=issue_async_host_flag op=1 list_num=1 context_us=0 hccl_issue_us=74 flag_memcpy_us=5 total_us=79
[HIXL_PERF] event=comm_channel_async op=1 list_num=1 mutex_wait_us=0 slot_us=1 host_flag_us=0 record_us=0 issue_us=81 total_us=82
[HIXL_PERF] event=adxl_inner_async op=1 list_num=1 context_us=1 connect_us=0 get_channel_us=0 channel_async_us=84 tail_us=1 total_us=86
[HIXL_PERF] event=comm_engine_async op=1 list_num=1 desc_build_us=0 inner_us=88 total_us=88 status=0
[2026-08-24 20:47:27.935873][UC][I] [PERF] component=transport event=transfer_submitted manager=127.0.0.1:8000 target=127.0.0.1:4500 handle=43 transport_handle=43 opcode=1 direct=2 segments=1 bytes=10 submitted_ts_us=1787575647935872 manager_execute_async_ts_us=1787575647935752 backend_execute_async_ts_us=1787575647935763 manager_to_backend_execute_async_us=11 submit_us=120 [16689,16702][transport_manager.cpp:674,ExecuteAsync]
[HIXL_QUERY_PERF] layer=comm_channel request=0x1f mutex_wait_us=0 check_us=0 lookup_us=1 flag_check_us=0 complete_us=1 total_us=2 transfer_status=1
[HIXL_QUERY_PERF] layer=adxl_inner request=0x1f context_us=0 req_lock_wait_us=0 lookup_us=1 channel_us=8 cleanup_us=0 total_us=9 status=0 transfer_status=1
[HIXL_QUERY_PERF] layer=comm_engine request=0x1f total_us=12 status=0 transfer_status=1
[2026-08-24 20:47:27.935928][UC][I] [QUERY_PERF] component=ucm layer=hixl_instance request=0x1f queue_wait_us=11 backend_us=14 run_post_us=12 total_us=37 api_status=0 transfer_status=1 [16689,16702][hixl_instance.cpp:342,GetTransferStatus]
[2026-08-24 20:47:27.935939][UC][I] [QUERY_PERF] component=ucm layer=hixl_transport handle=43 request=0x1f lifecycle_lock_us=0 pending_lock_wait_us=0 pending_lookup_us=0 instance_us=46 erase_us=0 total_us=46 transfer_status=1 [16689,16702][hixl_transport.cpp:734,GetStatus]
[2026-08-24 20:47:27.935942][UC][I] [QUERY_PERF] component=ucm layer=transport_manager handle=43 transport_handle=43 transfers_lock_wait_us=1 lookup_us=0 transport_us=51 total_us=52 api_status=0 transfer_status=1 [16689,16702][transport_manager.cpp:716,GetStatus]
[2026-08-24 20:47:27.935945][UC][I] [PERF] component=transport event=transfer_done manager=127.0.0.1:8000 target=127.0.0.1:4500 handle=43 transport_handle=43 opcode=1 direct=2 segments=1 bytes=10 status=1 api_status=0 submitted_ts_us=1787575647935872 completed_ts_us=1787575647935944 manager_get_status_ts_us=1787575647935890 backend_query_ts_us=1787575647935902 submit_us=120 transfer_us=72 manager_to_backend_query_us=12 total_us=192 [16689,16702][transport_manager.cpp:727,GetStatus]
[2026-08-24 20:47:27.935950][UC][I] [PERF] component=drampool event=request_done request_id=16 opcode=0 peer=127.0.0.1:4500 batch_size=2 data_bytes=0 failed_items=0 status=SUCCESS failed_stage=NONE received_ts_us=1787575647935585 worker_started_ts_us=1787575647935604 data_transfer_submitted_ts_us=0 data_transfer_completed_ts_us=0 response_submitted_ts_us=1787575647935889 completed_ts_us=1787575647935948 data_tm_execute_async_ts_us=0 data_hixl_execute_async_ts_us=0 data_tm_get_status_ts_us=0 data_hixl_query_handle_ts_us=0 response_tm_execute_async_ts_us=1787575647935752 response_hixl_execute_async_ts_us=1787575647935763 response_tm_get_status_ts_us=1787575647935890 response_hixl_query_handle_ts_us=1787575647935902 request_queue_us=19 metadata_prepare_us=0 taskworker_prepare_us=2 poller_queue_us=144 data_transfer_us=0 metadata_settle_us=0 response_slot_wait_us=146 response_submit_us=139 response_transfer_us=58 data_tm_to_hixl_execute_async_us=0 data_tm_to_hixl_query_handle_us=0 response_tm_to_hixl_execute_async_us=11 response_tm_to_hixl_query_handle_us=12 total_us=363 [16689,16702][completion_poller.cc:56,LogRequestDone]
[HIXL_PERF] event=hccl_batch op=1 desc_num=108 hccl_us=215 status=0
[HIXL_PERF] event=issue_hccl_batch op=1 list_num=108 total_us=244
[HIXL_PERF] event=issue_async_host_flag op=1 list_num=108 context_us=1 hccl_issue_us=248 flag_memcpy_us=9 total_us=258
[HIXL_PERF] event=comm_channel_async op=1 list_num=108 mutex_wait_us=1 slot_us=1 host_flag_us=0 record_us=1 issue_us=261 total_us=264
[HIXL_PERF] event=adxl_inner_async op=1 list_num=108 context_us=10 connect_us=0 get_channel_us=4 channel_async_us=266 tail_us=1 total_us=281
[HIXL_PERF] event=comm_engine_async op=1 list_num=108 desc_build_us=2 inner_us=284 total_us=286 status=0
[2026-08-24 20:47:32.389128][UC][I] [PERF] component=transport event=transfer_submitted manager=127.0.0.1:8000 target=127.0.0.1:4502 handle=44 transport_handle=44 opcode=1 direct=2 segments=108 bytes=7962624 submitted_ts_us=1787575652389125 manager_execute_async_ts_us=1787575652388754 backend_execute_async_ts_us=1787575652388801 manager_to_backend_execute_async_us=47 submit_us=367 [16689,16703][transport_manager.cpp:674,ExecuteAsync]
[HIXL_PERF] event=hccl_batch op=1 desc_num=108 hccl_us=99 status=0
[HIXL_PERF] event=issue_hccl_batch op=1 list_num=108 total_us=110
[HIXL_PERF] event=issue_async_host_flag op=1 list_num=108 context_us=0 hccl_issue_us=112 flag_memcpy_us=5 total_us=117
[HIXL_PERF] event=comm_channel_async op=1 list_num=108 mutex_wait_us=0 slot_us=0 host_flag_us=1 record_us=0 issue_us=119 total_us=120
[HIXL_PERF] event=adxl_inner_async op=1 list_num=108 context_us=1 connect_us=0 get_channel_us=0 channel_async_us=123 tail_us=1 total_us=125
[HIXL_PERF] event=comm_engine_async op=1 list_num=108 desc_build_us=1 inner_us=127 total_us=128 status=0
[HIXL_QUERY_PERF] layer=comm_channel request=0xd mutex_wait_us=1 check_us=0 lookup_us=1 flag_check_us=0 complete_us=4 total_us=6 transfer_status=1
[2026-08-24 20:47:32.389360][UC][I] [PERF] component=transport event=transfer_submitted manager=127.0.0.1:8000 target=127.0.0.1:4502 handle=45 transport_handle=45 opcode=1 direct=2 segments=108 bytes=7962624 submitted_ts_us=1787575652389359 manager_execute_async_ts_us=1787575652389191 backend_execute_async_ts_us=1787575652389210 manager_to_backend_execute_async_us=18 submit_us=166 [16689,16703][transport_manager.cpp:674,ExecuteAsync]
[HIXL_QUERY_PERF] layer=adxl_inner request=0xd context_us=0 req_lock_wait_us=1 lookup_us=0 channel_us=20 cleanup_us=1 total_us=22 status=0 transfer_status=1
[HIXL_QUERY_PERF] layer=comm_engine request=0xd total_us=36 status=0 transfer_status=1
[2026-08-24 20:47:32.389410][UC][I] [QUERY_PERF] component=ucm layer=hixl_instance request=0xd queue_wait_us=34 backend_us=39 run_post_us=15 total_us=88 api_status=0 transfer_status=1 [16689,16702][hixl_instance.cpp:342,GetTransferStatus]
[2026-08-24 20:47:32.389435][UC][I] [QUERY_PERF] component=ucm layer=hixl_transport handle=44 request=0xd lifecycle_lock_us=0 pending_lock_wait_us=0 pending_lookup_us=1 instance_us=113 erase_us=1 total_us=115 transfer_status=1 [16689,16702][hixl_transport.cpp:734,GetStatus]
[2026-08-24 20:47:32.389441][UC][I] [QUERY_PERF] component=ucm layer=transport_manager handle=44 transport_handle=44 transfers_lock_wait_us=0 lookup_us=1 transport_us=123 total_us=124 api_status=0 transfer_status=1 [16689,16702][transport_manager.cpp:716,GetStatus]
[2026-08-24 20:47:32.389446][UC][I] [PERF] component=transport event=transfer_done manager=127.0.0.1:8000 target=127.0.0.1:4502 handle=44 transport_handle=44 opcode=1 direct=2 segments=108 bytes=7962624 status=1 api_status=0 submitted_ts_us=1787575652389125 completed_ts_us=1787575652389444 manager_get_status_ts_us=1787575652389316 backend_query_ts_us=1787575652389353 submit_us=367 transfer_us=318 manager_to_backend_query_us=37 total_us=685 [16689,16702][transport_manager.cpp:727,GetStatus]
[HIXL_PERF] event=hccl_batch op=1 desc_num=108 hccl_us=90 status=0
[HIXL_PERF] event=issue_hccl_batch op=1 list_num=108 total_us=103
[HIXL_PERF] event=issue_async_host_flag op=1 list_num=108 context_us=0 hccl_issue_us=105 flag_memcpy_us=4 total_us=109
[HIXL_PERF] event=comm_channel_async op=1 list_num=108 mutex_wait_us=0 slot_us=0 host_flag_us=1 record_us=0 issue_us=113 total_us=114
[HIXL_PERF] event=adxl_inner_async op=1 list_num=108 context_us=0 connect_us=0 get_channel_us=1 channel_async_us=117 tail_us=1 total_us=119
[HIXL_PERF] event=comm_engine_async op=1 list_num=108 desc_build_us=1 inner_us=121 total_us=122 status=0
[2026-08-24 20:47:32.389566][UC][I] [PERF] component=transport event=transfer_submitted manager=127.0.0.1:8000 target=127.0.0.1:4502 handle=46 transport_handle=46 opcode=1 direct=2 segments=108 bytes=7962624 submitted_ts_us=1787575652389564 manager_execute_async_ts_us=1787575652389406 backend_execute_async_ts_us=1787575652389422 manager_to_backend_execute_async_us=16 submit_us=159 [16689,16703][transport_manager.cpp:674,ExecuteAsync]
[HIXL_PERF] event=hccl_batch op=1 desc_num=1 hccl_us=55 status=0
[HIXL_PERF] event=issue_hccl_batch op=1 list_num=1 total_us=67
[HIXL_PERF] event=issue_async_host_flag op=1 list_num=1 context_us=0 hccl_issue_us=69 flag_memcpy_us=4 total_us=73
[HIXL_PERF] event=comm_channel_async op=1 list_num=1 mutex_wait_us=0 slot_us=0 host_flag_us=1 record_us=0 issue_us=77 total_us=78
[HIXL_PERF] event=adxl_inner_async op=1 list_num=1 context_us=0 connect_us=0 get_channel_us=1 channel_async_us=81 tail_us=1 total_us=83
[HIXL_PERF] event=comm_engine_async op=1 list_num=1 desc_build_us=0 inner_us=84 total_us=84 status=0
[2026-08-24 20:47:32.389668][UC][I] [PERF] component=transport event=transfer_submitted manager=127.0.0.1:8000 target=127.0.0.1:4502 handle=47 transport_handle=47 opcode=1 direct=2 segments=1 bytes=63 submitted_ts_us=1787575652389666 manager_execute_async_ts_us=1787575652389507 backend_execute_async_ts_us=1787575652389559 manager_to_backend_execute_async_us=52 submit_us=157 [16689,16702][transport_manager.cpp:674,ExecuteAsync]
[HIXL_PERF] event=hccl_batch op=1 desc_num=108 hccl_us=78 status=0
[HIXL_PERF] event=issue_hccl_batch op=1 list_num=108 total_us=90
[HIXL_PERF] event=issue_async_host_flag op=1 list_num=108 context_us=0 hccl_issue_us=93 flag_memcpy_us=4 total_us=97
[HIXL_PERF] event=comm_channel_async op=1 list_num=108 mutex_wait_us=0 slot_us=0 host_flag_us=0 record_us=1 issue_us=101 total_us=102
[HIXL_PERF] event=adxl_inner_async op=1 list_num=108 context_us=1 connect_us=0 get_channel_us=0 channel_async_us=105 tail_us=0 total_us=106
[HIXL_PERF] event=comm_engine_async op=1 list_num=108 desc_build_us=0 inner_us=111 total_us=111 status=0
[HIXL_QUERY_PERF] layer=comm_channel request=0x10 mutex_wait_us=0 check_us=0 lookup_us=1 flag_check_us=0 complete_us=0 total_us=1 transfer_status=0
[HIXL_QUERY_PERF] layer=adxl_inner request=0x10 context_us=1 req_lock_wait_us=0 lookup_us=0 channel_us=7 cleanup_us=0 total_us=8 status=0 transfer_status=0
[2026-08-24 20:47:32.389793][UC][I] [PERF] component=transport event=transfer_submitted manager=127.0.0.1:8000 target=127.0.0.1:4502 handle=48 transport_handle=48 opcode=1 direct=2 segments=108 bytes=7962624 submitted_ts_us=1787575652389792 manager_execute_async_ts_us=1787575652389614 backend_execute_async_ts_us=1787575652389661 manager_to_backend_execute_async_us=46 submit_us=177 [16689,16703][transport_manager.cpp:674,ExecuteAsync]
[HIXL_QUERY_PERF] layer=comm_engine request=0x10 total_us=14 status=0 transfer_status=0
[2026-08-24 20:47:32.389826][UC][I] [QUERY_PERF] component=ucm layer=hixl_instance request=0x10 queue_wait_us=102 backend_us=27 run_post_us=12 total_us=141 api_status=0 transfer_status=0 [16689,16702][hixl_instance.cpp:342,GetTransferStatus]
[2026-08-24 20:47:32.389835][UC][I] [QUERY_PERF] component=ucm layer=hixl_transport handle=47 request=0x10 lifecycle_lock_us=0 pending_lock_wait_us=0 pending_lookup_us=0 instance_us=151 erase_us=0 total_us=151 transfer_status=0 [16689,16702][hixl_transport.cpp:734,GetStatus]
[2026-08-24 20:47:32.389839][UC][I] [QUERY_PERF] component=ucm layer=transport_manager handle=47 transport_handle=47 transfers_lock_wait_us=1 lookup_us=0 transport_us=155 total_us=156 api_status=0 transfer_status=0 [16689,16702][transport_manager.cpp:716,GetStatus]
[HIXL_PERF] event=hccl_batch op=1 desc_num=108 hccl_us=83 status=0
[HIXL_PERF] event=issue_hccl_batch op=1 list_num=108 total_us=94
[HIXL_PERF] event=issue_async_host_flag op=1 list_num=108 context_us=1 hccl_issue_us=96 flag_memcpy_us=5 total_us=102
[HIXL_PERF] event=comm_channel_async op=1 list_num=108 mutex_wait_us=0 slot_us=1 host_flag_us=0 record_us=0 issue_us=106 total_us=107
[HIXL_PERF] event=adxl_inner_async op=1 list_num=108 context_us=1 connect_us=0 get_channel_us=0 channel_async_us=110 tail_us=0 total_us=111
[HIXL_PERF] event=comm_engine_async op=1 list_num=108 desc_build_us=1 inner_us=113 total_us=114 status=0
[HIXL_QUERY_PERF] layer=comm_channel request=0xe mutex_wait_us=0 check_us=0 lookup_us=0 flag_check_us=0 complete_us=2 total_us=2 transfer_status=1
[2026-08-24 20:47:32.389978][UC][I] [PERF] component=transport event=transfer_submitted manager=127.0.0.1:8000 target=127.0.0.1:4502 handle=49 transport_handle=49 opcode=1 direct=2 segments=108 bytes=7962624 submitted_ts_us=1787575652389977 manager_execute_async_ts_us=1787575652389826 backend_execute_async_ts_us=1787575652389842 manager_to_backend_execute_async_us=16 submit_us=150 [16689,16703][transport_manager.cpp:674,ExecuteAsync]
[HIXL_QUERY_PERF] layer=adxl_inner request=0xe context_us=1 req_lock_wait_us=0 lookup_us=0 channel_us=12 cleanup_us=0 total_us=13 status=0 transfer_status=1
[HIXL_QUERY_PERF] layer=comm_engine request=0xe total_us=26 status=0 transfer_status=1
[2026-08-24 20:47:32.390013][UC][I] [QUERY_PERF] component=ucm layer=hixl_instance request=0xe queue_wait_us=128 backend_us=29 run_post_us=12 total_us=169 api_status=0 transfer_status=1 [16689,16702][hixl_instance.cpp:342,GetTransferStatus]
[2026-08-24 20:47:32.390024][UC][I] [QUERY_PERF] component=ucm layer=hixl_transport handle=45 request=0xe lifecycle_lock_us=1 pending_lock_wait_us=0 pending_lookup_us=0 instance_us=179 erase_us=0 total_us=180 transfer_status=1 [16689,16702][hixl_transport.cpp:734,GetStatus]
[2026-08-24 20:47:32.390029][UC][I] [QUERY_PERF] component=ucm layer=transport_manager handle=45 transport_handle=45 transfers_lock_wait_us=0 lookup_us=0 transport_us=187 total_us=187 api_status=0 transfer_status=1 [16689,16702][transport_manager.cpp:716,GetStatus]
[2026-08-24 20:47:32.390033][UC][I] [PERF] component=transport event=transfer_done manager=127.0.0.1:8000 target=127.0.0.1:4502 handle=45 transport_handle=45 opcode=1 direct=2 segments=108 bytes=7962624 status=1 api_status=0 submitted_ts_us=1787575652389359 completed_ts_us=1787575652390031 manager_get_status_ts_us=1787575652389842 backend_query_ts_us=1787575652389971 submit_us=166 transfer_us=673 manager_to_backend_query_us=129 total_us=839 [16689,16702][transport_manager.cpp:727,GetStatus]
[HIXL_PERF] event=hccl_batch op=1 desc_num=108 hccl_us=83 status=0
[HIXL_PERF] event=issue_hccl_batch op=1 list_num=108 total_us=94
[HIXL_PERF] event=issue_async_host_flag op=1 list_num=108 context_us=0 hccl_issue_us=97 flag_memcpy_us=4 total_us=101
[HIXL_PERF] event=comm_channel_async op=1 list_num=108 mutex_wait_us=0 slot_us=0 host_flag_us=0 record_us=0 issue_us=106 total_us=106
[HIXL_PERF] event=adxl_inner_async op=1 list_num=108 context_us=0 connect_us=0 get_channel_us=1 channel_async_us=109 tail_us=0 total_us=110
[HIXL_PERF] event=comm_engine_async op=1 list_num=108 desc_build_us=1 inner_us=114 total_us=115 status=0
[2026-08-24 20:47:32.390164][UC][I] [PERF] component=transport event=transfer_submitted manager=127.0.0.1:8000 target=127.0.0.1:4502 handle=50 transport_handle=50 opcode=1 direct=2 segments=108 bytes=7962624 submitted_ts_us=1787575652390163 manager_execute_async_ts_us=1787575652390010 backend_execute_async_ts_us=1787575652390026 manager_to_backend_execute_async_us=16 submit_us=153 [16689,16703][transport_manager.cpp:674,ExecuteAsync]
[HIXL_PERF] event=hccl_batch op=1 desc_num=1 hccl_us=53 status=0
[HIXL_PERF] event=issue_hccl_batch op=1 list_num=1 total_us=63
[HIXL_PERF] event=issue_async_host_flag op=1 list_num=1 context_us=1 hccl_issue_us=65 flag_memcpy_us=5 total_us=71
[HIXL_PERF] event=comm_channel_async op=1 list_num=1 mutex_wait_us=0 slot_us=0 host_flag_us=0 record_us=0 issue_us=75 total_us=75
[HIXL_PERF] event=adxl_inner_async op=1 list_num=1 context_us=1 connect_us=0 get_channel_us=0 channel_async_us=78 tail_us=1 total_us=80
[HIXL_PERF] event=comm_engine_async op=1 list_num=1 desc_build_us=0 inner_us=82 total_us=82 status=0
[2026-08-24 20:47:32.390261][UC][I] [PERF] component=transport event=transfer_submitted manager=127.0.0.1:8000 target=127.0.0.1:4502 handle=51 transport_handle=51 opcode=1 direct=2 segments=1 bytes=63 submitted_ts_us=1787575652390260 manager_execute_async_ts_us=1787575652390064 backend_execute_async_ts_us=1787575652390157 manager_to_backend_execute_async_us=93 submit_us=195 [16689,16702][transport_manager.cpp:674,ExecuteAsync]
[HIXL_PERF] event=hccl_batch op=1 desc_num=108 hccl_us=83 status=0
[HIXL_PERF] event=issue_hccl_batch op=1 list_num=108 total_us=94
[HIXL_PERF] event=issue_async_host_flag op=1 list_num=108 context_us=1 hccl_issue_us=100 flag_memcpy_us=4 total_us=105
[HIXL_PERF] event=comm_channel_async op=1 list_num=108 mutex_wait_us=0 slot_us=1 host_flag_us=16 record_us=0 issue_us=110 total_us=127
[HIXL_PERF] event=adxl_inner_async op=1 list_num=108 context_us=1 connect_us=0 get_channel_us=0 channel_async_us=129 tail_us=1 total_us=131
[HIXL_PERF] event=comm_engine_async op=1 list_num=108 desc_build_us=1 inner_us=134 total_us=135 status=0
[HIXL_QUERY_PERF] layer=comm_channel request=0xf mutex_wait_us=0 check_us=0 lookup_us=0 flag_check_us=0 complete_us=2 total_us=2 transfer_status=1
[HIXL_QUERY_PERF] layer=adxl_inner request=0xf context_us=0 req_lock_wait_us=0 lookup_us=1 channel_us=7 cleanup_us=0 total_us=8 status=0 transfer_status=1
[2026-08-24 20:47:32.390412][UC][I] [PERF] component=transport event=transfer_submitted manager=127.0.0.1:8000 target=127.0.0.1:4502 handle=52 transport_handle=52 opcode=1 direct=2 segments=108 bytes=7962624 submitted_ts_us=1787575652390411 manager_execute_async_ts_us=1787575652390214 backend_execute_async_ts_us=1787575652390255 manager_to_backend_execute_async_us=41 submit_us=196 [16689,16703][transport_manager.cpp:674,ExecuteAsync]
[HIXL_QUERY_PERF] layer=comm_engine request=0xf total_us=14 status=0 transfer_status=1
[2026-08-24 20:47:32.390450][UC][I] [QUERY_PERF] component=ucm layer=hixl_instance request=0xf queue_wait_us=132 backend_us=34 run_post_us=11 total_us=177 api_status=0 transfer_status=1 [16689,16702][hixl_instance.cpp:342,GetTransferStatus]
[2026-08-24 20:47:32.390461][UC][I] [QUERY_PERF] component=ucm layer=hixl_transport handle=46 request=0xf lifecycle_lock_us=1 pending_lock_wait_us=0 pending_lookup_us=0 instance_us=187 erase_us=1 total_us=189 transfer_status=1 [16689,16702][hixl_transport.cpp:734,GetStatus]
[2026-08-24 20:47:32.390464][UC][I] [QUERY_PERF] component=ucm layer=transport_manager handle=46 transport_handle=46 transfers_lock_wait_us=0 lookup_us=0 transport_us=193 total_us=193 api_status=0 transfer_status=1 [16689,16702][transport_manager.cpp:716,GetStatus]
[2026-08-24 20:47:32.390468][UC][I] [PERF] component=transport event=transfer_done manager=127.0.0.1:8000 target=127.0.0.1:4502 handle=46 transport_handle=46 opcode=1 direct=2 segments=108 bytes=7962624 status=1 api_status=0 submitted_ts_us=1787575652389564 completed_ts_us=1787575652390467 manager_get_status_ts_us=1787575652390271 backend_query_ts_us=1787575652390404 submit_us=159 transfer_us=902 manager_to_backend_query_us=133 total_us=1061 [16689,16702][transport_manager.cpp:727,GetStatus]
[HIXL_PERF] event=hccl_batch op=1 desc_num=108 hccl_us=91 status=0
[HIXL_PERF] event=issue_hccl_batch op=1 list_num=108 total_us=103
[HIXL_PERF] event=issue_async_host_flag op=1 list_num=108 context_us=1 hccl_issue_us=106 flag_memcpy_us=6 total_us=113
[HIXL_PERF] event=comm_channel_async op=1 list_num=108 mutex_wait_us=0 slot_us=0 host_flag_us=0 record_us=0 issue_us=117 total_us=117
[HIXL_PERF] event=adxl_inner_async op=1 list_num=108 context_us=0 connect_us=0 get_channel_us=1 channel_async_us=121 tail_us=1 total_us=123
[HIXL_PERF] event=comm_engine_async op=1 list_num=108 desc_build_us=1 inner_us=126 total_us=127 status=0
[2026-08-24 20:47:32.390617][UC][I] [PERF] component=transport event=transfer_submitted manager=127.0.0.1:8000 target=127.0.0.1:4502 handle=53 transport_handle=53 opcode=1 direct=2 segments=108 bytes=7962624 submitted_ts_us=1787575652390616 manager_execute_async_ts_us=1787575652390453 backend_execute_async_ts_us=1787575652390469 manager_to_backend_execute_async_us=15 submit_us=162 [16689,16703][transport_manager.cpp:674,ExecuteAsync]
[HIXL_PERF] event=hccl_batch op=1 desc_num=1 hccl_us=71 status=0
[HIXL_PERF] event=issue_hccl_batch op=1 list_num=1 total_us=85
[HIXL_PERF] event=issue_async_host_flag op=1 list_num=1 context_us=0 hccl_issue_us=87 flag_memcpy_us=5 total_us=92
[HIXL_PERF] event=comm_channel_async op=1 list_num=1 mutex_wait_us=0 slot_us=0 host_flag_us=7 record_us=0 issue_us=95 total_us=102
[HIXL_PERF] event=adxl_inner_async op=1 list_num=1 context_us=0 connect_us=0 get_channel_us=1 channel_async_us=104 tail_us=1 total_us=106
[HIXL_PERF] event=comm_engine_async op=1 list_num=1 desc_build_us=0 inner_us=110 total_us=110 status=0
[2026-08-24 20:47:32.390748][UC][I] [PERF] component=transport event=transfer_submitted manager=127.0.0.1:8000 target=127.0.0.1:4502 handle=54 transport_handle=54 opcode=1 direct=2 segments=1 bytes=63 submitted_ts_us=1787575652390747 manager_execute_async_ts_us=1787575652390496 backend_execute_async_ts_us=1787575652390611 manager_to_backend_execute_async_us=114 submit_us=250 [16689,16702][transport_manager.cpp:674,ExecuteAsync]
[HIXL_QUERY_PERF] layer=comm_channel request=0x10 mutex_wait_us=0 check_us=0 lookup_us=0 flag_check_us=0 complete_us=2 total_us=2 transfer_status=1
[HIXL_QUERY_PERF] layer=adxl_inner request=0x10 context_us=1 req_lock_wait_us=0 lookup_us=1 channel_us=13 cleanup_us=0 total_us=15 status=0 transfer_status=1
[HIXL_QUERY_PERF] layer=comm_engine request=0x10 total_us=18 status=0 transfer_status=1
[2026-08-24 20:47:32.390820][UC][I] [QUERY_PERF] component=ucm layer=hixl_instance request=0x10 queue_wait_us=12 backend_us=33 run_post_us=12 total_us=57 api_status=0 transfer_status=1 [16689,16702][hixl_instance.cpp:342,GetTransferStatus]
[2026-08-24 20:47:32.390831][UC][I] [QUERY_PERF] component=ucm layer=hixl_transport handle=47 request=0x10 lifecycle_lock_us=0 pending_lock_wait_us=0 pending_lookup_us=0 instance_us=68 erase_us=0 total_us=68 transfer_status=1 [16689,16702][hixl_transport.cpp:734,GetStatus]
[2026-08-24 20:47:32.390838][UC][I] [QUERY_PERF] component=ucm layer=transport_manager handle=47 transport_handle=47 transfers_lock_wait_us=0 lookup_us=0 transport_us=76 total_us=76 api_status=0 transfer_status=1 [16689,16702][transport_manager.cpp:716,GetStatus]
[2026-08-24 20:47:32.390843][UC][I] [PERF] component=transport event=transfer_done manager=127.0.0.1:8000 target=127.0.0.1:4502 handle=47 transport_handle=47 opcode=1 direct=2 segments=1 bytes=63 status=1 api_status=0 submitted_ts_us=1787575652389666 completed_ts_us=1787575652390842 manager_get_status_ts_us=1787575652390762 backend_query_ts_us=1787575652390775 submit_us=157 transfer_us=1176 manager_to_backend_query_us=13 total_us=1333 [16689,16702][transport_manager.cpp:727,GetStatus]
[2026-08-24 20:47:32.390852][UC][I] [PERF] component=drampool event=request_done request_id=7 opcode=2 peer=127.0.0.1:4502 batch_size=108 data_bytes=7962624 failed_items=0 status=SUCCESS failed_stage=NONE received_ts_us=1787575652388637 worker_started_ts_us=1787575652388703 data_transfer_submitted_ts_us=1787575652389169 data_transfer_completed_ts_us=1787575652389470 response_submitted_ts_us=1787575652389680 completed_ts_us=1787575652390847 data_tm_execute_async_ts_us=1787575652388754 data_hixl_execute_async_ts_us=1787575652388801 data_tm_get_status_ts_us=1787575652389316 data_hixl_query_handle_ts_us=1787575652389353 response_tm_execute_async_ts_us=1787575652389507 response_hixl_execute_async_ts_us=1787575652389559 response_tm_get_status_ts_us=1787575652390762 response_hixl_query_handle_ts_us=1787575652390775 request_queue_us=66 metadata_prepare_us=40 taskworker_prepare_us=469 poller_queue_us=142 data_transfer_us=301 metadata_settle_us=31 response_slot_wait_us=2 response_submit_us=177 response_transfer_us=1166 data_tm_to_hixl_execute_async_us=47 data_tm_to_hixl_query_handle_us=37 response_tm_to_hixl_execute_async_us=52 response_tm_to_hixl_query_handle_us=13 total_us=2210 [16689,16702][completion_poller.cc:56,LogRequestDone]
[HIXL_QUERY_PERF] layer=comm_channel request=0x14 mutex_wait_us=0 check_us=0 lookup_us=1 flag_check_us=0 complete_us=0 total_us=1 transfer_status=0
[HIXL_QUERY_PERF] layer=adxl_inner request=0x14 context_us=1 req_lock_wait_us=0 lookup_us=0 channel_us=11 cleanup_us=0 total_us=12 status=0 transfer_status=0
[HIXL_QUERY_PERF] layer=comm_engine request=0x14 total_us=15 status=0 transfer_status=0
[2026-08-24 20:47:32.390900][UC][I] [QUERY_PERF] component=ucm layer=hixl_instance request=0x14 queue_wait_us=13 backend_us=16 run_post_us=11 total_us=40 api_status=0 transfer_status=0 [16689,16702][hixl_instance.cpp:342,GetTransferStatus]
[2026-08-24 20:47:32.390910][UC][I] [QUERY_PERF] component=ucm layer=hixl_transport handle=51 request=0x14 lifecycle_lock_us=0 pending_lock_wait_us=0 pending_lookup_us=1 instance_us=50 erase_us=0 total_us=51 transfer_status=0 [16689,16702][hixl_transport.cpp:734,GetStatus]
[2026-08-24 20:47:32.390913][UC][I] [QUERY_PERF] component=ucm layer=transport_manager handle=51 transport_handle=51 transfers_lock_wait_us=0 lookup_us=0 transport_us=55 total_us=55 api_status=0 transfer_status=0 [16689,16702][transport_manager.cpp:716,GetStatus]
[HIXL_QUERY_PERF] layer=comm_channel request=0x17 mutex_wait_us=0 check_us=0 lookup_us=0 flag_check_us=0 complete_us=0 total_us=0 transfer_status=0
[HIXL_QUERY_PERF] layer=adxl_inner request=0x17 context_us=1 req_lock_wait_us=0 lookup_us=1 channel_us=10 cleanup_us=0 total_us=12 status=0 transfer_status=0
[HIXL_QUERY_PERF] layer=comm_engine request=0x17 total_us=14 status=0 transfer_status=0
[2026-08-24 20:47:32.390960][UC][I] [QUERY_PERF] component=ucm layer=hixl_instance request=0x17 queue_wait_us=11 backend_us=20 run_post_us=12 total_us=43 api_status=0 transfer_status=0 [16689,16702][hixl_instance.cpp:342,GetTransferStatus]
[2026-08-24 20:47:32.390969][UC][I] [QUERY_PERF] component=ucm layer=hixl_transport handle=54 request=0x17 lifecycle_lock_us=0 pending_lock_wait_us=0 pending_lookup_us=0 instance_us=52 erase_us=0 total_us=52 transfer_status=0 [16689,16702][hixl_transport.cpp:734,GetStatus]
[2026-08-24 20:47:32.390973][UC][I] [QUERY_PERF] component=ucm layer=transport_manager handle=54 transport_handle=54 transfers_lock_wait_us=1 lookup_us=0 transport_us=56 total_us=57 api_status=0 transfer_status=0 [16689,16702][transport_manager.cpp:716,GetStatus]
[HIXL_QUERY_PERF] layer=comm_channel request=0x11 mutex_wait_us=0 check_us=0 lookup_us=0 flag_check_us=1 complete_us=0 total_us=1 transfer_status=1
[HIXL_QUERY_PERF] layer=adxl_inner request=0x11 context_us=1 req_lock_wait_us=0 lookup_us=1 channel_us=11 cleanup_us=1 total_us=14 status=0 transfer_status=1
[HIXL_QUERY_PERF] layer=comm_engine request=0x11 total_us=19 status=0 transfer_status=1
[2026-08-24 20:47:32.391022][UC][I] [QUERY_PERF] component=ucm layer=hixl_instance request=0x11 queue_wait_us=12 backend_us=22 run_post_us=11 total_us=45 api_status=0 transfer_status=1 [16689,16702][hixl_instance.cpp:342,GetTransferStatus]
[2026-08-24 20:47:32.391033][UC][I] [QUERY_PERF] component=ucm layer=hixl_transport handle=48 request=0x11 lifecycle_lock_us=0 pending_lock_wait_us=0 pending_lookup_us=1 instance_us=55 erase_us=0 total_us=56 transfer_status=1 [16689,16702][hixl_transport.cpp:734,GetStatus]
[2026-08-24 20:47:32.391039][UC][I] [QUERY_PERF] component=ucm layer=transport_manager handle=48 transport_handle=48 transfers_lock_wait_us=0 lookup_us=0 transport_us=63 total_us=63 api_status=0 transfer_status=1 [16689,16702][transport_manager.cpp:716,GetStatus]
[2026-08-24 20:47:32.391044][UC][I] [PERF] component=transport event=transfer_done manager=127.0.0.1:8000 target=127.0.0.1:4502 handle=48 transport_handle=48 opcode=1 direct=2 segments=108 bytes=7962624 status=1 api_status=0 submitted_ts_us=1787575652389792 completed_ts_us=1787575652391042 manager_get_status_ts_us=1787575652390976 backend_query_ts_us=1787575652390989 submit_us=177 transfer_us=1250 manager_to_backend_query_us=13 total_us=1427 [16689,16702][transport_manager.cpp:727,GetStatus]
[HIXL_PERF] event=hccl_batch op=1 desc_num=108 hccl_us=335 status=0
[HIXL_PERF] event=issue_hccl_batch op=1 list_num=108 total_us=387
[HIXL_PERF] event=issue_async_host_flag op=1 list_num=108 context_us=1 hccl_issue_us=390 flag_memcpy_us=14 total_us=405
[HIXL_PERF] event=comm_channel_async op=1 list_num=108 mutex_wait_us=0 slot_us=1 host_flag_us=2 record_us=1 issue_us=411 total_us=415
[HIXL_PERF] event=adxl_inner_async op=1 list_num=108 context_us=10 connect_us=0 get_channel_us=4 channel_async_us=419 tail_us=1 total_us=434
[HIXL_PERF] event=comm_engine_async op=1 list_num=108 desc_build_us=1 inner_us=439 total_us=440 status=0
[HIXL_PERF] event=hccl_batch op=1 desc_num=1 hccl_us=67 status=0
[HIXL_PERF] event=issue_hccl_batch op=1 list_num=1 total_us=76
[HIXL_PERF] event=issue_async_host_flag op=1 list_num=1 context_us=0 hccl_issue_us=78 flag_memcpy_us=4 total_us=82
[2026-08-24 20:47:32.391170][UC][I] [PERF] component=transport event=transfer_submitted manager=127.0.0.1:8000 target=127.0.0.1:4501 handle=55 transport_handle=55 opcode=1 direct=2 segments=108 bytes=7962624 submitted_ts_us=1787575652391169 manager_execute_async_ts_us=1787575652390664 backend_execute_async_ts_us=1787575652390695 manager_to_backend_execute_async_us=31 submit_us=504 [16689,16703][transport_manager.cpp:674,ExecuteAsync]
[HIXL_PERF] event=comm_channel_async op=1 list_num=1 mutex_wait_us=0 slot_us=0 host_flag_us=0 record_us=1 issue_us=87 total_us=88
[HIXL_PERF] event=adxl_inner_async op=1 list_num=1 context_us=1 connect_us=0 get_channel_us=1 channel_async_us=106 tail_us=1 total_us=109
[HIXL_PERF] event=comm_engine_async op=1 list_num=1 desc_build_us=0 inner_us=114 total_us=114 status=0
[2026-08-24 20:47:32.391223][UC][I] [PERF] component=transport event=transfer_submitted manager=127.0.0.1:8000 target=127.0.0.1:4502 handle=56 transport_handle=56 opcode=1 direct=2 segments=1 bytes=63 submitted_ts_us=1787575652391222 manager_execute_async_ts_us=1787575652391071 backend_execute_async_ts_us=1787575652391084 manager_to_backend_execute_async_us=13 submit_us=150 [16689,16702][transport_manager.cpp:674,ExecuteAsync]
[HIXL_QUERY_PERF] layer=comm_channel request=0x12 mutex_wait_us=0 check_us=0 lookup_us=1 flag_check_us=0 complete_us=1 total_us=2 transfer_status=1
[HIXL_QUERY_PERF] layer=adxl_inner request=0x12 context_us=1 req_lock_wait_us=0 lookup_us=0 channel_us=14 cleanup_us=0 total_us=15 status=0 transfer_status=1
[HIXL_QUERY_PERF] layer=comm_engine request=0x12 total_us=18 status=0 transfer_status=1
[2026-08-24 20:47:32.391281][UC][I] [QUERY_PERF] component=ucm layer=hixl_instance request=0x12 queue_wait_us=12 backend_us=21 run_post_us=11 total_us=44 api_status=0 transfer_status=1 [16689,16702][hixl_instance.cpp:342,GetTransferStatus]
[2026-08-24 20:47:32.391295][UC][I] [QUERY_PERF] component=ucm layer=hixl_transport handle=49 request=0x12 lifecycle_lock_us=0 pending_lock_wait_us=1 pending_lookup_us=0 instance_us=57 erase_us=0 total_us=58 transfer_status=1 [16689,16702][hixl_transport.cpp:734,GetStatus]
[2026-08-24 20:47:32.391301][UC][I] [QUERY_PERF] component=ucm layer=transport_manager handle=49 transport_handle=49 transfers_lock_wait_us=0 lookup_us=0 transport_us=65 total_us=65 api_status=0 transfer_status=1 [16689,16702][transport_manager.cpp:716,GetStatus]
[2026-08-24 20:47:32.391305][UC][I] [PERF] component=transport event=transfer_done manager=127.0.0.1:8000 target=127.0.0.1:4502 handle=49 transport_handle=49 opcode=1 direct=2 segments=108 bytes=7962624 status=1 api_status=0 submitted_ts_us=1787575652389977 completed_ts_us=1787575652391304 manager_get_status_ts_us=1787575652391235 backend_query_ts_us=1787575652391248 submit_us=150 transfer_us=1327 manager_to_backend_query_us=13 total_us=1477 [16689,16702][transport_manager.cpp:727,GetStatus]
[HIXL_PERF] event=hccl_batch op=1 desc_num=108 hccl_us=121 status=0
[HIXL_PERF] event=issue_hccl_batch op=1 list_num=108 total_us=131
[HIXL_PERF] event=issue_async_host_flag op=1 list_num=108 context_us=0 hccl_issue_us=133 flag_memcpy_us=6 total_us=139
[HIXL_PERF] event=comm_channel_async op=1 list_num=108 mutex_wait_us=0 slot_us=1 host_flag_us=1 record_us=0 issue_us=142 total_us=144
[HIXL_PERF] event=adxl_inner_async op=1 list_num=108 context_us=1 connect_us=0 get_channel_us=2 channel_async_us=146 tail_us=1 total_us=150
[HIXL_PERF] event=comm_engine_async op=1 list_num=108 desc_build_us=1 inner_us=154 total_us=155 status=0
[2026-08-24 20:47:32.391415][UC][I] [PERF] component=transport event=transfer_submitted manager=127.0.0.1:8000 target=127.0.0.1:4501 handle=57 transport_handle=57 opcode=1 direct=2 segments=108 bytes=7962624 submitted_ts_us=1787575652391414 manager_execute_async_ts_us=1787575652391224 backend_execute_async_ts_us=1787575652391240 manager_to_backend_execute_async_us=16 submit_us=189 [16689,16703][transport_manager.cpp:674,ExecuteAsync]
[HIXL_PERF] event=hccl_batch op=1 desc_num=1 hccl_us=64 status=0
[HIXL_PERF] event=issue_hccl_batch op=1 list_num=1 total_us=81
[HIXL_PERF] event=issue_async_host_flag op=1 list_num=1 context_us=0 hccl_issue_us=84 flag_memcpy_us=5 total_us=89
[HIXL_PERF] event=comm_channel_async op=1 list_num=1 mutex_wait_us=0 slot_us=0 host_flag_us=0 record_us=1 issue_us=92 total_us=93
[HIXL_PERF] event=adxl_inner_async op=1 list_num=1 context_us=0 connect_us=0 get_channel_us=1 channel_async_us=97 tail_us=1 total_us=99
[HIXL_PERF] event=comm_engine_async op=1 list_num=1 desc_build_us=0 inner_us=104 total_us=104 status=0
[2026-08-24 20:47:32.391479][UC][I] [PERF] component=transport event=transfer_submitted manager=127.0.0.1:8000 target=127.0.0.1:4502 handle=58 transport_handle=58 opcode=1 direct=2 segments=1 bytes=63 submitted_ts_us=1787575652391478 manager_execute_async_ts_us=1787575652391338 backend_execute_async_ts_us=1787575652391352 manager_to_backend_execute_async_us=14 submit_us=140 [16689,16702][transport_manager.cpp:674,ExecuteAsync]
[HIXL_QUERY_PERF] layer=comm_channel request=0x13 mutex_wait_us=0 check_us=0 lookup_us=0 flag_check_us=0 complete_us=1 total_us=1 transfer_status=1
[HIXL_QUERY_PERF] layer=adxl_inner request=0x13 context_us=1 req_lock_wait_us=0 lookup_us=1 channel_us=13 cleanup_us=0 total_us=15 status=0 transfer_status=1
[HIXL_QUERY_PERF] layer=comm_engine request=0x13 total_us=19 status=0 transfer_status=1
[2026-08-24 20:47:32.391543][UC][I] [QUERY_PERF] component=ucm layer=hixl_instance request=0x13 queue_wait_us=12 backend_us=24 run_post_us=11 total_us=47 api_status=0 transfer_status=1 [16689,16702][hixl_instance.cpp:342,GetTransferStatus]
[2026-08-24 20:47:32.391555][UC][I] [QUERY_PERF] component=ucm layer=hixl_transport handle=50 request=0x13 lifecycle_lock_us=0 pending_lock_wait_us=0 pending_lookup_us=0 instance_us=59 erase_us=0 total_us=59 transfer_status=1 [16689,16702][hixl_transport.cpp:734,GetStatus]
[2026-08-24 20:47:32.391564][UC][I] [QUERY_PERF] component=ucm layer=transport_manager handle=50 transport_handle=50 transfers_lock_wait_us=0 lookup_us=1 transport_us=69 total_us=70 api_status=0 transfer_status=1 [16689,16702][transport_manager.cpp:716,GetStatus]
[2026-08-24 20:47:32.391568][UC][I] [PERF] component=transport event=transfer_done manager=127.0.0.1:8000 target=127.0.0.1:4502 handle=50 transport_handle=50 opcode=1 direct=2 segments=108 bytes=7962624 status=1 api_status=0 submitted_ts_us=1787575652390163 completed_ts_us=1787575652391567 manager_get_status_ts_us=1787575652391494 backend_query_ts_us=1787575652391508 submit_us=153 transfer_us=1405 manager_to_backend_query_us=13 total_us=1558 [16689,16702][transport_manager.cpp:727,GetStatus]
[HIXL_PERF] event=hccl_batch op=1 desc_num=108 hccl_us=94 status=0
[HIXL_PERF] event=issue_hccl_batch op=1 list_num=108 total_us=101
[HIXL_PERF] event=issue_async_host_flag op=1 list_num=108 context_us=1 hccl_issue_us=103 flag_memcpy_us=4 total_us=108
[HIXL_PERF] event=comm_channel_async op=1 list_num=108 mutex_wait_us=0 slot_us=1 host_flag_us=0 record_us=0 issue_us=112 total_us=113
[HIXL_PERF] event=adxl_inner_async op=1 list_num=108 context_us=1 connect_us=0 get_channel_us=1 channel_async_us=115 tail_us=1 total_us=118
[HIXL_PERF] event=comm_engine_async op=1 list_num=108 desc_build_us=1 inner_us=121 total_us=122 status=0
[2026-08-24 20:47:32.391622][UC][I] [PERF] component=transport event=transfer_submitted manager=127.0.0.1:8000 target=127.0.0.1:4501 handle=59 transport_handle=59 opcode=1 direct=2 segments=108 bytes=7962624 submitted_ts_us=1787575652391621 manager_execute_async_ts_us=1787575652391468 backend_execute_async_ts_us=1787575652391482 manager_to_backend_execute_async_us=14 submit_us=152 [16689,16703][transport_manager.cpp:674,ExecuteAsync]
[HIXL_PERF] event=hccl_batch op=1 desc_num=1 hccl_us=60 status=0
[HIXL_PERF] event=issue_hccl_batch op=1 list_num=1 total_us=72
[HIXL_PERF] event=issue_async_host_flag op=1 list_num=1 context_us=0 hccl_issue_us=74 flag_memcpy_us=4 total_us=78
[HIXL_PERF] event=comm_channel_async op=1 list_num=1 mutex_wait_us=0 slot_us=0 host_flag_us=0 record_us=0 issue_us=83 total_us=83
[HIXL_PERF] event=adxl_inner_async op=1 list_num=1 context_us=1 connect_us=0 get_channel_us=0 channel_async_us=88 tail_us=1 total_us=90
[HIXL_PERF] event=comm_engine_async op=1 list_num=1 desc_build_us=0 inner_us=95 total_us=95 status=0
[2026-08-24 20:47:32.391728][UC][I] [PERF] component=transport event=transfer_submitted manager=127.0.0.1:8000 target=127.0.0.1:4502 handle=60 transport_handle=60 opcode=1 direct=2 segments=1 bytes=63 submitted_ts_us=1787575652391727 manager_execute_async_ts_us=1787575652391597 backend_execute_async_ts_us=1787575652391611 manager_to_backend_execute_async_us=13 submit_us=129 [16689,16702][transport_manager.cpp:674,ExecuteAsync]
[HIXL_QUERY_PERF] layer=comm_channel request=0x15 mutex_wait_us=0 check_us=0 lookup_us=0 flag_check_us=1 complete_us=1 total_us=2 transfer_status=1
[HIXL_QUERY_PERF] layer=adxl_inner request=0x15 context_us=1 req_lock_wait_us=0 lookup_us=1 channel_us=16 cleanup_us=0 total_us=18 status=0 transfer_status=1
[HIXL_QUERY_PERF] layer=comm_engine request=0x15 total_us=22 status=0 transfer_status=1
[2026-08-24 20:47:32.391792][UC][I] [QUERY_PERF] component=ucm layer=hixl_instance request=0x15 queue_wait_us=13 backend_us=27 run_post_us=11 total_us=51 api_status=0 transfer_status=1 [16689,16702][hixl_instance.cpp:342,GetTransferStatus]
[HIXL_PERF] event=hccl_batch op=1 desc_num=108 hccl_us=105 status=0
[2026-08-24 20:47:32.391807][UC][I] [QUERY_PERF] component=ucm layer=hixl_transport handle=52 request=0x15 lifecycle_lock_us=0 pending_lock_wait_us=0 pending_lookup_us=0 instance_us=64 erase_us=1 total_us=65 transfer_status=1 [16689,16702][hixl_transport.cpp:734,GetStatus]
[HIXL_PERF] event=issue_hccl_batch op=1 list_num=108 total_us=118
[2026-08-24 20:47:32.391818][UC][I] [QUERY_PERF] component=ucm layer=transport_manager handle=52 transport_handle=52 transfers_lock_wait_us=0 lookup_us=0 transport_us=77 total_us=77 api_status=0 transfer_status=1 [16689,16702][transport_manager.cpp:716,GetStatus]
[HIXL_PERF] event=issue_async_host_flag op=1 list_num=108 context_us=0 hccl_issue_us=130 flag_memcpy_us=5 total_us=135
[2026-08-24 20:47:32.391831][UC][I] [PERF] component=transport event=transfer_done manager=127.0.0.1:8000 target=127.0.0.1:4502 handle=52 transport_handle=52 opcode=1 direct=2 segments=108 bytes=7962624 status=1 api_status=0 submitted_ts_us=1787575652390411 completed_ts_us=1787575652391830 manager_get_status_ts_us=1787575652391741 backend_query_ts_us=1787575652391754 submit_us=196 transfer_us=1419 manager_to_backend_query_us=13 total_us=1615 [16689,16702][transport_manager.cpp:727,GetStatus]
[HIXL_PERF] event=comm_channel_async op=1 list_num=108 mutex_wait_us=0 slot_us=1 host_flag_us=0 record_us=0 issue_us=142 total_us=143
[HIXL_PERF] event=adxl_inner_async op=1 list_num=108 context_us=1 connect_us=0 get_channel_us=1 channel_async_us=155 tail_us=1 total_us=158
[HIXL_PERF] event=comm_engine_async op=1 list_num=108 desc_build_us=1 inner_us=162 total_us=163 status=0
[2026-08-24 20:47:32.391870][UC][I] [PERF] component=transport event=transfer_submitted manager=127.0.0.1:8000 target=127.0.0.1:4501 handle=61 transport_handle=61 opcode=1 direct=2 segments=108 bytes=7962624 submitted_ts_us=1787575652391868 manager_execute_async_ts_us=1787575652391674 backend_execute_async_ts_us=1787575652391688 manager_to_backend_execute_async_us=14 submit_us=194 [16689,16703][transport_manager.cpp:674,ExecuteAsync]
[HIXL_PERF] event=hccl_batch op=1 desc_num=1 hccl_us=64 status=0
[HIXL_PERF] event=issue_hccl_batch op=1 list_num=1 total_us=77
[HIXL_PERF] event=issue_async_host_flag op=1 list_num=1 context_us=0 hccl_issue_us=79 flag_memcpy_us=4 total_us=83
[HIXL_PERF] event=comm_channel_async op=1 list_num=1 mutex_wait_us=0 slot_us=1 host_flag_us=0 record_us=0 issue_us=87 total_us=88
[HIXL_PERF] event=adxl_inner_async op=1 list_num=1 context_us=1 connect_us=0 get_channel_us=0 channel_async_us=91 tail_us=1 total_us=93
[HIXL_PERF] event=comm_engine_async op=1 list_num=1 desc_build_us=0 inner_us=96 total_us=96 status=0
[2026-08-24 20:47:32.392014][UC][I] [PERF] component=transport event=transfer_submitted manager=127.0.0.1:8000 target=127.0.0.1:4502 handle=62 transport_handle=62 opcode=1 direct=2 segments=1 bytes=63 submitted_ts_us=1787575652392012 manager_execute_async_ts_us=1787575652391879 backend_execute_async_ts_us=1787575652391895 manager_to_backend_execute_async_us=15 submit_us=133 [16689,16702][transport_manager.cpp:674,ExecuteAsync]
[HIXL_PERF] event=hccl_batch op=1 desc_num=108 hccl_us=95 status=0
[HIXL_PERF] event=issue_hccl_batch op=1 list_num=108 total_us=108
[HIXL_QUERY_PERF] layer=comm_channel request=0x16 mutex_wait_us=0 check_us=0 lookup_us=0 flag_check_us=1 complete_us=1 total_us=2 transfer_status=1
[HIXL_QUERY_PERF] layer=adxl_inner request=0x16 context_us=1 req_lock_wait_us=0 lookup_us=1 channel_us=30 cleanup_us=1 total_us=33 status=0 transfer_status=1
[HIXL_QUERY_PERF] layer=comm_engine request=0x16 total_us=46 status=0 transfer_status=1
[HIXL_PERF] event=issue_async_host_flag op=1 list_num=108 context_us=0 hccl_issue_us=111 flag_memcpy_us=5 total_us=116
[HIXL_PERF] event=comm_channel_async op=1 list_num=108 mutex_wait_us=0 slot_us=0 host_flag_us=0 record_us=0 issue_us=164 total_us=164
[2026-08-24 20:47:32.392107][UC][I] [QUERY_PERF] component=ucm layer=hixl_instance request=0x16 queue_wait_us=13 backend_us=55 run_post_us=11 total_us=79 api_status=0 transfer_status=1 [16689,16702][hixl_instance.cpp:342,GetTransferStatus]
[HIXL_PERF] event=adxl_inner_async op=1 list_num=108 context_us=1 connect_us=0 get_channel_us=0 channel_async_us=169 tail_us=1 total_us=171
[HIXL_PERF] event=comm_engine_async op=1 list_num=108 desc_build_us=1 inner_us=182 total_us=183 status=0
[2026-08-24 20:47:32.392130][UC][I] [QUERY_PERF] component=ucm layer=hixl_transport handle=53 request=0x16 lifecycle_lock_us=0 pending_lock_wait_us=0 pending_lookup_us=0 instance_us=102 erase_us=0 total_us=102 transfer_status=1 [16689,16702][hixl_transport.cpp:734,GetStatus]
[2026-08-24 20:47:32.392138][UC][I] [QUERY_PERF] component=ucm layer=transport_manager handle=53 transport_handle=53 transfers_lock_wait_us=0 lookup_us=0 transport_us=111 total_us=111 api_status=0 transfer_status=1 [16689,16702][transport_manager.cpp:716,GetStatus]
[2026-08-24 20:47:32.392140][UC][I] [PERF] component=transport event=transfer_submitted manager=127.0.0.1:8000 target=127.0.0.1:4501 handle=63 transport_handle=63 opcode=1 direct=2 segments=108 bytes=7962624 submitted_ts_us=1787575652392139 manager_execute_async_ts_us=1787575652391923 backend_execute_async_ts_us=1787575652391939 manager_to_backend_execute_async_us=15 submit_us=215 [16689,16703][transport_manager.cpp:674,ExecuteAsync]
[2026-08-24 20:47:32.392148][UC][I] [PERF] component=transport event=transfer_done manager=127.0.0.1:8000 target=127.0.0.1:4502 handle=53 transport_handle=53 opcode=1 direct=2 segments=108 bytes=7962624 status=1 api_status=0 submitted_ts_us=1787575652390616 completed_ts_us=1787575652392146 manager_get_status_ts_us=1787575652392027 backend_query_ts_us=1787575652392040 submit_us=162 transfer_us=1531 manager_to_backend_query_us=13 total_us=1693 [16689,16702][transport_manager.cpp:727,GetStatus]
[HIXL_PERF] event=hccl_batch op=1 desc_num=1 hccl_us=68 status=0
[HIXL_PERF] event=issue_hccl_batch op=1 list_num=1 total_us=79
[HIXL_PERF] event=issue_async_host_flag op=1 list_num=1 context_us=1 hccl_issue_us=81 flag_memcpy_us=5 total_us=87
[HIXL_PERF] event=comm_channel_async op=1 list_num=1 mutex_wait_us=0 slot_us=0 host_flag_us=0 record_us=0 issue_us=95 total_us=95
[HIXL_PERF] event=hccl_batch op=1 desc_num=108 hccl_us=93 status=0
[HIXL_PERF] event=issue_hccl_batch op=1 list_num=108 total_us=117
[HIXL_PERF] event=adxl_inner_async op=1 list_num=1 context_us=1 connect_us=0 get_channel_us=1 channel_async_us=99 tail_us=1 total_us=102
[HIXL_PERF] event=comm_engine_async op=1 list_num=1 desc_build_us=0 inner_us=130 total_us=130 status=0
[HIXL_PERF] event=issue_async_host_flag op=1 list_num=108 context_us=0 hccl_issue_us=120 flag_memcpy_us=5 total_us=125
[HIXL_PERF] event=comm_channel_async op=1 list_num=108 mutex_wait_us=0 slot_us=1 host_flag_us=0 record_us=0 issue_us=156 total_us=157
[HIXL_PERF] event=adxl_inner_async op=1 list_num=108 context_us=0 connect_us=0 get_channel_us=1 channel_async_us=160 tail_us=1 total_us=162
[HIXL_PERF] event=comm_engine_async op=1 list_num=108 desc_build_us=1 inner_us=166 total_us=167 status=0
[2026-08-24 20:47:32.392361][UC][I] [PERF] component=transport event=transfer_submitted manager=127.0.0.1:8000 target=127.0.0.1:4502 handle=64 transport_handle=64 opcode=1 direct=2 segments=1 bytes=63 submitted_ts_us=1787575652392360 manager_execute_async_ts_us=1787575652392189 backend_execute_async_ts_us=1787575652392202 manager_to_backend_execute_async_us=13 submit_us=171 [16689,16702][transport_manager.cpp:674,ExecuteAsync]
[2026-08-24 20:47:32.392379][UC][I] [PERF] component=transport event=transfer_submitted manager=127.0.0.1:8000 target=127.0.0.1:4501 handle=65 transport_handle=65 opcode=1 direct=2 segments=108 bytes=7962624 submitted_ts_us=1787575652392378 manager_execute_async_ts_us=1787575652392177 backend_execute_async_ts_us=1787575652392194 manager_to_backend_execute_async_us=17 submit_us=197 [16689,16703][transport_manager.cpp:674,ExecuteAsync]
[HIXL_QUERY_PERF] layer=comm_channel request=0x14 mutex_wait_us=0 check_us=0 lookup_us=0 flag_check_us=1 complete_us=1 total_us=2 transfer_status=1
[HIXL_QUERY_PERF] layer=adxl_inner request=0x14 context_us=1 req_lock_wait_us=0 lookup_us=0 channel_us=15 cleanup_us=1 total_us=17 status=0 transfer_status=1
[HIXL_QUERY_PERF] layer=comm_engine request=0x14 total_us=23 status=0 transfer_status=1
[2026-08-24 20:47:32.392426][UC][I] [QUERY_PERF] component=ucm layer=hixl_instance request=0x14 queue_wait_us=12 backend_us=28 run_post_us=11 total_us=51 api_status=0 transfer_status=1 [16689,16702][hixl_instance.cpp:342,GetTransferStatus]
[2026-08-24 20:47:32.392439][UC][I] [QUERY_PERF] component=ucm layer=hixl_transport handle=51 request=0x14 lifecycle_lock_us=0 pending_lock_wait_us=0 pending_lookup_us=0 instance_us=62 erase_us=1 total_us=63 transfer_status=1 [16689,16702][hixl_transport.cpp:734,GetStatus]
[2026-08-24 20:47:32.392445][UC][I] [QUERY_PERF] component=ucm layer=transport_manager handle=51 transport_handle=51 transfers_lock_wait_us=0 lookup_us=0 transport_us=70 total_us=70 api_status=0 transfer_status=1 [16689,16702][transport_manager.cpp:716,GetStatus]
[2026-08-24 20:47:32.392449][UC][I] [PERF] component=transport event=transfer_done manager=127.0.0.1:8000 target=127.0.0.1:4502 handle=51 transport_handle=51 opcode=1 direct=2 segments=1 bytes=63 status=1 api_status=0 submitted_ts_us=1787575652390260 completed_ts_us=1787575652392448 manager_get_status_ts_us=1787575652392375 backend_query_ts_us=1787575652392387 submit_us=195 transfer_us=2188 manager_to_backend_query_us=12 total_us=2383 [16689,16702][transport_manager.cpp:727,GetStatus]
[2026-08-24 20:47:32.392457][UC][I] [PERF] component=drampool event=request_done request_id=8 opcode=2 peer=127.0.0.1:4502 batch_size=108 data_bytes=7962624 failed_items=0 status=SUCCESS failed_stage=NONE received_ts_us=1787575652388713 worker_started_ts_us=1787575652389173 data_transfer_submitted_ts_us=1787575652389386 data_transfer_completed_ts_us=1787575652390040 response_submitted_ts_us=1787575652390270 completed_ts_us=1787575652392454 data_tm_execute_async_ts_us=1787575652389191 data_hixl_execute_async_ts_us=1787575652389210 data_tm_get_status_ts_us=1787575652389842 data_hixl_query_handle_ts_us=1787575652389971 response_tm_execute_async_ts_us=1787575652390064 response_hixl_execute_async_ts_us=1787575652390157 response_tm_get_status_ts_us=1787575652392375 response_hixl_query_handle_ts_us=1787575652392387 request_queue_us=461 metadata_prepare_us=17 taskworker_prepare_us=214 poller_queue_us=294 data_transfer_us=654 metadata_settle_us=22 response_slot_wait_us=1 response_submit_us=207 response_transfer_us=2184 data_tm_to_hixl_execute_async_us=18 data_tm_to_hixl_query_handle_us=129 response_tm_to_hixl_execute_async_us=93 response_tm_to_hixl_query_handle_us=12 total_us=3742 [16689,16702][completion_poller.cc:56,LogRequestDone]
[HIXL_QUERY_PERF] layer=comm_channel request=0x17 mutex_wait_us=0 check_us=0 lookup_us=0 flag_check_us=1 complete_us=0 total_us=1 transfer_status=1
[HIXL_QUERY_PERF] layer=adxl_inner request=0x17 context_us=1 req_lock_wait_us=0 lookup_us=0 channel_us=10 cleanup_us=0 total_us=11 status=0 transfer_status=1
[HIXL_QUERY_PERF] layer=comm_engine request=0x17 total_us=16 status=0 transfer_status=1
[2026-08-24 20:47:32.392520][UC][I] [QUERY_PERF] component=ucm layer=hixl_instance request=0x17 queue_wait_us=12 backend_us=20 run_post_us=12 total_us=44 api_status=0 transfer_status=1 [16689,16702][hixl_instance.cpp:342,GetTransferStatus]
[2026-08-24 20:47:32.392532][UC][I] [QUERY_PERF] component=ucm layer=hixl_transport handle=54 request=0x17 lifecycle_lock_us=0 pending_lock_wait_us=0 pending_lookup_us=0 instance_us=56 erase_us=0 total_us=56 transfer_status=1 [16689,16702][hixl_transport.cpp:734,GetStatus]
[2026-08-24 20:47:32.392540][UC][I] [QUERY_PERF] component=ucm layer=transport_manager handle=54 transport_handle=54 transfers_lock_wait_us=0 lookup_us=1 transport_us=65 total_us=66 api_status=0 transfer_status=1 [16689,16702][transport_manager.cpp:716,GetStatus]
[2026-08-24 20:47:32.392544][UC][I] [PERF] component=transport event=transfer_done manager=127.0.0.1:8000 target=127.0.0.1:4502 handle=54 transport_handle=54 opcode=1 direct=2 segments=1 bytes=63 status=1 api_status=0 submitted_ts_us=1787575652390747 completed_ts_us=1787575652392543 manager_get_status_ts_us=1787575652392474 backend_query_ts_us=1787575652392488 submit_us=250 transfer_us=1796 manager_to_backend_query_us=13 total_us=2046 [16689,16702][transport_manager.cpp:727,GetStatus]
[2026-08-24 20:47:32.392552][UC][I] [PERF] component=drampool event=request_done request_id=9 opcode=2 peer=127.0.0.1:4502 batch_size=108 data_bytes=7962624 failed_items=0 status=SUCCESS failed_stage=NONE received_ts_us=1787575652388716 worker_started_ts_us=1787575652389389 data_transfer_submitted_ts_us=1787575652389576 data_transfer_completed_ts_us=1787575652390472 response_submitted_ts_us=1787575652390759 completed_ts_us=1787575652392549 data_tm_execute_async_ts_us=1787575652389406 data_hixl_execute_async_ts_us=1787575652389422 data_tm_get_status_ts_us=1787575652390271 data_hixl_query_handle_ts_us=1787575652390404 response_tm_execute_async_ts_us=1787575652390496 response_hixl_execute_async_ts_us=1787575652390611 response_tm_get_status_ts_us=1787575652392474 response_hixl_query_handle_ts_us=1787575652392488 request_queue_us=673 metadata_prepare_us=15 taskworker_prepare_us=188 poller_queue_us=105 data_transfer_us=896 metadata_settle_us=23 response_slot_wait_us=1 response_submit_us=263 response_transfer_us=1790 data_tm_to_hixl_execute_async_us=16 data_tm_to_hixl_query_handle_us=133 response_tm_to_hixl_execute_async_us=114 response_tm_to_hixl_query_handle_us=13 total_us=3833 [16689,16702][completion_poller.cc:56,LogRequestDone]
[HIXL_QUERY_PERF] layer=comm_channel request=0x18 mutex_wait_us=0 check_us=0 lookup_us=1 flag_check_us=0 complete_us=0 total_us=1 transfer_status=1
[HIXL_QUERY_PERF] layer=adxl_inner request=0x18 context_us=1 req_lock_wait_us=0 lookup_us=0 channel_us=16 cleanup_us=1 total_us=18 status=0 transfer_status=1
[HIXL_QUERY_PERF] layer=comm_engine request=0x18 total_us=28 status=0 transfer_status=1
[HIXL_PERF] event=hccl_batch op=1 desc_num=108 hccl_us=98 status=0
[HIXL_PERF] event=issue_hccl_batch op=1 list_num=108 total_us=131
[2026-08-24 20:47:32.392614][UC][I] [QUERY_PERF] component=ucm layer=hixl_instance request=0x18 queue_wait_us=11 backend_us=33 run_post_us=11 total_us=55 api_status=0 transfer_status=1 [16689,16702][hixl_instance.cpp:342,GetTransferStatus]
[2026-08-24 20:47:32.392625][UC][I] [QUERY_PERF] component=ucm layer=hixl_transport handle=56 request=0x18 lifecycle_lock_us=0 pending_lock_wait_us=0 pending_lookup_us=0 instance_us=65 erase_us=1 total_us=66 transfer_status=1 [16689,16702][hixl_transport.cpp:734,GetStatus]
[HIXL_PERF] event=issue_async_host_flag op=1 list_num=108 context_us=1 hccl_issue_us=137 flag_memcpy_us=10 total_us=148
[2026-08-24 20:47:32.392631][UC][I] [QUERY_PERF] component=ucm layer=transport_manager handle=56 transport_handle=56 transfers_lock_wait_us=0 lookup_us=0 transport_us=73 total_us=73 api_status=0 transfer_status=1 [16689,16702][transport_manager.cpp:716,GetStatus]
[HIXL_PERF] event=comm_channel_async op=1 list_num=108 mutex_wait_us=0 slot_us=0 host_flag_us=30 record_us=0 issue_us=158 total_us=188
[HIXL_PERF] event=adxl_inner_async op=1 list_num=108 context_us=1 connect_us=0 get_channel_us=0 channel_async_us=198 tail_us=1 total_us=200
[2026-08-24 20:47:32.392649][UC][I] [PERF] component=transport event=transfer_done manager=127.0.0.1:8000 target=127.0.0.1:4502 handle=56 transport_handle=56 opcode=1 direct=2 segments=1 bytes=63 status=1 api_status=0 submitted_ts_us=1787575652391222 completed_ts_us=1787575652392648 manager_get_status_ts_us=1787575652392557 backend_query_ts_us=1787575652392570 submit_us=150 transfer_us=1426 manager_to_backend_query_us=11 total_us=1576 [16689,16702][transport_manager.cpp:727,GetStatus]
[HIXL_PERF] event=comm_engine_async op=1 list_num=108 desc_build_us=1 inner_us=206 total_us=207 status=0
[2026-08-24 20:47:32.392663][UC][I] [PERF] component=drampool event=request_done request_id=10 opcode=2 peer=127.0.0.1:4502 batch_size=108 data_bytes=7962624 failed_items=0 status=SUCCESS failed_stage=NONE received_ts_us=1787575652388718 worker_started_ts_us=1787575652389579 data_transfer_submitted_ts_us=1787575652389808 data_transfer_completed_ts_us=1787575652391047 response_submitted_ts_us=1787575652391234 completed_ts_us=1787575652392661 data_tm_execute_async_ts_us=1787575652389614 data_hixl_execute_async_ts_us=1787575652389661 data_tm_get_status_ts_us=1787575652390976 data_hixl_query_handle_ts_us=1787575652390989 response_tm_execute_async_ts_us=1787575652391071 response_hixl_execute_async_ts_us=1787575652391084 response_tm_get_status_ts_us=1787575652392557 response_hixl_query_handle_ts_us=1787575652392570 request_queue_us=861 metadata_prepare_us=34 taskworker_prepare_us=230 poller_queue_us=951 data_transfer_us=1239 metadata_settle_us=22 response_slot_wait_us=1 response_submit_us=164 response_transfer_us=1427 data_tm_to_hixl_execute_async_us=46 data_tm_to_hixl_query_handle_us=13 response_tm_to_hixl_execute_async_us=13 response_tm_to_hixl_query_handle_us=11 total_us=3943 [16689,16702][completion_poller.cc:56,LogRequestDone]
[2026-08-24 20:47:32.392684][UC][I] [PERF] component=transport event=transfer_submitted manager=127.0.0.1:8000 target=127.0.0.1:4501 handle=66 transport_handle=66 opcode=1 direct=2 segments=108 bytes=7962624 submitted_ts_us=1787575652392682 manager_execute_async_ts_us=1787575652392429 backend_execute_async_ts_us=1787575652392444 manager_to_backend_execute_async_us=14 submit_us=253 [16689,16703][transport_manager.cpp:674,ExecuteAsync]
[HIXL_QUERY_PERF] layer=comm_channel request=0x19 mutex_wait_us=0 check_us=0 lookup_us=0 flag_check_us=1 complete_us=0 total_us=1 transfer_status=1
[HIXL_QUERY_PERF] layer=adxl_inner request=0x19 context_us=1 req_lock_wait_us=0 lookup_us=0 channel_us=15 cleanup_us=2 total_us=18 status=0 transfer_status=1
[HIXL_QUERY_PERF] layer=comm_engine request=0x19 total_us=22 status=0 transfer_status=1
[2026-08-24 20:47:32.392722][UC][I] [QUERY_PERF] component=ucm layer=hixl_instance request=0x19 queue_wait_us=12 backend_us=26 run_post_us=12 total_us=50 api_status=0 transfer_status=1 [16689,16702][hixl_instance.cpp:342,GetTransferStatus]
[2026-08-24 20:47:32.392735][UC][I] [QUERY_PERF] component=ucm layer=hixl_transport handle=58 request=0x19 lifecycle_lock_us=0 pending_lock_wait_us=0 pending_lookup_us=0 instance_us=62 erase_us=0 total_us=62 transfer_status=1 [16689,16702][hixl_transport.cpp:734,GetStatus]
[2026-08-24 20:47:32.392740][UC][I] [QUERY_PERF] component=ucm layer=transport_manager handle=58 transport_handle=58 transfers_lock_wait_us=0 lookup_us=0 transport_us=68 total_us=68 api_status=0 transfer_status=1 [16689,16702][transport_manager.cpp:716,GetStatus]
[2026-08-24 20:47:32.392745][UC][I] [PERF] component=transport event=transfer_done manager=127.0.0.1:8000 target=127.0.0.1:4502 handle=58 transport_handle=58 opcode=1 direct=2 segments=1 bytes=63 status=1 api_status=0 submitted_ts_us=1787575652391478 completed_ts_us=1787575652392744 manager_get_status_ts_us=1787575652392671 backend_query_ts_us=1787575652392685 submit_us=140 transfer_us=1266 manager_to_backend_query_us=12 total_us=1406 [16689,16702][transport_manager.cpp:727,GetStatus]
[2026-08-24 20:47:32.392751][UC][I] [PERF] component=drampool event=request_done request_id=11 opcode=2 peer=127.0.0.1:4502 batch_size=108 data_bytes=7962624 failed_items=0 status=SUCCESS failed_stage=NONE received_ts_us=1787575652388719 worker_started_ts_us=1787575652389810 data_transfer_submitted_ts_us=1787575652389992 data_transfer_completed_ts_us=1787575652391312 response_submitted_ts_us=1787575652391493 completed_ts_us=1787575652392749 data_tm_execute_async_ts_us=1787575652389826 data_hixl_execute_async_ts_us=1787575652389842 data_tm_get_status_ts_us=1787575652391235 data_hixl_query_handle_ts_us=1787575652391248 response_tm_execute_async_ts_us=1787575652391338 response_hixl_execute_async_ts_us=1787575652391352 response_tm_get_status_ts_us=1787575652392671 response_hixl_query_handle_ts_us=1787575652392685 request_queue_us=1090 metadata_prepare_us=14 taskworker_prepare_us=183 poller_queue_us=767 data_transfer_us=1320 metadata_settle_us=24 response_slot_wait_us=1 response_submit_us=157 response_transfer_us=1255 data_tm_to_hixl_execute_async_us=16 data_tm_to_hixl_query_handle_us=13 response_tm_to_hixl_execute_async_us=14 response_tm_to_hixl_query_handle_us=12 total_us=4029 [16689,16702][completion_poller.cc:56,LogRequestDone]
[HIXL_QUERY_PERF] layer=comm_channel request=0x1a mutex_wait_us=0 check_us=0 lookup_us=0 flag_check_us=0 complete_us=1 total_us=1 transfer_status=1
[HIXL_QUERY_PERF] layer=adxl_inner request=0x1a context_us=1 req_lock_wait_us=0 lookup_us=1 channel_us=12 cleanup_us=0 total_us=14 status=0 transfer_status=1
[HIXL_QUERY_PERF] layer=comm_engine request=0x1a total_us=18 status=0 transfer_status=1
[2026-08-24 20:47:32.392811][UC][I] [QUERY_PERF] component=ucm layer=hixl_instance request=0x1a queue_wait_us=12 backend_us=20 run_post_us=11 total_us=43 api_status=0 transfer_status=1 [16689,16702][hixl_instance.cpp:342,GetTransferStatus]
[2026-08-24 20:47:32.392823][UC][I] [QUERY_PERF] component=ucm layer=hixl_transport handle=60 request=0x1a lifecycle_lock_us=0 pending_lock_wait_us=0 pending_lookup_us=0 instance_us=55 erase_us=0 total_us=55 transfer_status=1 [16689,16702][hixl_transport.cpp:734,GetStatus]
[2026-08-24 20:47:32.392828][UC][I] [QUERY_PERF] component=ucm layer=transport_manager handle=60 transport_handle=60 transfers_lock_wait_us=0 lookup_us=0 transport_us=61 total_us=61 api_status=0 transfer_status=1 [16689,16702][transport_manager.cpp:716,GetStatus]
[2026-08-24 20:47:32.392833][UC][I] [PERF] component=transport event=transfer_done manager=127.0.0.1:8000 target=127.0.0.1:4502 handle=60 transport_handle=60 opcode=1 direct=2 segments=1 bytes=63 status=1 api_status=0 submitted_ts_us=1787575652391727 completed_ts_us=1787575652392832 manager_get_status_ts_us=1787575652392767 backend_query_ts_us=1787575652392779 submit_us=129 transfer_us=1105 manager_to_backend_query_us=12 total_us=1234 [16689,16702][transport_manager.cpp:727,GetStatus]
[2026-08-24 20:47:32.392839][UC][I] [PERF] component=drampool event=request_done request_id=12 opcode=2 peer=127.0.0.1:4502 batch_size=108 data_bytes=7962624 failed_items=0 status=SUCCESS failed_stage=NONE received_ts_us=1787575652388721 worker_started_ts_us=1787575652389994 data_transfer_submitted_ts_us=1787575652390174 data_transfer_completed_ts_us=1787575652391572 response_submitted_ts_us=1787575652391740 completed_ts_us=1787575652392837 data_tm_execute_async_ts_us=1787575652390010 data_hixl_execute_async_ts_us=1787575652390026 data_tm_get_status_ts_us=1787575652391494 data_hixl_query_handle_ts_us=1787575652391508 response_tm_execute_async_ts_us=1787575652391597 response_hixl_execute_async_ts_us=1787575652391611 response_tm_get_status_ts_us=1787575652392767 response_hixl_query_handle_ts_us=1787575652392779 request_queue_us=1273 metadata_prepare_us=14 taskworker_prepare_us=181 poller_queue_us=586 data_transfer_us=1398 metadata_settle_us=23 response_slot_wait_us=1 response_submit_us=144 response_transfer_us=1096 data_tm_to_hixl_execute_async_us=16 data_tm_to_hixl_query_handle_us=13 response_tm_to_hixl_execute_async_us=13 response_tm_to_hixl_query_handle_us=12 total_us=4116 [16689,16702][completion_poller.cc:56,LogRequestDone]
[HIXL_PERF] event=hccl_batch op=1 desc_num=108 hccl_us=91 status=0
[HIXL_PERF] event=issue_hccl_batch op=1 list_num=108 total_us=103
[HIXL_PERF] event=issue_async_host_flag op=1 list_num=108 context_us=0 hccl_issue_us=106 flag_memcpy_us=4 total_us=110
[HIXL_PERF] event=comm_channel_async op=1 list_num=108 mutex_wait_us=0 slot_us=0 host_flag_us=5 record_us=1 issue_us=113 total_us=119
[HIXL_QUERY_PERF] layer=comm_channel request=0x1b mutex_wait_us=0 check_us=0 lookup_us=0 flag_check_us=1 complete_us=0 total_us=1 transfer_status=1
[HIXL_QUERY_PERF] layer=adxl_inner request=0x1b context_us=0 req_lock_wait_us=0 lookup_us=1 channel_us=20 cleanup_us=1 total_us=22 status=0 transfer_status=1
[HIXL_QUERY_PERF] layer=comm_engine request=0x1b total_us=31 status=0 transfer_status=1
[HIXL_PERF] event=adxl_inner_async op=1 list_num=108 context_us=1 connect_us=0 get_channel_us=0 channel_async_us=122 tail_us=1 total_us=124
[HIXL_PERF] event=comm_engine_async op=1 list_num=108 desc_build_us=2 inner_us=164 total_us=166 status=0
[2026-08-24 20:47:32.392908][UC][I] [QUERY_PERF] component=ucm layer=hixl_instance request=0x1b queue_wait_us=11 backend_us=37 run_post_us=11 total_us=59 api_status=0 transfer_status=1 [16689,16702][hixl_instance.cpp:342,GetTransferStatus]
[2026-08-24 20:47:32.392920][UC][I] [PERF] component=transport event=transfer_submitted manager=127.0.0.1:8000 target=127.0.0.1:4501 handle=67 transport_handle=67 opcode=1 direct=2 segments=108 bytes=7962624 submitted_ts_us=1787575652392919 manager_execute_async_ts_us=1787575652392711 backend_execute_async_ts_us=1787575652392736 manager_to_backend_execute_async_us=25 submit_us=208 [16689,16703][transport_manager.cpp:674,ExecuteAsync]
[2026-08-24 20:47:32.392921][UC][I] [QUERY_PERF] component=ucm layer=hixl_transport handle=62 request=0x1b lifecycle_lock_us=0 pending_lock_wait_us=0 pending_lookup_us=0 instance_us=72 erase_us=0 total_us=72 transfer_status=1 [16689,16702][hixl_transport.cpp:734,GetStatus]
[2026-08-24 20:47:32.392942][UC][I] [QUERY_PERF] component=ucm layer=transport_manager handle=62 transport_handle=62 transfers_lock_wait_us=0 lookup_us=0 transport_us=94 total_us=94 api_status=0 transfer_status=1 [16689,16702][transport_manager.cpp:716,GetStatus]
[2026-08-24 20:47:32.392947][UC][I] [PERF] component=transport event=transfer_done manager=127.0.0.1:8000 target=127.0.0.1:4502 handle=62 transport_handle=62 opcode=1 direct=2 segments=1 bytes=63 status=1 api_status=0 submitted_ts_us=1787575652392012 completed_ts_us=1787575652392946 manager_get_status_ts_us=1787575652392847 backend_query_ts_us=1787575652392859 submit_us=133 transfer_us=933 manager_to_backend_query_us=12 total_us=1066 [16689,16702][transport_manager.cpp:727,GetStatus]
[2026-08-24 20:47:32.392955][UC][I] [PERF] component=drampool event=request_done request_id=13 opcode=2 peer=127.0.0.1:4502 batch_size=108 data_bytes=7962624 failed_items=0 status=SUCCESS failed_stage=NONE received_ts_us=1787575652388723 worker_started_ts_us=1787575652390176 data_transfer_submitted_ts_us=1787575652390433 data_transfer_completed_ts_us=1787575652391844 response_submitted_ts_us=1787575652392026 completed_ts_us=1787575652392953 data_tm_execute_async_ts_us=1787575652390214 data_hixl_execute_async_ts_us=1787575652390255 data_tm_get_status_ts_us=1787575652391741 data_hixl_query_handle_ts_us=1787575652391754 response_tm_execute_async_ts_us=1787575652391879 response_hixl_execute_async_ts_us=1787575652391895 response_tm_get_status_ts_us=1787575652392847 response_hixl_query_handle_ts_us=1787575652392859 request_queue_us=1453 metadata_prepare_us=36 taskworker_prepare_us=259 poller_queue_us=326 data_transfer_us=1412 metadata_settle_us=33 response_slot_wait_us=1 response_submit_us=147 response_transfer_us=926 data_tm_to_hixl_execute_async_us=41 data_tm_to_hixl_query_handle_us=13 response_tm_to_hixl_execute_async_us=15 response_tm_to_hixl_query_handle_us=12 total_us=4230 [16689,16702][completion_poller.cc:56,LogRequestDone]
[HIXL_QUERY_PERF] layer=comm_channel request=0x1c mutex_wait_us=0 check_us=0 lookup_us=0 flag_check_us=1 complete_us=0 total_us=1 transfer_status=1
[HIXL_QUERY_PERF] layer=adxl_inner request=0x1c context_us=1 req_lock_wait_us=0 lookup_us=0 channel_us=11 cleanup_us=1 total_us=13 status=0 transfer_status=1
[HIXL_QUERY_PERF] layer=comm_engine request=0x1c total_us=15 status=0 transfer_status=1
[2026-08-24 20:47:32.393005][UC][I] [QUERY_PERF] component=ucm layer=hixl_instance request=0x1c queue_wait_us=13 backend_us=19 run_post_us=11 total_us=43 api_status=0 transfer_status=1 [16689,16702][hixl_instance.cpp:342,GetTransferStatus]
[2026-08-24 20:47:32.393020][UC][I] [QUERY_PERF] component=ucm layer=hixl_transport handle=64 request=0x1c lifecycle_lock_us=0 pending_lock_wait_us=0 pending_lookup_us=0 instance_us=57 erase_us=0 total_us=57 transfer_status=1 [16689,16702][hixl_transport.cpp:734,GetStatus]
[2026-08-24 20:47:32.393024][UC][I] [QUERY_PERF] component=ucm layer=transport_manager handle=64 transport_handle=64 transfers_lock_wait_us=0 lookup_us=0 transport_us=63 total_us=63 api_status=0 transfer_status=1 [16689,16702][transport_manager.cpp:716,GetStatus]
[2026-08-24 20:47:32.393029][UC][I] [PERF] component=transport event=transfer_done manager=127.0.0.1:8000 target=127.0.0.1:4502 handle=64 transport_handle=64 opcode=1 direct=2 segments=1 bytes=63 status=1 api_status=0 submitted_ts_us=1787575652392360 completed_ts_us=1787575652393028 manager_get_status_ts_us=1787575652392960 backend_query_ts_us=1787575652392974 submit_us=171 transfer_us=669 manager_to_backend_query_us=13 total_us=840 [16689,16702][transport_manager.cpp:727,GetStatus]
[2026-08-24 20:47:32.393035][UC][I] [PERF] component=drampool event=request_done request_id=14 opcode=2 peer=127.0.0.1:4502 batch_size=108 data_bytes=7962624 failed_items=0 status=SUCCESS failed_stage=NONE received_ts_us=1787575652388724 worker_started_ts_us=1787575652390436 data_transfer_submitted_ts_us=1787575652390626 data_transfer_completed_ts_us=1787575652392166 response_submitted_ts_us=1787575652392371 completed_ts_us=1787575652393033 data_tm_execute_async_ts_us=1787575652390453 data_hixl_execute_async_ts_us=1787575652390469 data_tm_get_status_ts_us=1787575652392027 data_hixl_query_handle_ts_us=1787575652392040 response_tm_execute_async_ts_us=1787575652392189 response_hixl_execute_async_ts_us=1787575652392202 response_tm_get_status_ts_us=1787575652392960 response_hixl_query_handle_ts_us=1787575652392974 request_queue_us=1712 metadata_prepare_us=16 taskworker_prepare_us=191 poller_queue_us=135 data_transfer_us=1540 metadata_settle_us=21 response_slot_wait_us=0 response_submit_us=184 response_transfer_us=662 data_tm_to_hixl_execute_async_us=15 data_tm_to_hixl_query_handle_us=13 response_tm_to_hixl_execute_async_us=13 response_tm_to_hixl_query_handle_us=13 total_us=4309 [16689,16702][completion_poller.cc:56,LogRequestDone]
[HIXL_QUERY_PERF] layer=comm_channel request=0x20 mutex_wait_us=0 check_us=0 lookup_us=1 flag_check_us=1 complete_us=5 total_us=7 transfer_status=1
[HIXL_QUERY_PERF] layer=adxl_inner request=0x20 context_us=1 req_lock_wait_us=0 lookup_us=1 channel_us=15 cleanup_us=2 total_us=19 status=0 transfer_status=1
[HIXL_QUERY_PERF] layer=comm_engine request=0x20 total_us=23 status=0 transfer_status=1
[2026-08-24 20:47:32.393095][UC][I] [QUERY_PERF] component=ucm layer=hixl_instance request=0x20 queue_wait_us=11 backend_us=26 run_post_us=11 total_us=48 api_status=0 transfer_status=1 [16689,16702][hixl_instance.cpp:342,GetTransferStatus]
[2026-08-24 20:47:32.393105][UC][I] [QUERY_PERF] component=ucm layer=hixl_transport handle=55 request=0x20 lifecycle_lock_us=0 pending_lock_wait_us=0 pending_lookup_us=0 instance_us=58 erase_us=0 total_us=58 transfer_status=1 [16689,16702][hixl_transport.cpp:734,GetStatus]
[2026-08-24 20:47:32.393110][UC][I] [QUERY_PERF] component=ucm layer=transport_manager handle=55 transport_handle=55 transfers_lock_wait_us=0 lookup_us=0 transport_us=64 total_us=64 api_status=0 transfer_status=1 [16689,16702][transport_manager.cpp:716,GetStatus]
[2026-08-24 20:47:32.393115][UC][I] [PERF] component=transport event=transfer_done manager=127.0.0.1:8000 target=127.0.0.1:4501 handle=55 transport_handle=55 opcode=1 direct=2 segments=108 bytes=7962624 status=1 api_status=0 submitted_ts_us=1787575652391169 completed_ts_us=1787575652393114 manager_get_status_ts_us=1787575652393045 backend_query_ts_us=1787575652393057 submit_us=504 transfer_us=1945 manager_to_backend_query_us=11 total_us=2449 [16689,16702][transport_manager.cpp:727,GetStatus]
[HIXL_PERF] event=hccl_batch op=1 desc_num=1 hccl_us=55 status=0
[HIXL_PERF] event=issue_hccl_batch op=1 list_num=1 total_us=63
[HIXL_PERF] event=issue_async_host_flag op=1 list_num=1 context_us=0 hccl_issue_us=71 flag_memcpy_us=5 total_us=76
[HIXL_PERF] event=comm_channel_async op=1 list_num=1 mutex_wait_us=0 slot_us=0 host_flag_us=0 record_us=0 issue_us=79 total_us=79
[HIXL_PERF] event=adxl_inner_async op=1 list_num=1 context_us=1 connect_us=0 get_channel_us=0 channel_async_us=82 tail_us=0 total_us=83
[HIXL_PERF] event=comm_engine_async op=1 list_num=1 desc_build_us=0 inner_us=86 total_us=86 status=0
[2026-08-24 20:47:32.393257][UC][I] [PERF] component=transport event=transfer_submitted manager=127.0.0.1:8000 target=127.0.0.1:4501 handle=68 transport_handle=68 opcode=1 direct=2 segments=1 bytes=63 submitted_ts_us=1787575652393256 manager_execute_async_ts_us=1787575652393142 backend_execute_async_ts_us=1787575652393153 manager_to_backend_execute_async_us=10 submit_us=113 [16689,16702][transport_manager.cpp:674,ExecuteAsync]
[HIXL_QUERY_PERF] layer=comm_channel request=0x21 mutex_wait_us=0 check_us=0 lookup_us=1 flag_check_us=0 complete_us=1 total_us=2 transfer_status=1
[HIXL_QUERY_PERF] layer=adxl_inner request=0x21 context_us=0 req_lock_wait_us=1 lookup_us=0 channel_us=8 cleanup_us=1 total_us=10 status=0 transfer_status=1
[HIXL_QUERY_PERF] layer=comm_engine request=0x21 total_us=12 status=0 transfer_status=1
[2026-08-24 20:47:32.393305][UC][I] [QUERY_PERF] component=ucm layer=hixl_instance request=0x21 queue_wait_us=10 backend_us=16 run_post_us=10 total_us=36 api_status=0 transfer_status=1 [16689,16702][hixl_instance.cpp:342,GetTransferStatus]
[2026-08-24 20:47:32.393316][UC][I] [QUERY_PERF] component=ucm layer=hixl_transport handle=57 request=0x21 lifecycle_lock_us=0 pending_lock_wait_us=0 pending_lookup_us=0 instance_us=46 erase_us=0 total_us=46 transfer_status=1 [16689,16702][hixl_transport.cpp:734,GetStatus]
[2026-08-24 20:47:32.393322][UC][I] [QUERY_PERF] component=ucm layer=transport_manager handle=57 transport_handle=57 transfers_lock_wait_us=1 lookup_us=0 transport_us=53 total_us=54 api_status=0 transfer_status=1 [16689,16702][transport_manager.cpp:716,GetStatus]
[2026-08-24 20:47:32.393327][UC][I] [PERF] component=transport event=transfer_done manager=127.0.0.1:8000 target=127.0.0.1:4501 handle=57 transport_handle=57 opcode=1 direct=2 segments=108 bytes=7962624 status=1 api_status=0 submitted_ts_us=1787575652391414 completed_ts_us=1787575652393326 manager_get_status_ts_us=1787575652393268 backend_query_ts_us=1787575652393280 submit_us=189 transfer_us=1912 manager_to_backend_query_us=11 total_us=2101 [16689,16702][transport_manager.cpp:727,GetStatus]
[HIXL_PERF] event=hccl_batch op=1 desc_num=1 hccl_us=55 status=0
[HIXL_PERF] event=issue_hccl_batch op=1 list_num=1 total_us=62
[HIXL_PERF] event=issue_async_host_flag op=1 list_num=1 context_us=0 hccl_issue_us=64 flag_memcpy_us=4 total_us=68
[HIXL_PERF] event=comm_channel_async op=1 list_num=1 mutex_wait_us=0 slot_us=1 host_flag_us=0 record_us=0 issue_us=71 total_us=72
[HIXL_PERF] event=adxl_inner_async op=1 list_num=1 context_us=1 connect_us=0 get_channel_us=0 channel_async_us=73 tail_us=1 total_us=75
[HIXL_PERF] event=comm_engine_async op=1 list_num=1 desc_build_us=0 inner_us=77 total_us=77 status=0
[2026-08-24 20:47:32.393448][UC][I] [PERF] component=transport event=transfer_submitted manager=127.0.0.1:8000 target=127.0.0.1:4501 handle=69 transport_handle=69 opcode=1 direct=2 segments=1 bytes=63 submitted_ts_us=1787575652393447 manager_execute_async_ts_us=1787575652393342 backend_execute_async_ts_us=1787575652393353 manager_to_backend_execute_async_us=11 submit_us=105 [16689,16702][transport_manager.cpp:674,ExecuteAsync]
[HIXL_QUERY_PERF] layer=comm_channel request=0x22 mutex_wait_us=0 check_us=0 lookup_us=0 flag_check_us=1 complete_us=1 total_us=2 transfer_status=1
[HIXL_QUERY_PERF] layer=adxl_inner request=0x22 context_us=0 req_lock_wait_us=0 lookup_us=1 channel_us=8 cleanup_us=0 total_us=9 status=0 transfer_status=1
[HIXL_QUERY_PERF] layer=comm_engine request=0x22 total_us=12 status=0 transfer_status=1
[2026-08-24 20:47:32.393494][UC][I] [QUERY_PERF] component=ucm layer=hixl_instance request=0x22 queue_wait_us=10 backend_us=15 run_post_us=10 total_us=35 api_status=0 transfer_status=1 [16689,16702][hixl_instance.cpp:342,GetTransferStatus]
[2026-08-24 20:47:32.393514][UC][I] [QUERY_PERF] component=ucm layer=hixl_transport handle=59 request=0x22 lifecycle_lock_us=0 pending_lock_wait_us=0 pending_lookup_us=0 instance_us=53 erase_us=0 total_us=53 transfer_status=1 [16689,16702][hixl_transport.cpp:734,GetStatus]
[2026-08-24 20:47:32.393519][UC][I] [QUERY_PERF] component=ucm layer=transport_manager handle=59 transport_handle=59 transfers_lock_wait_us=0 lookup_us=0 transport_us=60 total_us=60 api_status=0 transfer_status=1 [16689,16702][transport_manager.cpp:716,GetStatus]
[2026-08-24 20:47:32.393523][UC][I] [PERF] component=transport event=transfer_done manager=127.0.0.1:8000 target=127.0.0.1:4501 handle=59 transport_handle=59 opcode=1 direct=2 segments=108 bytes=7962624 status=1 api_status=0 submitted_ts_us=1787575652391621 completed_ts_us=1787575652393522 manager_get_status_ts_us=1787575652393458 backend_query_ts_us=1787575652393469 submit_us=152 transfer_us=1901 manager_to_backend_query_us=11 total_us=2053 [16689,16702][transport_manager.cpp:727,GetStatus]
[HIXL_PERF] event=hccl_batch op=1 desc_num=1 hccl_us=51 status=0
[HIXL_PERF] event=issue_hccl_batch op=1 list_num=1 total_us=59
[HIXL_PERF] event=issue_async_host_flag op=1 list_num=1 context_us=0 hccl_issue_us=61 flag_memcpy_us=4 total_us=65
[HIXL_PERF] event=comm_channel_async op=1 list_num=1 mutex_wait_us=0 slot_us=0 host_flag_us=0 record_us=0 issue_us=69 total_us=69
[HIXL_PERF] event=adxl_inner_async op=1 list_num=1 context_us=0 connect_us=0 get_channel_us=1 channel_async_us=71 tail_us=0 total_us=72
[HIXL_PERF] event=comm_engine_async op=1 list_num=1 desc_build_us=0 inner_us=75 total_us=75 status=0
[2026-08-24 20:47:32.393641][UC][I] [PERF] component=transport event=transfer_submitted manager=127.0.0.1:8000 target=127.0.0.1:4501 handle=70 transport_handle=70 opcode=1 direct=2 segments=1 bytes=63 submitted_ts_us=1787575652393640 manager_execute_async_ts_us=1787575652393537 backend_execute_async_ts_us=1787575652393548 manager_to_backend_execute_async_us=11 submit_us=102 [16689,16702][transport_manager.cpp:674,ExecuteAsync]
[HIXL_QUERY_PERF] layer=comm_channel request=0x23 mutex_wait_us=0 check_us=0 lookup_us=1 flag_check_us=0 complete_us=1 total_us=2 transfer_status=1
[HIXL_QUERY_PERF] layer=adxl_inner request=0x23 context_us=0 req_lock_wait_us=0 lookup_us=1 channel_us=8 cleanup_us=0 total_us=9 status=0 transfer_status=1
[HIXL_QUERY_PERF] layer=comm_engine request=0x23 total_us=12 status=0 transfer_status=1
[2026-08-24 20:47:32.393687][UC][I] [QUERY_PERF] component=ucm layer=hixl_instance request=0x23 queue_wait_us=10 backend_us=15 run_post_us=10 total_us=35 api_status=0 transfer_status=1 [16689,16702][hixl_instance.cpp:342,GetTransferStatus]
[2026-08-24 20:47:32.393698][UC][I] [QUERY_PERF] component=ucm layer=hixl_transport handle=61 request=0x23 lifecycle_lock_us=0 pending_lock_wait_us=0 pending_lookup_us=0 instance_us=45 erase_us=0 total_us=45 transfer_status=1 [16689,16702][hixl_transport.cpp:734,GetStatus]
[2026-08-24 20:47:32.393704][UC][I] [QUERY_PERF] component=ucm layer=transport_manager handle=61 transport_handle=61 transfers_lock_wait_us=0 lookup_us=0 transport_us=52 total_us=52 api_status=0 transfer_status=1 [16689,16702][transport_manager.cpp:716,GetStatus]
[2026-08-24 20:47:32.393709][UC][I] [PERF] component=transport event=transfer_done manager=127.0.0.1:8000 target=127.0.0.1:4501 handle=61 transport_handle=61 opcode=1 direct=2 segments=108 bytes=7962624 status=1 api_status=0 submitted_ts_us=1787575652391868 completed_ts_us=1787575652393708 manager_get_status_ts_us=1787575652393651 backend_query_ts_us=1787575652393662 submit_us=194 transfer_us=1839 manager_to_backend_query_us=10 total_us=2033 [16689,16702][transport_manager.cpp:727,GetStatus]
[HIXL_PERF] event=hccl_batch op=1 desc_num=1 hccl_us=52 status=0
[HIXL_PERF] event=issue_hccl_batch op=1 list_num=1 total_us=59
[HIXL_PERF] event=issue_async_host_flag op=1 list_num=1 context_us=0 hccl_issue_us=60 flag_memcpy_us=5 total_us=65
[HIXL_PERF] event=comm_channel_async op=1 list_num=1 mutex_wait_us=0 slot_us=1 host_flag_us=0 record_us=0 issue_us=72 total_us=73
[HIXL_PERF] event=adxl_inner_async op=1 list_num=1 context_us=1 connect_us=0 get_channel_us=0 channel_async_us=75 tail_us=1 total_us=77
[HIXL_PERF] event=comm_engine_async op=1 list_num=1 desc_build_us=0 inner_us=79 total_us=79 status=0
[2026-08-24 20:47:32.393828][UC][I] [PERF] component=transport event=transfer_submitted manager=127.0.0.1:8000 target=127.0.0.1:4501 handle=71 transport_handle=71 opcode=1 direct=2 segments=1 bytes=63 submitted_ts_us=1787575652393827 manager_execute_async_ts_us=1787575652393721 backend_execute_async_ts_us=1787575652393732 manager_to_backend_execute_async_us=10 submit_us=105 [16689,16702][transport_manager.cpp:674,ExecuteAsync]
[HIXL_QUERY_PERF] layer=comm_channel request=0x24 mutex_wait_us=0 check_us=0 lookup_us=0 flag_check_us=0 complete_us=1 total_us=1 transfer_status=1
[HIXL_QUERY_PERF] layer=adxl_inner request=0x24 context_us=0 req_lock_wait_us=0 lookup_us=1 channel_us=7 cleanup_us=0 total_us=8 status=0 transfer_status=1
[HIXL_QUERY_PERF] layer=comm_engine request=0x24 total_us=12 status=0 transfer_status=1
[2026-08-24 20:47:32.393874][UC][I] [QUERY_PERF] component=ucm layer=hixl_instance request=0x24 queue_wait_us=10 backend_us=14 run_post_us=10 total_us=34 api_status=0 transfer_status=1 [16689,16702][hixl_instance.cpp:342,GetTransferStatus]
[2026-08-24 20:47:32.393885][UC][I] [QUERY_PERF] component=ucm layer=hixl_transport handle=63 request=0x24 lifecycle_lock_us=1 pending_lock_wait_us=0 pending_lookup_us=0 instance_us=44 erase_us=0 total_us=45 transfer_status=1 [16689,16702][hixl_transport.cpp:734,GetStatus]
[2026-08-24 20:47:32.393891][UC][I] [QUERY_PERF] component=ucm layer=transport_manager handle=63 transport_handle=63 transfers_lock_wait_us=0 lookup_us=0 transport_us=51 total_us=51 api_status=0 transfer_status=1 [16689,16702][transport_manager.cpp:716,GetStatus]
[2026-08-24 20:47:32.393895][UC][I] [PERF] component=transport event=transfer_done manager=127.0.0.1:8000 target=127.0.0.1:4501 handle=63 transport_handle=63 opcode=1 direct=2 segments=108 bytes=7962624 status=1 api_status=0 submitted_ts_us=1787575652392139 completed_ts_us=1787575652393894 manager_get_status_ts_us=1787575652393839 backend_query_ts_us=1787575652393850 submit_us=215 transfer_us=1755 manager_to_backend_query_us=11 total_us=1970 [16689,16702][transport_manager.cpp:727,GetStatus]
[HIXL_PERF] event=hccl_batch op=1 desc_num=1 hccl_us=53 status=0
[HIXL_PERF] event=issue_hccl_batch op=1 list_num=1 total_us=62
[HIXL_PERF] event=issue_async_host_flag op=1 list_num=1 context_us=0 hccl_issue_us=63 flag_memcpy_us=5 total_us=68
[HIXL_PERF] event=comm_channel_async op=1 list_num=1 mutex_wait_us=0 slot_us=0 host_flag_us=0 record_us=0 issue_us=70 total_us=70
[HIXL_PERF] event=adxl_inner_async op=1 list_num=1 context_us=1 connect_us=0 get_channel_us=0 channel_async_us=73 tail_us=0 total_us=74
[HIXL_PERF] event=comm_engine_async op=1 list_num=1 desc_build_us=0 inner_us=76 total_us=76 status=0
[2026-08-24 20:47:32.394016][UC][I] [PERF] component=transport event=transfer_submitted manager=127.0.0.1:8000 target=127.0.0.1:4501 handle=72 transport_handle=72 opcode=1 direct=2 segments=1 bytes=63 submitted_ts_us=1787575652394015 manager_execute_async_ts_us=1787575652393913 backend_execute_async_ts_us=1787575652393924 manager_to_backend_execute_async_us=11 submit_us=102 [16689,16702][transport_manager.cpp:674,ExecuteAsync]
[HIXL_QUERY_PERF] layer=comm_channel request=0x28 mutex_wait_us=0 check_us=0 lookup_us=0 flag_check_us=0 complete_us=1 total_us=1 transfer_status=1
[HIXL_QUERY_PERF] layer=adxl_inner request=0x28 context_us=0 req_lock_wait_us=0 lookup_us=1 channel_us=9 cleanup_us=0 total_us=10 status=0 transfer_status=1
[HIXL_QUERY_PERF] layer=comm_engine request=0x28 total_us=14 status=0 transfer_status=1
[2026-08-24 20:47:32.394064][UC][I] [QUERY_PERF] component=ucm layer=hixl_instance request=0x28 queue_wait_us=11 backend_us=15 run_post_us=10 total_us=36 api_status=0 transfer_status=1 [16689,16702][hixl_instance.cpp:342,GetTransferStatus]
[2026-08-24 20:47:32.394076][UC][I] [QUERY_PERF] component=ucm layer=hixl_transport handle=68 request=0x28 lifecycle_lock_us=0 pending_lock_wait_us=0 pending_lookup_us=0 instance_us=48 erase_us=0 total_us=48 transfer_status=1 [16689,16702][hixl_transport.cpp:734,GetStatus]
[2026-08-24 20:47:32.394079][UC][I] [QUERY_PERF] component=ucm layer=transport_manager handle=68 transport_handle=68 transfers_lock_wait_us=0 lookup_us=0 transport_us=52 total_us=52 api_status=0 transfer_status=1 [16689,16702][transport_manager.cpp:716,GetStatus]
[2026-08-24 20:47:32.394082][UC][I] [PERF] component=transport event=transfer_done manager=127.0.0.1:8000 target=127.0.0.1:4501 handle=68 transport_handle=68 opcode=1 direct=2 segments=1 bytes=63 status=1 api_status=0 submitted_ts_us=1787575652393256 completed_ts_us=1787575652394081 manager_get_status_ts_us=1787575652394027 backend_query_ts_us=1787575652394038 submit_us=113 transfer_us=825 manager_to_backend_query_us=11 total_us=938 [16689,16702][transport_manager.cpp:727,GetStatus]
[2026-08-24 20:47:32.394087][UC][I] [PERF] component=drampool event=request_done request_id=9 opcode=2 peer=127.0.0.1:4501 batch_size=108 data_bytes=7962624 failed_items=0 status=SUCCESS failed_stage=NONE received_ts_us=1787575652388776 worker_started_ts_us=1787575652390628 data_transfer_submitted_ts_us=1787575652391186 data_transfer_completed_ts_us=1787575652393119 response_submitted_ts_us=1787575652393268 completed_ts_us=1787575652394085 data_tm_execute_async_ts_us=1787575652390664 data_hixl_execute_async_ts_us=1787575652390695 data_tm_get_status_ts_us=1787575652393045 data_hixl_query_handle_ts_us=1787575652393057 response_tm_execute_async_ts_us=1787575652393142 response_hixl_execute_async_ts_us=1787575652393153 response_tm_get_status_ts_us=1787575652394027 response_hixl_query_handle_ts_us=1787575652394038 request_queue_us=1852 metadata_prepare_us=35 taskworker_prepare_us=559 poller_queue_us=1186 data_transfer_us=1933 metadata_settle_us=22 response_slot_wait_us=0 response_submit_us=127 response_transfer_us=816 data_tm_to_hixl_execute_async_us=31 data_tm_to_hixl_query_handle_us=11 response_tm_to_hixl_execute_async_us=10 response_tm_to_hixl_query_handle_us=11 total_us=5309 [16689,16702][completion_poller.cc:56,LogRequestDone]
[HIXL_QUERY_PERF] layer=comm_channel request=0x29 mutex_wait_us=0 check_us=0 lookup_us=1 flag_check_us=0 complete_us=1 total_us=2 transfer_status=1
[HIXL_QUERY_PERF] layer=adxl_inner request=0x29 context_us=1 req_lock_wait_us=0 lookup_us=0 channel_us=8 cleanup_us=1 total_us=10 status=0 transfer_status=1
[HIXL_QUERY_PERF] layer=comm_engine request=0x29 total_us=12 status=0 transfer_status=1
[2026-08-24 20:47:32.394126][UC][I] [QUERY_PERF] component=ucm layer=hixl_instance request=0x29 queue_wait_us=10 backend_us=15 run_post_us=10 total_us=35 api_status=0 transfer_status=1 [16689,16702][hixl_instance.cpp:342,GetTransferStatus]
[2026-08-24 20:47:32.394134][UC][I] [QUERY_PERF] component=ucm layer=hixl_transport handle=69 request=0x29 lifecycle_lock_us=0 pending_lock_wait_us=0 pending_lookup_us=1 instance_us=43 erase_us=0 total_us=44 transfer_status=1 [16689,16702][hixl_transport.cpp:734,GetStatus]
[2026-08-24 20:47:32.394137][UC][I] [QUERY_PERF] component=ucm layer=transport_manager handle=69 transport_handle=69 transfers_lock_wait_us=0 lookup_us=0 transport_us=47 total_us=47 api_status=0 transfer_status=1 [16689,16702][transport_manager.cpp:716,GetStatus]
[2026-08-24 20:47:32.394144][UC][I] [PERF] component=transport event=transfer_done manager=127.0.0.1:8000 target=127.0.0.1:4501 handle=69 transport_handle=69 opcode=1 direct=2 segments=1 bytes=63 status=1 api_status=0 submitted_ts_us=1787575652393447 completed_ts_us=1787575652394143 manager_get_status_ts_us=1787575652394090 backend_query_ts_us=1787575652394101 submit_us=105 transfer_us=697 manager_to_backend_query_us=11 total_us=802 [16689,16702][transport_manager.cpp:727,GetStatus]
[2026-08-24 20:47:32.394149][UC][I] [PERF] component=drampool event=request_done request_id=10 opcode=2 peer=127.0.0.1:4501 batch_size=108 data_bytes=7962624 failed_items=0 status=SUCCESS failed_stage=NONE received_ts_us=1787575652388779 worker_started_ts_us=1787575652391189 data_transfer_submitted_ts_us=1787575652391428 data_transfer_completed_ts_us=1787575652393333 response_submitted_ts_us=1787575652393457 completed_ts_us=1787575652394148 data_tm_execute_async_ts_us=1787575652391224 data_hixl_execute_async_ts_us=1787575652391240 data_tm_get_status_ts_us=1787575652393268 data_hixl_query_handle_ts_us=1787575652393280 response_tm_execute_async_ts_us=1787575652393342 response_hixl_execute_async_ts_us=1787575652393353 response_tm_get_status_ts_us=1787575652394090 response_hixl_query_handle_ts_us=1787575652394101 request_queue_us=2409 metadata_prepare_us=34 taskworker_prepare_us=241 poller_queue_us=943 data_transfer_us=1905 metadata_settle_us=7 response_slot_wait_us=1 response_submit_us=117 response_transfer_us=689 data_tm_to_hixl_execute_async_us=16 data_tm_to_hixl_query_handle_us=11 response_tm_to_hixl_execute_async_us=11 response_tm_to_hixl_query_handle_us=11 total_us=5368 [16689,16702][completion_poller.cc:56,LogRequestDone]
[HIXL_QUERY_PERF] layer=comm_channel request=0x2a mutex_wait_us=0 check_us=0 lookup_us=0 flag_check_us=0 complete_us=1 total_us=1 transfer_status=1
[HIXL_QUERY_PERF] layer=adxl_inner request=0x2a context_us=0 req_lock_wait_us=0 lookup_us=1 channel_us=9 cleanup_us=0 total_us=10 status=0 transfer_status=1
[HIXL_QUERY_PERF] layer=comm_engine request=0x2a total_us=13 status=0 transfer_status=1
[2026-08-24 20:47:32.394195][UC][I] [QUERY_PERF] component=ucm layer=hixl_instance request=0x2a queue_wait_us=10 backend_us=18 run_post_us=10 total_us=38 api_status=0 transfer_status=1 [16689,16702][hixl_instance.cpp:342,GetTransferStatus]
[2026-08-24 20:47:32.394205][UC][I] [QUERY_PERF] component=ucm layer=hixl_transport handle=70 request=0x2a lifecycle_lock_us=0 pending_lock_wait_us=0 pending_lookup_us=0 instance_us=47 erase_us=0 total_us=47 transfer_status=1 [16689,16702][hixl_transport.cpp:734,GetStatus]
[2026-08-24 20:47:32.394207][UC][I] [QUERY_PERF] component=ucm layer=transport_manager handle=70 transport_handle=70 transfers_lock_wait_us=0 lookup_us=0 transport_us=50 total_us=50 api_status=0 transfer_status=1 [16689,16702][transport_manager.cpp:716,GetStatus]
[2026-08-24 20:47:32.394212][UC][I] [PERF] component=transport event=transfer_done manager=127.0.0.1:8000 target=127.0.0.1:4501 handle=70 transport_handle=70 opcode=1 direct=2 segments=1 bytes=63 status=1 api_status=0 submitted_ts_us=1787575652393640 completed_ts_us=1787575652394211 manager_get_status_ts_us=1787575652394157 backend_query_ts_us=1787575652394168 submit_us=102 transfer_us=571 manager_to_backend_query_us=10 total_us=673 [16689,16702][transport_manager.cpp:727,GetStatus]
[2026-08-24 20:47:32.394219][UC][I] [PERF] component=drampool event=request_done request_id=11 opcode=2 peer=127.0.0.1:4501 batch_size=108 data_bytes=7962624 failed_items=0 status=SUCCESS failed_stage=NONE received_ts_us=1787575652388819 worker_started_ts_us=1787575652391430 data_transfer_submitted_ts_us=1787575652391633 data_transfer_completed_ts_us=1787575652393529 response_submitted_ts_us=1787575652393651 completed_ts_us=1787575652394217 data_tm_execute_async_ts_us=1787575652391468 data_hixl_execute_async_ts_us=1787575652391482 data_tm_get_status_ts_us=1787575652393458 data_hixl_query_handle_ts_us=1787575652393469 response_tm_execute_async_ts_us=1787575652393537 response_hixl_execute_async_ts_us=1787575652393548 response_tm_get_status_ts_us=1787575652394157 response_hixl_query_handle_ts_us=1787575652394168 request_queue_us=2611 metadata_prepare_us=36 taskworker_prepare_us=204 poller_queue_us=740 data_transfer_us=1896 metadata_settle_us=7 response_slot_wait_us=0 response_submit_us=115 response_transfer_us=566 data_tm_to_hixl_execute_async_us=14 data_tm_to_hixl_query_handle_us=11 response_tm_to_hixl_execute_async_us=11 response_tm_to_hixl_query_handle_us=10 total_us=5398 [16689,16702][completion_poller.cc:56,LogRequestDone]
[HIXL_QUERY_PERF] layer=comm_channel request=0x2b mutex_wait_us=0 check_us=0 lookup_us=0 flag_check_us=0 complete_us=1 total_us=1 transfer_status=1
[HIXL_QUERY_PERF] layer=adxl_inner request=0x2b context_us=0 req_lock_wait_us=0 lookup_us=1 channel_us=9 cleanup_us=0 total_us=10 status=0 transfer_status=1
[HIXL_QUERY_PERF] layer=comm_engine request=0x2b total_us=14 status=0 transfer_status=1
[2026-08-24 20:47:32.394267][UC][I] [QUERY_PERF] component=ucm layer=hixl_instance request=0x2b queue_wait_us=10 backend_us=17 run_post_us=10 total_us=37 api_status=0 transfer_status=1 [16689,16702][hixl_instance.cpp:342,GetTransferStatus]
[2026-08-24 20:47:32.394276][UC][I] [QUERY_PERF] component=ucm layer=hixl_transport handle=71 request=0x2b lifecycle_lock_us=0 pending_lock_wait_us=0 pending_lookup_us=0 instance_us=46 erase_us=0 total_us=46 transfer_status=1 [16689,16702][hixl_transport.cpp:734,GetStatus]
[2026-08-24 20:47:32.394279][UC][I] [QUERY_PERF] component=ucm layer=transport_manager handle=71 transport_handle=71 transfers_lock_wait_us=0 lookup_us=0 transport_us=49 total_us=49 api_status=0 transfer_status=1 [16689,16702][transport_manager.cpp:716,GetStatus]
[2026-08-24 20:47:32.394282][UC][I] [PERF] component=transport event=transfer_done manager=127.0.0.1:8000 target=127.0.0.1:4501 handle=71 transport_handle=71 opcode=1 direct=2 segments=1 bytes=63 status=1 api_status=0 submitted_ts_us=1787575652393827 completed_ts_us=1787575652394281 manager_get_status_ts_us=1787575652394229 backend_query_ts_us=1787575652394240 submit_us=105 transfer_us=454 manager_to_backend_query_us=10 total_us=559 [16689,16702][transport_manager.cpp:727,GetStatus]
[2026-08-24 20:47:32.394286][UC][I] [PERF] component=drampool event=request_done request_id=12 opcode=2 peer=127.0.0.1:4501 batch_size=108 data_bytes=7962624 failed_items=0 status=SUCCESS failed_stage=NONE received_ts_us=1787575652388831 worker_started_ts_us=1787575652391635 data_transfer_submitted_ts_us=1787575652391885 data_transfer_completed_ts_us=1787575652393712 response_submitted_ts_us=1787575652393838 completed_ts_us=1787575652394285 data_tm_execute_async_ts_us=1787575652391674 data_hixl_execute_async_ts_us=1787575652391688 data_tm_get_status_ts_us=1787575652393651 data_hixl_query_handle_ts_us=1787575652393662 response_tm_execute_async_ts_us=1787575652393721 response_hixl_execute_async_ts_us=1787575652393732 response_tm_get_status_ts_us=1787575652394229 response_hixl_query_handle_ts_us=1787575652394240 request_queue_us=2804 metadata_prepare_us=38 taskworker_prepare_us=251 poller_queue_us=488 data_transfer_us=1828 metadata_settle_us=7 response_slot_wait_us=0 response_submit_us=118 response_transfer_us=446 data_tm_to_hixl_execute_async_us=14 data_tm_to_hixl_query_handle_us=10 response_tm_to_hixl_execute_async_us=10 response_tm_to_hixl_query_handle_us=10 total_us=5454 [16689,16702][completion_poller.cc:56,LogRequestDone]
[HIXL_QUERY_PERF] layer=comm_channel request=0x2c mutex_wait_us=0 check_us=0 lookup_us=0 flag_check_us=1 complete_us=0 total_us=1 transfer_status=1
[HIXL_QUERY_PERF] layer=adxl_inner request=0x2c context_us=1 req_lock_wait_us=0 lookup_us=0 channel_us=7 cleanup_us=1 total_us=9 status=0 transfer_status=1
[HIXL_QUERY_PERF] layer=comm_engine request=0x2c total_us=12 status=0 transfer_status=1
[2026-08-24 20:47:32.394325][UC][I] [QUERY_PERF] component=ucm layer=hixl_instance request=0x2c queue_wait_us=10 backend_us=15 run_post_us=10 total_us=35 api_status=0 transfer_status=1 [16689,16702][hixl_instance.cpp:342,GetTransferStatus]
[2026-08-24 20:47:32.394334][UC][I] [QUERY_PERF] component=ucm layer=hixl_transport handle=72 request=0x2c lifecycle_lock_us=0 pending_lock_wait_us=0 pending_lookup_us=0 instance_us=43 erase_us=0 total_us=43 transfer_status=1 [16689,16702][hixl_transport.cpp:734,GetStatus]
[2026-08-24 20:47:32.394337][UC][I] [QUERY_PERF] component=ucm layer=transport_manager handle=72 transport_handle=72 transfers_lock_wait_us=0 lookup_us=0 transport_us=47 total_us=47 api_status=0 transfer_status=1 [16689,16702][transport_manager.cpp:716,GetStatus]
[2026-08-24 20:47:32.394343][UC][I] [PERF] component=transport event=transfer_done manager=127.0.0.1:8000 target=127.0.0.1:4501 handle=72 transport_handle=72 opcode=1 direct=2 segments=1 bytes=63 status=1 api_status=0 submitted_ts_us=1787575652394015 completed_ts_us=1787575652394342 manager_get_status_ts_us=1787575652394290 backend_query_ts_us=1787575652394300 submit_us=102 transfer_us=327 manager_to_backend_query_us=10 total_us=429 [16689,16702][transport_manager.cpp:727,GetStatus]
[2026-08-24 20:47:32.394348][UC][I] [PERF] component=drampool event=request_done request_id=13 opcode=2 peer=127.0.0.1:4501 batch_size=108 data_bytes=7962624 failed_items=0 status=SUCCESS failed_stage=NONE received_ts_us=1787575652388833 worker_started_ts_us=1787575652391887 data_transfer_submitted_ts_us=1787575652392157 data_transfer_completed_ts_us=1787575652393905 response_submitted_ts_us=1787575652394025 completed_ts_us=1787575652394347 data_tm_execute_async_ts_us=1787575652391923 data_hixl_execute_async_ts_us=1787575652391939 data_tm_get_status_ts_us=1787575652393839 data_hixl_query_handle_ts_us=1787575652393850 response_tm_execute_async_ts_us=1787575652393913 response_hixl_execute_async_ts_us=1787575652393924 response_tm_get_status_ts_us=1787575652394290 response_hixl_query_handle_ts_us=1787575652394300 request_queue_us=3054 metadata_prepare_us=35 taskworker_prepare_us=271 poller_queue_us=216 data_transfer_us=1748 metadata_settle_us=7 response_slot_wait_us=0 response_submit_us=113 response_transfer_us=321 data_tm_to_hixl_execute_async_us=15 data_tm_to_hixl_query_handle_us=11 response_tm_to_hixl_execute_async_us=11 response_tm_to_hixl_query_handle_us=10 total_us=5514 [16689,16702][completion_poller.cc:56,LogRequestDone]
[HIXL_QUERY_PERF] layer=comm_channel request=0x25 mutex_wait_us=0 check_us=0 lookup_us=0 flag_check_us=0 complete_us=1 total_us=1 transfer_status=1
[HIXL_QUERY_PERF] layer=adxl_inner request=0x25 context_us=0 req_lock_wait_us=0 lookup_us=0 channel_us=8 cleanup_us=0 total_us=8 status=0 transfer_status=1
[HIXL_QUERY_PERF] layer=comm_engine request=0x25 total_us=12 status=0 transfer_status=1
[2026-08-24 20:47:32.394394][UC][I] [QUERY_PERF] component=ucm layer=hixl_instance request=0x25 queue_wait_us=10 backend_us=14 run_post_us=11 total_us=35 api_status=0 transfer_status=1 [16689,16702][hixl_instance.cpp:342,GetTransferStatus]
[2026-08-24 20:47:32.394406][UC][I] [QUERY_PERF] component=ucm layer=hixl_transport handle=65 request=0x25 lifecycle_lock_us=0 pending_lock_wait_us=0 pending_lookup_us=0 instance_us=46 erase_us=0 total_us=46 transfer_status=1 [16689,16702][hixl_transport.cpp:734,GetStatus]
[2026-08-24 20:47:32.394411][UC][I] [QUERY_PERF] component=ucm layer=transport_manager handle=65 transport_handle=65 transfers_lock_wait_us=0 lookup_us=0 transport_us=52 total_us=52 api_status=0 transfer_status=1 [16689,16702][transport_manager.cpp:716,GetStatus]
[2026-08-24 20:47:32.394416][UC][I] [PERF] component=transport event=transfer_done manager=127.0.0.1:8000 target=127.0.0.1:4501 handle=65 transport_handle=65 opcode=1 direct=2 segments=108 bytes=7962624 status=1 api_status=0 submitted_ts_us=1787575652392378 completed_ts_us=1787575652394415 manager_get_status_ts_us=1787575652394359 backend_query_ts_us=1787575652394369 submit_us=197 transfer_us=2037 manager_to_backend_query_us=10 total_us=2234 [16689,16702][transport_manager.cpp:727,GetStatus]
[HIXL_PERF] event=hccl_batch op=1 desc_num=1 hccl_us=54 status=0
[HIXL_PERF] event=issue_hccl_batch op=1 list_num=1 total_us=62
[HIXL_PERF] event=issue_async_host_flag op=1 list_num=1 context_us=0 hccl_issue_us=64 flag_memcpy_us=4 total_us=68
[HIXL_PERF] event=comm_channel_async op=1 list_num=1 mutex_wait_us=0 slot_us=1 host_flag_us=0 record_us=0 issue_us=71 total_us=72
[HIXL_PERF] event=adxl_inner_async op=1 list_num=1 context_us=1 connect_us=0 get_channel_us=0 channel_async_us=74 tail_us=1 total_us=76
[HIXL_PERF] event=comm_engine_async op=1 list_num=1 desc_build_us=0 inner_us=78 total_us=78 status=0
[2026-08-24 20:47:32.394535][UC][I] [PERF] component=transport event=transfer_submitted manager=127.0.0.1:8000 target=127.0.0.1:4501 handle=73 transport_handle=73 opcode=1 direct=2 segments=1 bytes=63 submitted_ts_us=1787575652394534 manager_execute_async_ts_us=1787575652394428 backend_execute_async_ts_us=1787575652394439 manager_to_backend_execute_async_us=11 submit_us=106 [16689,16702][transport_manager.cpp:674,ExecuteAsync]
[HIXL_QUERY_PERF] layer=comm_channel request=0x26 mutex_wait_us=0 check_us=0 lookup_us=0 flag_check_us=1 complete_us=1 total_us=2 transfer_status=1
[HIXL_QUERY_PERF] layer=adxl_inner request=0x26 context_us=1 req_lock_wait_us=0 lookup_us=0 channel_us=9 cleanup_us=0 total_us=10 status=0 transfer_status=1
[HIXL_QUERY_PERF] layer=comm_engine request=0x26 total_us=13 status=0 transfer_status=1
[2026-08-24 20:47:32.394586][UC][I] [QUERY_PERF] component=ucm layer=hixl_instance request=0x26 queue_wait_us=10 backend_us=16 run_post_us=9 total_us=35 api_status=0 transfer_status=1 [16689,16702][hixl_instance.cpp:342,GetTransferStatus]
[2026-08-24 20:47:32.394597][UC][I] [QUERY_PERF] component=ucm layer=hixl_transport handle=66 request=0x26 lifecycle_lock_us=0 pending_lock_wait_us=0 pending_lookup_us=0 instance_us=46 erase_us=0 total_us=46 transfer_status=1 [16689,16702][hixl_transport.cpp:734,GetStatus]
[2026-08-24 20:47:32.394601][UC][I] [QUERY_PERF] component=ucm layer=transport_manager handle=66 transport_handle=66 transfers_lock_wait_us=0 lookup_us=0 transport_us=51 total_us=51 api_status=0 transfer_status=1 [16689,16702][transport_manager.cpp:716,GetStatus]
[2026-08-24 20:47:32.394604][UC][I] [PERF] component=transport event=transfer_done manager=127.0.0.1:8000 target=127.0.0.1:4501 handle=66 transport_handle=66 opcode=1 direct=2 segments=108 bytes=7962624 status=1 api_status=0 submitted_ts_us=1787575652392682 completed_ts_us=1787575652394603 manager_get_status_ts_us=1787575652394550 backend_query_ts_us=1787575652394561 submit_us=253 transfer_us=1920 manager_to_backend_query_us=10 total_us=2173 [16689,16702][transport_manager.cpp:727,GetStatus]
[HIXL_PERF] event=hccl_batch op=1 desc_num=1 hccl_us=53 status=0
[HIXL_PERF] event=issue_hccl_batch op=1 list_num=1 total_us=62
[HIXL_PERF] event=issue_async_host_flag op=1 list_num=1 context_us=0 hccl_issue_us=64 flag_memcpy_us=4 total_us=68
[HIXL_PERF] event=comm_channel_async op=1 list_num=1 mutex_wait_us=0 slot_us=0 host_flag_us=0 record_us=0 issue_us=71 total_us=71
[HIXL_PERF] event=adxl_inner_async op=1 list_num=1 context_us=1 connect_us=0 get_channel_us=0 channel_async_us=75 tail_us=0 total_us=76
[HIXL_PERF] event=comm_engine_async op=1 list_num=1 desc_build_us=0 inner_us=78 total_us=78 status=0
[2026-08-24 20:47:32.394723][UC][I] [PERF] component=transport event=transfer_submitted manager=127.0.0.1:8000 target=127.0.0.1:4501 handle=74 transport_handle=74 opcode=1 direct=2 segments=1 bytes=63 submitted_ts_us=1787575652394722 manager_execute_async_ts_us=1787575652394617 backend_execute_async_ts_us=1787575652394628 manager_to_backend_execute_async_us=11 submit_us=105 [16689,16702][transport_manager.cpp:674,ExecuteAsync]
[HIXL_QUERY_PERF] layer=comm_channel request=0x27 mutex_wait_us=0 check_us=1 lookup_us=0 flag_check_us=0 complete_us=1 total_us=2 transfer_status=1
[HIXL_QUERY_PERF] layer=adxl_inner request=0x27 context_us=1 req_lock_wait_us=0 lookup_us=0 channel_us=8 cleanup_us=0 total_us=9 status=0 transfer_status=1
[HIXL_QUERY_PERF] layer=comm_engine request=0x27 total_us=12 status=0 transfer_status=1
[2026-08-24 20:47:32.394771][UC][I] [QUERY_PERF] component=ucm layer=hixl_instance request=0x27 queue_wait_us=10 backend_us=14 run_post_us=10 total_us=34 api_status=0 transfer_status=1 [16689,16702][hixl_instance.cpp:342,GetTransferStatus]
[2026-08-24 20:47:32.394780][UC][I] [QUERY_PERF] component=ucm layer=hixl_transport handle=67 request=0x27 lifecycle_lock_us=1 pending_lock_wait_us=0 pending_lookup_us=0 instance_us=42 erase_us=0 total_us=43 transfer_status=1 [16689,16702][hixl_transport.cpp:734,GetStatus]
[2026-08-24 20:47:32.394785][UC][I] [QUERY_PERF] component=ucm layer=transport_manager handle=67 transport_handle=67 transfers_lock_wait_us=0 lookup_us=0 transport_us=48 total_us=48 api_status=0 transfer_status=1 [16689,16702][transport_manager.cpp:716,GetStatus]
[2026-08-24 20:47:32.394792][UC][I] [PERF] component=transport event=transfer_done manager=127.0.0.1:8000 target=127.0.0.1:4501 handle=67 transport_handle=67 opcode=1 direct=2 segments=108 bytes=7962624 status=1 api_status=0 submitted_ts_us=1787575652392919 completed_ts_us=1787575652394791 manager_get_status_ts_us=1787575652394736 backend_query_ts_us=1787575652394747 submit_us=208 transfer_us=1872 manager_to_backend_query_us=11 total_us=2080 [16689,16702][transport_manager.cpp:727,GetStatus]
[HIXL_PERF] event=hccl_batch op=1 desc_num=1 hccl_us=53 status=0
[HIXL_PERF] event=issue_hccl_batch op=1 list_num=1 total_us=62
[HIXL_PERF] event=issue_async_host_flag op=1 list_num=1 context_us=1 hccl_issue_us=64 flag_memcpy_us=4 total_us=69
[HIXL_PERF] event=comm_channel_async op=1 list_num=1 mutex_wait_us=0 slot_us=0 host_flag_us=0 record_us=0 issue_us=72 total_us=72
[HIXL_PERF] event=adxl_inner_async op=1 list_num=1 context_us=0 connect_us=0 get_channel_us=1 channel_async_us=74 tail_us=0 total_us=75
[HIXL_PERF] event=comm_engine_async op=1 list_num=1 desc_build_us=0 inner_us=77 total_us=77 status=0
[2026-08-24 20:47:32.394912][UC][I] [PERF] component=transport event=transfer_submitted manager=127.0.0.1:8000 target=127.0.0.1:4501 handle=75 transport_handle=75 opcode=1 direct=2 segments=1 bytes=63 submitted_ts_us=1787575652394911 manager_execute_async_ts_us=1787575652394806 backend_execute_async_ts_us=1787575652394817 manager_to_backend_execute_async_us=11 submit_us=104 [16689,16702][transport_manager.cpp:674,ExecuteAsync]
[HIXL_QUERY_PERF] layer=comm_channel request=0x2d mutex_wait_us=0 check_us=0 lookup_us=1 flag_check_us=0 complete_us=1 total_us=2 transfer_status=1
[HIXL_QUERY_PERF] layer=adxl_inner request=0x2d context_us=1 req_lock_wait_us=0 lookup_us=0 channel_us=7 cleanup_us=0 total_us=8 status=0 transfer_status=1
[HIXL_QUERY_PERF] layer=comm_engine request=0x2d total_us=12 status=0 transfer_status=1
[2026-08-24 20:47:32.394958][UC][I] [QUERY_PERF] component=ucm layer=hixl_instance request=0x2d queue_wait_us=10 backend_us=14 run_post_us=9 total_us=33 api_status=0 transfer_status=1 [16689,16702][hixl_instance.cpp:342,GetTransferStatus]
[2026-08-24 20:47:32.394969][UC][I] [QUERY_PERF] component=ucm layer=hixl_transport handle=73 request=0x2d lifecycle_lock_us=0 pending_lock_wait_us=0 pending_lookup_us=1 instance_us=43 erase_us=1 total_us=45 transfer_status=1 [16689,16702][hixl_transport.cpp:734,GetStatus]
[2026-08-24 20:47:32.394974][UC][I] [QUERY_PERF] component=ucm layer=transport_manager handle=73 transport_handle=73 transfers_lock_wait_us=0 lookup_us=0 transport_us=50 total_us=50 api_status=0 transfer_status=1 [16689,16702][transport_manager.cpp:716,GetStatus]
[2026-08-24 20:47:32.394979][UC][I] [PERF] component=transport event=transfer_done manager=127.0.0.1:8000 target=127.0.0.1:4501 handle=73 transport_handle=73 opcode=1 direct=2 segments=1 bytes=63 status=1 api_status=0 submitted_ts_us=1787575652394534 completed_ts_us=1787575652394978 manager_get_status_ts_us=1787575652394923 backend_query_ts_us=1787575652394934 submit_us=106 transfer_us=444 manager_to_backend_query_us=11 total_us=550 [16689,16702][transport_manager.cpp:727,GetStatus]
[2026-08-24 20:47:32.394986][UC][I] [PERF] component=drampool event=request_done request_id=14 opcode=2 peer=127.0.0.1:4501 batch_size=108 data_bytes=7962624 failed_items=0 status=SUCCESS failed_stage=NONE received_ts_us=1787575652388835 worker_started_ts_us=1787575652392159 data_transfer_submitted_ts_us=1787575652392390 data_transfer_completed_ts_us=1787575652394419 response_submitted_ts_us=1787575652394549 completed_ts_us=1787575652394984 data_tm_execute_async_ts_us=1787575652392177 data_hixl_execute_async_ts_us=1787575652392194 data_tm_get_status_ts_us=1787575652394359 data_hixl_query_handle_ts_us=1787575652394369 response_tm_execute_async_ts_us=1787575652394428 response_hixl_execute_async_ts_us=1787575652394439 response_tm_get_status_ts_us=1787575652394923 response_hixl_query_handle_ts_us=1787575652394934 request_queue_us=3323 metadata_prepare_us=16 taskworker_prepare_us=232 poller_queue_us=1635 data_transfer_us=2029 metadata_settle_us=8 response_slot_wait_us=0 response_submit_us=122 response_transfer_us=435 data_tm_to_hixl_execute_async_us=17 data_tm_to_hixl_query_handle_us=10 response_tm_to_hixl_execute_async_us=11 response_tm_to_hixl_query_handle_us=11 total_us=6148 [16689,16702][completion_poller.cc:56,LogRequestDone]
[HIXL_QUERY_PERF] layer=comm_channel request=0x2e mutex_wait_us=0 check_us=0 lookup_us=0 flag_check_us=1 complete_us=0 total_us=1 transfer_status=1
[HIXL_QUERY_PERF] layer=adxl_inner request=0x2e context_us=1 req_lock_wait_us=0 lookup_us=0 channel_us=7 cleanup_us=0 total_us=8 status=0 transfer_status=1
[HIXL_QUERY_PERF] layer=comm_engine request=0x2e total_us=11 status=0 transfer_status=1
[2026-08-24 20:47:32.395034][UC][I] [QUERY_PERF] component=ucm layer=hixl_instance request=0x2e queue_wait_us=10 backend_us=12 run_post_us=10 total_us=32 api_status=0 transfer_status=1 [16689,16702][hixl_instance.cpp:342,GetTransferStatus]
[2026-08-24 20:47:32.395045][UC][I] [QUERY_PERF] component=ucm layer=hixl_transport handle=74 request=0x2e lifecycle_lock_us=0 pending_lock_wait_us=0 pending_lookup_us=1 instance_us=42 erase_us=0 total_us=43 transfer_status=1 [16689,16702][hixl_transport.cpp:734,GetStatus]
[2026-08-24 20:47:32.395050][UC][I] [QUERY_PERF] component=ucm layer=transport_manager handle=74 transport_handle=74 transfers_lock_wait_us=0 lookup_us=0 transport_us=50 total_us=50 api_status=0 transfer_status=1 [16689,16702][transport_manager.cpp:716,GetStatus]
[2026-08-24 20:47:32.395058][UC][I] [PERF] component=transport event=transfer_done manager=127.0.0.1:8000 target=127.0.0.1:4501 handle=74 transport_handle=74 opcode=1 direct=2 segments=1 bytes=63 status=1 api_status=0 submitted_ts_us=1787575652394722 completed_ts_us=1787575652395057 manager_get_status_ts_us=1787575652395000 backend_query_ts_us=1787575652395011 submit_us=105 transfer_us=335 manager_to_backend_query_us=11 total_us=440 [16689,16702][transport_manager.cpp:727,GetStatus]
[2026-08-24 20:47:32.395065][UC][I] [PERF] component=drampool event=request_done request_id=15 opcode=2 peer=127.0.0.1:4501 batch_size=108 data_bytes=7962624 failed_items=0 status=SUCCESS failed_stage=NONE received_ts_us=1787575652388838 worker_started_ts_us=1787575652392392 data_transfer_submitted_ts_us=1787575652392694 data_transfer_completed_ts_us=1787575652394608 response_submitted_ts_us=1787575652394735 completed_ts_us=1787575652395063 data_tm_execute_async_ts_us=1787575652392429 data_hixl_execute_async_ts_us=1787575652392444 data_tm_get_status_ts_us=1787575652394550 data_hixl_query_handle_ts_us=1787575652394561 response_tm_execute_async_ts_us=1787575652394617 response_hixl_execute_async_ts_us=1787575652394628 response_tm_get_status_ts_us=1787575652395000 response_hixl_query_handle_ts_us=1787575652395011 request_queue_us=3554 metadata_prepare_us=36 taskworker_prepare_us=304 poller_queue_us=1330 data_transfer_us=1914 metadata_settle_us=7 response_slot_wait_us=0 response_submit_us=120 response_transfer_us=326 data_tm_to_hixl_execute_async_us=14 data_tm_to_hixl_query_handle_us=10 response_tm_to_hixl_execute_async_us=11 response_tm_to_hixl_query_handle_us=11 total_us=6225 [16689,16702][completion_poller.cc:56,LogRequestDone]
[HIXL_QUERY_PERF] layer=comm_channel request=0x2f mutex_wait_us=0 check_us=0 lookup_us=1 flag_check_us=0 complete_us=1 total_us=2 transfer_status=1
[HIXL_QUERY_PERF] layer=adxl_inner request=0x2f context_us=1 req_lock_wait_us=0 lookup_us=0 channel_us=8 cleanup_us=1 total_us=10 status=0 transfer_status=1
[HIXL_QUERY_PERF] layer=comm_engine request=0x2f total_us=12 status=0 transfer_status=1
[2026-08-24 20:47:32.395106][UC][I] [QUERY_PERF] component=ucm layer=hixl_instance request=0x2f queue_wait_us=10 backend_us=14 run_post_us=10 total_us=34 api_status=0 transfer_status=1 [16689,16702][hixl_instance.cpp:342,GetTransferStatus]
[2026-08-24 20:47:32.395115][UC][I] [QUERY_PERF] component=ucm layer=hixl_transport handle=75 request=0x2f lifecycle_lock_us=0 pending_lock_wait_us=0 pending_lookup_us=0 instance_us=43 erase_us=0 total_us=43 transfer_status=1 [16689,16702][hixl_transport.cpp:734,GetStatus]
[2026-08-24 20:47:32.395123][UC][I] [QUERY_PERF] component=ucm layer=transport_manager handle=75 transport_handle=75 transfers_lock_wait_us=0 lookup_us=0 transport_us=51 total_us=51 api_status=0 transfer_status=1 [16689,16702][transport_manager.cpp:716,GetStatus]
[2026-08-24 20:47:32.395127][UC][I] [PERF] component=transport event=transfer_done manager=127.0.0.1:8000 target=127.0.0.1:4501 handle=75 transport_handle=75 opcode=1 direct=2 segments=1 bytes=63 status=1 api_status=0 submitted_ts_us=1787575652394911 completed_ts_us=1787575652395126 manager_get_status_ts_us=1787575652395071 backend_query_ts_us=1787575652395081 submit_us=104 transfer_us=215 manager_to_backend_query_us=10 total_us=319 [16689,16702][transport_manager.cpp:727,GetStatus]
[2026-08-24 20:47:32.395139][UC][I] [PERF] component=drampool event=request_done request_id=16 opcode=2 peer=127.0.0.1:4501 batch_size=108 data_bytes=7962624 failed_items=0 status=SUCCESS failed_stage=NONE received_ts_us=1787575652388840 worker_started_ts_us=1787575652392697 data_transfer_submitted_ts_us=1787575652392929 data_transfer_completed_ts_us=1787575652394798 response_submitted_ts_us=1787575652394922 completed_ts_us=1787575652395137 data_tm_execute_async_ts_us=1787575652392711 data_hixl_execute_async_ts_us=1787575652392736 data_tm_get_status_ts_us=1787575652394736 data_hixl_query_handle_ts_us=1787575652394747 response_tm_execute_async_ts_us=1787575652394806 response_hixl_execute_async_ts_us=1787575652394817 response_tm_get_status_ts_us=1787575652395071 response_hixl_query_handle_ts_us=1787575652395081 request_queue_us=3857 metadata_prepare_us=13 taskworker_prepare_us=234 poller_queue_us=1096 data_transfer_us=1868 metadata_settle_us=7 response_slot_wait_us=0 response_submit_us=117 response_transfer_us=215 data_tm_to_hixl_execute_async_us=25 data_tm_to_hixl_query_handle_us=11 response_tm_to_hixl_execute_async_us=11 response_tm_to_hixl_query_handle_us=10 total_us=6297 [16689,16702][completion_poller.cc:56,LogRequestDone]
[HIXL_PERF] event=hccl_batch op=1 desc_num=1 hccl_us=237 status=0
[HIXL_PERF] event=issue_hccl_batch op=1 list_num=1 total_us=268
[HIXL_PERF] event=issue_async_host_flag op=1 list_num=1 context_us=1 hccl_issue_us=273 flag_memcpy_us=13 total_us=287
[HIXL_PERF] event=comm_channel_async op=1 list_num=1 mutex_wait_us=0 slot_us=2 host_flag_us=1 record_us=1 issue_us=292 total_us=296
[HIXL_PERF] event=adxl_inner_async op=1 list_num=1 context_us=11 connect_us=0 get_channel_us=4 channel_async_us=301 tail_us=1 total_us=317
[HIXL_PERF] event=comm_engine_async op=1 list_num=1 desc_build_us=0 inner_us=324 total_us=324 status=0
[2026-08-24 20:47:37.262013][UC][I] [PERF] component=transport event=transfer_submitted manager=127.0.0.1:8000 target=127.0.0.1:4500 handle=76 transport_handle=76 opcode=1 direct=2 segments=1 bytes=10 submitted_ts_us=1787575657262011 manager_execute_async_ts_us=1787575657261612 backend_execute_async_ts_us=1787575657261648 manager_to_backend_execute_async_us=36 submit_us=395 [16689,16702][transport_manager.cpp:674,ExecuteAsync]
[HIXL_QUERY_PERF] layer=comm_channel request=0x30 mutex_wait_us=0 check_us=0 lookup_us=1 flag_check_us=1 complete_us=6 total_us=8 transfer_status=1
[HIXL_QUERY_PERF] layer=adxl_inner request=0x30 context_us=0 req_lock_wait_us=0 lookup_us=1 channel_us=18 cleanup_us=1 total_us=20 status=0 transfer_status=1
[HIXL_QUERY_PERF] layer=comm_engine request=0x30 total_us=27 status=0 transfer_status=1
[2026-08-24 20:47:37.262117][UC][I] [QUERY_PERF] component=ucm layer=hixl_instance request=0x30 queue_wait_us=12 backend_us=32 run_post_us=11 total_us=55 api_status=0 transfer_status=1 [16689,16702][hixl_instance.cpp:342,GetTransferStatus]
[2026-08-24 20:47:37.262127][UC][I] [QUERY_PERF] component=ucm layer=hixl_transport handle=76 request=0x30 lifecycle_lock_us=0 pending_lock_wait_us=0 pending_lookup_us=1 instance_us=64 erase_us=0 total_us=65 transfer_status=1 [16689,16702][hixl_transport.cpp:734,GetStatus]
[2026-08-24 20:47:37.262147][UC][I] [QUERY_PERF] component=ucm layer=transport_manager handle=76 transport_handle=76 transfers_lock_wait_us=0 lookup_us=0 transport_us=86 total_us=86 api_status=0 transfer_status=1 [16689,16702][transport_manager.cpp:716,GetStatus]
[2026-08-24 20:47:37.262155][UC][I] [PERF] component=transport event=transfer_done manager=127.0.0.1:8000 target=127.0.0.1:4500 handle=76 transport_handle=76 opcode=1 direct=2 segments=1 bytes=10 status=1 api_status=0 submitted_ts_us=1787575657262011 completed_ts_us=1787575657262153 manager_get_status_ts_us=1787575657262059 backend_query_ts_us=1787575657262073 submit_us=395 transfer_us=142 manager_to_backend_query_us=13 total_us=537 [16689,16702][transport_manager.cpp:727,GetStatus]
[2026-08-24 20:47:37.262166][UC][I] [PERF] component=drampool event=request_done request_id=17 opcode=0 peer=127.0.0.1:4500 batch_size=2 data_bytes=0 failed_items=0 status=SUCCESS failed_stage=NONE received_ts_us=1787575657261326 worker_started_ts_us=1787575657261454 data_transfer_submitted_ts_us=0 data_transfer_completed_ts_us=0 response_submitted_ts_us=1787575657262058 completed_ts_us=1787575657262162 data_tm_execute_async_ts_us=0 data_hixl_execute_async_ts_us=0 data_tm_get_status_ts_us=0 data_hixl_query_handle_ts_us=0 response_tm_execute_async_ts_us=1787575657261612 response_hixl_execute_async_ts_us=1787575657261648 response_tm_get_status_ts_us=1787575657262059 response_hixl_query_handle_ts_us=1787575657262073 request_queue_us=128 metadata_prepare_us=1 taskworker_prepare_us=9 poller_queue_us=138 data_transfer_us=0 metadata_settle_us=0 response_slot_wait_us=143 response_submit_us=454 response_transfer_us=101 data_tm_to_hixl_execute_async_us=0 data_tm_to_hixl_query_handle_us=0 response_tm_to_hixl_execute_async_us=36 response_tm_to_hixl_query_handle_us=13 total_us=836 [16689,16702][completion_poller.cc:56,LogRequestDone]
[HIXL_PERF] event=hccl_batch op=1 desc_num=1 hccl_us=84 status=0
[HIXL_PERF] event=issue_hccl_batch op=1 list_num=1 total_us=97
[HIXL_PERF] event=issue_async_host_flag op=1 list_num=1 context_us=0 hccl_issue_us=99 flag_memcpy_us=6 total_us=105
[HIXL_PERF] event=comm_channel_async op=1 list_num=1 mutex_wait_us=0 slot_us=0 host_flag_us=0 record_us=1 issue_us=108 total_us=109
[HIXL_PERF] event=adxl_inner_async op=1 list_num=1 context_us=1 connect_us=0 get_channel_us=0 channel_async_us=112 tail_us=1 total_us=114
[HIXL_PERF] event=comm_engine_async op=1 list_num=1 desc_build_us=0 inner_us=116 total_us=116 status=0
[2026-08-24 20:47:37.262792][UC][I] [PERF] component=transport event=transfer_submitted manager=127.0.0.1:8000 target=127.0.0.1:4500 handle=77 transport_handle=77 opcode=1 direct=2 segments=1 bytes=10 submitted_ts_us=1787575657262791 manager_execute_async_ts_us=1787575657262643 backend_execute_async_ts_us=1787575657262656 manager_to_backend_execute_async_us=13 submit_us=147 [16689,16702][transport_manager.cpp:674,ExecuteAsync]
[HIXL_QUERY_PERF] layer=comm_channel request=0x31 mutex_wait_us=0 check_us=0 lookup_us=1 flag_check_us=0 complete_us=2 total_us=3 transfer_status=1
[HIXL_QUERY_PERF] layer=adxl_inner request=0x31 context_us=1 req_lock_wait_us=0 lookup_us=0 channel_us=10 cleanup_us=0 total_us=11 status=0 transfer_status=1
[HIXL_QUERY_PERF] layer=comm_engine request=0x31 total_us=16 status=0 transfer_status=1
[2026-08-24 20:47:37.262843][UC][I] [QUERY_PERF] component=ucm layer=hixl_instance request=0x31 queue_wait_us=11 backend_us=19 run_post_us=10 total_us=40 api_status=0 transfer_status=1 [16689,16702][hixl_instance.cpp:342,GetTransferStatus]
[2026-08-24 20:47:37.262853][UC][I] [QUERY_PERF] component=ucm layer=hixl_transport handle=77 request=0x31 lifecycle_lock_us=0 pending_lock_wait_us=0 pending_lookup_us=0 instance_us=49 erase_us=0 total_us=49 transfer_status=1 [16689,16702][hixl_transport.cpp:734,GetStatus]
[2026-08-24 20:47:37.262859][UC][I] [QUERY_PERF] component=ucm layer=transport_manager handle=77 transport_handle=77 transfers_lock_wait_us=0 lookup_us=1 transport_us=56 total_us=57 api_status=0 transfer_status=1 [16689,16702][transport_manager.cpp:716,GetStatus]
[2026-08-24 20:47:37.262869][UC][I] [PERF] component=transport event=transfer_done manager=127.0.0.1:8000 target=127.0.0.1:4500 handle=77 transport_handle=77 opcode=1 direct=2 segments=1 bytes=10 status=1 api_status=0 submitted_ts_us=1787575657262791 completed_ts_us=1787575657262867 manager_get_status_ts_us=1787575657262801 backend_query_ts_us=1787575657262813 submit_us=147 transfer_us=76 manager_to_backend_query_us=12 total_us=223 [16689,16702][transport_manager.cpp:727,GetStatus]
[2026-08-24 20:47:37.262876][UC][I] [PERF] component=drampool event=request_done request_id=18 opcode=0 peer=127.0.0.1:4500 batch_size=2 data_bytes=0 failed_items=0 status=SUCCESS failed_stage=NONE received_ts_us=1787575657262427 worker_started_ts_us=1787575657262529 data_transfer_submitted_ts_us=0 data_transfer_completed_ts_us=0 response_submitted_ts_us=1787575657262800 completed_ts_us=1787575657262874 data_tm_execute_async_ts_us=0 data_hixl_execute_async_ts_us=0 data_tm_get_status_ts_us=0 data_hixl_query_handle_ts_us=0 response_tm_execute_async_ts_us=1787575657262643 response_hixl_execute_async_ts_us=1787575657262656 response_tm_get_status_ts_us=1787575657262801 response_hixl_query_handle_ts_us=1787575657262813 request_queue_us=101 metadata_prepare_us=1 taskworker_prepare_us=2 poller_queue_us=110 data_transfer_us=0 metadata_settle_us=0 response_slot_wait_us=111 response_submit_us=160 response_transfer_us=72 data_tm_to_hixl_execute_async_us=0 data_tm_to_hixl_query_handle_us=0 response_tm_to_hixl_execute_async_us=13 response_tm_to_hixl_query_handle_us=12 total_us=446 [16689,16702][completion_poller.cc:56,LogRequestDone]
[HIXL_PERF] event=hccl_batch op=1 desc_num=1 hccl_us=63 status=0
[HIXL_PERF] event=issue_hccl_batch op=1 list_num=1 total_us=72
[HIXL_PERF] event=issue_async_host_flag op=1 list_num=1 context_us=0 hccl_issue_us=74 flag_memcpy_us=6 total_us=80
[HIXL_PERF] event=comm_channel_async op=1 list_num=1 mutex_wait_us=0 slot_us=0 host_flag_us=0 record_us=0 issue_us=82 total_us=82
[HIXL_PERF] event=adxl_inner_async op=1 list_num=1 context_us=1 connect_us=0 get_channel_us=0 channel_async_us=85 tail_us=1 total_us=87
[HIXL_PERF] event=comm_engine_async op=1 list_num=1 desc_build_us=0 inner_us=89 total_us=89 status=0
[2026-08-24 20:47:37.263305][UC][I] [PERF] component=transport event=transfer_submitted manager=127.0.0.1:8000 target=127.0.0.1:4500 handle=78 transport_handle=78 opcode=1 direct=2 segments=1 bytes=10 submitted_ts_us=1787575657263304 manager_execute_async_ts_us=1787575657263187 backend_execute_async_ts_us=1787575657263198 manager_to_backend_execute_async_us=11 submit_us=117 [16689,16702][transport_manager.cpp:674,ExecuteAsync]
[HIXL_QUERY_PERF] layer=comm_channel request=0x32 mutex_wait_us=0 check_us=0 lookup_us=1 flag_check_us=0 complete_us=1 total_us=2 transfer_status=1
[HIXL_QUERY_PERF] layer=adxl_inner request=0x32 context_us=0 req_lock_wait_us=1 lookup_us=0 channel_us=9 cleanup_us=0 total_us=10 status=0 transfer_status=1
[HIXL_QUERY_PERF] layer=comm_engine request=0x32 total_us=14 status=0 transfer_status=1
[2026-08-24 20:47:37.263356][UC][I] [QUERY_PERF] component=ucm layer=hixl_instance request=0x32 queue_wait_us=10 backend_us=17 run_post_us=10 total_us=37 api_status=0 transfer_status=1 [16689,16702][hixl_instance.cpp:342,GetTransferStatus]
[2026-08-24 20:47:37.263367][UC][I] [QUERY_PERF] component=ucm layer=hixl_transport handle=78 request=0x32 lifecycle_lock_us=0 pending_lock_wait_us=0 pending_lookup_us=0 instance_us=47 erase_us=0 total_us=47 transfer_status=1 [16689,16702][hixl_transport.cpp:734,GetStatus]
[2026-08-24 20:47:37.263373][UC][I] [QUERY_PERF] component=ucm layer=transport_manager handle=78 transport_handle=78 transfers_lock_wait_us=0 lookup_us=0 transport_us=53 total_us=53 api_status=0 transfer_status=1 [16689,16702][transport_manager.cpp:716,GetStatus]
[2026-08-24 20:47:37.263381][UC][I] [PERF] component=transport event=transfer_done manager=127.0.0.1:8000 target=127.0.0.1:4500 handle=78 transport_handle=78 opcode=1 direct=2 segments=1 bytes=10 status=1 api_status=0 submitted_ts_us=1787575657263304 completed_ts_us=1787575657263380 manager_get_status_ts_us=1787575657263319 backend_query_ts_us=1787575657263329 submit_us=117 transfer_us=75 manager_to_backend_query_us=10 total_us=192 [16689,16702][transport_manager.cpp:727,GetStatus]
[2026-08-24 20:47:37.263389][UC][I] [PERF] component=drampool event=request_done request_id=19 opcode=0 peer=127.0.0.1:4500 batch_size=2 data_bytes=0 failed_items=0 status=SUCCESS failed_stage=NONE received_ts_us=1787575657263036 worker_started_ts_us=1787575657263141 data_transfer_submitted_ts_us=0 data_transfer_completed_ts_us=0 response_submitted_ts_us=1787575657263318 completed_ts_us=1787575657263387 data_tm_execute_async_ts_us=0 data_hixl_execute_async_ts_us=0 data_tm_get_status_ts_us=0 data_hixl_query_handle_ts_us=0 response_tm_execute_async_ts_us=1787575657263187 response_hixl_execute_async_ts_us=1787575657263198 response_tm_get_status_ts_us=1787575657263319 response_hixl_query_handle_ts_us=1787575657263329 request_queue_us=105 metadata_prepare_us=0 taskworker_prepare_us=2 poller_queue_us=42 data_transfer_us=0 metadata_settle_us=0 response_slot_wait_us=44 response_submit_us=132 response_transfer_us=68 data_tm_to_hixl_execute_async_us=0 data_tm_to_hixl_query_handle_us=0 response_tm_to_hixl_execute_async_us=11 response_tm_to_hixl_query_handle_us=10 total_us=351 [16689,16702][completion_poller.cc:56,LogRequestDone]
[HIXL_PERF] event=hccl_batch op=1 desc_num=1 hccl_us=62 status=0
[HIXL_PERF] event=issue_hccl_batch op=1 list_num=1 total_us=71
[HIXL_PERF] event=issue_async_host_flag op=1 list_num=1 context_us=0 hccl_issue_us=74 flag_memcpy_us=6 total_us=80
[HIXL_PERF] event=comm_channel_async op=1 list_num=1 mutex_wait_us=0 slot_us=0 host_flag_us=0 record_us=0 issue_us=83 total_us=83
[HIXL_PERF] event=adxl_inner_async op=1 list_num=1 context_us=0 connect_us=0 get_channel_us=0 channel_async_us=87 tail_us=1 total_us=88
[HIXL_PERF] event=comm_engine_async op=1 list_num=1 desc_build_us=0 inner_us=92 total_us=92 status=0
[2026-08-24 20:47:37.263822][UC][I] [PERF] component=transport event=transfer_submitted manager=127.0.0.1:8000 target=127.0.0.1:4500 handle=79 transport_handle=79 opcode=1 direct=2 segments=1 bytes=10 submitted_ts_us=1787575657263821 manager_execute_async_ts_us=1787575657263700 backend_execute_async_ts_us=1787575657263712 manager_to_backend_execute_async_us=12 submit_us=121 [16689,16702][transport_manager.cpp:674,ExecuteAsync]
[HIXL_QUERY_PERF] layer=comm_channel request=0x33 mutex_wait_us=0 check_us=0 lookup_us=1 flag_check_us=0 complete_us=0 total_us=1 transfer_status=0
[HIXL_QUERY_PERF] layer=adxl_inner request=0x33 context_us=1 req_lock_wait_us=0 lookup_us=0 channel_us=9 cleanup_us=0 total_us=10 status=0 transfer_status=0
[HIXL_QUERY_PERF] layer=comm_engine request=0x33 total_us=13 status=0 transfer_status=0
[2026-08-24 20:47:37.263873][UC][I] [QUERY_PERF] component=ucm layer=hixl_instance request=0x33 queue_wait_us=11 backend_us=16 run_post_us=15 total_us=42 api_status=0 transfer_status=0 [16689,16702][hixl_instance.cpp:342,GetTransferStatus]
[2026-08-24 20:47:37.263887][UC][I] [QUERY_PERF] component=ucm layer=hixl_transport handle=79 request=0x33 lifecycle_lock_us=0 pending_lock_wait_us=0 pending_lookup_us=0 instance_us=56 erase_us=0 total_us=56 transfer_status=0 [16689,16702][hixl_transport.cpp:734,GetStatus]
[2026-08-24 20:47:37.263891][UC][I] [QUERY_PERF] component=ucm layer=transport_manager handle=79 transport_handle=79 transfers_lock_wait_us=0 lookup_us=0 transport_us=59 total_us=59 api_status=0 transfer_status=0 [16689,16702][transport_manager.cpp:716,GetStatus]
[HIXL_QUERY_PERF] layer=comm_channel request=0x33 mutex_wait_us=0 check_us=0 lookup_us=0 flag_check_us=1 complete_us=1 total_us=2 transfer_status=1
[HIXL_QUERY_PERF] layer=adxl_inner request=0x33 context_us=0 req_lock_wait_us=1 lookup_us=0 channel_us=8 cleanup_us=0 total_us=9 status=0 transfer_status=1
[HIXL_QUERY_PERF] layer=comm_engine request=0x33 total_us=15 status=0 transfer_status=1
[2026-08-24 20:47:37.263936][UC][I] [QUERY_PERF] component=ucm layer=hixl_instance request=0x33 queue_wait_us=10 backend_us=19 run_post_us=12 total_us=41 api_status=0 transfer_status=1 [16689,16702][hixl_instance.cpp:342,GetTransferStatus]
[2026-08-24 20:47:37.263946][UC][I] [QUERY_PERF] component=ucm layer=hixl_transport handle=79 request=0x33 lifecycle_lock_us=0 pending_lock_wait_us=0 pending_lookup_us=0 instance_us=51 erase_us=0 total_us=51 transfer_status=1 [16689,16702][hixl_transport.cpp:734,GetStatus]
[2026-08-24 20:47:37.263951][UC][I] [QUERY_PERF] component=ucm layer=transport_manager handle=79 transport_handle=79 transfers_lock_wait_us=1 lookup_us=0 transport_us=55 total_us=56 api_status=0 transfer_status=1 [16689,16702][transport_manager.cpp:716,GetStatus]
[2026-08-24 20:47:37.263955][UC][I] [PERF] component=transport event=transfer_done manager=127.0.0.1:8000 target=127.0.0.1:4500 handle=79 transport_handle=79 opcode=1 direct=2 segments=1 bytes=10 status=1 api_status=0 submitted_ts_us=1787575657263821 completed_ts_us=1787575657263954 manager_get_status_ts_us=1787575657263894 backend_query_ts_us=1787575657263906 submit_us=121 transfer_us=134 manager_to_backend_query_us=11 total_us=255 [16689,16702][transport_manager.cpp:727,GetStatus]
[2026-08-24 20:47:37.263970][UC][I] [PERF] component=drampool event=request_done request_id=20 opcode=0 peer=127.0.0.1:4500 batch_size=2 data_bytes=0 failed_items=0 status=SUCCESS failed_stage=NONE received_ts_us=1787575657263534 worker_started_ts_us=1787575657263600 data_transfer_submitted_ts_us=0 data_transfer_completed_ts_us=0 response_submitted_ts_us=1787575657263830 completed_ts_us=1787575657263968 data_tm_execute_async_ts_us=0 data_hixl_execute_async_ts_us=0 data_tm_get_status_ts_us=0 data_hixl_query_handle_ts_us=0 response_tm_execute_async_ts_us=1787575657263700 response_hixl_execute_async_ts_us=1787575657263712 response_tm_get_status_ts_us=1787575657263894 response_hixl_query_handle_ts_us=1787575657263906 request_queue_us=67 metadata_prepare_us=0 taskworker_prepare_us=1 poller_queue_us=96 data_transfer_us=0 metadata_settle_us=0 response_slot_wait_us=98 response_submit_us=131 response_transfer_us=137 data_tm_to_hixl_execute_async_us=0 data_tm_to_hixl_query_handle_us=0 response_tm_to_hixl_execute_async_us=12 response_tm_to_hixl_query_handle_us=11 total_us=434 [16689,16702][completion_poller.cc:56,LogRequestDone]
[HIXL_PERF] event=hccl_batch op=1 desc_num=1 hccl_us=60 status=0
[HIXL_PERF] event=issue_hccl_batch op=1 list_num=1 total_us=70
[HIXL_PERF] event=issue_async_host_flag op=1 list_num=1 context_us=1 hccl_issue_us=72 flag_memcpy_us=5 total_us=78
[HIXL_PERF] event=comm_channel_async op=1 list_num=1 mutex_wait_us=0 slot_us=1 host_flag_us=0 record_us=0 issue_us=81 total_us=82
[HIXL_PERF] event=adxl_inner_async op=1 list_num=1 context_us=0 connect_us=0 get_channel_us=1 channel_async_us=85 tail_us=0 total_us=86
[HIXL_PERF] event=comm_engine_async op=1 list_num=1 desc_build_us=0 inner_us=90 total_us=90 status=0
[2026-08-24 20:47:37.264403][UC][I] [PERF] component=transport event=transfer_submitted manager=127.0.0.1:8000 target=127.0.0.1:4500 handle=80 transport_handle=80 opcode=1 direct=2 segments=1 bytes=10 submitted_ts_us=1787575657264402 manager_execute_async_ts_us=1787575657264282 backend_execute_async_ts_us=1787575657264294 manager_to_backend_execute_async_us=12 submit_us=119 [16689,16702][transport_manager.cpp:674,ExecuteAsync]
[HIXL_QUERY_PERF] layer=comm_channel request=0x34 mutex_wait_us=0 check_us=0 lookup_us=1 flag_check_us=0 complete_us=1 total_us=2 transfer_status=1
[HIXL_QUERY_PERF] layer=adxl_inner request=0x34 context_us=0 req_lock_wait_us=1 lookup_us=0 channel_us=10 cleanup_us=0 total_us=11 status=0 transfer_status=1
[HIXL_QUERY_PERF] layer=comm_engine request=0x34 total_us=15 status=0 transfer_status=1
[2026-08-24 20:47:37.264454][UC][I] [QUERY_PERF] component=ucm layer=hixl_instance request=0x34 queue_wait_us=10 backend_us=20 run_post_us=10 total_us=40 api_status=0 transfer_status=1 [16689,16702][hixl_instance.cpp:342,GetTransferStatus]
[2026-08-24 20:47:37.264462][UC][I] [QUERY_PERF] component=ucm layer=hixl_transport handle=80 request=0x34 lifecycle_lock_us=0 pending_lock_wait_us=0 pending_lookup_us=0 instance_us=48 erase_us=0 total_us=48 transfer_status=1 [16689,16702][hixl_transport.cpp:734,GetStatus]
[2026-08-24 20:47:37.264468][UC][I] [QUERY_PERF] component=ucm layer=transport_manager handle=80 transport_handle=80 transfers_lock_wait_us=0 lookup_us=0 transport_us=54 total_us=54 api_status=0 transfer_status=1 [16689,16702][transport_manager.cpp:716,GetStatus]
[2026-08-24 20:47:37.264472][UC][I] [PERF] component=transport event=transfer_done manager=127.0.0.1:8000 target=127.0.0.1:4500 handle=80 transport_handle=80 opcode=1 direct=2 segments=1 bytes=10 status=1 api_status=0 submitted_ts_us=1787575657264402 completed_ts_us=1787575657264471 manager_get_status_ts_us=1787575657264412 backend_query_ts_us=1787575657264424 submit_us=119 transfer_us=69 manager_to_backend_query_us=10 total_us=188 [16689,16702][transport_manager.cpp:727,GetStatus]
[2026-08-24 20:47:37.264478][UC][I] [PERF] component=drampool event=request_done request_id=21 opcode=0 peer=127.0.0.1:4500 batch_size=2 data_bytes=0 failed_items=0 status=SUCCESS failed_stage=NONE received_ts_us=1787575657264163 worker_started_ts_us=1787575657264223 data_transfer_submitted_ts_us=0 data_transfer_completed_ts_us=0 response_submitted_ts_us=1787575657264411 completed_ts_us=1787575657264476 data_tm_execute_async_ts_us=0 data_hixl_execute_async_ts_us=0 data_tm_get_status_ts_us=0 data_hixl_query_handle_ts_us=0 response_tm_execute_async_ts_us=1787575657264282 response_hixl_execute_async_ts_us=1787575657264294 response_tm_get_status_ts_us=1787575657264412 response_hixl_query_handle_ts_us=1787575657264424 request_queue_us=61 metadata_prepare_us=1 taskworker_prepare_us=4 poller_queue_us=53 data_transfer_us=0 metadata_settle_us=0 response_slot_wait_us=54 response_submit_us=130 response_transfer_us=64 data_tm_to_hixl_execute_async_us=0 data_tm_to_hixl_query_handle_us=0 response_tm_to_hixl_execute_async_us=12 response_tm_to_hixl_query_handle_us=10 total_us=313 [16689,16702][completion_poller.cc:56,LogRequestDone]
[HIXL_PERF] event=hccl_batch op=1 desc_num=1 hccl_us=66 status=0
[HIXL_PERF] event=issue_hccl_batch op=1 list_num=1 total_us=75
[HIXL_PERF] event=issue_async_host_flag op=1 list_num=1 context_us=1 hccl_issue_us=80 flag_memcpy_us=6 total_us=87
[HIXL_PERF] event=comm_channel_async op=1 list_num=1 mutex_wait_us=0 slot_us=0 host_flag_us=0 record_us=0 issue_us=91 total_us=91
[HIXL_PERF] event=adxl_inner_async op=1 list_num=1 context_us=0 connect_us=0 get_channel_us=1 channel_async_us=95 tail_us=0 total_us=96
[HIXL_PERF] event=comm_engine_async op=1 list_num=1 desc_build_us=0 inner_us=100 total_us=100 status=0
[2026-08-24 20:47:37.264926][UC][I] [PERF] component=transport event=transfer_submitted manager=127.0.0.1:8000 target=127.0.0.1:4500 handle=81 transport_handle=81 opcode=1 direct=2 segments=1 bytes=10 submitted_ts_us=1787575657264925 manager_execute_async_ts_us=1787575657264795 backend_execute_async_ts_us=1787575657264807 manager_to_backend_execute_async_us=11 submit_us=130 [16689,16702][transport_manager.cpp:674,ExecuteAsync]
[HIXL_QUERY_PERF] layer=comm_channel request=0x35 mutex_wait_us=0 check_us=0 lookup_us=0 flag_check_us=1 complete_us=1 total_us=2 transfer_status=1
[HIXL_QUERY_PERF] layer=adxl_inner request=0x35 context_us=1 req_lock_wait_us=0 lookup_us=1 channel_us=8 cleanup_us=0 total_us=10 status=0 transfer_status=1
[HIXL_QUERY_PERF] layer=comm_engine request=0x35 total_us=14 status=0 transfer_status=1
[2026-08-24 20:47:37.264972][UC][I] [QUERY_PERF] component=ucm layer=hixl_instance request=0x35 queue_wait_us=11 backend_us=15 run_post_us=10 total_us=36 api_status=0 transfer_status=1 [16689,16702][hixl_instance.cpp:342,GetTransferStatus]
[2026-08-24 20:47:37.264980][UC][I] [QUERY_PERF] component=ucm layer=hixl_transport handle=81 request=0x35 lifecycle_lock_us=0 pending_lock_wait_us=0 pending_lookup_us=0 instance_us=44 erase_us=0 total_us=44 transfer_status=1 [16689,16702][hixl_transport.cpp:734,GetStatus]
[2026-08-24 20:47:37.264983][UC][I] [QUERY_PERF] component=ucm layer=transport_manager handle=81 transport_handle=81 transfers_lock_wait_us=0 lookup_us=0 transport_us=48 total_us=48 api_status=0 transfer_status=1 [16689,16702][transport_manager.cpp:716,GetStatus]
[2026-08-24 20:47:37.265000][UC][I] [PERF] component=transport event=transfer_done manager=127.0.0.1:8000 target=127.0.0.1:4500 handle=81 transport_handle=81 opcode=1 direct=2 segments=1 bytes=10 status=1 api_status=0 submitted_ts_us=1787575657264925 completed_ts_us=1787575657264999 manager_get_status_ts_us=1787575657264935 backend_query_ts_us=1787575657264946 submit_us=130 transfer_us=73 manager_to_backend_query_us=11 total_us=203 [16689,16702][transport_manager.cpp:727,GetStatus]
[2026-08-24 20:47:37.265005][UC][I] [PERF] component=drampool event=request_done request_id=22 opcode=0 peer=127.0.0.1:4500 batch_size=2 data_bytes=0 failed_items=0 status=SUCCESS failed_stage=NONE received_ts_us=1787575657264643 worker_started_ts_us=1787575657264686 data_transfer_submitted_ts_us=0 data_transfer_completed_ts_us=0 response_submitted_ts_us=1787575657264934 completed_ts_us=1787575657265003 data_tm_execute_async_ts_us=0 data_hixl_execute_async_ts_us=0 data_tm_get_status_ts_us=0 data_hixl_query_handle_ts_us=0 response_tm_execute_async_ts_us=1787575657264795 response_hixl_execute_async_ts_us=1787575657264807 response_tm_get_status_ts_us=1787575657264935 response_hixl_query_handle_ts_us=1787575657264946 request_queue_us=43 metadata_prepare_us=0 taskworker_prepare_us=2 poller_queue_us=106 data_transfer_us=0 metadata_settle_us=0 response_slot_wait_us=107 response_submit_us=140 response_transfer_us=69 data_tm_to_hixl_execute_async_us=0 data_tm_to_hixl_query_handle_us=0 response_tm_to_hixl_execute_async_us=11 response_tm_to_hixl_query_handle_us=11 total_us=360 [16689,16702][completion_poller.cc:56,LogRequestDone]
[HIXL_PERF] event=hccl_batch op=1 desc_num=1 hccl_us=62 status=0
[HIXL_PERF] event=issue_hccl_batch op=1 list_num=1 total_us=78
[HIXL_PERF] event=issue_async_host_flag op=1 list_num=1 context_us=1 hccl_issue_us=80 flag_memcpy_us=5 total_us=86
[HIXL_PERF] event=comm_channel_async op=1 list_num=1 mutex_wait_us=0 slot_us=0 host_flag_us=0 record_us=0 issue_us=88 total_us=88
[HIXL_PERF] event=adxl_inner_async op=1 list_num=1 context_us=0 connect_us=0 get_channel_us=1 channel_async_us=90 tail_us=1 total_us=92
[HIXL_PERF] event=comm_engine_async op=1 list_num=1 desc_build_us=0 inner_us=94 total_us=94 status=0
[2026-08-24 20:47:37.265286][UC][I] [PERF] component=transport event=transfer_submitted manager=127.0.0.1:8000 target=127.0.0.1:4500 handle=82 transport_handle=82 opcode=1 direct=2 segments=1 bytes=10 submitted_ts_us=1787575657265285 manager_execute_async_ts_us=1787575657265163 backend_execute_async_ts_us=1787575657265175 manager_to_backend_execute_async_us=12 submit_us=121 [16689,16702][transport_manager.cpp:674,ExecuteAsync]
[HIXL_QUERY_PERF] layer=comm_channel request=0x36 mutex_wait_us=0 check_us=0 lookup_us=1 flag_check_us=0 complete_us=1 total_us=2 transfer_status=1
[HIXL_QUERY_PERF] layer=adxl_inner request=0x36 context_us=0 req_lock_wait_us=0 lookup_us=1 channel_us=7 cleanup_us=1 total_us=9 status=0 transfer_status=1
[HIXL_QUERY_PERF] layer=comm_engine request=0x36 total_us=12 status=0 transfer_status=1
[2026-08-24 20:47:37.265331][UC][I] [QUERY_PERF] component=ucm layer=hixl_instance request=0x36 queue_wait_us=10 backend_us=15 run_post_us=9 total_us=34 api_status=0 transfer_status=1 [16689,16702][hixl_instance.cpp:342,GetTransferStatus]
[2026-08-24 20:47:37.265340][UC][I] [QUERY_PERF] component=ucm layer=hixl_transport handle=82 request=0x36 lifecycle_lock_us=0 pending_lock_wait_us=0 pending_lookup_us=0 instance_us=43 erase_us=0 total_us=43 transfer_status=1 [16689,16702][hixl_transport.cpp:734,GetStatus]
[2026-08-24 20:47:37.265344][UC][I] [QUERY_PERF] component=ucm layer=transport_manager handle=82 transport_handle=82 transfers_lock_wait_us=0 lookup_us=0 transport_us=48 total_us=48 api_status=0 transfer_status=1 [16689,16702][transport_manager.cpp:716,GetStatus]
[2026-08-24 20:47:37.265348][UC][I] [PERF] component=transport event=transfer_done manager=127.0.0.1:8000 target=127.0.0.1:4500 handle=82 transport_handle=82 opcode=1 direct=2 segments=1 bytes=10 status=1 api_status=0 submitted_ts_us=1787575657265285 completed_ts_us=1787575657265347 manager_get_status_ts_us=1787575657265295 backend_query_ts_us=1787575657265306 submit_us=121 transfer_us=62 manager_to_backend_query_us=10 total_us=183 [16689,16702][transport_manager.cpp:727,GetStatus]
[2026-08-24 20:47:37.265361][UC][I] [PERF] component=drampool event=request_done request_id=23 opcode=0 peer=127.0.0.1:4500 batch_size=2 data_bytes=0 failed_items=0 status=SUCCESS failed_stage=NONE received_ts_us=1787575657265117 worker_started_ts_us=1787575657265146 data_transfer_submitted_ts_us=0 data_transfer_completed_ts_us=0 response_submitted_ts_us=1787575657265295 completed_ts_us=1787575657265359 data_tm_execute_async_ts_us=0 data_hixl_execute_async_ts_us=0 data_tm_get_status_ts_us=0 data_hixl_query_handle_ts_us=0 response_tm_execute_async_ts_us=1787575657265163 response_hixl_execute_async_ts_us=1787575657265175 response_tm_get_status_ts_us=1787575657265295 response_hixl_query_handle_ts_us=1787575657265306 request_queue_us=29 metadata_prepare_us=0 taskworker_prepare_us=2 poller_queue_us=14 data_transfer_us=0 metadata_settle_us=0 response_slot_wait_us=15 response_submit_us=133 response_transfer_us=63 data_tm_to_hixl_execute_async_us=0 data_tm_to_hixl_query_handle_us=0 response_tm_to_hixl_execute_async_us=12 response_tm_to_hixl_query_handle_us=10 total_us=242 [16689,16702][completion_poller.cc:56,LogRequestDone]
[HIXL_PERF] event=hccl_batch op=1 desc_num=1 hccl_us=55 status=0
[HIXL_PERF] event=issue_hccl_batch op=1 list_num=1 total_us=63
[HIXL_PERF] event=issue_async_host_flag op=1 list_num=1 context_us=0 hccl_issue_us=65 flag_memcpy_us=5 total_us=70
[HIXL_PERF] event=comm_channel_async op=1 list_num=1 mutex_wait_us=0 slot_us=1 host_flag_us=0 record_us=0 issue_us=73 total_us=74
[HIXL_PERF] event=adxl_inner_async op=1 list_num=1 context_us=1 connect_us=0 get_channel_us=0 channel_async_us=76 tail_us=0 total_us=77
[HIXL_PERF] event=comm_engine_async op=1 list_num=1 desc_build_us=0 inner_us=79 total_us=79 status=0
[2026-08-24 20:47:37.265781][UC][I] [PERF] component=transport event=transfer_submitted manager=127.0.0.1:8000 target=127.0.0.1:4500 handle=83 transport_handle=83 opcode=1 direct=2 segments=1 bytes=10 submitted_ts_us=1787575657265780 manager_execute_async_ts_us=1787575657265674 backend_execute_async_ts_us=1787575657265685 manager_to_backend_execute_async_us=11 submit_us=106 [16689,16702][transport_manager.cpp:674,ExecuteAsync]
[HIXL_QUERY_PERF] layer=comm_channel request=0x37 mutex_wait_us=0 check_us=0 lookup_us=1 flag_check_us=0 complete_us=1 total_us=2 transfer_status=1
[HIXL_QUERY_PERF] layer=adxl_inner request=0x37 context_us=1 req_lock_wait_us=0 lookup_us=0 channel_us=7 cleanup_us=0 total_us=8 status=0 transfer_status=1
[HIXL_QUERY_PERF] layer=comm_engine request=0x37 total_us=11 status=0 transfer_status=1
[2026-08-24 20:47:37.265826][UC][I] [QUERY_PERF] component=ucm layer=hixl_instance request=0x37 queue_wait_us=11 backend_us=13 run_post_us=10 total_us=34 api_status=0 transfer_status=1 [16689,16702][hixl_instance.cpp:342,GetTransferStatus]
[2026-08-24 20:47:37.265835][UC][I] [QUERY_PERF] component=ucm layer=hixl_transport handle=83 request=0x37 lifecycle_lock_us=0 pending_lock_wait_us=0 pending_lookup_us=0 instance_us=43 erase_us=0 total_us=43 transfer_status=1 [16689,16702][hixl_transport.cpp:734,GetStatus]
[2026-08-24 20:47:37.265840][UC][I] [QUERY_PERF] component=ucm layer=transport_manager handle=83 transport_handle=83 transfers_lock_wait_us=0 lookup_us=0 transport_us=48 total_us=48 api_status=0 transfer_status=1 [16689,16702][transport_manager.cpp:716,GetStatus]
[2026-08-24 20:47:37.265844][UC][I] [PERF] component=transport event=transfer_done manager=127.0.0.1:8000 target=127.0.0.1:4500 handle=83 transport_handle=83 opcode=1 direct=2 segments=1 bytes=10 status=1 api_status=0 submitted_ts_us=1787575657265780 completed_ts_us=1787575657265843 manager_get_status_ts_us=1787575657265791 backend_query_ts_us=1787575657265802 submit_us=106 transfer_us=63 manager_to_backend_query_us=11 total_us=169 [16689,16702][transport_manager.cpp:727,GetStatus]
[2026-08-24 20:47:37.265851][UC][I] [PERF] component=drampool event=request_done request_id=24 opcode=0 peer=127.0.0.1:4500 batch_size=2 data_bytes=0 failed_items=0 status=SUCCESS failed_stage=NONE received_ts_us=1787575657265492 worker_started_ts_us=1787575657265605 data_transfer_submitted_ts_us=0 data_transfer_completed_ts_us=0 response_submitted_ts_us=1787575657265790 completed_ts_us=1787575657265849 data_tm_execute_async_ts_us=0 data_hixl_execute_async_ts_us=0 data_tm_get_status_ts_us=0 data_hixl_query_handle_ts_us=0 response_tm_execute_async_ts_us=1787575657265674 response_hixl_execute_async_ts_us=1787575657265685 response_tm_get_status_ts_us=1787575657265791 response_hixl_query_handle_ts_us=1787575657265802 request_queue_us=114 metadata_prepare_us=0 taskworker_prepare_us=1 poller_queue_us=65 data_transfer_us=0 metadata_settle_us=0 response_slot_wait_us=66 response_submit_us=118 response_transfer_us=59 data_tm_to_hixl_execute_async_us=0 data_tm_to_hixl_query_handle_us=0 response_tm_to_hixl_execute_async_us=11 response_tm_to_hixl_query_handle_us=11 total_us=357 [16689,16702][completion_poller.cc:56,LogRequestDone]
[2026-08-24 20:47:37.399743][UC][E] TaskWorker ProcessOneRequest failed: -50000, DUMP response exceeds configured flag buffer slot size [16689,16703][task_worker.cc:52,Run]
[2026-08-24 20:47:37.399768][UC][E] TaskWorker ProcessOneRequest failed: -50000, DUMP response exceeds configured flag buffer slot size [16689,16703][task_worker.cc:52,Run]
[2026-08-24 20:47:37.399773][UC][E] TaskWorker ProcessOneRequest failed: -50000, DUMP response exceeds configured flag buffer slot size [16689,16703][task_worker.cc:52,Run]
[2026-08-24 20:47:37.399779][UC][E] TaskWorker ProcessOneRequest failed: -50000, DUMP response exceeds configured flag buffer slot size [16689,16703][task_worker.cc:52,Run]
[2026-08-24 20:47:37.399783][UC][E] TaskWorker ProcessOneRequest failed: -50000, DUMP response exceeds configured flag buffer slot size [16689,16703][task_worker.cc:52,Run]
[2026-08-24 20:47:37.399787][UC][E] TaskWorker ProcessOneRequest failed: -50000, DUMP response exceeds configured flag buffer slot size [16689,16703][task_worker.cc:52,Run]
[HIXL_PERF] event=hccl_batch op=0 desc_num=96 hccl_us=277 status=0
[HIXL_PERF] event=issue_hccl_batch op=0 list_num=96 total_us=291
[HIXL_PERF] event=issue_async_host_flag op=0 list_num=96 context_us=1 hccl_issue_us=293 flag_memcpy_us=6 total_us=300
[HIXL_PERF] event=comm_channel_async op=0 list_num=96 mutex_wait_us=0 slot_us=1 host_flag_us=1 record_us=0 issue_us=303 total_us=305
[HIXL_PERF] event=adxl_inner_async op=0 list_num=96 context_us=2 connect_us=0 get_channel_us=0 channel_async_us=308 tail_us=0 total_us=310
[HIXL_PERF] event=comm_engine_async op=0 list_num=96 desc_build_us=1 inner_us=312 total_us=313 status=0
[2026-08-24 20:47:37.400298][UC][I] [PERF] component=transport event=transfer_submitted manager=127.0.0.1:8000 target=127.0.0.1:4501 handle=84 transport_handle=84 opcode=0 direct=2 segments=96 bytes=7077888 submitted_ts_us=1787575657400296 manager_execute_async_ts_us=1787575657399934 backend_execute_async_ts_us=1787575657399962 manager_to_backend_execute_async_us=28 submit_us=357 [16689,16703][transport_manager.cpp:674,ExecuteAsync]
[HIXL_QUERY_PERF] layer=comm_channel request=0x38 mutex_wait_us=0 check_us=0 lookup_us=0 flag_check_us=0 complete_us=0 total_us=0 transfer_status=0
[HIXL_QUERY_PERF] layer=adxl_inner request=0x38 context_us=1 req_lock_wait_us=0 lookup_us=1 channel_us=9 cleanup_us=0 total_us=11 status=0 transfer_status=0
[HIXL_QUERY_PERF] layer=comm_engine request=0x38 total_us=14 status=0 transfer_status=0
[2026-08-24 20:47:37.400389][UC][I] [QUERY_PERF] component=ucm layer=hixl_instance request=0x38 queue_wait_us=11 backend_us=16 run_post_us=11 total_us=38 api_status=0 transfer_status=0 [16689,16702][hixl_instance.cpp:342,GetTransferStatus]
[2026-08-24 20:47:37.400397][UC][I] [QUERY_PERF] component=ucm layer=hixl_transport handle=84 request=0x38 lifecycle_lock_us=0 pending_lock_wait_us=0 pending_lookup_us=0 instance_us=47 erase_us=0 total_us=47 transfer_status=0 [16689,16702][hixl_transport.cpp:734,GetStatus]
[2026-08-24 20:47:37.400402][UC][I] [QUERY_PERF] component=ucm layer=transport_manager handle=84 transport_handle=84 transfers_lock_wait_us=0 lookup_us=1 transport_us=52 total_us=53 api_status=0 transfer_status=0 [16689,16702][transport_manager.cpp:716,GetStatus]
[HIXL_QUERY_PERF] layer=comm_channel request=0x38 mutex_wait_us=0 check_us=0 lookup_us=0 flag_check_us=0 complete_us=0 total_us=0 transfer_status=0
[HIXL_QUERY_PERF] layer=adxl_inner request=0x38 context_us=0 req_lock_wait_us=1 lookup_us=0 channel_us=6 cleanup_us=0 total_us=7 status=0 transfer_status=0
[HIXL_QUERY_PERF] layer=comm_engine request=0x38 total_us=10 status=0 transfer_status=0
[2026-08-24 20:47:37.400440][UC][I] [QUERY_PERF] component=ucm layer=hixl_instance request=0x38 queue_wait_us=10 backend_us=12 run_post_us=10 total_us=32 api_status=0 transfer_status=0 [16689,16702][hixl_instance.cpp:342,GetTransferStatus]
[2026-08-24 20:47:37.400449][UC][I] [QUERY_PERF] component=ucm layer=hixl_transport handle=84 request=0x38 lifecycle_lock_us=0 pending_lock_wait_us=0 pending_lookup_us=0 instance_us=41 erase_us=0 total_us=41 transfer_status=0 [16689,16702][hixl_transport.cpp:734,GetStatus]
[2026-08-24 20:47:37.400453][UC][I] [QUERY_PERF] component=ucm layer=transport_manager handle=84 transport_handle=84 transfers_lock_wait_us=0 lookup_us=1 transport_us=46 total_us=47 api_status=0 transfer_status=0 [16689,16702][transport_manager.cpp:716,GetStatus]
[HIXL_QUERY_PERF] layer=comm_channel request=0x38 mutex_wait_us=0 check_us=0 lookup_us=0 flag_check_us=0 complete_us=0 total_us=0 transfer_status=0
[HIXL_QUERY_PERF] layer=adxl_inner request=0x38 context_us=0 req_lock_wait_us=0 lookup_us=1 channel_us=10 cleanup_us=0 total_us=11 status=0 transfer_status=0
[HIXL_QUERY_PERF] layer=comm_engine request=0x38 total_us=13 status=0 transfer_status=0
[2026-08-24 20:47:37.400493][UC][I] [QUERY_PERF] component=ucm layer=hixl_instance request=0x38 queue_wait_us=10 backend_us=16 run_post_us=11 total_us=37 api_status=0 transfer_status=0 [16689,16702][hixl_instance.cpp:342,GetTransferStatus]
[2026-08-24 20:47:37.400501][UC][I] [QUERY_PERF] component=ucm layer=hixl_transport handle=84 request=0x38 lifecycle_lock_us=0 pending_lock_wait_us=0 pending_lookup_us=0 instance_us=45 erase_us=0 total_us=45 transfer_status=0 [16689,16702][hixl_transport.cpp:734,GetStatus]
[2026-08-24 20:47:37.400504][UC][I] [QUERY_PERF] component=ucm layer=transport_manager handle=84 transport_handle=84 transfers_lock_wait_us=0 lookup_us=0 transport_us=48 total_us=48 api_status=0 transfer_status=0 [16689,16702][transport_manager.cpp:716,GetStatus]
[HIXL_QUERY_PERF] layer=comm_channel request=0x38 mutex_wait_us=0 check_us=0 lookup_us=0 flag_check_us=0 complete_us=0 total_us=0 transfer_status=0
[HIXL_QUERY_PERF] layer=adxl_inner request=0x38 context_us=0 req_lock_wait_us=0 lookup_us=1 channel_us=5 cleanup_us=0 total_us=6 status=0 transfer_status=0
[HIXL_QUERY_PERF] layer=comm_engine request=0x38 total_us=9 status=0 transfer_status=0
[2026-08-24 20:47:37.400546][UC][I] [QUERY_PERF] component=ucm layer=hixl_instance request=0x38 queue_wait_us=10 backend_us=12 run_post_us=9 total_us=31 api_status=0 transfer_status=0 [16689,16702][hixl_instance.cpp:342,GetTransferStatus]
[2026-08-24 20:47:37.400556][UC][I] [QUERY_PERF] component=ucm layer=hixl_transport handle=84 request=0x38 lifecycle_lock_us=0 pending_lock_wait_us=0 pending_lookup_us=0 instance_us=42 erase_us=0 total_us=42 transfer_status=0 [16689,16702][hixl_transport.cpp:734,GetStatus]
[2026-08-24 20:47:37.400561][UC][I] [QUERY_PERF] component=ucm layer=transport_manager handle=84 transport_handle=84 transfers_lock_wait_us=0 lookup_us=0 transport_us=46 total_us=46 api_status=0 transfer_status=0 [16689,16702][transport_manager.cpp:716,GetStatus]
[HIXL_QUERY_PERF] layer=comm_channel request=0x38 mutex_wait_us=1 check_us=0 lookup_us=0 flag_check_us=0 complete_us=2 total_us=3 transfer_status=1
[HIXL_QUERY_PERF] layer=adxl_inner request=0x38 context_us=0 req_lock_wait_us=0 lookup_us=0 channel_us=18 cleanup_us=1 total_us=19 status=0 transfer_status=1
[HIXL_QUERY_PERF] layer=comm_engine request=0x38 total_us=22 status=0 transfer_status=1
[2026-08-24 20:47:37.400608][UC][I] [QUERY_PERF] component=ucm layer=hixl_instance request=0x38 queue_wait_us=10 backend_us=24 run_post_us=10 total_us=44 api_status=0 transfer_status=1 [16689,16702][hixl_instance.cpp:342,GetTransferStatus]
[2026-08-24 20:47:37.400623][UC][I] [QUERY_PERF] component=ucm layer=hixl_transport handle=84 request=0x38 lifecycle_lock_us=0 pending_lock_wait_us=0 pending_lookup_us=0 instance_us=57 erase_us=1 total_us=58 transfer_status=1 [16689,16702][hixl_transport.cpp:734,GetStatus]
[2026-08-24 20:47:37.400626][UC][I] [QUERY_PERF] component=ucm layer=transport_manager handle=84 transport_handle=84 transfers_lock_wait_us=0 lookup_us=0 transport_us=62 total_us=62 api_status=0 transfer_status=1 [16689,16702][transport_manager.cpp:716,GetStatus]
[2026-08-24 20:47:37.400630][UC][I] [PERF] component=transport event=transfer_done manager=127.0.0.1:8000 target=127.0.0.1:4501 handle=84 transport_handle=84 opcode=0 direct=2 segments=96 bytes=7077888 status=1 api_status=0 submitted_ts_us=1787575657400296 completed_ts_us=1787575657400629 manager_get_status_ts_us=1787575657400563 backend_query_ts_us=1787575657400574 submit_us=357 transfer_us=333 manager_to_backend_query_us=10 total_us=690 [16689,16702][transport_manager.cpp:727,GetStatus]
[HIXL_PERF] event=hccl_batch op=1 desc_num=1 hccl_us=65 status=0
[HIXL_PERF] event=issue_hccl_batch op=1 list_num=1 total_us=73
[HIXL_PERF] event=issue_async_host_flag op=1 list_num=1 context_us=1 hccl_issue_us=75 flag_memcpy_us=5 total_us=81
[HIXL_PERF] event=comm_channel_async op=1 list_num=1 mutex_wait_us=0 slot_us=1 host_flag_us=0 record_us=0 issue_us=84 total_us=85
[HIXL_PERF] event=adxl_inner_async op=1 list_num=1 context_us=1 connect_us=0 get_channel_us=0 channel_async_us=89 tail_us=0 total_us=90
[HIXL_PERF] event=comm_engine_async op=1 list_num=1 desc_build_us=0 inner_us=94 total_us=94 status=0
[2026-08-24 20:47:37.400792][UC][I] [PERF] component=transport event=transfer_submitted manager=127.0.0.1:8000 target=127.0.0.1:4501 handle=85 transport_handle=85 opcode=1 direct=2 segments=1 bytes=57 submitted_ts_us=1787575657400791 manager_execute_async_ts_us=1787575657400669 backend_execute_async_ts_us=1787575657400681 manager_to_backend_execute_async_us=12 submit_us=121 [16689,16702][transport_manager.cpp:674,ExecuteAsync]
[HIXL_QUERY_PERF] layer=comm_channel request=0x39 mutex_wait_us=0 check_us=0 lookup_us=0 flag_check_us=0 complete_us=1 total_us=1 transfer_status=1
[HIXL_QUERY_PERF] layer=adxl_inner request=0x39 context_us=1 req_lock_wait_us=0 lookup_us=1 channel_us=9 cleanup_us=1 total_us=12 status=0 transfer_status=1
[HIXL_QUERY_PERF] layer=comm_engine request=0x39 total_us=15 status=0 transfer_status=1
[2026-08-24 20:47:37.400838][UC][I] [QUERY_PERF] component=ucm layer=hixl_instance request=0x39 queue_wait_us=10 backend_us=17 run_post_us=9 total_us=36 api_status=0 transfer_status=1 [16689,16702][hixl_instance.cpp:342,GetTransferStatus]
[2026-08-24 20:47:37.400846][UC][I] [QUERY_PERF] component=ucm layer=hixl_transport handle=85 request=0x39 lifecycle_lock_us=0 pending_lock_wait_us=0 pending_lookup_us=1 instance_us=43 erase_us=0 total_us=44 transfer_status=1 [16689,16702][hixl_transport.cpp:734,GetStatus]
[2026-08-24 20:47:37.400849][UC][I] [QUERY_PERF] component=ucm layer=transport_manager handle=85 transport_handle=85 transfers_lock_wait_us=0 lookup_us=0 transport_us=48 total_us=48 api_status=0 transfer_status=1 [16689,16702][transport_manager.cpp:716,GetStatus]
[2026-08-24 20:47:37.400853][UC][I] [PERF] component=transport event=transfer_done manager=127.0.0.1:8000 target=127.0.0.1:4501 handle=85 transport_handle=85 opcode=1 direct=2 segments=1 bytes=57 status=1 api_status=0 submitted_ts_us=1787575657400791 completed_ts_us=1787575657400852 manager_get_status_ts_us=1787575657400801 backend_query_ts_us=1787575657400812 submit_us=121 transfer_us=61 manager_to_backend_query_us=11 total_us=182 [16689,16702][transport_manager.cpp:727,GetStatus]
[2026-08-24 20:47:37.400862][UC][I] [PERF] component=drampool event=request_done request_id=23 opcode=1 peer=127.0.0.1:4501 batch_size=96 data_bytes=7077888 failed_items=0 status=SUCCESS failed_stage=NONE received_ts_us=1787575657399765 worker_started_ts_us=1787575657399790 data_transfer_submitted_ts_us=1787575657400312 data_transfer_completed_ts_us=1787575657400634 response_submitted_ts_us=1787575657400800 completed_ts_us=1787575657400860 data_tm_execute_async_ts_us=1787575657399934 data_hixl_execute_async_ts_us=1787575657399962 data_tm_get_status_ts_us=1787575657400563 data_hixl_query_handle_ts_us=1787575657400574 response_tm_execute_async_ts_us=1787575657400669 response_hixl_execute_async_ts_us=1787575657400681 response_tm_get_status_ts_us=1787575657400801 response_hixl_query_handle_ts_us=1787575657400812 request_queue_us=25 metadata_prepare_us=138 taskworker_prepare_us=524 poller_queue_us=35 data_transfer_us=321 metadata_settle_us=33 response_slot_wait_us=1 response_submit_us=132 response_transfer_us=59 data_tm_to_hixl_execute_async_us=28 data_tm_to_hixl_query_handle_us=10 response_tm_to_hixl_execute_async_us=12 response_tm_to_hixl_query_handle_us=11 total_us=1095 [16689,16702][completion_poller.cc:56,LogRequestDone]
[HIXL_PERF] event=hccl_batch op=1 desc_num=1 hccl_us=304 status=0
[HIXL_PERF] event=issue_hccl_batch op=1 list_num=1 total_us=336
[HIXL_PERF] event=issue_async_host_flag op=1 list_num=1 context_us=1 hccl_issue_us=342 flag_memcpy_us=16 total_us=359
[HIXL_PERF] event=comm_channel_async op=1 list_num=1 mutex_wait_us=1 slot_us=2 host_flag_us=1 record_us=2 issue_us=362 total_us=368
[HIXL_PERF] event=adxl_inner_async op=1 list_num=1 context_us=15 connect_us=0 get_channel_us=5 channel_async_us=370 tail_us=2 total_us=392
[HIXL_PERF] event=comm_engine_async op=1 list_num=1 desc_build_us=1 inner_us=397 total_us=398 status=0
[2026-08-24 20:47:45.366542][UC][I] [PERF] component=transport event=transfer_submitted manager=127.0.0.1:8000 target=127.0.0.1:4500 handle=86 transport_handle=86 opcode=1 direct=2 segments=1 bytes=10 submitted_ts_us=1787575665366540 manager_execute_async_ts_us=1787575665366088 backend_execute_async_ts_us=1787575665366117 manager_to_backend_execute_async_us=29 submit_us=447 [16689,16702][transport_manager.cpp:674,ExecuteAsync]
[HIXL_QUERY_PERF] layer=comm_channel request=0x3a mutex_wait_us=0 check_us=1 lookup_us=1 flag_check_us=0 complete_us=6 total_us=8 transfer_status=1
[HIXL_QUERY_PERF] layer=adxl_inner request=0x3a context_us=1 req_lock_wait_us=0 lookup_us=2 channel_us=12 cleanup_us=2 total_us=17 status=0 transfer_status=1
[HIXL_QUERY_PERF] layer=comm_engine request=0x3a total_us=21 status=0 transfer_status=1
[2026-08-24 20:47:45.366621][UC][I] [QUERY_PERF] component=ucm layer=hixl_instance request=0x3a queue_wait_us=7 backend_us=24 run_post_us=5 total_us=36 api_status=0 transfer_status=1 [16689,16702][hixl_instance.cpp:342,GetTransferStatus]
[2026-08-24 20:47:45.366628][UC][I] [QUERY_PERF] component=ucm layer=hixl_transport handle=86 request=0x3a lifecycle_lock_us=0 pending_lock_wait_us=0 pending_lookup_us=0 instance_us=41 erase_us=1 total_us=42 transfer_status=1 [16689,16702][hixl_transport.cpp:734,GetStatus]
[2026-08-24 20:47:45.366633][UC][I] [QUERY_PERF] component=ucm layer=transport_manager handle=86 transport_handle=86 transfers_lock_wait_us=0 lookup_us=1 transport_us=48 total_us=49 api_status=0 transfer_status=1 [16689,16702][transport_manager.cpp:716,GetStatus]
[2026-08-24 20:47:45.366637][UC][I] [PERF] component=transport event=transfer_done manager=127.0.0.1:8000 target=127.0.0.1:4500 handle=86 transport_handle=86 opcode=1 direct=2 segments=1 bytes=10 status=1 api_status=0 submitted_ts_us=1787575665366540 completed_ts_us=1787575665366636 manager_get_status_ts_us=1787575665366583 backend_query_ts_us=1787575665366591 submit_us=447 transfer_us=96 manager_to_backend_query_us=8 total_us=543 [16689,16702][transport_manager.cpp:727,GetStatus]
[2026-08-24 20:47:45.366659][UC][I] [PERF] component=drampool event=request_done request_id=25 opcode=0 peer=127.0.0.1:4500 batch_size=2 data_bytes=0 failed_items=0 status=SUCCESS failed_stage=NONE received_ts_us=1787575665365904 worker_started_ts_us=1787575665365930 data_transfer_submitted_ts_us=0 data_transfer_completed_ts_us=0 response_submitted_ts_us=1787575665366581 completed_ts_us=1787575665366655 data_tm_execute_async_ts_us=0 data_hixl_execute_async_ts_us=0 data_tm_get_status_ts_us=0 data_hixl_query_handle_ts_us=0 response_tm_execute_async_ts_us=1787575665366088 response_hixl_execute_async_ts_us=1787575665366117 response_tm_get_status_ts_us=1787575665366583 response_hixl_query_handle_ts_us=1787575665366591 request_queue_us=26 metadata_prepare_us=2 taskworker_prepare_us=11 poller_queue_us=136 data_transfer_us=0 metadata_settle_us=0 response_slot_wait_us=141 response_submit_us=501 response_transfer_us=72 data_tm_to_hixl_execute_async_us=0 data_tm_to_hixl_query_handle_us=0 response_tm_to_hixl_execute_async_us=29 response_tm_to_hixl_query_handle_us=8 total_us=752 [16689,16702][completion_poller.cc:56,LogRequestDone]
[HIXL_PERF] event=hccl_batch op=1 desc_num=1 hccl_us=246 status=0
[HIXL_PERF] event=issue_hccl_batch op=1 list_num=1 total_us=254
[HIXL_PERF] event=issue_async_host_flag op=1 list_num=1 context_us=0 hccl_issue_us=257 flag_memcpy_us=7 total_us=264
[HIXL_PERF] event=comm_channel_async op=1 list_num=1 mutex_wait_us=0 slot_us=0 host_flag_us=1 record_us=0 issue_us=267 total_us=268
[HIXL_PERF] event=adxl_inner_async op=1 list_num=1 context_us=0 connect_us=0 get_channel_us=1 channel_async_us=270 tail_us=1 total_us=272
[HIXL_PERF] event=comm_engine_async op=1 list_num=1 desc_build_us=1 inner_us=275 total_us=276 status=0
[2026-08-24 20:47:45.367570][UC][I] [PERF] component=transport event=transfer_submitted manager=127.0.0.1:8000 target=127.0.0.1:4500 handle=87 transport_handle=87 opcode=1 direct=2 segments=1 bytes=10 submitted_ts_us=1787575665367569 manager_execute_async_ts_us=1787575665367276 backend_execute_async_ts_us=1787575665367282 manager_to_backend_execute_async_us=6 submit_us=292 [16689,16702][transport_manager.cpp:674,ExecuteAsync]
[HIXL_QUERY_PERF] layer=comm_channel request=0x3b mutex_wait_us=0 check_us=0 lookup_us=0 flag_check_us=1 complete_us=2 total_us=3 transfer_status=1
[HIXL_QUERY_PERF] layer=adxl_inner request=0x3b context_us=1 req_lock_wait_us=0 lookup_us=1 channel_us=6 cleanup_us=0 total_us=8 status=0 transfer_status=1
[HIXL_QUERY_PERF] layer=comm_engine request=0x3b total_us=11 status=0 transfer_status=1
[2026-08-24 20:47:45.367610][UC][I] [QUERY_PERF] component=ucm layer=hixl_instance request=0x3b queue_wait_us=5 backend_us=13 run_post_us=4 total_us=22 api_status=0 transfer_status=1 [16689,16702][hixl_instance.cpp:342,GetTransferStatus]
[2026-08-24 20:47:45.367615][UC][I] [QUERY_PERF] component=ucm layer=hixl_transport handle=87 request=0x3b lifecycle_lock_us=0 pending_lock_wait_us=0 pending_lookup_us=0 instance_us=27 erase_us=0 total_us=27 transfer_status=1 [16689,16702][hixl_transport.cpp:734,GetStatus]
[2026-08-24 20:47:45.367618][UC][I] [QUERY_PERF] component=ucm layer=transport_manager handle=87 transport_handle=87 transfers_lock_wait_us=0 lookup_us=0 transport_us=31 total_us=31 api_status=0 transfer_status=1 [16689,16702][transport_manager.cpp:716,GetStatus]
[2026-08-24 20:47:45.367622][UC][I] [PERF] component=transport event=transfer_done manager=127.0.0.1:8000 target=127.0.0.1:4500 handle=87 transport_handle=87 opcode=1 direct=2 segments=1 bytes=10 status=1 api_status=0 submitted_ts_us=1787575665367569 completed_ts_us=1787575665367621 manager_get_status_ts_us=1787575665367586 backend_query_ts_us=1787575665367592 submit_us=292 transfer_us=52 manager_to_backend_query_us=5 total_us=344 [16689,16702][transport_manager.cpp:727,GetStatus]
[2026-08-24 20:47:45.367628][UC][I] [PERF] component=drampool event=request_done request_id=26 opcode=0 peer=127.0.0.1:4500 batch_size=2 data_bytes=0 failed_items=0 status=SUCCESS failed_stage=NONE received_ts_us=1787575665367012 worker_started_ts_us=1787575665367158 data_transfer_submitted_ts_us=0 data_transfer_completed_ts_us=0 response_submitted_ts_us=1787575665367586 completed_ts_us=1787575665367626 data_tm_execute_async_ts_us=0 data_hixl_execute_async_ts_us=0 data_tm_get_status_ts_us=0 data_hixl_query_handle_ts_us=0 response_tm_execute_async_ts_us=1787575665367276 response_hixl_execute_async_ts_us=1787575665367282 response_tm_get_status_ts_us=1787575665367586 response_hixl_query_handle_ts_us=1787575665367592 request_queue_us=145 metadata_prepare_us=0 taskworker_prepare_us=2 poller_queue_us=114 data_transfer_us=0 metadata_settle_us=0 response_slot_wait_us=114 response_submit_us=312 response_transfer_us=39 data_tm_to_hixl_execute_async_us=0 data_tm_to_hixl_query_handle_us=0 response_tm_to_hixl_execute_async_us=6 response_tm_to_hixl_query_handle_us=5 total_us=613 [16689,16702][completion_poller.cc:56,LogRequestDone]
[HIXL_PERF] event=hccl_batch op=1 desc_num=1 hccl_us=71 status=0
[HIXL_PERF] event=issue_hccl_batch op=1 list_num=1 total_us=81
[HIXL_PERF] event=issue_async_host_flag op=1 list_num=1 context_us=0 hccl_issue_us=83 flag_memcpy_us=6 total_us=89
[HIXL_PERF] event=comm_channel_async op=1 list_num=1 mutex_wait_us=0 slot_us=0 host_flag_us=1 record_us=0 issue_us=91 total_us=92
[HIXL_PERF] event=adxl_inner_async op=1 list_num=1 context_us=1 connect_us=0 get_channel_us=0 channel_async_us=94 tail_us=0 total_us=95
[HIXL_PERF] event=comm_engine_async op=1 list_num=1 desc_build_us=0 inner_us=98 total_us=98 status=0
[2026-08-24 20:47:45.368208][UC][I] [PERF] component=transport event=transfer_submitted manager=127.0.0.1:8000 target=127.0.0.1:4500 handle=88 transport_handle=88 opcode=1 direct=2 segments=1 bytes=10 submitted_ts_us=1787575665368207 manager_execute_async_ts_us=1787575665368093 backend_execute_async_ts_us=1787575665368098 manager_to_backend_execute_async_us=6 submit_us=115 [16689,16702][transport_manager.cpp:674,ExecuteAsync]
[HIXL_QUERY_PERF] layer=comm_channel request=0x3c mutex_wait_us=0 check_us=0 lookup_us=0 flag_check_us=0 complete_us=2 total_us=2 transfer_status=1
[HIXL_QUERY_PERF] layer=adxl_inner request=0x3c context_us=1 req_lock_wait_us=0 lookup_us=1 channel_us=5 cleanup_us=0 total_us=7 status=0 transfer_status=1
[HIXL_QUERY_PERF] layer=comm_engine request=0x3c total_us=10 status=0 transfer_status=1
[2026-08-24 20:47:45.368234][UC][I] [QUERY_PERF] component=ucm layer=hixl_instance request=0x3c queue_wait_us=4 backend_us=12 run_post_us=3 total_us=19 api_status=0 transfer_status=1 [16689,16702][hixl_instance.cpp:342,GetTransferStatus]
[2026-08-24 20:47:45.368239][UC][I] [QUERY_PERF] component=ucm layer=hixl_transport handle=88 request=0x3c lifecycle_lock_us=0 pending_lock_wait_us=0 pending_lookup_us=1 instance_us=24 erase_us=0 total_us=25 transfer_status=1 [16689,16702][hixl_transport.cpp:734,GetStatus]
[2026-08-24 20:47:45.368242][UC][I] [QUERY_PERF] component=ucm layer=transport_manager handle=88 transport_handle=88 transfers_lock_wait_us=0 lookup_us=0 transport_us=28 total_us=28 api_status=0 transfer_status=1 [16689,16702][transport_manager.cpp:716,GetStatus]
[2026-08-24 20:47:45.368245][UC][I] [PERF] component=transport event=transfer_done manager=127.0.0.1:8000 target=127.0.0.1:4500 handle=88 transport_handle=88 opcode=1 direct=2 segments=1 bytes=10 status=1 api_status=0 submitted_ts_us=1787575665368207 completed_ts_us=1787575665368244 manager_get_status_ts_us=1787575665368213 backend_query_ts_us=1787575665368218 submit_us=115 transfer_us=37 manager_to_backend_query_us=5 total_us=152 [16689,16702][transport_manager.cpp:727,GetStatus]
[2026-08-24 20:47:45.368256][UC][I] [PERF] component=drampool event=request_done request_id=27 opcode=0 peer=127.0.0.1:4500 batch_size=2 data_bytes=0 failed_items=0 status=SUCCESS failed_stage=NONE received_ts_us=1787575665367954 worker_started_ts_us=1787575665368075 data_transfer_submitted_ts_us=0 data_transfer_completed_ts_us=0 response_submitted_ts_us=1787575665368212 completed_ts_us=1787575665368254 data_tm_execute_async_ts_us=0 data_hixl_execute_async_ts_us=0 data_tm_get_status_ts_us=0 data_hixl_query_handle_ts_us=0 response_tm_execute_async_ts_us=1787575665368093 response_hixl_execute_async_ts_us=1787575665368098 response_tm_get_status_ts_us=1787575665368213 response_hixl_query_handle_ts_us=1787575665368218 request_queue_us=121 metadata_prepare_us=0 taskworker_prepare_us=3 poller_queue_us=13 data_transfer_us=0 metadata_settle_us=0 response_slot_wait_us=14 response_submit_us=121 response_transfer_us=41 data_tm_to_hixl_execute_async_us=0 data_tm_to_hixl_query_handle_us=0 response_tm_to_hixl_execute_async_us=6 response_tm_to_hixl_query_handle_us=5 total_us=300 [16689,16702][completion_poller.cc:56,LogRequestDone]
[HIXL_PERF] event=hccl_batch op=1 desc_num=1 hccl_us=65 status=0
[HIXL_PERF] event=issue_hccl_batch op=1 list_num=1 total_us=70
[HIXL_PERF] event=issue_async_host_flag op=1 list_num=1 context_us=0 hccl_issue_us=72 flag_memcpy_us=5 total_us=77
[HIXL_PERF] event=comm_channel_async op=1 list_num=1 mutex_wait_us=1 slot_us=0 host_flag_us=0 record_us=0 issue_us=80 total_us=81
[HIXL_PERF] event=adxl_inner_async op=1 list_num=1 context_us=1 connect_us=0 get_channel_us=0 channel_async_us=82 tail_us=1 total_us=84
[HIXL_PERF] event=comm_engine_async op=1 list_num=1 desc_build_us=0 inner_us=86 total_us=86 status=0
[2026-08-24 20:47:45.368674][UC][I] [PERF] component=transport event=transfer_submitted manager=127.0.0.1:8000 target=127.0.0.1:4500 handle=89 transport_handle=89 opcode=1 direct=2 segments=1 bytes=10 submitted_ts_us=1787575665368673 manager_execute_async_ts_us=1787575665368572 backend_execute_async_ts_us=1787575665368578 manager_to_backend_execute_async_us=7 submit_us=101 [16689,16702][transport_manager.cpp:674,ExecuteAsync]
[HIXL_QUERY_PERF] layer=comm_channel request=0x3d mutex_wait_us=0 check_us=0 lookup_us=0 flag_check_us=0 complete_us=0 total_us=0 transfer_status=0
[HIXL_QUERY_PERF] layer=adxl_inner request=0x3d context_us=0 req_lock_wait_us=0 lookup_us=1 channel_us=3 cleanup_us=0 total_us=4 status=0 transfer_status=0
[HIXL_QUERY_PERF] layer=comm_engine request=0x3d total_us=7 status=0 transfer_status=0
[2026-08-24 20:47:45.368698][UC][I] [QUERY_PERF] component=ucm layer=hixl_instance request=0x3d queue_wait_us=4 backend_us=9 run_post_us=4 total_us=17 api_status=0 transfer_status=0 [16689,16702][hixl_instance.cpp:342,GetTransferStatus]
[2026-08-24 20:47:45.368703][UC][I] [QUERY_PERF] component=ucm layer=hixl_transport handle=89 request=0x3d lifecycle_lock_us=0 pending_lock_wait_us=0 pending_lookup_us=0 instance_us=21 erase_us=0 total_us=21 transfer_status=0 [16689,16702][hixl_transport.cpp:734,GetStatus]
[2026-08-24 20:47:45.368706][UC][I] [QUERY_PERF] component=ucm layer=transport_manager handle=89 transport_handle=89 transfers_lock_wait_us=0 lookup_us=0 transport_us=25 total_us=25 api_status=0 transfer_status=0 [16689,16702][transport_manager.cpp:716,GetStatus]
[HIXL_QUERY_PERF] layer=comm_channel request=0x3d mutex_wait_us=1 check_us=0 lookup_us=0 flag_check_us=0 complete_us=1 total_us=2 transfer_status=1
[HIXL_QUERY_PERF] layer=adxl_inner request=0x3d context_us=1 req_lock_wait_us=0 lookup_us=0 channel_us=5 cleanup_us=0 total_us=6 status=0 transfer_status=1
[HIXL_QUERY_PERF] layer=comm_engine request=0x3d total_us=9 status=0 transfer_status=1
[2026-08-24 20:47:45.368728][UC][I] [QUERY_PERF] component=ucm layer=hixl_instance request=0x3d queue_wait_us=3 backend_us=11 run_post_us=4 total_us=18 api_status=0 transfer_status=1 [16689,16702][hixl_instance.cpp:342,GetTransferStatus]
[2026-08-24 20:47:45.368733][UC][I] [QUERY_PERF] component=ucm layer=hixl_transport handle=89 request=0x3d lifecycle_lock_us=0 pending_lock_wait_us=0 pending_lookup_us=0 instance_us=23 erase_us=0 total_us=23 transfer_status=1 [16689,16702][hixl_transport.cpp:734,GetStatus]
[2026-08-24 20:47:45.368736][UC][I] [QUERY_PERF] component=ucm layer=transport_manager handle=89 transport_handle=89 transfers_lock_wait_us=0 lookup_us=0 transport_us=27 total_us=27 api_status=0 transfer_status=1 [16689,16702][transport_manager.cpp:716,GetStatus]
[2026-08-24 20:47:45.368740][UC][I] [PERF] component=transport event=transfer_done manager=127.0.0.1:8000 target=127.0.0.1:4500 handle=89 transport_handle=89 opcode=1 direct=2 segments=1 bytes=10 status=1 api_status=0 submitted_ts_us=1787575665368673 completed_ts_us=1787575665368739 manager_get_status_ts_us=1787575665368709 backend_query_ts_us=1787575665368713 submit_us=101 transfer_us=65 manager_to_backend_query_us=4 total_us=166 [16689,16702][transport_manager.cpp:727,GetStatus]
[2026-08-24 20:47:45.368747][UC][I] [PERF] component=drampool event=request_done request_id=28 opcode=0 peer=127.0.0.1:4500 batch_size=2 data_bytes=0 failed_items=0 status=SUCCESS failed_stage=NONE received_ts_us=1787575665368465 worker_started_ts_us=1787575665368535 data_transfer_submitted_ts_us=0 data_transfer_completed_ts_us=0 response_submitted_ts_us=1787575665368680 completed_ts_us=1787575665368745 data_tm_execute_async_ts_us=0 data_hixl_execute_async_ts_us=0 data_tm_get_status_ts_us=0 data_hixl_query_handle_ts_us=0 response_tm_execute_async_ts_us=1787575665368572 response_hixl_execute_async_ts_us=1787575665368578 response_tm_get_status_ts_us=1787575665368709 response_hixl_query_handle_ts_us=1787575665368713 request_queue_us=70 metadata_prepare_us=0 taskworker_prepare_us=1 poller_queue_us=34 data_transfer_us=0 metadata_settle_us=0 response_slot_wait_us=34 response_submit_us=110 response_transfer_us=65 data_tm_to_hixl_execute_async_us=0 data_tm_to_hixl_query_handle_us=0 response_tm_to_hixl_execute_async_us=7 response_tm_to_hixl_query_handle_us=4 total_us=280 [16689,16702][completion_poller.cc:56,LogRequestDone]
[HIXL_PERF] event=hccl_batch op=1 desc_num=1 hccl_us=62 status=0
[HIXL_PERF] event=issue_hccl_batch op=1 list_num=1 total_us=70
[HIXL_PERF] event=issue_async_host_flag op=1 list_num=1 context_us=0 hccl_issue_us=72 flag_memcpy_us=5 total_us=77
[HIXL_PERF] event=comm_channel_async op=1 list_num=1 mutex_wait_us=0 slot_us=1 host_flag_us=0 record_us=0 issue_us=80 total_us=81
[HIXL_PERF] event=adxl_inner_async op=1 list_num=1 context_us=1 connect_us=0 get_channel_us=0 channel_async_us=85 tail_us=0 total_us=86
[HIXL_PERF] event=comm_engine_async op=1 list_num=1 desc_build_us=0 inner_us=89 total_us=89 status=0
[2026-08-24 20:47:45.369164][UC][I] [PERF] component=transport event=transfer_submitted manager=127.0.0.1:8000 target=127.0.0.1:4500 handle=90 transport_handle=90 opcode=1 direct=2 segments=1 bytes=10 submitted_ts_us=1787575665369163 manager_execute_async_ts_us=1787575665369060 backend_execute_async_ts_us=1787575665369065 manager_to_backend_execute_async_us=5 submit_us=103 [16689,16702][transport_manager.cpp:674,ExecuteAsync]
[HIXL_QUERY_PERF] layer=comm_channel request=0x3e mutex_wait_us=0 check_us=1 lookup_us=0 flag_check_us=0 complete_us=1 total_us=2 transfer_status=1
[HIXL_QUERY_PERF] layer=adxl_inner request=0x3e context_us=1 req_lock_wait_us=0 lookup_us=0 channel_us=6 cleanup_us=0 total_us=7 status=0 transfer_status=1
[HIXL_QUERY_PERF] layer=comm_engine request=0x3e total_us=11 status=0 transfer_status=1
[2026-08-24 20:47:45.369192][UC][I] [QUERY_PERF] component=ucm layer=hixl_instance request=0x3e queue_wait_us=4 backend_us=14 run_post_us=3 total_us=21 api_status=0 transfer_status=1 [16689,16702][hixl_instance.cpp:342,GetTransferStatus]
[2026-08-24 20:47:45.369198][UC][I] [QUERY_PERF] component=ucm layer=hixl_transport handle=90 request=0x3e lifecycle_lock_us=0 pending_lock_wait_us=0 pending_lookup_us=0 instance_us=27 erase_us=0 total_us=27 transfer_status=1 [16689,16702][hixl_transport.cpp:734,GetStatus]
[2026-08-24 20:47:45.369201][UC][I] [QUERY_PERF] component=ucm layer=transport_manager handle=90 transport_handle=90 transfers_lock_wait_us=1 lookup_us=0 transport_us=31 total_us=32 api_status=0 transfer_status=1 [16689,16702][transport_manager.cpp:716,GetStatus]
[2026-08-24 20:47:45.369204][UC][I] [PERF] component=transport event=transfer_done manager=127.0.0.1:8000 target=127.0.0.1:4500 handle=90 transport_handle=90 opcode=1 direct=2 segments=1 bytes=10 status=1 api_status=0 submitted_ts_us=1787575665369163 completed_ts_us=1787575665369203 manager_get_status_ts_us=1787575665369169 backend_query_ts_us=1787575665369174 submit_us=103 transfer_us=40 manager_to_backend_query_us=5 total_us=143 [16689,16702][transport_manager.cpp:727,GetStatus]
[2026-08-24 20:47:45.369211][UC][I] [PERF] component=drampool event=request_done request_id=29 opcode=0 peer=127.0.0.1:4500 batch_size=2 data_bytes=0 failed_items=0 status=SUCCESS failed_stage=NONE received_ts_us=1787575665368971 worker_started_ts_us=1787575665368995 data_transfer_submitted_ts_us=0 data_transfer_completed_ts_us=0 response_submitted_ts_us=1787575665369169 completed_ts_us=1787575665369209 data_tm_execute_async_ts_us=0 data_hixl_execute_async_ts_us=0 data_tm_get_status_ts_us=0 data_hixl_query_handle_ts_us=0 response_tm_execute_async_ts_us=1787575665369060 response_hixl_execute_async_ts_us=1787575665369065 response_tm_get_status_ts_us=1787575665369169 response_hixl_query_handle_ts_us=1787575665369174 request_queue_us=23 metadata_prepare_us=1 taskworker_prepare_us=2 poller_queue_us=62 data_transfer_us=0 metadata_settle_us=0 response_slot_wait_us=63 response_submit_us=110 response_transfer_us=40 data_tm_to_hixl_execute_async_us=0 data_tm_to_hixl_query_handle_us=0 response_tm_to_hixl_execute_async_us=5 response_tm_to_hixl_query_handle_us=5 total_us=238 [16689,16702][completion_poller.cc:56,LogRequestDone]
[HIXL_PERF] event=hccl_batch op=1 desc_num=1 hccl_us=59 status=0
[HIXL_PERF] event=issue_hccl_batch op=1 list_num=1 total_us=66
[HIXL_PERF] event=issue_async_host_flag op=1 list_num=1 context_us=0 hccl_issue_us=68 flag_memcpy_us=5 total_us=73
[HIXL_PERF] event=comm_channel_async op=1 list_num=1 mutex_wait_us=0 slot_us=0 host_flag_us=1 record_us=0 issue_us=78 total_us=79
[HIXL_PERF] event=adxl_inner_async op=1 list_num=1 context_us=1 connect_us=0 get_channel_us=0 channel_async_us=82 tail_us=0 total_us=83
[HIXL_PERF] event=comm_engine_async op=1 list_num=1 desc_build_us=0 inner_us=86 total_us=86 status=0
[2026-08-24 20:47:45.369621][UC][I] [PERF] component=transport event=transfer_submitted manager=127.0.0.1:8000 target=127.0.0.1:4500 handle=91 transport_handle=91 opcode=1 direct=2 segments=1 bytes=10 submitted_ts_us=1787575665369620 manager_execute_async_ts_us=1787575665369521 backend_execute_async_ts_us=1787575665369526 manager_to_backend_execute_async_us=5 submit_us=98 [16689,16702][transport_manager.cpp:674,ExecuteAsync]
[HIXL_QUERY_PERF] layer=comm_channel request=0x3f mutex_wait_us=0 check_us=0 lookup_us=1 flag_check_us=0 complete_us=0 total_us=1 transfer_status=0
[HIXL_QUERY_PERF] layer=adxl_inner request=0x3f context_us=1 req_lock_wait_us=0 lookup_us=0 channel_us=6 cleanup_us=0 total_us=7 status=0 transfer_status=0
[HIXL_QUERY_PERF] layer=comm_engine request=0x3f total_us=9 status=0 transfer_status=0
[2026-08-24 20:47:45.369646][UC][I] [QUERY_PERF] component=ucm layer=hixl_instance request=0x3f queue_wait_us=4 backend_us=11 run_post_us=3 total_us=18 api_status=0 transfer_status=0 [16689,16702][hixl_instance.cpp:342,GetTransferStatus]
[2026-08-24 20:47:45.369654][UC][I] [QUERY_PERF] component=ucm layer=hixl_transport handle=91 request=0x3f lifecycle_lock_us=1 pending_lock_wait_us=0 pending_lookup_us=0 instance_us=27 erase_us=0 total_us=28 transfer_status=0 [16689,16702][hixl_transport.cpp:734,GetStatus]
[2026-08-24 20:47:45.369659][UC][I] [QUERY_PERF] component=ucm layer=transport_manager handle=91 transport_handle=91 transfers_lock_wait_us=0 lookup_us=0 transport_us=33 total_us=33 api_status=0 transfer_status=0 [16689,16702][transport_manager.cpp:716,GetStatus]
[HIXL_QUERY_PERF] layer=comm_channel request=0x3f mutex_wait_us=0 check_us=0 lookup_us=0 flag_check_us=0 complete_us=2 total_us=2 transfer_status=1
[HIXL_QUERY_PERF] layer=adxl_inner request=0x3f context_us=0 req_lock_wait_us=1 lookup_us=0 channel_us=5 cleanup_us=0 total_us=6 status=0 transfer_status=1
[HIXL_QUERY_PERF] layer=comm_engine request=0x3f total_us=9 status=0 transfer_status=1
[2026-08-24 20:47:45.369681][UC][I] [QUERY_PERF] component=ucm layer=hixl_instance request=0x3f queue_wait_us=4 backend_us=10 run_post_us=4 total_us=18 api_status=0 transfer_status=1 [16689,16702][hixl_instance.cpp:342,GetTransferStatus]
[2026-08-24 20:47:45.369689][UC][I] [QUERY_PERF] component=ucm layer=hixl_transport handle=91 request=0x3f lifecycle_lock_us=0 pending_lock_wait_us=0 pending_lookup_us=0 instance_us=25 erase_us=0 total_us=25 transfer_status=1 [16689,16702][hixl_transport.cpp:734,GetStatus]
[2026-08-24 20:47:45.369694][UC][I] [QUERY_PERF] component=ucm layer=transport_manager handle=91 transport_handle=91 transfers_lock_wait_us=0 lookup_us=0 transport_us=30 total_us=30 api_status=0 transfer_status=1 [16689,16702][transport_manager.cpp:716,GetStatus]
[2026-08-24 20:47:45.369699][UC][I] [PERF] component=transport event=transfer_done manager=127.0.0.1:8000 target=127.0.0.1:4500 handle=91 transport_handle=91 opcode=1 direct=2 segments=1 bytes=10 status=1 api_status=0 submitted_ts_us=1787575665369620 completed_ts_us=1787575665369698 manager_get_status_ts_us=1787575665369662 backend_query_ts_us=1787575665369667 submit_us=98 transfer_us=78 manager_to_backend_query_us=4 total_us=176 [16689,16702][transport_manager.cpp:727,GetStatus]
[2026-08-24 20:47:45.369704][UC][I] [PERF] component=drampool event=request_done request_id=30 opcode=0 peer=127.0.0.1:4500 batch_size=2 data_bytes=0 failed_items=0 status=SUCCESS failed_stage=NONE received_ts_us=1787575665369444 worker_started_ts_us=1787575665369454 data_transfer_submitted_ts_us=0 data_transfer_completed_ts_us=0 response_submitted_ts_us=1787575665369625 completed_ts_us=1787575665369702 data_tm_execute_async_ts_us=0 data_hixl_execute_async_ts_us=0 data_tm_get_status_ts_us=0 data_hixl_query_handle_ts_us=0 response_tm_execute_async_ts_us=1787575665369521 response_hixl_execute_async_ts_us=1787575665369526 response_tm_get_status_ts_us=1787575665369662 response_hixl_query_handle_ts_us=1787575665369667 request_queue_us=10 metadata_prepare_us=1 taskworker_prepare_us=2 poller_queue_us=64 data_transfer_us=0 metadata_settle_us=0 response_slot_wait_us=65 response_submit_us=106 response_transfer_us=76 data_tm_to_hixl_execute_async_us=0 data_tm_to_hixl_query_handle_us=0 response_tm_to_hixl_execute_async_us=5 response_tm_to_hixl_query_handle_us=4 total_us=258 [16689,16702][completion_poller.cc:56,LogRequestDone]
[HIXL_PERF] event=hccl_batch op=1 desc_num=1 hccl_us=56 status=0
[HIXL_PERF] event=issue_hccl_batch op=1 list_num=1 total_us=63
[HIXL_PERF] event=issue_async_host_flag op=1 list_num=1 context_us=0 hccl_issue_us=64 flag_memcpy_us=5 total_us=69
[HIXL_PERF] event=comm_channel_async op=1 list_num=1 mutex_wait_us=0 slot_us=0 host_flag_us=1 record_us=0 issue_us=73 total_us=74
[HIXL_PERF] event=adxl_inner_async op=1 list_num=1 context_us=1 connect_us=0 get_channel_us=0 channel_async_us=77 tail_us=1 total_us=79
[HIXL_PERF] event=comm_engine_async op=1 list_num=1 desc_build_us=0 inner_us=82 total_us=82 status=0
[2026-08-24 20:47:45.370262][UC][I] [PERF] component=transport event=transfer_submitted manager=127.0.0.1:8000 target=127.0.0.1:4500 handle=92 transport_handle=92 opcode=1 direct=2 segments=1 bytes=10 submitted_ts_us=1787575665370261 manager_execute_async_ts_us=1787575665370165 backend_execute_async_ts_us=1787575665370170 manager_to_backend_execute_async_us=6 submit_us=95 [16689,16702][transport_manager.cpp:674,ExecuteAsync]
[HIXL_QUERY_PERF] layer=comm_channel request=0x40 mutex_wait_us=0 check_us=0 lookup_us=0 flag_check_us=1 complete_us=1 total_us=2 transfer_status=1
[HIXL_QUERY_PERF] layer=adxl_inner request=0x40 context_us=1 req_lock_wait_us=0 lookup_us=0 channel_us=5 cleanup_us=0 total_us=6 status=0 transfer_status=1
[HIXL_QUERY_PERF] layer=comm_engine request=0x40 total_us=8 status=0 transfer_status=1
[2026-08-24 20:47:45.370286][UC][I] [QUERY_PERF] component=ucm layer=hixl_instance request=0x40 queue_wait_us=5 backend_us=10 run_post_us=3 total_us=18 api_status=0 transfer_status=1 [16689,16702][hixl_instance.cpp:342,GetTransferStatus]
[2026-08-24 20:47:45.370292][UC][I] [QUERY_PERF] component=ucm layer=hixl_transport handle=92 request=0x40 lifecycle_lock_us=0 pending_lock_wait_us=0 pending_lookup_us=0 instance_us=24 erase_us=0 total_us=24 transfer_status=1 [16689,16702][hixl_transport.cpp:734,GetStatus]
[2026-08-24 20:47:45.370298][UC][I] [QUERY_PERF] component=ucm layer=transport_manager handle=92 transport_handle=92 transfers_lock_wait_us=0 lookup_us=0 transport_us=30 total_us=30 api_status=0 transfer_status=1 [16689,16702][transport_manager.cpp:716,GetStatus]
[2026-08-24 20:47:45.370304][UC][I] [PERF] component=transport event=transfer_done manager=127.0.0.1:8000 target=127.0.0.1:4500 handle=92 transport_handle=92 opcode=1 direct=2 segments=1 bytes=10 status=1 api_status=0 submitted_ts_us=1787575665370261 completed_ts_us=1787575665370303 manager_get_status_ts_us=1787575665370267 backend_query_ts_us=1787575665370272 submit_us=95 transfer_us=42 manager_to_backend_query_us=5 total_us=137 [16689,16702][transport_manager.cpp:727,GetStatus]
[2026-08-24 20:47:45.370310][UC][I] [PERF] component=drampool event=request_done request_id=31 opcode=0 peer=127.0.0.1:4500 batch_size=2 data_bytes=0 failed_items=0 status=SUCCESS failed_stage=NONE received_ts_us=1787575665369923 worker_started_ts_us=1787575665370064 data_transfer_submitted_ts_us=0 data_transfer_completed_ts_us=0 response_submitted_ts_us=1787575665370266 completed_ts_us=1787575665370309 data_tm_execute_async_ts_us=0 data_hixl_execute_async_ts_us=0 data_tm_get_status_ts_us=0 data_hixl_query_handle_ts_us=0 response_tm_execute_async_ts_us=1787575665370165 response_hixl_execute_async_ts_us=1787575665370170 response_tm_get_status_ts_us=1787575665370267 response_hixl_query_handle_ts_us=1787575665370272 request_queue_us=141 metadata_prepare_us=0 taskworker_prepare_us=2 poller_queue_us=98 data_transfer_us=0 metadata_settle_us=0 response_slot_wait_us=99 response_submit_us=102 response_transfer_us=42 data_tm_to_hixl_execute_async_us=0 data_tm_to_hixl_query_handle_us=0 response_tm_to_hixl_execute_async_us=6 response_tm_to_hixl_query_handle_us=5 total_us=386 [16689,16702][completion_poller.cc:56,LogRequestDone]
[HIXL_PERF] event=hccl_batch op=1 desc_num=1 hccl_us=56 status=0
[HIXL_PERF] event=issue_hccl_batch op=1 list_num=1 total_us=63
[HIXL_PERF] event=issue_async_host_flag op=1 list_num=1 context_us=0 hccl_issue_us=65 flag_memcpy_us=5 total_us=70
[HIXL_PERF] event=comm_channel_async op=1 list_num=1 mutex_wait_us=0 slot_us=1 host_flag_us=0 record_us=0 issue_us=74 total_us=75
[HIXL_PERF] event=adxl_inner_async op=1 list_num=1 context_us=1 connect_us=0 get_channel_us=0 channel_async_us=77 tail_us=0 total_us=78
[HIXL_PERF] event=comm_engine_async op=1 list_num=1 desc_build_us=0 inner_us=81 total_us=81 status=0
[2026-08-24 20:47:45.370716][UC][I] [PERF] component=transport event=transfer_submitted manager=127.0.0.1:8000 target=127.0.0.1:4500 handle=93 transport_handle=93 opcode=1 direct=2 segments=1 bytes=10 submitted_ts_us=1787575665370715 manager_execute_async_ts_us=1787575665370622 backend_execute_async_ts_us=1787575665370627 manager_to_backend_execute_async_us=5 submit_us=93 [16689,16702][transport_manager.cpp:674,ExecuteAsync]
[HIXL_QUERY_PERF] layer=comm_channel request=0x41 mutex_wait_us=0 check_us=0 lookup_us=1 flag_check_us=0 complete_us=1 total_us=2 transfer_status=1
[HIXL_QUERY_PERF] layer=adxl_inner request=0x41 context_us=1 req_lock_wait_us=0 lookup_us=0 channel_us=7 cleanup_us=1 total_us=9 status=0 transfer_status=1
[HIXL_QUERY_PERF] layer=comm_engine request=0x41 total_us=12 status=0 transfer_status=1
[2026-08-24 20:47:45.370744][UC][I] [QUERY_PERF] component=ucm layer=hixl_instance request=0x41 queue_wait_us=5 backend_us=13 run_post_us=4 total_us=22 api_status=0 transfer_status=1 [16689,16702][hixl_instance.cpp:342,GetTransferStatus]
[2026-08-24 20:47:45.370750][UC][I] [QUERY_PERF] component=ucm layer=hixl_transport handle=93 request=0x41 lifecycle_lock_us=0 pending_lock_wait_us=0 pending_lookup_us=0 instance_us=27 erase_us=0 total_us=27 transfer_status=1 [16689,16702][hixl_transport.cpp:734,GetStatus]
[2026-08-24 20:47:45.370755][UC][I] [QUERY_PERF] component=ucm layer=transport_manager handle=93 transport_handle=93 transfers_lock_wait_us=0 lookup_us=0 transport_us=32 total_us=32 api_status=0 transfer_status=1 [16689,16702][transport_manager.cpp:716,GetStatus]
[2026-08-24 20:47:45.370760][UC][I] [PERF] component=transport event=transfer_done manager=127.0.0.1:8000 target=127.0.0.1:4500 handle=93 transport_handle=93 opcode=1 direct=2 segments=1 bytes=10 status=1 api_status=0 submitted_ts_us=1787575665370715 completed_ts_us=1787575665370759 manager_get_status_ts_us=1787575665370722 backend_query_ts_us=1787575665370727 submit_us=93 transfer_us=44 manager_to_backend_query_us=5 total_us=137 [16689,16702][transport_manager.cpp:727,GetStatus]
[2026-08-24 20:47:45.370774][UC][I] [PERF] component=drampool event=request_done request_id=32 opcode=0 peer=127.0.0.1:4500 batch_size=2 data_bytes=0 failed_items=0 status=SUCCESS failed_stage=NONE received_ts_us=1787575665370492 worker_started_ts_us=1787575665370523 data_transfer_submitted_ts_us=0 data_transfer_completed_ts_us=0 response_submitted_ts_us=1787575665370721 completed_ts_us=1787575665370772 data_tm_execute_async_ts_us=0 data_hixl_execute_async_ts_us=0 data_tm_get_status_ts_us=0 data_hixl_query_handle_ts_us=0 response_tm_execute_async_ts_us=1787575665370622 response_hixl_execute_async_ts_us=1787575665370627 response_tm_get_status_ts_us=1787575665370722 response_hixl_query_handle_ts_us=1787575665370727 request_queue_us=31 metadata_prepare_us=1 taskworker_prepare_us=1 poller_queue_us=96 data_transfer_us=0 metadata_settle_us=0 response_slot_wait_us=97 response_submit_us=100 response_transfer_us=51 data_tm_to_hixl_execute_async_us=0 data_tm_to_hixl_query_handle_us=0 response_tm_to_hixl_execute_async_us=5 response_tm_to_hixl_query_handle_us=5 total_us=280 [16689,16702][completion_poller.cc:56,LogRequestDone]
[2026-08-24 20:47:45.453202][UC][E] TaskWorker ProcessOneRequest failed: -50000, DUMP response exceeds configured flag buffer slot size [16689,16703][task_worker.cc:52,Run]
[2026-08-24 20:47:45.453232][UC][E] TaskWorker ProcessOneRequest failed: -50000, DUMP response exceeds configured flag buffer slot size [16689,16703][task_worker.cc:52,Run]
[2026-08-24 20:47:45.453238][UC][E] TaskWorker ProcessOneRequest failed: -50000, DUMP response exceeds configured flag buffer slot size [16689,16703][task_worker.cc:52,Run]
[2026-08-24 20:47:45.453245][UC][E] TaskWorker ProcessOneRequest failed: -50000, DUMP response exceeds configured flag buffer slot size [16689,16703][task_worker.cc:52,Run]
[2026-08-24 20:47:45.453251][UC][E] TaskWorker ProcessOneRequest failed: -50000, DUMP response exceeds configured flag buffer slot size [16689,16703][task_worker.cc:52,Run]
[2026-08-24 20:47:45.453255][UC][E] TaskWorker ProcessOneRequest failed: -50000, DUMP response exceeds configured flag buffer slot size [16689,16703][task_worker.cc:52,Run]
[2026-08-24 20:47:45.453263][UC][I] ShardMetadata StoreBegin: key already exists. [16689,16703][metadata.cc:57,StoreBegin]
[2026-08-24 20:47:45.453269][UC][I] ShardMetadata StoreBegin: key already exists. [16689,16703][metadata.cc:57,StoreBegin]
[2026-08-24 20:47:45.453272][UC][I] ShardMetadata StoreBegin: key already exists. [16689,16703][metadata.cc:57,StoreBegin]
[2026-08-24 20:47:45.453275][UC][I] ShardMetadata StoreBegin: key already exists. [16689,16703][metadata.cc:57,StoreBegin]
[2026-08-24 20:47:45.453278][UC][I] ShardMetadata StoreBegin: key already exists. [16689,16703][metadata.cc:57,StoreBegin]
[2026-08-24 20:47:45.453280][UC][I] ShardMetadata StoreBegin: key already exists. [16689,16703][metadata.cc:57,StoreBegin]
[2026-08-24 20:47:45.453283][UC][I] ShardMetadata StoreBegin: key already exists. [16689,16703][metadata.cc:57,StoreBegin]
[2026-08-24 20:47:45.453286][UC][I] ShardMetadata StoreBegin: key already exists. [16689,16703][metadata.cc:57,StoreBegin]
[2026-08-24 20:47:45.453291][UC][I] ShardMetadata StoreBegin: key already exists. [16689,16703][metadata.cc:57,StoreBegin]
[2026-08-24 20:47:45.453295][UC][I] ShardMetadata StoreBegin: key already exists. [16689,16703][metadata.cc:57,StoreBegin]
[2026-08-24 20:47:45.453299][UC][I] ShardMetadata StoreBegin: key already exists. [16689,16703][metadata.cc:57,StoreBegin]
[2026-08-24 20:47:45.453302][UC][I] ShardMetadata StoreBegin: key already exists. [16689,16703][metadata.cc:57,StoreBegin]
[2026-08-24 20:47:45.453314][UC][I] ShardMetadata StoreBegin: key already exists. [16689,16703][metadata.cc:57,StoreBegin]
[2026-08-24 20:47:45.453317][UC][I] ShardMetadata StoreBegin: key already exists. [16689,16703][metadata.cc:57,StoreBegin]
[2026-08-24 20:47:45.453320][UC][I] ShardMetadata StoreBegin: key already exists. [16689,16703][metadata.cc:57,StoreBegin]
[2026-08-24 20:47:45.453323][UC][I] ShardMetadata StoreBegin: key already exists. [16689,16703][metadata.cc:57,StoreBegin]
[2026-08-24 20:47:45.453326][UC][I] ShardMetadata StoreBegin: key already exists. [16689,16703][metadata.cc:57,StoreBegin]
[2026-08-24 20:47:45.453329][UC][I] ShardMetadata StoreBegin: key already exists. [16689,16703][metadata.cc:57,StoreBegin]
[2026-08-24 20:47:45.453332][UC][I] ShardMetadata StoreBegin: key already exists. [16689,16703][metadata.cc:57,StoreBegin]
[2026-08-24 20:47:45.453336][UC][I] ShardMetadata StoreBegin: key already exists. [16689,16703][metadata.cc:57,StoreBegin]
[2026-08-24 20:47:45.453341][UC][I] ShardMetadata StoreBegin: key already exists. [16689,16703][metadata.cc:57,StoreBegin]
[2026-08-24 20:47:45.453350][UC][I] ShardMetadata StoreBegin: key already exists. [16689,16703][metadata.cc:57,StoreBegin]
[2026-08-24 20:47:45.453354][UC][I] ShardMetadata StoreBegin: key already exists. [16689,16703][metadata.cc:57,StoreBegin]
[2026-08-24 20:47:45.453357][UC][I] ShardMetadata StoreBegin: key already exists. [16689,16703][metadata.cc:57,StoreBegin]
[2026-08-24 20:47:45.453361][UC][I] ShardMetadata StoreBegin: key already exists. [16689,16703][metadata.cc:57,StoreBegin]
[2026-08-24 20:47:45.453367][UC][I] ShardMetadata StoreBegin: key already exists. [16689,16703][metadata.cc:57,StoreBegin]
[2026-08-24 20:47:45.453372][UC][I] ShardMetadata StoreBegin: key already exists. [16689,16703][metadata.cc:57,StoreBegin]
[2026-08-24 20:47:45.453375][UC][I] ShardMetadata StoreBegin: key already exists. [16689,16703][metadata.cc:57,StoreBegin]
[2026-08-24 20:47:45.453378][UC][I] ShardMetadata StoreBegin: key already exists. [16689,16703][metadata.cc:57,StoreBegin]
[2026-08-24 20:47:45.453381][UC][I] ShardMetadata StoreBegin: key already exists. [16689,16703][metadata.cc:57,StoreBegin]
[2026-08-24 20:47:45.453384][UC][I] ShardMetadata StoreBegin: key already exists. [16689,16703][metadata.cc:57,StoreBegin]
[2026-08-24 20:47:45.453387][UC][I] ShardMetadata StoreBegin: key already exists. [16689,16703][metadata.cc:57,StoreBegin]
[2026-08-24 20:47:45.453390][UC][I] ShardMetadata StoreBegin: key already exists. [16689,16703][metadata.cc:57,StoreBegin]
[2026-08-24 20:47:45.453394][UC][I] ShardMetadata StoreBegin: key already exists. [16689,16703][metadata.cc:57,StoreBegin]
[2026-08-24 20:47:45.453399][UC][I] ShardMetadata StoreBegin: key already exists. [16689,16703][metadata.cc:57,StoreBegin]
[2026-08-24 20:47:45.453407][UC][I] ShardMetadata StoreBegin: key already exists. [16689,16703][metadata.cc:57,StoreBegin]
[2026-08-24 20:47:45.453411][UC][I] ShardMetadata StoreBegin: key already exists. [16689,16703][metadata.cc:57,StoreBegin]
[2026-08-24 20:47:45.453415][UC][I] ShardMetadata StoreBegin: key already exists. [16689,16703][metadata.cc:57,StoreBegin]
[2026-08-24 20:47:45.453417][UC][I] ShardMetadata StoreBegin: key already exists. [16689,16703][metadata.cc:57,StoreBegin]
[2026-08-24 20:47:45.453420][UC][I] ShardMetadata StoreBegin: key already exists. [16689,16703][metadata.cc:57,StoreBegin]
[2026-08-24 20:47:45.453423][UC][I] ShardMetadata StoreBegin: key already exists. [16689,16703][metadata.cc:57,StoreBegin]
[2026-08-24 20:47:45.453426][UC][I] ShardMetadata StoreBegin: key already exists. [16689,16703][metadata.cc:57,StoreBegin]
[2026-08-24 20:47:45.453429][UC][I] ShardMetadata StoreBegin: key already exists. [16689,16703][metadata.cc:57,StoreBegin]
[2026-08-24 20:47:45.453432][UC][I] ShardMetadata StoreBegin: key already exists. [16689,16703][metadata.cc:57,StoreBegin]
[2026-08-24 20:47:45.453434][UC][I] ShardMetadata StoreBegin: key already exists. [16689,16703][metadata.cc:57,StoreBegin]
[2026-08-24 20:47:45.453438][UC][I] ShardMetadata StoreBegin: key already exists. [16689,16703][metadata.cc:57,StoreBegin]
[2026-08-24 20:47:45.453442][UC][I] ShardMetadata StoreBegin: key already exists. [16689,16703][metadata.cc:57,StoreBegin]
[2026-08-24 20:47:45.453445][UC][I] ShardMetadata StoreBegin: key already exists. [16689,16703][metadata.cc:57,StoreBegin]
[2026-08-24 20:47:45.453447][UC][I] ShardMetadata StoreBegin: key already exists. [16689,16703][metadata.cc:57,StoreBegin]
[2026-08-24 20:47:45.453451][UC][I] ShardMetadata StoreBegin: key already exists. [16689,16703][metadata.cc:57,StoreBegin]
[2026-08-24 20:47:45.453454][UC][I] ShardMetadata StoreBegin: key already exists. [16689,16703][metadata.cc:57,StoreBegin]
[2026-08-24 20:47:45.453457][UC][I] ShardMetadata StoreBegin: key already exists. [16689,16703][metadata.cc:57,StoreBegin]
[2026-08-24 20:47:45.453460][UC][I] ShardMetadata StoreBegin: key already exists. [16689,16703][metadata.cc:57,StoreBegin]
[2026-08-24 20:47:45.453463][UC][I] ShardMetadata StoreBegin: key already exists. [16689,16703][metadata.cc:57,StoreBegin]
[2026-08-24 20:47:45.453467][UC][I] ShardMetadata StoreBegin: key already exists. [16689,16703][metadata.cc:57,StoreBegin]
[2026-08-24 20:47:45.453476][UC][I] ShardMetadata StoreBegin: key already exists. [16689,16703][metadata.cc:57,StoreBegin]
[2026-08-24 20:47:45.453480][UC][I] ShardMetadata StoreBegin: key already exists. [16689,16703][metadata.cc:57,StoreBegin]
[2026-08-24 20:47:45.453482][UC][I] ShardMetadata StoreBegin: key already exists. [16689,16703][metadata.cc:57,StoreBegin]
[2026-08-24 20:47:45.453486][UC][I] ShardMetadata StoreBegin: key already exists. [16689,16703][metadata.cc:57,StoreBegin]
[2026-08-24 20:47:45.453489][UC][I] ShardMetadata StoreBegin: key already exists. [16689,16703][metadata.cc:57,StoreBegin]
[2026-08-24 20:47:45.453494][UC][I] ShardMetadata StoreBegin: key already exists. [16689,16703][metadata.cc:57,StoreBegin]
[2026-08-24 20:47:45.453500][UC][I] ShardMetadata StoreBegin: key already exists. [16689,16703][metadata.cc:57,StoreBegin]
[2026-08-24 20:47:45.453504][UC][I] ShardMetadata StoreBegin: key already exists. [16689,16703][metadata.cc:57,StoreBegin]
[2026-08-24 20:47:45.453509][UC][I] ShardMetadata StoreBegin: key already exists. [16689,16703][metadata.cc:57,StoreBegin]
[2026-08-24 20:47:45.453512][UC][I] ShardMetadata StoreBegin: key already exists. [16689,16703][metadata.cc:57,StoreBegin]
[2026-08-24 20:47:45.453515][UC][I] ShardMetadata StoreBegin: key already exists. [16689,16703][metadata.cc:57,StoreBegin]
[2026-08-24 20:47:45.453518][UC][I] ShardMetadata StoreBegin: key already exists. [16689,16703][metadata.cc:57,StoreBegin]
[2026-08-24 20:47:45.453521][UC][I] ShardMetadata StoreBegin: key already exists. [16689,16703][metadata.cc:57,StoreBegin]
[2026-08-24 20:47:45.453524][UC][I] ShardMetadata StoreBegin: key already exists. [16689,16703][metadata.cc:57,StoreBegin]
[2026-08-24 20:47:45.453527][UC][I] ShardMetadata StoreBegin: key already exists. [16689,16703][metadata.cc:57,StoreBegin]
[2026-08-24 20:47:45.453530][UC][I] ShardMetadata StoreBegin: key already exists. [16689,16703][metadata.cc:57,StoreBegin]
[2026-08-24 20:47:45.453533][UC][I] ShardMetadata StoreBegin: key already exists. [16689,16703][metadata.cc:57,StoreBegin]
[2026-08-24 20:47:45.453537][UC][I] ShardMetadata StoreBegin: key already exists. [16689,16703][metadata.cc:57,StoreBegin]
[2026-08-24 20:47:45.453541][UC][I] ShardMetadata StoreBegin: key already exists. [16689,16703][metadata.cc:57,StoreBegin]
[2026-08-24 20:47:45.453546][UC][I] ShardMetadata StoreBegin: key already exists. [16689,16703][metadata.cc:57,StoreBegin]
[2026-08-24 20:47:45.453550][UC][I] ShardMetadata StoreBegin: key already exists. [16689,16703][metadata.cc:57,StoreBegin]
[2026-08-24 20:47:45.453553][UC][I] ShardMetadata StoreBegin: key already exists. [16689,16703][metadata.cc:57,StoreBegin]
[2026-08-24 20:47:45.453556][UC][I] ShardMetadata StoreBegin: key already exists. [16689,16703][metadata.cc:57,StoreBegin]
[2026-08-24 20:47:45.453559][UC][I] ShardMetadata StoreBegin: key already exists. [16689,16703][metadata.cc:57,StoreBegin]
[2026-08-24 20:47:45.453564][UC][I] ShardMetadata StoreBegin: key already exists. [16689,16703][metadata.cc:57,StoreBegin]
[2026-08-24 20:47:45.453567][UC][I] ShardMetadata StoreBegin: key already exists. [16689,16703][metadata.cc:57,StoreBegin]
[2026-08-24 20:47:45.453570][UC][I] ShardMetadata StoreBegin: key already exists. [16689,16703][metadata.cc:57,StoreBegin]
[2026-08-24 20:47:45.453574][UC][I] ShardMetadata StoreBegin: key already exists. [16689,16703][metadata.cc:57,StoreBegin]
[2026-08-24 20:47:45.453579][UC][I] ShardMetadata StoreBegin: key already exists. [16689,16703][metadata.cc:57,StoreBegin]
[2026-08-24 20:47:45.453585][UC][I] ShardMetadata StoreBegin: key already exists. [16689,16703][metadata.cc:57,StoreBegin]
[2026-08-24 20:47:45.453588][UC][I] ShardMetadata StoreBegin: key already exists. [16689,16703][metadata.cc:57,StoreBegin]
[2026-08-24 20:47:45.453591][UC][I] ShardMetadata StoreBegin: key already exists. [16689,16703][metadata.cc:57,StoreBegin]
[2026-08-24 20:47:45.453594][UC][I] ShardMetadata StoreBegin: key already exists. [16689,16703][metadata.cc:57,StoreBegin]
[2026-08-24 20:47:45.453599][UC][I] ShardMetadata StoreBegin: key already exists. [16689,16703][metadata.cc:57,StoreBegin]
[2026-08-24 20:47:45.453603][UC][I] ShardMetadata StoreBegin: key already exists. [16689,16703][metadata.cc:57,StoreBegin]
[2026-08-24 20:47:45.453606][UC][I] ShardMetadata StoreBegin: key already exists. [16689,16703][metadata.cc:57,StoreBegin]
[2026-08-24 20:47:45.453612][UC][I] ShardMetadata StoreBegin: key already exists. [16689,16703][metadata.cc:57,StoreBegin]
[2026-08-24 20:47:45.453617][UC][I] ShardMetadata StoreBegin: key already exists. [16689,16703][metadata.cc:57,StoreBegin]
[2026-08-24 20:47:45.453622][UC][I] ShardMetadata StoreBegin: key already exists. [16689,16703][metadata.cc:57,StoreBegin]
[2026-08-24 20:47:45.453626][UC][I] ShardMetadata StoreBegin: key already exists. [16689,16703][metadata.cc:57,StoreBegin]
[2026-08-24 20:47:45.453630][UC][I] ShardMetadata StoreBegin: key already exists. [16689,16703][metadata.cc:57,StoreBegin]
[HIXL_PERF] event=hccl_batch op=1 desc_num=1 hccl_us=88 status=0
[HIXL_PERF] event=issue_hccl_batch op=1 list_num=1 total_us=97
[HIXL_PERF] event=issue_async_host_flag op=1 list_num=1 context_us=1 hccl_issue_us=100 flag_memcpy_us=5 total_us=106
[HIXL_PERF] event=comm_channel_async op=1 list_num=1 mutex_wait_us=0 slot_us=2 host_flag_us=23 record_us=1 issue_us=109 total_us=135
[HIXL_PERF] event=adxl_inner_async op=1 list_num=1 context_us=2 connect_us=0 get_channel_us=1 channel_async_us=137 tail_us=1 total_us=141
[HIXL_PERF] event=comm_engine_async op=1 list_num=1 desc_build_us=0 inner_us=143 total_us=143 status=0
[2026-08-24 20:47:45.453816][UC][I] [PERF] component=transport event=transfer_submitted manager=127.0.0.1:8000 target=127.0.0.1:4501 handle=94 transport_handle=94 opcode=1 direct=2 segments=1 bytes=57 submitted_ts_us=1787575665453815 manager_execute_async_ts_us=1787575665453653 backend_execute_async_ts_us=1787575665453662 manager_to_backend_execute_async_us=9 submit_us=161 [16689,16702][transport_manager.cpp:674,ExecuteAsync]
[HIXL_QUERY_PERF] layer=comm_channel request=0x42 mutex_wait_us=0 check_us=0 lookup_us=1 flag_check_us=0 complete_us=0 total_us=1 transfer_status=0
[HIXL_QUERY_PERF] layer=adxl_inner request=0x42 context_us=0 req_lock_wait_us=1 lookup_us=0 channel_us=3 cleanup_us=0 total_us=4 status=0 transfer_status=0
[HIXL_QUERY_PERF] layer=comm_engine request=0x42 total_us=7 status=0 transfer_status=0
[2026-08-24 20:47:45.453840][UC][I] [QUERY_PERF] component=ucm layer=hixl_instance request=0x42 queue_wait_us=4 backend_us=9 run_post_us=4 total_us=17 api_status=0 transfer_status=0 [16689,16702][hixl_instance.cpp:342,GetTransferStatus]
[2026-08-24 20:47:45.453845][UC][I] [QUERY_PERF] component=ucm layer=hixl_transport handle=94 request=0x42 lifecycle_lock_us=1 pending_lock_wait_us=0 pending_lookup_us=0 instance_us=21 erase_us=0 total_us=22 transfer_status=0 [16689,16702][hixl_transport.cpp:734,GetStatus]
[2026-08-24 20:47:45.453850][UC][I] [QUERY_PERF] component=ucm layer=transport_manager handle=94 transport_handle=94 transfers_lock_wait_us=0 lookup_us=0 transport_us=28 total_us=28 api_status=0 transfer_status=0 [16689,16702][transport_manager.cpp:716,GetStatus]
[HIXL_QUERY_PERF] layer=comm_channel request=0x42 mutex_wait_us=0 check_us=0 lookup_us=0 flag_check_us=0 complete_us=0 total_us=0 transfer_status=0
[HIXL_QUERY_PERF] layer=adxl_inner request=0x42 context_us=1 req_lock_wait_us=0 lookup_us=0 channel_us=3 cleanup_us=0 total_us=4 status=0 transfer_status=0
[HIXL_QUERY_PERF] layer=comm_engine request=0x42 total_us=6 status=0 transfer_status=0
[2026-08-24 20:47:45.453869][UC][I] [QUERY_PERF] component=ucm layer=hixl_instance request=0x42 queue_wait_us=4 backend_us=8 run_post_us=4 total_us=16 api_status=0 transfer_status=0 [16689,16702][hixl_instance.cpp:342,GetTransferStatus]
[2026-08-24 20:47:45.453873][UC][I] [QUERY_PERF] component=ucm layer=hixl_transport handle=94 request=0x42 lifecycle_lock_us=0 pending_lock_wait_us=0 pending_lookup_us=0 instance_us=20 erase_us=0 total_us=20 transfer_status=0 [16689,16702][hixl_transport.cpp:734,GetStatus]
[2026-08-24 20:47:45.453876][UC][I] [QUERY_PERF] component=ucm layer=transport_manager handle=94 transport_handle=94 transfers_lock_wait_us=0 lookup_us=0 transport_us=23 total_us=23 api_status=0 transfer_status=0 [16689,16702][transport_manager.cpp:716,GetStatus]
[HIXL_QUERY_PERF] layer=comm_channel request=0x42 mutex_wait_us=1 check_us=0 lookup_us=0 flag_check_us=0 complete_us=0 total_us=1 transfer_status=0
[HIXL_QUERY_PERF] layer=adxl_inner request=0x42 context_us=1 req_lock_wait_us=0 lookup_us=0 channel_us=3 cleanup_us=0 total_us=4 status=0 transfer_status=0
[HIXL_QUERY_PERF] layer=comm_engine request=0x42 total_us=6 status=0 transfer_status=0
[2026-08-24 20:47:45.453895][UC][I] [QUERY_PERF] component=ucm layer=hixl_instance request=0x42 queue_wait_us=4 backend_us=8 run_post_us=3 total_us=15 api_status=0 transfer_status=0 [16689,16702][hixl_instance.cpp:342,GetTransferStatus]
[2026-08-24 20:47:45.453899][UC][I] [QUERY_PERF] component=ucm layer=hixl_transport handle=94 request=0x42 lifecycle_lock_us=0 pending_lock_wait_us=0 pending_lookup_us=0 instance_us=19 erase_us=0 total_us=19 transfer_status=0 [16689,16702][hixl_transport.cpp:734,GetStatus]
[2026-08-24 20:47:45.453902][UC][I] [QUERY_PERF] component=ucm layer=transport_manager handle=94 transport_handle=94 transfers_lock_wait_us=0 lookup_us=0 transport_us=23 total_us=23 api_status=0 transfer_status=0 [16689,16702][transport_manager.cpp:716,GetStatus]
[HIXL_QUERY_PERF] layer=comm_channel request=0x42 mutex_wait_us=0 check_us=0 lookup_us=0 flag_check_us=0 complete_us=0 total_us=0 transfer_status=0
[HIXL_QUERY_PERF] layer=adxl_inner request=0x42 context_us=1 req_lock_wait_us=0 lookup_us=0 channel_us=3 cleanup_us=0 total_us=4 status=0 transfer_status=0
[HIXL_QUERY_PERF] layer=comm_engine request=0x42 total_us=6 status=0 transfer_status=0
[2026-08-24 20:47:45.453922][UC][I] [QUERY_PERF] component=ucm layer=hixl_instance request=0x42 queue_wait_us=4 backend_us=8 run_post_us=4 total_us=16 api_status=0 transfer_status=0 [16689,16702][hixl_instance.cpp:342,GetTransferStatus]
[2026-08-24 20:47:45.453926][UC][I] [QUERY_PERF] component=ucm layer=hixl_transport handle=94 request=0x42 lifecycle_lock_us=0 pending_lock_wait_us=0 pending_lookup_us=0 instance_us=20 erase_us=0 total_us=20 transfer_status=0 [16689,16702][hixl_transport.cpp:734,GetStatus]
[2026-08-24 20:47:45.453933][UC][I] [QUERY_PERF] component=ucm layer=transport_manager handle=94 transport_handle=94 transfers_lock_wait_us=0 lookup_us=0 transport_us=27 total_us=27 api_status=0 transfer_status=0 [16689,16702][transport_manager.cpp:716,GetStatus]
[HIXL_QUERY_PERF] layer=comm_channel request=0x42 mutex_wait_us=0 check_us=0 lookup_us=0 flag_check_us=0 complete_us=0 total_us=0 transfer_status=0
[HIXL_QUERY_PERF] layer=adxl_inner request=0x42 context_us=1 req_lock_wait_us=0 lookup_us=0 channel_us=3 cleanup_us=0 total_us=4 status=0 transfer_status=0
[HIXL_QUERY_PERF] layer=comm_engine request=0x42 total_us=6 status=0 transfer_status=0
[2026-08-24 20:47:45.453958][UC][I] [QUERY_PERF] component=ucm layer=hixl_instance request=0x42 queue_wait_us=4 backend_us=13 run_post_us=4 total_us=21 api_status=0 transfer_status=0 [16689,16702][hixl_instance.cpp:342,GetTransferStatus]
[2026-08-24 20:47:45.453962][UC][I] [QUERY_PERF] component=ucm layer=hixl_transport handle=94 request=0x42 lifecycle_lock_us=0 pending_lock_wait_us=0 pending_lookup_us=0 instance_us=25 erase_us=0 total_us=25 transfer_status=0 [16689,16702][hixl_transport.cpp:734,GetStatus]
[2026-08-24 20:47:45.453965][UC][I] [QUERY_PERF] component=ucm layer=transport_manager handle=94 transport_handle=94 transfers_lock_wait_us=0 lookup_us=0 transport_us=29 total_us=29 api_status=0 transfer_status=0 [16689,16702][transport_manager.cpp:716,GetStatus]
[HIXL_QUERY_PERF] layer=comm_channel request=0x42 mutex_wait_us=0 check_us=0 lookup_us=0 flag_check_us=0 complete_us=0 total_us=0 transfer_status=0
[HIXL_QUERY_PERF] layer=adxl_inner request=0x42 context_us=1 req_lock_wait_us=0 lookup_us=0 channel_us=3 cleanup_us=0 total_us=4 status=0 transfer_status=0
[HIXL_QUERY_PERF] layer=comm_engine request=0x42 total_us=6 status=0 transfer_status=0
[2026-08-24 20:47:45.453983][UC][I] [QUERY_PERF] component=ucm layer=hixl_instance request=0x42 queue_wait_us=4 backend_us=7 run_post_us=4 total_us=15 api_status=0 transfer_status=0 [16689,16702][hixl_instance.cpp:342,GetTransferStatus]
[2026-08-24 20:47:45.453988][UC][I] [QUERY_PERF] component=ucm layer=hixl_transport handle=94 request=0x42 lifecycle_lock_us=0 pending_lock_wait_us=0 pending_lookup_us=0 instance_us=19 erase_us=0 total_us=19 transfer_status=0 [16689,16702][hixl_transport.cpp:734,GetStatus]
[2026-08-24 20:47:45.453991][UC][I] [QUERY_PERF] component=ucm layer=transport_manager handle=94 transport_handle=94 transfers_lock_wait_us=0 lookup_us=0 transport_us=22 total_us=22 api_status=0 transfer_status=0 [16689,16702][transport_manager.cpp:716,GetStatus]
[HIXL_QUERY_PERF] layer=comm_channel request=0x42 mutex_wait_us=0 check_us=0 lookup_us=0 flag_check_us=0 complete_us=0 total_us=0 transfer_status=0
[HIXL_QUERY_PERF] layer=adxl_inner request=0x42 context_us=0 req_lock_wait_us=0 lookup_us=0 channel_us=3 cleanup_us=0 total_us=3 status=0 transfer_status=0
[HIXL_QUERY_PERF] layer=comm_engine request=0x42 total_us=5 status=0 transfer_status=0
[2026-08-24 20:47:45.454009][UC][I] [QUERY_PERF] component=ucm layer=hixl_instance request=0x42 queue_wait_us=3 backend_us=8 run_post_us=4 total_us=15 api_status=0 transfer_status=0 [16689,16702][hixl_instance.cpp:342,GetTransferStatus]
[2026-08-24 20:47:45.454013][UC][I] [QUERY_PERF] component=ucm layer=hixl_transport handle=94 request=0x42 lifecycle_lock_us=0 pending_lock_wait_us=0 pending_lookup_us=0 instance_us=19 erase_us=0 total_us=19 transfer_status=0 [16689,16702][hixl_transport.cpp:734,GetStatus]
[2026-08-24 20:47:45.454017][UC][I] [QUERY_PERF] component=ucm layer=transport_manager handle=94 transport_handle=94 transfers_lock_wait_us=0 lookup_us=0 transport_us=22 total_us=22 api_status=0 transfer_status=0 [16689,16702][transport_manager.cpp:716,GetStatus]
[HIXL_QUERY_PERF] layer=comm_channel request=0x42 mutex_wait_us=1 check_us=0 lookup_us=0 flag_check_us=0 complete_us=0 total_us=1 transfer_status=0
[HIXL_QUERY_PERF] layer=adxl_inner request=0x42 context_us=0 req_lock_wait_us=0 lookup_us=0 channel_us=3 cleanup_us=0 total_us=3 status=0 transfer_status=0
[HIXL_QUERY_PERF] layer=comm_engine request=0x42 total_us=5 status=0 transfer_status=0
[2026-08-24 20:47:45.454035][UC][I] [QUERY_PERF] component=ucm layer=hixl_instance request=0x42 queue_wait_us=3 backend_us=8 run_post_us=3 total_us=14 api_status=0 transfer_status=0 [16689,16702][hixl_instance.cpp:342,GetTransferStatus]
[2026-08-24 20:47:45.454039][UC][I] [QUERY_PERF] component=ucm layer=hixl_transport handle=94 request=0x42 lifecycle_lock_us=0 pending_lock_wait_us=0 pending_lookup_us=0 instance_us=18 erase_us=0 total_us=18 transfer_status=0 [16689,16702][hixl_transport.cpp:734,GetStatus]
[2026-08-24 20:47:45.454044][UC][I] [QUERY_PERF] component=ucm layer=transport_manager handle=94 transport_handle=94 transfers_lock_wait_us=1 lookup_us=0 transport_us=23 total_us=24 api_status=0 transfer_status=0 [16689,16702][transport_manager.cpp:716,GetStatus]
[HIXL_QUERY_PERF] layer=comm_channel request=0x42 mutex_wait_us=0 check_us=1 lookup_us=0 flag_check_us=0 complete_us=0 total_us=1 transfer_status=0
[HIXL_QUERY_PERF] layer=adxl_inner request=0x42 context_us=0 req_lock_wait_us=0 lookup_us=0 channel_us=3 cleanup_us=0 total_us=3 status=0 transfer_status=0
[HIXL_QUERY_PERF] layer=comm_engine request=0x42 total_us=7 status=0 transfer_status=0
[2026-08-24 20:47:45.454063][UC][I] [QUERY_PERF] component=ucm layer=hixl_instance request=0x42 queue_wait_us=3 backend_us=9 run_post_us=3 total_us=15 api_status=0 transfer_status=0 [16689,16702][hixl_instance.cpp:342,GetTransferStatus]
[2026-08-24 20:47:45.454066][UC][I] [QUERY_PERF] component=ucm layer=hixl_transport handle=94 request=0x42 lifecycle_lock_us=0 pending_lock_wait_us=0 pending_lookup_us=0 instance_us=19 erase_us=0 total_us=19 transfer_status=0 [16689,16702][hixl_transport.cpp:734,GetStatus]
[2026-08-24 20:47:45.454073][UC][I] [QUERY_PERF] component=ucm layer=transport_manager handle=94 transport_handle=94 transfers_lock_wait_us=0 lookup_us=1 transport_us=25 total_us=26 api_status=0 transfer_status=0 [16689,16702][transport_manager.cpp:716,GetStatus]
[HIXL_QUERY_PERF] layer=comm_channel request=0x42 mutex_wait_us=0 check_us=0 lookup_us=0 flag_check_us=0 complete_us=0 total_us=0 transfer_status=0
[HIXL_QUERY_PERF] layer=adxl_inner request=0x42 context_us=1 req_lock_wait_us=0 lookup_us=0 channel_us=3 cleanup_us=0 total_us=4 status=0 transfer_status=0
[HIXL_QUERY_PERF] layer=comm_engine request=0x42 total_us=6 status=0 transfer_status=0
[2026-08-24 20:47:45.454092][UC][I] [QUERY_PERF] component=ucm layer=hixl_instance request=0x42 queue_wait_us=4 backend_us=7 run_post_us=4 total_us=15 api_status=0 transfer_status=0 [16689,16702][hixl_instance.cpp:342,GetTransferStatus]
[2026-08-24 20:47:45.454095][UC][I] [QUERY_PERF] component=ucm layer=hixl_transport handle=94 request=0x42 lifecycle_lock_us=0 pending_lock_wait_us=0 pending_lookup_us=0 instance_us=19 erase_us=0 total_us=19 transfer_status=0 [16689,16702][hixl_transport.cpp:734,GetStatus]
[2026-08-24 20:47:45.454098][UC][I] [QUERY_PERF] component=ucm layer=transport_manager handle=94 transport_handle=94 transfers_lock_wait_us=0 lookup_us=0 transport_us=22 total_us=22 api_status=0 transfer_status=0 [16689,16702][transport_manager.cpp:716,GetStatus]
[HIXL_QUERY_PERF] layer=comm_channel request=0x42 mutex_wait_us=0 check_us=0 lookup_us=0 flag_check_us=0 complete_us=0 total_us=0 transfer_status=0
[HIXL_QUERY_PERF] layer=adxl_inner request=0x42 context_us=0 req_lock_wait_us=0 lookup_us=1 channel_us=2 cleanup_us=0 total_us=3 status=0 transfer_status=0
[HIXL_QUERY_PERF] layer=comm_engine request=0x42 total_us=6 status=0 transfer_status=0
[2026-08-24 20:47:45.454116][UC][I] [QUERY_PERF] component=ucm layer=hixl_instance request=0x42 queue_wait_us=4 backend_us=7 run_post_us=4 total_us=15 api_status=0 transfer_status=0 [16689,16702][hixl_instance.cpp:342,GetTransferStatus]
[2026-08-24 20:47:45.454120][UC][I] [QUERY_PERF] component=ucm layer=hixl_transport handle=94 request=0x42 lifecycle_lock_us=0 pending_lock_wait_us=0 pending_lookup_us=0 instance_us=19 erase_us=0 total_us=19 transfer_status=0 [16689,16702][hixl_transport.cpp:734,GetStatus]
[2026-08-24 20:47:45.454123][UC][I] [QUERY_PERF] component=ucm layer=transport_manager handle=94 transport_handle=94 transfers_lock_wait_us=0 lookup_us=0 transport_us=22 total_us=22 api_status=0 transfer_status=0 [16689,16702][transport_manager.cpp:716,GetStatus]
[HIXL_QUERY_PERF] layer=comm_channel request=0x42 mutex_wait_us=0 check_us=0 lookup_us=0 flag_check_us=0 complete_us=0 total_us=0 transfer_status=0
[HIXL_QUERY_PERF] layer=adxl_inner request=0x42 context_us=0 req_lock_wait_us=0 lookup_us=1 channel_us=2 cleanup_us=0 total_us=3 status=0 transfer_status=0
[HIXL_QUERY_PERF] layer=comm_engine request=0x42 total_us=5 status=0 transfer_status=0
[2026-08-24 20:47:45.454143][UC][I] [QUERY_PERF] component=ucm layer=hixl_instance request=0x42 queue_wait_us=4 backend_us=9 run_post_us=3 total_us=16 api_status=0 transfer_status=0 [16689,16702][hixl_instance.cpp:342,GetTransferStatus]
[2026-08-24 20:47:45.454147][UC][I] [QUERY_PERF] component=ucm layer=hixl_transport handle=94 request=0x42 lifecycle_lock_us=0 pending_lock_wait_us=0 pending_lookup_us=0 instance_us=20 erase_us=0 total_us=20 transfer_status=0 [16689,16702][hixl_transport.cpp:734,GetStatus]
[2026-08-24 20:47:45.454150][UC][I] [QUERY_PERF] component=ucm layer=transport_manager handle=94 transport_handle=94 transfers_lock_wait_us=0 lookup_us=0 transport_us=23 total_us=23 api_status=0 transfer_status=0 [16689,16702][transport_manager.cpp:716,GetStatus]
[HIXL_QUERY_PERF] layer=comm_channel request=0x42 mutex_wait_us=0 check_us=0 lookup_us=0 flag_check_us=0 complete_us=2 total_us=2 transfer_status=1
[HIXL_QUERY_PERF] layer=adxl_inner request=0x42 context_us=0 req_lock_wait_us=0 lookup_us=1 channel_us=5 cleanup_us=0 total_us=6 status=0 transfer_status=1
[HIXL_QUERY_PERF] layer=comm_engine request=0x42 total_us=9 status=0 transfer_status=1
[2026-08-24 20:47:45.454171][UC][I] [QUERY_PERF] component=ucm layer=hixl_instance request=0x42 queue_wait_us=3 backend_us=11 run_post_us=4 total_us=18 api_status=0 transfer_status=1 [16689,16702][hixl_instance.cpp:342,GetTransferStatus]
[2026-08-24 20:47:45.454176][UC][I] [QUERY_PERF] component=ucm layer=hixl_transport handle=94 request=0x42 lifecycle_lock_us=0 pending_lock_wait_us=0 pending_lookup_us=0 instance_us=22 erase_us=0 total_us=22 transfer_status=1 [16689,16702][hixl_transport.cpp:734,GetStatus]
[2026-08-24 20:47:45.454179][UC][I] [QUERY_PERF] component=ucm layer=transport_manager handle=94 transport_handle=94 transfers_lock_wait_us=1 lookup_us=0 transport_us=26 total_us=27 api_status=0 transfer_status=1 [16689,16702][transport_manager.cpp:716,GetStatus]
[2026-08-24 20:47:45.454183][UC][I] [PERF] component=transport event=transfer_done manager=127.0.0.1:8000 target=127.0.0.1:4501 handle=94 transport_handle=94 opcode=1 direct=2 segments=1 bytes=57 status=1 api_status=0 submitted_ts_us=1787575665453815 completed_ts_us=1787575665454182 manager_get_status_ts_us=1787575665454152 backend_query_ts_us=1787575665454156 submit_us=161 transfer_us=367 manager_to_backend_query_us=4 total_us=528 [16689,16702][transport_manager.cpp:727,GetStatus]
[2026-08-24 20:47:45.454188][UC][I] [PERF] component=drampool event=request_done request_id=30 opcode=1 peer=127.0.0.1:4501 batch_size=96 data_bytes=0 failed_items=0 status=SUCCESS failed_stage=NONE received_ts_us=1787575665453211 worker_started_ts_us=1787575665453257 data_transfer_submitted_ts_us=0 data_transfer_completed_ts_us=0 response_submitted_ts_us=1787575665453821 completed_ts_us=1787575665454186 data_tm_execute_async_ts_us=0 data_hixl_execute_async_ts_us=0 data_tm_get_status_ts_us=0 data_hixl_query_handle_ts_us=0 response_tm_execute_async_ts_us=1787575665453653 response_hixl_execute_async_ts_us=1787575665453662 response_tm_get_status_ts_us=1787575665454152 response_hixl_query_handle_ts_us=1787575665454156 request_queue_us=46 metadata_prepare_us=373 taskworker_prepare_us=376 poller_queue_us=18 data_transfer_us=0 metadata_settle_us=0 response_slot_wait_us=19 response_submit_us=169 response_transfer_us=364 data_tm_to_hixl_execute_async_us=0 data_tm_to_hixl_query_handle_us=0 response_tm_to_hixl_execute_async_us=9 response_tm_to_hixl_query_handle_us=4 total_us=975 [16689,16702][completion_poller.cc:56,LogRequestDone]
