[2026-08-24 16:51:19.260973][UC][I] [PERF] component=transport event=transfer_submitted manager=127.0.0.1:8000 target=127.0.0.1:4500 handle=1 transport_handle=1 opcode=1 direct=2 segments=1 bytes=10 submitted_ts_us=1787561479260970 manager_execute_async_ts_us=1787561479259157 backend_execute_async_ts_us=1787561479259187 manager_to_backend_execute_async_us=30 submit_us=1808 [38606,38619][transport_manager.cpp:674,ExecuteAsync]
[2026-08-24 16:51:19.261034][UC][I] [METRIC DEBUG] TransportManager GetStatus START:2350227703773 [38606,38619][transport_manager.cpp:698,GetStatus]
[2026-08-24 16:51:19.261041][UC][I] [METRIC DEBUG] TransportManager GetStatus get record:2350227703781 [38606,38619][transport_manager.cpp:710,GetStatus]
[2026-08-24 16:51:19.261049][UC][I] [METRIC DEBUG] HIXL transport GetStatus START:2350227703788 [38606,38619][hixl_transport.cpp:689,GetStatus]
[2026-08-24 16:51:19.261057][UC][I] [METRIC DEBUG] HIXL transport GetStatus get lifecycle_lock:2350227703797 [38606,38619][hixl_transport.cpp:697,GetStatus]
[2026-08-24 16:51:19.261064][UC][I] [METRIC DEBUG] HIXL transport GetStatus get pending_mutex_:2350227703804 [38606,38619][hixl_transport.cpp:709,GetStatus]
[2026-08-24 16:51:19.261071][UC][I] [METRIC DEBUG] HIXL instance GetTransferStatus START:2350227703810 [38606,38619][hixl_instance.cpp:316,GetTransferStatus]
[2026-08-24 16:51:19.261083][UC][I] [METRIC DEBUG] HIXL instance GetTransferStatus RUN:2350227703823 [38606,38644][hixl_instance.cpp:321,operator()]
[2026-08-24 16:51:19.261114][UC][I] [METRIC DEBUG] HIXL transport GetStatus get task status:2350227703853 [38606,38619][hixl_transport.cpp:713,GetStatus]
[2026-08-24 16:51:19.261125][UC][I] [METRIC DEBUG] HIXL transport GetStatus return:2350227703865 [38606,38619][hixl_transport.cpp:728,GetStatus]
[2026-08-24 16:51:19.261131][UC][I] [METRIC DEBUG] TransportManager GetStatus get task status:2350227703871 [38606,38619][transport_manager.cpp:713,GetStatus]
[2026-08-24 16:51:19.261137][UC][I] [METRIC DEBUG] TransportManager GetStatus return:2350227703876 [38606,38619][transport_manager.cpp:738,GetStatus]
[2026-08-24 16:51:19.261141][UC][I] [METRIC DEBUG] TransportManager GetStatus START:2350227703881 [38606,38619][transport_manager.cpp:698,GetStatus]
[2026-08-24 16:51:19.261147][UC][I] [METRIC DEBUG] TransportManager GetStatus get record:2350227703887 [38606,38619][transport_manager.cpp:710,GetStatus]
[2026-08-24 16:51:19.261152][UC][I] [METRIC DEBUG] HIXL transport GetStatus START:2350227703892 [38606,38619][hixl_transport.cpp:689,GetStatus]
[2026-08-24 16:51:19.261158][UC][I] [METRIC DEBUG] HIXL transport GetStatus get lifecycle_lock:2350227703898 [38606,38619][hixl_transport.cpp:697,GetStatus]
[2026-08-24 16:51:19.261163][UC][I] [METRIC DEBUG] HIXL transport GetStatus get pending_mutex_:2350227703903 [38606,38619][hixl_transport.cpp:709,GetStatus]
[2026-08-24 16:51:19.261169][UC][I] [METRIC DEBUG] HIXL instance GetTransferStatus START:2350227703909 [38606,38619][hixl_instance.cpp:316,GetTransferStatus]
[2026-08-24 16:51:19.261180][UC][I] [METRIC DEBUG] HIXL instance GetTransferStatus RUN:2350227703920 [38606,38644][hixl_instance.cpp:321,operator()]
[2026-08-24 16:51:19.261197][UC][I] [METRIC DEBUG] HIXL transport GetStatus get task status:2350227703936 [38606,38619][hixl_transport.cpp:713,GetStatus]
[2026-08-24 16:51:19.261205][UC][I] [METRIC DEBUG] HIXL transport GetStatus return:2350227703945 [38606,38619][hixl_transport.cpp:728,GetStatus]
[2026-08-24 16:51:19.261238][UC][I] [METRIC DEBUG] TransportManager GetStatus get task status:2350227703977 [38606,38619][transport_manager.cpp:713,GetStatus]
[2026-08-24 16:51:19.261246][UC][I] [METRIC DEBUG] TransportManager GetStatus return:2350227703986 [38606,38619][transport_manager.cpp:738,GetStatus]
[2026-08-24 16:51:19.261253][UC][I] [METRIC DEBUG] TransportManager GetStatus START:2350227703993 [38606,38619][transport_manager.cpp:698,GetStatus]
[2026-08-24 16:51:19.261257][UC][I] [METRIC DEBUG] TransportManager GetStatus get record:2350227703997 [38606,38619][transport_manager.cpp:710,GetStatus]
[2026-08-24 16:51:19.261268][UC][I] [METRIC DEBUG] HIXL transport GetStatus START:2350227704007 [38606,38619][hixl_transport.cpp:689,GetStatus]
[2026-08-24 16:51:19.261277][UC][I] [METRIC DEBUG] HIXL transport GetStatus get lifecycle_lock:2350227704017 [38606,38619][hixl_transport.cpp:697,GetStatus]
[2026-08-24 16:51:19.261282][UC][I] [METRIC DEBUG] HIXL transport GetStatus get pending_mutex_:2350227704022 [38606,38619][hixl_transport.cpp:709,GetStatus]
[2026-08-24 16:51:19.261286][UC][I] [METRIC DEBUG] HIXL instance GetTransferStatus START:2350227704026 [38606,38619][hixl_instance.cpp:316,GetTransferStatus]
[2026-08-24 16:51:19.261300][UC][I] [METRIC DEBUG] HIXL instance GetTransferStatus RUN:2350227704039 [38606,38644][hixl_instance.cpp:321,operator()]
[2026-08-24 16:51:19.261313][UC][I] [METRIC DEBUG] HIXL transport GetStatus get task status:2350227704052 [38606,38619][hixl_transport.cpp:713,GetStatus]
[2026-08-24 16:51:19.261325][UC][I] [METRIC DEBUG] HIXL transport GetStatus return:2350227704065 [38606,38619][hixl_transport.cpp:728,GetStatus]
[2026-08-24 16:51:19.261329][UC][I] [METRIC DEBUG] TransportManager GetStatus get task status:2350227704069 [38606,38619][transport_manager.cpp:713,GetStatus]
[2026-08-24 16:51:19.261335][UC][I] [METRIC DEBUG] TransportManager GetStatus return:2350227704074 [38606,38619][transport_manager.cpp:738,GetStatus]
[2026-08-24 16:51:19.261341][UC][I] [METRIC DEBUG] TransportManager GetStatus START:2350227704081 [38606,38619][transport_manager.cpp:698,GetStatus]
[2026-08-24 16:51:19.261344][UC][I] [METRIC DEBUG] TransportManager GetStatus get record:2350227704084 [38606,38619][transport_manager.cpp:710,GetStatus]
[2026-08-24 16:51:19.261347][UC][I] [METRIC DEBUG] HIXL transport GetStatus START:2350227704087 [38606,38619][hixl_transport.cpp:689,GetStatus]
[2026-08-24 16:51:19.261351][UC][I] [METRIC DEBUG] HIXL transport GetStatus get lifecycle_lock:2350227704091 [38606,38619][hixl_transport.cpp:697,GetStatus]
[2026-08-24 16:51:19.261357][UC][I] [METRIC DEBUG] HIXL transport GetStatus get pending_mutex_:2350227704097 [38606,38619][hixl_transport.cpp:709,GetStatus]
[2026-08-24 16:51:19.261362][UC][I] [METRIC DEBUG] HIXL instance GetTransferStatus START:2350227704102 [38606,38619][hixl_instance.cpp:316,GetTransferStatus]
[2026-08-24 16:51:19.261372][UC][I] [METRIC DEBUG] HIXL instance GetTransferStatus RUN:2350227704111 [38606,38644][hixl_instance.cpp:321,operator()]
[2026-08-24 16:51:19.261385][UC][I] [METRIC DEBUG] HIXL transport GetStatus get task status:2350227704124 [38606,38619][hixl_transport.cpp:713,GetStatus]
[2026-08-24 16:51:19.261392][UC][I] [METRIC DEBUG] HIXL transport GetStatus return:2350227704132 [38606,38619][hixl_transport.cpp:728,GetStatus]
[2026-08-24 16:51:19.261397][UC][I] [METRIC DEBUG] TransportManager GetStatus get task status:2350227704137 [38606,38619][transport_manager.cpp:713,GetStatus]
[2026-08-24 16:51:19.261402][UC][I] [METRIC DEBUG] TransportManager GetStatus return:2350227704142 [38606,38619][transport_manager.cpp:738,GetStatus]
[2026-08-24 16:51:19.261408][UC][I] [METRIC DEBUG] TransportManager GetStatus START:2350227704148 [38606,38619][transport_manager.cpp:698,GetStatus]
[2026-08-24 16:51:19.261416][UC][I] [METRIC DEBUG] TransportManager GetStatus get record:2350227704155 [38606,38619][transport_manager.cpp:710,GetStatus]
[2026-08-24 16:51:19.261438][UC][I] [METRIC DEBUG] HIXL transport GetStatus START:2350227704177 [38606,38619][hixl_transport.cpp:689,GetStatus]
[2026-08-24 16:51:19.261446][UC][I] [METRIC DEBUG] HIXL transport GetStatus get lifecycle_lock:2350227704186 [38606,38619][hixl_transport.cpp:697,GetStatus]
[2026-08-24 16:51:19.261451][UC][I] [METRIC DEBUG] HIXL transport GetStatus get pending_mutex_:2350227704191 [38606,38619][hixl_transport.cpp:709,GetStatus]
[2026-08-24 16:51:19.261454][UC][I] [METRIC DEBUG] HIXL instance GetTransferStatus START:2350227704194 [38606,38619][hixl_instance.cpp:316,GetTransferStatus]
[2026-08-24 16:51:19.261462][UC][I] [METRIC DEBUG] HIXL instance GetTransferStatus RUN:2350227704202 [38606,38644][hixl_instance.cpp:321,operator()]
[2026-08-24 16:51:19.261477][UC][I] [METRIC DEBUG] HIXL transport GetStatus get task status:2350227704216 [38606,38619][hixl_transport.cpp:713,GetStatus]
[2026-08-24 16:51:19.261486][UC][I] [METRIC DEBUG] HIXL transport GetStatus return:2350227704226 [38606,38619][hixl_transport.cpp:728,GetStatus]
[2026-08-24 16:51:19.261491][UC][I] [METRIC DEBUG] TransportManager GetStatus get task status:2350227704231 [38606,38619][transport_manager.cpp:713,GetStatus]
[2026-08-24 16:51:19.261494][UC][I] [METRIC DEBUG] TransportManager GetStatus return:2350227704233 [38606,38619][transport_manager.cpp:738,GetStatus]
[2026-08-24 16:51:19.261499][UC][I] [METRIC DEBUG] TransportManager GetStatus START:2350227704239 [38606,38619][transport_manager.cpp:698,GetStatus]
[2026-08-24 16:51:19.261504][UC][I] [METRIC DEBUG] TransportManager GetStatus get record:2350227704244 [38606,38619][transport_manager.cpp:710,GetStatus]
[2026-08-24 16:51:19.261507][UC][I] [METRIC DEBUG] HIXL transport GetStatus START:2350227704247 [38606,38619][hixl_transport.cpp:689,GetStatus]
[2026-08-24 16:51:19.261510][UC][I] [METRIC DEBUG] HIXL transport GetStatus get lifecycle_lock:2350227704250 [38606,38619][hixl_transport.cpp:697,GetStatus]
[2026-08-24 16:51:19.261516][UC][I] [METRIC DEBUG] HIXL transport GetStatus get pending_mutex_:2350227704256 [38606,38619][hixl_transport.cpp:709,GetStatus]
[2026-08-24 16:51:19.261524][UC][I] [METRIC DEBUG] HIXL instance GetTransferStatus START:2350227704264 [38606,38619][hixl_instance.cpp:316,GetTransferStatus]
[2026-08-24 16:51:19.261532][UC][I] [METRIC DEBUG] HIXL instance GetTransferStatus RUN:2350227704272 [38606,38644][hixl_instance.cpp:321,operator()]
[2026-08-24 16:51:19.261547][UC][I] [METRIC DEBUG] HIXL transport GetStatus get task status:2350227704287 [38606,38619][hixl_transport.cpp:713,GetStatus]
[2026-08-24 16:51:19.261555][UC][I] [METRIC DEBUG] HIXL transport GetStatus return:2350227704294 [38606,38619][hixl_transport.cpp:728,GetStatus]
[2026-08-24 16:51:19.261561][UC][I] [METRIC DEBUG] TransportManager GetStatus get task status:2350227704300 [38606,38619][transport_manager.cpp:713,GetStatus]
[2026-08-24 16:51:19.261565][UC][I] [METRIC DEBUG] TransportManager GetStatus return:2350227704305 [38606,38619][transport_manager.cpp:738,GetStatus]
[2026-08-24 16:51:19.261571][UC][I] [METRIC DEBUG] TransportManager GetStatus START:2350227704311 [38606,38619][transport_manager.cpp:698,GetStatus]
[2026-08-24 16:51:19.261580][UC][I] [METRIC DEBUG] TransportManager GetStatus get record:2350227704319 [38606,38619][transport_manager.cpp:710,GetStatus]
[2026-08-24 16:51:19.261585][UC][I] [METRIC DEBUG] HIXL transport GetStatus START:2350227704325 [38606,38619][hixl_transport.cpp:689,GetStatus]
[2026-08-24 16:51:19.261588][UC][I] [METRIC DEBUG] HIXL transport GetStatus get lifecycle_lock:2350227704328 [38606,38619][hixl_transport.cpp:697,GetStatus]
[2026-08-24 16:51:19.261593][UC][I] [METRIC DEBUG] HIXL transport GetStatus get pending_mutex_:2350227704333 [38606,38619][hixl_transport.cpp:709,GetStatus]
[2026-08-24 16:51:19.261600][UC][I] [METRIC DEBUG] HIXL instance GetTransferStatus START:2350227704340 [38606,38619][hixl_instance.cpp:316,GetTransferStatus]
[2026-08-24 16:51:19.261613][UC][I] [METRIC DEBUG] HIXL instance GetTransferStatus RUN:2350227704353 [38606,38644][hixl_instance.cpp:321,operator()]
[2026-08-24 16:51:19.261645][UC][I] [METRIC DEBUG] HIXL transport GetStatus get task status:2350227704385 [38606,38619][hixl_transport.cpp:713,GetStatus]
[2026-08-24 16:51:19.261654][UC][I] [METRIC DEBUG] HIXL transport GetStatus return:2350227704394 [38606,38619][hixl_transport.cpp:728,GetStatus]
[2026-08-24 16:51:19.261661][UC][I] [METRIC DEBUG] TransportManager GetStatus get task status:2350227704401 [38606,38619][transport_manager.cpp:713,GetStatus]
[2026-08-24 16:51:19.261666][UC][I] [METRIC DEBUG] TransportManager GetStatus return:2350227704406 [38606,38619][transport_manager.cpp:738,GetStatus]
[2026-08-24 16:51:19.261671][UC][I] [METRIC DEBUG] TransportManager GetStatus START:2350227704411 [38606,38619][transport_manager.cpp:698,GetStatus]
[2026-08-24 16:51:19.261678][UC][I] [METRIC DEBUG] TransportManager GetStatus get record:2350227704418 [38606,38619][transport_manager.cpp:710,GetStatus]
[2026-08-24 16:51:19.261685][UC][I] [METRIC DEBUG] HIXL transport GetStatus START:2350227704425 [38606,38619][hixl_transport.cpp:689,GetStatus]
[2026-08-24 16:51:19.261689][UC][I] [METRIC DEBUG] HIXL transport GetStatus get lifecycle_lock:2350227704429 [38606,38619][hixl_transport.cpp:697,GetStatus]
[2026-08-24 16:51:19.261695][UC][I] [METRIC DEBUG] HIXL transport GetStatus get pending_mutex_:2350227704435 [38606,38619][hixl_transport.cpp:709,GetStatus]
[2026-08-24 16:51:19.261702][UC][I] [METRIC DEBUG] HIXL instance GetTransferStatus START:2350227704442 [38606,38619][hixl_instance.cpp:316,GetTransferStatus]
[2026-08-24 16:51:19.261713][UC][I] [METRIC DEBUG] HIXL instance GetTransferStatus RUN:2350227704453 [38606,38644][hixl_instance.cpp:321,operator()]
[2026-08-24 16:51:19.261726][UC][I] [METRIC DEBUG] HIXL transport GetStatus get task status:2350227704466 [38606,38619][hixl_transport.cpp:713,GetStatus]
[2026-08-24 16:51:19.261738][UC][I] [METRIC DEBUG] HIXL transport GetStatus return:2350227704477 [38606,38619][hixl_transport.cpp:728,GetStatus]
[2026-08-24 16:51:19.261743][UC][I] [METRIC DEBUG] TransportManager GetStatus get task status:2350227704482 [38606,38619][transport_manager.cpp:713,GetStatus]
[2026-08-24 16:51:19.261747][UC][I] [METRIC DEBUG] TransportManager GetStatus return:2350227704487 [38606,38619][transport_manager.cpp:738,GetStatus]
[2026-08-24 16:51:19.261754][UC][I] [METRIC DEBUG] TransportManager GetStatus START:2350227704494 [38606,38619][transport_manager.cpp:698,GetStatus]
[2026-08-24 16:51:19.261758][UC][I] [METRIC DEBUG] TransportManager GetStatus get record:2350227704498 [38606,38619][transport_manager.cpp:710,GetStatus]
[2026-08-24 16:51:19.261762][UC][I] [METRIC DEBUG] HIXL transport GetStatus START:2350227704502 [38606,38619][hixl_transport.cpp:689,GetStatus]
[2026-08-24 16:51:19.261766][UC][I] [METRIC DEBUG] HIXL transport GetStatus get lifecycle_lock:2350227704505 [38606,38619][hixl_transport.cpp:697,GetStatus]
[2026-08-24 16:51:19.261773][UC][I] [METRIC DEBUG] HIXL transport GetStatus get pending_mutex_:2350227704512 [38606,38619][hixl_transport.cpp:709,GetStatus]
[2026-08-24 16:51:19.261780][UC][I] [METRIC DEBUG] HIXL instance GetTransferStatus START:2350227704519 [38606,38619][hixl_instance.cpp:316,GetTransferStatus]
[2026-08-24 16:51:19.261792][UC][I] [METRIC DEBUG] HIXL instance GetTransferStatus RUN:2350227704531 [38606,38644][hixl_instance.cpp:321,operator()]
[2026-08-24 16:51:19.261805][UC][I] [METRIC DEBUG] HIXL transport GetStatus get task status:2350227704545 [38606,38619][hixl_transport.cpp:713,GetStatus]
[2026-08-24 16:51:19.261811][UC][I] [METRIC DEBUG] HIXL transport GetStatus return:2350227704551 [38606,38619][hixl_transport.cpp:728,GetStatus]
[2026-08-24 16:51:19.261817][UC][I] [METRIC DEBUG] TransportManager GetStatus get task status:2350227704557 [38606,38619][transport_manager.cpp:713,GetStatus]
[2026-08-24 16:51:19.261826][UC][I] [METRIC DEBUG] TransportManager GetStatus return:2350227704565 [38606,38619][transport_manager.cpp:738,GetStatus]
[2026-08-24 16:51:19.261831][UC][I] [METRIC DEBUG] TransportManager GetStatus START:2350227704570 [38606,38619][transport_manager.cpp:698,GetStatus]
[2026-08-24 16:51:19.261848][UC][I] [METRIC DEBUG] TransportManager GetStatus get record:2350227704588 [38606,38619][transport_manager.cpp:710,GetStatus]
[2026-08-24 16:51:19.261854][UC][I] [METRIC DEBUG] HIXL transport GetStatus START:2350227704594 [38606,38619][hixl_transport.cpp:689,GetStatus]
[2026-08-24 16:51:19.261861][UC][I] [METRIC DEBUG] HIXL transport GetStatus get lifecycle_lock:2350227704600 [38606,38619][hixl_transport.cpp:697,GetStatus]
[2026-08-24 16:51:19.261867][UC][I] [METRIC DEBUG] HIXL transport GetStatus get pending_mutex_:2350227704607 [38606,38619][hixl_transport.cpp:709,GetStatus]
[2026-08-24 16:51:19.261871][UC][I] [METRIC DEBUG] HIXL instance GetTransferStatus START:2350227704610 [38606,38619][hixl_instance.cpp:316,GetTransferStatus]
[2026-08-24 16:51:19.261879][UC][I] [METRIC DEBUG] HIXL instance GetTransferStatus RUN:2350227704618 [38606,38644][hixl_instance.cpp:321,operator()]
[2026-08-24 16:51:19.261892][UC][I] [METRIC DEBUG] HIXL transport GetStatus get task status:2350227704632 [38606,38619][hixl_transport.cpp:713,GetStatus]
[2026-08-24 16:51:19.261901][UC][I] [METRIC DEBUG] HIXL transport GetStatus return:2350227704641 [38606,38619][hixl_transport.cpp:728,GetStatus]
[2026-08-24 16:51:19.261906][UC][I] [METRIC DEBUG] TransportManager GetStatus get task status:2350227704646 [38606,38619][transport_manager.cpp:713,GetStatus]
[2026-08-24 16:51:19.261914][UC][I] [METRIC DEBUG] TransportManager GetStatus return:2350227704654 [38606,38619][transport_manager.cpp:738,GetStatus]
[2026-08-24 16:51:19.261922][UC][I] [METRIC DEBUG] TransportManager GetStatus START:2350227704662 [38606,38619][transport_manager.cpp:698,GetStatus]
[2026-08-24 16:51:19.261927][UC][I] [METRIC DEBUG] TransportManager GetStatus get record:2350227704667 [38606,38619][transport_manager.cpp:710,GetStatus]
[2026-08-24 16:51:19.261931][UC][I] [METRIC DEBUG] HIXL transport GetStatus START:2350227704671 [38606,38619][hixl_transport.cpp:689,GetStatus]
[2026-08-24 16:51:19.261938][UC][I] [METRIC DEBUG] HIXL transport GetStatus get lifecycle_lock:2350227704677 [38606,38619][hixl_transport.cpp:697,GetStatus]
[2026-08-24 16:51:19.261943][UC][I] [METRIC DEBUG] HIXL transport GetStatus get pending_mutex_:2350227704683 [38606,38619][hixl_transport.cpp:709,GetStatus]
[2026-08-24 16:51:19.261950][UC][I] [METRIC DEBUG] HIXL instance GetTransferStatus START:2350227704689 [38606,38619][hixl_instance.cpp:316,GetTransferStatus]
[2026-08-24 16:51:19.261960][UC][I] [METRIC DEBUG] HIXL instance GetTransferStatus RUN:2350227704700 [38606,38644][hixl_instance.cpp:321,operator()]
[2026-08-24 16:51:19.261972][UC][I] [METRIC DEBUG] HIXL transport GetStatus get task status:2350227704712 [38606,38619][hixl_transport.cpp:713,GetStatus]
[2026-08-24 16:51:19.261981][UC][I] [METRIC DEBUG] HIXL transport GetStatus return:2350227704721 [38606,38619][hixl_transport.cpp:728,GetStatus]
[2026-08-24 16:51:19.261988][UC][I] [METRIC DEBUG] TransportManager GetStatus get task status:2350227704728 [38606,38619][transport_manager.cpp:713,GetStatus]
[2026-08-24 16:51:19.261995][UC][I] [METRIC DEBUG] TransportManager GetStatus return:2350227704735 [38606,38619][transport_manager.cpp:738,GetStatus]
[2026-08-24 16:51:19.262001][UC][I] [METRIC DEBUG] TransportManager GetStatus START:2350227704741 [38606,38619][transport_manager.cpp:698,GetStatus]
[2026-08-24 16:51:19.262005][UC][I] [METRIC DEBUG] TransportManager GetStatus get record:2350227704745 [38606,38619][transport_manager.cpp:710,GetStatus]
[2026-08-24 16:51:19.262011][UC][I] [METRIC DEBUG] HIXL transport GetStatus START:2350227704750 [38606,38619][hixl_transport.cpp:689,GetStatus]
[2026-08-24 16:51:19.262018][UC][I] [METRIC DEBUG] HIXL transport GetStatus get lifecycle_lock:2350227704757 [38606,38619][hixl_transport.cpp:697,GetStatus]
[2026-08-24 16:51:19.262025][UC][I] [METRIC DEBUG] HIXL transport GetStatus get pending_mutex_:2350227704765 [38606,38619][hixl_transport.cpp:709,GetStatus]
[2026-08-24 16:51:19.262033][UC][I] [METRIC DEBUG] HIXL instance GetTransferStatus START:2350227704772 [38606,38619][hixl_instance.cpp:316,GetTransferStatus]
[2026-08-24 16:51:19.262054][UC][I] [METRIC DEBUG] HIXL instance GetTransferStatus RUN:2350227704794 [38606,38644][hixl_instance.cpp:321,operator()]
[2026-08-24 16:51:19.262067][UC][I] [METRIC DEBUG] HIXL transport GetStatus get task status:2350227704807 [38606,38619][hixl_transport.cpp:713,GetStatus]
[2026-08-24 16:51:19.262075][UC][I] [METRIC DEBUG] HIXL transport GetStatus return:2350227704815 [38606,38619][hixl_transport.cpp:728,GetStatus]
[2026-08-24 16:51:19.262082][UC][I] [METRIC DEBUG] TransportManager GetStatus get task status:2350227704821 [38606,38619][transport_manager.cpp:713,GetStatus]
[2026-08-24 16:51:19.262089][UC][I] [METRIC DEBUG] TransportManager GetStatus return:2350227704829 [38606,38619][transport_manager.cpp:738,GetStatus]
[2026-08-24 16:51:19.262095][UC][I] [METRIC DEBUG] TransportManager GetStatus START:2350227704835 [38606,38619][transport_manager.cpp:698,GetStatus]
[2026-08-24 16:51:19.262100][UC][I] [METRIC DEBUG] TransportManager GetStatus get record:2350227704840 [38606,38619][transport_manager.cpp:710,GetStatus]
[2026-08-24 16:51:19.262105][UC][I] [METRIC DEBUG] HIXL transport GetStatus START:2350227704845 [38606,38619][hixl_transport.cpp:689,GetStatus]
[2026-08-24 16:51:19.262113][UC][I] [METRIC DEBUG] HIXL transport GetStatus get lifecycle_lock:2350227704852 [38606,38619][hixl_transport.cpp:697,GetStatus]
[2026-08-24 16:51:19.262117][UC][I] [METRIC DEBUG] HIXL transport GetStatus get pending_mutex_:2350227704857 [38606,38619][hixl_transport.cpp:709,GetStatus]
[2026-08-24 16:51:19.262124][UC][I] [METRIC DEBUG] HIXL instance GetTransferStatus START:2350227704864 [38606,38619][hixl_instance.cpp:316,GetTransferStatus]
[2026-08-24 16:51:19.262136][UC][I] [METRIC DEBUG] HIXL instance GetTransferStatus RUN:2350227704875 [38606,38644][hixl_instance.cpp:321,operator()]
[2026-08-24 16:51:19.262148][UC][I] [METRIC DEBUG] HIXL transport GetStatus get task status:2350227704888 [38606,38619][hixl_transport.cpp:713,GetStatus]
[2026-08-24 16:51:19.262155][UC][I] [METRIC DEBUG] HIXL transport GetStatus return:2350227704895 [38606,38619][hixl_transport.cpp:728,GetStatus]
[2026-08-24 16:51:19.262162][UC][I] [METRIC DEBUG] TransportManager GetStatus get task status:2350227704901 [38606,38619][transport_manager.cpp:713,GetStatus]
[2026-08-24 16:51:19.262169][UC][I] [METRIC DEBUG] TransportManager GetStatus return:2350227704908 [38606,38619][transport_manager.cpp:738,GetStatus]
[2026-08-24 16:51:19.262173][UC][I] [METRIC DEBUG] TransportManager GetStatus START:2350227704913 [38606,38619][transport_manager.cpp:698,GetStatus]
[2026-08-24 16:51:19.262179][UC][I] [METRIC DEBUG] TransportManager GetStatus get record:2350227704918 [38606,38619][transport_manager.cpp:710,GetStatus]
[2026-08-24 16:51:19.262186][UC][I] [METRIC DEBUG] HIXL transport GetStatus START:2350227704925 [38606,38619][hixl_transport.cpp:689,GetStatus]
[2026-08-24 16:51:19.262192][UC][I] [METRIC DEBUG] HIXL transport GetStatus get lifecycle_lock:2350227704932 [38606,38619][hixl_transport.cpp:697,GetStatus]
[2026-08-24 16:51:19.262199][UC][I] [METRIC DEBUG] HIXL transport GetStatus get pending_mutex_:2350227704939 [38606,38619][hixl_transport.cpp:709,GetStatus]
[2026-08-24 16:51:19.262204][UC][I] [METRIC DEBUG] HIXL instance GetTransferStatus START:2350227704944 [38606,38619][hixl_instance.cpp:316,GetTransferStatus]
[2026-08-24 16:51:19.262212][UC][I] [METRIC DEBUG] HIXL instance GetTransferStatus RUN:2350227704952 [38606,38644][hixl_instance.cpp:321,operator()]
[2026-08-24 16:51:19.262228][UC][I] [METRIC DEBUG] HIXL transport GetStatus get task status:2350227704967 [38606,38619][hixl_transport.cpp:713,GetStatus]
[2026-08-24 16:51:19.262237][UC][I] [METRIC DEBUG] HIXL transport GetStatus return:2350227704977 [38606,38619][hixl_transport.cpp:728,GetStatus]
[2026-08-24 16:51:19.262242][UC][I] [METRIC DEBUG] TransportManager GetStatus get task status:2350227704982 [38606,38619][transport_manager.cpp:713,GetStatus]
[2026-08-24 16:51:19.262246][UC][I] [METRIC DEBUG] TransportManager GetStatus return:2350227704986 [38606,38619][transport_manager.cpp:738,GetStatus]
[2026-08-24 16:51:19.262262][UC][I] [METRIC DEBUG] TransportManager GetStatus START:2350227705001 [38606,38619][transport_manager.cpp:698,GetStatus]
[2026-08-24 16:51:19.262269][UC][I] [METRIC DEBUG] TransportManager GetStatus get record:2350227705009 [38606,38619][transport_manager.cpp:710,GetStatus]
[2026-08-24 16:51:19.262274][UC][I] [METRIC DEBUG] HIXL transport GetStatus START:2350227705014 [38606,38619][hixl_transport.cpp:689,GetStatus]
[2026-08-24 16:51:19.262279][UC][I] [METRIC DEBUG] HIXL transport GetStatus get lifecycle_lock:2350227705019 [38606,38619][hixl_transport.cpp:697,GetStatus]
[2026-08-24 16:51:19.262285][UC][I] [METRIC DEBUG] HIXL transport GetStatus get pending_mutex_:2350227705024 [38606,38619][hixl_transport.cpp:709,GetStatus]
[2026-08-24 16:51:19.262288][UC][I] [METRIC DEBUG] HIXL instance GetTransferStatus START:2350227705028 [38606,38619][hixl_instance.cpp:316,GetTransferStatus]
[2026-08-24 16:51:19.262298][UC][I] [METRIC DEBUG] HIXL instance GetTransferStatus RUN:2350227705037 [38606,38644][hixl_instance.cpp:321,operator()]
[2026-08-24 16:51:19.262310][UC][I] [METRIC DEBUG] HIXL transport GetStatus get task status:2350227705050 [38606,38619][hixl_transport.cpp:713,GetStatus]
[2026-08-24 16:51:19.262319][UC][I] [METRIC DEBUG] HIXL transport GetStatus return:2350227705058 [38606,38619][hixl_transport.cpp:728,GetStatus]
[2026-08-24 16:51:19.262326][UC][I] [METRIC DEBUG] TransportManager GetStatus get task status:2350227705066 [38606,38619][transport_manager.cpp:713,GetStatus]
[2026-08-24 16:51:19.262332][UC][I] [METRIC DEBUG] TransportManager GetStatus return:2350227705072 [38606,38619][transport_manager.cpp:738,GetStatus]
[2026-08-24 16:51:19.262340][UC][I] [METRIC DEBUG] TransportManager GetStatus START:2350227705080 [38606,38619][transport_manager.cpp:698,GetStatus]
[2026-08-24 16:51:19.262344][UC][I] [METRIC DEBUG] TransportManager GetStatus get record:2350227705084 [38606,38619][transport_manager.cpp:710,GetStatus]
[2026-08-24 16:51:19.262351][UC][I] [METRIC DEBUG] HIXL transport GetStatus START:2350227705091 [38606,38619][hixl_transport.cpp:689,GetStatus]
[2026-08-24 16:51:19.262359][UC][I] [METRIC DEBUG] HIXL transport GetStatus get lifecycle_lock:2350227705098 [38606,38619][hixl_transport.cpp:697,GetStatus]
[2026-08-24 16:51:19.262363][UC][I] [METRIC DEBUG] HIXL transport GetStatus get pending_mutex_:2350227705103 [38606,38619][hixl_transport.cpp:709,GetStatus]
[2026-08-24 16:51:19.262371][UC][I] [METRIC DEBUG] HIXL instance GetTransferStatus START:2350227705111 [38606,38619][hixl_instance.cpp:316,GetTransferStatus]
[2026-08-24 16:51:19.262382][UC][I] [METRIC DEBUG] HIXL instance GetTransferStatus RUN:2350227705122 [38606,38644][hixl_instance.cpp:321,operator()]
[2026-08-24 16:51:19.262394][UC][I] [METRIC DEBUG] HIXL transport GetStatus get task status:2350227705134 [38606,38619][hixl_transport.cpp:713,GetStatus]
[2026-08-24 16:51:19.262406][UC][I] [METRIC DEBUG] HIXL transport GetStatus return:2350227705146 [38606,38619][hixl_transport.cpp:728,GetStatus]
[2026-08-24 16:51:19.262412][UC][I] [METRIC DEBUG] TransportManager GetStatus get task status:2350227705151 [38606,38619][transport_manager.cpp:713,GetStatus]
[2026-08-24 16:51:19.262416][UC][I] [METRIC DEBUG] TransportManager GetStatus return:2350227705156 [38606,38619][transport_manager.cpp:738,GetStatus]
[2026-08-24 16:51:19.262422][UC][I] [METRIC DEBUG] TransportManager GetStatus START:2350227705161 [38606,38619][transport_manager.cpp:698,GetStatus]
[2026-08-24 16:51:19.262426][UC][I] [METRIC DEBUG] TransportManager GetStatus get record:2350227705166 [38606,38619][transport_manager.cpp:710,GetStatus]
[2026-08-24 16:51:19.262432][UC][I] [METRIC DEBUG] HIXL transport GetStatus START:2350227705172 [38606,38619][hixl_transport.cpp:689,GetStatus]
[2026-08-24 16:51:19.262439][UC][I] [METRIC DEBUG] HIXL transport GetStatus get lifecycle_lock:2350227705179 [38606,38619][hixl_transport.cpp:697,GetStatus]
[2026-08-24 16:51:19.262443][UC][I] [METRIC DEBUG] HIXL transport GetStatus get pending_mutex_:2350227705183 [38606,38619][hixl_transport.cpp:709,GetStatus]
[2026-08-24 16:51:19.262464][UC][I] [METRIC DEBUG] HIXL instance GetTransferStatus START:2350227705204 [38606,38619][hixl_instance.cpp:316,GetTransferStatus]
[2026-08-24 16:51:19.262477][UC][I] [METRIC DEBUG] HIXL instance GetTransferStatus RUN:2350227705216 [38606,38644][hixl_instance.cpp:321,operator()]
[2026-08-24 16:51:19.262489][UC][I] [METRIC DEBUG] HIXL transport GetStatus get task status:2350227705228 [38606,38619][hixl_transport.cpp:713,GetStatus]
[2026-08-24 16:51:19.262502][UC][I] [METRIC DEBUG] HIXL transport GetStatus return:2350227705241 [38606,38619][hixl_transport.cpp:728,GetStatus]
[2026-08-24 16:51:19.262507][UC][I] [METRIC DEBUG] TransportManager GetStatus get task status:2350227705247 [38606,38619][transport_manager.cpp:713,GetStatus]
[2026-08-24 16:51:19.262510][UC][I] [METRIC DEBUG] TransportManager GetStatus return:2350227705250 [38606,38619][transport_manager.cpp:738,GetStatus]
[2026-08-24 16:51:19.262514][UC][I] [METRIC DEBUG] TransportManager GetStatus START:2350227705254 [38606,38619][transport_manager.cpp:698,GetStatus]
[2026-08-24 16:51:19.262519][UC][I] [METRIC DEBUG] TransportManager GetStatus get record:2350227705258 [38606,38619][transport_manager.cpp:710,GetStatus]
[2026-08-24 16:51:19.262522][UC][I] [METRIC DEBUG] HIXL transport GetStatus START:2350227705262 [38606,38619][hixl_transport.cpp:689,GetStatus]
[2026-08-24 16:51:19.262526][UC][I] [METRIC DEBUG] HIXL transport GetStatus get lifecycle_lock:2350227705265 [38606,38619][hixl_transport.cpp:697,GetStatus]
[2026-08-24 16:51:19.262529][UC][I] [METRIC DEBUG] HIXL transport GetStatus get pending_mutex_:2350227705269 [38606,38619][hixl_transport.cpp:709,GetStatus]
[2026-08-24 16:51:19.262533][UC][I] [METRIC DEBUG] HIXL instance GetTransferStatus START:2350227705272 [38606,38619][hixl_instance.cpp:316,GetTransferStatus]
[2026-08-24 16:51:19.262545][UC][I] [METRIC DEBUG] HIXL instance GetTransferStatus RUN:2350227705284 [38606,38644][hixl_instance.cpp:321,operator()]
[2026-08-24 16:51:19.262570][UC][I] [METRIC DEBUG] HIXL transport GetStatus get task status:2350227705310 [38606,38619][hixl_transport.cpp:713,GetStatus]
[2026-08-24 16:51:19.262576][UC][I] [METRIC DEBUG] HIXL transport GetStatus return:2350227705315 [38606,38619][hixl_transport.cpp:728,GetStatus]
[2026-08-24 16:51:19.262581][UC][I] [METRIC DEBUG] TransportManager GetStatus get task status:2350227705320 [38606,38619][transport_manager.cpp:713,GetStatus]
[2026-08-24 16:51:19.262584][UC][I] [METRIC DEBUG] TransportManager GetStatus return:2350227705324 [38606,38619][transport_manager.cpp:738,GetStatus]
[2026-08-24 16:51:19.262590][UC][I] [METRIC DEBUG] TransportManager GetStatus START:2350227705329 [38606,38619][transport_manager.cpp:698,GetStatus]
[2026-08-24 16:51:19.262594][UC][I] [METRIC DEBUG] TransportManager GetStatus get record:2350227705334 [38606,38619][transport_manager.cpp:710,GetStatus]
[2026-08-24 16:51:19.262599][UC][I] [METRIC DEBUG] HIXL transport GetStatus START:2350227705339 [38606,38619][hixl_transport.cpp:689,GetStatus]
[2026-08-24 16:51:19.262602][UC][I] [METRIC DEBUG] HIXL transport GetStatus get lifecycle_lock:2350227705342 [38606,38619][hixl_transport.cpp:697,GetStatus]
[2026-08-24 16:51:19.262606][UC][I] [METRIC DEBUG] HIXL transport GetStatus get pending_mutex_:2350227705346 [38606,38619][hixl_transport.cpp:709,GetStatus]
[2026-08-24 16:51:19.262611][UC][I] [METRIC DEBUG] HIXL instance GetTransferStatus START:2350227705351 [38606,38619][hixl_instance.cpp:316,GetTransferStatus]
[2026-08-24 16:51:19.262620][UC][I] [METRIC DEBUG] HIXL instance GetTransferStatus RUN:2350227705359 [38606,38644][hixl_instance.cpp:321,operator()]
[2026-08-24 16:51:19.262632][UC][I] [METRIC DEBUG] HIXL transport GetStatus get task status:2350227705372 [38606,38619][hixl_transport.cpp:713,GetStatus]
[2026-08-24 16:51:19.262638][UC][I] [METRIC DEBUG] HIXL transport GetStatus return:2350227705378 [38606,38619][hixl_transport.cpp:728,GetStatus]
[2026-08-24 16:51:19.262644][UC][I] [METRIC DEBUG] TransportManager GetStatus get task status:2350227705383 [38606,38619][transport_manager.cpp:713,GetStatus]
[2026-08-24 16:51:19.262656][UC][I] [METRIC DEBUG] TransportManager GetStatus return:2350227705396 [38606,38619][transport_manager.cpp:738,GetStatus]
[2026-08-24 16:51:19.262662][UC][I] [METRIC DEBUG] TransportManager GetStatus START:2350227705402 [38606,38619][transport_manager.cpp:698,GetStatus]
[2026-08-24 16:51:19.262666][UC][I] [METRIC DEBUG] TransportManager GetStatus get record:2350227705406 [38606,38619][transport_manager.cpp:710,GetStatus]
[2026-08-24 16:51:19.262672][UC][I] [METRIC DEBUG] HIXL transport GetStatus START:2350227705412 [38606,38619][hixl_transport.cpp:689,GetStatus]
[2026-08-24 16:51:19.262676][UC][I] [METRIC DEBUG] HIXL transport GetStatus get lifecycle_lock:2350227705416 [38606,38619][hixl_transport.cpp:697,GetStatus]
[2026-08-24 16:51:19.262680][UC][I] [METRIC DEBUG] HIXL transport GetStatus get pending_mutex_:2350227705420 [38606,38619][hixl_transport.cpp:709,GetStatus]
[2026-08-24 16:51:19.262684][UC][I] [METRIC DEBUG] HIXL instance GetTransferStatus START:2350227705424 [38606,38619][hixl_instance.cpp:316,GetTransferStatus]
[2026-08-24 16:51:19.262691][UC][I] [METRIC DEBUG] HIXL instance GetTransferStatus RUN:2350227705431 [38606,38644][hixl_instance.cpp:321,operator()]
[2026-08-24 16:51:19.262703][UC][I] [METRIC DEBUG] HIXL transport GetStatus get task status:2350227705443 [38606,38619][hixl_transport.cpp:713,GetStatus]
[2026-08-24 16:51:19.262709][UC][I] [METRIC DEBUG] HIXL transport GetStatus return:2350227705449 [38606,38619][hixl_transport.cpp:728,GetStatus]
[2026-08-24 16:51:19.262714][UC][I] [METRIC DEBUG] TransportManager GetStatus get task status:2350227705454 [38606,38619][transport_manager.cpp:713,GetStatus]
[2026-08-24 16:51:19.262717][UC][I] [METRIC DEBUG] TransportManager GetStatus return:2350227705457 [38606,38619][transport_manager.cpp:738,GetStatus]
[2026-08-24 16:51:19.262721][UC][I] [METRIC DEBUG] TransportManager GetStatus START:2350227705461 [38606,38619][transport_manager.cpp:698,GetStatus]
[2026-08-24 16:51:19.262724][UC][I] [METRIC DEBUG] TransportManager GetStatus get record:2350227705464 [38606,38619][transport_manager.cpp:710,GetStatus]
[2026-08-24 16:51:19.262728][UC][I] [METRIC DEBUG] HIXL transport GetStatus START:2350227705468 [38606,38619][hixl_transport.cpp:689,GetStatus]
[2026-08-24 16:51:19.262734][UC][I] [METRIC DEBUG] HIXL transport GetStatus get lifecycle_lock:2350227705474 [38606,38619][hixl_transport.cpp:697,GetStatus]
[2026-08-24 16:51:19.262738][UC][I] [METRIC DEBUG] HIXL transport GetStatus get pending_mutex_:2350227705478 [38606,38619][hixl_transport.cpp:709,GetStatus]
[2026-08-24 16:51:19.262744][UC][I] [METRIC DEBUG] HIXL instance GetTransferStatus START:2350227705484 [38606,38619][hixl_instance.cpp:316,GetTransferStatus]
[2026-08-24 16:51:19.262754][UC][I] [METRIC DEBUG] HIXL instance GetTransferStatus RUN:2350227705493 [38606,38644][hixl_instance.cpp:321,operator()]
[2026-08-24 16:51:19.262766][UC][I] [METRIC DEBUG] HIXL transport GetStatus get task status:2350227705505 [38606,38619][hixl_transport.cpp:713,GetStatus]
[2026-08-24 16:51:19.262772][UC][I] [METRIC DEBUG] HIXL transport GetStatus return:2350227705512 [38606,38619][hixl_transport.cpp:728,GetStatus]
[2026-08-24 16:51:19.262778][UC][I] [METRIC DEBUG] TransportManager GetStatus get task status:2350227705517 [38606,38619][transport_manager.cpp:713,GetStatus]
[2026-08-24 16:51:19.262781][UC][I] [METRIC DEBUG] TransportManager GetStatus return:2350227705521 [38606,38619][transport_manager.cpp:738,GetStatus]
[2026-08-24 16:51:19.262785][UC][I] [METRIC DEBUG] TransportManager GetStatus START:2350227705525 [38606,38619][transport_manager.cpp:698,GetStatus]
[2026-08-24 16:51:19.262790][UC][I] [METRIC DEBUG] TransportManager GetStatus get record:2350227705530 [38606,38619][transport_manager.cpp:710,GetStatus]
[2026-08-24 16:51:19.262793][UC][I] [METRIC DEBUG] HIXL transport GetStatus START:2350227705532 [38606,38619][hixl_transport.cpp:689,GetStatus]
[2026-08-24 16:51:19.262796][UC][I] [METRIC DEBUG] HIXL transport GetStatus get lifecycle_lock:2350227705536 [38606,38619][hixl_transport.cpp:697,GetStatus]
[2026-08-24 16:51:19.262807][UC][I] [METRIC DEBUG] HIXL transport GetStatus get pending_mutex_:2350227705547 [38606,38619][hixl_transport.cpp:709,GetStatus]
[2026-08-24 16:51:19.262811][UC][I] [METRIC DEBUG] HIXL instance GetTransferStatus START:2350227705551 [38606,38619][hixl_instance.cpp:316,GetTransferStatus]
[2026-08-24 16:51:19.262819][UC][I] [METRIC DEBUG] HIXL instance GetTransferStatus RUN:2350227705558 [38606,38644][hixl_instance.cpp:321,operator()]
[2026-08-24 16:51:19.262842][UC][I] [METRIC DEBUG] HIXL transport GetStatus get task status:2350227705582 [38606,38619][hixl_transport.cpp:713,GetStatus]
[2026-08-24 16:51:19.262850][UC][I] [METRIC DEBUG] HIXL transport GetStatus return:2350227705590 [38606,38619][hixl_transport.cpp:728,GetStatus]
[2026-08-24 16:51:19.262854][UC][I] [METRIC DEBUG] TransportManager GetStatus get task status:2350227705594 [38606,38619][transport_manager.cpp:713,GetStatus]
[2026-08-24 16:51:19.262858][UC][I] [PERF] component=transport event=transfer_done manager=127.0.0.1:8000 target=127.0.0.1:4500 handle=1 transport_handle=1 opcode=1 direct=2 segments=1 bytes=10 status=1 api_status=0 submitted_ts_us=1787561479260970 completed_ts_us=1787561479262857 manager_get_status_ts_us=1787561479262785 backend_query_ts_us=1787561479262826 submit_us=1808 transfer_us=1887 manager_to_backend_query_us=33 total_us=3695 [38606,38619][transport_manager.cpp:717,GetStatus]
[2026-08-24 16:51:19.262866][UC][I] [METRIC DEBUG] TransportManager GetStatus return:2350227705605 [38606,38619][transport_manager.cpp:738,GetStatus]
[2026-08-24 16:51:19.262876][UC][I] [PERF] component=drampool event=request_done request_id=1 opcode=0 peer=127.0.0.1:4500 batch_size=2 data_bytes=0 failed_items=0 status=SUCCESS failed_stage=NONE received_ts_us=1787561479258957 worker_started_ts_us=1787561479258998 data_transfer_submitted_ts_us=0 data_transfer_completed_ts_us=0 response_submitted_ts_us=1787561479261031 completed_ts_us=1787561479262872 data_tm_execute_async_ts_us=0 data_hixl_execute_async_ts_us=0 data_tm_get_status_ts_us=0 data_hixl_query_handle_ts_us=0 response_tm_execute_async_ts_us=1787561479259157 response_hixl_execute_async_ts_us=1787561479259187 response_tm_get_status_ts_us=1787561479262785 response_hixl_query_handle_ts_us=1787561479262826 request_queue_us=42 metadata_prepare_us=1 taskworker_prepare_us=6 poller_queue_us=141 data_transfer_us=0 metadata_settle_us=0 response_slot_wait_us=147 response_submit_us=1881 response_transfer_us=1838 data_tm_to_hixl_execute_async_us=0 data_tm_to_hixl_query_handle_us=0 response_tm_to_hixl_execute_async_us=30 response_tm_to_hixl_query_handle_us=33 total_us=3915 [38606,38619][completion_poller.cc:56,LogRequestDone]
[2026-08-24 16:51:19.528908][UC][I] [PERF] component=transport event=transfer_submitted manager=127.0.0.1:8000 target=127.0.0.1:4501 handle=2 transport_handle=2 opcode=0 direct=2 segments=108 bytes=7962624 submitted_ts_us=1787561479528906 manager_execute_async_ts_us=1787561479526916 backend_execute_async_ts_us=1787561479526935 manager_to_backend_execute_async_us=19 submit_us=1987 [38606,38620][transport_manager.cpp:674,ExecuteAsync]
[2026-08-24 16:51:19.529070][UC][I] [METRIC DEBUG] TransportManager GetStatus START:2350227971810 [38606,38619][transport_manager.cpp:698,GetStatus]
[2026-08-24 16:51:19.529082][UC][I] [METRIC DEBUG] TransportManager GetStatus get record:2350227971822 [38606,38619][transport_manager.cpp:710,GetStatus]
[2026-08-24 16:51:19.529086][UC][I] [METRIC DEBUG] HIXL transport GetStatus START:2350227971825 [38606,38619][hixl_transport.cpp:689,GetStatus]
[2026-08-24 16:51:19.529091][UC][I] [METRIC DEBUG] HIXL transport GetStatus get lifecycle_lock:2350227971831 [38606,38619][hixl_transport.cpp:697,GetStatus]
[2026-08-24 16:51:19.529097][UC][I] [METRIC DEBUG] HIXL transport GetStatus get pending_mutex_:2350227971837 [38606,38619][hixl_transport.cpp:709,GetStatus]
[2026-08-24 16:51:19.529102][UC][I] [METRIC DEBUG] HIXL instance GetTransferStatus START:2350227971842 [38606,38619][hixl_instance.cpp:316,GetTransferStatus]
[2026-08-24 16:51:19.529128][UC][I] [METRIC DEBUG] HIXL instance GetTransferStatus RUN:2350227971868 [38606,38644][hixl_instance.cpp:321,operator()]
[2026-08-24 16:51:19.529151][UC][I] [METRIC DEBUG] HIXL transport GetStatus get task status:2350227971891 [38606,38619][hixl_transport.cpp:713,GetStatus]
[2026-08-24 16:51:19.529158][UC][I] [METRIC DEBUG] HIXL transport GetStatus return:2350227971898 [38606,38619][hixl_transport.cpp:728,GetStatus]
[2026-08-24 16:51:19.529164][UC][I] [METRIC DEBUG] TransportManager GetStatus get task status:2350227971904 [38606,38619][transport_manager.cpp:713,GetStatus]
[2026-08-24 16:51:19.529170][UC][I] [METRIC DEBUG] TransportManager GetStatus return:2350227971910 [38606,38619][transport_manager.cpp:738,GetStatus]
[2026-08-24 16:51:19.529175][UC][I] [METRIC DEBUG] TransportManager GetStatus START:2350227971915 [38606,38619][transport_manager.cpp:698,GetStatus]
[2026-08-24 16:51:19.529180][UC][I] [METRIC DEBUG] TransportManager GetStatus get record:2350227971920 [38606,38619][transport_manager.cpp:710,GetStatus]
[2026-08-24 16:51:19.529188][UC][I] [METRIC DEBUG] HIXL transport GetStatus START:2350227971928 [38606,38619][hixl_transport.cpp:689,GetStatus]
[2026-08-24 16:51:19.529195][UC][I] [METRIC DEBUG] HIXL transport GetStatus get lifecycle_lock:2350227971935 [38606,38619][hixl_transport.cpp:697,GetStatus]
[2026-08-24 16:51:19.529199][UC][I] [METRIC DEBUG] HIXL transport GetStatus get pending_mutex_:2350227971939 [38606,38619][hixl_transport.cpp:709,GetStatus]
[2026-08-24 16:51:19.529203][UC][I] [METRIC DEBUG] HIXL instance GetTransferStatus START:2350227971943 [38606,38619][hixl_instance.cpp:316,GetTransferStatus]
[2026-08-24 16:51:19.529210][UC][I] [METRIC DEBUG] HIXL instance GetTransferStatus RUN:2350227971950 [38606,38644][hixl_instance.cpp:321,operator()]
[2026-08-24 16:51:19.529222][UC][I] [METRIC DEBUG] HIXL transport GetStatus get task status:2350227971962 [38606,38619][hixl_transport.cpp:713,GetStatus]
[2026-08-24 16:51:19.529228][UC][I] [METRIC DEBUG] HIXL transport GetStatus return:2350227971968 [38606,38619][hixl_transport.cpp:728,GetStatus]
[2026-08-24 16:51:19.529231][UC][I] [METRIC DEBUG] TransportManager GetStatus get task status:2350227971971 [38606,38619][transport_manager.cpp:713,GetStatus]
[2026-08-24 16:51:19.529234][UC][I] [METRIC DEBUG] TransportManager GetStatus return:2350227971974 [38606,38619][transport_manager.cpp:738,GetStatus]
[2026-08-24 16:51:19.529237][UC][I] [METRIC DEBUG] TransportManager GetStatus START:2350227971977 [38606,38619][transport_manager.cpp:698,GetStatus]
[2026-08-24 16:51:19.529240][UC][I] [METRIC DEBUG] TransportManager GetStatus get record:2350227971980 [38606,38619][transport_manager.cpp:710,GetStatus]
[2026-08-24 16:51:19.529243][UC][I] [METRIC DEBUG] HIXL transport GetStatus START:2350227971983 [38606,38619][hixl_transport.cpp:689,GetStatus]
[2026-08-24 16:51:19.529249][UC][I] [METRIC DEBUG] HIXL transport GetStatus get lifecycle_lock:2350227971989 [38606,38619][hixl_transport.cpp:697,GetStatus]
[2026-08-24 16:51:19.529256][UC][I] [METRIC DEBUG] HIXL transport GetStatus get pending_mutex_:2350227971996 [38606,38619][hixl_transport.cpp:709,GetStatus]
[2026-08-24 16:51:19.529271][UC][I] [METRIC DEBUG] HIXL instance GetTransferStatus START:2350227972011 [38606,38619][hixl_instance.cpp:316,GetTransferStatus]
[2026-08-24 16:51:19.529283][UC][I] [METRIC DEBUG] HIXL instance GetTransferStatus RUN:2350227972023 [38606,38644][hixl_instance.cpp:321,operator()]
[2026-08-24 16:51:19.529295][UC][I] [METRIC DEBUG] HIXL transport GetStatus get task status:2350227972035 [38606,38619][hixl_transport.cpp:713,GetStatus]
[2026-08-24 16:51:19.529304][UC][I] [METRIC DEBUG] HIXL transport GetStatus return:2350227972044 [38606,38619][hixl_transport.cpp:728,GetStatus]
[2026-08-24 16:51:19.529311][UC][I] [METRIC DEBUG] TransportManager GetStatus get task status:2350227972051 [38606,38619][transport_manager.cpp:713,GetStatus]
[2026-08-24 16:51:19.529318][UC][I] [METRIC DEBUG] TransportManager GetStatus return:2350227972058 [38606,38619][transport_manager.cpp:738,GetStatus]
[2026-08-24 16:51:19.529332][UC][I] [METRIC DEBUG] TransportManager GetStatus START:2350227972072 [38606,38619][transport_manager.cpp:698,GetStatus]
[2026-08-24 16:51:19.529338][UC][I] [METRIC DEBUG] TransportManager GetStatus get record:2350227972078 [38606,38619][transport_manager.cpp:710,GetStatus]
[2026-08-24 16:51:19.529346][UC][I] [METRIC DEBUG] HIXL transport GetStatus START:2350227972086 [38606,38619][hixl_transport.cpp:689,GetStatus]
[2026-08-24 16:51:19.529353][UC][I] [METRIC DEBUG] HIXL transport GetStatus get lifecycle_lock:2350227972093 [38606,38619][hixl_transport.cpp:697,GetStatus]
[2026-08-24 16:51:19.529358][UC][I] [METRIC DEBUG] HIXL transport GetStatus get pending_mutex_:2350227972098 [38606,38619][hixl_transport.cpp:709,GetStatus]
[2026-08-24 16:51:19.529361][UC][I] [METRIC DEBUG] HIXL instance GetTransferStatus START:2350227972101 [38606,38619][hixl_instance.cpp:316,GetTransferStatus]
[2026-08-24 16:51:19.529369][UC][I] [METRIC DEBUG] HIXL instance GetTransferStatus RUN:2350227972108 [38606,38644][hixl_instance.cpp:321,operator()]
[2026-08-24 16:51:19.529380][UC][I] [METRIC DEBUG] HIXL transport GetStatus get task status:2350227972120 [38606,38619][hixl_transport.cpp:713,GetStatus]
[2026-08-24 16:51:19.529386][UC][I] [METRIC DEBUG] HIXL transport GetStatus return:2350227972126 [38606,38619][hixl_transport.cpp:728,GetStatus]
[2026-08-24 16:51:19.529392][UC][I] [METRIC DEBUG] TransportManager GetStatus get task status:2350227972132 [38606,38619][transport_manager.cpp:713,GetStatus]
[2026-08-24 16:51:19.529397][UC][I] [METRIC DEBUG] TransportManager GetStatus return:2350227972137 [38606,38619][transport_manager.cpp:738,GetStatus]
[2026-08-24 16:51:19.529402][UC][I] [METRIC DEBUG] TransportManager GetStatus START:2350227972142 [38606,38619][transport_manager.cpp:698,GetStatus]
[2026-08-24 16:51:19.529409][UC][I] [METRIC DEBUG] TransportManager GetStatus get record:2350227972149 [38606,38619][transport_manager.cpp:710,GetStatus]
[2026-08-24 16:51:19.529413][UC][I] [METRIC DEBUG] HIXL transport GetStatus START:2350227972153 [38606,38619][hixl_transport.cpp:689,GetStatus]
[2026-08-24 16:51:19.529421][UC][I] [METRIC DEBUG] HIXL transport GetStatus get lifecycle_lock:2350227972160 [38606,38619][hixl_transport.cpp:697,GetStatus]
[2026-08-24 16:51:19.529428][UC][I] [METRIC DEBUG] HIXL transport GetStatus get pending_mutex_:2350227972168 [38606,38619][hixl_transport.cpp:709,GetStatus]
[2026-08-24 16:51:19.529432][UC][I] [METRIC DEBUG] HIXL instance GetTransferStatus START:2350227972172 [38606,38619][hixl_instance.cpp:316,GetTransferStatus]
[2026-08-24 16:51:19.529439][UC][I] [METRIC DEBUG] HIXL instance GetTransferStatus RUN:2350227972179 [38606,38644][hixl_instance.cpp:321,operator()]
[2026-08-24 16:51:19.529450][UC][I] [METRIC DEBUG] HIXL transport GetStatus get task status:2350227972190 [38606,38619][hixl_transport.cpp:713,GetStatus]
[2026-08-24 16:51:19.529459][UC][I] [METRIC DEBUG] HIXL transport GetStatus return:2350227972198 [38606,38619][hixl_transport.cpp:728,GetStatus]
[2026-08-24 16:51:19.529466][UC][I] [METRIC DEBUG] TransportManager GetStatus get task status:2350227972206 [38606,38619][transport_manager.cpp:713,GetStatus]
[2026-08-24 16:51:19.529475][UC][I] [METRIC DEBUG] TransportManager GetStatus return:2350227972214 [38606,38619][transport_manager.cpp:738,GetStatus]
[2026-08-24 16:51:19.529481][UC][I] [METRIC DEBUG] TransportManager GetStatus START:2350227972220 [38606,38619][transport_manager.cpp:698,GetStatus]
[2026-08-24 16:51:19.529485][UC][I] [METRIC DEBUG] TransportManager GetStatus get record:2350227972225 [38606,38619][transport_manager.cpp:710,GetStatus]
[2026-08-24 16:51:19.529488][UC][I] [METRIC DEBUG] HIXL transport GetStatus START:2350227972228 [38606,38619][hixl_transport.cpp:689,GetStatus]
[2026-08-24 16:51:19.529492][UC][I] [METRIC DEBUG] HIXL transport GetStatus get lifecycle_lock:2350227972232 [38606,38619][hixl_transport.cpp:697,GetStatus]
[2026-08-24 16:51:19.529495][UC][I] [METRIC DEBUG] HIXL transport GetStatus get pending_mutex_:2350227972235 [38606,38619][hixl_transport.cpp:709,GetStatus]
[2026-08-24 16:51:19.529507][UC][I] [METRIC DEBUG] HIXL instance GetTransferStatus START:2350227972247 [38606,38619][hixl_instance.cpp:316,GetTransferStatus]
[2026-08-24 16:51:19.529517][UC][I] [METRIC DEBUG] HIXL instance GetTransferStatus RUN:2350227972256 [38606,38644][hixl_instance.cpp:321,operator()]
[2026-08-24 16:51:19.529528][UC][I] [METRIC DEBUG] HIXL transport GetStatus get task status:2350227972268 [38606,38619][hixl_transport.cpp:713,GetStatus]
[2026-08-24 16:51:19.529538][UC][I] [METRIC DEBUG] HIXL transport GetStatus return:2350227972277 [38606,38619][hixl_transport.cpp:728,GetStatus]
[2026-08-24 16:51:19.529547][UC][I] [METRIC DEBUG] TransportManager GetStatus get task status:2350227972286 [38606,38619][transport_manager.cpp:713,GetStatus]
[2026-08-24 16:51:19.529552][UC][I] [METRIC DEBUG] TransportManager GetStatus return:2350227972292 [38606,38619][transport_manager.cpp:738,GetStatus]
[2026-08-24 16:51:19.529556][UC][I] [METRIC DEBUG] TransportManager GetStatus START:2350227972296 [38606,38619][transport_manager.cpp:698,GetStatus]
[2026-08-24 16:51:19.529560][UC][I] [METRIC DEBUG] TransportManager GetStatus get record:2350227972300 [38606,38619][transport_manager.cpp:710,GetStatus]
[2026-08-24 16:51:19.529563][UC][I] [METRIC DEBUG] HIXL transport GetStatus START:2350227972303 [38606,38619][hixl_transport.cpp:689,GetStatus]
[2026-08-24 16:51:19.529567][UC][I] [METRIC DEBUG] HIXL transport GetStatus get lifecycle_lock:2350227972306 [38606,38619][hixl_transport.cpp:697,GetStatus]
[2026-08-24 16:51:19.529571][UC][I] [METRIC DEBUG] HIXL transport GetStatus get pending_mutex_:2350227972311 [38606,38619][hixl_transport.cpp:709,GetStatus]
[2026-08-24 16:51:19.529576][UC][I] [METRIC DEBUG] HIXL instance GetTransferStatus START:2350227972315 [38606,38619][hixl_instance.cpp:316,GetTransferStatus]
[2026-08-24 16:51:19.529584][UC][I] [METRIC DEBUG] HIXL instance GetTransferStatus RUN:2350227972324 [38606,38644][hixl_instance.cpp:321,operator()]
[2026-08-24 16:51:19.529598][UC][I] [METRIC DEBUG] HIXL transport GetStatus get task status:2350227972337 [38606,38619][hixl_transport.cpp:713,GetStatus]
[2026-08-24 16:51:19.529605][UC][I] [METRIC DEBUG] HIXL transport GetStatus return:2350227972344 [38606,38619][hixl_transport.cpp:728,GetStatus]
[2026-08-24 16:51:19.529611][UC][I] [METRIC DEBUG] TransportManager GetStatus get task status:2350227972351 [38606,38619][transport_manager.cpp:713,GetStatus]
[2026-08-24 16:51:19.529618][UC][I] [METRIC DEBUG] TransportManager GetStatus return:2350227972358 [38606,38619][transport_manager.cpp:738,GetStatus]
[2026-08-24 16:51:19.529626][UC][I] [METRIC DEBUG] TransportManager GetStatus START:2350227972366 [38606,38619][transport_manager.cpp:698,GetStatus]
[2026-08-24 16:51:19.529634][UC][I] [METRIC DEBUG] TransportManager GetStatus get record:2350227972374 [38606,38619][transport_manager.cpp:710,GetStatus]
[2026-08-24 16:51:19.529637][UC][I] [METRIC DEBUG] HIXL transport GetStatus START:2350227972377 [38606,38619][hixl_transport.cpp:689,GetStatus]
[2026-08-24 16:51:19.529640][UC][I] [METRIC DEBUG] HIXL transport GetStatus get lifecycle_lock:2350227972380 [38606,38619][hixl_transport.cpp:697,GetStatus]
[2026-08-24 16:51:19.529643][UC][I] [METRIC DEBUG] HIXL transport GetStatus get pending_mutex_:2350227972383 [38606,38619][hixl_transport.cpp:709,GetStatus]
[2026-08-24 16:51:19.529648][UC][I] [METRIC DEBUG] HIXL instance GetTransferStatus START:2350227972388 [38606,38619][hixl_instance.cpp:316,GetTransferStatus]
[2026-08-24 16:51:19.529655][UC][I] [METRIC DEBUG] HIXL instance GetTransferStatus RUN:2350227972394 [38606,38644][hixl_instance.cpp:321,operator()]
[2026-08-24 16:51:19.529665][UC][I] [METRIC DEBUG] HIXL transport GetStatus get task status:2350227972405 [38606,38619][hixl_transport.cpp:713,GetStatus]
[2026-08-24 16:51:19.529671][UC][I] [METRIC DEBUG] HIXL transport GetStatus return:2350227972411 [38606,38619][hixl_transport.cpp:728,GetStatus]
[2026-08-24 16:51:19.529675][UC][I] [METRIC DEBUG] TransportManager GetStatus get task status:2350227972415 [38606,38619][transport_manager.cpp:713,GetStatus]
[2026-08-24 16:51:19.529692][UC][I] [METRIC DEBUG] TransportManager GetStatus return:2350227972432 [38606,38619][transport_manager.cpp:738,GetStatus]
[2026-08-24 16:51:19.529700][UC][I] [METRIC DEBUG] TransportManager GetStatus START:2350227972440 [38606,38619][transport_manager.cpp:698,GetStatus]
[2026-08-24 16:51:19.529704][UC][I] [METRIC DEBUG] TransportManager GetStatus get record:2350227972444 [38606,38619][transport_manager.cpp:710,GetStatus]
[2026-08-24 16:51:19.529708][UC][I] [METRIC DEBUG] HIXL transport GetStatus START:2350227972447 [38606,38619][hixl_transport.cpp:689,GetStatus]
[2026-08-24 16:51:19.529711][UC][I] [METRIC DEBUG] HIXL transport GetStatus get lifecycle_lock:2350227972451 [38606,38619][hixl_transport.cpp:697,GetStatus]
[2026-08-24 16:51:19.529714][UC][I] [METRIC DEBUG] HIXL transport GetStatus get pending_mutex_:2350227972454 [38606,38619][hixl_transport.cpp:709,GetStatus]
[2026-08-24 16:51:19.529720][UC][I] [METRIC DEBUG] HIXL instance GetTransferStatus START:2350227972460 [38606,38619][hixl_instance.cpp:316,GetTransferStatus]
[2026-08-24 16:51:19.529732][UC][I] [METRIC DEBUG] HIXL instance GetTransferStatus RUN:2350227972471 [38606,38644][hixl_instance.cpp:321,operator()]
[2026-08-24 16:51:19.529743][UC][I] [METRIC DEBUG] HIXL transport GetStatus get task status:2350227972483 [38606,38619][hixl_transport.cpp:713,GetStatus]
[2026-08-24 16:51:19.529751][UC][I] [METRIC DEBUG] HIXL transport GetStatus return:2350227972491 [38606,38619][hixl_transport.cpp:728,GetStatus]
[2026-08-24 16:51:19.529759][UC][I] [METRIC DEBUG] TransportManager GetStatus get task status:2350227972499 [38606,38619][transport_manager.cpp:713,GetStatus]
[2026-08-24 16:51:19.529763][UC][I] [METRIC DEBUG] TransportManager GetStatus return:2350227972503 [38606,38619][transport_manager.cpp:738,GetStatus]
[2026-08-24 16:51:19.529768][UC][I] [METRIC DEBUG] TransportManager GetStatus START:2350227972508 [38606,38619][transport_manager.cpp:698,GetStatus]
[2026-08-24 16:51:19.529771][UC][I] [METRIC DEBUG] TransportManager GetStatus get record:2350227972511 [38606,38619][transport_manager.cpp:710,GetStatus]
[2026-08-24 16:51:19.529774][UC][I] [METRIC DEBUG] HIXL transport GetStatus START:2350227972514 [38606,38619][hixl_transport.cpp:689,GetStatus]
[2026-08-24 16:51:19.529782][UC][I] [METRIC DEBUG] HIXL transport GetStatus get lifecycle_lock:2350227972522 [38606,38619][hixl_transport.cpp:697,GetStatus]
[2026-08-24 16:51:19.529789][UC][I] [METRIC DEBUG] HIXL transport GetStatus get pending_mutex_:2350227972529 [38606,38619][hixl_transport.cpp:709,GetStatus]
[2026-08-24 16:51:19.529793][UC][I] [METRIC DEBUG] HIXL instance GetTransferStatus START:2350227972533 [38606,38619][hixl_instance.cpp:316,GetTransferStatus]
[2026-08-24 16:51:19.529802][UC][I] [METRIC DEBUG] HIXL instance GetTransferStatus RUN:2350227972541 [38606,38644][hixl_instance.cpp:321,operator()]
[2026-08-24 16:51:19.529813][UC][I] [METRIC DEBUG] HIXL transport GetStatus get task status:2350227972552 [38606,38619][hixl_transport.cpp:713,GetStatus]
[2026-08-24 16:51:19.529821][UC][I] [METRIC DEBUG] HIXL transport GetStatus return:2350227972561 [38606,38619][hixl_transport.cpp:728,GetStatus]
[2026-08-24 16:51:19.529829][UC][I] [METRIC DEBUG] TransportManager GetStatus get task status:2350227972568 [38606,38619][transport_manager.cpp:713,GetStatus]
[2026-08-24 16:51:19.529835][UC][I] [METRIC DEBUG] TransportManager GetStatus return:2350227972575 [38606,38619][transport_manager.cpp:738,GetStatus]
[2026-08-24 16:51:19.529841][UC][I] [METRIC DEBUG] TransportManager GetStatus START:2350227972580 [38606,38619][transport_manager.cpp:698,GetStatus]
[2026-08-24 16:51:19.529844][UC][I] [METRIC DEBUG] TransportManager GetStatus get record:2350227972584 [38606,38619][transport_manager.cpp:710,GetStatus]
[2026-08-24 16:51:19.529848][UC][I] [METRIC DEBUG] HIXL transport GetStatus START:2350227972588 [38606,38619][hixl_transport.cpp:689,GetStatus]
[2026-08-24 16:51:19.529851][UC][I] [METRIC DEBUG] HIXL transport GetStatus get lifecycle_lock:2350227972591 [38606,38619][hixl_transport.cpp:697,GetStatus]
[2026-08-24 16:51:19.529871][UC][I] [METRIC DEBUG] HIXL transport GetStatus get pending_mutex_:2350227972611 [38606,38619][hixl_transport.cpp:709,GetStatus]
[2026-08-24 16:51:19.529879][UC][I] [METRIC DEBUG] HIXL instance GetTransferStatus START:2350227972619 [38606,38619][hixl_instance.cpp:316,GetTransferStatus]
[2026-08-24 16:51:19.529888][UC][I] [METRIC DEBUG] HIXL instance GetTransferStatus RUN:2350227972627 [38606,38644][hixl_instance.cpp:321,operator()]
[2026-08-24 16:51:19.529898][UC][I] [METRIC DEBUG] HIXL transport GetStatus get task status:2350227972638 [38606,38619][hixl_transport.cpp:713,GetStatus]
[2026-08-24 16:51:19.529906][UC][I] [METRIC DEBUG] HIXL transport GetStatus return:2350227972645 [38606,38619][hixl_transport.cpp:728,GetStatus]
[2026-08-24 16:51:19.529912][UC][I] [METRIC DEBUG] TransportManager GetStatus get task status:2350227972652 [38606,38619][transport_manager.cpp:713,GetStatus]
[2026-08-24 16:51:19.529919][UC][I] [METRIC DEBUG] TransportManager GetStatus return:2350227972659 [38606,38619][transport_manager.cpp:738,GetStatus]
[2026-08-24 16:51:19.529924][UC][I] [METRIC DEBUG] TransportManager GetStatus START:2350227972664 [38606,38619][transport_manager.cpp:698,GetStatus]
[2026-08-24 16:51:19.529928][UC][I] [METRIC DEBUG] TransportManager GetStatus get record:2350227972667 [38606,38619][transport_manager.cpp:710,GetStatus]
[2026-08-24 16:51:19.529933][UC][I] [METRIC DEBUG] HIXL transport GetStatus START:2350227972673 [38606,38619][hixl_transport.cpp:689,GetStatus]
[2026-08-24 16:51:19.529936][UC][I] [METRIC DEBUG] HIXL transport GetStatus get lifecycle_lock:2350227972676 [38606,38619][hixl_transport.cpp:697,GetStatus]
[2026-08-24 16:51:19.529941][UC][I] [METRIC DEBUG] HIXL transport GetStatus get pending_mutex_:2350227972681 [38606,38619][hixl_transport.cpp:709,GetStatus]
[2026-08-24 16:51:19.529949][UC][I] [METRIC DEBUG] HIXL instance GetTransferStatus START:2350227972689 [38606,38619][hixl_instance.cpp:316,GetTransferStatus]
[2026-08-24 16:51:19.529960][UC][I] [METRIC DEBUG] HIXL instance GetTransferStatus RUN:2350227972700 [38606,38644][hixl_instance.cpp:321,operator()]
[2026-08-24 16:51:19.529974][UC][I] [METRIC DEBUG] HIXL transport GetStatus get task status:2350227972714 [38606,38619][hixl_transport.cpp:713,GetStatus]
[2026-08-24 16:51:19.529980][UC][I] [METRIC DEBUG] HIXL transport GetStatus return:2350227972720 [38606,38619][hixl_transport.cpp:728,GetStatus]
[2026-08-24 16:51:19.529983][UC][I] [METRIC DEBUG] TransportManager GetStatus get task status:2350227972723 [38606,38619][transport_manager.cpp:713,GetStatus]
[2026-08-24 16:51:19.529990][UC][I] [METRIC DEBUG] TransportManager GetStatus return:2350227972730 [38606,38619][transport_manager.cpp:738,GetStatus]
[2026-08-24 16:51:19.529996][UC][I] [METRIC DEBUG] TransportManager GetStatus START:2350227972736 [38606,38619][transport_manager.cpp:698,GetStatus]
[2026-08-24 16:51:19.530001][UC][I] [METRIC DEBUG] TransportManager GetStatus get record:2350227972741 [38606,38619][transport_manager.cpp:710,GetStatus]
[2026-08-24 16:51:19.530005][UC][I] [METRIC DEBUG] HIXL transport GetStatus START:2350227972745 [38606,38619][hixl_transport.cpp:689,GetStatus]
[2026-08-24 16:51:19.530008][UC][I] [METRIC DEBUG] HIXL transport GetStatus get lifecycle_lock:2350227972748 [38606,38619][hixl_transport.cpp:697,GetStatus]
[2026-08-24 16:51:19.530012][UC][I] [METRIC DEBUG] HIXL transport GetStatus get pending_mutex_:2350227972752 [38606,38619][hixl_transport.cpp:709,GetStatus]
[2026-08-24 16:51:19.530015][UC][I] [METRIC DEBUG] HIXL instance GetTransferStatus START:2350227972755 [38606,38619][hixl_instance.cpp:316,GetTransferStatus]
[2026-08-24 16:51:19.530023][UC][I] [METRIC DEBUG] HIXL instance GetTransferStatus RUN:2350227972763 [38606,38644][hixl_instance.cpp:321,operator()]
[2026-08-24 16:51:19.530035][UC][I] [METRIC DEBUG] HIXL transport GetStatus get task status:2350227972775 [38606,38619][hixl_transport.cpp:713,GetStatus]
[2026-08-24 16:51:19.530054][UC][I] [METRIC DEBUG] HIXL transport GetStatus return:2350227972793 [38606,38619][hixl_transport.cpp:728,GetStatus]
[2026-08-24 16:51:19.530062][UC][I] [METRIC DEBUG] TransportManager GetStatus get task status:2350227972802 [38606,38619][transport_manager.cpp:713,GetStatus]
[2026-08-24 16:51:19.530066][UC][I] [METRIC DEBUG] TransportManager GetStatus return:2350227972806 [38606,38619][transport_manager.cpp:738,GetStatus]
[2026-08-24 16:51:19.530069][UC][I] [METRIC DEBUG] TransportManager GetStatus START:2350227972809 [38606,38619][transport_manager.cpp:698,GetStatus]
[2026-08-24 16:51:19.530073][UC][I] [METRIC DEBUG] TransportManager GetStatus get record:2350227972812 [38606,38619][transport_manager.cpp:710,GetStatus]
[2026-08-24 16:51:19.530076][UC][I] [METRIC DEBUG] HIXL transport GetStatus START:2350227972816 [38606,38619][hixl_transport.cpp:689,GetStatus]
[2026-08-24 16:51:19.530080][UC][I] [METRIC DEBUG] HIXL transport GetStatus get lifecycle_lock:2350227972820 [38606,38619][hixl_transport.cpp:697,GetStatus]
[2026-08-24 16:51:19.530083][UC][I] [METRIC DEBUG] HIXL transport GetStatus get pending_mutex_:2350227972822 [38606,38619][hixl_transport.cpp:709,GetStatus]
[2026-08-24 16:51:19.530086][UC][I] [METRIC DEBUG] HIXL instance GetTransferStatus START:2350227972826 [38606,38619][hixl_instance.cpp:316,GetTransferStatus]
[2026-08-24 16:51:19.530094][UC][I] [METRIC DEBUG] HIXL instance GetTransferStatus RUN:2350227972833 [38606,38644][hixl_instance.cpp:321,operator()]
[2026-08-24 16:51:19.530114][UC][I] [METRIC DEBUG] HIXL transport GetStatus get task status:2350227972854 [38606,38619][hixl_transport.cpp:713,GetStatus]
[2026-08-24 16:51:19.530124][UC][I] [METRIC DEBUG] HIXL transport GetStatus return:2350227972864 [38606,38619][hixl_transport.cpp:728,GetStatus]
[2026-08-24 16:51:19.530130][UC][I] [METRIC DEBUG] TransportManager GetStatus get task status:2350227972870 [38606,38619][transport_manager.cpp:713,GetStatus]
[2026-08-24 16:51:19.530135][UC][I] [PERF] component=transport event=transfer_done manager=127.0.0.1:8000 target=127.0.0.1:4501 handle=2 transport_handle=2 opcode=0 direct=2 segments=108 bytes=7962624 status=1 api_status=0 submitted_ts_us=1787561479528906 completed_ts_us=1787561479530134 manager_get_status_ts_us=1787561479530069 backend_query_ts_us=1787561479530099 submit_us=1987 transfer_us=1228 manager_to_backend_query_us=24 total_us=3215 [38606,38619][transport_manager.cpp:717,GetStatus]
[2026-08-24 16:51:19.530142][UC][I] [METRIC DEBUG] TransportManager GetStatus return:2350227972881 [38606,38619][transport_manager.cpp:738,GetStatus]
[2026-08-24 16:51:19.530300][UC][I] [PERF] component=transport event=transfer_submitted manager=127.0.0.1:8000 target=127.0.0.1:4501 handle=3 transport_handle=3 opcode=1 direct=2 segments=1 bytes=63 submitted_ts_us=1787561479530299 manager_execute_async_ts_us=1787561479530176 backend_execute_async_ts_us=1787561479530183 manager_to_backend_execute_async_us=8 submit_us=123 [38606,38619][transport_manager.cpp:674,ExecuteAsync]
[2026-08-24 16:51:19.530311][UC][I] [METRIC DEBUG] TransportManager GetStatus START:2350227973051 [38606,38619][transport_manager.cpp:698,GetStatus]
[2026-08-24 16:51:19.530315][UC][I] [METRIC DEBUG] TransportManager GetStatus get record:2350227973054 [38606,38619][transport_manager.cpp:710,GetStatus]
[2026-08-24 16:51:19.530320][UC][I] [METRIC DEBUG] HIXL transport GetStatus START:2350227973060 [38606,38619][hixl_transport.cpp:689,GetStatus]
[2026-08-24 16:51:19.530326][UC][I] [METRIC DEBUG] HIXL transport GetStatus get lifecycle_lock:2350227973066 [38606,38619][hixl_transport.cpp:697,GetStatus]
[2026-08-24 16:51:19.530331][UC][I] [METRIC DEBUG] HIXL transport GetStatus get pending_mutex_:2350227973071 [38606,38619][hixl_transport.cpp:709,GetStatus]
[2026-08-24 16:51:19.530334][UC][I] [METRIC DEBUG] HIXL instance GetTransferStatus START:2350227973074 [38606,38619][hixl_instance.cpp:316,GetTransferStatus]
[2026-08-24 16:51:19.530343][UC][I] [METRIC DEBUG] HIXL instance GetTransferStatus RUN:2350227973082 [38606,38644][hixl_instance.cpp:321,operator()]
[2026-08-24 16:51:19.530384][UC][I] [METRIC DEBUG] HIXL transport GetStatus get task status:2350227973123 [38606,38619][hixl_transport.cpp:713,GetStatus]
[2026-08-24 16:51:19.530391][UC][I] [METRIC DEBUG] HIXL transport GetStatus return:2350227973130 [38606,38619][hixl_transport.cpp:728,GetStatus]
[2026-08-24 16:51:19.530394][UC][I] [METRIC DEBUG] TransportManager GetStatus get task status:2350227973134 [38606,38619][transport_manager.cpp:713,GetStatus]
[2026-08-24 16:51:19.530398][UC][I] [PERF] component=transport event=transfer_done manager=127.0.0.1:8000 target=127.0.0.1:4501 handle=3 transport_handle=3 opcode=1 direct=2 segments=1 bytes=63 status=1 api_status=0 submitted_ts_us=1787561479530299 completed_ts_us=1787561479530397 manager_get_status_ts_us=1787561479530311 backend_query_ts_us=1787561479530375 submit_us=123 transfer_us=97 manager_to_backend_query_us=31 total_us=220 [38606,38619][transport_manager.cpp:717,GetStatus]
[2026-08-24 16:51:19.530401][UC][I] [METRIC DEBUG] TransportManager GetStatus return:2350227973141 [38606,38619][transport_manager.cpp:738,GetStatus]
[2026-08-24 16:51:19.530409][UC][I] [PERF] component=drampool event=request_done request_id=1 opcode=1 peer=127.0.0.1:4501 batch_size=108 data_bytes=7962624 failed_items=0 status=SUCCESS failed_stage=NONE received_ts_us=1787561479526755 worker_started_ts_us=1787561479526793 data_transfer_submitted_ts_us=1787561479528939 data_transfer_completed_ts_us=1787561479530148 response_submitted_ts_us=1787561479530310 completed_ts_us=1787561479530405 data_tm_execute_async_ts_us=1787561479526916 data_hixl_execute_async_ts_us=1787561479526935 data_tm_get_status_ts_us=1787561479530069 data_hixl_query_handle_ts_us=1787561479530099 response_tm_execute_async_ts_us=1787561479530176 response_hixl_execute_async_ts_us=1787561479530183 response_tm_get_status_ts_us=1787561479530311 response_hixl_query_handle_ts_us=1787561479530375 request_queue_us=38 metadata_prepare_us=111 taskworker_prepare_us=2149 poller_queue_us=128 data_transfer_us=1208 metadata_settle_us=24 response_slot_wait_us=1 response_submit_us=137 response_transfer_us=94 data_tm_to_hixl_execute_async_us=19 data_tm_to_hixl_query_handle_us=24 response_tm_to_hixl_execute_async_us=8 response_tm_to_hixl_query_handle_us=31 total_us=3650 [38606,38619][completion_poller.cc:56,LogRequestDone]
[2026-08-24 16:51:24.348654][UC][I] [PERF] component=transport event=transfer_submitted manager=127.0.0.1:8000 target=127.0.0.1:4500 handle=4 transport_handle=4 opcode=1 direct=2 segments=1 bytes=10 submitted_ts_us=1787561484348653 manager_execute_async_ts_us=1787561484348451 backend_execute_async_ts_us=1787561484348467 manager_to_backend_execute_async_us=15 submit_us=198 [38606,38619][transport_manager.cpp:674,ExecuteAsync]
[2026-08-24 16:51:24.348695][UC][I] [METRIC DEBUG] TransportManager GetStatus START:2350232791434 [38606,38619][transport_manager.cpp:698,GetStatus]
[2026-08-24 16:51:24.348702][UC][I] [METRIC DEBUG] TransportManager GetStatus get record:2350232791441 [38606,38619][transport_manager.cpp:710,GetStatus]
[2026-08-24 16:51:24.348710][UC][I] [METRIC DEBUG] HIXL transport GetStatus START:2350232791449 [38606,38619][hixl_transport.cpp:689,GetStatus]
[2026-08-24 16:51:24.348715][UC][I] [METRIC DEBUG] HIXL transport GetStatus get lifecycle_lock:2350232791455 [38606,38619][hixl_transport.cpp:697,GetStatus]
[2026-08-24 16:51:24.348719][UC][I] [METRIC DEBUG] HIXL transport GetStatus get pending_mutex_:2350232791458 [38606,38619][hixl_transport.cpp:709,GetStatus]
[2026-08-24 16:51:24.348723][UC][I] [METRIC DEBUG] HIXL instance GetTransferStatus START:2350232791462 [38606,38619][hixl_instance.cpp:316,GetTransferStatus]
[2026-08-24 16:51:24.348732][UC][I] [METRIC DEBUG] HIXL instance GetTransferStatus RUN:2350232791471 [38606,38644][hixl_instance.cpp:321,operator()]
[2026-08-24 16:51:24.348760][UC][I] [METRIC DEBUG] HIXL transport GetStatus get task status:2350232791499 [38606,38619][hixl_transport.cpp:713,GetStatus]
[2026-08-24 16:51:24.348769][UC][I] [METRIC DEBUG] HIXL transport GetStatus return:2350232791509 [38606,38619][hixl_transport.cpp:728,GetStatus]
[2026-08-24 16:51:24.348800][UC][I] [METRIC DEBUG] TransportManager GetStatus get task status:2350232791540 [38606,38619][transport_manager.cpp:713,GetStatus]
[2026-08-24 16:51:24.348808][UC][I] [PERF] component=transport event=transfer_done manager=127.0.0.1:8000 target=127.0.0.1:4500 handle=4 transport_handle=4 opcode=1 direct=2 segments=1 bytes=10 status=1 api_status=0 submitted_ts_us=1787561484348653 completed_ts_us=1787561484348807 manager_get_status_ts_us=1787561484348694 backend_query_ts_us=1787561484348745 submit_us=198 transfer_us=154 manager_to_backend_query_us=37 total_us=352 [38606,38619][transport_manager.cpp:717,GetStatus]
[2026-08-24 16:51:24.348814][UC][I] [METRIC DEBUG] TransportManager GetStatus return:2350232791554 [38606,38619][transport_manager.cpp:738,GetStatus]
[2026-08-24 16:51:24.348824][UC][I] [PERF] component=drampool event=request_done request_id=2 opcode=0 peer=127.0.0.1:4500 batch_size=2 data_bytes=0 failed_items=0 status=SUCCESS failed_stage=NONE received_ts_us=1787561484348287 worker_started_ts_us=1787561484348297 data_transfer_submitted_ts_us=0 data_transfer_completed_ts_us=0 response_submitted_ts_us=1787561484348693 completed_ts_us=1787561484348820 data_tm_execute_async_ts_us=0 data_hixl_execute_async_ts_us=0 data_tm_get_status_ts_us=0 data_hixl_query_handle_ts_us=0 response_tm_execute_async_ts_us=1787561484348451 response_hixl_execute_async_ts_us=1787561484348467 response_tm_get_status_ts_us=1787561484348694 response_hixl_query_handle_ts_us=1787561484348745 request_queue_us=11 metadata_prepare_us=1 taskworker_prepare_us=6 poller_queue_us=142 data_transfer_us=0 metadata_settle_us=0 response_slot_wait_us=146 response_submit_us=245 response_transfer_us=126 data_tm_to_hixl_execute_async_us=0 data_tm_to_hixl_query_handle_us=0 response_tm_to_hixl_execute_async_us=15 response_tm_to_hixl_query_handle_us=37 total_us=533 [38606,38619][completion_poller.cc:56,LogRequestDone]
[2026-08-24 16:51:24.353027][UC][I] [PERF] component=transport event=transfer_submitted manager=127.0.0.1:8000 target=127.0.0.1:4501 handle=5 transport_handle=5 opcode=1 direct=2 segments=108 bytes=7962624 submitted_ts_us=1787561484353025 manager_execute_async_ts_us=1787561484352751 backend_execute_async_ts_us=1787561484352776 manager_to_backend_execute_async_us=26 submit_us=269 [38606,38620][transport_manager.cpp:674,ExecuteAsync]
[2026-08-24 16:51:24.353092][UC][I] [METRIC DEBUG] TransportManager GetStatus START:2350232795832 [38606,38619][transport_manager.cpp:698,GetStatus]
[2026-08-24 16:51:24.353099][UC][I] [METRIC DEBUG] TransportManager GetStatus get record:2350232795838 [38606,38619][transport_manager.cpp:710,GetStatus]
[2026-08-24 16:51:24.353102][UC][I] [METRIC DEBUG] HIXL transport GetStatus START:2350232795842 [38606,38619][hixl_transport.cpp:689,GetStatus]
[2026-08-24 16:51:24.353106][UC][I] [METRIC DEBUG] HIXL transport GetStatus get lifecycle_lock:2350232795846 [38606,38619][hixl_transport.cpp:697,GetStatus]
[2026-08-24 16:51:24.353110][UC][I] [METRIC DEBUG] HIXL transport GetStatus get pending_mutex_:2350232795850 [38606,38619][hixl_transport.cpp:709,GetStatus]
[2026-08-24 16:51:24.353113][UC][I] [METRIC DEBUG] HIXL instance GetTransferStatus START:2350232795853 [38606,38619][hixl_instance.cpp:316,GetTransferStatus]
[2026-08-24 16:51:24.353124][UC][I] [METRIC DEBUG] HIXL instance GetTransferStatus RUN:2350232795864 [38606,38644][hixl_instance.cpp:321,operator()]
[2026-08-24 16:51:24.353139][UC][I] [METRIC DEBUG] HIXL transport GetStatus get task status:2350232795879 [38606,38619][hixl_transport.cpp:713,GetStatus]
[2026-08-24 16:51:24.353145][UC][I] [METRIC DEBUG] HIXL transport GetStatus return:2350232795885 [38606,38619][hixl_transport.cpp:728,GetStatus]
[2026-08-24 16:51:24.353150][UC][I] [METRIC DEBUG] TransportManager GetStatus get task status:2350232795889 [38606,38619][transport_manager.cpp:713,GetStatus]
[2026-08-24 16:51:24.353154][UC][I] [METRIC DEBUG] TransportManager GetStatus return:2350232795894 [38606,38619][transport_manager.cpp:738,GetStatus]
[2026-08-24 16:51:24.353170][UC][I] [METRIC DEBUG] TransportManager GetStatus START:2350232795909 [38606,38619][transport_manager.cpp:698,GetStatus]
[2026-08-24 16:51:24.353176][UC][I] [METRIC DEBUG] TransportManager GetStatus get record:2350232795916 [38606,38619][transport_manager.cpp:710,GetStatus]
[2026-08-24 16:51:24.353181][UC][I] [METRIC DEBUG] HIXL transport GetStatus START:2350232795921 [38606,38619][hixl_transport.cpp:689,GetStatus]
[2026-08-24 16:51:24.353185][UC][I] [METRIC DEBUG] HIXL transport GetStatus get lifecycle_lock:2350232795925 [38606,38619][hixl_transport.cpp:697,GetStatus]
[2026-08-24 16:51:24.353188][UC][I] [METRIC DEBUG] HIXL transport GetStatus get pending_mutex_:2350232795928 [38606,38619][hixl_transport.cpp:709,GetStatus]
[2026-08-24 16:51:24.353191][UC][I] [METRIC DEBUG] HIXL instance GetTransferStatus START:2350232795931 [38606,38619][hixl_instance.cpp:316,GetTransferStatus]
[2026-08-24 16:51:24.353199][UC][I] [METRIC DEBUG] HIXL instance GetTransferStatus RUN:2350232795938 [38606,38644][hixl_instance.cpp:321,operator()]
[2026-08-24 16:51:24.353211][UC][I] [METRIC DEBUG] HIXL transport GetStatus get task status:2350232795951 [38606,38619][hixl_transport.cpp:713,GetStatus]
[2026-08-24 16:51:24.353217][UC][I] [METRIC DEBUG] HIXL transport GetStatus return:2350232795957 [38606,38619][hixl_transport.cpp:728,GetStatus]
[2026-08-24 16:51:24.353221][UC][I] [METRIC DEBUG] TransportManager GetStatus get task status:2350232795961 [38606,38619][transport_manager.cpp:713,GetStatus]
[2026-08-24 16:51:24.353224][UC][I] [METRIC DEBUG] TransportManager GetStatus return:2350232795964 [38606,38619][transport_manager.cpp:738,GetStatus]
[2026-08-24 16:51:24.353227][UC][I] [METRIC DEBUG] TransportManager GetStatus START:2350232795967 [38606,38619][transport_manager.cpp:698,GetStatus]
[2026-08-24 16:51:24.353230][UC][I] [METRIC DEBUG] TransportManager GetStatus get record:2350232795970 [38606,38619][transport_manager.cpp:710,GetStatus]
[2026-08-24 16:51:24.353234][UC][I] [METRIC DEBUG] HIXL transport GetStatus START:2350232795974 [38606,38619][hixl_transport.cpp:689,GetStatus]
[2026-08-24 16:51:24.353238][UC][I] [METRIC DEBUG] HIXL transport GetStatus get lifecycle_lock:2350232795978 [38606,38619][hixl_transport.cpp:697,GetStatus]
[2026-08-24 16:51:24.353243][UC][I] [METRIC DEBUG] HIXL transport GetStatus get pending_mutex_:2350232795983 [38606,38619][hixl_transport.cpp:709,GetStatus]
[2026-08-24 16:51:24.353246][UC][I] [METRIC DEBUG] HIXL instance GetTransferStatus START:2350232795986 [38606,38619][hixl_instance.cpp:316,GetTransferStatus]
[2026-08-24 16:51:24.353255][UC][I] [METRIC DEBUG] HIXL instance GetTransferStatus RUN:2350232795995 [38606,38644][hixl_instance.cpp:321,operator()]
[2026-08-24 16:51:24.353279][UC][I] [METRIC DEBUG] HIXL transport GetStatus get task status:2350232796019 [38606,38619][hixl_transport.cpp:713,GetStatus]
[2026-08-24 16:51:24.353286][UC][I] [METRIC DEBUG] HIXL transport GetStatus return:2350232796025 [38606,38619][hixl_transport.cpp:728,GetStatus]
[2026-08-24 16:51:24.353290][UC][I] [METRIC DEBUG] TransportManager GetStatus get task status:2350232796029 [38606,38619][transport_manager.cpp:713,GetStatus]
[2026-08-24 16:51:24.353293][UC][I] [METRIC DEBUG] TransportManager GetStatus return:2350232796033 [38606,38619][transport_manager.cpp:738,GetStatus]
[2026-08-24 16:51:24.353297][UC][I] [METRIC DEBUG] TransportManager GetStatus START:2350232796037 [38606,38619][transport_manager.cpp:698,GetStatus]
[2026-08-24 16:51:24.353300][UC][I] [METRIC DEBUG] TransportManager GetStatus get record:2350232796040 [38606,38619][transport_manager.cpp:710,GetStatus]
[2026-08-24 16:51:24.353304][UC][I] [METRIC DEBUG] HIXL transport GetStatus START:2350232796043 [38606,38619][hixl_transport.cpp:689,GetStatus]
[2026-08-24 16:51:24.353307][UC][I] [METRIC DEBUG] HIXL transport GetStatus get lifecycle_lock:2350232796047 [38606,38619][hixl_transport.cpp:697,GetStatus]
[2026-08-24 16:51:24.353311][UC][I] [METRIC DEBUG] HIXL transport GetStatus get pending_mutex_:2350232796050 [38606,38619][hixl_transport.cpp:709,GetStatus]
[2026-08-24 16:51:24.353322][UC][I] [METRIC DEBUG] HIXL instance GetTransferStatus START:2350232796061 [38606,38619][hixl_instance.cpp:316,GetTransferStatus]
[2026-08-24 16:51:24.353338][UC][I] [METRIC DEBUG] HIXL instance GetTransferStatus RUN:2350232796077 [38606,38644][hixl_instance.cpp:321,operator()]
[2026-08-24 16:51:24.353371][UC][I] [METRIC DEBUG] HIXL transport GetStatus get task status:2350232796111 [38606,38619][hixl_transport.cpp:713,GetStatus]
[2026-08-24 16:51:24.353379][UC][I] [METRIC DEBUG] HIXL transport GetStatus return:2350232796118 [38606,38619][hixl_transport.cpp:728,GetStatus]
[2026-08-24 16:51:24.353382][UC][I] [METRIC DEBUG] TransportManager GetStatus get task status:2350232796122 [38606,38619][transport_manager.cpp:713,GetStatus]
[2026-08-24 16:51:24.353386][UC][I] [PERF] component=transport event=transfer_done manager=127.0.0.1:8000 target=127.0.0.1:4501 handle=5 transport_handle=5 opcode=1 direct=2 segments=108 bytes=7962624 status=1 api_status=0 submitted_ts_us=1787561484353025 completed_ts_us=1787561484353384 manager_get_status_ts_us=1787561484353297 backend_query_ts_us=1787561484353352 submit_us=269 transfer_us=359 manager_to_backend_query_us=39 total_us=628 [38606,38619][transport_manager.cpp:717,GetStatus]
[2026-08-24 16:51:24.353389][UC][I] [METRIC DEBUG] TransportManager GetStatus return:2350232796129 [38606,38619][transport_manager.cpp:738,GetStatus]
[2026-08-24 16:51:24.353548][UC][I] [PERF] component=transport event=transfer_submitted manager=127.0.0.1:8000 target=127.0.0.1:4501 handle=6 transport_handle=6 opcode=1 direct=2 segments=1 bytes=63 submitted_ts_us=1787561484353547 manager_execute_async_ts_us=1787561484353416 backend_execute_async_ts_us=1787561484353425 manager_to_backend_execute_async_us=9 submit_us=130 [38606,38619][transport_manager.cpp:674,ExecuteAsync]
[2026-08-24 16:51:24.353556][UC][I] [METRIC DEBUG] TransportManager GetStatus START:2350232796296 [38606,38619][transport_manager.cpp:698,GetStatus]
[2026-08-24 16:51:24.353560][UC][I] [METRIC DEBUG] TransportManager GetStatus get record:2350232796300 [38606,38619][transport_manager.cpp:710,GetStatus]
[2026-08-24 16:51:24.353564][UC][I] [METRIC DEBUG] HIXL transport GetStatus START:2350232796304 [38606,38619][hixl_transport.cpp:689,GetStatus]
[2026-08-24 16:51:24.353568][UC][I] [METRIC DEBUG] HIXL transport GetStatus get lifecycle_lock:2350232796307 [38606,38619][hixl_transport.cpp:697,GetStatus]
[2026-08-24 16:51:24.353571][UC][I] [METRIC DEBUG] HIXL transport GetStatus get pending_mutex_:2350232796311 [38606,38619][hixl_transport.cpp:709,GetStatus]
[2026-08-24 16:51:24.353574][UC][I] [METRIC DEBUG] HIXL instance GetTransferStatus START:2350232796314 [38606,38619][hixl_instance.cpp:316,GetTransferStatus]
[2026-08-24 16:51:24.353584][UC][I] [METRIC DEBUG] HIXL instance GetTransferStatus RUN:2350232796323 [38606,38644][hixl_instance.cpp:321,operator()]
[2026-08-24 16:51:24.353608][UC][I] [METRIC DEBUG] HIXL transport GetStatus get task status:2350232796348 [38606,38619][hixl_transport.cpp:713,GetStatus]
[2026-08-24 16:51:24.353616][UC][I] [METRIC DEBUG] HIXL transport GetStatus return:2350232796356 [38606,38619][hixl_transport.cpp:728,GetStatus]
[2026-08-24 16:51:24.353621][UC][I] [METRIC DEBUG] TransportManager GetStatus get task status:2350232796361 [38606,38619][transport_manager.cpp:713,GetStatus]
[2026-08-24 16:51:24.353626][UC][I] [PERF] component=transport event=transfer_done manager=127.0.0.1:8000 target=127.0.0.1:4501 handle=6 transport_handle=6 opcode=1 direct=2 segments=1 bytes=63 status=1 api_status=0 submitted_ts_us=1787561484353547 completed_ts_us=1787561484353624 manager_get_status_ts_us=1787561484353556 backend_query_ts_us=1787561484353596 submit_us=130 transfer_us=78 manager_to_backend_query_us=27 total_us=208 [38606,38619][transport_manager.cpp:717,GetStatus]
[2026-08-24 16:51:24.353630][UC][I] [METRIC DEBUG] TransportManager GetStatus return:2350232796369 [38606,38619][transport_manager.cpp:738,GetStatus]
[2026-08-24 16:51:24.353636][UC][I] [PERF] component=drampool event=request_done request_id=2 opcode=2 peer=127.0.0.1:4501 batch_size=108 data_bytes=7962624 failed_items=0 status=SUCCESS failed_stage=NONE received_ts_us=1787561484352697 worker_started_ts_us=1787561484352716 data_transfer_submitted_ts_us=1787561484353056 data_transfer_completed_ts_us=1787561484353392 response_submitted_ts_us=1787561484353555 completed_ts_us=1787561484353633 data_tm_execute_async_ts_us=1787561484352751 data_hixl_execute_async_ts_us=1787561484352776 data_tm_get_status_ts_us=1787561484353297 data_hixl_query_handle_ts_us=1787561484353352 response_tm_execute_async_ts_us=1787561484353416 response_hixl_execute_async_ts_us=1787561484353425 response_tm_get_status_ts_us=1787561484353556 response_hixl_query_handle_ts_us=1787561484353596 request_queue_us=19 metadata_prepare_us=32 taskworker_prepare_us=341 poller_queue_us=34 data_transfer_us=337 metadata_settle_us=21 response_slot_wait_us=0 response_submit_us=141 response_transfer_us=77 data_tm_to_hixl_execute_async_us=26 data_tm_to_hixl_query_handle_us=39 response_tm_to_hixl_execute_async_us=9 response_tm_to_hixl_query_handle_us=27 total_us=936 [38606,38619][completion_poller.cc:56,LogRequestDone]
[2026-08-24 16:51:24.355270][UC][I] [PERF] component=transport event=transfer_submitted manager=127.0.0.1:8000 target=127.0.0.1:4502 handle=7 transport_handle=7 opcode=1 direct=2 segments=108 bytes=7962624 submitted_ts_us=1787561484355269 manager_execute_async_ts_us=1787561484353077 backend_execute_async_ts_us=1787561484353110 manager_to_backend_execute_async_us=32 submit_us=2191 [38606,38620][transport_manager.cpp:674,ExecuteAsync]
[2026-08-24 16:51:24.355331][UC][I] [METRIC DEBUG] TransportManager GetStatus START:2350232798070 [38606,38619][transport_manager.cpp:698,GetStatus]
[2026-08-24 16:51:24.355342][UC][I] [METRIC DEBUG] TransportManager GetStatus get record:2350232798082 [38606,38619][transport_manager.cpp:710,GetStatus]
[2026-08-24 16:51:24.355347][UC][I] [METRIC DEBUG] HIXL transport GetStatus START:2350232798087 [38606,38619][hixl_transport.cpp:689,GetStatus]
[2026-08-24 16:51:24.355353][UC][I] [METRIC DEBUG] HIXL transport GetStatus get lifecycle_lock:2350232798093 [38606,38619][hixl_transport.cpp:697,GetStatus]
[2026-08-24 16:51:24.355358][UC][I] [METRIC DEBUG] HIXL transport GetStatus get pending_mutex_:2350232798098 [38606,38619][hixl_transport.cpp:709,GetStatus]
[2026-08-24 16:51:24.355364][UC][I] [METRIC DEBUG] HIXL instance GetTransferStatus START:2350232798104 [38606,38619][hixl_instance.cpp:316,GetTransferStatus]
[2026-08-24 16:51:24.355389][UC][I] [METRIC DEBUG] HIXL instance GetTransferStatus RUN:2350232798126 [38606,38623][hixl_instance.cpp:321,operator()]
[2026-08-24 16:51:24.355456][UC][I] [METRIC DEBUG] HIXL transport GetStatus get task status:2350232798194 [38606,38619][hixl_transport.cpp:713,GetStatus]
[2026-08-24 16:51:24.355471][UC][I] [METRIC DEBUG] HIXL transport GetStatus return:2350232798211 [38606,38619][hixl_transport.cpp:728,GetStatus]
[2026-08-24 16:51:24.355477][UC][I] [METRIC DEBUG] TransportManager GetStatus get task status:2350232798217 [38606,38619][transport_manager.cpp:713,GetStatus]
[2026-08-24 16:51:24.355483][UC][I] [METRIC DEBUG] TransportManager GetStatus return:2350232798223 [38606,38619][transport_manager.cpp:738,GetStatus]
[2026-08-24 16:51:24.355488][UC][I] [METRIC DEBUG] TransportManager GetStatus START:2350232798228 [38606,38619][transport_manager.cpp:698,GetStatus]
[2026-08-24 16:51:24.355493][UC][I] [METRIC DEBUG] TransportManager GetStatus get record:2350232798233 [38606,38619][transport_manager.cpp:710,GetStatus]
[2026-08-24 16:51:24.355499][UC][I] [METRIC DEBUG] HIXL transport GetStatus START:2350232798239 [38606,38619][hixl_transport.cpp:689,GetStatus]
[2026-08-24 16:51:24.355506][UC][I] [METRIC DEBUG] HIXL transport GetStatus get lifecycle_lock:2350232798246 [38606,38619][hixl_transport.cpp:697,GetStatus]
[2026-08-24 16:51:24.355512][UC][I] [METRIC DEBUG] HIXL transport GetStatus get pending_mutex_:2350232798252 [38606,38619][hixl_transport.cpp:709,GetStatus]
[2026-08-24 16:51:24.355516][UC][I] [METRIC DEBUG] HIXL instance GetTransferStatus START:2350232798256 [38606,38619][hixl_instance.cpp:316,GetTransferStatus]
[2026-08-24 16:51:24.355546][UC][I] [METRIC DEBUG] HIXL instance GetTransferStatus RUN:2350232798284 [38606,38623][hixl_instance.cpp:321,operator()]
[2026-08-24 16:51:24.355577][UC][I] [METRIC DEBUG] HIXL transport GetStatus get task status:2350232798316 [38606,38619][hixl_transport.cpp:713,GetStatus]
[2026-08-24 16:51:24.355593][UC][I] [METRIC DEBUG] HIXL transport GetStatus return:2350232798332 [38606,38619][hixl_transport.cpp:728,GetStatus]
[2026-08-24 16:51:24.355599][UC][I] [METRIC DEBUG] TransportManager GetStatus get task status:2350232798338 [38606,38619][transport_manager.cpp:713,GetStatus]
[2026-08-24 16:51:24.355604][UC][I] [METRIC DEBUG] TransportManager GetStatus return:2350232798344 [38606,38619][transport_manager.cpp:738,GetStatus]
[2026-08-24 16:51:24.355610][UC][I] [METRIC DEBUG] TransportManager GetStatus START:2350232798349 [38606,38619][transport_manager.cpp:698,GetStatus]
[2026-08-24 16:51:24.355614][UC][I] [METRIC DEBUG] TransportManager GetStatus get record:2350232798354 [38606,38619][transport_manager.cpp:710,GetStatus]
[2026-08-24 16:51:24.355622][UC][I] [METRIC DEBUG] HIXL transport GetStatus START:2350232798362 [38606,38619][hixl_transport.cpp:689,GetStatus]
[2026-08-24 16:51:24.355628][UC][I] [METRIC DEBUG] HIXL transport GetStatus get lifecycle_lock:2350232798368 [38606,38619][hixl_transport.cpp:697,GetStatus]
[2026-08-24 16:51:24.355632][UC][I] [METRIC DEBUG] HIXL transport GetStatus get pending_mutex_:2350232798372 [38606,38619][hixl_transport.cpp:709,GetStatus]
[2026-08-24 16:51:24.355638][UC][I] [METRIC DEBUG] HIXL instance GetTransferStatus START:2350232798378 [38606,38619][hixl_instance.cpp:316,GetTransferStatus]
[2026-08-24 16:51:24.355658][UC][I] [METRIC DEBUG] HIXL instance GetTransferStatus RUN:2350232798396 [38606,38623][hixl_instance.cpp:321,operator()]
[2026-08-24 16:51:24.355688][UC][I] [METRIC DEBUG] HIXL transport GetStatus get task status:2350232798427 [38606,38619][hixl_transport.cpp:713,GetStatus]
[2026-08-24 16:51:24.355706][UC][I] [METRIC DEBUG] HIXL transport GetStatus return:2350232798445 [38606,38619][hixl_transport.cpp:728,GetStatus]
[2026-08-24 16:51:24.355710][UC][I] [METRIC DEBUG] TransportManager GetStatus get task status:2350232798449 [38606,38619][transport_manager.cpp:713,GetStatus]
[2026-08-24 16:51:24.355713][UC][I] [METRIC DEBUG] TransportManager GetStatus return:2350232798453 [38606,38619][transport_manager.cpp:738,GetStatus]
[2026-08-24 16:51:24.355717][UC][I] [METRIC DEBUG] TransportManager GetStatus START:2350232798457 [38606,38619][transport_manager.cpp:698,GetStatus]
[2026-08-24 16:51:24.355721][UC][I] [METRIC DEBUG] TransportManager GetStatus get record:2350232798461 [38606,38619][transport_manager.cpp:710,GetStatus]
[2026-08-24 16:51:24.355724][UC][I] [METRIC DEBUG] HIXL transport GetStatus START:2350232798464 [38606,38619][hixl_transport.cpp:689,GetStatus]
[2026-08-24 16:51:24.355728][UC][I] [METRIC DEBUG] HIXL transport GetStatus get lifecycle_lock:2350232798467 [38606,38619][hixl_transport.cpp:697,GetStatus]
[2026-08-24 16:51:24.355731][UC][I] [METRIC DEBUG] HIXL transport GetStatus get pending_mutex_:2350232798471 [38606,38619][hixl_transport.cpp:709,GetStatus]
[2026-08-24 16:51:24.355734][UC][I] [METRIC DEBUG] HIXL instance GetTransferStatus START:2350232798474 [38606,38619][hixl_instance.cpp:316,GetTransferStatus]
[2026-08-24 16:51:24.355750][UC][I] [METRIC DEBUG] HIXL instance GetTransferStatus RUN:2350232798489 [38606,38623][hixl_instance.cpp:321,operator()]
[2026-08-24 16:51:24.355781][UC][I] [METRIC DEBUG] HIXL transport GetStatus get task status:2350232798519 [38606,38619][hixl_transport.cpp:713,GetStatus]
[2026-08-24 16:51:24.355792][UC][I] [METRIC DEBUG] HIXL transport GetStatus return:2350232798532 [38606,38619][hixl_transport.cpp:728,GetStatus]
[2026-08-24 16:51:24.355797][UC][I] [METRIC DEBUG] TransportManager GetStatus get task status:2350232798536 [38606,38619][transport_manager.cpp:713,GetStatus]
[2026-08-24 16:51:24.355800][UC][I] [METRIC DEBUG] TransportManager GetStatus return:2350232798540 [38606,38619][transport_manager.cpp:738,GetStatus]
[2026-08-24 16:51:24.355812][UC][I] [METRIC DEBUG] TransportManager GetStatus START:2350232798552 [38606,38619][transport_manager.cpp:698,GetStatus]
[2026-08-24 16:51:24.355817][UC][I] [METRIC DEBUG] TransportManager GetStatus get record:2350232798557 [38606,38619][transport_manager.cpp:710,GetStatus]
[2026-08-24 16:51:24.355820][UC][I] [METRIC DEBUG] HIXL transport GetStatus START:2350232798560 [38606,38619][hixl_transport.cpp:689,GetStatus]
[2026-08-24 16:51:24.355823][UC][I] [METRIC DEBUG] HIXL transport GetStatus get lifecycle_lock:2350232798563 [38606,38619][hixl_transport.cpp:697,GetStatus]
[2026-08-24 16:51:24.355826][UC][I] [METRIC DEBUG] HIXL transport GetStatus get pending_mutex_:2350232798566 [38606,38619][hixl_transport.cpp:709,GetStatus]
[2026-08-24 16:51:24.355830][UC][I] [METRIC DEBUG] HIXL instance GetTransferStatus START:2350232798570 [38606,38619][hixl_instance.cpp:316,GetTransferStatus]
[2026-08-24 16:51:24.355847][UC][I] [METRIC DEBUG] HIXL instance GetTransferStatus RUN:2350232798585 [38606,38623][hixl_instance.cpp:321,operator()]
[2026-08-24 16:51:24.355877][UC][I] [METRIC DEBUG] HIXL transport GetStatus get task status:2350232798615 [38606,38619][hixl_transport.cpp:713,GetStatus]
[2026-08-24 16:51:24.355888][UC][I] [METRIC DEBUG] HIXL transport GetStatus return:2350232798628 [38606,38619][hixl_transport.cpp:728,GetStatus]
[2026-08-24 16:51:24.355892][UC][I] [METRIC DEBUG] TransportManager GetStatus get task status:2350232798632 [38606,38619][transport_manager.cpp:713,GetStatus]
[2026-08-24 16:51:24.355895][UC][I] [METRIC DEBUG] TransportManager GetStatus return:2350232798635 [38606,38619][transport_manager.cpp:738,GetStatus]
[2026-08-24 16:51:24.355899][UC][I] [METRIC DEBUG] TransportManager GetStatus START:2350232798639 [38606,38619][transport_manager.cpp:698,GetStatus]
[2026-08-24 16:51:24.355903][UC][I] [METRIC DEBUG] TransportManager GetStatus get record:2350232798643 [38606,38619][transport_manager.cpp:710,GetStatus]
[2026-08-24 16:51:24.355907][UC][I] [METRIC DEBUG] HIXL transport GetStatus START:2350232798646 [38606,38619][hixl_transport.cpp:689,GetStatus]
[2026-08-24 16:51:24.355910][UC][I] [METRIC DEBUG] HIXL transport GetStatus get lifecycle_lock:2350232798649 [38606,38619][hixl_transport.cpp:697,GetStatus]
[2026-08-24 16:51:24.355913][UC][I] [METRIC DEBUG] HIXL transport GetStatus get pending_mutex_:2350232798653 [38606,38619][hixl_transport.cpp:709,GetStatus]
[2026-08-24 16:51:24.355916][UC][I] [METRIC DEBUG] HIXL instance GetTransferStatus START:2350232798656 [38606,38619][hixl_instance.cpp:316,GetTransferStatus]
[2026-08-24 16:51:24.355933][UC][I] [METRIC DEBUG] HIXL instance GetTransferStatus RUN:2350232798671 [38606,38623][hixl_instance.cpp:321,operator()]
[2026-08-24 16:51:24.355963][UC][I] [METRIC DEBUG] HIXL transport GetStatus get task status:2350232798702 [38606,38619][hixl_transport.cpp:713,GetStatus]
[2026-08-24 16:51:24.355974][UC][I] [METRIC DEBUG] HIXL transport GetStatus return:2350232798714 [38606,38619][hixl_transport.cpp:728,GetStatus]
[2026-08-24 16:51:24.355978][UC][I] [METRIC DEBUG] TransportManager GetStatus get task status:2350232798718 [38606,38619][transport_manager.cpp:713,GetStatus]
[2026-08-24 16:51:24.355981][UC][I] [METRIC DEBUG] TransportManager GetStatus return:2350232798721 [38606,38619][transport_manager.cpp:738,GetStatus]
[2026-08-24 16:51:24.355985][UC][I] [METRIC DEBUG] TransportManager GetStatus START:2350232798725 [38606,38619][transport_manager.cpp:698,GetStatus]
[2026-08-24 16:51:24.355989][UC][I] [METRIC DEBUG] TransportManager GetStatus get record:2350232798729 [38606,38619][transport_manager.cpp:710,GetStatus]
[2026-08-24 16:51:24.355992][UC][I] [METRIC DEBUG] HIXL transport GetStatus START:2350232798732 [38606,38619][hixl_transport.cpp:689,GetStatus]
[2026-08-24 16:51:24.355996][UC][I] [METRIC DEBUG] HIXL transport GetStatus get lifecycle_lock:2350232798735 [38606,38619][hixl_transport.cpp:697,GetStatus]
[2026-08-24 16:51:24.355999][UC][I] [METRIC DEBUG] HIXL transport GetStatus get pending_mutex_:2350232798739 [38606,38619][hixl_transport.cpp:709,GetStatus]
[2026-08-24 16:51:24.356008][UC][I] [METRIC DEBUG] HIXL instance GetTransferStatus START:2350232798748 [38606,38619][hixl_instance.cpp:316,GetTransferStatus]
[2026-08-24 16:51:24.356027][UC][I] [METRIC DEBUG] HIXL instance GetTransferStatus RUN:2350232798765 [38606,38623][hixl_instance.cpp:321,operator()]
[2026-08-24 16:51:24.356059][UC][I] [METRIC DEBUG] HIXL transport GetStatus get task status:2350232798797 [38606,38619][hixl_transport.cpp:713,GetStatus]
[2026-08-24 16:51:24.356070][UC][I] [METRIC DEBUG] HIXL transport GetStatus return:2350232798810 [38606,38619][hixl_transport.cpp:728,GetStatus]
[2026-08-24 16:51:24.356073][UC][I] [METRIC DEBUG] TransportManager GetStatus get task status:2350232798813 [38606,38619][transport_manager.cpp:713,GetStatus]
[2026-08-24 16:51:24.356076][UC][I] [METRIC DEBUG] TransportManager GetStatus return:2350232798816 [38606,38619][transport_manager.cpp:738,GetStatus]
[2026-08-24 16:51:24.356080][UC][I] [METRIC DEBUG] TransportManager GetStatus START:2350232798820 [38606,38619][transport_manager.cpp:698,GetStatus]
[2026-08-24 16:51:24.356084][UC][I] [METRIC DEBUG] TransportManager GetStatus get record:2350232798824 [38606,38619][transport_manager.cpp:710,GetStatus]
[2026-08-24 16:51:24.356087][UC][I] [METRIC DEBUG] HIXL transport GetStatus START:2350232798827 [38606,38619][hixl_transport.cpp:689,GetStatus]
[2026-08-24 16:51:24.356090][UC][I] [METRIC DEBUG] HIXL transport GetStatus get lifecycle_lock:2350232798830 [38606,38619][hixl_transport.cpp:697,GetStatus]
[2026-08-24 16:51:24.356093][UC][I] [METRIC DEBUG] HIXL transport GetStatus get pending_mutex_:2350232798833 [38606,38619][hixl_transport.cpp:709,GetStatus]
[2026-08-24 16:51:24.356096][UC][I] [METRIC DEBUG] HIXL instance GetTransferStatus START:2350232798836 [38606,38619][hixl_instance.cpp:316,GetTransferStatus]
[2026-08-24 16:51:24.356114][UC][I] [METRIC DEBUG] HIXL instance GetTransferStatus RUN:2350232798852 [38606,38623][hixl_instance.cpp:321,operator()]
[2026-08-24 16:51:24.356144][UC][I] [METRIC DEBUG] HIXL transport GetStatus get task status:2350232798882 [38606,38619][hixl_transport.cpp:713,GetStatus]
[2026-08-24 16:51:24.356155][UC][I] [METRIC DEBUG] HIXL transport GetStatus return:2350232798894 [38606,38619][hixl_transport.cpp:728,GetStatus]
[2026-08-24 16:51:24.356159][UC][I] [METRIC DEBUG] TransportManager GetStatus get task status:2350232798899 [38606,38619][transport_manager.cpp:713,GetStatus]
[2026-08-24 16:51:24.356162][UC][I] [METRIC DEBUG] TransportManager GetStatus return:2350232798902 [38606,38619][transport_manager.cpp:738,GetStatus]
[2026-08-24 16:51:24.356167][UC][I] [METRIC DEBUG] TransportManager GetStatus START:2350232798907 [38606,38619][transport_manager.cpp:698,GetStatus]
[2026-08-24 16:51:24.356171][UC][I] [METRIC DEBUG] TransportManager GetStatus get record:2350232798911 [38606,38619][transport_manager.cpp:710,GetStatus]
[2026-08-24 16:51:24.356175][UC][I] [METRIC DEBUG] HIXL transport GetStatus START:2350232798914 [38606,38619][hixl_transport.cpp:689,GetStatus]
[2026-08-24 16:51:24.356178][UC][I] [METRIC DEBUG] HIXL transport GetStatus get lifecycle_lock:2350232798918 [38606,38619][hixl_transport.cpp:697,GetStatus]
[2026-08-24 16:51:24.356181][UC][I] [METRIC DEBUG] HIXL transport GetStatus get pending_mutex_:2350232798921 [38606,38619][hixl_transport.cpp:709,GetStatus]
[2026-08-24 16:51:24.356185][UC][I] [METRIC DEBUG] HIXL instance GetTransferStatus START:2350232798925 [38606,38619][hixl_instance.cpp:316,GetTransferStatus]
[2026-08-24 16:51:24.356202][UC][I] [METRIC DEBUG] HIXL instance GetTransferStatus RUN:2350232798941 [38606,38623][hixl_instance.cpp:321,operator()]
[2026-08-24 16:51:24.356233][UC][I] [METRIC DEBUG] HIXL transport GetStatus get task status:2350232798972 [38606,38619][hixl_transport.cpp:713,GetStatus]
[2026-08-24 16:51:24.356243][UC][I] [METRIC DEBUG] HIXL transport GetStatus return:2350232798983 [38606,38619][hixl_transport.cpp:728,GetStatus]
[2026-08-24 16:51:24.356256][UC][I] [METRIC DEBUG] TransportManager GetStatus get task status:2350232798996 [38606,38619][transport_manager.cpp:713,GetStatus]
[2026-08-24 16:51:24.356261][UC][I] [METRIC DEBUG] TransportManager GetStatus return:2350232799001 [38606,38619][transport_manager.cpp:738,GetStatus]
[2026-08-24 16:51:24.356264][UC][I] [METRIC DEBUG] TransportManager GetStatus START:2350232799004 [38606,38619][transport_manager.cpp:698,GetStatus]
[2026-08-24 16:51:24.356268][UC][I] [METRIC DEBUG] TransportManager GetStatus get record:2350232799008 [38606,38619][transport_manager.cpp:710,GetStatus]
[2026-08-24 16:51:24.356271][UC][I] [METRIC DEBUG] HIXL transport GetStatus START:2350232799011 [38606,38619][hixl_transport.cpp:689,GetStatus]
[2026-08-24 16:51:24.356275][UC][I] [METRIC DEBUG] HIXL transport GetStatus get lifecycle_lock:2350232799014 [38606,38619][hixl_transport.cpp:697,GetStatus]
[2026-08-24 16:51:24.356278][UC][I] [METRIC DEBUG] HIXL transport GetStatus get pending_mutex_:2350232799018 [38606,38619][hixl_transport.cpp:709,GetStatus]
[2026-08-24 16:51:24.356281][UC][I] [METRIC DEBUG] HIXL instance GetTransferStatus START:2350232799021 [38606,38619][hixl_instance.cpp:316,GetTransferStatus]
[2026-08-24 16:51:24.356298][UC][I] [METRIC DEBUG] HIXL instance GetTransferStatus RUN:2350232799036 [38606,38623][hixl_instance.cpp:321,operator()]
[2026-08-24 16:51:24.356331][UC][I] [METRIC DEBUG] HIXL transport GetStatus get task status:2350232799069 [38606,38619][hixl_transport.cpp:713,GetStatus]
[2026-08-24 16:51:24.356341][UC][I] [METRIC DEBUG] HIXL transport GetStatus return:2350232799081 [38606,38619][hixl_transport.cpp:728,GetStatus]
[2026-08-24 16:51:24.356345][UC][I] [METRIC DEBUG] TransportManager GetStatus get task status:2350232799085 [38606,38619][transport_manager.cpp:713,GetStatus]
[2026-08-24 16:51:24.356349][UC][I] [METRIC DEBUG] TransportManager GetStatus return:2350232799088 [38606,38619][transport_manager.cpp:738,GetStatus]
[2026-08-24 16:51:24.356353][UC][I] [METRIC DEBUG] TransportManager GetStatus START:2350232799092 [38606,38619][transport_manager.cpp:698,GetStatus]
[2026-08-24 16:51:24.356356][UC][I] [METRIC DEBUG] TransportManager GetStatus get record:2350232799096 [38606,38619][transport_manager.cpp:710,GetStatus]
[2026-08-24 16:51:24.356359][UC][I] [METRIC DEBUG] HIXL transport GetStatus START:2350232799099 [38606,38619][hixl_transport.cpp:689,GetStatus]
[2026-08-24 16:51:24.356362][UC][I] [METRIC DEBUG] HIXL transport GetStatus get lifecycle_lock:2350232799102 [38606,38619][hixl_transport.cpp:697,GetStatus]
[2026-08-24 16:51:24.356366][UC][I] [METRIC DEBUG] HIXL transport GetStatus get pending_mutex_:2350232799106 [38606,38619][hixl_transport.cpp:709,GetStatus]
[2026-08-24 16:51:24.356369][UC][I] [METRIC DEBUG] HIXL instance GetTransferStatus START:2350232799109 [38606,38619][hixl_instance.cpp:316,GetTransferStatus]
[2026-08-24 16:51:24.356386][UC][I] [METRIC DEBUG] HIXL instance GetTransferStatus RUN:2350232799124 [38606,38623][hixl_instance.cpp:321,operator()]
[2026-08-24 16:51:24.356415][UC][I] [METRIC DEBUG] HIXL transport GetStatus get task status:2350232799154 [38606,38619][hixl_transport.cpp:713,GetStatus]
[2026-08-24 16:51:24.356426][UC][I] [METRIC DEBUG] HIXL transport GetStatus return:2350232799166 [38606,38619][hixl_transport.cpp:728,GetStatus]
[2026-08-24 16:51:24.356430][UC][I] [METRIC DEBUG] TransportManager GetStatus get task status:2350232799170 [38606,38619][transport_manager.cpp:713,GetStatus]
[2026-08-24 16:51:24.356434][UC][I] [METRIC DEBUG] TransportManager GetStatus return:2350232799174 [38606,38619][transport_manager.cpp:738,GetStatus]
[2026-08-24 16:51:24.356438][UC][I] [METRIC DEBUG] TransportManager GetStatus START:2350232799178 [38606,38619][transport_manager.cpp:698,GetStatus]
[2026-08-24 16:51:24.356442][UC][I] [METRIC DEBUG] TransportManager GetStatus get record:2350232799181 [38606,38619][transport_manager.cpp:710,GetStatus]
[2026-08-24 16:51:24.356445][UC][I] [METRIC DEBUG] HIXL transport GetStatus START:2350232799185 [38606,38619][hixl_transport.cpp:689,GetStatus]
[2026-08-24 16:51:24.356457][UC][I] [METRIC DEBUG] HIXL transport GetStatus get lifecycle_lock:2350232799197 [38606,38619][hixl_transport.cpp:697,GetStatus]
[2026-08-24 16:51:24.356461][UC][I] [METRIC DEBUG] HIXL transport GetStatus get pending_mutex_:2350232799201 [38606,38619][hixl_transport.cpp:709,GetStatus]
[2026-08-24 16:51:24.356464][UC][I] [METRIC DEBUG] HIXL instance GetTransferStatus START:2350232799204 [38606,38619][hixl_instance.cpp:316,GetTransferStatus]
[2026-08-24 16:51:24.356481][UC][I] [METRIC DEBUG] HIXL instance GetTransferStatus RUN:2350232799220 [38606,38623][hixl_instance.cpp:321,operator()]
[2026-08-24 16:51:24.356512][UC][I] [METRIC DEBUG] HIXL transport GetStatus get task status:2350232799250 [38606,38619][hixl_transport.cpp:713,GetStatus]
[2026-08-24 16:51:24.356523][UC][I] [METRIC DEBUG] HIXL transport GetStatus return:2350232799263 [38606,38619][hixl_transport.cpp:728,GetStatus]
[2026-08-24 16:51:24.356527][UC][I] [METRIC DEBUG] TransportManager GetStatus get task status:2350232799267 [38606,38619][transport_manager.cpp:713,GetStatus]
[2026-08-24 16:51:24.356531][UC][I] [METRIC DEBUG] TransportManager GetStatus return:2350232799271 [38606,38619][transport_manager.cpp:738,GetStatus]
[2026-08-24 16:51:24.356536][UC][I] [METRIC DEBUG] TransportManager GetStatus START:2350232799275 [38606,38619][transport_manager.cpp:698,GetStatus]
[2026-08-24 16:51:24.356540][UC][I] [METRIC DEBUG] TransportManager GetStatus get record:2350232799279 [38606,38619][transport_manager.cpp:710,GetStatus]
[2026-08-24 16:51:24.356543][UC][I] [METRIC DEBUG] HIXL transport GetStatus START:2350232799283 [38606,38619][hixl_transport.cpp:689,GetStatus]
[2026-08-24 16:51:24.356547][UC][I] [METRIC DEBUG] HIXL transport GetStatus get lifecycle_lock:2350232799286 [38606,38619][hixl_transport.cpp:697,GetStatus]
[2026-08-24 16:51:24.356550][UC][I] [METRIC DEBUG] HIXL transport GetStatus get pending_mutex_:2350232799290 [38606,38619][hixl_transport.cpp:709,GetStatus]
[2026-08-24 16:51:24.356553][UC][I] [METRIC DEBUG] HIXL instance GetTransferStatus START:2350232799293 [38606,38619][hixl_instance.cpp:316,GetTransferStatus]
[2026-08-24 16:51:24.356570][UC][I] [METRIC DEBUG] HIXL instance GetTransferStatus RUN:2350232799308 [38606,38623][hixl_instance.cpp:321,operator()]
[2026-08-24 16:51:24.356599][UC][I] [METRIC DEBUG] HIXL transport GetStatus get task status:2350232799337 [38606,38619][hixl_transport.cpp:713,GetStatus]
[2026-08-24 16:51:24.356610][UC][I] [METRIC DEBUG] HIXL transport GetStatus return:2350232799350 [38606,38619][hixl_transport.cpp:728,GetStatus]
[2026-08-24 16:51:24.356614][UC][I] [METRIC DEBUG] TransportManager GetStatus get task status:2350232799354 [38606,38619][transport_manager.cpp:713,GetStatus]
[2026-08-24 16:51:24.356617][UC][I] [METRIC DEBUG] TransportManager GetStatus return:2350232799357 [38606,38619][transport_manager.cpp:738,GetStatus]
[2026-08-24 16:51:24.356621][UC][I] [METRIC DEBUG] TransportManager GetStatus START:2350232799361 [38606,38619][transport_manager.cpp:698,GetStatus]
[2026-08-24 16:51:24.356625][UC][I] [METRIC DEBUG] TransportManager GetStatus get record:2350232799364 [38606,38619][transport_manager.cpp:710,GetStatus]
[2026-08-24 16:51:24.356628][UC][I] [METRIC DEBUG] HIXL transport GetStatus START:2350232799368 [38606,38619][hixl_transport.cpp:689,GetStatus]
[2026-08-24 16:51:24.356631][UC][I] [METRIC DEBUG] HIXL transport GetStatus get lifecycle_lock:2350232799371 [38606,38619][hixl_transport.cpp:697,GetStatus]
[2026-08-24 16:51:24.356635][UC][I] [METRIC DEBUG] HIXL transport GetStatus get pending_mutex_:2350232799374 [38606,38619][hixl_transport.cpp:709,GetStatus]
[2026-08-24 16:51:24.356638][UC][I] [METRIC DEBUG] HIXL instance GetTransferStatus START:2350232799378 [38606,38619][hixl_instance.cpp:316,GetTransferStatus]
[2026-08-24 16:51:24.356655][UC][I] [METRIC DEBUG] HIXL instance GetTransferStatus RUN:2350232799393 [38606,38623][hixl_instance.cpp:321,operator()]
[2026-08-24 16:51:24.356685][UC][I] [METRIC DEBUG] HIXL transport GetStatus get task status:2350232799423 [38606,38619][hixl_transport.cpp:713,GetStatus]
[2026-08-24 16:51:24.356701][UC][I] [METRIC DEBUG] HIXL transport GetStatus return:2350232799441 [38606,38619][hixl_transport.cpp:728,GetStatus]
[2026-08-24 16:51:24.356706][UC][I] [METRIC DEBUG] TransportManager GetStatus get task status:2350232799446 [38606,38619][transport_manager.cpp:713,GetStatus]
[2026-08-24 16:51:24.356709][UC][I] [METRIC DEBUG] TransportManager GetStatus return:2350232799449 [38606,38619][transport_manager.cpp:738,GetStatus]
[2026-08-24 16:51:24.356713][UC][I] [METRIC DEBUG] TransportManager GetStatus START:2350232799453 [38606,38619][transport_manager.cpp:698,GetStatus]
[2026-08-24 16:51:24.356716][UC][I] [METRIC DEBUG] TransportManager GetStatus get record:2350232799456 [38606,38619][transport_manager.cpp:710,GetStatus]
[2026-08-24 16:51:24.356719][UC][I] [METRIC DEBUG] HIXL transport GetStatus START:2350232799459 [38606,38619][hixl_transport.cpp:689,GetStatus]
[2026-08-24 16:51:24.356723][UC][I] [METRIC DEBUG] HIXL transport GetStatus get lifecycle_lock:2350232799462 [38606,38619][hixl_transport.cpp:697,GetStatus]
[2026-08-24 16:51:24.356726][UC][I] [METRIC DEBUG] HIXL transport GetStatus get pending_mutex_:2350232799466 [38606,38619][hixl_transport.cpp:709,GetStatus]
[2026-08-24 16:51:24.356729][UC][I] [METRIC DEBUG] HIXL instance GetTransferStatus START:2350232799469 [38606,38619][hixl_instance.cpp:316,GetTransferStatus]
[2026-08-24 16:51:24.356746][UC][I] [METRIC DEBUG] HIXL instance GetTransferStatus RUN:2350232799484 [38606,38623][hixl_instance.cpp:321,operator()]
[2026-08-24 16:51:24.356776][UC][I] [METRIC DEBUG] HIXL transport GetStatus get task status:2350232799515 [38606,38619][hixl_transport.cpp:713,GetStatus]
[2026-08-24 16:51:24.356787][UC][I] [METRIC DEBUG] HIXL transport GetStatus return:2350232799527 [38606,38619][hixl_transport.cpp:728,GetStatus]
[2026-08-24 16:51:24.356791][UC][I] [METRIC DEBUG] TransportManager GetStatus get task status:2350232799531 [38606,38619][transport_manager.cpp:713,GetStatus]
[2026-08-24 16:51:24.356794][UC][I] [METRIC DEBUG] TransportManager GetStatus return:2350232799534 [38606,38619][transport_manager.cpp:738,GetStatus]
[2026-08-24 16:51:24.356799][UC][I] [METRIC DEBUG] TransportManager GetStatus START:2350232799538 [38606,38619][transport_manager.cpp:698,GetStatus]
[2026-08-24 16:51:24.356802][UC][I] [METRIC DEBUG] TransportManager GetStatus get record:2350232799542 [38606,38619][transport_manager.cpp:710,GetStatus]
[2026-08-24 16:51:24.356807][UC][I] [METRIC DEBUG] HIXL transport GetStatus START:2350232799546 [38606,38619][hixl_transport.cpp:689,GetStatus]
[2026-08-24 16:51:24.356810][UC][I] [METRIC DEBUG] HIXL transport GetStatus get lifecycle_lock:2350232799550 [38606,38619][hixl_transport.cpp:697,GetStatus]
[2026-08-24 16:51:24.356813][UC][I] [METRIC DEBUG] HIXL transport GetStatus get pending_mutex_:2350232799553 [38606,38619][hixl_transport.cpp:709,GetStatus]
[2026-08-24 16:51:24.356816][UC][I] [METRIC DEBUG] HIXL instance GetTransferStatus START:2350232799556 [38606,38619][hixl_instance.cpp:316,GetTransferStatus]
[2026-08-24 16:51:24.356833][UC][I] [METRIC DEBUG] HIXL instance GetTransferStatus RUN:2350232799571 [38606,38623][hixl_instance.cpp:321,operator()]
[2026-08-24 16:51:24.356862][UC][I] [METRIC DEBUG] HIXL transport GetStatus get task status:2350232799601 [38606,38619][hixl_transport.cpp:713,GetStatus]
[2026-08-24 16:51:24.356873][UC][I] [METRIC DEBUG] HIXL transport GetStatus return:2350232799613 [38606,38619][hixl_transport.cpp:728,GetStatus]
[2026-08-24 16:51:24.356877][UC][I] [METRIC DEBUG] TransportManager GetStatus get task status:2350232799617 [38606,38619][transport_manager.cpp:713,GetStatus]
[2026-08-24 16:51:24.356880][UC][I] [METRIC DEBUG] TransportManager GetStatus return:2350232799620 [38606,38619][transport_manager.cpp:738,GetStatus]
[2026-08-24 16:51:24.356884][UC][I] [METRIC DEBUG] TransportManager GetStatus START:2350232799624 [38606,38619][transport_manager.cpp:698,GetStatus]
[2026-08-24 16:51:24.356888][UC][I] [METRIC DEBUG] TransportManager GetStatus get record:2350232799628 [38606,38619][transport_manager.cpp:710,GetStatus]
[2026-08-24 16:51:24.356896][UC][I] [METRIC DEBUG] HIXL transport GetStatus START:2350232799636 [38606,38619][hixl_transport.cpp:689,GetStatus]
[2026-08-24 16:51:24.356901][UC][I] [METRIC DEBUG] HIXL transport GetStatus get lifecycle_lock:2350232799641 [38606,38619][hixl_transport.cpp:697,GetStatus]
[2026-08-24 16:51:24.356905][UC][I] [METRIC DEBUG] HIXL transport GetStatus get pending_mutex_:2350232799644 [38606,38619][hixl_transport.cpp:709,GetStatus]
[2026-08-24 16:51:24.356908][UC][I] [METRIC DEBUG] HIXL instance GetTransferStatus START:2350232799647 [38606,38619][hixl_instance.cpp:316,GetTransferStatus]
[2026-08-24 16:51:24.356924][UC][I] [METRIC DEBUG] HIXL instance GetTransferStatus RUN:2350232799662 [38606,38623][hixl_instance.cpp:321,operator()]
[2026-08-24 16:51:24.356954][UC][I] [METRIC DEBUG] HIXL transport GetStatus get task status:2350232799693 [38606,38619][hixl_transport.cpp:713,GetStatus]
[2026-08-24 16:51:24.356965][UC][I] [METRIC DEBUG] HIXL transport GetStatus return:2350232799705 [38606,38619][hixl_transport.cpp:728,GetStatus]
[2026-08-24 16:51:24.356969][UC][I] [METRIC DEBUG] TransportManager GetStatus get task status:2350232799709 [38606,38619][transport_manager.cpp:713,GetStatus]
[2026-08-24 16:51:24.356973][UC][I] [METRIC DEBUG] TransportManager GetStatus return:2350232799713 [38606,38619][transport_manager.cpp:738,GetStatus]
[2026-08-24 16:51:24.356977][UC][I] [METRIC DEBUG] TransportManager GetStatus START:2350232799717 [38606,38619][transport_manager.cpp:698,GetStatus]
[2026-08-24 16:51:24.356981][UC][I] [METRIC DEBUG] TransportManager GetStatus get record:2350232799720 [38606,38619][transport_manager.cpp:710,GetStatus]
[2026-08-24 16:51:24.356984][UC][I] [METRIC DEBUG] HIXL transport GetStatus START:2350232799724 [38606,38619][hixl_transport.cpp:689,GetStatus]
[2026-08-24 16:51:24.356987][UC][I] [METRIC DEBUG] HIXL transport GetStatus get lifecycle_lock:2350232799727 [38606,38619][hixl_transport.cpp:697,GetStatus]
[2026-08-24 16:51:24.356990][UC][I] [METRIC DEBUG] HIXL transport GetStatus get pending_mutex_:2350232799730 [38606,38619][hixl_transport.cpp:709,GetStatus]
[2026-08-24 16:51:24.356993][UC][I] [METRIC DEBUG] HIXL instance GetTransferStatus START:2350232799733 [38606,38619][hixl_instance.cpp:316,GetTransferStatus]
[2026-08-24 16:51:24.357010][UC][I] [METRIC DEBUG] HIXL instance GetTransferStatus RUN:2350232799748 [38606,38623][hixl_instance.cpp:321,operator()]
[2026-08-24 16:51:24.357048][UC][I] [METRIC DEBUG] HIXL transport GetStatus get task status:2350232799786 [38606,38619][hixl_transport.cpp:713,GetStatus]
[2026-08-24 16:51:24.357058][UC][I] [METRIC DEBUG] HIXL transport GetStatus return:2350232799798 [38606,38619][hixl_transport.cpp:728,GetStatus]
[2026-08-24 16:51:24.357062][UC][I] [METRIC DEBUG] TransportManager GetStatus get task status:2350232799802 [38606,38619][transport_manager.cpp:713,GetStatus]
[2026-08-24 16:51:24.357066][UC][I] [PERF] component=transport event=transfer_done manager=127.0.0.1:8000 target=127.0.0.1:4502 handle=7 transport_handle=7 opcode=1 direct=2 segments=108 bytes=7962624 status=1 api_status=0 submitted_ts_us=1787561484355269 completed_ts_us=1787561484357065 manager_get_status_ts_us=1787561484356976 backend_query_ts_us=1787561484357026 submit_us=2191 transfer_us=1796 manager_to_backend_query_us=32 total_us=3987 [38606,38619][transport_manager.cpp:717,GetStatus]
[2026-08-24 16:51:24.357070][UC][I] [METRIC DEBUG] TransportManager GetStatus return:2350232799809 [38606,38619][transport_manager.cpp:738,GetStatus]
[2026-08-24 16:51:24.357221][UC][I] [PERF] component=transport event=transfer_submitted manager=127.0.0.1:8000 target=127.0.0.1:4502 handle=8 transport_handle=8 opcode=1 direct=2 segments=1 bytes=63 submitted_ts_us=1787561484357220 manager_execute_async_ts_us=1787561484357086 backend_execute_async_ts_us=1787561484357100 manager_to_backend_execute_async_us=14 submit_us=134 [38606,38619][transport_manager.cpp:674,ExecuteAsync]
[2026-08-24 16:51:24.357228][UC][I] [METRIC DEBUG] TransportManager GetStatus START:2350232799968 [38606,38619][transport_manager.cpp:698,GetStatus]
[2026-08-24 16:51:24.357237][UC][I] [METRIC DEBUG] TransportManager GetStatus get record:2350232799977 [38606,38619][transport_manager.cpp:710,GetStatus]
[2026-08-24 16:51:24.357241][UC][I] [METRIC DEBUG] HIXL transport GetStatus START:2350232799981 [38606,38619][hixl_transport.cpp:689,GetStatus]
[2026-08-24 16:51:24.357245][UC][I] [METRIC DEBUG] HIXL transport GetStatus get lifecycle_lock:2350232799984 [38606,38619][hixl_transport.cpp:697,GetStatus]
[2026-08-24 16:51:24.357248][UC][I] [METRIC DEBUG] HIXL transport GetStatus get pending_mutex_:2350232799988 [38606,38619][hixl_transport.cpp:709,GetStatus]
[2026-08-24 16:51:24.357251][UC][I] [METRIC DEBUG] HIXL instance GetTransferStatus START:2350232799991 [38606,38619][hixl_instance.cpp:316,GetTransferStatus]
[2026-08-24 16:51:24.357272][UC][I] [METRIC DEBUG] HIXL instance GetTransferStatus RUN:2350232800010 [38606,38623][hixl_instance.cpp:321,operator()]
[2026-08-24 16:51:24.357323][UC][I] [METRIC DEBUG] HIXL transport GetStatus get task status:2350232800062 [38606,38619][hixl_transport.cpp:713,GetStatus]
[2026-08-24 16:51:24.357334][UC][I] [METRIC DEBUG] HIXL transport GetStatus return:2350232800074 [38606,38619][hixl_transport.cpp:728,GetStatus]
[2026-08-24 16:51:24.357339][UC][I] [METRIC DEBUG] TransportManager GetStatus get task status:2350232800078 [38606,38619][transport_manager.cpp:713,GetStatus]
[2026-08-24 16:51:24.357344][UC][I] [PERF] component=transport event=transfer_done manager=127.0.0.1:8000 target=127.0.0.1:4502 handle=8 transport_handle=8 opcode=1 direct=2 segments=1 bytes=63 status=1 api_status=0 submitted_ts_us=1787561484357220 completed_ts_us=1787561484357342 manager_get_status_ts_us=1787561484357228 backend_query_ts_us=1787561484357304 submit_us=134 transfer_us=122 manager_to_backend_query_us=42 total_us=256 [38606,38619][transport_manager.cpp:717,GetStatus]
[2026-08-24 16:51:24.357347][UC][I] [METRIC DEBUG] TransportManager GetStatus return:2350232800087 [38606,38619][transport_manager.cpp:738,GetStatus]
[2026-08-24 16:51:24.357354][UC][I] [PERF] component=drampool event=request_done request_id=1 opcode=2 peer=127.0.0.1:4502 batch_size=108 data_bytes=7962624 failed_items=0 status=SUCCESS failed_stage=NONE received_ts_us=1787561484352841 worker_started_ts_us=1787561484353059 data_transfer_submitted_ts_us=1787561484355283 data_transfer_completed_ts_us=1787561484357074 response_submitted_ts_us=1787561484357227 completed_ts_us=1787561484357351 data_tm_execute_async_ts_us=1787561484353077 data_hixl_execute_async_ts_us=1787561484353110 data_tm_get_status_ts_us=1787561484356976 data_hixl_query_handle_ts_us=1787561484357026 response_tm_execute_async_ts_us=1787561484357086 response_hixl_execute_async_ts_us=1787561484357100 response_tm_get_status_ts_us=1787561484357228 response_hixl_query_handle_ts_us=1787561484357304 request_queue_us=217 metadata_prepare_us=17 taskworker_prepare_us=2225 poller_queue_us=46 data_transfer_us=1790 metadata_settle_us=9 response_slot_wait_us=1 response_submit_us=143 response_transfer_us=124 data_tm_to_hixl_execute_async_us=32 data_tm_to_hixl_query_handle_us=32 response_tm_to_hixl_execute_async_us=14 response_tm_to_hixl_query_handle_us=42 total_us=4509 [38606,38619][completion_poller.cc:56,LogRequestDone]
[2026-08-24 16:51:29.187358][UC][I] [PERF] component=transport event=transfer_submitted manager=127.0.0.1:8000 target=127.0.0.1:4500 handle=9 transport_handle=9 opcode=1 direct=2 segments=1 bytes=10 submitted_ts_us=1787561489187356 manager_execute_async_ts_us=1787561489187052 backend_execute_async_ts_us=1787561489187073 manager_to_backend_execute_async_us=21 submit_us=301 [38606,38619][transport_manager.cpp:674,ExecuteAsync]
[2026-08-24 16:51:29.187407][UC][I] [METRIC DEBUG] TransportManager GetStatus START:2350237630147 [38606,38619][transport_manager.cpp:698,GetStatus]
[2026-08-24 16:51:29.187414][UC][I] [METRIC DEBUG] TransportManager GetStatus get record:2350237630154 [38606,38619][transport_manager.cpp:710,GetStatus]
[2026-08-24 16:51:29.187418][UC][I] [METRIC DEBUG] HIXL transport GetStatus START:2350237630158 [38606,38619][hixl_transport.cpp:689,GetStatus]
[2026-08-24 16:51:29.187451][UC][I] [METRIC DEBUG] HIXL transport GetStatus get lifecycle_lock:2350237630191 [38606,38619][hixl_transport.cpp:697,GetStatus]
[2026-08-24 16:51:29.187459][UC][I] [METRIC DEBUG] HIXL transport GetStatus get pending_mutex_:2350237630199 [38606,38619][hixl_transport.cpp:709,GetStatus]
[2026-08-24 16:51:29.187463][UC][I] [METRIC DEBUG] HIXL instance GetTransferStatus START:2350237630203 [38606,38619][hixl_instance.cpp:316,GetTransferStatus]
[2026-08-24 16:51:29.187474][UC][I] [METRIC DEBUG] HIXL instance GetTransferStatus RUN:2350237630213 [38606,38644][hixl_instance.cpp:321,operator()]
[2026-08-24 16:51:29.187510][UC][I] [METRIC DEBUG] HIXL transport GetStatus get task status:2350237630249 [38606,38619][hixl_transport.cpp:713,GetStatus]
[2026-08-24 16:51:29.187520][UC][I] [METRIC DEBUG] HIXL transport GetStatus return:2350237630260 [38606,38619][hixl_transport.cpp:728,GetStatus]
[2026-08-24 16:51:29.187525][UC][I] [METRIC DEBUG] TransportManager GetStatus get task status:2350237630265 [38606,38619][transport_manager.cpp:713,GetStatus]
[2026-08-24 16:51:29.187531][UC][I] [PERF] component=transport event=transfer_done manager=127.0.0.1:8000 target=127.0.0.1:4500 handle=9 transport_handle=9 opcode=1 direct=2 segments=1 bytes=10 status=1 api_status=0 submitted_ts_us=1787561489187356 completed_ts_us=1787561489187530 manager_get_status_ts_us=1787561489187406 backend_query_ts_us=1787561489187492 submit_us=301 transfer_us=174 manager_to_backend_query_us=66 total_us=475 [38606,38619][transport_manager.cpp:717,GetStatus]
[2026-08-24 16:51:29.187536][UC][I] [METRIC DEBUG] TransportManager GetStatus return:2350237630276 [38606,38619][transport_manager.cpp:738,GetStatus]
[2026-08-24 16:51:29.187546][UC][I] [PERF] component=drampool event=request_done request_id=3 opcode=0 peer=127.0.0.1:4500 batch_size=2 data_bytes=0 failed_items=0 status=SUCCESS failed_stage=NONE received_ts_us=1787561489186868 worker_started_ts_us=1787561489186898 data_transfer_submitted_ts_us=0 data_transfer_completed_ts_us=0 response_submitted_ts_us=1787561489187405 completed_ts_us=1787561489187543 data_tm_execute_async_ts_us=0 data_hixl_execute_async_ts_us=0 data_tm_get_status_ts_us=0 data_hixl_query_handle_ts_us=0 response_tm_execute_async_ts_us=1787561489187052 response_hixl_execute_async_ts_us=1787561489187073 response_tm_get_status_ts_us=1787561489187406 response_hixl_query_handle_ts_us=1787561489187492 request_queue_us=30 metadata_prepare_us=2 taskworker_prepare_us=7 poller_queue_us=141 data_transfer_us=0 metadata_settle_us=0 response_slot_wait_us=144 response_submit_us=358 response_transfer_us=136 data_tm_to_hixl_execute_async_us=0 data_tm_to_hixl_query_handle_us=0 response_tm_to_hixl_execute_async_us=21 response_tm_to_hixl_query_handle_us=66 total_us=675 [38606,38619][completion_poller.cc:56,LogRequestDone]
[2026-08-24 16:51:29.255967][UC][I] [PERF] component=transport event=transfer_submitted manager=127.0.0.1:8000 target=127.0.0.1:4501 handle=10 transport_handle=10 opcode=0 direct=2 segments=108 bytes=7962624 submitted_ts_us=1787561489255965 manager_execute_async_ts_us=1787561489255771 backend_execute_async_ts_us=1787561489255789 manager_to_backend_execute_async_us=18 submit_us=189 [38606,38620][transport_manager.cpp:674,ExecuteAsync]
[2026-08-24 16:51:29.256141][UC][I] [METRIC DEBUG] TransportManager GetStatus START:2350237698881 [38606,38619][transport_manager.cpp:698,GetStatus]
[2026-08-24 16:51:29.256152][UC][I] [METRIC DEBUG] TransportManager GetStatus get record:2350237698892 [38606,38619][transport_manager.cpp:710,GetStatus]
[2026-08-24 16:51:29.256156][UC][I] [METRIC DEBUG] HIXL transport GetStatus START:2350237698896 [38606,38619][hixl_transport.cpp:689,GetStatus]
[2026-08-24 16:51:29.256162][UC][I] [METRIC DEBUG] HIXL transport GetStatus get lifecycle_lock:2350237698902 [38606,38619][hixl_transport.cpp:697,GetStatus]
[2026-08-24 16:51:29.256167][UC][I] [METRIC DEBUG] HIXL transport GetStatus get pending_mutex_:2350237698907 [38606,38619][hixl_transport.cpp:709,GetStatus]
[2026-08-24 16:51:29.256183][UC][I] [METRIC DEBUG] HIXL instance GetTransferStatus START:2350237698923 [38606,38619][hixl_instance.cpp:316,GetTransferStatus]
[2026-08-24 16:51:29.256196][UC][I] [METRIC DEBUG] HIXL instance GetTransferStatus RUN:2350237698936 [38606,38644][hixl_instance.cpp:321,operator()]
[2026-08-24 16:51:29.256216][UC][I] [METRIC DEBUG] HIXL transport GetStatus get task status:2350237698956 [38606,38619][hixl_transport.cpp:713,GetStatus]
[2026-08-24 16:51:29.256228][UC][I] [METRIC DEBUG] HIXL transport GetStatus return:2350237698968 [38606,38619][hixl_transport.cpp:728,GetStatus]
[2026-08-24 16:51:29.256233][UC][I] [METRIC DEBUG] TransportManager GetStatus get task status:2350237698973 [38606,38619][transport_manager.cpp:713,GetStatus]
[2026-08-24 16:51:29.256236][UC][I] [METRIC DEBUG] TransportManager GetStatus return:2350237698976 [38606,38619][transport_manager.cpp:738,GetStatus]
[2026-08-24 16:51:29.256240][UC][I] [METRIC DEBUG] TransportManager GetStatus START:2350237698980 [38606,38619][transport_manager.cpp:698,GetStatus]
[2026-08-24 16:51:29.256244][UC][I] [METRIC DEBUG] TransportManager GetStatus get record:2350237698983 [38606,38619][transport_manager.cpp:710,GetStatus]
[2026-08-24 16:51:29.256248][UC][I] [METRIC DEBUG] HIXL transport GetStatus START:2350237698988 [38606,38619][hixl_transport.cpp:689,GetStatus]
[2026-08-24 16:51:29.256251][UC][I] [METRIC DEBUG] HIXL transport GetStatus get lifecycle_lock:2350237698991 [38606,38619][hixl_transport.cpp:697,GetStatus]
[2026-08-24 16:51:29.256254][UC][I] [METRIC DEBUG] HIXL transport GetStatus get pending_mutex_:2350237698994 [38606,38619][hixl_transport.cpp:709,GetStatus]
[2026-08-24 16:51:29.256257][UC][I] [METRIC DEBUG] HIXL instance GetTransferStatus START:2350237698997 [38606,38619][hixl_instance.cpp:316,GetTransferStatus]
[2026-08-24 16:51:29.256265][UC][I] [METRIC DEBUG] HIXL instance GetTransferStatus RUN:2350237699005 [38606,38644][hixl_instance.cpp:321,operator()]
[2026-08-24 16:51:29.256278][UC][I] [METRIC DEBUG] HIXL transport GetStatus get task status:2350237699018 [38606,38619][hixl_transport.cpp:713,GetStatus]
[2026-08-24 16:51:29.256284][UC][I] [METRIC DEBUG] HIXL transport GetStatus return:2350237699024 [38606,38619][hixl_transport.cpp:728,GetStatus]
[2026-08-24 16:51:29.256289][UC][I] [METRIC DEBUG] TransportManager GetStatus get task status:2350237699028 [38606,38619][transport_manager.cpp:713,GetStatus]
[2026-08-24 16:51:29.256293][UC][I] [METRIC DEBUG] TransportManager GetStatus return:2350237699032 [38606,38619][transport_manager.cpp:738,GetStatus]
[2026-08-24 16:51:29.256297][UC][I] [METRIC DEBUG] TransportManager GetStatus START:2350237699037 [38606,38619][transport_manager.cpp:698,GetStatus]
[2026-08-24 16:51:29.256300][UC][I] [METRIC DEBUG] TransportManager GetStatus get record:2350237699040 [38606,38619][transport_manager.cpp:710,GetStatus]
[2026-08-24 16:51:29.256305][UC][I] [METRIC DEBUG] HIXL transport GetStatus START:2350237699045 [38606,38619][hixl_transport.cpp:689,GetStatus]
[2026-08-24 16:51:29.256310][UC][I] [METRIC DEBUG] HIXL transport GetStatus get lifecycle_lock:2350237699050 [38606,38619][hixl_transport.cpp:697,GetStatus]
[2026-08-24 16:51:29.256314][UC][I] [METRIC DEBUG] HIXL transport GetStatus get pending_mutex_:2350237699054 [38606,38619][hixl_transport.cpp:709,GetStatus]
[2026-08-24 16:51:29.256319][UC][I] [METRIC DEBUG] HIXL instance GetTransferStatus START:2350237699059 [38606,38619][hixl_instance.cpp:316,GetTransferStatus]
[2026-08-24 16:51:29.256328][UC][I] [METRIC DEBUG] HIXL instance GetTransferStatus RUN:2350237699067 [38606,38644][hixl_instance.cpp:321,operator()]
[2026-08-24 16:51:29.256343][UC][I] [METRIC DEBUG] HIXL transport GetStatus get task status:2350237699083 [38606,38619][hixl_transport.cpp:713,GetStatus]
[2026-08-24 16:51:29.256350][UC][I] [METRIC DEBUG] HIXL transport GetStatus return:2350237699090 [38606,38619][hixl_transport.cpp:728,GetStatus]
[2026-08-24 16:51:29.256354][UC][I] [METRIC DEBUG] TransportManager GetStatus get task status:2350237699094 [38606,38619][transport_manager.cpp:713,GetStatus]
[2026-08-24 16:51:29.256365][UC][I] [PERF] component=transport event=transfer_done manager=127.0.0.1:8000 target=127.0.0.1:4501 handle=10 transport_handle=10 opcode=0 direct=2 segments=108 bytes=7962624 status=1 api_status=0 submitted_ts_us=1787561489255965 completed_ts_us=1787561489256364 manager_get_status_ts_us=1787561489256297 backend_query_ts_us=1787561489256334 submit_us=189 transfer_us=399 manager_to_backend_query_us=30 total_us=588 [38606,38619][transport_manager.cpp:717,GetStatus]
[2026-08-24 16:51:29.256370][UC][I] [METRIC DEBUG] TransportManager GetStatus return:2350237699109 [38606,38619][transport_manager.cpp:738,GetStatus]
[2026-08-24 16:51:29.256506][UC][I] [PERF] component=transport event=transfer_submitted manager=127.0.0.1:8000 target=127.0.0.1:4501 handle=11 transport_handle=11 opcode=1 direct=2 segments=1 bytes=63 submitted_ts_us=1787561489256505 manager_execute_async_ts_us=1787561489256402 backend_execute_async_ts_us=1787561489256409 manager_to_backend_execute_async_us=7 submit_us=102 [38606,38619][transport_manager.cpp:674,ExecuteAsync]
[2026-08-24 16:51:29.256512][UC][I] [METRIC DEBUG] TransportManager GetStatus START:2350237699252 [38606,38619][transport_manager.cpp:698,GetStatus]
[2026-08-24 16:51:29.256516][UC][I] [METRIC DEBUG] TransportManager GetStatus get record:2350237699256 [38606,38619][transport_manager.cpp:710,GetStatus]
[2026-08-24 16:51:29.256520][UC][I] [METRIC DEBUG] HIXL transport GetStatus START:2350237699259 [38606,38619][hixl_transport.cpp:689,GetStatus]
[2026-08-24 16:51:29.256523][UC][I] [METRIC DEBUG] HIXL transport GetStatus get lifecycle_lock:2350237699263 [38606,38619][hixl_transport.cpp:697,GetStatus]
[2026-08-24 16:51:29.256526][UC][I] [METRIC DEBUG] HIXL transport GetStatus get pending_mutex_:2350237699266 [38606,38619][hixl_transport.cpp:709,GetStatus]
[2026-08-24 16:51:29.256529][UC][I] [METRIC DEBUG] HIXL instance GetTransferStatus START:2350237699269 [38606,38619][hixl_instance.cpp:316,GetTransferStatus]
[2026-08-24 16:51:29.256545][UC][I] [METRIC DEBUG] HIXL instance GetTransferStatus RUN:2350237699283 [38606,38644][hixl_instance.cpp:321,operator()]
[2026-08-24 16:51:29.256579][UC][I] [METRIC DEBUG] HIXL transport GetStatus get task status:2350237699319 [38606,38619][hixl_transport.cpp:713,GetStatus]
[2026-08-24 16:51:29.256586][UC][I] [METRIC DEBUG] HIXL transport GetStatus return:2350237699326 [38606,38619][hixl_transport.cpp:728,GetStatus]
[2026-08-24 16:51:29.256590][UC][I] [METRIC DEBUG] TransportManager GetStatus get task status:2350237699329 [38606,38619][transport_manager.cpp:713,GetStatus]
[2026-08-24 16:51:29.256594][UC][I] [PERF] component=transport event=transfer_done manager=127.0.0.1:8000 target=127.0.0.1:4501 handle=11 transport_handle=11 opcode=1 direct=2 segments=1 bytes=63 status=1 api_status=0 submitted_ts_us=1787561489256505 completed_ts_us=1787561489256593 manager_get_status_ts_us=1787561489256512 backend_query_ts_us=1787561489256561 submit_us=102 transfer_us=88 manager_to_backend_query_us=31 total_us=190 [38606,38619][transport_manager.cpp:717,GetStatus]
[2026-08-24 16:51:29.256597][UC][I] [METRIC DEBUG] TransportManager GetStatus return:2350237699337 [38606,38619][transport_manager.cpp:738,GetStatus]
[2026-08-24 16:51:29.256603][UC][I] [PERF] component=drampool event=request_done request_id=3 opcode=1 peer=127.0.0.1:4501 batch_size=108 data_bytes=7962624 failed_items=0 status=SUCCESS failed_stage=NONE received_ts_us=1787561489255594 worker_started_ts_us=1787561489255622 data_transfer_submitted_ts_us=1787561489255994 data_transfer_completed_ts_us=1787561489256373 response_submitted_ts_us=1787561489256511 completed_ts_us=1787561489256601 data_tm_execute_async_ts_us=1787561489255771 data_hixl_execute_async_ts_us=1787561489255789 data_tm_get_status_ts_us=1787561489256297 data_hixl_query_handle_ts_us=1787561489256334 response_tm_execute_async_ts_us=1787561489256402 response_hixl_execute_async_ts_us=1787561489256409 response_tm_get_status_ts_us=1787561489256512 response_hixl_query_handle_ts_us=1787561489256561 request_queue_us=28 metadata_prepare_us=146 taskworker_prepare_us=374 poller_queue_us=145 data_transfer_us=379 metadata_settle_us=26 response_slot_wait_us=1 response_submit_us=112 response_transfer_us=88 data_tm_to_hixl_execute_async_us=18 data_tm_to_hixl_query_handle_us=30 response_tm_to_hixl_execute_async_us=7 response_tm_to_hixl_query_handle_us=31 total_us=1007 [38606,38619][completion_poller.cc:56,LogRequestDone]
[2026-08-24 16:51:34.172310][UC][I] [PERF] component=transport event=transfer_submitted manager=127.0.0.1:8000 target=127.0.0.1:4500 handle=12 transport_handle=12 opcode=1 direct=2 segments=1 bytes=10 submitted_ts_us=1787561494172308 manager_execute_async_ts_us=1787561494171982 backend_execute_async_ts_us=1787561494172006 manager_to_backend_execute_async_us=23 submit_us=322 [38606,38619][transport_manager.cpp:674,ExecuteAsync]
[2026-08-24 16:51:34.172360][UC][I] [METRIC DEBUG] TransportManager GetStatus START:2350242615100 [38606,38619][transport_manager.cpp:698,GetStatus]
[2026-08-24 16:51:34.172367][UC][I] [METRIC DEBUG] TransportManager GetStatus get record:2350242615107 [38606,38619][transport_manager.cpp:710,GetStatus]
[2026-08-24 16:51:34.172373][UC][I] [METRIC DEBUG] HIXL transport GetStatus START:2350242615112 [38606,38619][hixl_transport.cpp:689,GetStatus]
[2026-08-24 16:51:34.172377][UC][I] [METRIC DEBUG] HIXL transport GetStatus get lifecycle_lock:2350242615117 [38606,38619][hixl_transport.cpp:697,GetStatus]
[2026-08-24 16:51:34.172380][UC][I] [METRIC DEBUG] HIXL transport GetStatus get pending_mutex_:2350242615120 [38606,38619][hixl_transport.cpp:709,GetStatus]
[2026-08-24 16:51:34.172386][UC][I] [METRIC DEBUG] HIXL instance GetTransferStatus START:2350242615126 [38606,38619][hixl_instance.cpp:316,GetTransferStatus]
[2026-08-24 16:51:34.172397][UC][I] [METRIC DEBUG] HIXL instance GetTransferStatus RUN:2350242615137 [38606,38644][hixl_instance.cpp:321,operator()]
[2026-08-24 16:51:34.172428][UC][I] [METRIC DEBUG] HIXL transport GetStatus get task status:2350242615168 [38606,38619][hixl_transport.cpp:713,GetStatus]
[2026-08-24 16:51:34.172441][UC][I] [METRIC DEBUG] HIXL transport GetStatus return:2350242615180 [38606,38619][hixl_transport.cpp:728,GetStatus]
[2026-08-24 16:51:34.172444][UC][I] [METRIC DEBUG] TransportManager GetStatus get task status:2350242615184 [38606,38619][transport_manager.cpp:713,GetStatus]
[2026-08-24 16:51:34.172449][UC][I] [PERF] component=transport event=transfer_done manager=127.0.0.1:8000 target=127.0.0.1:4500 handle=12 transport_handle=12 opcode=1 direct=2 segments=1 bytes=10 status=1 api_status=0 submitted_ts_us=1787561494172308 completed_ts_us=1787561494172447 manager_get_status_ts_us=1787561494172359 backend_query_ts_us=1787561494172411 submit_us=322 transfer_us=139 manager_to_backend_query_us=37 total_us=461 [38606,38619][transport_manager.cpp:717,GetStatus]
[2026-08-24 16:51:34.172454][UC][I] [METRIC DEBUG] TransportManager GetStatus return:2350242615193 [38606,38619][transport_manager.cpp:738,GetStatus]
[2026-08-24 16:51:34.172462][UC][I] [PERF] component=drampool event=request_done request_id=4 opcode=0 peer=127.0.0.1:4500 batch_size=2 data_bytes=0 failed_items=0 status=SUCCESS failed_stage=NONE received_ts_us=1787561494171730 worker_started_ts_us=1787561494171826 data_transfer_submitted_ts_us=0 data_transfer_completed_ts_us=0 response_submitted_ts_us=1787561494172358 completed_ts_us=1787561494172459 data_tm_execute_async_ts_us=0 data_hixl_execute_async_ts_us=0 data_tm_get_status_ts_us=0 data_hixl_query_handle_ts_us=0 response_tm_execute_async_ts_us=1787561494171982 response_hixl_execute_async_ts_us=1787561494172006 response_tm_get_status_ts_us=1787561494172359 response_hixl_query_handle_ts_us=1787561494172411 request_queue_us=95 metadata_prepare_us=1 taskworker_prepare_us=7 poller_queue_us=142 data_transfer_us=0 metadata_settle_us=0 response_slot_wait_us=145 response_submit_us=381 response_transfer_us=99 data_tm_to_hixl_execute_async_us=0 data_tm_to_hixl_query_handle_us=0 response_tm_to_hixl_execute_async_us=23 response_tm_to_hixl_query_handle_us=37 total_us=728 [38606,38619][completion_poller.cc:56,LogRequestDone]
[2026-08-24 16:51:34.176219][UC][I] [PERF] component=transport event=transfer_submitted manager=127.0.0.1:8000 target=127.0.0.1:4501 handle=13 transport_handle=13 opcode=1 direct=2 segments=108 bytes=7962624 submitted_ts_us=1787561494176218 manager_execute_async_ts_us=1787561494175985 backend_execute_async_ts_us=1787561494176002 manager_to_backend_execute_async_us=17 submit_us=231 [38606,38620][transport_manager.cpp:674,ExecuteAsync]
[2026-08-24 16:51:34.176305][UC][I] [METRIC DEBUG] TransportManager GetStatus START:2350242619044 [38606,38619][transport_manager.cpp:698,GetStatus]
[2026-08-24 16:51:34.176314][UC][I] [METRIC DEBUG] TransportManager GetStatus get record:2350242619053 [38606,38619][transport_manager.cpp:710,GetStatus]
[2026-08-24 16:51:34.176317][UC][I] [METRIC DEBUG] HIXL transport GetStatus START:2350242619057 [38606,38619][hixl_transport.cpp:689,GetStatus]
[2026-08-24 16:51:34.176321][UC][I] [METRIC DEBUG] HIXL transport GetStatus get lifecycle_lock:2350242619061 [38606,38619][hixl_transport.cpp:697,GetStatus]
[2026-08-24 16:51:34.176324][UC][I] [METRIC DEBUG] HIXL transport GetStatus get pending_mutex_:2350242619064 [38606,38619][hixl_transport.cpp:709,GetStatus]
[2026-08-24 16:51:34.176327][UC][I] [METRIC DEBUG] HIXL instance GetTransferStatus START:2350242619067 [38606,38619][hixl_instance.cpp:316,GetTransferStatus]
[2026-08-24 16:51:34.176336][UC][I] [METRIC DEBUG] HIXL instance GetTransferStatus RUN:2350242619075 [38606,38644][hixl_instance.cpp:321,operator()]
[2026-08-24 16:51:34.176352][UC][I] [METRIC DEBUG] HIXL transport GetStatus get task status:2350242619092 [38606,38619][hixl_transport.cpp:713,GetStatus]
[2026-08-24 16:51:34.176358][UC][I] [METRIC DEBUG] HIXL transport GetStatus return:2350242619097 [38606,38619][hixl_transport.cpp:728,GetStatus]
[2026-08-24 16:51:34.176363][UC][I] [METRIC DEBUG] TransportManager GetStatus get task status:2350242619102 [38606,38619][transport_manager.cpp:713,GetStatus]
[2026-08-24 16:51:34.176367][UC][I] [METRIC DEBUG] TransportManager GetStatus return:2350242619107 [38606,38619][transport_manager.cpp:738,GetStatus]
[2026-08-24 16:51:34.176371][UC][I] [METRIC DEBUG] TransportManager GetStatus START:2350242619111 [38606,38619][transport_manager.cpp:698,GetStatus]
[2026-08-24 16:51:34.176376][UC][I] [METRIC DEBUG] TransportManager GetStatus get record:2350242619116 [38606,38619][transport_manager.cpp:710,GetStatus]
[2026-08-24 16:51:34.176380][UC][I] [METRIC DEBUG] HIXL transport GetStatus START:2350242619120 [38606,38619][hixl_transport.cpp:689,GetStatus]
[2026-08-24 16:51:34.176385][UC][I] [METRIC DEBUG] HIXL transport GetStatus get lifecycle_lock:2350242619125 [38606,38619][hixl_transport.cpp:697,GetStatus]
[2026-08-24 16:51:34.176389][UC][I] [METRIC DEBUG] HIXL transport GetStatus get pending_mutex_:2350242619128 [38606,38619][hixl_transport.cpp:709,GetStatus]
[2026-08-24 16:51:34.176393][UC][I] [METRIC DEBUG] HIXL instance GetTransferStatus START:2350242619133 [38606,38619][hixl_instance.cpp:316,GetTransferStatus]
[2026-08-24 16:51:34.176400][UC][I] [METRIC DEBUG] HIXL instance GetTransferStatus RUN:2350242619140 [38606,38644][hixl_instance.cpp:321,operator()]
[2026-08-24 16:51:34.176412][UC][I] [METRIC DEBUG] HIXL transport GetStatus get task status:2350242619152 [38606,38619][hixl_transport.cpp:713,GetStatus]
[2026-08-24 16:51:34.176418][UC][I] [METRIC DEBUG] HIXL transport GetStatus return:2350242619158 [38606,38619][hixl_transport.cpp:728,GetStatus]
[2026-08-24 16:51:34.176423][UC][I] [METRIC DEBUG] TransportManager GetStatus get task status:2350242619162 [38606,38619][transport_manager.cpp:713,GetStatus]
[2026-08-24 16:51:34.176427][UC][I] [METRIC DEBUG] TransportManager GetStatus return:2350242619167 [38606,38619][transport_manager.cpp:738,GetStatus]
[2026-08-24 16:51:34.176431][UC][I] [METRIC DEBUG] TransportManager GetStatus START:2350242619171 [38606,38619][transport_manager.cpp:698,GetStatus]
[2026-08-24 16:51:34.176435][UC][I] [METRIC DEBUG] TransportManager GetStatus get record:2350242619175 [38606,38619][transport_manager.cpp:710,GetStatus]
[2026-08-24 16:51:34.176447][UC][I] [METRIC DEBUG] HIXL transport GetStatus START:2350242619187 [38606,38619][hixl_transport.cpp:689,GetStatus]
[2026-08-24 16:51:34.176452][UC][I] [METRIC DEBUG] HIXL transport GetStatus get lifecycle_lock:2350242619192 [38606,38619][hixl_transport.cpp:697,GetStatus]
[2026-08-24 16:51:34.176457][UC][I] [METRIC DEBUG] HIXL transport GetStatus get pending_mutex_:2350242619196 [38606,38619][hixl_transport.cpp:709,GetStatus]
[2026-08-24 16:51:34.176460][UC][I] [METRIC DEBUG] HIXL instance GetTransferStatus START:2350242619200 [38606,38619][hixl_instance.cpp:316,GetTransferStatus]
[2026-08-24 16:51:34.176468][UC][I] [METRIC DEBUG] HIXL instance GetTransferStatus RUN:2350242619208 [38606,38644][hixl_instance.cpp:321,operator()]
[2026-08-24 16:51:34.176480][UC][I] [METRIC DEBUG] HIXL transport GetStatus get task status:2350242619220 [38606,38619][hixl_transport.cpp:713,GetStatus]
[2026-08-24 16:51:34.176485][UC][I] [METRIC DEBUG] HIXL transport GetStatus return:2350242619225 [38606,38619][hixl_transport.cpp:728,GetStatus]
[2026-08-24 16:51:34.176488][UC][I] [METRIC DEBUG] TransportManager GetStatus get task status:2350242619228 [38606,38619][transport_manager.cpp:713,GetStatus]
[2026-08-24 16:51:34.176492][UC][I] [METRIC DEBUG] TransportManager GetStatus return:2350242619232 [38606,38619][transport_manager.cpp:738,GetStatus]
[2026-08-24 16:51:34.176495][UC][I] [METRIC DEBUG] TransportManager GetStatus START:2350242619235 [38606,38619][transport_manager.cpp:698,GetStatus]
[2026-08-24 16:51:34.176500][UC][I] [METRIC DEBUG] TransportManager GetStatus get record:2350242619240 [38606,38619][transport_manager.cpp:710,GetStatus]
[2026-08-24 16:51:34.176503][UC][I] [METRIC DEBUG] HIXL transport GetStatus START:2350242619243 [38606,38619][hixl_transport.cpp:689,GetStatus]
[2026-08-24 16:51:34.176508][UC][I] [METRIC DEBUG] HIXL transport GetStatus get lifecycle_lock:2350242619248 [38606,38619][hixl_transport.cpp:697,GetStatus]
[2026-08-24 16:51:34.176512][UC][I] [METRIC DEBUG] HIXL transport GetStatus get pending_mutex_:2350242619252 [38606,38619][hixl_transport.cpp:709,GetStatus]
[2026-08-24 16:51:34.176517][UC][I] [METRIC DEBUG] HIXL instance GetTransferStatus START:2350242619256 [38606,38619][hixl_instance.cpp:316,GetTransferStatus]
[2026-08-24 16:51:34.176525][UC][I] [METRIC DEBUG] HIXL instance GetTransferStatus RUN:2350242619265 [38606,38644][hixl_instance.cpp:321,operator()]
[2026-08-24 16:51:34.176541][UC][I] [METRIC DEBUG] HIXL transport GetStatus get task status:2350242619281 [38606,38619][hixl_transport.cpp:713,GetStatus]
[2026-08-24 16:51:34.176548][UC][I] [METRIC DEBUG] HIXL transport GetStatus return:2350242619288 [38606,38619][hixl_transport.cpp:728,GetStatus]
[2026-08-24 16:51:34.176552][UC][I] [METRIC DEBUG] TransportManager GetStatus get task status:2350242619292 [38606,38619][transport_manager.cpp:713,GetStatus]
[2026-08-24 16:51:34.176557][UC][I] [PERF] component=transport event=transfer_done manager=127.0.0.1:8000 target=127.0.0.1:4501 handle=13 transport_handle=13 opcode=1 direct=2 segments=108 bytes=7962624 status=1 api_status=0 submitted_ts_us=1787561494176218 completed_ts_us=1787561494176556 manager_get_status_ts_us=1787561494176495 backend_query_ts_us=1787561494176530 submit_us=231 transfer_us=338 manager_to_backend_query_us=30 total_us=569 [38606,38619][transport_manager.cpp:717,GetStatus]
[2026-08-24 16:51:34.176562][UC][I] [METRIC DEBUG] TransportManager GetStatus return:2350242619302 [38606,38619][transport_manager.cpp:738,GetStatus]
[2026-08-24 16:51:34.176639][UC][I] [PERF] component=transport event=transfer_submitted manager=127.0.0.1:8000 target=127.0.0.1:4502 handle=14 transport_handle=14 opcode=1 direct=2 segments=108 bytes=7962624 submitted_ts_us=1787561494176638 manager_execute_async_ts_us=1787561494176267 backend_execute_async_ts_us=1787561494176295 manager_to_backend_execute_async_us=28 submit_us=370 [38606,38620][transport_manager.cpp:674,ExecuteAsync]
[2026-08-24 16:51:34.176716][UC][I] [PERF] component=transport event=transfer_submitted manager=127.0.0.1:8000 target=127.0.0.1:4501 handle=15 transport_handle=15 opcode=1 direct=2 segments=1 bytes=63 submitted_ts_us=1787561494176714 manager_execute_async_ts_us=1787561494176599 backend_execute_async_ts_us=1787561494176604 manager_to_backend_execute_async_us=5 submit_us=116 [38606,38619][transport_manager.cpp:674,ExecuteAsync]
[2026-08-24 16:51:34.176725][UC][I] [METRIC DEBUG] TransportManager GetStatus START:2350242619465 [38606,38619][transport_manager.cpp:698,GetStatus]
[2026-08-24 16:51:34.176729][UC][I] [METRIC DEBUG] TransportManager GetStatus get record:2350242619469 [38606,38619][transport_manager.cpp:710,GetStatus]
[2026-08-24 16:51:34.176732][UC][I] [METRIC DEBUG] HIXL transport GetStatus START:2350242619472 [38606,38619][hixl_transport.cpp:689,GetStatus]
[2026-08-24 16:51:34.176736][UC][I] [METRIC DEBUG] HIXL transport GetStatus get lifecycle_lock:2350242619476 [38606,38619][hixl_transport.cpp:697,GetStatus]
[2026-08-24 16:51:34.176739][UC][I] [METRIC DEBUG] HIXL transport GetStatus get pending_mutex_:2350242619479 [38606,38619][hixl_transport.cpp:709,GetStatus]
[2026-08-24 16:51:34.176742][UC][I] [METRIC DEBUG] HIXL instance GetTransferStatus START:2350242619482 [38606,38619][hixl_instance.cpp:316,GetTransferStatus]
[2026-08-24 16:51:34.176750][UC][I] [METRIC DEBUG] HIXL instance GetTransferStatus RUN:2350242619489 [38606,38644][hixl_instance.cpp:321,operator()]
[2026-08-24 16:51:34.176766][UC][I] [METRIC DEBUG] HIXL transport GetStatus get task status:2350242619506 [38606,38619][hixl_transport.cpp:713,GetStatus]
[2026-08-24 16:51:34.176773][UC][I] [METRIC DEBUG] HIXL transport GetStatus return:2350242619513 [38606,38619][hixl_transport.cpp:728,GetStatus]
[2026-08-24 16:51:34.176778][UC][I] [METRIC DEBUG] TransportManager GetStatus get task status:2350242619517 [38606,38619][transport_manager.cpp:713,GetStatus]
[2026-08-24 16:51:34.176783][UC][I] [PERF] component=transport event=transfer_done manager=127.0.0.1:8000 target=127.0.0.1:4501 handle=15 transport_handle=15 opcode=1 direct=2 segments=1 bytes=63 status=1 api_status=0 submitted_ts_us=1787561494176714 completed_ts_us=1787561494176782 manager_get_status_ts_us=1787561494176725 backend_query_ts_us=1787561494176757 submit_us=116 transfer_us=67 manager_to_backend_query_us=24 total_us=183 [38606,38619][transport_manager.cpp:717,GetStatus]
[2026-08-24 16:51:34.176787][UC][I] [METRIC DEBUG] TransportManager GetStatus return:2350242619527 [38606,38619][transport_manager.cpp:738,GetStatus]
[2026-08-24 16:51:34.176793][UC][I] [PERF] component=drampool event=request_done request_id=4 opcode=2 peer=127.0.0.1:4501 batch_size=108 data_bytes=7962624 failed_items=0 status=SUCCESS failed_stage=NONE received_ts_us=1787561494175923 worker_started_ts_us=1787561494175940 data_transfer_submitted_ts_us=1787561494176245 data_transfer_completed_ts_us=1787561494176567 response_submitted_ts_us=1787561494176723 completed_ts_us=1787561494176790 data_tm_execute_async_ts_us=1787561494175985 data_hixl_execute_async_ts_us=1787561494176002 data_tm_get_status_ts_us=1787561494176495 data_hixl_query_handle_ts_us=1787561494176530 response_tm_execute_async_ts_us=1787561494176599 response_hixl_execute_async_ts_us=1787561494176604 response_tm_get_status_ts_us=1787561494176725 response_hixl_query_handle_ts_us=1787561494176757 request_queue_us=17 metadata_prepare_us=42 taskworker_prepare_us=307 poller_queue_us=56 data_transfer_us=323 metadata_settle_us=28 response_slot_wait_us=1 response_submit_us=126 response_transfer_us=67 data_tm_to_hixl_execute_async_us=17 data_tm_to_hixl_query_handle_us=30 response_tm_to_hixl_execute_async_us=5 response_tm_to_hixl_query_handle_us=24 total_us=867 [38606,38619][completion_poller.cc:56,LogRequestDone]
[2026-08-24 16:51:34.176802][UC][I] [METRIC DEBUG] TransportManager GetStatus START:2350242619542 [38606,38619][transport_manager.cpp:698,GetStatus]
[2026-08-24 16:51:34.176806][UC][I] [METRIC DEBUG] TransportManager GetStatus get record:2350242619546 [38606,38619][transport_manager.cpp:710,GetStatus]
[2026-08-24 16:51:34.176818][UC][I] [METRIC DEBUG] HIXL transport GetStatus START:2350242619557 [38606,38619][hixl_transport.cpp:689,GetStatus]
[2026-08-24 16:51:34.176823][UC][I] [METRIC DEBUG] HIXL transport GetStatus get lifecycle_lock:2350242619562 [38606,38619][hixl_transport.cpp:697,GetStatus]
[2026-08-24 16:51:34.176827][UC][I] [METRIC DEBUG] HIXL transport GetStatus get pending_mutex_:2350242619566 [38606,38619][hixl_transport.cpp:709,GetStatus]
[2026-08-24 16:51:34.176830][UC][I] [METRIC DEBUG] HIXL instance GetTransferStatus START:2350242619569 [38606,38619][hixl_instance.cpp:316,GetTransferStatus]
[2026-08-24 16:51:34.176849][UC][I] [METRIC DEBUG] HIXL instance GetTransferStatus RUN:2350242619587 [38606,38623][hixl_instance.cpp:321,operator()]
[2026-08-24 16:51:34.176920][UC][I] [METRIC DEBUG] HIXL transport GetStatus get task status:2350242619658 [38606,38619][hixl_transport.cpp:713,GetStatus]
[2026-08-24 16:51:34.176941][UC][I] [METRIC DEBUG] HIXL transport GetStatus return:2350242619681 [38606,38619][hixl_transport.cpp:728,GetStatus]
[2026-08-24 16:51:34.176946][UC][I] [METRIC DEBUG] TransportManager GetStatus get task status:2350242619686 [38606,38619][transport_manager.cpp:713,GetStatus]
[2026-08-24 16:51:34.176952][UC][I] [PERF] component=transport event=transfer_done manager=127.0.0.1:8000 target=127.0.0.1:4502 handle=14 transport_handle=14 opcode=1 direct=2 segments=108 bytes=7962624 status=1 api_status=0 submitted_ts_us=1787561494176638 completed_ts_us=1787561494176951 manager_get_status_ts_us=1787561494176801 backend_query_ts_us=1787561494176889 submit_us=370 transfer_us=313 manager_to_backend_query_us=44 total_us=683 [38606,38619][transport_manager.cpp:717,GetStatus]
[2026-08-24 16:51:34.176961][UC][I] [METRIC DEBUG] TransportManager GetStatus return:2350242619701 [38606,38619][transport_manager.cpp:738,GetStatus]
[2026-08-24 16:51:34.177120][UC][I] [PERF] component=transport event=transfer_submitted manager=127.0.0.1:8000 target=127.0.0.1:4502 handle=16 transport_handle=16 opcode=1 direct=2 segments=1 bytes=63 submitted_ts_us=1787561494177119 manager_execute_async_ts_us=1787561494176980 backend_execute_async_ts_us=1787561494176995 manager_to_backend_execute_async_us=14 submit_us=138 [38606,38619][transport_manager.cpp:674,ExecuteAsync]
[2026-08-24 16:51:34.177136][UC][I] [METRIC DEBUG] TransportManager GetStatus START:2350242619876 [38606,38619][transport_manager.cpp:698,GetStatus]
[2026-08-24 16:51:34.177144][UC][I] [METRIC DEBUG] TransportManager GetStatus get record:2350242619884 [38606,38619][transport_manager.cpp:710,GetStatus]
[2026-08-24 16:51:34.177151][UC][I] [METRIC DEBUG] HIXL transport GetStatus START:2350242619891 [38606,38619][hixl_transport.cpp:689,GetStatus]
[2026-08-24 16:51:34.177159][UC][I] [METRIC DEBUG] HIXL transport GetStatus get lifecycle_lock:2350242619899 [38606,38619][hixl_transport.cpp:697,GetStatus]
[2026-08-24 16:51:34.177167][UC][I] [METRIC DEBUG] HIXL transport GetStatus get pending_mutex_:2350242619907 [38606,38619][hixl_transport.cpp:709,GetStatus]
[2026-08-24 16:51:34.177176][UC][I] [METRIC DEBUG] HIXL instance GetTransferStatus START:2350242619916 [38606,38619][hixl_instance.cpp:316,GetTransferStatus]
[2026-08-24 16:51:34.177199][UC][I] [METRIC DEBUG] HIXL instance GetTransferStatus RUN:2350242619937 [38606,38623][hixl_instance.cpp:321,operator()]
[2026-08-24 16:51:34.177232][UC][I] [METRIC DEBUG] HIXL transport GetStatus get task status:2350242619970 [38606,38619][hixl_transport.cpp:713,GetStatus]
[2026-08-24 16:51:34.177249][UC][I] [METRIC DEBUG] HIXL transport GetStatus return:2350242619989 [38606,38619][hixl_transport.cpp:728,GetStatus]
[2026-08-24 16:51:34.177254][UC][I] [METRIC DEBUG] TransportManager GetStatus get task status:2350242619994 [38606,38619][transport_manager.cpp:713,GetStatus]
[2026-08-24 16:51:34.177275][UC][I] [PERF] component=transport event=transfer_done manager=127.0.0.1:8000 target=127.0.0.1:4502 handle=16 transport_handle=16 opcode=1 direct=2 segments=1 bytes=63 status=1 api_status=0 submitted_ts_us=1787561494177119 completed_ts_us=1787561494177273 manager_get_status_ts_us=1787561494177136 backend_query_ts_us=1787561494177213 submit_us=138 transfer_us=154 manager_to_backend_query_us=61 total_us=292 [38606,38619][transport_manager.cpp:717,GetStatus]
[2026-08-24 16:51:34.177304][UC][I] [METRIC DEBUG] TransportManager GetStatus return:2350242620044 [38606,38619][transport_manager.cpp:738,GetStatus]
[2026-08-24 16:51:34.177317][UC][I] [PERF] component=drampool event=request_done request_id=2 opcode=2 peer=127.0.0.1:4502 batch_size=108 data_bytes=7962624 failed_items=0 status=SUCCESS failed_stage=NONE received_ts_us=1787561494175932 worker_started_ts_us=1787561494176248 data_transfer_submitted_ts_us=1787561494176662 data_transfer_completed_ts_us=1787561494176967 response_submitted_ts_us=1787561494177135 completed_ts_us=1787561494177314 data_tm_execute_async_ts_us=1787561494176267 data_hixl_execute_async_ts_us=1787561494176295 data_tm_get_status_ts_us=1787561494176801 data_hixl_query_handle_ts_us=1787561494176889 response_tm_execute_async_ts_us=1787561494176980 response_hixl_execute_async_ts_us=1787561494176995 response_tm_get_status_ts_us=1787561494177136 response_hixl_query_handle_ts_us=1787561494177213 request_queue_us=315 metadata_prepare_us=18 taskworker_prepare_us=415 poller_queue_us=61 data_transfer_us=305 metadata_settle_us=12 response_slot_wait_us=0 response_submit_us=156 response_transfer_us=179 data_tm_to_hixl_execute_async_us=28 data_tm_to_hixl_query_handle_us=44 response_tm_to_hixl_execute_async_us=14 response_tm_to_hixl_query_handle_us=61 total_us=1382 [38606,38619][completion_poller.cc:56,LogRequestDone]
