[2026-08-24 20:56:02.157046][UC][I] DramPool CompletionPoller started [21272,21285][drampool_server.cc:555,CompletionPollerLoop]
[2026-08-24 20:56:02.157124][UC][I] DramPool TaskWorker started [21272,21286][drampool_server.cc:473,TaskWorkerLoop]
[2026-08-24 20:56:02.157231][UC][I] DramPool GCThread started, interval_ms=1000 [21272,21287][drampool_server.cc:562,GCThreadLoop]
[2026-08-24 20:56:02.157361][UC][I] DramPool RequestReceiver started, addr=127.0.0.1:9000 [21272,21288][drampool_server.cc:480,RequestReceiveLoop]
[2026-08-24 20:56:03.960091][UC][I] [HIXL_WORKER_PERF] task_id=1 queue_depth=1 enqueue_lock_wait_us=1 enqueue_us=0 queue_wait_us=21 execute_us=86 result_post_us=9 total_us=117 status=0 [21272,21272][hixl_instance.cpp:107,Run]
[2026-08-24 20:56:03.960244][UC][I] [HIXL_WORKER_PERF] task_id=2 queue_depth=1 enqueue_lock_wait_us=0 enqueue_us=1 queue_wait_us=17 execute_us=52 result_post_us=7 total_us=77 status=0 [21272,21272][hixl_instance.cpp:107,Run]
[2026-08-24 20:56:03.960287][UC][I] [HIXL_WORKER_PERF] task_id=3 queue_depth=1 enqueue_lock_wait_us=1 enqueue_us=0 queue_wait_us=5 execute_us=13 result_post_us=6 total_us=25 status=0 [21272,21272][hixl_instance.cpp:107,Run]
[2026-08-24 20:56:03.960318][UC][I] [HIXL_WORKER_PERF] task_id=4 queue_depth=1 enqueue_lock_wait_us=0 enqueue_us=0 queue_wait_us=4 execute_us=13 result_post_us=5 total_us=22 status=0 [21272,21272][hixl_instance.cpp:107,Run]
[2026-08-24 20:56:03.960350][UC][I] [HIXL_WORKER_PERF] task_id=5 queue_depth=1 enqueue_lock_wait_us=0 enqueue_us=0 queue_wait_us=5 execute_us=10 result_post_us=6 total_us=21 status=0 [21272,21272][hixl_instance.cpp:107,Run]
[2026-08-24 20:56:03.960384][UC][I] [HIXL_WORKER_PERF] task_id=6 queue_depth=1 enqueue_lock_wait_us=0 enqueue_us=0 queue_wait_us=4 execute_us=10 result_post_us=10 total_us=24 status=0 [21272,21272][hixl_instance.cpp:107,Run]
[2026-08-24 20:56:03.960730][UC][I] DramPool health server is disabled [21272,21272][health_server.cc:140,Start]
[2026-08-24 20:56:03.960747][UC][I] DramPool service ready, addr=127.0.0.1:9000 [21272,21272][drampool_daemon.cc:79,Run]
[2026-08-24 20:56:46.708199][UC][I] [HIXL_WORKER_PERF] task_id=7 queue_depth=1 enqueue_lock_wait_us=1 enqueue_us=0 queue_wait_us=21 execute_us=1202526 result_post_us=25 total_us=1202573 status=0 [21272,21334][hixl_instance.cpp:107,Run]
[2026-08-24 20:56:47.706885][UC][I] [HIXL_WORKER_PERF] task_id=8 queue_depth=1 enqueue_lock_wait_us=1 enqueue_us=1 queue_wait_us=21 execute_us=998234 result_post_us=31 total_us=998288 status=0 [21272,21334][hixl_instance.cpp:107,Run]
[2026-08-24 20:56:47.903161][UC][I] [HIXL_WORKER_PERF] task_id=9 queue_depth=1 enqueue_lock_wait_us=1 enqueue_us=1 queue_wait_us=16 execute_us=196052 result_post_us=21 total_us=196091 status=0 [21272,21334][hixl_instance.cpp:107,Run]
[2026-08-24 20:56:48.127224][UC][I] [HIXL_WORKER_PERF] task_id=10 queue_depth=1 enqueue_lock_wait_us=1 enqueue_us=1 queue_wait_us=17 execute_us=223898 result_post_us=21 total_us=223938 status=0 [21272,21334][hixl_instance.cpp:107,Run]
[2026-08-24 20:57:05.774071][UC][I] [HIXL_WORKER_PERF] task_id=11 queue_depth=1 enqueue_lock_wait_us=2 enqueue_us=0 queue_wait_us=17 execute_us=769258 result_post_us=11 total_us=769288 status=0 [21272,21334][hixl_instance.cpp:107,Run]
[HIXL_PERF] event=hccl_batch op=1 desc_num=1 hccl_us=307 status=0
[HIXL_PERF] event=issue_hccl_batch op=1 list_num=1 total_us=354
[HIXL_PERF] event=issue_async_host_flag op=1 list_num=1 context_us=2 hccl_issue_us=359 flag_memcpy_us=23 total_us=384
[HIXL_PERF] event=comm_channel_async op=1 list_num=1 mutex_wait_us=1 slot_us=1527 host_flag_us=10 record_us=3 issue_us=390 total_us=1931
[HIXL_PERF] event=adxl_inner_async op=1 list_num=1 context_us=14 connect_us=0 get_channel_us=6 channel_async_us=1934 tail_us=3 total_us=1957
[HIXL_PERF] event=comm_engine_async op=1 list_num=1 desc_build_us=1 inner_us=1964 total_us=1965 status=0
[2026-08-24 20:57:06.316456][UC][I] [HIXL_WORKER_PERF] task_id=12 queue_depth=1 enqueue_lock_wait_us=1 enqueue_us=1 queue_wait_us=18 execute_us=1988 result_post_us=11 total_us=2019 status=0 [21272,21285][hixl_instance.cpp:107,Run]
[2026-08-24 20:57:06.316525][UC][I] [PERF] component=transport event=transfer_submitted manager=127.0.0.1:8000 target=127.0.0.1:4500 handle=1 transport_handle=1 opcode=1 direct=2 segments=1 bytes=10 submitted_ts_us=1787576226316522 manager_execute_async_ts_us=1787576226314424 backend_execute_async_ts_us=1787576226314458 manager_to_backend_execute_async_us=34 submit_us=2093 [21272,21285][transport_manager.cpp:674,ExecuteAsync]
[HIXL_QUERY_PERF] layer=comm_channel request=0x1 mutex_wait_us=0 check_us=0 lookup_us=1 flag_check_us=1 complete_us=0 total_us=2 transfer_status=0
[HIXL_QUERY_PERF] layer=adxl_inner request=0x1 context_us=1 req_lock_wait_us=0 lookup_us=2 channel_us=13 cleanup_us=0 total_us=16 status=0 transfer_status=0
[HIXL_QUERY_PERF] layer=comm_engine request=0x1 total_us=21 status=0 transfer_status=0
[2026-08-24 20:57:06.316575][UC][I] [HIXL_WORKER_PERF] task_id=13 queue_depth=1 enqueue_lock_wait_us=1 enqueue_us=0 queue_wait_us=7 execute_us=26 result_post_us=5 total_us=39 status=0 [21272,21285][hixl_instance.cpp:107,Run]
[2026-08-24 20:57:06.316604][UC][I] [QUERY_PERF] component=ucm layer=hixl_instance request=0x1 queue_wait_us=8 backend_us=26 run_post_us=34 total_us=68 api_status=0 transfer_status=0 [21272,21285][hixl_instance.cpp:370,GetTransferStatus]
[2026-08-24 20:57:06.316611][UC][I] [QUERY_PERF] component=ucm layer=hixl_transport handle=1 request=0x1 lifecycle_lock_us=0 pending_lock_wait_us=0 pending_lookup_us=1 instance_us=74 erase_us=0 total_us=75 transfer_status=0 [21272,21285][hixl_transport.cpp:734,GetStatus]
[2026-08-24 20:57:06.316617][UC][I] [QUERY_PERF] component=ucm layer=transport_manager handle=1 transport_handle=1 transfers_lock_wait_us=1 lookup_us=0 transport_us=82 total_us=83 api_status=0 transfer_status=0 [21272,21285][transport_manager.cpp:716,GetStatus]
[HIXL_QUERY_PERF] layer=comm_channel request=0x1 mutex_wait_us=1 check_us=0 lookup_us=0 flag_check_us=0 complete_us=0 total_us=1 transfer_status=0
[HIXL_QUERY_PERF] layer=adxl_inner request=0x1 context_us=1 req_lock_wait_us=0 lookup_us=0 channel_us=5 cleanup_us=1 total_us=7 status=0 transfer_status=0
[HIXL_QUERY_PERF] layer=comm_engine request=0x1 total_us=9 status=0 transfer_status=0
[2026-08-24 20:57:06.316645][UC][I] [HIXL_WORKER_PERF] task_id=14 queue_depth=1 enqueue_lock_wait_us=0 enqueue_us=0 queue_wait_us=4 execute_us=11 result_post_us=4 total_us=19 status=0 [21272,21285][hixl_instance.cpp:107,Run]
[2026-08-24 20:57:06.316652][UC][I] [QUERY_PERF] component=ucm layer=hixl_instance request=0x1 queue_wait_us=4 backend_us=11 run_post_us=12 total_us=27 api_status=0 transfer_status=0 [21272,21285][hixl_instance.cpp:370,GetTransferStatus]
[2026-08-24 20:57:06.316657][UC][I] [QUERY_PERF] component=ucm layer=hixl_transport handle=1 request=0x1 lifecycle_lock_us=0 pending_lock_wait_us=0 pending_lookup_us=1 instance_us=31 erase_us=0 total_us=32 transfer_status=0 [21272,21285][hixl_transport.cpp:734,GetStatus]
[2026-08-24 20:57:06.316660][UC][I] [QUERY_PERF] component=ucm layer=transport_manager handle=1 transport_handle=1 transfers_lock_wait_us=0 lookup_us=0 transport_us=35 total_us=35 api_status=0 transfer_status=0 [21272,21285][transport_manager.cpp:716,GetStatus]
[HIXL_QUERY_PERF] layer=comm_channel request=0x1 mutex_wait_us=0 check_us=0 lookup_us=0 flag_check_us=0 complete_us=0 total_us=0 transfer_status=0
[HIXL_QUERY_PERF] layer=adxl_inner request=0x1 context_us=0 req_lock_wait_us=0 lookup_us=1 channel_us=3 cleanup_us=0 total_us=4 status=0 transfer_status=0
[HIXL_QUERY_PERF] layer=comm_engine request=0x1 total_us=6 status=0 transfer_status=0
[2026-08-24 20:57:06.316679][UC][I] [HIXL_WORKER_PERF] task_id=15 queue_depth=1 enqueue_lock_wait_us=0 enqueue_us=0 queue_wait_us=4 execute_us=8 result_post_us=3 total_us=15 status=0 [21272,21285][hixl_instance.cpp:107,Run]
[2026-08-24 20:57:06.316683][UC][I] [QUERY_PERF] component=ucm layer=hixl_instance request=0x1 queue_wait_us=4 backend_us=8 run_post_us=8 total_us=20 api_status=0 transfer_status=0 [21272,21285][hixl_instance.cpp:370,GetTransferStatus]
[2026-08-24 20:57:06.316690][UC][I] [QUERY_PERF] component=ucm layer=hixl_transport handle=1 request=0x1 lifecycle_lock_us=0 pending_lock_wait_us=0 pending_lookup_us=1 instance_us=26 erase_us=0 total_us=27 transfer_status=0 [21272,21285][hixl_transport.cpp:734,GetStatus]
[2026-08-24 20:57:06.316693][UC][I] [QUERY_PERF] component=ucm layer=transport_manager handle=1 transport_handle=1 transfers_lock_wait_us=0 lookup_us=0 transport_us=31 total_us=31 api_status=0 transfer_status=0 [21272,21285][transport_manager.cpp:716,GetStatus]
[HIXL_QUERY_PERF] layer=comm_channel request=0x1 mutex_wait_us=0 check_us=0 lookup_us=0 flag_check_us=0 complete_us=0 total_us=0 transfer_status=0
[HIXL_QUERY_PERF] layer=adxl_inner request=0x1 context_us=0 req_lock_wait_us=0 lookup_us=1 channel_us=4 cleanup_us=0 total_us=5 status=0 transfer_status=0
[HIXL_QUERY_PERF] layer=comm_engine request=0x1 total_us=11 status=0 transfer_status=0
[2026-08-24 20:57:06.316722][UC][I] [HIXL_WORKER_PERF] task_id=16 queue_depth=1 enqueue_lock_wait_us=0 enqueue_us=0 queue_wait_us=4 execute_us=18 result_post_us=4 total_us=26 status=0 [21272,21285][hixl_instance.cpp:107,Run]
[2026-08-24 20:57:06.316729][UC][I] [QUERY_PERF] component=ucm layer=hixl_instance request=0x1 queue_wait_us=4 backend_us=18 run_post_us=11 total_us=33 api_status=0 transfer_status=0 [21272,21285][hixl_instance.cpp:370,GetTransferStatus]
[2026-08-24 20:57:06.316733][UC][I] [QUERY_PERF] component=ucm layer=hixl_transport handle=1 request=0x1 lifecycle_lock_us=0 pending_lock_wait_us=0 pending_lookup_us=0 instance_us=36 erase_us=0 total_us=36 transfer_status=0 [21272,21285][hixl_transport.cpp:734,GetStatus]
[2026-08-24 20:57:06.316736][UC][I] [QUERY_PERF] component=ucm layer=transport_manager handle=1 transport_handle=1 transfers_lock_wait_us=0 lookup_us=0 transport_us=40 total_us=40 api_status=0 transfer_status=0 [21272,21285][transport_manager.cpp:716,GetStatus]
[HIXL_QUERY_PERF] layer=comm_channel request=0x1 mutex_wait_us=0 check_us=0 lookup_us=0 flag_check_us=0 complete_us=0 total_us=0 transfer_status=0
[HIXL_QUERY_PERF] layer=adxl_inner request=0x1 context_us=0 req_lock_wait_us=1 lookup_us=0 channel_us=5 cleanup_us=0 total_us=6 status=0 transfer_status=0
[HIXL_QUERY_PERF] layer=comm_engine request=0x1 total_us=11 status=0 transfer_status=0
[2026-08-24 20:57:06.316761][UC][I] [HIXL_WORKER_PERF] task_id=17 queue_depth=1 enqueue_lock_wait_us=0 enqueue_us=0 queue_wait_us=4 execute_us=13 result_post_us=4 total_us=21 status=0 [21272,21285][hixl_instance.cpp:107,Run]
[2026-08-24 20:57:06.316767][UC][I] [QUERY_PERF] component=ucm layer=hixl_instance request=0x1 queue_wait_us=4 backend_us=13 run_post_us=9 total_us=26 api_status=0 transfer_status=0 [21272,21285][hixl_instance.cpp:370,GetTransferStatus]
[2026-08-24 20:57:06.316776][UC][I] [QUERY_PERF] component=ucm layer=hixl_transport handle=1 request=0x1 lifecycle_lock_us=0 pending_lock_wait_us=0 pending_lookup_us=0 instance_us=36 erase_us=0 total_us=36 transfer_status=0 [21272,21285][hixl_transport.cpp:734,GetStatus]
[2026-08-24 20:57:06.316780][UC][I] [QUERY_PERF] component=ucm layer=transport_manager handle=1 transport_handle=1 transfers_lock_wait_us=0 lookup_us=1 transport_us=39 total_us=40 api_status=0 transfer_status=0 [21272,21285][transport_manager.cpp:716,GetStatus]
[HIXL_QUERY_PERF] layer=comm_channel request=0x1 mutex_wait_us=0 check_us=0 lookup_us=0 flag_check_us=0 complete_us=0 total_us=0 transfer_status=0
[HIXL_QUERY_PERF] layer=adxl_inner request=0x1 context_us=0 req_lock_wait_us=0 lookup_us=0 channel_us=6 cleanup_us=0 total_us=6 status=0 transfer_status=0
[HIXL_QUERY_PERF] layer=comm_engine request=0x1 total_us=11 status=0 transfer_status=0
[2026-08-24 20:57:06.316808][UC][I] [HIXL_WORKER_PERF] task_id=18 queue_depth=1 enqueue_lock_wait_us=0 enqueue_us=0 queue_wait_us=4 execute_us=17 result_post_us=4 total_us=25 status=0 [21272,21285][hixl_instance.cpp:107,Run]
[2026-08-24 20:57:06.316813][UC][I] [QUERY_PERF] component=ucm layer=hixl_instance request=0x1 queue_wait_us=4 backend_us=17 run_post_us=9 total_us=30 api_status=0 transfer_status=0 [21272,21285][hixl_instance.cpp:370,GetTransferStatus]
[2026-08-24 20:57:06.316820][UC][I] [QUERY_PERF] component=ucm layer=hixl_transport handle=1 request=0x1 lifecycle_lock_us=0 pending_lock_wait_us=0 pending_lookup_us=0 instance_us=37 erase_us=0 total_us=37 transfer_status=0 [21272,21285][hixl_transport.cpp:734,GetStatus]
[2026-08-24 20:57:06.316824][UC][I] [QUERY_PERF] component=ucm layer=transport_manager handle=1 transport_handle=1 transfers_lock_wait_us=0 lookup_us=0 transport_us=41 total_us=41 api_status=0 transfer_status=0 [21272,21285][transport_manager.cpp:716,GetStatus]
[HIXL_QUERY_PERF] layer=comm_channel request=0x1 mutex_wait_us=0 check_us=0 lookup_us=0 flag_check_us=0 complete_us=0 total_us=0 transfer_status=0
[HIXL_QUERY_PERF] layer=adxl_inner request=0x1 context_us=0 req_lock_wait_us=0 lookup_us=1 channel_us=5 cleanup_us=0 total_us=6 status=0 transfer_status=0
[HIXL_QUERY_PERF] layer=comm_engine request=0x1 total_us=8 status=0 transfer_status=0
[2026-08-24 20:57:06.316846][UC][I] [HIXL_WORKER_PERF] task_id=19 queue_depth=1 enqueue_lock_wait_us=1 enqueue_us=0 queue_wait_us=3 execute_us=10 result_post_us=4 total_us=18 status=0 [21272,21285][hixl_instance.cpp:107,Run]
[2026-08-24 20:57:06.316850][UC][I] [QUERY_PERF] component=ucm layer=hixl_instance request=0x1 queue_wait_us=4 backend_us=10 run_post_us=8 total_us=22 api_status=0 transfer_status=0 [21272,21285][hixl_instance.cpp:370,GetTransferStatus]
[2026-08-24 20:57:06.316852][UC][I] [QUERY_PERF] component=ucm layer=hixl_transport handle=1 request=0x1 lifecycle_lock_us=0 pending_lock_wait_us=0 pending_lookup_us=0 instance_us=24 erase_us=0 total_us=24 transfer_status=0 [21272,21285][hixl_transport.cpp:734,GetStatus]
[2026-08-24 20:57:06.316858][UC][I] [QUERY_PERF] component=ucm layer=transport_manager handle=1 transport_handle=1 transfers_lock_wait_us=0 lookup_us=0 transport_us=30 total_us=30 api_status=0 transfer_status=0 [21272,21285][transport_manager.cpp:716,GetStatus]
[HIXL_QUERY_PERF] layer=comm_channel request=0x1 mutex_wait_us=0 check_us=0 lookup_us=0 flag_check_us=0 complete_us=0 total_us=0 transfer_status=0
[HIXL_QUERY_PERF] layer=adxl_inner request=0x1 context_us=0 req_lock_wait_us=0 lookup_us=1 channel_us=7 cleanup_us=0 total_us=8 status=0 transfer_status=0
[HIXL_QUERY_PERF] layer=comm_engine request=0x1 total_us=10 status=0 transfer_status=0
[2026-08-24 20:57:06.316883][UC][I] [HIXL_WORKER_PERF] task_id=20 queue_depth=1 enqueue_lock_wait_us=0 enqueue_us=0 queue_wait_us=4 execute_us=11 result_post_us=4 total_us=19 status=0 [21272,21285][hixl_instance.cpp:107,Run]
[2026-08-24 20:57:06.316889][UC][I] [QUERY_PERF] component=ucm layer=hixl_instance request=0x1 queue_wait_us=4 backend_us=11 run_post_us=10 total_us=25 api_status=0 transfer_status=0 [21272,21285][hixl_instance.cpp:370,GetTransferStatus]
[2026-08-24 20:57:06.316893][UC][I] [QUERY_PERF] component=ucm layer=hixl_transport handle=1 request=0x1 lifecycle_lock_us=0 pending_lock_wait_us=0 pending_lookup_us=0 instance_us=29 erase_us=0 total_us=29 transfer_status=0 [21272,21285][hixl_transport.cpp:734,GetStatus]
[2026-08-24 20:57:06.316900][UC][I] [QUERY_PERF] component=ucm layer=transport_manager handle=1 transport_handle=1 transfers_lock_wait_us=0 lookup_us=1 transport_us=36 total_us=37 api_status=0 transfer_status=0 [21272,21285][transport_manager.cpp:716,GetStatus]
[HIXL_QUERY_PERF] layer=comm_channel request=0x1 mutex_wait_us=0 check_us=0 lookup_us=0 flag_check_us=0 complete_us=0 total_us=0 transfer_status=0
[HIXL_QUERY_PERF] layer=adxl_inner request=0x1 context_us=0 req_lock_wait_us=0 lookup_us=1 channel_us=5 cleanup_us=0 total_us=6 status=0 transfer_status=0
[HIXL_QUERY_PERF] layer=comm_engine request=0x1 total_us=8 status=0 transfer_status=0
[2026-08-24 20:57:06.316925][UC][I] [HIXL_WORKER_PERF] task_id=21 queue_depth=1 enqueue_lock_wait_us=0 enqueue_us=0 queue_wait_us=4 execute_us=9 result_post_us=4 total_us=17 status=0 [21272,21285][hixl_instance.cpp:107,Run]
[2026-08-24 20:57:06.316929][UC][I] [QUERY_PERF] component=ucm layer=hixl_instance request=0x1 queue_wait_us=4 backend_us=9 run_post_us=8 total_us=21 api_status=0 transfer_status=0 [21272,21285][hixl_instance.cpp:370,GetTransferStatus]
[2026-08-24 20:57:06.316943][UC][I] [QUERY_PERF] component=ucm layer=hixl_transport handle=1 request=0x1 lifecycle_lock_us=0 pending_lock_wait_us=1 pending_lookup_us=0 instance_us=35 erase_us=0 total_us=36 transfer_status=0 [21272,21285][hixl_transport.cpp:734,GetStatus]
[2026-08-24 20:57:06.316948][UC][I] [QUERY_PERF] component=ucm layer=transport_manager handle=1 transport_handle=1 transfers_lock_wait_us=0 lookup_us=0 transport_us=41 total_us=41 api_status=0 transfer_status=0 [21272,21285][transport_manager.cpp:716,GetStatus]
[HIXL_QUERY_PERF] layer=comm_channel request=0x1 mutex_wait_us=0 check_us=0 lookup_us=0 flag_check_us=0 complete_us=0 total_us=0 transfer_status=0
[HIXL_QUERY_PERF] layer=adxl_inner request=0x1 context_us=0 req_lock_wait_us=0 lookup_us=1 channel_us=5 cleanup_us=0 total_us=6 status=0 transfer_status=0
[HIXL_QUERY_PERF] layer=comm_engine request=0x1 total_us=8 status=0 transfer_status=0
[2026-08-24 20:57:06.316975][UC][I] [HIXL_WORKER_PERF] task_id=22 queue_depth=1 enqueue_lock_wait_us=0 enqueue_us=0 queue_wait_us=3 execute_us=11 result_post_us=3 total_us=17 status=0 [21272,21285][hixl_instance.cpp:107,Run]
[2026-08-24 20:57:06.316981][UC][I] [QUERY_PERF] component=ucm layer=hixl_instance request=0x1 queue_wait_us=4 backend_us=11 run_post_us=10 total_us=25 api_status=0 transfer_status=0 [21272,21285][hixl_instance.cpp:370,GetTransferStatus]
[2026-08-24 20:57:06.316989][UC][I] [QUERY_PERF] component=ucm layer=hixl_transport handle=1 request=0x1 lifecycle_lock_us=0 pending_lock_wait_us=0 pending_lookup_us=0 instance_us=32 erase_us=0 total_us=32 transfer_status=0 [21272,21285][hixl_transport.cpp:734,GetStatus]
[2026-08-24 20:57:06.316994][UC][I] [QUERY_PERF] component=ucm layer=transport_manager handle=1 transport_handle=1 transfers_lock_wait_us=0 lookup_us=0 transport_us=38 total_us=38 api_status=0 transfer_status=0 [21272,21285][transport_manager.cpp:716,GetStatus]
[HIXL_QUERY_PERF] layer=comm_channel request=0x1 mutex_wait_us=0 check_us=0 lookup_us=1 flag_check_us=0 complete_us=0 total_us=1 transfer_status=0
[HIXL_QUERY_PERF] layer=adxl_inner request=0x1 context_us=1 req_lock_wait_us=0 lookup_us=0 channel_us=4 cleanup_us=0 total_us=5 status=0 transfer_status=0
[HIXL_QUERY_PERF] layer=comm_engine request=0x1 total_us=8 status=0 transfer_status=0
[2026-08-24 20:57:06.317016][UC][I] [HIXL_WORKER_PERF] task_id=23 queue_depth=1 enqueue_lock_wait_us=1 enqueue_us=0 queue_wait_us=3 execute_us=10 result_post_us=3 total_us=17 status=0 [21272,21285][hixl_instance.cpp:107,Run]
[2026-08-24 20:57:06.317023][UC][I] [QUERY_PERF] component=ucm layer=hixl_instance request=0x1 queue_wait_us=4 backend_us=10 run_post_us=10 total_us=24 api_status=0 transfer_status=0 [21272,21285][hixl_instance.cpp:370,GetTransferStatus]
[2026-08-24 20:57:06.317027][UC][I] [QUERY_PERF] component=ucm layer=hixl_transport handle=1 request=0x1 lifecycle_lock_us=0 pending_lock_wait_us=0 pending_lookup_us=0 instance_us=29 erase_us=0 total_us=29 transfer_status=0 [21272,21285][hixl_transport.cpp:734,GetStatus]
[2026-08-24 20:57:06.317033][UC][I] [QUERY_PERF] component=ucm layer=transport_manager handle=1 transport_handle=1 transfers_lock_wait_us=0 lookup_us=0 transport_us=35 total_us=35 api_status=0 transfer_status=0 [21272,21285][transport_manager.cpp:716,GetStatus]
[HIXL_QUERY_PERF] layer=comm_channel request=0x1 mutex_wait_us=0 check_us=0 lookup_us=0 flag_check_us=0 complete_us=0 total_us=0 transfer_status=0
[HIXL_QUERY_PERF] layer=adxl_inner request=0x1 context_us=1 req_lock_wait_us=0 lookup_us=0 channel_us=6 cleanup_us=0 total_us=7 status=0 transfer_status=0
[HIXL_QUERY_PERF] layer=comm_engine request=0x1 total_us=9 status=0 transfer_status=0
[2026-08-24 20:57:06.317059][UC][I] [HIXL_WORKER_PERF] task_id=24 queue_depth=1 enqueue_lock_wait_us=0 enqueue_us=1 queue_wait_us=3 execute_us=10 result_post_us=4 total_us=18 status=0 [21272,21285][hixl_instance.cpp:107,Run]
[2026-08-24 20:57:06.317066][UC][I] [QUERY_PERF] component=ucm layer=hixl_instance request=0x1 queue_wait_us=4 backend_us=10 run_post_us=11 total_us=25 api_status=0 transfer_status=0 [21272,21285][hixl_instance.cpp:370,GetTransferStatus]
[2026-08-24 20:57:06.317075][UC][I] [QUERY_PERF] component=ucm layer=hixl_transport handle=1 request=0x1 lifecycle_lock_us=0 pending_lock_wait_us=0 pending_lookup_us=0 instance_us=34 erase_us=0 total_us=34 transfer_status=0 [21272,21285][hixl_transport.cpp:734,GetStatus]
[2026-08-24 20:57:06.317080][UC][I] [QUERY_PERF] component=ucm layer=transport_manager handle=1 transport_handle=1 transfers_lock_wait_us=0 lookup_us=0 transport_us=39 total_us=39 api_status=0 transfer_status=0 [21272,21285][transport_manager.cpp:716,GetStatus]
[HIXL_QUERY_PERF] layer=comm_channel request=0x1 mutex_wait_us=0 check_us=0 lookup_us=0 flag_check_us=0 complete_us=0 total_us=0 transfer_status=0
[HIXL_QUERY_PERF] layer=adxl_inner request=0x1 context_us=1 req_lock_wait_us=0 lookup_us=0 channel_us=5 cleanup_us=0 total_us=6 status=0 transfer_status=0
[HIXL_QUERY_PERF] layer=comm_engine request=0x1 total_us=9 status=0 transfer_status=0
[2026-08-24 20:57:06.317104][UC][I] [HIXL_WORKER_PERF] task_id=25 queue_depth=1 enqueue_lock_wait_us=0 enqueue_us=0 queue_wait_us=4 execute_us=10 result_post_us=3 total_us=17 status=0 [21272,21285][hixl_instance.cpp:107,Run]
[2026-08-24 20:57:06.317109][UC][I] [QUERY_PERF] component=ucm layer=hixl_instance request=0x1 queue_wait_us=4 backend_us=10 run_post_us=9 total_us=23 api_status=0 transfer_status=0 [21272,21285][hixl_instance.cpp:370,GetTransferStatus]
[2026-08-24 20:57:06.317115][UC][I] [QUERY_PERF] component=ucm layer=hixl_transport handle=1 request=0x1 lifecycle_lock_us=1 pending_lock_wait_us=0 pending_lookup_us=0 instance_us=29 erase_us=0 total_us=30 transfer_status=0 [21272,21285][hixl_transport.cpp:734,GetStatus]
[2026-08-24 20:57:06.317128][UC][I] [QUERY_PERF] component=ucm layer=transport_manager handle=1 transport_handle=1 transfers_lock_wait_us=0 lookup_us=0 transport_us=43 total_us=43 api_status=0 transfer_status=0 [21272,21285][transport_manager.cpp:716,GetStatus]
[HIXL_QUERY_PERF] layer=comm_channel request=0x1 mutex_wait_us=0 check_us=1 lookup_us=0 flag_check_us=0 complete_us=0 total_us=1 transfer_status=0
[HIXL_QUERY_PERF] layer=adxl_inner request=0x1 context_us=1 req_lock_wait_us=0 lookup_us=0 channel_us=7 cleanup_us=0 total_us=8 status=0 transfer_status=0
[HIXL_QUERY_PERF] layer=comm_engine request=0x1 total_us=14 status=0 transfer_status=0
[2026-08-24 20:57:06.317161][UC][I] [HIXL_WORKER_PERF] task_id=26 queue_depth=1 enqueue_lock_wait_us=0 enqueue_us=1 queue_wait_us=3 execute_us=19 result_post_us=3 total_us=26 status=0 [21272,21285][hixl_instance.cpp:107,Run]
[2026-08-24 20:57:06.317166][UC][I] [QUERY_PERF] component=ucm layer=hixl_instance request=0x1 queue_wait_us=4 backend_us=19 run_post_us=8 total_us=31 api_status=0 transfer_status=0 [21272,21285][hixl_instance.cpp:370,GetTransferStatus]
[2026-08-24 20:57:06.317168][UC][I] [QUERY_PERF] component=ucm layer=hixl_transport handle=1 request=0x1 lifecycle_lock_us=0 pending_lock_wait_us=0 pending_lookup_us=0 instance_us=34 erase_us=0 total_us=34 transfer_status=0 [21272,21285][hixl_transport.cpp:734,GetStatus]
[2026-08-24 20:57:06.317171][UC][I] [QUERY_PERF] component=ucm layer=transport_manager handle=1 transport_handle=1 transfers_lock_wait_us=0 lookup_us=0 transport_us=37 total_us=37 api_status=0 transfer_status=0 [21272,21285][transport_manager.cpp:716,GetStatus]
[HIXL_QUERY_PERF] layer=comm_channel request=0x1 mutex_wait_us=0 check_us=0 lookup_us=0 flag_check_us=0 complete_us=0 total_us=0 transfer_status=0
[HIXL_QUERY_PERF] layer=adxl_inner request=0x1 context_us=1 req_lock_wait_us=0 lookup_us=0 channel_us=5 cleanup_us=0 total_us=6 status=0 transfer_status=0
[HIXL_QUERY_PERF] layer=comm_engine request=0x1 total_us=9 status=0 transfer_status=0
[2026-08-24 20:57:06.317192][UC][I] [HIXL_WORKER_PERF] task_id=27 queue_depth=1 enqueue_lock_wait_us=0 enqueue_us=0 queue_wait_us=4 execute_us=10 result_post_us=3 total_us=17 status=0 [21272,21285][hixl_instance.cpp:107,Run]
[2026-08-24 20:57:06.317195][UC][I] [QUERY_PERF] component=ucm layer=hixl_instance request=0x1 queue_wait_us=4 backend_us=10 run_post_us=7 total_us=21 api_status=0 transfer_status=0 [21272,21285][hixl_instance.cpp:370,GetTransferStatus]
[2026-08-24 20:57:06.317202][UC][I] [QUERY_PERF] component=ucm layer=hixl_transport handle=1 request=0x1 lifecycle_lock_us=0 pending_lock_wait_us=0 pending_lookup_us=0 instance_us=28 erase_us=0 total_us=28 transfer_status=0 [21272,21285][hixl_transport.cpp:734,GetStatus]
[2026-08-24 20:57:06.317207][UC][I] [QUERY_PERF] component=ucm layer=transport_manager handle=1 transport_handle=1 transfers_lock_wait_us=0 lookup_us=0 transport_us=33 total_us=33 api_status=0 transfer_status=0 [21272,21285][transport_manager.cpp:716,GetStatus]
[HIXL_QUERY_PERF] layer=comm_channel request=0x1 mutex_wait_us=0 check_us=0 lookup_us=0 flag_check_us=0 complete_us=0 total_us=0 transfer_status=0
[HIXL_QUERY_PERF] layer=adxl_inner request=0x1 context_us=1 req_lock_wait_us=0 lookup_us=0 channel_us=5 cleanup_us=0 total_us=6 status=0 transfer_status=0
[HIXL_QUERY_PERF] layer=comm_engine request=0x1 total_us=9 status=0 transfer_status=0
[2026-08-24 20:57:06.317232][UC][I] [HIXL_WORKER_PERF] task_id=28 queue_depth=1 enqueue_lock_wait_us=1 enqueue_us=0 queue_wait_us=3 execute_us=10 result_post_us=3 total_us=17 status=0 [21272,21285][hixl_instance.cpp:107,Run]
[2026-08-24 20:57:06.317237][UC][I] [QUERY_PERF] component=ucm layer=hixl_instance request=0x1 queue_wait_us=4 backend_us=10 run_post_us=9 total_us=23 api_status=0 transfer_status=0 [21272,21285][hixl_instance.cpp:370,GetTransferStatus]
[2026-08-24 20:57:06.317241][UC][I] [QUERY_PERF] component=ucm layer=hixl_transport handle=1 request=0x1 lifecycle_lock_us=0 pending_lock_wait_us=0 pending_lookup_us=0 instance_us=26 erase_us=0 total_us=26 transfer_status=0 [21272,21285][hixl_transport.cpp:734,GetStatus]
[2026-08-24 20:57:06.317245][UC][I] [QUERY_PERF] component=ucm layer=transport_manager handle=1 transport_handle=1 transfers_lock_wait_us=0 lookup_us=0 transport_us=30 total_us=30 api_status=0 transfer_status=0 [21272,21285][transport_manager.cpp:716,GetStatus]
[HIXL_QUERY_PERF] layer=comm_channel request=0x1 mutex_wait_us=0 check_us=0 lookup_us=1 flag_check_us=0 complete_us=0 total_us=1 transfer_status=0
[HIXL_QUERY_PERF] layer=adxl_inner request=0x1 context_us=1 req_lock_wait_us=0 lookup_us=0 channel_us=5 cleanup_us=0 total_us=6 status=0 transfer_status=0
[HIXL_QUERY_PERF] layer=comm_engine request=0x1 total_us=10 status=0 transfer_status=0
[2026-08-24 20:57:06.317273][UC][I] [HIXL_WORKER_PERF] task_id=29 queue_depth=1 enqueue_lock_wait_us=0 enqueue_us=1 queue_wait_us=3 execute_us=16 result_post_us=3 total_us=23 status=0 [21272,21285][hixl_instance.cpp:107,Run]
[2026-08-24 20:57:06.317279][UC][I] [QUERY_PERF] component=ucm layer=hixl_instance request=0x1 queue_wait_us=4 backend_us=16 run_post_us=10 total_us=30 api_status=0 transfer_status=0 [21272,21285][hixl_instance.cpp:370,GetTransferStatus]
[2026-08-24 20:57:06.317282][UC][I] [QUERY_PERF] component=ucm layer=hixl_transport handle=1 request=0x1 lifecycle_lock_us=0 pending_lock_wait_us=0 pending_lookup_us=0 instance_us=33 erase_us=0 total_us=33 transfer_status=0 [21272,21285][hixl_transport.cpp:734,GetStatus]
[2026-08-24 20:57:06.317290][UC][I] [QUERY_PERF] component=ucm layer=transport_manager handle=1 transport_handle=1 transfers_lock_wait_us=0 lookup_us=0 transport_us=41 total_us=41 api_status=0 transfer_status=0 [21272,21285][transport_manager.cpp:716,GetStatus]
[HIXL_QUERY_PERF] layer=comm_channel request=0x1 mutex_wait_us=0 check_us=0 lookup_us=0 flag_check_us=0 complete_us=0 total_us=0 transfer_status=0
[HIXL_QUERY_PERF] layer=adxl_inner request=0x1 context_us=0 req_lock_wait_us=0 lookup_us=1 channel_us=5 cleanup_us=0 total_us=6 status=0 transfer_status=0
[HIXL_QUERY_PERF] layer=comm_engine request=0x1 total_us=9 status=0 transfer_status=0
[2026-08-24 20:57:06.317314][UC][I] [HIXL_WORKER_PERF] task_id=30 queue_depth=1 enqueue_lock_wait_us=0 enqueue_us=0 queue_wait_us=4 execute_us=11 result_post_us=3 total_us=18 status=0 [21272,21285][hixl_instance.cpp:107,Run]
[2026-08-24 20:57:06.317323][UC][I] [QUERY_PERF] component=ucm layer=hixl_instance request=0x1 queue_wait_us=4 backend_us=11 run_post_us=13 total_us=28 api_status=0 transfer_status=0 [21272,21285][hixl_instance.cpp:370,GetTransferStatus]
[2026-08-24 20:57:06.317329][UC][I] [QUERY_PERF] component=ucm layer=hixl_transport handle=1 request=0x1 lifecycle_lock_us=1 pending_lock_wait_us=0 pending_lookup_us=0 instance_us=33 erase_us=0 total_us=34 transfer_status=0 [21272,21285][hixl_transport.cpp:734,GetStatus]
[2026-08-24 20:57:06.317331][UC][I] [QUERY_PERF] component=ucm layer=transport_manager handle=1 transport_handle=1 transfers_lock_wait_us=0 lookup_us=0 transport_us=37 total_us=37 api_status=0 transfer_status=0 [21272,21285][transport_manager.cpp:716,GetStatus]
[HIXL_QUERY_PERF] layer=comm_channel request=0x1 mutex_wait_us=0 check_us=0 lookup_us=1 flag_check_us=0 complete_us=0 total_us=1 transfer_status=0
[HIXL_QUERY_PERF] layer=adxl_inner request=0x1 context_us=1 req_lock_wait_us=0 lookup_us=0 channel_us=7 cleanup_us=0 total_us=8 status=0 transfer_status=0
[HIXL_QUERY_PERF] layer=comm_engine request=0x1 total_us=14 status=0 transfer_status=0
[2026-08-24 20:57:06.317357][UC][I] [HIXL_WORKER_PERF] task_id=31 queue_depth=1 enqueue_lock_wait_us=1 enqueue_us=0 queue_wait_us=3 execute_us=16 result_post_us=3 total_us=23 status=0 [21272,21285][hixl_instance.cpp:107,Run]
[2026-08-24 20:57:06.317362][UC][I] [QUERY_PERF] component=ucm layer=hixl_instance request=0x1 queue_wait_us=4 backend_us=16 run_post_us=8 total_us=28 api_status=0 transfer_status=0 [21272,21285][hixl_instance.cpp:370,GetTransferStatus]
[2026-08-24 20:57:06.317365][UC][I] [QUERY_PERF] component=ucm layer=hixl_transport handle=1 request=0x1 lifecycle_lock_us=0 pending_lock_wait_us=0 pending_lookup_us=0 instance_us=31 erase_us=0 total_us=31 transfer_status=0 [21272,21285][hixl_transport.cpp:734,GetStatus]
[2026-08-24 20:57:06.317368][UC][I] [QUERY_PERF] component=ucm layer=transport_manager handle=1 transport_handle=1 transfers_lock_wait_us=0 lookup_us=0 transport_us=34 total_us=34 api_status=0 transfer_status=0 [21272,21285][transport_manager.cpp:716,GetStatus]
[HIXL_QUERY_PERF] layer=comm_channel request=0x1 mutex_wait_us=0 check_us=0 lookup_us=0 flag_check_us=0 complete_us=0 total_us=0 transfer_status=0
[HIXL_QUERY_PERF] layer=adxl_inner request=0x1 context_us=1 req_lock_wait_us=0 lookup_us=0 channel_us=6 cleanup_us=0 total_us=7 status=0 transfer_status=0
[HIXL_QUERY_PERF] layer=comm_engine request=0x1 total_us=11 status=0 transfer_status=0
[2026-08-24 20:57:06.317395][UC][I] [HIXL_WORKER_PERF] task_id=32 queue_depth=1 enqueue_lock_wait_us=1 enqueue_us=0 queue_wait_us=3 execute_us=14 result_post_us=4 total_us=22 status=0 [21272,21285][hixl_instance.cpp:107,Run]
[2026-08-24 20:57:06.317403][UC][I] [QUERY_PERF] component=ucm layer=hixl_instance request=0x1 queue_wait_us=4 backend_us=14 run_post_us=12 total_us=30 api_status=0 transfer_status=0 [21272,21285][hixl_instance.cpp:370,GetTransferStatus]
[2026-08-24 20:57:06.317408][UC][I] [QUERY_PERF] component=ucm layer=hixl_transport handle=1 request=0x1 lifecycle_lock_us=0 pending_lock_wait_us=0 pending_lookup_us=0 instance_us=35 erase_us=0 total_us=35 transfer_status=0 [21272,21285][hixl_transport.cpp:734,GetStatus]
[2026-08-24 20:57:06.317411][UC][I] [QUERY_PERF] component=ucm layer=transport_manager handle=1 transport_handle=1 transfers_lock_wait_us=0 lookup_us=0 transport_us=38 total_us=38 api_status=0 transfer_status=0 [21272,21285][transport_manager.cpp:716,GetStatus]
[HIXL_QUERY_PERF] layer=comm_channel request=0x1 mutex_wait_us=0 check_us=0 lookup_us=0 flag_check_us=0 complete_us=0 total_us=0 transfer_status=0
[HIXL_QUERY_PERF] layer=adxl_inner request=0x1 context_us=0 req_lock_wait_us=0 lookup_us=1 channel_us=6 cleanup_us=0 total_us=7 status=0 transfer_status=0
[HIXL_QUERY_PERF] layer=comm_engine request=0x1 total_us=9 status=0 transfer_status=0
[2026-08-24 20:57:06.317434][UC][I] [HIXL_WORKER_PERF] task_id=33 queue_depth=1 enqueue_lock_wait_us=0 enqueue_us=0 queue_wait_us=4 execute_us=11 result_post_us=3 total_us=18 status=0 [21272,21285][hixl_instance.cpp:107,Run]
[2026-08-24 20:57:06.317446][UC][I] [QUERY_PERF] component=ucm layer=hixl_instance request=0x1 queue_wait_us=4 backend_us=11 run_post_us=15 total_us=30 api_status=0 transfer_status=0 [21272,21285][hixl_instance.cpp:370,GetTransferStatus]
[2026-08-24 20:57:06.317451][UC][I] [QUERY_PERF] component=ucm layer=hixl_transport handle=1 request=0x1 lifecycle_lock_us=0 pending_lock_wait_us=0 pending_lookup_us=0 instance_us=35 erase_us=0 total_us=35 transfer_status=0 [21272,21285][hixl_transport.cpp:734,GetStatus]
[2026-08-24 20:57:06.317464][UC][I] [QUERY_PERF] component=ucm layer=transport_manager handle=1 transport_handle=1 transfers_lock_wait_us=0 lookup_us=0 transport_us=48 total_us=48 api_status=0 transfer_status=0 [21272,21285][transport_manager.cpp:716,GetStatus]
[HIXL_QUERY_PERF] layer=comm_channel request=0x1 mutex_wait_us=0 check_us=0 lookup_us=1 flag_check_us=0 complete_us=0 total_us=1 transfer_status=0
[HIXL_QUERY_PERF] layer=adxl_inner request=0x1 context_us=1 req_lock_wait_us=0 lookup_us=0 channel_us=4 cleanup_us=0 total_us=5 status=0 transfer_status=0
[HIXL_QUERY_PERF] layer=comm_engine request=0x1 total_us=7 status=0 transfer_status=0
[2026-08-24 20:57:06.317489][UC][I] [HIXL_WORKER_PERF] task_id=34 queue_depth=1 enqueue_lock_wait_us=0 enqueue_us=0 queue_wait_us=3 execute_us=11 result_post_us=4 total_us=18 status=0 [21272,21285][hixl_instance.cpp:107,Run]
[2026-08-24 20:57:06.317497][UC][I] [QUERY_PERF] component=ucm layer=hixl_instance request=0x1 queue_wait_us=4 backend_us=11 run_post_us=12 total_us=27 api_status=0 transfer_status=0 [21272,21285][hixl_instance.cpp:370,GetTransferStatus]
[2026-08-24 20:57:06.317501][UC][I] [QUERY_PERF] component=ucm layer=hixl_transport handle=1 request=0x1 lifecycle_lock_us=0 pending_lock_wait_us=0 pending_lookup_us=0 instance_us=31 erase_us=0 total_us=31 transfer_status=0 [21272,21285][hixl_transport.cpp:734,GetStatus]
[2026-08-24 20:57:06.317505][UC][I] [QUERY_PERF] component=ucm layer=transport_manager handle=1 transport_handle=1 transfers_lock_wait_us=0 lookup_us=0 transport_us=35 total_us=35 api_status=0 transfer_status=0 [21272,21285][transport_manager.cpp:716,GetStatus]
[HIXL_QUERY_PERF] layer=comm_channel request=0x1 mutex_wait_us=0 check_us=0 lookup_us=0 flag_check_us=0 complete_us=0 total_us=0 transfer_status=0
[HIXL_QUERY_PERF] layer=adxl_inner request=0x1 context_us=0 req_lock_wait_us=0 lookup_us=1 channel_us=5 cleanup_us=0 total_us=6 status=0 transfer_status=0
[HIXL_QUERY_PERF] layer=comm_engine request=0x1 total_us=10 status=0 transfer_status=0
[2026-08-24 20:57:06.317531][UC][I] [HIXL_WORKER_PERF] task_id=35 queue_depth=1 enqueue_lock_wait_us=0 enqueue_us=0 queue_wait_us=4 execute_us=15 result_post_us=3 total_us=22 status=0 [21272,21285][hixl_instance.cpp:107,Run]
[2026-08-24 20:57:06.317538][UC][I] [QUERY_PERF] component=ucm layer=hixl_instance request=0x1 queue_wait_us=4 backend_us=15 run_post_us=10 total_us=29 api_status=0 transfer_status=0 [21272,21285][hixl_instance.cpp:370,GetTransferStatus]
[2026-08-24 20:57:06.317541][UC][I] [QUERY_PERF] component=ucm layer=hixl_transport handle=1 request=0x1 lifecycle_lock_us=0 pending_lock_wait_us=0 pending_lookup_us=0 instance_us=33 erase_us=0 total_us=33 transfer_status=0 [21272,21285][hixl_transport.cpp:734,GetStatus]
[2026-08-24 20:57:06.317543][UC][I] [QUERY_PERF] component=ucm layer=transport_manager handle=1 transport_handle=1 transfers_lock_wait_us=0 lookup_us=1 transport_us=35 total_us=36 api_status=0 transfer_status=0 [21272,21285][transport_manager.cpp:716,GetStatus]
[HIXL_QUERY_PERF] layer=comm_channel request=0x1 mutex_wait_us=0 check_us=1 lookup_us=0 flag_check_us=0 complete_us=0 total_us=1 transfer_status=0
[HIXL_QUERY_PERF] layer=adxl_inner request=0x1 context_us=0 req_lock_wait_us=0 lookup_us=0 channel_us=4 cleanup_us=0 total_us=4 status=0 transfer_status=0
[HIXL_QUERY_PERF] layer=comm_engine request=0x1 total_us=9 status=0 transfer_status=0
[2026-08-24 20:57:06.317566][UC][I] [HIXL_WORKER_PERF] task_id=36 queue_depth=1 enqueue_lock_wait_us=0 enqueue_us=0 queue_wait_us=3 execute_us=13 result_post_us=3 total_us=19 status=0 [21272,21285][hixl_instance.cpp:107,Run]
[2026-08-24 20:57:06.317578][UC][I] [QUERY_PERF] component=ucm layer=hixl_instance request=0x1 queue_wait_us=4 backend_us=13 run_post_us=15 total_us=32 api_status=0 transfer_status=0 [21272,21285][hixl_instance.cpp:370,GetTransferStatus]
[2026-08-24 20:57:06.317582][UC][I] [QUERY_PERF] component=ucm layer=hixl_transport handle=1 request=0x1 lifecycle_lock_us=0 pending_lock_wait_us=0 pending_lookup_us=0 instance_us=35 erase_us=0 total_us=35 transfer_status=0 [21272,21285][hixl_transport.cpp:734,GetStatus]
[2026-08-24 20:57:06.317585][UC][I] [QUERY_PERF] component=ucm layer=transport_manager handle=1 transport_handle=1 transfers_lock_wait_us=0 lookup_us=0 transport_us=39 total_us=39 api_status=0 transfer_status=0 [21272,21285][transport_manager.cpp:716,GetStatus]
[HIXL_QUERY_PERF] layer=comm_channel request=0x1 mutex_wait_us=0 check_us=0 lookup_us=0 flag_check_us=0 complete_us=0 total_us=0 transfer_status=0
[HIXL_QUERY_PERF] layer=adxl_inner request=0x1 context_us=1 req_lock_wait_us=0 lookup_us=0 channel_us=5 cleanup_us=1 total_us=7 status=0 transfer_status=0
[HIXL_QUERY_PERF] layer=comm_engine request=0x1 total_us=10 status=0 transfer_status=0
[2026-08-24 20:57:06.317613][UC][I] [HIXL_WORKER_PERF] task_id=37 queue_depth=1 enqueue_lock_wait_us=0 enqueue_us=0 queue_wait_us=4 execute_us=16 result_post_us=3 total_us=23 status=0 [21272,21285][hixl_instance.cpp:107,Run]
[2026-08-24 20:57:06.317620][UC][I] [QUERY_PERF] component=ucm layer=hixl_instance request=0x1 queue_wait_us=5 backend_us=16 run_post_us=11 total_us=32 api_status=0 transfer_status=0 [21272,21285][hixl_instance.cpp:370,GetTransferStatus]
[2026-08-24 20:57:06.317623][UC][I] [QUERY_PERF] component=ucm layer=hixl_transport handle=1 request=0x1 lifecycle_lock_us=0 pending_lock_wait_us=0 pending_lookup_us=0 instance_us=35 erase_us=0 total_us=35 transfer_status=0 [21272,21285][hixl_transport.cpp:734,GetStatus]
[2026-08-24 20:57:06.317627][UC][I] [QUERY_PERF] component=ucm layer=transport_manager handle=1 transport_handle=1 transfers_lock_wait_us=0 lookup_us=0 transport_us=39 total_us=39 api_status=0 transfer_status=0 [21272,21285][transport_manager.cpp:716,GetStatus]
[HIXL_QUERY_PERF] layer=comm_channel request=0x1 mutex_wait_us=0 check_us=0 lookup_us=0 flag_check_us=0 complete_us=0 total_us=0 transfer_status=0
[HIXL_QUERY_PERF] layer=adxl_inner request=0x1 context_us=0 req_lock_wait_us=0 lookup_us=1 channel_us=7 cleanup_us=0 total_us=8 status=0 transfer_status=0
[HIXL_QUERY_PERF] layer=comm_engine request=0x1 total_us=12 status=0 transfer_status=0
[2026-08-24 20:57:06.317662][UC][I] [HIXL_WORKER_PERF] task_id=38 queue_depth=1 enqueue_lock_wait_us=0 enqueue_us=0 queue_wait_us=4 execute_us=17 result_post_us=4 total_us=25 status=0 [21272,21285][hixl_instance.cpp:107,Run]
[2026-08-24 20:57:06.317667][UC][I] [QUERY_PERF] component=ucm layer=hixl_instance request=0x1 queue_wait_us=4 backend_us=17 run_post_us=9 total_us=30 api_status=0 transfer_status=0 [21272,21285][hixl_instance.cpp:370,GetTransferStatus]
[2026-08-24 20:57:06.317670][UC][I] [QUERY_PERF] component=ucm layer=hixl_transport handle=1 request=0x1 lifecycle_lock_us=0 pending_lock_wait_us=0 pending_lookup_us=0 instance_us=33 erase_us=0 total_us=33 transfer_status=0 [21272,21285][hixl_transport.cpp:734,GetStatus]
[2026-08-24 20:57:06.317675][UC][I] [QUERY_PERF] component=ucm layer=transport_manager handle=1 transport_handle=1 transfers_lock_wait_us=0 lookup_us=1 transport_us=38 total_us=39 api_status=0 transfer_status=0 [21272,21285][transport_manager.cpp:716,GetStatus]
[HIXL_QUERY_PERF] layer=comm_channel request=0x1 mutex_wait_us=0 check_us=0 lookup_us=0 flag_check_us=0 complete_us=0 total_us=0 transfer_status=0
[HIXL_QUERY_PERF] layer=adxl_inner request=0x1 context_us=1 req_lock_wait_us=0 lookup_us=0 channel_us=4 cleanup_us=0 total_us=5 status=0 transfer_status=0
[HIXL_QUERY_PERF] layer=comm_engine request=0x1 total_us=9 status=0 transfer_status=0
[2026-08-24 20:57:06.317706][UC][I] [HIXL_WORKER_PERF] task_id=39 queue_depth=1 enqueue_lock_wait_us=1 enqueue_us=0 queue_wait_us=3 execute_us=20 result_post_us=3 total_us=27 status=0 [21272,21285][hixl_instance.cpp:107,Run]
[2026-08-24 20:57:06.317714][UC][I] [QUERY_PERF] component=ucm layer=hixl_instance request=0x1 queue_wait_us=4 backend_us=20 run_post_us=12 total_us=36 api_status=0 transfer_status=0 [21272,21285][hixl_instance.cpp:370,GetTransferStatus]
[2026-08-24 20:57:06.317717][UC][I] [QUERY_PERF] component=ucm layer=hixl_transport handle=1 request=0x1 lifecycle_lock_us=0 pending_lock_wait_us=0 pending_lookup_us=0 instance_us=39 erase_us=0 total_us=39 transfer_status=0 [21272,21285][hixl_transport.cpp:734,GetStatus]
[2026-08-24 20:57:06.317720][UC][I] [QUERY_PERF] component=ucm layer=transport_manager handle=1 transport_handle=1 transfers_lock_wait_us=0 lookup_us=0 transport_us=41 total_us=41 api_status=0 transfer_status=0 [21272,21285][transport_manager.cpp:716,GetStatus]
[HIXL_QUERY_PERF] layer=comm_channel request=0x1 mutex_wait_us=0 check_us=0 lookup_us=0 flag_check_us=0 complete_us=0 total_us=0 transfer_status=0
[HIXL_QUERY_PERF] layer=adxl_inner request=0x1 context_us=0 req_lock_wait_us=0 lookup_us=1 channel_us=5 cleanup_us=0 total_us=6 status=0 transfer_status=0
[HIXL_QUERY_PERF] layer=comm_engine request=0x1 total_us=10 status=0 transfer_status=0
[2026-08-24 20:57:06.317745][UC][I] [HIXL_WORKER_PERF] task_id=40 queue_depth=1 enqueue_lock_wait_us=0 enqueue_us=0 queue_wait_us=3 execute_us=15 result_post_us=3 total_us=21 status=0 [21272,21285][hixl_instance.cpp:107,Run]
[2026-08-24 20:57:06.317754][UC][I] [QUERY_PERF] component=ucm layer=hixl_instance request=0x1 queue_wait_us=4 backend_us=14 run_post_us=12 total_us=30 api_status=0 transfer_status=0 [21272,21285][hixl_instance.cpp:370,GetTransferStatus]
[2026-08-24 20:57:06.317757][UC][I] [QUERY_PERF] component=ucm layer=hixl_transport handle=1 request=0x1 lifecycle_lock_us=0 pending_lock_wait_us=0 pending_lookup_us=0 instance_us=34 erase_us=0 total_us=34 transfer_status=0 [21272,21285][hixl_transport.cpp:734,GetStatus]
[2026-08-24 20:57:06.317760][UC][I] [QUERY_PERF] component=ucm layer=transport_manager handle=1 transport_handle=1 transfers_lock_wait_us=0 lookup_us=0 transport_us=38 total_us=38 api_status=0 transfer_status=0 [21272,21285][transport_manager.cpp:716,GetStatus]
[HIXL_QUERY_PERF] layer=comm_channel request=0x1 mutex_wait_us=0 check_us=0 lookup_us=1 flag_check_us=0 complete_us=0 total_us=1 transfer_status=0
[HIXL_QUERY_PERF] layer=adxl_inner request=0x1 context_us=1 req_lock_wait_us=0 lookup_us=0 channel_us=6 cleanup_us=0 total_us=7 status=0 transfer_status=0
[HIXL_QUERY_PERF] layer=comm_engine request=0x1 total_us=10 status=0 transfer_status=0
[2026-08-24 20:57:06.317787][UC][I] [HIXL_WORKER_PERF] task_id=41 queue_depth=1 enqueue_lock_wait_us=1 enqueue_us=0 queue_wait_us=3 execute_us=16 result_post_us=3 total_us=23 status=0 [21272,21285][hixl_instance.cpp:107,Run]
[2026-08-24 20:57:06.317794][UC][I] [QUERY_PERF] component=ucm layer=hixl_instance request=0x1 queue_wait_us=4 backend_us=16 run_post_us=10 total_us=30 api_status=0 transfer_status=0 [21272,21285][hixl_instance.cpp:370,GetTransferStatus]
[2026-08-24 20:57:06.317798][UC][I] [QUERY_PERF] component=ucm layer=hixl_transport handle=1 request=0x1 lifecycle_lock_us=0 pending_lock_wait_us=0 pending_lookup_us=0 instance_us=34 erase_us=0 total_us=34 transfer_status=0 [21272,21285][hixl_transport.cpp:734,GetStatus]
[2026-08-24 20:57:06.317800][UC][I] [QUERY_PERF] component=ucm layer=transport_manager handle=1 transport_handle=1 transfers_lock_wait_us=0 lookup_us=0 transport_us=36 total_us=36 api_status=0 transfer_status=0 [21272,21285][transport_manager.cpp:716,GetStatus]
[HIXL_QUERY_PERF] layer=comm_channel request=0x1 mutex_wait_us=0 check_us=0 lookup_us=0 flag_check_us=0 complete_us=0 total_us=0 transfer_status=0
[HIXL_QUERY_PERF] layer=adxl_inner request=0x1 context_us=1 req_lock_wait_us=0 lookup_us=0 channel_us=5 cleanup_us=0 total_us=6 status=0 transfer_status=0
[HIXL_QUERY_PERF] layer=comm_engine request=0x1 total_us=9 status=0 transfer_status=0
[2026-08-24 20:57:06.317833][UC][I] [HIXL_WORKER_PERF] task_id=42 queue_depth=1 enqueue_lock_wait_us=0 enqueue_us=0 queue_wait_us=4 execute_us=13 result_post_us=4 total_us=21 status=0 [21272,21285][hixl_instance.cpp:107,Run]
[2026-08-24 20:57:06.317838][UC][I] [QUERY_PERF] component=ucm layer=hixl_instance request=0x1 queue_wait_us=4 backend_us=13 run_post_us=9 total_us=26 api_status=0 transfer_status=0 [21272,21285][hixl_instance.cpp:370,GetTransferStatus]
[2026-08-24 20:57:06.317841][UC][I] [QUERY_PERF] component=ucm layer=hixl_transport handle=1 request=0x1 lifecycle_lock_us=0 pending_lock_wait_us=0 pending_lookup_us=0 instance_us=28 erase_us=0 total_us=28 transfer_status=0 [21272,21285][hixl_transport.cpp:734,GetStatus]
[2026-08-24 20:57:06.317843][UC][I] [QUERY_PERF] component=ucm layer=transport_manager handle=1 transport_handle=1 transfers_lock_wait_us=0 lookup_us=0 transport_us=31 total_us=31 api_status=0 transfer_status=0 [21272,21285][transport_manager.cpp:716,GetStatus]
[HIXL_QUERY_PERF] layer=comm_channel request=0x1 mutex_wait_us=0 check_us=0 lookup_us=0 flag_check_us=0 complete_us=0 total_us=0 transfer_status=0
[HIXL_QUERY_PERF] layer=adxl_inner request=0x1 context_us=0 req_lock_wait_us=0 lookup_us=1 channel_us=4 cleanup_us=0 total_us=5 status=0 transfer_status=0
[HIXL_QUERY_PERF] layer=comm_engine request=0x1 total_us=7 status=0 transfer_status=0
[2026-08-24 20:57:06.317863][UC][I] [HIXL_WORKER_PERF] task_id=43 queue_depth=1 enqueue_lock_wait_us=0 enqueue_us=0 queue_wait_us=4 execute_us=8 result_post_us=4 total_us=16 status=0 [21272,21285][hixl_instance.cpp:107,Run]
[2026-08-24 20:57:06.317869][UC][I] [QUERY_PERF] component=ucm layer=hixl_instance request=0x1 queue_wait_us=4 backend_us=8 run_post_us=10 total_us=22 api_status=0 transfer_status=0 [21272,21285][hixl_instance.cpp:370,GetTransferStatus]
[2026-08-24 20:57:06.317873][UC][I] [QUERY_PERF] component=ucm layer=hixl_transport handle=1 request=0x1 lifecycle_lock_us=0 pending_lock_wait_us=0 pending_lookup_us=0 instance_us=25 erase_us=0 total_us=25 transfer_status=0 [21272,21285][hixl_transport.cpp:734,GetStatus]
[2026-08-24 20:57:06.317877][UC][I] [QUERY_PERF] component=ucm layer=transport_manager handle=1 transport_handle=1 transfers_lock_wait_us=0 lookup_us=0 transport_us=31 total_us=31 api_status=0 transfer_status=0 [21272,21285][transport_manager.cpp:716,GetStatus]
[HIXL_QUERY_PERF] layer=comm_channel request=0x1 mutex_wait_us=0 check_us=0 lookup_us=0 flag_check_us=1 complete_us=0 total_us=1 transfer_status=0
[HIXL_QUERY_PERF] layer=adxl_inner request=0x1 context_us=1 req_lock_wait_us=0 lookup_us=0 channel_us=6 cleanup_us=0 total_us=7 status=0 transfer_status=0
[HIXL_QUERY_PERF] layer=comm_engine request=0x1 total_us=9 status=0 transfer_status=0
[2026-08-24 20:57:06.317903][UC][I] [HIXL_WORKER_PERF] task_id=44 queue_depth=1 enqueue_lock_wait_us=1 enqueue_us=0 queue_wait_us=3 execute_us=11 result_post_us=3 total_us=18 status=0 [21272,21285][hixl_instance.cpp:107,Run]
[2026-08-24 20:57:06.317909][UC][I] [QUERY_PERF] component=ucm layer=hixl_instance request=0x1 queue_wait_us=4 backend_us=11 run_post_us=8 total_us=23 api_status=0 transfer_status=0 [21272,21285][hixl_instance.cpp:370,GetTransferStatus]
[2026-08-24 20:57:06.317913][UC][I] [QUERY_PERF] component=ucm layer=hixl_transport handle=1 request=0x1 lifecycle_lock_us=0 pending_lock_wait_us=0 pending_lookup_us=0 instance_us=28 erase_us=0 total_us=28 transfer_status=0 [21272,21285][hixl_transport.cpp:734,GetStatus]
[2026-08-24 20:57:06.317918][UC][I] [QUERY_PERF] component=ucm layer=transport_manager handle=1 transport_handle=1 transfers_lock_wait_us=0 lookup_us=0 transport_us=33 total_us=33 api_status=0 transfer_status=0 [21272,21285][transport_manager.cpp:716,GetStatus]
[HIXL_QUERY_PERF] layer=comm_channel request=0x1 mutex_wait_us=0 check_us=0 lookup_us=0 flag_check_us=0 complete_us=0 total_us=0 transfer_status=0
[HIXL_QUERY_PERF] layer=adxl_inner request=0x1 context_us=1 req_lock_wait_us=0 lookup_us=0 channel_us=5 cleanup_us=0 total_us=6 status=0 transfer_status=0
[HIXL_QUERY_PERF] layer=comm_engine request=0x1 total_us=12 status=0 transfer_status=0
[2026-08-24 20:57:06.317950][UC][I] [HIXL_WORKER_PERF] task_id=45 queue_depth=1 enqueue_lock_wait_us=0 enqueue_us=1 queue_wait_us=3 execute_us=14 result_post_us=4 total_us=22 status=0 [21272,21285][hixl_instance.cpp:107,Run]
[2026-08-24 20:57:06.317956][UC][I] [QUERY_PERF] component=ucm layer=hixl_instance request=0x1 queue_wait_us=4 backend_us=14 run_post_us=10 total_us=28 api_status=0 transfer_status=0 [21272,21285][hixl_instance.cpp:370,GetTransferStatus]
[2026-08-24 20:57:06.317962][UC][I] [QUERY_PERF] component=ucm layer=hixl_transport handle=1 request=0x1 lifecycle_lock_us=0 pending_lock_wait_us=0 pending_lookup_us=0 instance_us=34 erase_us=0 total_us=34 transfer_status=0 [21272,21285][hixl_transport.cpp:734,GetStatus]
[2026-08-24 20:57:06.317968][UC][I] [QUERY_PERF] component=ucm layer=transport_manager handle=1 transport_handle=1 transfers_lock_wait_us=0 lookup_us=0 transport_us=39 total_us=39 api_status=0 transfer_status=0 [21272,21285][transport_manager.cpp:716,GetStatus]
[HIXL_QUERY_PERF] layer=comm_channel request=0x1 mutex_wait_us=0 check_us=0 lookup_us=0 flag_check_us=0 complete_us=0 total_us=0 transfer_status=0
[HIXL_QUERY_PERF] layer=adxl_inner request=0x1 context_us=0 req_lock_wait_us=0 lookup_us=1 channel_us=6 cleanup_us=0 total_us=7 status=0 transfer_status=0
[HIXL_QUERY_PERF] layer=comm_engine request=0x1 total_us=9 status=0 transfer_status=0
[2026-08-24 20:57:06.317993][UC][I] [HIXL_WORKER_PERF] task_id=46 queue_depth=1 enqueue_lock_wait_us=0 enqueue_us=0 queue_wait_us=4 execute_us=11 result_post_us=3 total_us=18 status=0 [21272,21285][hixl_instance.cpp:107,Run]
[2026-08-24 20:57:06.318005][UC][I] [QUERY_PERF] component=ucm layer=hixl_instance request=0x1 queue_wait_us=4 backend_us=11 run_post_us=15 total_us=30 api_status=0 transfer_status=0 [21272,21285][hixl_instance.cpp:370,GetTransferStatus]
[2026-08-24 20:57:06.318010][UC][I] [QUERY_PERF] component=ucm layer=hixl_transport handle=1 request=0x1 lifecycle_lock_us=0 pending_lock_wait_us=0 pending_lookup_us=0 instance_us=35 erase_us=0 total_us=35 transfer_status=0 [21272,21285][hixl_transport.cpp:734,GetStatus]
[2026-08-24 20:57:06.318018][UC][I] [QUERY_PERF] component=ucm layer=transport_manager handle=1 transport_handle=1 transfers_lock_wait_us=1 lookup_us=0 transport_us=43 total_us=44 api_status=0 transfer_status=0 [21272,21285][transport_manager.cpp:716,GetStatus]
[HIXL_QUERY_PERF] layer=comm_channel request=0x1 mutex_wait_us=0 check_us=0 lookup_us=0 flag_check_us=0 complete_us=0 total_us=0 transfer_status=0
[HIXL_QUERY_PERF] layer=adxl_inner request=0x1 context_us=0 req_lock_wait_us=0 lookup_us=1 channel_us=3 cleanup_us=0 total_us=4 status=0 transfer_status=0
[HIXL_QUERY_PERF] layer=comm_engine request=0x1 total_us=6 status=0 transfer_status=0
[2026-08-24 20:57:06.318040][UC][I] [HIXL_WORKER_PERF] task_id=47 queue_depth=1 enqueue_lock_wait_us=0 enqueue_us=0 queue_wait_us=4 execute_us=8 result_post_us=3 total_us=15 status=0 [21272,21285][hixl_instance.cpp:107,Run]
[2026-08-24 20:57:06.318046][UC][I] [QUERY_PERF] component=ucm layer=hixl_instance request=0x1 queue_wait_us=4 backend_us=8 run_post_us=9 total_us=21 api_status=0 transfer_status=0 [21272,21285][hixl_instance.cpp:370,GetTransferStatus]
[2026-08-24 20:57:06.318051][UC][I] [QUERY_PERF] component=ucm layer=hixl_transport handle=1 request=0x1 lifecycle_lock_us=0 pending_lock_wait_us=0 pending_lookup_us=0 instance_us=26 erase_us=0 total_us=26 transfer_status=0 [21272,21285][hixl_transport.cpp:734,GetStatus]
[2026-08-24 20:57:06.318058][UC][I] [QUERY_PERF] component=ucm layer=transport_manager handle=1 transport_handle=1 transfers_lock_wait_us=0 lookup_us=1 transport_us=33 total_us=34 api_status=0 transfer_status=0 [21272,21285][transport_manager.cpp:716,GetStatus]
[HIXL_QUERY_PERF] layer=comm_channel request=0x1 mutex_wait_us=1 check_us=0 lookup_us=0 flag_check_us=0 complete_us=0 total_us=1 transfer_status=0
[HIXL_QUERY_PERF] layer=adxl_inner request=0x1 context_us=0 req_lock_wait_us=0 lookup_us=0 channel_us=6 cleanup_us=0 total_us=6 status=0 transfer_status=0
[HIXL_QUERY_PERF] layer=comm_engine request=0x1 total_us=14 status=0 transfer_status=0
[2026-08-24 20:57:06.318090][UC][I] [HIXL_WORKER_PERF] task_id=48 queue_depth=1 enqueue_lock_wait_us=0 enqueue_us=0 queue_wait_us=3 execute_us=18 result_post_us=3 total_us=24 status=0 [21272,21285][hixl_instance.cpp:107,Run]
[2026-08-24 20:57:06.318099][UC][I] [QUERY_PERF] component=ucm layer=hixl_instance request=0x1 queue_wait_us=3 backend_us=18 run_post_us=13 total_us=34 api_status=0 transfer_status=0 [21272,21285][hixl_instance.cpp:370,GetTransferStatus]
[2026-08-24 20:57:06.318105][UC][I] [QUERY_PERF] component=ucm layer=hixl_transport handle=1 request=0x1 lifecycle_lock_us=0 pending_lock_wait_us=0 pending_lookup_us=1 instance_us=40 erase_us=0 total_us=41 transfer_status=0 [21272,21285][hixl_transport.cpp:734,GetStatus]
[2026-08-24 20:57:06.318111][UC][I] [QUERY_PERF] component=ucm layer=transport_manager handle=1 transport_handle=1 transfers_lock_wait_us=0 lookup_us=0 transport_us=46 total_us=46 api_status=0 transfer_status=0 [21272,21285][transport_manager.cpp:716,GetStatus]
[HIXL_QUERY_PERF] layer=comm_channel request=0x1 mutex_wait_us=0 check_us=0 lookup_us=1 flag_check_us=0 complete_us=0 total_us=1 transfer_status=0
[HIXL_QUERY_PERF] layer=adxl_inner request=0x1 context_us=1 req_lock_wait_us=0 lookup_us=0 channel_us=4 cleanup_us=0 total_us=5 status=0 transfer_status=0
[HIXL_QUERY_PERF] layer=comm_engine request=0x1 total_us=7 status=0 transfer_status=0
[2026-08-24 20:57:06.318131][UC][I] [HIXL_WORKER_PERF] task_id=49 queue_depth=1 enqueue_lock_wait_us=1 enqueue_us=0 queue_wait_us=3 execute_us=10 result_post_us=3 total_us=17 status=0 [21272,21285][hixl_instance.cpp:107,Run]
[2026-08-24 20:57:06.318139][UC][I] [QUERY_PERF] component=ucm layer=hixl_instance request=0x1 queue_wait_us=4 backend_us=10 run_post_us=11 total_us=25 api_status=0 transfer_status=0 [21272,21285][hixl_instance.cpp:370,GetTransferStatus]
[2026-08-24 20:57:06.318147][UC][I] [QUERY_PERF] component=ucm layer=hixl_transport handle=1 request=0x1 lifecycle_lock_us=0 pending_lock_wait_us=0 pending_lookup_us=0 instance_us=33 erase_us=0 total_us=33 transfer_status=0 [21272,21285][hixl_transport.cpp:734,GetStatus]
[2026-08-24 20:57:06.318153][UC][I] [QUERY_PERF] component=ucm layer=transport_manager handle=1 transport_handle=1 transfers_lock_wait_us=0 lookup_us=0 transport_us=39 total_us=39 api_status=0 transfer_status=0 [21272,21285][transport_manager.cpp:716,GetStatus]
[HIXL_QUERY_PERF] layer=comm_channel request=0x1 mutex_wait_us=0 check_us=0 lookup_us=0 flag_check_us=0 complete_us=0 total_us=0 transfer_status=0
[HIXL_QUERY_PERF] layer=adxl_inner request=0x1 context_us=0 req_lock_wait_us=0 lookup_us=1 channel_us=3 cleanup_us=0 total_us=4 status=0 transfer_status=0
[HIXL_QUERY_PERF] layer=comm_engine request=0x1 total_us=6 status=0 transfer_status=0
[2026-08-24 20:57:06.318175][UC][I] [HIXL_WORKER_PERF] task_id=50 queue_depth=1 enqueue_lock_wait_us=1 enqueue_us=0 queue_wait_us=3 execute_us=9 result_post_us=3 total_us=16 status=0 [21272,21285][hixl_instance.cpp:107,Run]
[2026-08-24 20:57:06.318185][UC][I] [QUERY_PERF] component=ucm layer=hixl_instance request=0x1 queue_wait_us=4 backend_us=9 run_post_us=14 total_us=27 api_status=0 transfer_status=0 [21272,21285][hixl_instance.cpp:370,GetTransferStatus]
[2026-08-24 20:57:06.318189][UC][I] [QUERY_PERF] component=ucm layer=hixl_transport handle=1 request=0x1 lifecycle_lock_us=0 pending_lock_wait_us=0 pending_lookup_us=0 instance_us=30 erase_us=0 total_us=30 transfer_status=0 [21272,21285][hixl_transport.cpp:734,GetStatus]
[2026-08-24 20:57:06.318195][UC][I] [QUERY_PERF] component=ucm layer=transport_manager handle=1 transport_handle=1 transfers_lock_wait_us=0 lookup_us=0 transport_us=37 total_us=37 api_status=0 transfer_status=0 [21272,21285][transport_manager.cpp:716,GetStatus]
[HIXL_QUERY_PERF] layer=comm_channel request=0x1 mutex_wait_us=0 check_us=0 lookup_us=0 flag_check_us=0 complete_us=9 total_us=9 transfer_status=1
[HIXL_QUERY_PERF] layer=adxl_inner request=0x1 context_us=1 req_lock_wait_us=0 lookup_us=0 channel_us=15 cleanup_us=1 total_us=17 status=0 transfer_status=1
[HIXL_QUERY_PERF] layer=comm_engine request=0x1 total_us=29 status=0 transfer_status=1
[2026-08-24 20:57:06.318245][UC][I] [HIXL_WORKER_PERF] task_id=51 queue_depth=1 enqueue_lock_wait_us=0 enqueue_us=0 queue_wait_us=4 execute_us=33 result_post_us=4 total_us=41 status=0 [21272,21285][hixl_instance.cpp:107,Run]
[2026-08-24 20:57:06.318252][UC][I] [QUERY_PERF] component=ucm layer=hixl_instance request=0x1 queue_wait_us=4 backend_us=33 run_post_us=12 total_us=49 api_status=0 transfer_status=1 [21272,21285][hixl_instance.cpp:370,GetTransferStatus]
[2026-08-24 20:57:06.318260][UC][I] [QUERY_PERF] component=ucm layer=hixl_transport handle=1 request=0x1 lifecycle_lock_us=0 pending_lock_wait_us=0 pending_lookup_us=0 instance_us=56 erase_us=0 total_us=56 transfer_status=1 [21272,21285][hixl_transport.cpp:734,GetStatus]
[2026-08-24 20:57:06.318269][UC][I] [QUERY_PERF] component=ucm layer=transport_manager handle=1 transport_handle=1 transfers_lock_wait_us=0 lookup_us=0 transport_us=65 total_us=65 api_status=0 transfer_status=1 [21272,21285][transport_manager.cpp:716,GetStatus]
[2026-08-24 20:57:06.318276][UC][I] [PERF] component=transport event=transfer_done manager=127.0.0.1:8000 target=127.0.0.1:4500 handle=1 transport_handle=1 opcode=1 direct=2 segments=1 bytes=10 status=1 api_status=0 submitted_ts_us=1787576226316522 completed_ts_us=1787576226318275 manager_get_status_ts_us=1787576226318202 backend_query_ts_us=1787576226318207 submit_us=2093 transfer_us=1753 manager_to_backend_query_us=4 total_us=3846 [21272,21285][transport_manager.cpp:727,GetStatus]
[2026-08-24 20:57:06.318287][UC][I] [PERF] component=drampool event=request_done request_id=1 opcode=0 peer=127.0.0.1:4500 batch_size=2 data_bytes=0 failed_items=0 status=SUCCESS failed_stage=NONE received_ts_us=1787576226314228 worker_started_ts_us=1787576226314264 data_transfer_submitted_ts_us=0 data_transfer_completed_ts_us=0 response_submitted_ts_us=1787576226316532 completed_ts_us=1787576226318284 data_tm_execute_async_ts_us=0 data_hixl_execute_async_ts_us=0 data_tm_get_status_ts_us=0 data_hixl_query_handle_ts_us=0 response_tm_execute_async_ts_us=1787576226314424 response_hixl_execute_async_ts_us=1787576226314458 response_tm_get_status_ts_us=1787576226318202 response_hixl_query_handle_ts_us=1787576226318207 request_queue_us=36 metadata_prepare_us=1 taskworker_prepare_us=6 poller_queue_us=144 data_transfer_us=0 metadata_settle_us=0 response_slot_wait_us=148 response_submit_us=2115 response_transfer_us=1750 data_tm_to_hixl_execute_async_us=0 data_tm_to_hixl_query_handle_us=0 response_tm_to_hixl_execute_async_us=34 response_tm_to_hixl_query_handle_us=4 total_us=4056 [21272,21285][completion_poller.cc:56,LogRequestDone]
[HIXL_PERF] event=hccl_batch op=1 desc_num=1 hccl_us=106 status=0
[HIXL_PERF] event=issue_hccl_batch op=1 list_num=1 total_us=123
[HIXL_PERF] event=issue_async_host_flag op=1 list_num=1 context_us=0 hccl_issue_us=126 flag_memcpy_us=8 total_us=134
[HIXL_PERF] event=comm_channel_async op=1 list_num=1 mutex_wait_us=0 slot_us=0 host_flag_us=0 record_us=1 issue_us=139 total_us=140
[HIXL_PERF] event=adxl_inner_async op=1 list_num=1 context_us=1 connect_us=0 get_channel_us=0 channel_async_us=144 tail_us=0 total_us=145
[HIXL_PERF] event=comm_engine_async op=1 list_num=1 desc_build_us=0 inner_us=149 total_us=149 status=0
[2026-08-24 20:57:06.319984][UC][I] [HIXL_WORKER_PERF] task_id=52 queue_depth=1 enqueue_lock_wait_us=0 enqueue_us=0 queue_wait_us=4 execute_us=154 result_post_us=5 total_us=163 status=0 [21272,21285][hixl_instance.cpp:107,Run]
[2026-08-24 20:57:06.319992][UC][I] [PERF] component=transport event=transfer_submitted manager=127.0.0.1:8000 target=127.0.0.1:4500 handle=2 transport_handle=2 opcode=1 direct=2 segments=1 bytes=10 submitted_ts_us=1787576226319991 manager_execute_async_ts_us=1787576226319817 backend_execute_async_ts_us=1787576226319824 manager_to_backend_execute_async_us=7 submit_us=172 [21272,21285][transport_manager.cpp:674,ExecuteAsync]
[HIXL_QUERY_PERF] layer=comm_channel request=0x2 mutex_wait_us=0 check_us=0 lookup_us=1 flag_check_us=0 complete_us=2 total_us=3 transfer_status=1
[HIXL_QUERY_PERF] layer=adxl_inner request=0x2 context_us=0 req_lock_wait_us=0 lookup_us=1 channel_us=9 cleanup_us=0 total_us=10 status=0 transfer_status=1
[HIXL_QUERY_PERF] layer=comm_engine request=0x2 total_us=16 status=0 transfer_status=1
[2026-08-24 20:57:06.320044][UC][I] [HIXL_WORKER_PERF] task_id=53 queue_depth=1 enqueue_lock_wait_us=1 enqueue_us=0 queue_wait_us=4 execute_us=22 result_post_us=4 total_us=31 status=0 [21272,21285][hixl_instance.cpp:107,Run]
[2026-08-24 20:57:06.320050][UC][I] [QUERY_PERF] component=ucm layer=hixl_instance request=0x2 queue_wait_us=5 backend_us=22 run_post_us=10 total_us=37 api_status=0 transfer_status=1 [21272,21285][hixl_instance.cpp:370,GetTransferStatus]
[2026-08-24 20:57:06.320054][UC][I] [QUERY_PERF] component=ucm layer=hixl_transport handle=2 request=0x2 lifecycle_lock_us=0 pending_lock_wait_us=0 pending_lookup_us=0 instance_us=40 erase_us=1 total_us=41 transfer_status=1 [21272,21285][hixl_transport.cpp:734,GetStatus]
[2026-08-24 20:57:06.320058][UC][I] [QUERY_PERF] component=ucm layer=transport_manager handle=2 transport_handle=2 transfers_lock_wait_us=0 lookup_us=0 transport_us=45 total_us=45 api_status=0 transfer_status=1 [21272,21285][transport_manager.cpp:716,GetStatus]
[2026-08-24 20:57:06.320064][UC][I] [PERF] component=transport event=transfer_done manager=127.0.0.1:8000 target=127.0.0.1:4500 handle=2 transport_handle=2 opcode=1 direct=2 segments=1 bytes=10 status=1 api_status=0 submitted_ts_us=1787576226319991 completed_ts_us=1787576226320063 manager_get_status_ts_us=1787576226320012 backend_query_ts_us=1787576226320018 submit_us=172 transfer_us=72 manager_to_backend_query_us=5 total_us=244 [21272,21285][transport_manager.cpp:727,GetStatus]
[2026-08-24 20:57:06.320073][UC][I] [PERF] component=drampool event=request_done request_id=2 opcode=0 peer=127.0.0.1:4500 batch_size=2 data_bytes=0 failed_items=0 status=SUCCESS failed_stage=NONE received_ts_us=1787576226319602 worker_started_ts_us=1787576226319747 data_transfer_submitted_ts_us=0 data_transfer_completed_ts_us=0 response_submitted_ts_us=1787576226320011 completed_ts_us=1787576226320071 data_tm_execute_async_ts_us=0 data_hixl_execute_async_ts_us=0 data_tm_get_status_ts_us=0 data_hixl_query_handle_ts_us=0 response_tm_execute_async_ts_us=1787576226319817 response_hixl_execute_async_ts_us=1787576226319824 response_tm_get_status_ts_us=1787576226320012 response_hixl_query_handle_ts_us=1787576226320018 request_queue_us=144 metadata_prepare_us=0 taskworker_prepare_us=2 poller_queue_us=66 data_transfer_us=0 metadata_settle_us=0 response_slot_wait_us=68 response_submit_us=196 response_transfer_us=58 data_tm_to_hixl_execute_async_us=0 data_tm_to_hixl_query_handle_us=0 response_tm_to_hixl_execute_async_us=7 response_tm_to_hixl_query_handle_us=5 total_us=468 [21272,21285][completion_poller.cc:56,LogRequestDone]
[HIXL_PERF] event=hccl_batch op=0 desc_num=108 hccl_us=631 status=0
[HIXL_PERF] event=issue_hccl_batch op=0 list_num=108 total_us=664
[HIXL_PERF] event=issue_async_host_flag op=0 list_num=108 context_us=0 hccl_issue_us=669 flag_memcpy_us=10 total_us=679
[HIXL_PERF] event=comm_channel_async op=0 list_num=108 mutex_wait_us=0 slot_us=1670 host_flag_us=7 record_us=1 issue_us=684 total_us=2362
[HIXL_PERF] event=adxl_inner_async op=0 list_num=108 context_us=4 connect_us=0 get_channel_us=2 channel_async_us=2366 tail_us=1 total_us=2373
[HIXL_PERF] event=comm_engine_async op=0 list_num=108 desc_build_us=1 inner_us=2376 total_us=2377 status=0
[2026-08-24 20:57:06.603821][UC][I] [HIXL_WORKER_PERF] task_id=54 queue_depth=1 enqueue_lock_wait_us=0 enqueue_us=1 queue_wait_us=11 execute_us=2396 result_post_us=9 total_us=2417 status=0 [21272,21286][hixl_instance.cpp:107,Run]
[2026-08-24 20:57:06.603845][UC][I] [PERF] component=transport event=transfer_submitted manager=127.0.0.1:8000 target=127.0.0.1:4501 handle=3 transport_handle=3 opcode=0 direct=2 segments=108 bytes=7962624 submitted_ts_us=1787576226603843 manager_execute_async_ts_us=1787576226601394 backend_execute_async_ts_us=1787576226601423 manager_to_backend_execute_async_us=30 submit_us=2446 [21272,21286][transport_manager.cpp:674,ExecuteAsync]
[HIXL_QUERY_PERF] layer=comm_channel request=0x3 mutex_wait_us=0 check_us=1 lookup_us=1 flag_check_us=0 complete_us=0 total_us=2 transfer_status=0
[HIXL_QUERY_PERF] layer=adxl_inner request=0x3 context_us=1 req_lock_wait_us=0 lookup_us=1 channel_us=8 cleanup_us=0 total_us=10 status=0 transfer_status=0
[HIXL_QUERY_PERF] layer=comm_engine request=0x3 total_us=14 status=0 transfer_status=0
[2026-08-24 20:57:06.603909][UC][I] [HIXL_WORKER_PERF] task_id=55 queue_depth=1 enqueue_lock_wait_us=0 enqueue_us=0 queue_wait_us=9 execute_us=19 result_post_us=5 total_us=33 status=0 [21272,21285][hixl_instance.cpp:107,Run]
[2026-08-24 20:57:06.603915][UC][I] [QUERY_PERF] component=ucm layer=hixl_instance request=0x3 queue_wait_us=9 backend_us=19 run_post_us=11 total_us=39 api_status=0 transfer_status=0 [21272,21285][hixl_instance.cpp:370,GetTransferStatus]
[2026-08-24 20:57:06.603919][UC][I] [QUERY_PERF] component=ucm layer=hixl_transport handle=3 request=0x3 lifecycle_lock_us=0 pending_lock_wait_us=0 pending_lookup_us=1 instance_us=43 erase_us=0 total_us=44 transfer_status=0 [21272,21285][hixl_transport.cpp:734,GetStatus]
[2026-08-24 20:57:06.603922][UC][I] [QUERY_PERF] component=ucm layer=transport_manager handle=3 transport_handle=3 transfers_lock_wait_us=0 lookup_us=0 transport_us=48 total_us=48 api_status=0 transfer_status=0 [21272,21285][transport_manager.cpp:716,GetStatus]
[HIXL_QUERY_PERF] layer=comm_channel request=0x3 mutex_wait_us=0 check_us=0 lookup_us=0 flag_check_us=0 complete_us=0 total_us=0 transfer_status=0
[HIXL_QUERY_PERF] layer=adxl_inner request=0x3 context_us=1 req_lock_wait_us=0 lookup_us=0 channel_us=5 cleanup_us=0 total_us=6 status=0 transfer_status=0
[HIXL_QUERY_PERF] layer=comm_engine request=0x3 total_us=8 status=0 transfer_status=0
[2026-08-24 20:57:06.603957][UC][I] [HIXL_WORKER_PERF] task_id=56 queue_depth=1 enqueue_lock_wait_us=0 enqueue_us=0 queue_wait_us=5 execute_us=14 result_post_us=4 total_us=23 status=0 [21272,21285][hixl_instance.cpp:107,Run]
[2026-08-24 20:57:06.603963][UC][I] [QUERY_PERF] component=ucm layer=hixl_instance request=0x3 queue_wait_us=5 backend_us=14 run_post_us=10 total_us=29 api_status=0 transfer_status=0 [21272,21285][hixl_instance.cpp:370,GetTransferStatus]
[2026-08-24 20:57:06.603968][UC][I] [QUERY_PERF] component=ucm layer=hixl_transport handle=3 request=0x3 lifecycle_lock_us=0 pending_lock_wait_us=0 pending_lookup_us=0 instance_us=33 erase_us=0 total_us=33 transfer_status=0 [21272,21285][hixl_transport.cpp:734,GetStatus]
[2026-08-24 20:57:06.603973][UC][I] [QUERY_PERF] component=ucm layer=transport_manager handle=3 transport_handle=3 transfers_lock_wait_us=0 lookup_us=1 transport_us=38 total_us=39 api_status=0 transfer_status=0 [21272,21285][transport_manager.cpp:716,GetStatus]
[HIXL_QUERY_PERF] layer=comm_channel request=0x3 mutex_wait_us=0 check_us=0 lookup_us=0 flag_check_us=0 complete_us=0 total_us=0 transfer_status=0
[HIXL_QUERY_PERF] layer=adxl_inner request=0x3 context_us=1 req_lock_wait_us=0 lookup_us=0 channel_us=4 cleanup_us=0 total_us=5 status=0 transfer_status=0
[HIXL_QUERY_PERF] layer=comm_engine request=0x3 total_us=7 status=0 transfer_status=0
[2026-08-24 20:57:06.603995][UC][I] [HIXL_WORKER_PERF] task_id=57 queue_depth=1 enqueue_lock_wait_us=0 enqueue_us=0 queue_wait_us=5 execute_us=8 result_post_us=4 total_us=17 status=0 [21272,21285][hixl_instance.cpp:107,Run]
[2026-08-24 20:57:06.603999][UC][I] [QUERY_PERF] component=ucm layer=hixl_instance request=0x3 queue_wait_us=5 backend_us=8 run_post_us=9 total_us=22 api_status=0 transfer_status=0 [21272,21285][hixl_instance.cpp:370,GetTransferStatus]
[2026-08-24 20:57:06.604002][UC][I] [QUERY_PERF] component=ucm layer=hixl_transport handle=3 request=0x3 lifecycle_lock_us=0 pending_lock_wait_us=0 pending_lookup_us=0 instance_us=24 erase_us=0 total_us=24 transfer_status=0 [21272,21285][hixl_transport.cpp:734,GetStatus]
[2026-08-24 20:57:06.604007][UC][I] [QUERY_PERF] component=ucm layer=transport_manager handle=3 transport_handle=3 transfers_lock_wait_us=0 lookup_us=0 transport_us=29 total_us=29 api_status=0 transfer_status=0 [21272,21285][transport_manager.cpp:716,GetStatus]
[HIXL_QUERY_PERF] layer=comm_channel request=0x3 mutex_wait_us=0 check_us=0 lookup_us=0 flag_check_us=1 complete_us=0 total_us=1 transfer_status=0
[HIXL_QUERY_PERF] layer=adxl_inner request=0x3 context_us=1 req_lock_wait_us=0 lookup_us=0 channel_us=3 cleanup_us=0 total_us=4 status=0 transfer_status=0
[HIXL_QUERY_PERF] layer=comm_engine request=0x3 total_us=6 status=0 transfer_status=0
[2026-08-24 20:57:06.604026][UC][I] [HIXL_WORKER_PERF] task_id=58 queue_depth=1 enqueue_lock_wait_us=0 enqueue_us=0 queue_wait_us=4 execute_us=7 result_post_us=4 total_us=15 status=0 [21272,21285][hixl_instance.cpp:107,Run]
[2026-08-24 20:57:06.604030][UC][I] [QUERY_PERF] component=ucm layer=hixl_instance request=0x3 queue_wait_us=4 backend_us=7 run_post_us=8 total_us=19 api_status=0 transfer_status=0 [21272,21285][hixl_instance.cpp:370,GetTransferStatus]
[2026-08-24 20:57:06.604033][UC][I] [QUERY_PERF] component=ucm layer=hixl_transport handle=3 request=0x3 lifecycle_lock_us=0 pending_lock_wait_us=0 pending_lookup_us=0 instance_us=23 erase_us=0 total_us=23 transfer_status=0 [21272,21285][hixl_transport.cpp:734,GetStatus]
[2026-08-24 20:57:06.604036][UC][I] [QUERY_PERF] component=ucm layer=transport_manager handle=3 transport_handle=3 transfers_lock_wait_us=0 lookup_us=0 transport_us=26 total_us=26 api_status=0 transfer_status=0 [21272,21285][transport_manager.cpp:716,GetStatus]
[HIXL_QUERY_PERF] layer=comm_channel request=0x3 mutex_wait_us=0 check_us=0 lookup_us=0 flag_check_us=0 complete_us=0 total_us=0 transfer_status=0
[HIXL_QUERY_PERF] layer=adxl_inner request=0x3 context_us=1 req_lock_wait_us=0 lookup_us=0 channel_us=3 cleanup_us=0 total_us=4 status=0 transfer_status=0
[HIXL_QUERY_PERF] layer=comm_engine request=0x3 total_us=6 status=0 transfer_status=0
[2026-08-24 20:57:06.604055][UC][I] [HIXL_WORKER_PERF] task_id=59 queue_depth=1 enqueue_lock_wait_us=0 enqueue_us=0 queue_wait_us=4 execute_us=8 result_post_us=4 total_us=16 status=0 [21272,21285][hixl_instance.cpp:107,Run]
[2026-08-24 20:57:06.604059][UC][I] [QUERY_PERF] component=ucm layer=hixl_instance request=0x3 queue_wait_us=4 backend_us=8 run_post_us=8 total_us=20 api_status=0 transfer_status=0 [21272,21285][hixl_instance.cpp:370,GetTransferStatus]
[2026-08-24 20:57:06.604062][UC][I] [QUERY_PERF] component=ucm layer=hixl_transport handle=3 request=0x3 lifecycle_lock_us=0 pending_lock_wait_us=0 pending_lookup_us=0 instance_us=23 erase_us=0 total_us=23 transfer_status=0 [21272,21285][hixl_transport.cpp:734,GetStatus]
[2026-08-24 20:57:06.604065][UC][I] [QUERY_PERF] component=ucm layer=transport_manager handle=3 transport_handle=3 transfers_lock_wait_us=0 lookup_us=0 transport_us=26 total_us=26 api_status=0 transfer_status=0 [21272,21285][transport_manager.cpp:716,GetStatus]
[HIXL_QUERY_PERF] layer=comm_channel request=0x3 mutex_wait_us=0 check_us=0 lookup_us=0 flag_check_us=0 complete_us=0 total_us=0 transfer_status=0
[HIXL_QUERY_PERF] layer=adxl_inner request=0x3 context_us=1 req_lock_wait_us=0 lookup_us=0 channel_us=3 cleanup_us=0 total_us=4 status=0 transfer_status=0
[HIXL_QUERY_PERF] layer=comm_engine request=0x3 total_us=6 status=0 transfer_status=0
[2026-08-24 20:57:06.604087][UC][I] [HIXL_WORKER_PERF] task_id=60 queue_depth=1 enqueue_lock_wait_us=1 enqueue_us=0 queue_wait_us=4 execute_us=7 result_post_us=4 total_us=16 status=0 [21272,21285][hixl_instance.cpp:107,Run]
[2026-08-24 20:57:06.604091][UC][I] [QUERY_PERF] component=ucm layer=hixl_instance request=0x3 queue_wait_us=5 backend_us=7 run_post_us=8 total_us=20 api_status=0 transfer_status=0 [21272,21285][hixl_instance.cpp:370,GetTransferStatus]
[2026-08-24 20:57:06.604094][UC][I] [QUERY_PERF] component=ucm layer=hixl_transport handle=3 request=0x3 lifecycle_lock_us=0 pending_lock_wait_us=0 pending_lookup_us=0 instance_us=23 erase_us=0 total_us=23 transfer_status=0 [21272,21285][hixl_transport.cpp:734,GetStatus]
[2026-08-24 20:57:06.604099][UC][I] [QUERY_PERF] component=ucm layer=transport_manager handle=3 transport_handle=3 transfers_lock_wait_us=0 lookup_us=0 transport_us=27 total_us=27 api_status=0 transfer_status=0 [21272,21285][transport_manager.cpp:716,GetStatus]
[HIXL_QUERY_PERF] layer=comm_channel request=0x3 mutex_wait_us=0 check_us=0 lookup_us=0 flag_check_us=0 complete_us=0 total_us=0 transfer_status=0
[HIXL_QUERY_PERF] layer=adxl_inner request=0x3 context_us=0 req_lock_wait_us=0 lookup_us=1 channel_us=4 cleanup_us=0 total_us=5 status=0 transfer_status=0
[HIXL_QUERY_PERF] layer=comm_engine request=0x3 total_us=9 status=0 transfer_status=0
[2026-08-24 20:57:06.604121][UC][I] [HIXL_WORKER_PERF] task_id=61 queue_depth=1 enqueue_lock_wait_us=0 enqueue_us=0 queue_wait_us=3 execute_us=12 result_post_us=4 total_us=19 status=0 [21272,21285][hixl_instance.cpp:107,Run]
[2026-08-24 20:57:06.604125][UC][I] [QUERY_PERF] component=ucm layer=hixl_instance request=0x3 queue_wait_us=4 backend_us=12 run_post_us=7 total_us=23 api_status=0 transfer_status=0 [21272,21285][hixl_instance.cpp:370,GetTransferStatus]
[2026-08-24 20:57:06.604128][UC][I] [QUERY_PERF] component=ucm layer=hixl_transport handle=3 request=0x3 lifecycle_lock_us=0 pending_lock_wait_us=0 pending_lookup_us=0 instance_us=26 erase_us=0 total_us=26 transfer_status=0 [21272,21285][hixl_transport.cpp:734,GetStatus]
[2026-08-24 20:57:06.604130][UC][I] [QUERY_PERF] component=ucm layer=transport_manager handle=3 transport_handle=3 transfers_lock_wait_us=0 lookup_us=0 transport_us=29 total_us=29 api_status=0 transfer_status=0 [21272,21285][transport_manager.cpp:716,GetStatus]
[HIXL_QUERY_PERF] layer=comm_channel request=0x3 mutex_wait_us=0 check_us=0 lookup_us=0 flag_check_us=0 complete_us=0 total_us=0 transfer_status=0
[HIXL_QUERY_PERF] layer=adxl_inner request=0x3 context_us=1 req_lock_wait_us=0 lookup_us=0 channel_us=6 cleanup_us=0 total_us=7 status=0 transfer_status=0
[HIXL_QUERY_PERF] layer=comm_engine request=0x3 total_us=10 status=0 transfer_status=0
[2026-08-24 20:57:06.604155][UC][I] [HIXL_WORKER_PERF] task_id=62 queue_depth=1 enqueue_lock_wait_us=0 enqueue_us=1 queue_wait_us=3 execute_us=13 result_post_us=3 total_us=20 status=0 [21272,21285][hixl_instance.cpp:107,Run]
[2026-08-24 20:57:06.604161][UC][I] [QUERY_PERF] component=ucm layer=hixl_instance request=0x3 queue_wait_us=4 backend_us=13 run_post_us=10 total_us=27 api_status=0 transfer_status=0 [21272,21285][hixl_instance.cpp:370,GetTransferStatus]
[2026-08-24 20:57:06.604166][UC][I] [QUERY_PERF] component=ucm layer=hixl_transport handle=3 request=0x3 lifecycle_lock_us=0 pending_lock_wait_us=0 pending_lookup_us=0 instance_us=31 erase_us=0 total_us=31 transfer_status=0 [21272,21285][hixl_transport.cpp:734,GetStatus]
[2026-08-24 20:57:06.604169][UC][I] [QUERY_PERF] component=ucm layer=transport_manager handle=3 transport_handle=3 transfers_lock_wait_us=0 lookup_us=0 transport_us=35 total_us=35 api_status=0 transfer_status=0 [21272,21285][transport_manager.cpp:716,GetStatus]
[HIXL_QUERY_PERF] layer=comm_channel request=0x3 mutex_wait_us=0 check_us=0 lookup_us=0 flag_check_us=0 complete_us=0 total_us=0 transfer_status=0
[HIXL_QUERY_PERF] layer=adxl_inner request=0x3 context_us=1 req_lock_wait_us=0 lookup_us=0 channel_us=4 cleanup_us=0 total_us=5 status=0 transfer_status=0
[HIXL_QUERY_PERF] layer=comm_engine request=0x3 total_us=8 status=0 transfer_status=0
[2026-08-24 20:57:06.604193][UC][I] [HIXL_WORKER_PERF] task_id=63 queue_depth=1 enqueue_lock_wait_us=1 enqueue_us=0 queue_wait_us=3 execute_us=11 result_post_us=3 total_us=18 status=0 [21272,21285][hixl_instance.cpp:107,Run]
[2026-08-24 20:57:06.604198][UC][I] [QUERY_PERF] component=ucm layer=hixl_instance request=0x3 queue_wait_us=4 backend_us=11 run_post_us=8 total_us=23 api_status=0 transfer_status=0 [21272,21285][hixl_instance.cpp:370,GetTransferStatus]
[2026-08-24 20:57:06.604203][UC][I] [QUERY_PERF] component=ucm layer=hixl_transport handle=3 request=0x3 lifecycle_lock_us=0 pending_lock_wait_us=0 pending_lookup_us=0 instance_us=29 erase_us=0 total_us=29 transfer_status=0 [21272,21285][hixl_transport.cpp:734,GetStatus]
[2026-08-24 20:57:06.604212][UC][I] [QUERY_PERF] component=ucm layer=transport_manager handle=3 transport_handle=3 transfers_lock_wait_us=0 lookup_us=0 transport_us=37 total_us=37 api_status=0 transfer_status=0 [21272,21285][transport_manager.cpp:716,GetStatus]
[HIXL_QUERY_PERF] layer=comm_channel request=0x3 mutex_wait_us=0 check_us=0 lookup_us=0 flag_check_us=0 complete_us=0 total_us=0 transfer_status=0
[HIXL_QUERY_PERF] layer=adxl_inner request=0x3 context_us=0 req_lock_wait_us=0 lookup_us=1 channel_us=2 cleanup_us=0 total_us=3 status=0 transfer_status=0
[HIXL_QUERY_PERF] layer=comm_engine request=0x3 total_us=5 status=0 transfer_status=0
[2026-08-24 20:57:06.604232][UC][I] [HIXL_WORKER_PERF] task_id=64 queue_depth=1 enqueue_lock_wait_us=0 enqueue_us=0 queue_wait_us=3 execute_us=8 result_post_us=4 total_us=15 status=0 [21272,21285][hixl_instance.cpp:107,Run]
[2026-08-24 20:57:06.604243][UC][I] [QUERY_PERF] component=ucm layer=hixl_instance request=0x3 queue_wait_us=3 backend_us=8 run_post_us=14 total_us=25 api_status=0 transfer_status=0 [21272,21285][hixl_instance.cpp:370,GetTransferStatus]
[2026-08-24 20:57:06.604248][UC][I] [QUERY_PERF] component=ucm layer=hixl_transport handle=3 request=0x3 lifecycle_lock_us=1 pending_lock_wait_us=0 pending_lookup_us=0 instance_us=31 erase_us=0 total_us=32 transfer_status=0 [21272,21285][hixl_transport.cpp:734,GetStatus]
[2026-08-24 20:57:06.604252][UC][I] [QUERY_PERF] component=ucm layer=transport_manager handle=3 transport_handle=3 transfers_lock_wait_us=0 lookup_us=0 transport_us=35 total_us=35 api_status=0 transfer_status=0 [21272,21285][transport_manager.cpp:716,GetStatus]
[HIXL_QUERY_PERF] layer=comm_channel request=0x3 mutex_wait_us=0 check_us=0 lookup_us=0 flag_check_us=0 complete_us=0 total_us=0 transfer_status=0
[HIXL_QUERY_PERF] layer=adxl_inner request=0x3 context_us=0 req_lock_wait_us=0 lookup_us=1 channel_us=4 cleanup_us=0 total_us=5 status=0 transfer_status=0
[HIXL_QUERY_PERF] layer=comm_engine request=0x3 total_us=10 status=0 transfer_status=0
[2026-08-24 20:57:06.604276][UC][I] [HIXL_WORKER_PERF] task_id=65 queue_depth=1 enqueue_lock_wait_us=0 enqueue_us=0 queue_wait_us=3 execute_us=13 result_post_us=4 total_us=20 status=0 [21272,21285][hixl_instance.cpp:107,Run]
[2026-08-24 20:57:06.604281][UC][I] [QUERY_PERF] component=ucm layer=hixl_instance request=0x3 queue_wait_us=4 backend_us=12 run_post_us=9 total_us=25 api_status=0 transfer_status=0 [21272,21285][hixl_instance.cpp:370,GetTransferStatus]
[2026-08-24 20:57:06.604285][UC][I] [QUERY_PERF] component=ucm layer=hixl_transport handle=3 request=0x3 lifecycle_lock_us=1 pending_lock_wait_us=0 pending_lookup_us=0 instance_us=29 erase_us=0 total_us=30 transfer_status=0 [21272,21285][hixl_transport.cpp:734,GetStatus]
[2026-08-24 20:57:06.604291][UC][I] [QUERY_PERF] component=ucm layer=transport_manager handle=3 transport_handle=3 transfers_lock_wait_us=0 lookup_us=0 transport_us=35 total_us=35 api_status=0 transfer_status=0 [21272,21285][transport_manager.cpp:716,GetStatus]
[HIXL_QUERY_PERF] layer=comm_channel request=0x3 mutex_wait_us=0 check_us=0 lookup_us=0 flag_check_us=0 complete_us=0 total_us=0 transfer_status=0
[HIXL_QUERY_PERF] layer=adxl_inner request=0x3 context_us=0 req_lock_wait_us=0 lookup_us=1 channel_us=4 cleanup_us=0 total_us=5 status=0 transfer_status=0
[HIXL_QUERY_PERF] layer=comm_engine request=0x3 total_us=7 status=0 transfer_status=0
[2026-08-24 20:57:06.604311][UC][I] [HIXL_WORKER_PERF] task_id=66 queue_depth=1 enqueue_lock_wait_us=0 enqueue_us=0 queue_wait_us=3 execute_us=10 result_post_us=3 total_us=16 status=0 [21272,21285][hixl_instance.cpp:107,Run]
[2026-08-24 20:57:06.604316][UC][I] [QUERY_PERF] component=ucm layer=hixl_instance request=0x3 queue_wait_us=4 backend_us=9 run_post_us=9 total_us=22 api_status=0 transfer_status=0 [21272,21285][hixl_instance.cpp:370,GetTransferStatus]
[2026-08-24 20:57:06.604320][UC][I] [QUERY_PERF] component=ucm layer=hixl_transport handle=3 request=0x3 lifecycle_lock_us=0 pending_lock_wait_us=0 pending_lookup_us=0 instance_us=25 erase_us=0 total_us=25 transfer_status=0 [21272,21285][hixl_transport.cpp:734,GetStatus]
[2026-08-24 20:57:06.604324][UC][I] [QUERY_PERF] component=ucm layer=transport_manager handle=3 transport_handle=3 transfers_lock_wait_us=0 lookup_us=1 transport_us=30 total_us=31 api_status=0 transfer_status=0 [21272,21285][transport_manager.cpp:716,GetStatus]
[HIXL_QUERY_PERF] layer=comm_channel request=0x3 mutex_wait_us=0 check_us=0 lookup_us=0 flag_check_us=0 complete_us=0 total_us=0 transfer_status=0
[HIXL_QUERY_PERF] layer=adxl_inner request=0x3 context_us=0 req_lock_wait_us=0 lookup_us=0 channel_us=5 cleanup_us=0 total_us=5 status=0 transfer_status=0
[HIXL_QUERY_PERF] layer=comm_engine request=0x3 total_us=7 status=0 transfer_status=0
[2026-08-24 20:57:06.604346][UC][I] [HIXL_WORKER_PERF] task_id=67 queue_depth=1 enqueue_lock_wait_us=1 enqueue_us=0 queue_wait_us=3 execute_us=10 result_post_us=3 total_us=17 status=0 [21272,21285][hixl_instance.cpp:107,Run]
[2026-08-24 20:57:06.604351][UC][I] [QUERY_PERF] component=ucm layer=hixl_instance request=0x3 queue_wait_us=4 backend_us=10 run_post_us=9 total_us=23 api_status=0 transfer_status=0 [21272,21285][hixl_instance.cpp:370,GetTransferStatus]
[2026-08-24 20:57:06.604357][UC][I] [QUERY_PERF] component=ucm layer=hixl_transport handle=3 request=0x3 lifecycle_lock_us=0 pending_lock_wait_us=0 pending_lookup_us=0 instance_us=28 erase_us=0 total_us=28 transfer_status=0 [21272,21285][hixl_transport.cpp:734,GetStatus]
[2026-08-24 20:57:06.604360][UC][I] [QUERY_PERF] component=ucm layer=transport_manager handle=3 transport_handle=3 transfers_lock_wait_us=0 lookup_us=0 transport_us=32 total_us=32 api_status=0 transfer_status=0 [21272,21285][transport_manager.cpp:716,GetStatus]
[HIXL_QUERY_PERF] layer=comm_channel request=0x3 mutex_wait_us=0 check_us=0 lookup_us=0 flag_check_us=0 complete_us=0 total_us=0 transfer_status=0
[HIXL_QUERY_PERF] layer=adxl_inner request=0x3 context_us=0 req_lock_wait_us=0 lookup_us=1 channel_us=4 cleanup_us=0 total_us=5 status=0 transfer_status=0
[HIXL_QUERY_PERF] layer=comm_engine request=0x3 total_us=9 status=0 transfer_status=0
[2026-08-24 20:57:06.604383][UC][I] [HIXL_WORKER_PERF] task_id=68 queue_depth=1 enqueue_lock_wait_us=0 enqueue_us=0 queue_wait_us=4 execute_us=11 result_post_us=3 total_us=18 status=0 [21272,21285][hixl_instance.cpp:107,Run]
[2026-08-24 20:57:06.604397][UC][I] [QUERY_PERF] component=ucm layer=hixl_instance request=0x3 queue_wait_us=4 backend_us=11 run_post_us=18 total_us=33 api_status=0 transfer_status=0 [21272,21285][hixl_instance.cpp:370,GetTransferStatus]
[2026-08-24 20:57:06.604403][UC][I] [QUERY_PERF] component=ucm layer=hixl_transport handle=3 request=0x3 lifecycle_lock_us=0 pending_lock_wait_us=0 pending_lookup_us=0 instance_us=38 erase_us=0 total_us=38 transfer_status=0 [21272,21285][hixl_transport.cpp:734,GetStatus]
[2026-08-24 20:57:06.604406][UC][I] [QUERY_PERF] component=ucm layer=transport_manager handle=3 transport_handle=3 transfers_lock_wait_us=0 lookup_us=0 transport_us=43 total_us=43 api_status=0 transfer_status=0 [21272,21285][transport_manager.cpp:716,GetStatus]
[HIXL_QUERY_PERF] layer=comm_channel request=0x3 mutex_wait_us=0 check_us=0 lookup_us=0 flag_check_us=0 complete_us=0 total_us=0 transfer_status=0
[HIXL_QUERY_PERF] layer=adxl_inner request=0x3 context_us=1 req_lock_wait_us=0 lookup_us=0 channel_us=4 cleanup_us=0 total_us=5 status=0 transfer_status=0
[HIXL_QUERY_PERF] layer=comm_engine request=0x3 total_us=8 status=0 transfer_status=0
[2026-08-24 20:57:06.604430][UC][I] [HIXL_WORKER_PERF] task_id=69 queue_depth=1 enqueue_lock_wait_us=0 enqueue_us=1 queue_wait_us=4 execute_us=9 result_post_us=4 total_us=18 status=0 [21272,21285][hixl_instance.cpp:107,Run]
[2026-08-24 20:57:06.604435][UC][I] [QUERY_PERF] component=ucm layer=hixl_instance request=0x3 queue_wait_us=5 backend_us=9 run_post_us=10 total_us=24 api_status=0 transfer_status=0 [21272,21285][hixl_instance.cpp:370,GetTransferStatus]
[2026-08-24 20:57:06.604442][UC][I] [QUERY_PERF] component=ucm layer=hixl_transport handle=3 request=0x3 lifecycle_lock_us=0 pending_lock_wait_us=0 pending_lookup_us=0 instance_us=31 erase_us=0 total_us=31 transfer_status=0 [21272,21285][hixl_transport.cpp:734,GetStatus]
[2026-08-24 20:57:06.604448][UC][I] [QUERY_PERF] component=ucm layer=transport_manager handle=3 transport_handle=3 transfers_lock_wait_us=0 lookup_us=0 transport_us=37 total_us=37 api_status=0 transfer_status=0 [21272,21285][transport_manager.cpp:716,GetStatus]
[HIXL_QUERY_PERF] layer=comm_channel request=0x3 mutex_wait_us=0 check_us=0 lookup_us=0 flag_check_us=0 complete_us=0 total_us=0 transfer_status=0
[HIXL_QUERY_PERF] layer=adxl_inner request=0x3 context_us=1 req_lock_wait_us=0 lookup_us=0 channel_us=5 cleanup_us=0 total_us=6 status=0 transfer_status=0
[HIXL_QUERY_PERF] layer=comm_engine request=0x3 total_us=8 status=0 transfer_status=0
[2026-08-24 20:57:06.604471][UC][I] [HIXL_WORKER_PERF] task_id=70 queue_depth=1 enqueue_lock_wait_us=0 enqueue_us=0 queue_wait_us=4 execute_us=10 result_post_us=4 total_us=18 status=0 [21272,21285][hixl_instance.cpp:107,Run]
[2026-08-24 20:57:06.604475][UC][I] [QUERY_PERF] component=ucm layer=hixl_instance request=0x3 queue_wait_us=4 backend_us=10 run_post_us=8 total_us=22 api_status=0 transfer_status=0 [21272,21285][hixl_instance.cpp:370,GetTransferStatus]
[2026-08-24 20:57:06.604480][UC][I] [QUERY_PERF] component=ucm layer=hixl_transport handle=3 request=0x3 lifecycle_lock_us=0 pending_lock_wait_us=0 pending_lookup_us=0 instance_us=27 erase_us=0 total_us=27 transfer_status=0 [21272,21285][hixl_transport.cpp:734,GetStatus]
[2026-08-24 20:57:06.604486][UC][I] [QUERY_PERF] component=ucm layer=transport_manager handle=3 transport_handle=3 transfers_lock_wait_us=0 lookup_us=0 transport_us=33 total_us=33 api_status=0 transfer_status=0 [21272,21285][transport_manager.cpp:716,GetStatus]
[HIXL_QUERY_PERF] layer=comm_channel request=0x3 mutex_wait_us=0 check_us=0 lookup_us=0 flag_check_us=0 complete_us=0 total_us=0 transfer_status=0
[HIXL_QUERY_PERF] layer=adxl_inner request=0x3 context_us=0 req_lock_wait_us=0 lookup_us=1 channel_us=4 cleanup_us=0 total_us=5 status=0 transfer_status=0
[HIXL_QUERY_PERF] layer=comm_engine request=0x3 total_us=9 status=0 transfer_status=0
[2026-08-24 20:57:06.604510][UC][I] [HIXL_WORKER_PERF] task_id=71 queue_depth=1 enqueue_lock_wait_us=0 enqueue_us=0 queue_wait_us=4 execute_us=12 result_post_us=3 total_us=19 status=0 [21272,21285][hixl_instance.cpp:107,Run]
[2026-08-24 20:57:06.604516][UC][I] [QUERY_PERF] component=ucm layer=hixl_instance request=0x3 queue_wait_us=5 backend_us=11 run_post_us=9 total_us=25 api_status=0 transfer_status=0 [21272,21285][hixl_instance.cpp:370,GetTransferStatus]
[2026-08-24 20:57:06.604520][UC][I] [QUERY_PERF] component=ucm layer=hixl_transport handle=3 request=0x3 lifecycle_lock_us=0 pending_lock_wait_us=0 pending_lookup_us=1 instance_us=29 erase_us=0 total_us=30 transfer_status=0 [21272,21285][hixl_transport.cpp:734,GetStatus]
[2026-08-24 20:57:06.604524][UC][I] [QUERY_PERF] component=ucm layer=transport_manager handle=3 transport_handle=3 transfers_lock_wait_us=0 lookup_us=0 transport_us=35 total_us=35 api_status=0 transfer_status=0 [21272,21285][transport_manager.cpp:716,GetStatus]
[HIXL_QUERY_PERF] layer=comm_channel request=0x3 mutex_wait_us=0 check_us=0 lookup_us=1 flag_check_us=0 complete_us=0 total_us=1 transfer_status=0
[HIXL_QUERY_PERF] layer=adxl_inner request=0x3 context_us=1 req_lock_wait_us=0 lookup_us=0 channel_us=3 cleanup_us=0 total_us=4 status=0 transfer_status=0
[HIXL_QUERY_PERF] layer=comm_engine request=0x3 total_us=6 status=0 transfer_status=0
[2026-08-24 20:57:06.604542][UC][I] [HIXL_WORKER_PERF] task_id=72 queue_depth=1 enqueue_lock_wait_us=0 enqueue_us=1 queue_wait_us=3 execute_us=7 result_post_us=4 total_us=15 status=0 [21272,21285][hixl_instance.cpp:107,Run]
[2026-08-24 20:57:06.604546][UC][I] [QUERY_PERF] component=ucm layer=hixl_instance request=0x3 queue_wait_us=4 backend_us=7 run_post_us=8 total_us=19 api_status=0 transfer_status=0 [21272,21285][hixl_instance.cpp:370,GetTransferStatus]
[2026-08-24 20:57:06.604559][UC][I] [QUERY_PERF] component=ucm layer=hixl_transport handle=3 request=0x3 lifecycle_lock_us=0 pending_lock_wait_us=0 pending_lookup_us=0 instance_us=31 erase_us=0 total_us=31 transfer_status=0 [21272,21285][hixl_transport.cpp:734,GetStatus]
[2026-08-24 20:57:06.604564][UC][I] [QUERY_PERF] component=ucm layer=transport_manager handle=3 transport_handle=3 transfers_lock_wait_us=0 lookup_us=0 transport_us=37 total_us=37 api_status=0 transfer_status=0 [21272,21285][transport_manager.cpp:716,GetStatus]
[HIXL_QUERY_PERF] layer=comm_channel request=0x3 mutex_wait_us=0 check_us=0 lookup_us=0 flag_check_us=0 complete_us=0 total_us=0 transfer_status=0
[HIXL_QUERY_PERF] layer=adxl_inner request=0x3 context_us=0 req_lock_wait_us=0 lookup_us=1 channel_us=5 cleanup_us=0 total_us=6 status=0 transfer_status=0
[HIXL_QUERY_PERF] layer=comm_engine request=0x3 total_us=9 status=0 transfer_status=0
[2026-08-24 20:57:06.604586][UC][I] [HIXL_WORKER_PERF] task_id=73 queue_depth=1 enqueue_lock_wait_us=0 enqueue_us=0 queue_wait_us=3 execute_us=12 result_post_us=3 total_us=18 status=0 [21272,21285][hixl_instance.cpp:107,Run]
[2026-08-24 20:57:06.604590][UC][I] [QUERY_PERF] component=ucm layer=hixl_instance request=0x3 queue_wait_us=3 backend_us=11 run_post_us=8 total_us=22 api_status=0 transfer_status=0 [21272,21285][hixl_instance.cpp:370,GetTransferStatus]
[2026-08-24 20:57:06.604593][UC][I] [QUERY_PERF] component=ucm layer=hixl_transport handle=3 request=0x3 lifecycle_lock_us=0 pending_lock_wait_us=1 pending_lookup_us=0 instance_us=25 erase_us=0 total_us=26 transfer_status=0 [21272,21285][hixl_transport.cpp:734,GetStatus]
[2026-08-24 20:57:06.604597][UC][I] [QUERY_PERF] component=ucm layer=transport_manager handle=3 transport_handle=3 transfers_lock_wait_us=0 lookup_us=0 transport_us=30 total_us=30 api_status=0 transfer_status=0 [21272,21285][transport_manager.cpp:716,GetStatus]
[HIXL_QUERY_PERF] layer=comm_channel request=0x3 mutex_wait_us=0 check_us=0 lookup_us=0 flag_check_us=0 complete_us=0 total_us=0 transfer_status=0
[HIXL_QUERY_PERF] layer=adxl_inner request=0x3 context_us=0 req_lock_wait_us=0 lookup_us=1 channel_us=3 cleanup_us=0 total_us=4 status=0 transfer_status=0
[HIXL_QUERY_PERF] layer=comm_engine request=0x3 total_us=7 status=0 transfer_status=0
[2026-08-24 20:57:06.604621][UC][I] [HIXL_WORKER_PERF] task_id=74 queue_depth=1 enqueue_lock_wait_us=1 enqueue_us=0 queue_wait_us=3 execute_us=11 result_post_us=3 total_us=18 status=0 [21272,21285][hixl_instance.cpp:107,Run]
[2026-08-24 20:57:06.604627][UC][I] [QUERY_PERF] component=ucm layer=hixl_instance request=0x3 queue_wait_us=5 backend_us=10 run_post_us=10 total_us=25 api_status=0 transfer_status=0 [21272,21285][hixl_instance.cpp:370,GetTransferStatus]
[2026-08-24 20:57:06.604631][UC][I] [QUERY_PERF] component=ucm layer=hixl_transport handle=3 request=0x3 lifecycle_lock_us=0 pending_lock_wait_us=0 pending_lookup_us=0 instance_us=29 erase_us=0 total_us=29 transfer_status=0 [21272,21285][hixl_transport.cpp:734,GetStatus]
[2026-08-24 20:57:06.604634][UC][I] [QUERY_PERF] component=ucm layer=transport_manager handle=3 transport_handle=3 transfers_lock_wait_us=0 lookup_us=0 transport_us=32 total_us=32 api_status=0 transfer_status=0 [21272,21285][transport_manager.cpp:716,GetStatus]
[HIXL_QUERY_PERF] layer=comm_channel request=0x3 mutex_wait_us=0 check_us=0 lookup_us=0 flag_check_us=0 complete_us=0 total_us=0 transfer_status=0
[HIXL_QUERY_PERF] layer=adxl_inner request=0x3 context_us=1 req_lock_wait_us=0 lookup_us=0 channel_us=4 cleanup_us=0 total_us=5 status=0 transfer_status=0
[HIXL_QUERY_PERF] layer=comm_engine request=0x3 total_us=8 status=0 transfer_status=0
[2026-08-24 20:57:06.604656][UC][I] [HIXL_WORKER_PERF] task_id=75 queue_depth=1 enqueue_lock_wait_us=0 enqueue_us=0 queue_wait_us=4 execute_us=10 result_post_us=4 total_us=18 status=0 [21272,21285][hixl_instance.cpp:107,Run]
[2026-08-24 20:57:06.604662][UC][I] [QUERY_PERF] component=ucm layer=hixl_instance request=0x3 queue_wait_us=5 backend_us=10 run_post_us=10 total_us=25 api_status=0 transfer_status=0 [21272,21285][hixl_instance.cpp:370,GetTransferStatus]
[2026-08-24 20:57:06.604669][UC][I] [QUERY_PERF] component=ucm layer=hixl_transport handle=3 request=0x3 lifecycle_lock_us=0 pending_lock_wait_us=0 pending_lookup_us=0 instance_us=32 erase_us=0 total_us=32 transfer_status=0 [21272,21285][hixl_transport.cpp:734,GetStatus]
[2026-08-24 20:57:06.604674][UC][I] [QUERY_PERF] component=ucm layer=transport_manager handle=3 transport_handle=3 transfers_lock_wait_us=0 lookup_us=0 transport_us=37 total_us=37 api_status=0 transfer_status=0 [21272,21285][transport_manager.cpp:716,GetStatus]
[HIXL_QUERY_PERF] layer=comm_channel request=0x3 mutex_wait_us=0 check_us=0 lookup_us=0 flag_check_us=0 complete_us=0 total_us=0 transfer_status=0
[HIXL_QUERY_PERF] layer=adxl_inner request=0x3 context_us=0 req_lock_wait_us=0 lookup_us=1 channel_us=5 cleanup_us=0 total_us=6 status=0 transfer_status=0
[HIXL_QUERY_PERF] layer=comm_engine request=0x3 total_us=8 status=0 transfer_status=0
[2026-08-24 20:57:06.604697][UC][I] [HIXL_WORKER_PERF] task_id=76 queue_depth=1 enqueue_lock_wait_us=0 enqueue_us=0 queue_wait_us=4 execute_us=12 result_post_us=3 total_us=19 status=0 [21272,21285][hixl_instance.cpp:107,Run]
[2026-08-24 20:57:06.604704][UC][I] [QUERY_PERF] component=ucm layer=hixl_instance request=0x3 queue_wait_us=4 backend_us=11 run_post_us=11 total_us=26 api_status=0 transfer_status=0 [21272,21285][hixl_instance.cpp:370,GetTransferStatus]
[2026-08-24 20:57:06.604720][UC][I] [QUERY_PERF] component=ucm layer=hixl_transport handle=3 request=0x3 lifecycle_lock_us=0 pending_lock_wait_us=0 pending_lookup_us=0 instance_us=42 erase_us=0 total_us=42 transfer_status=0 [21272,21285][hixl_transport.cpp:734,GetStatus]
[2026-08-24 20:57:06.604725][UC][I] [QUERY_PERF] component=ucm layer=transport_manager handle=3 transport_handle=3 transfers_lock_wait_us=1 lookup_us=0 transport_us=47 total_us=48 api_status=0 transfer_status=0 [21272,21285][transport_manager.cpp:716,GetStatus]
[HIXL_QUERY_PERF] layer=comm_channel request=0x3 mutex_wait_us=0 check_us=0 lookup_us=0 flag_check_us=0 complete_us=0 total_us=0 transfer_status=0
[HIXL_QUERY_PERF] layer=adxl_inner request=0x3 context_us=1 req_lock_wait_us=0 lookup_us=0 channel_us=3 cleanup_us=1 total_us=5 status=0 transfer_status=0
[HIXL_QUERY_PERF] layer=comm_engine request=0x3 total_us=7 status=0 transfer_status=0
[2026-08-24 20:57:06.604745][UC][I] [HIXL_WORKER_PERF] task_id=77 queue_depth=1 enqueue_lock_wait_us=0 enqueue_us=0 queue_wait_us=4 execute_us=9 result_post_us=4 total_us=17 status=0 [21272,21285][hixl_instance.cpp:107,Run]
[2026-08-24 20:57:06.604750][UC][I] [QUERY_PERF] component=ucm layer=hixl_instance request=0x3 queue_wait_us=4 backend_us=9 run_post_us=9 total_us=22 api_status=0 transfer_status=0 [21272,21285][hixl_instance.cpp:370,GetTransferStatus]
[2026-08-24 20:57:06.604753][UC][I] [QUERY_PERF] component=ucm layer=hixl_transport handle=3 request=0x3 lifecycle_lock_us=0 pending_lock_wait_us=0 pending_lookup_us=0 instance_us=25 erase_us=0 total_us=25 transfer_status=0 [21272,21285][hixl_transport.cpp:734,GetStatus]
[2026-08-24 20:57:06.604756][UC][I] [QUERY_PERF] component=ucm layer=transport_manager handle=3 transport_handle=3 transfers_lock_wait_us=0 lookup_us=1 transport_us=28 total_us=29 api_status=0 transfer_status=0 [21272,21285][transport_manager.cpp:716,GetStatus]
[HIXL_QUERY_PERF] layer=comm_channel request=0x3 mutex_wait_us=0 check_us=0 lookup_us=0 flag_check_us=0 complete_us=0 total_us=0 transfer_status=0
[HIXL_QUERY_PERF] layer=adxl_inner request=0x3 context_us=1 req_lock_wait_us=0 lookup_us=0 channel_us=3 cleanup_us=0 total_us=4 status=0 transfer_status=0
[HIXL_QUERY_PERF] layer=comm_engine request=0x3 total_us=5 status=0 transfer_status=0
[2026-08-24 20:57:06.604774][UC][I] [HIXL_WORKER_PERF] task_id=78 queue_depth=1 enqueue_lock_wait_us=0 enqueue_us=0 queue_wait_us=4 execute_us=7 result_post_us=3 total_us=14 status=0 [21272,21285][hixl_instance.cpp:107,Run]
[2026-08-24 20:57:06.604778][UC][I] [QUERY_PERF] component=ucm layer=hixl_instance request=0x3 queue_wait_us=4 backend_us=7 run_post_us=8 total_us=19 api_status=0 transfer_status=0 [21272,21285][hixl_instance.cpp:370,GetTransferStatus]
[2026-08-24 20:57:06.604783][UC][I] [QUERY_PERF] component=ucm layer=hixl_transport handle=3 request=0x3 lifecycle_lock_us=0 pending_lock_wait_us=0 pending_lookup_us=0 instance_us=23 erase_us=0 total_us=23 transfer_status=0 [21272,21285][hixl_transport.cpp:734,GetStatus]
[2026-08-24 20:57:06.604786][UC][I] [QUERY_PERF] component=ucm layer=transport_manager handle=3 transport_handle=3 transfers_lock_wait_us=1 lookup_us=0 transport_us=26 total_us=27 api_status=0 transfer_status=0 [21272,21285][transport_manager.cpp:716,GetStatus]
[HIXL_QUERY_PERF] layer=comm_channel request=0x3 mutex_wait_us=0 check_us=0 lookup_us=1 flag_check_us=0 complete_us=0 total_us=1 transfer_status=0
[HIXL_QUERY_PERF] layer=adxl_inner request=0x3 context_us=1 req_lock_wait_us=0 lookup_us=0 channel_us=3 cleanup_us=0 total_us=4 status=0 transfer_status=0
[HIXL_QUERY_PERF] layer=comm_engine request=0x3 total_us=7 status=0 transfer_status=0
[2026-08-24 20:57:06.604807][UC][I] [HIXL_WORKER_PERF] task_id=79 queue_depth=1 enqueue_lock_wait_us=0 enqueue_us=0 queue_wait_us=4 execute_us=8 result_post_us=5 total_us=17 status=0 [21272,21285][hixl_instance.cpp:107,Run]
[2026-08-24 20:57:06.604811][UC][I] [QUERY_PERF] component=ucm layer=hixl_instance request=0x3 queue_wait_us=4 backend_us=8 run_post_us=10 total_us=22 api_status=0 transfer_status=0 [21272,21285][hixl_instance.cpp:370,GetTransferStatus]
[2026-08-24 20:57:06.604814][UC][I] [QUERY_PERF] component=ucm layer=hixl_transport handle=3 request=0x3 lifecycle_lock_us=0 pending_lock_wait_us=0 pending_lookup_us=0 instance_us=25 erase_us=0 total_us=25 transfer_status=0 [21272,21285][hixl_transport.cpp:734,GetStatus]
[2026-08-24 20:57:06.604817][UC][I] [QUERY_PERF] component=ucm layer=transport_manager handle=3 transport_handle=3 transfers_lock_wait_us=0 lookup_us=0 transport_us=28 total_us=28 api_status=0 transfer_status=0 [21272,21285][transport_manager.cpp:716,GetStatus]
[HIXL_QUERY_PERF] layer=comm_channel request=0x3 mutex_wait_us=0 check_us=0 lookup_us=0 flag_check_us=0 complete_us=0 total_us=0 transfer_status=0
[HIXL_QUERY_PERF] layer=adxl_inner request=0x3 context_us=0 req_lock_wait_us=0 lookup_us=1 channel_us=3 cleanup_us=0 total_us=4 status=0 transfer_status=0
[HIXL_QUERY_PERF] layer=comm_engine request=0x3 total_us=7 status=0 transfer_status=0
[2026-08-24 20:57:06.604838][UC][I] [HIXL_WORKER_PERF] task_id=80 queue_depth=1 enqueue_lock_wait_us=0 enqueue_us=1 queue_wait_us=4 execute_us=9 result_post_us=3 total_us=17 status=0 [21272,21285][hixl_instance.cpp:107,Run]
[2026-08-24 20:57:06.604845][UC][I] [QUERY_PERF] component=ucm layer=hixl_instance request=0x3 queue_wait_us=5 backend_us=9 run_post_us=10 total_us=24 api_status=0 transfer_status=0 [21272,21285][hixl_instance.cpp:370,GetTransferStatus]
[2026-08-24 20:57:06.604848][UC][I] [QUERY_PERF] component=ucm layer=hixl_transport handle=3 request=0x3 lifecycle_lock_us=0 pending_lock_wait_us=0 pending_lookup_us=0 instance_us=28 erase_us=0 total_us=28 transfer_status=0 [21272,21285][hixl_transport.cpp:734,GetStatus]
[2026-08-24 20:57:06.604856][UC][I] [QUERY_PERF] component=ucm layer=transport_manager handle=3 transport_handle=3 transfers_lock_wait_us=0 lookup_us=0 transport_us=36 total_us=36 api_status=0 transfer_status=0 [21272,21285][transport_manager.cpp:716,GetStatus]
[HIXL_QUERY_PERF] layer=comm_channel request=0x3 mutex_wait_us=0 check_us=0 lookup_us=0 flag_check_us=0 complete_us=8 total_us=8 transfer_status=1
[HIXL_QUERY_PERF] layer=adxl_inner request=0x3 context_us=0 req_lock_wait_us=0 lookup_us=1 channel_us=14 cleanup_us=0 total_us=15 status=0 transfer_status=1
[HIXL_QUERY_PERF] layer=comm_engine request=0x3 total_us=20 status=0 transfer_status=1
[2026-08-24 20:57:06.604889][UC][I] [HIXL_WORKER_PERF] task_id=81 queue_depth=1 enqueue_lock_wait_us=0 enqueue_us=0 queue_wait_us=4 execute_us=21 result_post_us=4 total_us=29 status=0 [21272,21285][hixl_instance.cpp:107,Run]
[2026-08-24 20:57:06.604893][UC][I] [QUERY_PERF] component=ucm layer=hixl_instance request=0x3 queue_wait_us=4 backend_us=21 run_post_us=8 total_us=33 api_status=0 transfer_status=1 [21272,21285][hixl_instance.cpp:370,GetTransferStatus]
[2026-08-24 20:57:06.604899][UC][I] [QUERY_PERF] component=ucm layer=hixl_transport handle=3 request=0x3 lifecycle_lock_us=0 pending_lock_wait_us=0 pending_lookup_us=0 instance_us=38 erase_us=0 total_us=38 transfer_status=1 [21272,21285][hixl_transport.cpp:734,GetStatus]
[2026-08-24 20:57:06.604904][UC][I] [QUERY_PERF] component=ucm layer=transport_manager handle=3 transport_handle=3 transfers_lock_wait_us=1 lookup_us=0 transport_us=44 total_us=45 api_status=0 transfer_status=1 [21272,21285][transport_manager.cpp:716,GetStatus]
[2026-08-24 20:57:06.604908][UC][I] [PERF] component=transport event=transfer_done manager=127.0.0.1:8000 target=127.0.0.1:4501 handle=3 transport_handle=3 opcode=0 direct=2 segments=108 bytes=7962624 status=1 api_status=0 submitted_ts_us=1787576226603843 completed_ts_us=1787576226604907 manager_get_status_ts_us=1787576226604859 backend_query_ts_us=1787576226604864 submit_us=2446 transfer_us=1064 manager_to_backend_query_us=5 total_us=3510 [21272,21285][transport_manager.cpp:727,GetStatus]
[HIXL_PERF] event=hccl_batch op=1 desc_num=1 hccl_us=106 status=0
[HIXL_PERF] event=issue_hccl_batch op=1 list_num=1 total_us=115
[HIXL_PERF] event=issue_async_host_flag op=1 list_num=1 context_us=0 hccl_issue_us=117 flag_memcpy_us=6 total_us=123
[HIXL_PERF] event=comm_channel_async op=1 list_num=1 mutex_wait_us=0 slot_us=1 host_flag_us=0 record_us=1 issue_us=125 total_us=127
[HIXL_PERF] event=adxl_inner_async op=1 list_num=1 context_us=1 connect_us=0 get_channel_us=0 channel_async_us=130 tail_us=0 total_us=131
[HIXL_PERF] event=comm_engine_async op=1 list_num=1 desc_build_us=0 inner_us=133 total_us=133 status=0
[2026-08-24 20:57:06.605099][UC][I] [HIXL_WORKER_PERF] task_id=82 queue_depth=1 enqueue_lock_wait_us=0 enqueue_us=0 queue_wait_us=4 execute_us=140 result_post_us=4 total_us=148 status=0 [21272,21285][hixl_instance.cpp:107,Run]
[2026-08-24 20:57:06.605107][UC][I] [PERF] component=transport event=transfer_submitted manager=127.0.0.1:8000 target=127.0.0.1:4501 handle=4 transport_handle=4 opcode=1 direct=2 segments=1 bytes=63 submitted_ts_us=1787576226605106 manager_execute_async_ts_us=1787576226604949 backend_execute_async_ts_us=1787576226604955 manager_to_backend_execute_async_us=6 submit_us=157 [21272,21285][transport_manager.cpp:674,ExecuteAsync]
[HIXL_QUERY_PERF] layer=comm_channel request=0x4 mutex_wait_us=0 check_us=0 lookup_us=1 flag_check_us=0 complete_us=0 total_us=1 transfer_status=0
[HIXL_QUERY_PERF] layer=adxl_inner request=0x4 context_us=1 req_lock_wait_us=0 lookup_us=0 channel_us=5 cleanup_us=0 total_us=6 status=0 transfer_status=0
[HIXL_QUERY_PERF] layer=comm_engine request=0x4 total_us=8 status=0 transfer_status=0
[2026-08-24 20:57:06.605132][UC][I] [HIXL_WORKER_PERF] task_id=83 queue_depth=1 enqueue_lock_wait_us=0 enqueue_us=0 queue_wait_us=5 execute_us=10 result_post_us=3 total_us=18 status=0 [21272,21285][hixl_instance.cpp:107,Run]
[2026-08-24 20:57:06.605136][UC][I] [QUERY_PERF] component=ucm layer=hixl_instance request=0x4 queue_wait_us=5 backend_us=9 run_post_us=8 total_us=22 api_status=0 transfer_status=0 [21272,21285][hixl_instance.cpp:370,GetTransferStatus]
[2026-08-24 20:57:06.605139][UC][I] [QUERY_PERF] component=ucm layer=hixl_transport handle=4 request=0x4 lifecycle_lock_us=0 pending_lock_wait_us=0 pending_lookup_us=0 instance_us=25 erase_us=0 total_us=25 transfer_status=0 [21272,21285][hixl_transport.cpp:734,GetStatus]
[2026-08-24 20:57:06.605142][UC][I] [QUERY_PERF] component=ucm layer=transport_manager handle=4 transport_handle=4 transfers_lock_wait_us=0 lookup_us=1 transport_us=28 total_us=29 api_status=0 transfer_status=0 [21272,21285][transport_manager.cpp:716,GetStatus]
[HIXL_QUERY_PERF] layer=comm_channel request=0x4 mutex_wait_us=0 check_us=0 lookup_us=0 flag_check_us=0 complete_us=3 total_us=3 transfer_status=1
[HIXL_QUERY_PERF] layer=adxl_inner request=0x4 context_us=0 req_lock_wait_us=0 lookup_us=1 channel_us=6 cleanup_us=1 total_us=8 status=0 transfer_status=1
[HIXL_QUERY_PERF] layer=comm_engine request=0x4 total_us=16 status=0 transfer_status=1
[2026-08-24 20:57:06.605171][UC][I] [HIXL_WORKER_PERF] task_id=84 queue_depth=1 enqueue_lock_wait_us=0 enqueue_us=0 queue_wait_us=4 execute_us=18 result_post_us=3 total_us=25 status=0 [21272,21285][hixl_instance.cpp:107,Run]
[2026-08-24 20:57:06.605175][UC][I] [QUERY_PERF] component=ucm layer=hixl_instance request=0x4 queue_wait_us=4 backend_us=18 run_post_us=7 total_us=29 api_status=0 transfer_status=1 [21272,21285][hixl_instance.cpp:370,GetTransferStatus]
[2026-08-24 20:57:06.605182][UC][I] [QUERY_PERF] component=ucm layer=hixl_transport handle=4 request=0x4 lifecycle_lock_us=0 pending_lock_wait_us=0 pending_lookup_us=1 instance_us=36 erase_us=1 total_us=38 transfer_status=1 [21272,21285][hixl_transport.cpp:734,GetStatus]
[2026-08-24 20:57:06.605185][UC][I] [QUERY_PERF] component=ucm layer=transport_manager handle=4 transport_handle=4 transfers_lock_wait_us=0 lookup_us=0 transport_us=41 total_us=41 api_status=0 transfer_status=1 [21272,21285][transport_manager.cpp:716,GetStatus]
[2026-08-24 20:57:06.605189][UC][I] [PERF] component=transport event=transfer_done manager=127.0.0.1:8000 target=127.0.0.1:4501 handle=4 transport_handle=4 opcode=1 direct=2 segments=1 bytes=63 status=1 api_status=0 submitted_ts_us=1787576226605106 completed_ts_us=1787576226605188 manager_get_status_ts_us=1787576226605144 backend_query_ts_us=1787576226605148 submit_us=157 transfer_us=81 manager_to_backend_query_us=5 total_us=238 [21272,21285][transport_manager.cpp:727,GetStatus]
[2026-08-24 20:57:06.605194][UC][I] [PERF] component=drampool event=request_done request_id=1 opcode=1 peer=127.0.0.1:4501 batch_size=108 data_bytes=7962624 failed_items=0 status=SUCCESS failed_stage=NONE received_ts_us=1787576226601178 worker_started_ts_us=1787576226601283 data_transfer_submitted_ts_us=1787576226603860 data_transfer_completed_ts_us=1787576226604913 response_submitted_ts_us=1787576226605111 completed_ts_us=1787576226605192 data_tm_execute_async_ts_us=1787576226601394 data_hixl_execute_async_ts_us=1787576226601423 data_tm_get_status_ts_us=1787576226604859 data_hixl_query_handle_ts_us=1787576226604864 response_tm_execute_async_ts_us=1787576226604949 response_hixl_execute_async_ts_us=1787576226604955 response_tm_get_status_ts_us=1787576226605144 response_hixl_query_handle_ts_us=1787576226605148 request_queue_us=105 metadata_prepare_us=107 taskworker_prepare_us=2579 poller_queue_us=11 data_transfer_us=1053 metadata_settle_us=33 response_slot_wait_us=1 response_submit_us=164 response_transfer_us=80 data_tm_to_hixl_execute_async_us=30 data_tm_to_hixl_query_handle_us=5 response_tm_to_hixl_execute_async_us=6 response_tm_to_hixl_query_handle_us=5 total_us=4014 [21272,21285][completion_poller.cc:56,LogRequestDone]
[HIXL_PERF] event=hccl_batch op=1 desc_num=1 hccl_us=77 status=0
[HIXL_PERF] event=issue_hccl_batch op=1 list_num=1 total_us=89
[HIXL_PERF] event=issue_async_host_flag op=1 list_num=1 context_us=1 hccl_issue_us=91 flag_memcpy_us=6 total_us=98
[HIXL_PERF] event=comm_channel_async op=1 list_num=1 mutex_wait_us=0 slot_us=0 host_flag_us=1 record_us=0 issue_us=100 total_us=101
[HIXL_PERF] event=adxl_inner_async op=1 list_num=1 context_us=1 connect_us=0 get_channel_us=1 channel_async_us=103 tail_us=1 total_us=106
[HIXL_PERF] event=comm_engine_async op=1 list_num=1 desc_build_us=0 inner_us=108 total_us=108 status=0
[2026-08-24 20:57:06.614482][UC][I] [HIXL_WORKER_PERF] task_id=85 queue_depth=1 enqueue_lock_wait_us=0 enqueue_us=0 queue_wait_us=6 execute_us=113 result_post_us=4 total_us=123 status=0 [21272,21285][hixl_instance.cpp:107,Run]
[2026-08-24 20:57:06.614487][UC][I] [PERF] component=transport event=transfer_submitted manager=127.0.0.1:8000 target=127.0.0.1:4500 handle=5 transport_handle=5 opcode=1 direct=2 segments=1 bytes=10 submitted_ts_us=1787576226614486 manager_execute_async_ts_us=1787576226614356 backend_execute_async_ts_us=1787576226614364 manager_to_backend_execute_async_us=8 submit_us=129 [21272,21285][transport_manager.cpp:674,ExecuteAsync]
[HIXL_QUERY_PERF] layer=comm_channel request=0x5 mutex_wait_us=0 check_us=0 lookup_us=1 flag_check_us=0 complete_us=0 total_us=1 transfer_status=0
[HIXL_QUERY_PERF] layer=adxl_inner request=0x5 context_us=1 req_lock_wait_us=0 lookup_us=0 channel_us=5 cleanup_us=0 total_us=6 status=0 transfer_status=0
[HIXL_QUERY_PERF] layer=comm_engine request=0x5 total_us=9 status=0 transfer_status=0
[2026-08-24 20:57:06.614514][UC][I] [HIXL_WORKER_PERF] task_id=86 queue_depth=1 enqueue_lock_wait_us=0 enqueue_us=0 queue_wait_us=4 execute_us=12 result_post_us=4 total_us=20 status=0 [21272,21285][hixl_instance.cpp:107,Run]
[2026-08-24 20:57:06.614520][UC][I] [QUERY_PERF] component=ucm layer=hixl_instance request=0x5 queue_wait_us=5 backend_us=11 run_post_us=9 total_us=25 api_status=0 transfer_status=0 [21272,21285][hixl_instance.cpp:370,GetTransferStatus]
[2026-08-24 20:57:06.614523][UC][I] [QUERY_PERF] component=ucm layer=hixl_transport handle=5 request=0x5 lifecycle_lock_us=0 pending_lock_wait_us=0 pending_lookup_us=0 instance_us=28 erase_us=0 total_us=28 transfer_status=0 [21272,21285][hixl_transport.cpp:734,GetStatus]
[2026-08-24 20:57:06.614527][UC][I] [QUERY_PERF] component=ucm layer=transport_manager handle=5 transport_handle=5 transfers_lock_wait_us=1 lookup_us=0 transport_us=33 total_us=34 api_status=0 transfer_status=0 [21272,21285][transport_manager.cpp:716,GetStatus]
[HIXL_QUERY_PERF] layer=comm_channel request=0x5 mutex_wait_us=0 check_us=0 lookup_us=0 flag_check_us=0 complete_us=2 total_us=2 transfer_status=1
[HIXL_QUERY_PERF] layer=adxl_inner request=0x5 context_us=0 req_lock_wait_us=0 lookup_us=1 channel_us=7 cleanup_us=0 total_us=8 status=0 transfer_status=1
[HIXL_QUERY_PERF] layer=comm_engine request=0x5 total_us=11 status=0 transfer_status=1
[2026-08-24 20:57:06.614554][UC][I] [HIXL_WORKER_PERF] task_id=87 queue_depth=1 enqueue_lock_wait_us=0 enqueue_us=0 queue_wait_us=3 execute_us=16 result_post_us=3 total_us=22 status=0 [21272,21285][hixl_instance.cpp:107,Run]
[2026-08-24 20:57:06.614566][UC][I] [QUERY_PERF] component=ucm layer=hixl_instance request=0x5 queue_wait_us=5 backend_us=15 run_post_us=16 total_us=36 api_status=0 transfer_status=1 [21272,21285][hixl_instance.cpp:370,GetTransferStatus]
[2026-08-24 20:57:06.614572][UC][I] [QUERY_PERF] component=ucm layer=hixl_transport handle=5 request=0x5 lifecycle_lock_us=0 pending_lock_wait_us=0 pending_lookup_us=0 instance_us=41 erase_us=1 total_us=42 transfer_status=1 [21272,21285][hixl_transport.cpp:734,GetStatus]
[2026-08-24 20:57:06.614576][UC][I] [QUERY_PERF] component=ucm layer=transport_manager handle=5 transport_handle=5 transfers_lock_wait_us=0 lookup_us=0 transport_us=45 total_us=45 api_status=0 transfer_status=1 [21272,21285][transport_manager.cpp:716,GetStatus]
[2026-08-24 20:57:06.614581][UC][I] [PERF] component=transport event=transfer_done manager=127.0.0.1:8000 target=127.0.0.1:4500 handle=5 transport_handle=5 opcode=1 direct=2 segments=1 bytes=10 status=1 api_status=0 submitted_ts_us=1787576226614486 completed_ts_us=1787576226614580 manager_get_status_ts_us=1787576226614530 backend_query_ts_us=1787576226614534 submit_us=129 transfer_us=94 manager_to_backend_query_us=5 total_us=223 [21272,21285][transport_manager.cpp:727,GetStatus]
[2026-08-24 20:57:06.614586][UC][I] [PERF] component=drampool event=request_done request_id=3 opcode=0 peer=127.0.0.1:4500 batch_size=2 data_bytes=0 failed_items=0 status=SUCCESS failed_stage=NONE received_ts_us=1787576226614105 worker_started_ts_us=1787576226614241 data_transfer_submitted_ts_us=0 data_transfer_completed_ts_us=0 response_submitted_ts_us=1787576226614493 completed_ts_us=1787576226614584 data_tm_execute_async_ts_us=0 data_hixl_execute_async_ts_us=0 data_tm_get_status_ts_us=0 data_hixl_query_handle_ts_us=0 response_tm_execute_async_ts_us=1787576226614356 response_hixl_execute_async_ts_us=1787576226614364 response_tm_get_status_ts_us=1787576226614530 response_hixl_query_handle_ts_us=1787576226614534 request_queue_us=136 metadata_prepare_us=1 taskworker_prepare_us=3 poller_queue_us=110 data_transfer_us=0 metadata_settle_us=0 response_slot_wait_us=111 response_submit_us=138 response_transfer_us=91 data_tm_to_hixl_execute_async_us=0 data_tm_to_hixl_query_handle_us=0 response_tm_to_hixl_execute_async_us=8 response_tm_to_hixl_query_handle_us=5 total_us=479 [21272,21285][completion_poller.cc:56,LogRequestDone]
[HIXL_PERF] event=hccl_batch op=1 desc_num=1 hccl_us=59 status=0
[HIXL_PERF] event=issue_hccl_batch op=1 list_num=1 total_us=67
[HIXL_PERF] event=issue_async_host_flag op=1 list_num=1 context_us=0 hccl_issue_us=69 flag_memcpy_us=4 total_us=73
[HIXL_PERF] event=comm_channel_async op=1 list_num=1 mutex_wait_us=0 slot_us=1 host_flag_us=0 record_us=0 issue_us=76 total_us=77
[HIXL_PERF] event=adxl_inner_async op=1 list_num=1 context_us=1 connect_us=0 get_channel_us=0 channel_async_us=79 tail_us=0 total_us=80
[HIXL_PERF] event=comm_engine_async op=1 list_num=1 desc_build_us=0 inner_us=82 total_us=82 status=0
[2026-08-24 20:57:06.615148][UC][I] [HIXL_WORKER_PERF] task_id=88 queue_depth=1 enqueue_lock_wait_us=0 enqueue_us=0 queue_wait_us=4 execute_us=86 result_post_us=5 total_us=95 status=0 [21272,21285][hixl_instance.cpp:107,Run]
[2026-08-24 20:57:06.615154][UC][I] [PERF] component=transport event=transfer_submitted manager=127.0.0.1:8000 target=127.0.0.1:4500 handle=6 transport_handle=6 opcode=1 direct=2 segments=1 bytes=10 submitted_ts_us=1787576226615153 manager_execute_async_ts_us=1787576226615052 backend_execute_async_ts_us=1787576226615057 manager_to_backend_execute_async_us=5 submit_us=101 [21272,21285][transport_manager.cpp:674,ExecuteAsync]
[HIXL_QUERY_PERF] layer=comm_channel request=0x6 mutex_wait_us=0 check_us=0 lookup_us=0 flag_check_us=0 complete_us=0 total_us=0 transfer_status=0
[HIXL_QUERY_PERF] layer=adxl_inner request=0x6 context_us=0 req_lock_wait_us=0 lookup_us=1 channel_us=3 cleanup_us=0 total_us=4 status=0 transfer_status=0
[HIXL_QUERY_PERF] layer=comm_engine request=0x6 total_us=7 status=0 transfer_status=0
[2026-08-24 20:57:06.615178][UC][I] [HIXL_WORKER_PERF] task_id=89 queue_depth=1 enqueue_lock_wait_us=0 enqueue_us=0 queue_wait_us=4 execute_us=12 result_post_us=4 total_us=20 status=0 [21272,21285][hixl_instance.cpp:107,Run]
[2026-08-24 20:57:06.615183][UC][I] [QUERY_PERF] component=ucm layer=hixl_instance request=0x6 queue_wait_us=4 backend_us=12 run_post_us=9 total_us=25 api_status=0 transfer_status=0 [21272,21285][hixl_instance.cpp:370,GetTransferStatus]
[2026-08-24 20:57:06.615188][UC][I] [QUERY_PERF] component=ucm layer=hixl_transport handle=6 request=0x6 lifecycle_lock_us=0 pending_lock_wait_us=0 pending_lookup_us=0 instance_us=29 erase_us=0 total_us=29 transfer_status=0 [21272,21285][hixl_transport.cpp:734,GetStatus]
[2026-08-24 20:57:06.615192][UC][I] [QUERY_PERF] component=ucm layer=transport_manager handle=6 transport_handle=6 transfers_lock_wait_us=1 lookup_us=0 transport_us=33 total_us=34 api_status=0 transfer_status=0 [21272,21285][transport_manager.cpp:716,GetStatus]
[HIXL_QUERY_PERF] layer=comm_channel request=0x6 mutex_wait_us=0 check_us=0 lookup_us=0 flag_check_us=0 complete_us=2 total_us=2 transfer_status=1
[HIXL_QUERY_PERF] layer=adxl_inner request=0x6 context_us=1 req_lock_wait_us=0 lookup_us=0 channel_us=7 cleanup_us=0 total_us=8 status=0 transfer_status=1
[HIXL_QUERY_PERF] layer=comm_engine request=0x6 total_us=13 status=0 transfer_status=1
[2026-08-24 20:57:06.615226][UC][I] [HIXL_WORKER_PERF] task_id=90 queue_depth=1 enqueue_lock_wait_us=0 enqueue_us=0 queue_wait_us=4 execute_us=16 result_post_us=3 total_us=23 status=0 [21272,21285][hixl_instance.cpp:107,Run]
[2026-08-24 20:57:06.615232][UC][I] [QUERY_PERF] component=ucm layer=hixl_instance request=0x6 queue_wait_us=4 backend_us=16 run_post_us=10 total_us=30 api_status=0 transfer_status=1 [21272,21285][hixl_instance.cpp:370,GetTransferStatus]
[2026-08-24 20:57:06.615235][UC][I] [QUERY_PERF] component=ucm layer=hixl_transport handle=6 request=0x6 lifecycle_lock_us=0 pending_lock_wait_us=0 pending_lookup_us=0 instance_us=32 erase_us=0 total_us=32 transfer_status=1 [21272,21285][hixl_transport.cpp:734,GetStatus]
[2026-08-24 20:57:06.615240][UC][I] [QUERY_PERF] component=ucm layer=transport_manager handle=6 transport_handle=6 transfers_lock_wait_us=1 lookup_us=0 transport_us=38 total_us=39 api_status=0 transfer_status=1 [21272,21285][transport_manager.cpp:716,GetStatus]
[2026-08-24 20:57:06.615243][UC][I] [PERF] component=transport event=transfer_done manager=127.0.0.1:8000 target=127.0.0.1:4500 handle=6 transport_handle=6 opcode=1 direct=2 segments=1 bytes=10 status=1 api_status=0 submitted_ts_us=1787576226615153 completed_ts_us=1787576226615243 manager_get_status_ts_us=1787576226615201 backend_query_ts_us=1787576226615206 submit_us=101 transfer_us=90 manager_to_backend_query_us=5 total_us=191 [21272,21285][transport_manager.cpp:727,GetStatus]
[2026-08-24 20:57:06.615250][UC][I] [PERF] component=drampool event=request_done request_id=4 opcode=0 peer=127.0.0.1:4500 batch_size=2 data_bytes=0 failed_items=0 status=SUCCESS failed_stage=NONE received_ts_us=1787576226614879 worker_started_ts_us=1787576226615005 data_transfer_submitted_ts_us=0 data_transfer_completed_ts_us=0 response_submitted_ts_us=1787576226615157 completed_ts_us=1787576226615248 data_tm_execute_async_ts_us=0 data_hixl_execute_async_ts_us=0 data_tm_get_status_ts_us=0 data_hixl_query_handle_ts_us=0 response_tm_execute_async_ts_us=1787576226615052 response_hixl_execute_async_ts_us=1787576226615057 response_tm_get_status_ts_us=1787576226615201 response_hixl_query_handle_ts_us=1787576226615206 request_queue_us=126 metadata_prepare_us=1 taskworker_prepare_us=2 poller_queue_us=44 data_transfer_us=0 metadata_settle_us=0 response_slot_wait_us=45 response_submit_us=106 response_transfer_us=91 data_tm_to_hixl_execute_async_us=0 data_tm_to_hixl_query_handle_us=0 response_tm_to_hixl_execute_async_us=5 response_tm_to_hixl_query_handle_us=5 total_us=369 [21272,21285][completion_poller.cc:56,LogRequestDone]
[HIXL_PERF] event=hccl_batch op=1 desc_num=1 hccl_us=56 status=0
[HIXL_PERF] event=issue_hccl_batch op=1 list_num=1 total_us=63
[HIXL_PERF] event=issue_async_host_flag op=1 list_num=1 context_us=1 hccl_issue_us=65 flag_memcpy_us=4 total_us=70
[HIXL_PERF] event=comm_channel_async op=1 list_num=1 mutex_wait_us=0 slot_us=0 host_flag_us=0 record_us=0 issue_us=73 total_us=73
[HIXL_PERF] event=adxl_inner_async op=1 list_num=1 context_us=0 connect_us=0 get_channel_us=1 channel_async_us=75 tail_us=0 total_us=76
[HIXL_PERF] event=comm_engine_async op=1 list_num=1 desc_build_us=0 inner_us=79 total_us=79 status=0
[2026-08-24 20:57:06.615806][UC][I] [HIXL_WORKER_PERF] task_id=91 queue_depth=1 enqueue_lock_wait_us=0 enqueue_us=0 queue_wait_us=4 execute_us=82 result_post_us=4 total_us=90 status=0 [21272,21285][hixl_instance.cpp:107,Run]
[2026-08-24 20:57:06.615811][UC][I] [PERF] component=transport event=transfer_submitted manager=127.0.0.1:8000 target=127.0.0.1:4500 handle=7 transport_handle=7 opcode=1 direct=2 segments=1 bytes=10 submitted_ts_us=1787576226615810 manager_execute_async_ts_us=1787576226615714 backend_execute_async_ts_us=1787576226615719 manager_to_backend_execute_async_us=5 submit_us=96 [21272,21285][transport_manager.cpp:674,ExecuteAsync]
[HIXL_QUERY_PERF] layer=comm_channel request=0x7 mutex_wait_us=1 check_us=0 lookup_us=0 flag_check_us=0 complete_us=1 total_us=2 transfer_status=1
[HIXL_QUERY_PERF] layer=adxl_inner request=0x7 context_us=1 req_lock_wait_us=0 lookup_us=0 channel_us=8 cleanup_us=0 total_us=9 status=0 transfer_status=1
[HIXL_QUERY_PERF] layer=comm_engine request=0x7 total_us=14 status=0 transfer_status=1
[2026-08-24 20:57:06.615840][UC][I] [HIXL_WORKER_PERF] task_id=92 queue_depth=1 enqueue_lock_wait_us=1 enqueue_us=0 queue_wait_us=4 execute_us=16 result_post_us=4 total_us=25 status=0 [21272,21285][hixl_instance.cpp:107,Run]
[2026-08-24 20:57:06.615846][UC][I] [QUERY_PERF] component=ucm layer=hixl_instance request=0x7 queue_wait_us=5 backend_us=16 run_post_us=10 total_us=31 api_status=0 transfer_status=1 [21272,21285][hixl_instance.cpp:370,GetTransferStatus]
[2026-08-24 20:57:06.615852][UC][I] [QUERY_PERF] component=ucm layer=hixl_transport handle=7 request=0x7 lifecycle_lock_us=0 pending_lock_wait_us=0 pending_lookup_us=0 instance_us=36 erase_us=0 total_us=36 transfer_status=1 [21272,21285][hixl_transport.cpp:734,GetStatus]
[2026-08-24 20:57:06.615859][UC][I] [QUERY_PERF] component=ucm layer=transport_manager handle=7 transport_handle=7 transfers_lock_wait_us=0 lookup_us=0 transport_us=44 total_us=44 api_status=0 transfer_status=1 [21272,21285][transport_manager.cpp:716,GetStatus]
[2026-08-24 20:57:06.615883][UC][I] [PERF] component=transport event=transfer_done manager=127.0.0.1:8000 target=127.0.0.1:4500 handle=7 transport_handle=7 opcode=1 direct=2 segments=1 bytes=10 status=1 api_status=0 submitted_ts_us=1787576226615810 completed_ts_us=1787576226615882 manager_get_status_ts_us=1787576226615815 backend_query_ts_us=1787576226615820 submit_us=96 transfer_us=71 manager_to_backend_query_us=5 total_us=167 [21272,21285][transport_manager.cpp:727,GetStatus]
[2026-08-24 20:57:06.615894][UC][I] [PERF] component=drampool event=request_done request_id=5 opcode=0 peer=127.0.0.1:4500 batch_size=2 data_bytes=0 failed_items=0 status=SUCCESS failed_stage=NONE received_ts_us=1787576226615505 worker_started_ts_us=1787576226615615 data_transfer_submitted_ts_us=0 data_transfer_completed_ts_us=0 response_submitted_ts_us=1787576226615814 completed_ts_us=1787576226615892 data_tm_execute_async_ts_us=0 data_hixl_execute_async_ts_us=0 data_tm_get_status_ts_us=0 data_hixl_query_handle_ts_us=0 response_tm_execute_async_ts_us=1787576226615714 response_hixl_execute_async_ts_us=1787576226615719 response_tm_get_status_ts_us=1787576226615815 response_hixl_query_handle_ts_us=1787576226615820 request_queue_us=111 metadata_prepare_us=0 taskworker_prepare_us=1 poller_queue_us=95 data_transfer_us=0 metadata_settle_us=0 response_slot_wait_us=95 response_submit_us=102 response_transfer_us=77 data_tm_to_hixl_execute_async_us=0 data_tm_to_hixl_query_handle_us=0 response_tm_to_hixl_execute_async_us=5 response_tm_to_hixl_query_handle_us=5 total_us=387 [21272,21285][completion_poller.cc:56,LogRequestDone]
[HIXL_PERF] event=hccl_batch op=1 desc_num=1 hccl_us=56 status=0
[HIXL_PERF] event=issue_hccl_batch op=1 list_num=1 total_us=64
[HIXL_PERF] event=issue_async_host_flag op=1 list_num=1 context_us=1 hccl_issue_us=65 flag_memcpy_us=5 total_us=71
[HIXL_PERF] event=comm_channel_async op=1 list_num=1 mutex_wait_us=0 slot_us=0 host_flag_us=0 record_us=0 issue_us=73 total_us=73
[HIXL_PERF] event=adxl_inner_async op=1 list_num=1 context_us=0 connect_us=0 get_channel_us=1 channel_async_us=75 tail_us=0 total_us=76
[HIXL_PERF] event=comm_engine_async op=1 list_num=1 desc_build_us=0 inner_us=79 total_us=79 status=0
[2026-08-24 20:57:06.616453][UC][I] [HIXL_WORKER_PERF] task_id=93 queue_depth=1 enqueue_lock_wait_us=1 enqueue_us=0 queue_wait_us=5 execute_us=82 result_post_us=4 total_us=92 status=0 [21272,21285][hixl_instance.cpp:107,Run]
[2026-08-24 20:57:06.616459][UC][I] [PERF] component=transport event=transfer_submitted manager=127.0.0.1:8000 target=127.0.0.1:4500 handle=8 transport_handle=8 opcode=1 direct=2 segments=1 bytes=10 submitted_ts_us=1787576226616458 manager_execute_async_ts_us=1787576226616359 backend_execute_async_ts_us=1787576226616366 manager_to_backend_execute_async_us=6 submit_us=98 [21272,21285][transport_manager.cpp:674,ExecuteAsync]
[HIXL_QUERY_PERF] layer=comm_channel request=0x8 mutex_wait_us=0 check_us=0 lookup_us=0 flag_check_us=0 complete_us=1 total_us=1 transfer_status=1
[HIXL_QUERY_PERF] layer=adxl_inner request=0x8 context_us=1 req_lock_wait_us=0 lookup_us=1 channel_us=5 cleanup_us=0 total_us=7 status=0 transfer_status=1
[HIXL_QUERY_PERF] layer=comm_engine request=0x8 total_us=12 status=0 transfer_status=1
[2026-08-24 20:57:06.616486][UC][I] [HIXL_WORKER_PERF] task_id=94 queue_depth=1 enqueue_lock_wait_us=0 enqueue_us=0 queue_wait_us=4 execute_us=14 result_post_us=4 total_us=22 status=0 [21272,21285][hixl_instance.cpp:107,Run]
[2026-08-24 20:57:06.616492][UC][I] [QUERY_PERF] component=ucm layer=hixl_instance request=0x8 queue_wait_us=5 backend_us=14 run_post_us=10 total_us=29 api_status=0 transfer_status=1 [21272,21285][hixl_instance.cpp:370,GetTransferStatus]
[2026-08-24 20:57:06.616499][UC][I] [QUERY_PERF] component=ucm layer=hixl_transport handle=8 request=0x8 lifecycle_lock_us=0 pending_lock_wait_us=0 pending_lookup_us=0 instance_us=36 erase_us=0 total_us=36 transfer_status=1 [21272,21285][hixl_transport.cpp:734,GetStatus]
[2026-08-24 20:57:06.616503][UC][I] [QUERY_PERF] component=ucm layer=transport_manager handle=8 transport_handle=8 transfers_lock_wait_us=0 lookup_us=0 transport_us=41 total_us=41 api_status=0 transfer_status=1 [21272,21285][transport_manager.cpp:716,GetStatus]
[2026-08-24 20:57:06.616507][UC][I] [PERF] component=transport event=transfer_done manager=127.0.0.1:8000 target=127.0.0.1:4500 handle=8 transport_handle=8 opcode=1 direct=2 segments=1 bytes=10 status=1 api_status=0 submitted_ts_us=1787576226616458 completed_ts_us=1787576226616506 manager_get_status_ts_us=1787576226616462 backend_query_ts_us=1787576226616467 submit_us=98 transfer_us=48 manager_to_backend_query_us=5 total_us=146 [21272,21285][transport_manager.cpp:727,GetStatus]
[2026-08-24 20:57:06.616514][UC][I] [PERF] component=drampool event=request_done request_id=6 opcode=0 peer=127.0.0.1:4500 batch_size=2 data_bytes=0 failed_items=0 status=SUCCESS failed_stage=NONE received_ts_us=1787576226616214 worker_started_ts_us=1787576226616228 data_transfer_submitted_ts_us=0 data_transfer_completed_ts_us=0 response_submitted_ts_us=1787576226616461 completed_ts_us=1787576226616513 data_tm_execute_async_ts_us=0 data_hixl_execute_async_ts_us=0 data_tm_get_status_ts_us=0 data_hixl_query_handle_ts_us=0 response_tm_execute_async_ts_us=1787576226616359 response_hixl_execute_async_ts_us=1787576226616366 response_tm_get_status_ts_us=1787576226616462 response_hixl_query_handle_ts_us=1787576226616467 request_queue_us=13 metadata_prepare_us=0 taskworker_prepare_us=2 poller_queue_us=128 data_transfer_us=0 metadata_settle_us=0 response_slot_wait_us=129 response_submit_us=103 response_transfer_us=51 data_tm_to_hixl_execute_async_us=0 data_tm_to_hixl_query_handle_us=0 response_tm_to_hixl_execute_async_us=6 response_tm_to_hixl_query_handle_us=5 total_us=298 [21272,21285][completion_poller.cc:56,LogRequestDone]
[HIXL_PERF] event=hccl_batch op=1 desc_num=1 hccl_us=62 status=0
[HIXL_PERF] event=issue_hccl_batch op=1 list_num=1 total_us=69
[HIXL_PERF] event=issue_async_host_flag op=1 list_num=1 context_us=0 hccl_issue_us=71 flag_memcpy_us=5 total_us=76
[HIXL_PERF] event=comm_channel_async op=1 list_num=1 mutex_wait_us=0 slot_us=1 host_flag_us=0 record_us=0 issue_us=78 total_us=79
[HIXL_PERF] event=adxl_inner_async op=1 list_num=1 context_us=1 connect_us=0 get_channel_us=0 channel_async_us=81 tail_us=0 total_us=82
[HIXL_PERF] event=comm_engine_async op=1 list_num=1 desc_build_us=0 inner_us=84 total_us=84 status=0
[2026-08-24 20:57:06.617083][UC][I] [HIXL_WORKER_PERF] task_id=95 queue_depth=1 enqueue_lock_wait_us=0 enqueue_us=0 queue_wait_us=5 execute_us=88 result_post_us=4 total_us=97 status=0 [21272,21285][hixl_instance.cpp:107,Run]
[2026-08-24 20:57:06.617088][UC][I] [PERF] component=transport event=transfer_submitted manager=127.0.0.1:8000 target=127.0.0.1:4500 handle=9 transport_handle=9 opcode=1 direct=2 segments=1 bytes=10 submitted_ts_us=1787576226617087 manager_execute_async_ts_us=1787576226616984 backend_execute_async_ts_us=1787576226616991 manager_to_backend_execute_async_us=7 submit_us=103 [21272,21285][transport_manager.cpp:674,ExecuteAsync]
[HIXL_QUERY_PERF] layer=comm_channel request=0x9 mutex_wait_us=0 check_us=0 lookup_us=0 flag_check_us=1 complete_us=0 total_us=1 transfer_status=0
[HIXL_QUERY_PERF] layer=adxl_inner request=0x9 context_us=1 req_lock_wait_us=0 lookup_us=0 channel_us=4 cleanup_us=0 total_us=5 status=0 transfer_status=0
[HIXL_QUERY_PERF] layer=comm_engine request=0x9 total_us=10 status=0 transfer_status=0
[2026-08-24 20:57:06.617113][UC][I] [HIXL_WORKER_PERF] task_id=96 queue_depth=1 enqueue_lock_wait_us=0 enqueue_us=0 queue_wait_us=5 execute_us=12 result_post_us=4 total_us=21 status=0 [21272,21285][hixl_instance.cpp:107,Run]
[2026-08-24 20:57:06.617122][UC][I] [QUERY_PERF] component=ucm layer=hixl_instance request=0x9 queue_wait_us=5 backend_us=12 run_post_us=13 total_us=30 api_status=0 transfer_status=0 [21272,21285][hixl_instance.cpp:370,GetTransferStatus]
[2026-08-24 20:57:06.617125][UC][I] [QUERY_PERF] component=ucm layer=hixl_transport handle=9 request=0x9 lifecycle_lock_us=0 pending_lock_wait_us=0 pending_lookup_us=0 instance_us=33 erase_us=0 total_us=33 transfer_status=0 [21272,21285][hixl_transport.cpp:734,GetStatus]
[2026-08-24 20:57:06.617128][UC][I] [QUERY_PERF] component=ucm layer=transport_manager handle=9 transport_handle=9 transfers_lock_wait_us=0 lookup_us=1 transport_us=36 total_us=37 api_status=0 transfer_status=0 [21272,21285][transport_manager.cpp:716,GetStatus]
[HIXL_QUERY_PERF] layer=comm_channel request=0x9 mutex_wait_us=0 check_us=0 lookup_us=0 flag_check_us=0 complete_us=0 total_us=1 transfer_status=0
[HIXL_QUERY_PERF] layer=adxl_inner request=0x9 context_us=1 req_lock_wait_us=0 lookup_us=0 channel_us=3 cleanup_us=0 total_us=4 status=0 transfer_status=0
[HIXL_QUERY_PERF] layer=comm_engine request=0x9 total_us=9 status=0 transfer_status=0
[2026-08-24 20:57:06.617150][UC][I] [HIXL_WORKER_PERF] task_id=97 queue_depth=1 enqueue_lock_wait_us=0 enqueue_us=0 queue_wait_us=4 execute_us=11 result_post_us=3 total_us=18 status=0 [21272,21285][hixl_instance.cpp:107,Run]
[2026-08-24 20:57:06.617156][UC][I] [QUERY_PERF] component=ucm layer=hixl_instance request=0x9 queue_wait_us=4 backend_us=11 run_post_us=10 total_us=25 api_status=0 transfer_status=0 [21272,21285][hixl_instance.cpp:370,GetTransferStatus]
[2026-08-24 20:57:06.617159][UC][I] [QUERY_PERF] component=ucm layer=hixl_transport handle=9 request=0x9 lifecycle_lock_us=0 pending_lock_wait_us=0 pending_lookup_us=0 instance_us=28 erase_us=0 total_us=28 transfer_status=0 [21272,21285][hixl_transport.cpp:734,GetStatus]
[2026-08-24 20:57:06.617163][UC][I] [QUERY_PERF] component=ucm layer=transport_manager handle=9 transport_handle=9 transfers_lock_wait_us=1 lookup_us=0 transport_us=32 total_us=33 api_status=0 transfer_status=0 [21272,21285][transport_manager.cpp:716,GetStatus]
[HIXL_QUERY_PERF] layer=comm_channel request=0x9 mutex_wait_us=0 check_us=0 lookup_us=0 flag_check_us=0 complete_us=1 total_us=1 transfer_status=1
[HIXL_QUERY_PERF] layer=adxl_inner request=0x9 context_us=0 req_lock_wait_us=0 lookup_us=1 channel_us=5 cleanup_us=0 total_us=6 status=0 transfer_status=1
[HIXL_QUERY_PERF] layer=comm_engine request=0x9 total_us=10 status=0 transfer_status=1
[2026-08-24 20:57:06.617189][UC][I] [HIXL_WORKER_PERF] task_id=98 queue_depth=1 enqueue_lock_wait_us=0 enqueue_us=0 queue_wait_us=4 execute_us=13 result_post_us=3 total_us=20 status=0 [21272,21285][hixl_instance.cpp:107,Run]
[2026-08-24 20:57:06.617194][UC][I] [QUERY_PERF] component=ucm layer=hixl_instance request=0x9 queue_wait_us=4 backend_us=13 run_post_us=8 total_us=25 api_status=0 transfer_status=1 [21272,21285][hixl_instance.cpp:370,GetTransferStatus]
[2026-08-24 20:57:06.617200][UC][I] [QUERY_PERF] component=ucm layer=hixl_transport handle=9 request=0x9 lifecycle_lock_us=1 pending_lock_wait_us=0 pending_lookup_us=0 instance_us=31 erase_us=0 total_us=32 transfer_status=1 [21272,21285][hixl_transport.cpp:734,GetStatus]
[2026-08-24 20:57:06.617208][UC][I] [QUERY_PERF] component=ucm layer=transport_manager handle=9 transport_handle=9 transfers_lock_wait_us=0 lookup_us=0 transport_us=40 total_us=40 api_status=0 transfer_status=1 [21272,21285][transport_manager.cpp:716,GetStatus]
[2026-08-24 20:57:06.617213][UC][I] [PERF] component=transport event=transfer_done manager=127.0.0.1:8000 target=127.0.0.1:4500 handle=9 transport_handle=9 opcode=1 direct=2 segments=1 bytes=10 status=1 api_status=0 submitted_ts_us=1787576226617087 completed_ts_us=1787576226617213 manager_get_status_ts_us=1787576226617167 backend_query_ts_us=1787576226617172 submit_us=103 transfer_us=126 manager_to_backend_query_us=5 total_us=229 [21272,21285][transport_manager.cpp:727,GetStatus]
[2026-08-24 20:57:06.617220][UC][I] [PERF] component=drampool event=request_done request_id=7 opcode=0 peer=127.0.0.1:4500 batch_size=2 data_bytes=0 failed_items=0 status=SUCCESS failed_stage=NONE received_ts_us=1787576226616698 worker_started_ts_us=1787576226616841 data_transfer_submitted_ts_us=0 data_transfer_completed_ts_us=0 response_submitted_ts_us=1787576226617091 completed_ts_us=1787576226617218 data_tm_execute_async_ts_us=0 data_hixl_execute_async_ts_us=0 data_tm_get_status_ts_us=0 data_hixl_query_handle_ts_us=0 response_tm_execute_async_ts_us=1787576226616984 response_hixl_execute_async_ts_us=1787576226616991 response_tm_get_status_ts_us=1787576226617167 response_hixl_query_handle_ts_us=1787576226617172 request_queue_us=143 metadata_prepare_us=1 taskworker_prepare_us=1 poller_queue_us=141 data_transfer_us=0 metadata_settle_us=0 response_slot_wait_us=141 response_submit_us=108 response_transfer_us=127 data_tm_to_hixl_execute_async_us=0 data_tm_to_hixl_query_handle_us=0 response_tm_to_hixl_execute_async_us=7 response_tm_to_hixl_query_handle_us=5 total_us=521 [21272,21285][completion_poller.cc:56,LogRequestDone]
[HIXL_PERF] event=hccl_batch op=1 desc_num=1 hccl_us=57 status=0
[HIXL_PERF] event=issue_hccl_batch op=1 list_num=1 total_us=64
[HIXL_PERF] event=issue_async_host_flag op=1 list_num=1 context_us=1 hccl_issue_us=66 flag_memcpy_us=4 total_us=71
[HIXL_PERF] event=comm_channel_async op=1 list_num=1 mutex_wait_us=0 slot_us=0 host_flag_us=0 record_us=0 issue_us=73 total_us=73
[HIXL_PERF] event=adxl_inner_async op=1 list_num=1 context_us=0 connect_us=0 get_channel_us=1 channel_async_us=75 tail_us=1 total_us=77
[HIXL_PERF] event=comm_engine_async op=1 list_num=1 desc_build_us=0 inner_us=79 total_us=79 status=0
[2026-08-24 20:57:06.617627][UC][I] [HIXL_WORKER_PERF] task_id=99 queue_depth=1 enqueue_lock_wait_us=0 enqueue_us=0 queue_wait_us=4 execute_us=82 result_post_us=4 total_us=90 status=0 [21272,21285][hixl_instance.cpp:107,Run]
[2026-08-24 20:57:06.617632][UC][I] [PERF] component=transport event=transfer_submitted manager=127.0.0.1:8000 target=127.0.0.1:4500 handle=10 transport_handle=10 opcode=1 direct=2 segments=1 bytes=10 submitted_ts_us=1787576226617631 manager_execute_async_ts_us=1787576226617535 backend_execute_async_ts_us=1787576226617540 manager_to_backend_execute_async_us=5 submit_us=96 [21272,21285][transport_manager.cpp:674,ExecuteAsync]
[HIXL_QUERY_PERF] layer=comm_channel request=0xa mutex_wait_us=0 check_us=0 lookup_us=0 flag_check_us=0 complete_us=0 total_us=0 transfer_status=0
[HIXL_QUERY_PERF] layer=adxl_inner request=0xa context_us=0 req_lock_wait_us=0 lookup_us=1 channel_us=4 cleanup_us=0 total_us=5 status=0 transfer_status=0
[HIXL_QUERY_PERF] layer=comm_engine request=0xa total_us=7 status=0 transfer_status=0
[2026-08-24 20:57:06.617656][UC][I] [HIXL_WORKER_PERF] task_id=100 queue_depth=1 enqueue_lock_wait_us=0 enqueue_us=0 queue_wait_us=4 execute_us=12 result_post_us=4 total_us=20 status=0 [21272,21285][hixl_instance.cpp:107,Run]
[2026-08-24 20:57:06.617663][UC][I] [QUERY_PERF] component=ucm layer=hixl_instance request=0xa queue_wait_us=4 backend_us=12 run_post_us=11 total_us=27 api_status=0 transfer_status=0 [21272,21285][hixl_instance.cpp:370,GetTransferStatus]
[2026-08-24 20:57:06.617668][UC][I] [QUERY_PERF] component=ucm layer=hixl_transport handle=10 request=0xa lifecycle_lock_us=0 pending_lock_wait_us=0 pending_lookup_us=0 instance_us=31 erase_us=0 total_us=31 transfer_status=0 [21272,21285][hixl_transport.cpp:734,GetStatus]
[2026-08-24 20:57:06.617671][UC][I] [QUERY_PERF] component=ucm layer=transport_manager handle=10 transport_handle=10 transfers_lock_wait_us=1 lookup_us=0 transport_us=35 total_us=36 api_status=0 transfer_status=0 [21272,21285][transport_manager.cpp:716,GetStatus]
[HIXL_QUERY_PERF] layer=comm_channel request=0xa mutex_wait_us=1 check_us=0 lookup_us=0 flag_check_us=0 complete_us=1 total_us=2 transfer_status=1
[HIXL_QUERY_PERF] layer=adxl_inner request=0xa context_us=0 req_lock_wait_us=0 lookup_us=0 channel_us=6 cleanup_us=1 total_us=7 status=0 transfer_status=1
[HIXL_QUERY_PERF] layer=comm_engine request=0xa total_us=11 status=0 transfer_status=1
[2026-08-24 20:57:06.617702][UC][I] [HIXL_WORKER_PERF] task_id=101 queue_depth=1 enqueue_lock_wait_us=0 enqueue_us=0 queue_wait_us=4 execute_us=17 result_post_us=4 total_us=25 status=0 [21272,21285][hixl_instance.cpp:107,Run]
[2026-08-24 20:57:06.617709][UC][I] [QUERY_PERF] component=ucm layer=hixl_instance request=0xa queue_wait_us=4 backend_us=17 run_post_us=11 total_us=32 api_status=0 transfer_status=1 [21272,21285][hixl_instance.cpp:370,GetTransferStatus]
[2026-08-24 20:57:06.617718][UC][I] [QUERY_PERF] component=ucm layer=hixl_transport handle=10 request=0xa lifecycle_lock_us=0 pending_lock_wait_us=0 pending_lookup_us=0 instance_us=41 erase_us=0 total_us=41 transfer_status=1 [21272,21285][hixl_transport.cpp:734,GetStatus]
[2026-08-24 20:57:06.617727][UC][I] [QUERY_PERF] component=ucm layer=transport_manager handle=10 transport_handle=10 transfers_lock_wait_us=0 lookup_us=1 transport_us=51 total_us=52 api_status=0 transfer_status=1 [21272,21285][transport_manager.cpp:716,GetStatus]
[2026-08-24 20:57:06.617731][UC][I] [PERF] component=transport event=transfer_done manager=127.0.0.1:8000 target=127.0.0.1:4500 handle=10 transport_handle=10 opcode=1 direct=2 segments=1 bytes=10 status=1 api_status=0 submitted_ts_us=1787576226617631 completed_ts_us=1787576226617730 manager_get_status_ts_us=1787576226617675 backend_query_ts_us=1787576226617680 submit_us=96 transfer_us=99 manager_to_backend_query_us=5 total_us=195 [21272,21285][transport_manager.cpp:727,GetStatus]
[2026-08-24 20:57:06.617737][UC][I] [PERF] component=drampool event=request_done request_id=8 opcode=0 peer=127.0.0.1:4500 batch_size=2 data_bytes=0 failed_items=0 status=SUCCESS failed_stage=NONE received_ts_us=1787576226617399 worker_started_ts_us=1787576226617451 data_transfer_submitted_ts_us=0 data_transfer_completed_ts_us=0 response_submitted_ts_us=1787576226617635 completed_ts_us=1787576226617735 data_tm_execute_async_ts_us=0 data_hixl_execute_async_ts_us=0 data_tm_get_status_ts_us=0 data_hixl_query_handle_ts_us=0 response_tm_execute_async_ts_us=1787576226617535 response_hixl_execute_async_ts_us=1787576226617540 response_tm_get_status_ts_us=1787576226617675 response_hixl_query_handle_ts_us=1787576226617680 request_queue_us=53 metadata_prepare_us=0 taskworker_prepare_us=1 poller_queue_us=80 data_transfer_us=0 metadata_settle_us=0 response_slot_wait_us=82 response_submit_us=101 response_transfer_us=100 data_tm_to_hixl_execute_async_us=0 data_tm_to_hixl_query_handle_us=0 response_tm_to_hixl_execute_async_us=5 response_tm_to_hixl_query_handle_us=5 total_us=336 [21272,21285][completion_poller.cc:56,LogRequestDone]
[2026-08-24 20:57:06.696380][UC][I] ShardMetadata StoreBegin: key already exists. [21272,21286][metadata.cc:57,StoreBegin]
[2026-08-24 20:57:06.696399][UC][I] ShardMetadata StoreBegin: key already exists. [21272,21286][metadata.cc:57,StoreBegin]
[2026-08-24 20:57:06.696402][UC][I] ShardMetadata StoreBegin: key already exists. [21272,21286][metadata.cc:57,StoreBegin]
[2026-08-24 20:57:06.696406][UC][I] ShardMetadata StoreBegin: key already exists. [21272,21286][metadata.cc:57,StoreBegin]
[2026-08-24 20:57:06.696409][UC][I] ShardMetadata StoreBegin: key already exists. [21272,21286][metadata.cc:57,StoreBegin]
[2026-08-24 20:57:06.696412][UC][I] ShardMetadata StoreBegin: key already exists. [21272,21286][metadata.cc:57,StoreBegin]
[2026-08-24 20:57:06.696414][UC][I] ShardMetadata StoreBegin: key already exists. [21272,21286][metadata.cc:57,StoreBegin]
[2026-08-24 20:57:06.696417][UC][I] ShardMetadata StoreBegin: key already exists. [21272,21286][metadata.cc:57,StoreBegin]
[2026-08-24 20:57:06.696420][UC][I] ShardMetadata StoreBegin: key already exists. [21272,21286][metadata.cc:57,StoreBegin]
[2026-08-24 20:57:06.696422][UC][I] ShardMetadata StoreBegin: key already exists. [21272,21286][metadata.cc:57,StoreBegin]
[2026-08-24 20:57:06.696425][UC][I] ShardMetadata StoreBegin: key already exists. [21272,21286][metadata.cc:57,StoreBegin]
[2026-08-24 20:57:06.696428][UC][I] ShardMetadata StoreBegin: key already exists. [21272,21286][metadata.cc:57,StoreBegin]
[2026-08-24 20:57:06.696435][UC][I] ShardMetadata StoreBegin: key already exists. [21272,21286][metadata.cc:57,StoreBegin]
[2026-08-24 20:57:06.696439][UC][I] ShardMetadata StoreBegin: key already exists. [21272,21286][metadata.cc:57,StoreBegin]
[2026-08-24 20:57:06.696441][UC][I] ShardMetadata StoreBegin: key already exists. [21272,21286][metadata.cc:57,StoreBegin]
[2026-08-24 20:57:06.696452][UC][I] ShardMetadata StoreBegin: key already exists. [21272,21286][metadata.cc:57,StoreBegin]
[2026-08-24 20:57:06.696456][UC][I] ShardMetadata StoreBegin: key already exists. [21272,21286][metadata.cc:57,StoreBegin]
[2026-08-24 20:57:06.696459][UC][I] ShardMetadata StoreBegin: key already exists. [21272,21286][metadata.cc:57,StoreBegin]
[2026-08-24 20:57:06.696462][UC][I] ShardMetadata StoreBegin: key already exists. [21272,21286][metadata.cc:57,StoreBegin]
[2026-08-24 20:57:06.696465][UC][I] ShardMetadata StoreBegin: key already exists. [21272,21286][metadata.cc:57,StoreBegin]
[2026-08-24 20:57:06.696469][UC][I] ShardMetadata StoreBegin: key already exists. [21272,21286][metadata.cc:57,StoreBegin]
[2026-08-24 20:57:06.696474][UC][I] ShardMetadata StoreBegin: key already exists. [21272,21286][metadata.cc:57,StoreBegin]
[2026-08-24 20:57:06.696477][UC][I] ShardMetadata StoreBegin: key already exists. [21272,21286][metadata.cc:57,StoreBegin]
[2026-08-24 20:57:06.696480][UC][I] ShardMetadata StoreBegin: key already exists. [21272,21286][metadata.cc:57,StoreBegin]
[2026-08-24 20:57:06.696484][UC][I] ShardMetadata StoreBegin: key already exists. [21272,21286][metadata.cc:57,StoreBegin]
[2026-08-24 20:57:06.696486][UC][I] ShardMetadata StoreBegin: key already exists. [21272,21286][metadata.cc:57,StoreBegin]
[2026-08-24 20:57:06.696490][UC][I] ShardMetadata StoreBegin: key already exists. [21272,21286][metadata.cc:57,StoreBegin]
[2026-08-24 20:57:06.696494][UC][I] ShardMetadata StoreBegin: key already exists. [21272,21286][metadata.cc:57,StoreBegin]
[2026-08-24 20:57:06.696497][UC][I] ShardMetadata StoreBegin: key already exists. [21272,21286][metadata.cc:57,StoreBegin]
[2026-08-24 20:57:06.696500][UC][I] ShardMetadata StoreBegin: key already exists. [21272,21286][metadata.cc:57,StoreBegin]
[2026-08-24 20:57:06.696504][UC][I] ShardMetadata StoreBegin: key already exists. [21272,21286][metadata.cc:57,StoreBegin]
[2026-08-24 20:57:06.696507][UC][I] ShardMetadata StoreBegin: key already exists. [21272,21286][metadata.cc:57,StoreBegin]
[2026-08-24 20:57:06.696511][UC][I] ShardMetadata StoreBegin: key already exists. [21272,21286][metadata.cc:57,StoreBegin]
[2026-08-24 20:57:06.696516][UC][I] ShardMetadata StoreBegin: key already exists. [21272,21286][metadata.cc:57,StoreBegin]
[2026-08-24 20:57:06.696520][UC][I] ShardMetadata StoreBegin: key already exists. [21272,21286][metadata.cc:57,StoreBegin]
[2026-08-24 20:57:06.696524][UC][I] ShardMetadata StoreBegin: key already exists. [21272,21286][metadata.cc:57,StoreBegin]
[2026-08-24 20:57:06.696528][UC][I] ShardMetadata StoreBegin: key already exists. [21272,21286][metadata.cc:57,StoreBegin]
[2026-08-24 20:57:06.696531][UC][I] ShardMetadata StoreBegin: key already exists. [21272,21286][metadata.cc:57,StoreBegin]
[2026-08-24 20:57:06.696533][UC][I] ShardMetadata StoreBegin: key already exists. [21272,21286][metadata.cc:57,StoreBegin]
[2026-08-24 20:57:06.696536][UC][I] ShardMetadata StoreBegin: key already exists. [21272,21286][metadata.cc:57,StoreBegin]
[2026-08-24 20:57:06.696538][UC][I] ShardMetadata StoreBegin: key already exists. [21272,21286][metadata.cc:57,StoreBegin]
[2026-08-24 20:57:06.696540][UC][I] ShardMetadata StoreBegin: key already exists. [21272,21286][metadata.cc:57,StoreBegin]
[2026-08-24 20:57:06.696543][UC][I] ShardMetadata StoreBegin: key already exists. [21272,21286][metadata.cc:57,StoreBegin]
[2026-08-24 20:57:06.696545][UC][I] ShardMetadata StoreBegin: key already exists. [21272,21286][metadata.cc:57,StoreBegin]
[2026-08-24 20:57:06.696548][UC][I] ShardMetadata StoreBegin: key already exists. [21272,21286][metadata.cc:57,StoreBegin]
[2026-08-24 20:57:06.696554][UC][I] ShardMetadata StoreBegin: key already exists. [21272,21286][metadata.cc:57,StoreBegin]
[2026-08-24 20:57:06.696557][UC][I] ShardMetadata StoreBegin: key already exists. [21272,21286][metadata.cc:57,StoreBegin]
[2026-08-24 20:57:06.696562][UC][I] ShardMetadata StoreBegin: key already exists. [21272,21286][metadata.cc:57,StoreBegin]
[2026-08-24 20:57:06.696570][UC][I] ShardMetadata StoreBegin: key already exists. [21272,21286][metadata.cc:57,StoreBegin]
[2026-08-24 20:57:06.696575][UC][I] ShardMetadata StoreBegin: key already exists. [21272,21286][metadata.cc:57,StoreBegin]
[2026-08-24 20:57:06.696579][UC][I] ShardMetadata StoreBegin: key already exists. [21272,21286][metadata.cc:57,StoreBegin]
[2026-08-24 20:57:06.696583][UC][I] ShardMetadata StoreBegin: key already exists. [21272,21286][metadata.cc:57,StoreBegin]
[2026-08-24 20:57:06.696587][UC][I] ShardMetadata StoreBegin: key already exists. [21272,21286][metadata.cc:57,StoreBegin]
[2026-08-24 20:57:06.696591][UC][I] ShardMetadata StoreBegin: key already exists. [21272,21286][metadata.cc:57,StoreBegin]
[2026-08-24 20:57:06.696595][UC][I] ShardMetadata StoreBegin: key already exists. [21272,21286][metadata.cc:57,StoreBegin]
[2026-08-24 20:57:06.696598][UC][I] ShardMetadata StoreBegin: key already exists. [21272,21286][metadata.cc:57,StoreBegin]
[2026-08-24 20:57:06.696601][UC][I] ShardMetadata StoreBegin: key already exists. [21272,21286][metadata.cc:57,StoreBegin]
[2026-08-24 20:57:06.696606][UC][I] ShardMetadata StoreBegin: key already exists. [21272,21286][metadata.cc:57,StoreBegin]
[2026-08-24 20:57:06.696609][UC][I] ShardMetadata StoreBegin: key already exists. [21272,21286][metadata.cc:57,StoreBegin]
[2026-08-24 20:57:06.696612][UC][I] ShardMetadata StoreBegin: key already exists. [21272,21286][metadata.cc:57,StoreBegin]
[2026-08-24 20:57:06.696616][UC][I] ShardMetadata StoreBegin: key already exists. [21272,21286][metadata.cc:57,StoreBegin]
[2026-08-24 20:57:06.696619][UC][I] ShardMetadata StoreBegin: key already exists. [21272,21286][metadata.cc:57,StoreBegin]
[2026-08-24 20:57:06.696622][UC][I] ShardMetadata StoreBegin: key already exists. [21272,21286][metadata.cc:57,StoreBegin]
[2026-08-24 20:57:06.696625][UC][I] ShardMetadata StoreBegin: key already exists. [21272,21286][metadata.cc:57,StoreBegin]
[2026-08-24 20:57:06.696629][UC][I] ShardMetadata StoreBegin: key already exists. [21272,21286][metadata.cc:57,StoreBegin]
[2026-08-24 20:57:06.696632][UC][I] ShardMetadata StoreBegin: key already exists. [21272,21286][metadata.cc:57,StoreBegin]
[2026-08-24 20:57:06.696636][UC][I] ShardMetadata StoreBegin: key already exists. [21272,21286][metadata.cc:57,StoreBegin]
[2026-08-24 20:57:06.696640][UC][I] ShardMetadata StoreBegin: key already exists. [21272,21286][metadata.cc:57,StoreBegin]
[2026-08-24 20:57:06.696643][UC][I] ShardMetadata StoreBegin: key already exists. [21272,21286][metadata.cc:57,StoreBegin]
[2026-08-24 20:57:06.696647][UC][I] ShardMetadata StoreBegin: key already exists. [21272,21286][metadata.cc:57,StoreBegin]
[2026-08-24 20:57:06.696652][UC][I] ShardMetadata StoreBegin: key already exists. [21272,21286][metadata.cc:57,StoreBegin]
[2026-08-24 20:57:06.696655][UC][I] ShardMetadata StoreBegin: key already exists. [21272,21286][metadata.cc:57,StoreBegin]
[2026-08-24 20:57:06.696661][UC][I] ShardMetadata StoreBegin: key already exists. [21272,21286][metadata.cc:57,StoreBegin]
[2026-08-24 20:57:06.696663][UC][I] ShardMetadata StoreBegin: key already exists. [21272,21286][metadata.cc:57,StoreBegin]
[2026-08-24 20:57:06.696667][UC][I] ShardMetadata StoreBegin: key already exists. [21272,21286][metadata.cc:57,StoreBegin]
[2026-08-24 20:57:06.696672][UC][I] ShardMetadata StoreBegin: key already exists. [21272,21286][metadata.cc:57,StoreBegin]
[2026-08-24 20:57:06.696676][UC][I] ShardMetadata StoreBegin: key already exists. [21272,21286][metadata.cc:57,StoreBegin]
[2026-08-24 20:57:06.696679][UC][I] ShardMetadata StoreBegin: key already exists. [21272,21286][metadata.cc:57,StoreBegin]
[2026-08-24 20:57:06.696684][UC][I] ShardMetadata StoreBegin: key already exists. [21272,21286][metadata.cc:57,StoreBegin]
[2026-08-24 20:57:06.696687][UC][I] ShardMetadata StoreBegin: key already exists. [21272,21286][metadata.cc:57,StoreBegin]
[2026-08-24 20:57:06.696690][UC][I] ShardMetadata StoreBegin: key already exists. [21272,21286][metadata.cc:57,StoreBegin]
[2026-08-24 20:57:06.696693][UC][I] ShardMetadata StoreBegin: key already exists. [21272,21286][metadata.cc:57,StoreBegin]
[2026-08-24 20:57:06.696700][UC][I] ShardMetadata StoreBegin: key already exists. [21272,21286][metadata.cc:57,StoreBegin]
[2026-08-24 20:57:06.696705][UC][I] ShardMetadata StoreBegin: key already exists. [21272,21286][metadata.cc:57,StoreBegin]
[2026-08-24 20:57:06.696707][UC][I] ShardMetadata StoreBegin: key already exists. [21272,21286][metadata.cc:57,StoreBegin]
[2026-08-24 20:57:06.696712][UC][I] ShardMetadata StoreBegin: key already exists. [21272,21286][metadata.cc:57,StoreBegin]
[2026-08-24 20:57:06.696716][UC][I] ShardMetadata StoreBegin: key already exists. [21272,21286][metadata.cc:57,StoreBegin]
[2026-08-24 20:57:06.696720][UC][I] ShardMetadata StoreBegin: key already exists. [21272,21286][metadata.cc:57,StoreBegin]
[2026-08-24 20:57:06.696725][UC][I] ShardMetadata StoreBegin: key already exists. [21272,21286][metadata.cc:57,StoreBegin]
[2026-08-24 20:57:06.696727][UC][I] ShardMetadata StoreBegin: key already exists. [21272,21286][metadata.cc:57,StoreBegin]
[2026-08-24 20:57:06.696731][UC][I] ShardMetadata StoreBegin: key already exists. [21272,21286][metadata.cc:57,StoreBegin]
[2026-08-24 20:57:06.696736][UC][I] ShardMetadata StoreBegin: key already exists. [21272,21286][metadata.cc:57,StoreBegin]
[2026-08-24 20:57:06.696738][UC][I] ShardMetadata StoreBegin: key already exists. [21272,21286][metadata.cc:57,StoreBegin]
[2026-08-24 20:57:06.696741][UC][I] ShardMetadata StoreBegin: key already exists. [21272,21286][metadata.cc:57,StoreBegin]
[2026-08-24 20:57:06.696744][UC][I] ShardMetadata StoreBegin: key already exists. [21272,21286][metadata.cc:57,StoreBegin]
[2026-08-24 20:57:06.696748][UC][I] ShardMetadata StoreBegin: key already exists. [21272,21286][metadata.cc:57,StoreBegin]
[2026-08-24 20:57:06.696751][UC][I] ShardMetadata StoreBegin: key already exists. [21272,21286][metadata.cc:57,StoreBegin]
[2026-08-24 20:57:06.696755][UC][I] ShardMetadata StoreBegin: key already exists. [21272,21286][metadata.cc:57,StoreBegin]
[2026-08-24 20:57:06.696759][UC][I] ShardMetadata StoreBegin: key already exists. [21272,21286][metadata.cc:57,StoreBegin]
[2026-08-24 20:57:06.696761][UC][I] ShardMetadata StoreBegin: key already exists. [21272,21286][metadata.cc:57,StoreBegin]
[2026-08-24 20:57:06.696765][UC][I] ShardMetadata StoreBegin: key already exists. [21272,21286][metadata.cc:57,StoreBegin]
[2026-08-24 20:57:06.696769][UC][I] ShardMetadata StoreBegin: key already exists. [21272,21286][metadata.cc:57,StoreBegin]
[2026-08-24 20:57:06.696772][UC][I] ShardMetadata StoreBegin: key already exists. [21272,21286][metadata.cc:57,StoreBegin]
[2026-08-24 20:57:06.696775][UC][I] ShardMetadata StoreBegin: key already exists. [21272,21286][metadata.cc:57,StoreBegin]
[2026-08-24 20:57:06.696781][UC][I] ShardMetadata StoreBegin: key already exists. [21272,21286][metadata.cc:57,StoreBegin]
[2026-08-24 20:57:06.696784][UC][I] ShardMetadata StoreBegin: key already exists. [21272,21286][metadata.cc:57,StoreBegin]
[2026-08-24 20:57:06.696787][UC][I] ShardMetadata StoreBegin: key already exists. [21272,21286][metadata.cc:57,StoreBegin]
[2026-08-24 20:57:06.696791][UC][I] ShardMetadata StoreBegin: key already exists. [21272,21286][metadata.cc:57,StoreBegin]
[HIXL_PERF] event=hccl_batch op=1 desc_num=1 hccl_us=86 status=0
[HIXL_PERF] event=issue_hccl_batch op=1 list_num=1 total_us=95
[HIXL_PERF] event=issue_async_host_flag op=1 list_num=1 context_us=0 hccl_issue_us=97 flag_memcpy_us=6 total_us=103
[HIXL_PERF] event=comm_channel_async op=1 list_num=1 mutex_wait_us=0 slot_us=1 host_flag_us=0 record_us=1 issue_us=105 total_us=107
[HIXL_PERF] event=adxl_inner_async op=1 list_num=1 context_us=4 connect_us=0 get_channel_us=0 channel_async_us=109 tail_us=1 total_us=114
[HIXL_PERF] event=comm_engine_async op=1 list_num=1 desc_build_us=0 inner_us=119 total_us=119 status=0
[2026-08-24 20:57:06.696978][UC][I] [HIXL_WORKER_PERF] task_id=102 queue_depth=1 enqueue_lock_wait_us=0 enqueue_us=0 queue_wait_us=8 execute_us=125 result_post_us=5 total_us=138 status=0 [21272,21285][hixl_instance.cpp:107,Run]
[2026-08-24 20:57:06.696985][UC][I] [PERF] component=transport event=transfer_submitted manager=127.0.0.1:8000 target=127.0.0.1:4501 handle=11 transport_handle=11 opcode=1 direct=2 segments=1 bytes=63 submitted_ts_us=1787576226696985 manager_execute_async_ts_us=1787576226696838 backend_execute_async_ts_us=1787576226696849 manager_to_backend_execute_async_us=11 submit_us=146 [21272,21285][transport_manager.cpp:674,ExecuteAsync]
[HIXL_QUERY_PERF] layer=comm_channel request=0xb mutex_wait_us=0 check_us=0 lookup_us=0 flag_check_us=0 complete_us=2 total_us=2 transfer_status=1
[HIXL_QUERY_PERF] layer=adxl_inner request=0xb context_us=1 req_lock_wait_us=0 lookup_us=1 channel_us=6 cleanup_us=0 total_us=8 status=0 transfer_status=1
[HIXL_QUERY_PERF] layer=comm_engine request=0xb total_us=13 status=0 transfer_status=1
[2026-08-24 20:57:06.697017][UC][I] [HIXL_WORKER_PERF] task_id=103 queue_depth=1 enqueue_lock_wait_us=0 enqueue_us=0 queue_wait_us=4 execute_us=18 result_post_us=4 total_us=26 status=0 [21272,21285][hixl_instance.cpp:107,Run]
[2026-08-24 20:57:06.697028][UC][I] [QUERY_PERF] component=ucm layer=hixl_instance request=0xb queue_wait_us=5 backend_us=17 run_post_us=15 total_us=37 api_status=0 transfer_status=1 [21272,21285][hixl_instance.cpp:370,GetTransferStatus]
[2026-08-24 20:57:06.697034][UC][I] [QUERY_PERF] component=ucm layer=hixl_transport handle=11 request=0xb lifecycle_lock_us=0 pending_lock_wait_us=0 pending_lookup_us=0 instance_us=42 erase_us=0 total_us=42 transfer_status=1 [21272,21285][hixl_transport.cpp:734,GetStatus]
[2026-08-24 20:57:06.697037][UC][I] [QUERY_PERF] component=ucm layer=transport_manager handle=11 transport_handle=11 transfers_lock_wait_us=0 lookup_us=0 transport_us=47 total_us=47 api_status=0 transfer_status=1 [21272,21285][transport_manager.cpp:716,GetStatus]
[2026-08-24 20:57:06.697040][UC][I] [PERF] component=transport event=transfer_done manager=127.0.0.1:8000 target=127.0.0.1:4501 handle=11 transport_handle=11 opcode=1 direct=2 segments=1 bytes=63 status=1 api_status=0 submitted_ts_us=1787576226696985 completed_ts_us=1787576226697039 manager_get_status_ts_us=1787576226696990 backend_query_ts_us=1787576226696995 submit_us=146 transfer_us=55 manager_to_backend_query_us=6 total_us=201 [21272,21285][transport_manager.cpp:727,GetStatus]
[2026-08-24 20:57:06.697046][UC][I] [PERF] component=drampool event=request_done request_id=2 opcode=1 peer=127.0.0.1:4501 batch_size=108 data_bytes=0 failed_items=0 status=SUCCESS failed_stage=NONE received_ts_us=1787576226696281 worker_started_ts_us=1787576226696376 data_transfer_submitted_ts_us=0 data_transfer_completed_ts_us=0 response_submitted_ts_us=1787576226696989 completed_ts_us=1787576226697043 data_tm_execute_async_ts_us=0 data_hixl_execute_async_ts_us=0 data_tm_get_status_ts_us=0 data_hixl_query_handle_ts_us=0 response_tm_execute_async_ts_us=1787576226696838 response_hixl_execute_async_ts_us=1787576226696849 response_tm_get_status_ts_us=1787576226696990 response_hixl_query_handle_ts_us=1787576226696995 request_queue_us=96 metadata_prepare_us=416 taskworker_prepare_us=419 poller_queue_us=39 data_transfer_us=0 metadata_settle_us=0 response_slot_wait_us=41 response_submit_us=154 response_transfer_us=53 data_tm_to_hixl_execute_async_us=0 data_tm_to_hixl_query_handle_us=0 response_tm_to_hixl_execute_async_us=11 response_tm_to_hixl_query_handle_us=6 total_us=762 [21272,21285][completion_poller.cc:56,LogRequestDone]
[HIXL_PERF] event=hccl_batch op=1 desc_num=108 hccl_us=731 status=0
[HIXL_PERF] event=issue_hccl_batch op=1 list_num=108 total_us=766
[HIXL_PERF] event=issue_async_host_flag op=1 list_num=108 context_us=1 hccl_issue_us=771 flag_memcpy_us=16 total_us=788
[HIXL_PERF] event=comm_channel_async op=1 list_num=108 mutex_wait_us=0 slot_us=1277 host_flag_us=13 record_us=3 issue_us=797 total_us=2090
[HIXL_PERF] event=adxl_inner_async op=1 list_num=108 context_us=19 connect_us=0 get_channel_us=6 channel_async_us=2097 tail_us=2 total_us=2124
[HIXL_PERF] event=comm_engine_async op=1 list_num=108 desc_build_us=2 inner_us=2129 total_us=2131 status=0
[2026-08-24 20:57:06.701622][UC][I] [HIXL_WORKER_PERF] task_id=104 queue_depth=1 enqueue_lock_wait_us=1 enqueue_us=1 queue_wait_us=24 execute_us=2167 result_post_us=17 total_us=2210 status=0 [21272,21286][hixl_instance.cpp:107,Run]
[2026-08-24 20:57:06.701638][UC][I] [PERF] component=transport event=transfer_submitted manager=127.0.0.1:8000 target=127.0.0.1:4503 handle=12 transport_handle=12 opcode=1 direct=2 segments=108 bytes=7962624 submitted_ts_us=1787576226701636 manager_execute_async_ts_us=1787576226699407 backend_execute_async_ts_us=1787576226699445 manager_to_backend_execute_async_us=38 submit_us=2228 [21272,21286][transport_manager.cpp:674,ExecuteAsync]
[HIXL_PERF] event=hccl_batch op=1 desc_num=108 hccl_us=222 status=0
[HIXL_PERF] event=issue_hccl_batch op=1 list_num=108 total_us=239
[HIXL_PERF] event=issue_async_host_flag op=1 list_num=108 context_us=0 hccl_issue_us=243 flag_memcpy_us=6 total_us=249
[HIXL_PERF] event=comm_channel_async op=1 list_num=108 mutex_wait_us=0 slot_us=2 host_flag_us=15 record_us=2 issue_us=254 total_us=273
[HIXL_PERF] event=adxl_inner_async op=1 list_num=108 context_us=5 connect_us=0 get_channel_us=2 channel_async_us=278 tail_us=2 total_us=287
[HIXL_PERF] event=comm_engine_async op=1 list_num=108 desc_build_us=2 inner_us=290 total_us=292 status=0
[HIXL_QUERY_PERF] layer=comm_channel request=0x1 mutex_wait_us=0 check_us=0 lookup_us=1 flag_check_us=0 complete_us=0 total_us=1 transfer_status=0
[2026-08-24 20:57:06.702000][UC][I] [HIXL_WORKER_PERF] task_id=105 queue_depth=1 enqueue_lock_wait_us=0 enqueue_us=1 queue_wait_us=22 execute_us=308 result_post_us=7 total_us=338 status=0 [21272,21286][hixl_instance.cpp:107,Run]
[HIXL_QUERY_PERF] layer=adxl_inner request=0x1 context_us=1 req_lock_wait_us=0 lookup_us=1 channel_us=9 cleanup_us=0 total_us=11 status=0 transfer_status=0
[HIXL_QUERY_PERF] layer=comm_engine request=0x1 total_us=18 status=0 transfer_status=0
[2026-08-24 20:57:06.702015][UC][I] [PERF] component=transport event=transfer_submitted manager=127.0.0.1:8000 target=127.0.0.1:4503 handle=13 transport_handle=13 opcode=1 direct=2 segments=108 bytes=7962624 submitted_ts_us=1787576226702014 manager_execute_async_ts_us=1787576226701658 backend_execute_async_ts_us=1787576226701689 manager_to_backend_execute_async_us=31 submit_us=355 [21272,21286][transport_manager.cpp:674,ExecuteAsync]
[2026-08-24 20:57:06.702022][UC][I] [HIXL_WORKER_PERF] task_id=106 queue_depth=1 enqueue_lock_wait_us=0 enqueue_us=0 queue_wait_us=217 execute_us=20 result_post_us=5 total_us=242 status=0 [21272,21285][hixl_instance.cpp:107,Run]
[2026-08-24 20:57:06.702030][UC][I] [QUERY_PERF] component=ucm layer=hixl_instance request=0x1 queue_wait_us=218 backend_us=20 run_post_us=12 total_us=250 api_status=0 transfer_status=0 [21272,21285][hixl_instance.cpp:370,GetTransferStatus]
[2026-08-24 20:57:06.702044][UC][I] [QUERY_PERF] component=ucm layer=hixl_transport handle=12 request=0x1 lifecycle_lock_us=0 pending_lock_wait_us=0 pending_lookup_us=0 instance_us=265 erase_us=0 total_us=265 transfer_status=0 [21272,21285][hixl_transport.cpp:734,GetStatus]
[2026-08-24 20:57:06.702050][UC][I] [QUERY_PERF] component=ucm layer=transport_manager handle=12 transport_handle=12 transfers_lock_wait_us=0 lookup_us=1 transport_us=271 total_us=272 api_status=0 transfer_status=0 [21272,21285][transport_manager.cpp:716,GetStatus]
[HIXL_PERF] event=hccl_batch op=1 desc_num=108 hccl_us=105 status=0
[HIXL_PERF] event=issue_hccl_batch op=1 list_num=108 total_us=115
[HIXL_PERF] event=issue_async_host_flag op=1 list_num=108 context_us=1 hccl_issue_us=117 flag_memcpy_us=6 total_us=124
[HIXL_PERF] event=comm_channel_async op=1 list_num=108 mutex_wait_us=0 slot_us=0 host_flag_us=7 record_us=0 issue_us=130 total_us=137
[HIXL_PERF] event=adxl_inner_async op=1 list_num=108 context_us=0 connect_us=0 get_channel_us=1 channel_async_us=145 tail_us=0 total_us=146
[HIXL_PERF] event=comm_engine_async op=1 list_num=108 desc_build_us=1 inner_us=149 total_us=150 status=0
[HIXL_QUERY_PERF] layer=comm_channel request=0x1 mutex_wait_us=1 check_us=0 lookup_us=0 flag_check_us=0 complete_us=0 total_us=1 transfer_status=0
[2026-08-24 20:57:06.702212][UC][I] [HIXL_WORKER_PERF] task_id=107 queue_depth=1 enqueue_lock_wait_us=0 enqueue_us=0 queue_wait_us=7 execute_us=157 result_post_us=5 total_us=169 status=0 [21272,21286][hixl_instance.cpp:107,Run]
[HIXL_QUERY_PERF] layer=adxl_inner request=0x1 context_us=1 req_lock_wait_us=0 lookup_us=0 channel_us=5 cleanup_us=0 total_us=6 status=0 transfer_status=0
[2026-08-24 20:57:06.702222][UC][I] [PERF] component=transport event=transfer_submitted manager=127.0.0.1:8000 target=127.0.0.1:4503 handle=14 transport_handle=14 opcode=1 direct=2 segments=108 bytes=7962624 submitted_ts_us=1787576226702221 manager_execute_async_ts_us=1787576226702038 backend_execute_async_ts_us=1787576226702051 manager_to_backend_execute_async_us=13 submit_us=181 [21272,21286][transport_manager.cpp:674,ExecuteAsync]
[HIXL_QUERY_PERF] layer=comm_engine request=0x1 total_us=17 status=0 transfer_status=0
[2026-08-24 20:57:06.702239][UC][I] [HIXL_WORKER_PERF] task_id=108 queue_depth=1 enqueue_lock_wait_us=0 enqueue_us=0 queue_wait_us=154 execute_us=25 result_post_us=4 total_us=183 status=0 [21272,21285][hixl_instance.cpp:107,Run]
[2026-08-24 20:57:06.702246][UC][I] [QUERY_PERF] component=ucm layer=hixl_instance request=0x1 queue_wait_us=154 backend_us=25 run_post_us=11 total_us=190 api_status=0 transfer_status=0 [21272,21285][hixl_instance.cpp:370,GetTransferStatus]
[2026-08-24 20:57:06.702250][UC][I] [QUERY_PERF] component=ucm layer=hixl_transport handle=12 request=0x1 lifecycle_lock_us=0 pending_lock_wait_us=0 pending_lookup_us=0 instance_us=194 erase_us=0 total_us=194 transfer_status=0 [21272,21285][hixl_transport.cpp:734,GetStatus]
[2026-08-24 20:57:06.702257][UC][I] [QUERY_PERF] component=ucm layer=transport_manager handle=12 transport_handle=12 transfers_lock_wait_us=0 lookup_us=0 transport_us=203 total_us=203 api_status=0 transfer_status=0 [21272,21285][transport_manager.cpp:716,GetStatus]
[HIXL_PERF] event=hccl_batch op=1 desc_num=108 hccl_us=108 status=0
[HIXL_PERF] event=issue_hccl_batch op=1 list_num=108 total_us=120
[HIXL_PERF] event=issue_async_host_flag op=1 list_num=108 context_us=1 hccl_issue_us=122 flag_memcpy_us=6 total_us=129
[HIXL_PERF] event=comm_channel_async op=1 list_num=108 mutex_wait_us=0 slot_us=1 host_flag_us=4 record_us=0 issue_us=135 total_us=140
[HIXL_PERF] event=adxl_inner_async op=1 list_num=108 context_us=1 connect_us=0 get_channel_us=0 channel_async_us=144 tail_us=0 total_us=145
[HIXL_PERF] event=comm_engine_async op=1 list_num=108 desc_build_us=1 inner_us=150 total_us=151 status=0
[HIXL_QUERY_PERF] layer=comm_channel request=0x2 mutex_wait_us=0 check_us=0 lookup_us=0 flag_check_us=0 complete_us=0 total_us=0 transfer_status=0
[2026-08-24 20:57:06.702419][UC][I] [HIXL_WORKER_PERF] task_id=109 queue_depth=1 enqueue_lock_wait_us=1 enqueue_us=0 queue_wait_us=5 execute_us=156 result_post_us=6 total_us=168 status=0 [21272,21286][hixl_instance.cpp:107,Run]
[HIXL_QUERY_PERF] layer=adxl_inner request=0x2 context_us=1 req_lock_wait_us=0 lookup_us=1 channel_us=5 cleanup_us=0 total_us=7 status=0 transfer_status=0
[2026-08-24 20:57:06.702432][UC][I] [PERF] component=transport event=transfer_submitted manager=127.0.0.1:8000 target=127.0.0.1:4503 handle=15 transport_handle=15 opcode=1 direct=2 segments=108 bytes=7962624 submitted_ts_us=1787576226702431 manager_execute_async_ts_us=1787576226702248 backend_execute_async_ts_us=1787576226702258 manager_to_backend_execute_async_us=11 submit_us=181 [21272,21286][transport_manager.cpp:674,ExecuteAsync]
[HIXL_QUERY_PERF] layer=comm_engine request=0x2 total_us=18 status=0 transfer_status=0
[2026-08-24 20:57:06.702448][UC][I] [HIXL_WORKER_PERF] task_id=110 queue_depth=1 enqueue_lock_wait_us=0 enqueue_us=0 queue_wait_us=150 execute_us=27 result_post_us=5 total_us=182 status=0 [21272,21285][hixl_instance.cpp:107,Run]
[2026-08-24 20:57:06.702457][UC][I] [QUERY_PERF] component=ucm layer=hixl_instance request=0x2 queue_wait_us=151 backend_us=27 run_post_us=13 total_us=191 api_status=0 transfer_status=0 [21272,21285][hixl_instance.cpp:370,GetTransferStatus]
[2026-08-24 20:57:06.702461][UC][I] [QUERY_PERF] component=ucm layer=hixl_transport handle=13 request=0x2 lifecycle_lock_us=0 pending_lock_wait_us=0 pending_lookup_us=0 instance_us=195 erase_us=0 total_us=195 transfer_status=0 [21272,21285][hixl_transport.cpp:734,GetStatus]
[2026-08-24 20:57:06.702466][UC][I] [QUERY_PERF] component=ucm layer=transport_manager handle=13 transport_handle=13 transfers_lock_wait_us=1 lookup_us=0 transport_us=200 total_us=201 api_status=0 transfer_status=0 [21272,21285][transport_manager.cpp:716,GetStatus]
[HIXL_PERF] event=hccl_batch op=1 desc_num=108 hccl_us=94 status=0
[HIXL_PERF] event=issue_hccl_batch op=1 list_num=108 total_us=105
[HIXL_PERF] event=issue_async_host_flag op=1 list_num=108 context_us=0 hccl_issue_us=107 flag_memcpy_us=5 total_us=112
[HIXL_PERF] event=comm_channel_async op=1 list_num=108 mutex_wait_us=0 slot_us=0 host_flag_us=5 record_us=0 issue_us=117 total_us=122
[HIXL_PERF] event=adxl_inner_async op=1 list_num=108 context_us=0 connect_us=0 get_channel_us=1 channel_async_us=126 tail_us=0 total_us=127
[HIXL_PERF] event=comm_engine_async op=1 list_num=108 desc_build_us=1 inner_us=130 total_us=131 status=0
[HIXL_QUERY_PERF] layer=comm_channel request=0x1 mutex_wait_us=0 check_us=0 lookup_us=1 flag_check_us=0 complete_us=0 total_us=1 transfer_status=0
[2026-08-24 20:57:06.702604][UC][I] [HIXL_WORKER_PERF] task_id=111 queue_depth=1 enqueue_lock_wait_us=0 enqueue_us=0 queue_wait_us=5 execute_us=138 result_post_us=5 total_us=148 status=0 [21272,21286][hixl_instance.cpp:107,Run]
[HIXL_QUERY_PERF] layer=adxl_inner request=0x1 context_us=1 req_lock_wait_us=0 lookup_us=0 channel_us=3 cleanup_us=0 total_us=4 status=0 transfer_status=0
[HIXL_QUERY_PERF] layer=comm_engine request=0x1 total_us=10 status=0 transfer_status=0
[2026-08-24 20:57:06.702611][UC][I] [PERF] component=transport event=transfer_submitted manager=127.0.0.1:8000 target=127.0.0.1:4503 handle=16 transport_handle=16 opcode=1 direct=2 segments=108 bytes=7962624 submitted_ts_us=1787576226702610 manager_execute_async_ts_us=1787576226702453 backend_execute_async_ts_us=1787576226702462 manager_to_backend_execute_async_us=9 submit_us=156 [21272,21286][transport_manager.cpp:674,ExecuteAsync]
[2026-08-24 20:57:06.702617][UC][I] [HIXL_WORKER_PERF] task_id=112 queue_depth=1 enqueue_lock_wait_us=1 enqueue_us=0 queue_wait_us=123 execute_us=11 result_post_us=4 total_us=139 status=0 [21272,21285][hixl_instance.cpp:107,Run]
[2026-08-24 20:57:06.702623][UC][I] [QUERY_PERF] component=ucm layer=hixl_instance request=0x1 queue_wait_us=124 backend_us=11 run_post_us=11 total_us=146 api_status=0 transfer_status=0 [21272,21285][hixl_instance.cpp:370,GetTransferStatus]
[2026-08-24 20:57:06.702626][UC][I] [QUERY_PERF] component=ucm layer=hixl_transport handle=12 request=0x1 lifecycle_lock_us=0 pending_lock_wait_us=0 pending_lookup_us=0 instance_us=149 erase_us=0 total_us=149 transfer_status=0 [21272,21285][hixl_transport.cpp:734,GetStatus]
[2026-08-24 20:57:06.702629][UC][I] [QUERY_PERF] component=ucm layer=transport_manager handle=12 transport_handle=12 transfers_lock_wait_us=1 lookup_us=0 transport_us=152 total_us=153 api_status=0 transfer_status=0 [21272,21285][transport_manager.cpp:716,GetStatus]
[HIXL_QUERY_PERF] layer=comm_channel request=0x2 mutex_wait_us=0 check_us=0 lookup_us=0 flag_check_us=1 complete_us=0 total_us=1 transfer_status=0
[HIXL_QUERY_PERF] layer=adxl_inner request=0x2 context_us=1 req_lock_wait_us=0 lookup_us=0 channel_us=6 cleanup_us=0 total_us=7 status=0 transfer_status=0
[HIXL_QUERY_PERF] layer=comm_engine request=0x2 total_us=12 status=0 transfer_status=0
[2026-08-24 20:57:06.702660][UC][I] [HIXL_WORKER_PERF] task_id=113 queue_depth=1 enqueue_lock_wait_us=0 enqueue_us=0 queue_wait_us=5 execute_us=16 result_post_us=4 total_us=25 status=0 [21272,21285][hixl_instance.cpp:107,Run]
[2026-08-24 20:57:06.702667][UC][I] [QUERY_PERF] component=ucm layer=hixl_instance request=0x2 queue_wait_us=5 backend_us=16 run_post_us=11 total_us=32 api_status=0 transfer_status=0 [21272,21285][hixl_instance.cpp:370,GetTransferStatus]
[2026-08-24 20:57:06.702673][UC][I] [QUERY_PERF] component=ucm layer=hixl_transport handle=13 request=0x2 lifecycle_lock_us=0 pending_lock_wait_us=1 pending_lookup_us=0 instance_us=38 erase_us=0 total_us=39 transfer_status=0 [21272,21285][hixl_transport.cpp:734,GetStatus]
[2026-08-24 20:57:06.702680][UC][I] [QUERY_PERF] component=ucm layer=transport_manager handle=13 transport_handle=13 transfers_lock_wait_us=0 lookup_us=0 transport_us=46 total_us=46 api_status=0 transfer_status=0 [21272,21285][transport_manager.cpp:716,GetStatus]
[HIXL_PERF] event=hccl_batch op=1 desc_num=108 hccl_us=96 status=0
[HIXL_PERF] event=issue_hccl_batch op=1 list_num=108 total_us=106
[HIXL_PERF] event=issue_async_host_flag op=1 list_num=108 context_us=0 hccl_issue_us=109 flag_memcpy_us=5 total_us=114
[HIXL_PERF] event=comm_channel_async op=1 list_num=108 mutex_wait_us=0 slot_us=0 host_flag_us=4 record_us=1 issue_us=118 total_us=123
[HIXL_PERF] event=adxl_inner_async op=1 list_num=108 context_us=0 connect_us=0 get_channel_us=1 channel_async_us=127 tail_us=0 total_us=128
[HIXL_PERF] event=comm_engine_async op=1 list_num=108 desc_build_us=1 inner_us=132 total_us=133 status=0
[HIXL_QUERY_PERF] layer=comm_channel request=0x3 mutex_wait_us=0 check_us=0 lookup_us=0 flag_check_us=0 complete_us=0 total_us=0 transfer_status=0
[2026-08-24 20:57:06.702802][UC][I] [HIXL_WORKER_PERF] task_id=114 queue_depth=2 enqueue_lock_wait_us=0 enqueue_us=0 queue_wait_us=22 execute_us=139 result_post_us=5 total_us=166 status=0 [21272,21286][hixl_instance.cpp:107,Run]
[HIXL_QUERY_PERF] layer=adxl_inner request=0x3 context_us=0 req_lock_wait_us=0 lookup_us=1 channel_us=3 cleanup_us=0 total_us=4 status=0 transfer_status=0
[HIXL_QUERY_PERF] layer=comm_engine request=0x3 total_us=15 status=0 transfer_status=0
[2026-08-24 20:57:06.702813][UC][I] [PERF] component=transport event=transfer_submitted manager=127.0.0.1:8000 target=127.0.0.1:4503 handle=17 transport_handle=17 opcode=1 direct=2 segments=108 bytes=7962624 submitted_ts_us=1787576226702812 manager_execute_async_ts_us=1787576226702631 backend_execute_async_ts_us=1787576226702658 manager_to_backend_execute_async_us=27 submit_us=179 [21272,21286][transport_manager.cpp:674,ExecuteAsync]
[2026-08-24 20:57:06.702824][UC][I] [HIXL_WORKER_PERF] task_id=115 queue_depth=1 enqueue_lock_wait_us=0 enqueue_us=0 queue_wait_us=113 execute_us=21 result_post_us=4 total_us=138 status=0 [21272,21285][hixl_instance.cpp:107,Run]
[2026-08-24 20:57:06.702832][UC][I] [QUERY_PERF] component=ucm layer=hixl_instance request=0x3 queue_wait_us=113 backend_us=21 run_post_us=11 total_us=145 api_status=0 transfer_status=0 [21272,21285][hixl_instance.cpp:370,GetTransferStatus]
[2026-08-24 20:57:06.702838][UC][I] [QUERY_PERF] component=ucm layer=hixl_transport handle=14 request=0x3 lifecycle_lock_us=0 pending_lock_wait_us=0 pending_lookup_us=0 instance_us=151 erase_us=0 total_us=151 transfer_status=0 [21272,21285][hixl_transport.cpp:734,GetStatus]
[2026-08-24 20:57:06.702845][UC][I] [QUERY_PERF] component=ucm layer=transport_manager handle=14 transport_handle=14 transfers_lock_wait_us=1 lookup_us=0 transport_us=158 total_us=159 api_status=0 transfer_status=0 [21272,21285][transport_manager.cpp:716,GetStatus]
[HIXL_QUERY_PERF] layer=comm_channel request=0x4 mutex_wait_us=1 check_us=0 lookup_us=0 flag_check_us=0 complete_us=0 total_us=1 transfer_status=0
[HIXL_QUERY_PERF] layer=adxl_inner request=0x4 context_us=1 req_lock_wait_us=0 lookup_us=0 channel_us=4 cleanup_us=0 total_us=5 status=0 transfer_status=0
[HIXL_QUERY_PERF] layer=comm_engine request=0x4 total_us=8 status=0 transfer_status=0
[2026-08-24 20:57:06.702876][UC][I] [HIXL_WORKER_PERF] task_id=117 queue_depth=1 enqueue_lock_wait_us=0 enqueue_us=0 queue_wait_us=4 execute_us=9 result_post_us=4 total_us=17 status=0 [21272,21285][hixl_instance.cpp:107,Run]
[2026-08-24 20:57:06.702887][UC][I] [QUERY_PERF] component=ucm layer=hixl_instance request=0x4 queue_wait_us=4 backend_us=9 run_post_us=15 total_us=28 api_status=0 transfer_status=0 [21272,21285][hixl_instance.cpp:370,GetTransferStatus]
[2026-08-24 20:57:06.702893][UC][I] [QUERY_PERF] component=ucm layer=hixl_transport handle=15 request=0x4 lifecycle_lock_us=0 pending_lock_wait_us=0 pending_lookup_us=0 instance_us=36 erase_us=0 total_us=36 transfer_status=0 [21272,21285][hixl_transport.cpp:734,GetStatus]
[2026-08-24 20:57:06.702898][UC][I] [QUERY_PERF] component=ucm layer=transport_manager handle=15 transport_handle=15 transfers_lock_wait_us=0 lookup_us=0 transport_us=41 total_us=41 api_status=0 transfer_status=0 [21272,21285][transport_manager.cpp:716,GetStatus]
[HIXL_QUERY_PERF] layer=comm_channel request=0x1 mutex_wait_us=0 check_us=0 lookup_us=0 flag_check_us=0 complete_us=0 total_us=0 transfer_status=0
[HIXL_QUERY_PERF] layer=adxl_inner request=0x1 context_us=0 req_lock_wait_us=0 lookup_us=1 channel_us=3 cleanup_us=0 total_us=4 status=0 transfer_status=0
[HIXL_QUERY_PERF] layer=comm_engine request=0x1 total_us=6 status=0 transfer_status=0
[2026-08-24 20:57:06.702919][UC][I] [HIXL_WORKER_PERF] task_id=118 queue_depth=1 enqueue_lock_wait_us=0 enqueue_us=0 queue_wait_us=3 execute_us=9 result_post_us=4 total_us=16 status=0 [21272,21285][hixl_instance.cpp:107,Run]
[2026-08-24 20:57:06.702927][UC][I] [QUERY_PERF] component=ucm layer=hixl_instance request=0x1 queue_wait_us=4 backend_us=9 run_post_us=12 total_us=25 api_status=0 transfer_status=0 [21272,21285][hixl_instance.cpp:370,GetTransferStatus]
[2026-08-24 20:57:06.702931][UC][I] [QUERY_PERF] component=ucm layer=hixl_transport handle=12 request=0x1 lifecycle_lock_us=0 pending_lock_wait_us=0 pending_lookup_us=0 instance_us=29 erase_us=0 total_us=29 transfer_status=0 [21272,21285][hixl_transport.cpp:734,GetStatus]
[2026-08-24 20:57:06.702935][UC][I] [QUERY_PERF] component=ucm layer=transport_manager handle=12 transport_handle=12 transfers_lock_wait_us=0 lookup_us=0 transport_us=32 total_us=32 api_status=0 transfer_status=0 [21272,21285][transport_manager.cpp:716,GetStatus]
[HIXL_QUERY_PERF] layer=comm_channel request=0x2 mutex_wait_us=0 check_us=0 lookup_us=0 flag_check_us=0 complete_us=0 total_us=0 transfer_status=0
[HIXL_QUERY_PERF] layer=adxl_inner request=0x2 context_us=1 req_lock_wait_us=0 lookup_us=0 channel_us=6 cleanup_us=0 total_us=7 status=0 transfer_status=0
[HIXL_QUERY_PERF] layer=comm_engine request=0x2 total_us=11 status=0 transfer_status=0
[2026-08-24 20:57:06.702963][UC][I] [HIXL_WORKER_PERF] task_id=119 queue_depth=1 enqueue_lock_wait_us=0 enqueue_us=0 queue_wait_us=4 execute_us=14 result_post_us=4 total_us=22 status=0 [21272,21285][hixl_instance.cpp:107,Run]
[2026-08-24 20:57:06.702971][UC][I] [QUERY_PERF] component=ucm layer=hixl_instance request=0x2 queue_wait_us=4 backend_us=14 run_post_us=12 total_us=30 api_status=0 transfer_status=0 [21272,21285][hixl_instance.cpp:370,GetTransferStatus]
[2026-08-24 20:57:06.702978][UC][I] [QUERY_PERF] component=ucm layer=hixl_transport handle=13 request=0x2 lifecycle_lock_us=1 pending_lock_wait_us=0 pending_lookup_us=0 instance_us=36 erase_us=0 total_us=37 transfer_status=0 [21272,21285][hixl_transport.cpp:734,GetStatus]
[2026-08-24 20:57:06.702983][UC][I] [QUERY_PERF] component=ucm layer=transport_manager handle=13 transport_handle=13 transfers_lock_wait_us=0 lookup_us=0 transport_us=43 total_us=43 api_status=0 transfer_status=0 [21272,21285][transport_manager.cpp:716,GetStatus]
[HIXL_QUERY_PERF] layer=comm_channel request=0x3 mutex_wait_us=0 check_us=0 lookup_us=0 flag_check_us=0 complete_us=0 total_us=0 transfer_status=0
[HIXL_QUERY_PERF] layer=adxl_inner request=0x3 context_us=0 req_lock_wait_us=0 lookup_us=1 channel_us=3 cleanup_us=0 total_us=4 status=0 transfer_status=0
[HIXL_QUERY_PERF] layer=comm_engine request=0x3 total_us=6 status=0 transfer_status=0
[2026-08-24 20:57:06.703005][UC][I] [HIXL_WORKER_PERF] task_id=120 queue_depth=1 enqueue_lock_wait_us=0 enqueue_us=0 queue_wait_us=4 execute_us=10 result_post_us=4 total_us=18 status=0 [21272,21285][hixl_instance.cpp:107,Run]
[2026-08-24 20:57:06.703009][UC][I] [QUERY_PERF] component=ucm layer=hixl_instance request=0x3 queue_wait_us=4 backend_us=10 run_post_us=7 total_us=21 api_status=0 transfer_status=0 [21272,21285][hixl_instance.cpp:370,GetTransferStatus]
[2026-08-24 20:57:06.703012][UC][I] [QUERY_PERF] component=ucm layer=hixl_transport handle=14 request=0x3 lifecycle_lock_us=0 pending_lock_wait_us=0 pending_lookup_us=0 instance_us=25 erase_us=0 total_us=25 transfer_status=0 [21272,21285][hixl_transport.cpp:734,GetStatus]
[2026-08-24 20:57:06.703018][UC][I] [QUERY_PERF] component=ucm layer=transport_manager handle=14 transport_handle=14 transfers_lock_wait_us=0 lookup_us=0 transport_us=32 total_us=32 api_status=0 transfer_status=0 [21272,21285][transport_manager.cpp:716,GetStatus]
[HIXL_QUERY_PERF] layer=comm_channel request=0x4 mutex_wait_us=0 check_us=0 lookup_us=0 flag_check_us=0 complete_us=0 total_us=0 transfer_status=0
[HIXL_QUERY_PERF] layer=adxl_inner request=0x4 context_us=0 req_lock_wait_us=0 lookup_us=0 channel_us=6 cleanup_us=0 total_us=6 status=0 transfer_status=0
[HIXL_QUERY_PERF] layer=comm_engine request=0x4 total_us=10 status=0 transfer_status=0
[2026-08-24 20:57:06.703048][UC][I] [HIXL_WORKER_PERF] task_id=121 queue_depth=1 enqueue_lock_wait_us=0 enqueue_us=1 queue_wait_us=3 execute_us=11 result_post_us=4 total_us=19 status=0 [21272,21285][hixl_instance.cpp:107,Run]
[2026-08-24 20:57:06.703053][UC][I] [QUERY_PERF] component=ucm layer=hixl_instance request=0x4 queue_wait_us=4 backend_us=11 run_post_us=9 total_us=24 api_status=0 transfer_status=0 [21272,21285][hixl_instance.cpp:370,GetTransferStatus]
[2026-08-24 20:57:06.703056][UC][I] [QUERY_PERF] component=ucm layer=hixl_transport handle=15 request=0x4 lifecycle_lock_us=0 pending_lock_wait_us=0 pending_lookup_us=0 instance_us=27 erase_us=0 total_us=27 transfer_status=0 [21272,21285][hixl_transport.cpp:734,GetStatus]
[2026-08-24 20:57:06.703064][UC][I] [QUERY_PERF] component=ucm layer=transport_manager handle=15 transport_handle=15 transfers_lock_wait_us=0 lookup_us=0 transport_us=34 total_us=34 api_status=0 transfer_status=0 [21272,21285][transport_manager.cpp:716,GetStatus]
[HIXL_QUERY_PERF] layer=comm_channel request=0x5 mutex_wait_us=1 check_us=0 lookup_us=0 flag_check_us=0 complete_us=0 total_us=1 transfer_status=0
[HIXL_QUERY_PERF] layer=adxl_inner request=0x5 context_us=0 req_lock_wait_us=0 lookup_us=0 channel_us=4 cleanup_us=0 total_us=4 status=0 transfer_status=0
[HIXL_QUERY_PERF] layer=comm_engine request=0x5 total_us=7 status=0 transfer_status=0
[2026-08-24 20:57:06.703087][UC][I] [HIXL_WORKER_PERF] task_id=122 queue_depth=1 enqueue_lock_wait_us=0 enqueue_us=0 queue_wait_us=3 execute_us=9 result_post_us=3 total_us=15 status=0 [21272,21285][hixl_instance.cpp:107,Run]
[2026-08-24 20:57:06.703093][UC][I] [QUERY_PERF] component=ucm layer=hixl_instance request=0x5 queue_wait_us=4 backend_us=9 run_post_us=10 total_us=23 api_status=0 transfer_status=0 [21272,21285][hixl_instance.cpp:370,GetTransferStatus]
[2026-08-24 20:57:06.703097][UC][I] [QUERY_PERF] component=ucm layer=hixl_transport handle=16 request=0x5 lifecycle_lock_us=0 pending_lock_wait_us=0 pending_lookup_us=0 instance_us=26 erase_us=0 total_us=26 transfer_status=0 [21272,21285][hixl_transport.cpp:734,GetStatus]
[2026-08-24 20:57:06.703102][UC][I] [QUERY_PERF] component=ucm layer=transport_manager handle=16 transport_handle=16 transfers_lock_wait_us=0 lookup_us=0 transport_us=31 total_us=31 api_status=0 transfer_status=0 [21272,21285][transport_manager.cpp:716,GetStatus]
[HIXL_QUERY_PERF] layer=comm_channel request=0x6 mutex_wait_us=0 check_us=0 lookup_us=0 flag_check_us=0 complete_us=0 total_us=0 transfer_status=0
[HIXL_QUERY_PERF] layer=adxl_inner request=0x6 context_us=0 req_lock_wait_us=0 lookup_us=1 channel_us=4 cleanup_us=0 total_us=5 status=0 transfer_status=0
[HIXL_QUERY_PERF] layer=comm_engine request=0x6 total_us=10 status=0 transfer_status=0
[2026-08-24 20:57:06.703129][UC][I] [HIXL_WORKER_PERF] task_id=123 queue_depth=1 enqueue_lock_wait_us=0 enqueue_us=0 queue_wait_us=3 execute_us=17 result_post_us=3 total_us=23 status=0 [21272,21285][hixl_instance.cpp:107,Run]
[2026-08-24 20:57:06.703136][UC][I] [QUERY_PERF] component=ucm layer=hixl_instance request=0x6 queue_wait_us=4 backend_us=16 run_post_us=11 total_us=31 api_status=0 transfer_status=0 [21272,21285][hixl_instance.cpp:370,GetTransferStatus]
[2026-08-24 20:57:06.703140][UC][I] [QUERY_PERF] component=ucm layer=hixl_transport handle=17 request=0x6 lifecycle_lock_us=0 pending_lock_wait_us=0 pending_lookup_us=1 instance_us=34 erase_us=0 total_us=35 transfer_status=0 [21272,21285][hixl_transport.cpp:734,GetStatus]
[2026-08-24 20:57:06.703142][UC][I] [QUERY_PERF] component=ucm layer=transport_manager handle=17 transport_handle=17 transfers_lock_wait_us=0 lookup_us=0 transport_us=38 total_us=38 api_status=0 transfer_status=0 [21272,21285][transport_manager.cpp:716,GetStatus]
[HIXL_QUERY_PERF] layer=comm_channel request=0x1 mutex_wait_us=0 check_us=1 lookup_us=0 flag_check_us=0 complete_us=0 total_us=1 transfer_status=0
[HIXL_QUERY_PERF] layer=adxl_inner request=0x1 context_us=1 req_lock_wait_us=0 lookup_us=0 channel_us=4 cleanup_us=0 total_us=5 status=0 transfer_status=0
[HIXL_QUERY_PERF] layer=comm_engine request=0x1 total_us=7 status=0 transfer_status=0
[2026-08-24 20:57:06.703162][UC][I] [HIXL_WORKER_PERF] task_id=124 queue_depth=1 enqueue_lock_wait_us=1 enqueue_us=0 queue_wait_us=3 execute_us=9 result_post_us=3 total_us=16 status=0 [21272,21285][hixl_instance.cpp:107,Run]
[2026-08-24 20:57:06.703167][UC][I] [QUERY_PERF] component=ucm layer=hixl_instance request=0x1 queue_wait_us=4 backend_us=8 run_post_us=10 total_us=22 api_status=0 transfer_status=0 [21272,21285][hixl_instance.cpp:370,GetTransferStatus]
[2026-08-24 20:57:06.703173][UC][I] [QUERY_PERF] component=ucm layer=hixl_transport handle=12 request=0x1 lifecycle_lock_us=0 pending_lock_wait_us=0 pending_lookup_us=0 instance_us=28 erase_us=0 total_us=28 transfer_status=0 [21272,21285][hixl_transport.cpp:734,GetStatus]
[2026-08-24 20:57:06.703181][UC][I] [QUERY_PERF] component=ucm layer=transport_manager handle=12 transport_handle=12 transfers_lock_wait_us=0 lookup_us=0 transport_us=36 total_us=36 api_status=0 transfer_status=0 [21272,21285][transport_manager.cpp:716,GetStatus]
[HIXL_QUERY_PERF] layer=comm_channel request=0x2 mutex_wait_us=0 check_us=0 lookup_us=0 flag_check_us=0 complete_us=0 total_us=0 transfer_status=0
[HIXL_QUERY_PERF] layer=adxl_inner request=0x2 context_us=1 req_lock_wait_us=0 lookup_us=0 channel_us=7 cleanup_us=0 total_us=8 status=0 transfer_status=0
[HIXL_QUERY_PERF] layer=comm_engine request=0x2 total_us=12 status=0 transfer_status=0
[2026-08-24 20:57:06.703216][UC][I] [HIXL_WORKER_PERF] task_id=125 queue_depth=1 enqueue_lock_wait_us=0 enqueue_us=0 queue_wait_us=4 execute_us=16 result_post_us=4 total_us=24 status=0 [21272,21285][hixl_instance.cpp:107,Run]
[2026-08-24 20:57:06.703222][UC][I] [QUERY_PERF] component=ucm layer=hixl_instance request=0x2 queue_wait_us=4 backend_us=16 run_post_us=11 total_us=31 api_status=0 transfer_status=0 [21272,21285][hixl_instance.cpp:370,GetTransferStatus]
[2026-08-24 20:57:06.703225][UC][I] [QUERY_PERF] component=ucm layer=hixl_transport handle=13 request=0x2 lifecycle_lock_us=0 pending_lock_wait_us=0 pending_lookup_us=0 instance_us=34 erase_us=0 total_us=34 transfer_status=0 [21272,21285][hixl_transport.cpp:734,GetStatus]
[2026-08-24 20:57:06.703228][UC][I] [QUERY_PERF] component=ucm layer=transport_manager handle=13 transport_handle=13 transfers_lock_wait_us=0 lookup_us=0 transport_us=36 total_us=36 api_status=0 transfer_status=0 [21272,21285][transport_manager.cpp:716,GetStatus]
[HIXL_QUERY_PERF] layer=comm_channel request=0x3 mutex_wait_us=0 check_us=0 lookup_us=0 flag_check_us=0 complete_us=0 total_us=0 transfer_status=0
[HIXL_QUERY_PERF] layer=adxl_inner request=0x3 context_us=0 req_lock_wait_us=0 lookup_us=1 channel_us=4 cleanup_us=0 total_us=5 status=0 transfer_status=0
[HIXL_QUERY_PERF] layer=comm_engine request=0x3 total_us=11 status=0 transfer_status=0
[2026-08-24 20:57:06.703251][UC][I] [HIXL_WORKER_PERF] task_id=126 queue_depth=1 enqueue_lock_wait_us=0 enqueue_us=0 queue_wait_us=4 execute_us=12 result_post_us=4 total_us=20 status=0 [21272,21285][hixl_instance.cpp:107,Run]
[2026-08-24 20:57:06.703255][UC][I] [QUERY_PERF] component=ucm layer=hixl_instance request=0x3 queue_wait_us=4 backend_us=12 run_post_us=8 total_us=24 api_status=0 transfer_status=0 [21272,21285][hixl_instance.cpp:370,GetTransferStatus]
[2026-08-24 20:57:06.703259][UC][I] [QUERY_PERF] component=ucm layer=hixl_transport handle=14 request=0x3 lifecycle_lock_us=0 pending_lock_wait_us=0 pending_lookup_us=0 instance_us=27 erase_us=0 total_us=27 transfer_status=0 [21272,21285][hixl_transport.cpp:734,GetStatus]
[2026-08-24 20:57:06.703261][UC][I] [QUERY_PERF] component=ucm layer=transport_manager handle=14 transport_handle=14 transfers_lock_wait_us=0 lookup_us=0 transport_us=30 total_us=30 api_status=0 transfer_status=0 [21272,21285][transport_manager.cpp:716,GetStatus]
[HIXL_QUERY_PERF] layer=comm_channel request=0x4 mutex_wait_us=0 check_us=0 lookup_us=0 flag_check_us=0 complete_us=0 total_us=0 transfer_status=0
[HIXL_QUERY_PERF] layer=adxl_inner request=0x4 context_us=1 req_lock_wait_us=0 lookup_us=0 channel_us=4 cleanup_us=0 total_us=5 status=0 transfer_status=0
[HIXL_QUERY_PERF] layer=comm_engine request=0x4 total_us=10 status=0 transfer_status=0
[2026-08-24 20:57:06.703287][UC][I] [HIXL_WORKER_PERF] task_id=127 queue_depth=1 enqueue_lock_wait_us=0 enqueue_us=0 queue_wait_us=4 execute_us=12 result_post_us=4 total_us=20 status=0 [21272,21285][hixl_instance.cpp:107,Run]
[2026-08-24 20:57:06.703294][UC][I] [QUERY_PERF] component=ucm layer=hixl_instance request=0x4 queue_wait_us=4 backend_us=12 run_post_us=11 total_us=27 api_status=0 transfer_status=0 [21272,21285][hixl_instance.cpp:370,GetTransferStatus]
[2026-08-24 20:57:06.703299][UC][I] [QUERY_PERF] component=ucm layer=hixl_transport handle=15 request=0x4 lifecycle_lock_us=0 pending_lock_wait_us=0 pending_lookup_us=1 instance_us=31 erase_us=0 total_us=32 transfer_status=0 [21272,21285][hixl_transport.cpp:734,GetStatus]
[2026-08-24 20:57:06.703306][UC][I] [QUERY_PERF] component=ucm layer=transport_manager handle=15 transport_handle=15 transfers_lock_wait_us=0 lookup_us=0 transport_us=40 total_us=40 api_status=0 transfer_status=0 [21272,21285][transport_manager.cpp:716,GetStatus]
[HIXL_QUERY_PERF] layer=comm_channel request=0x5 mutex_wait_us=0 check_us=0 lookup_us=0 flag_check_us=0 complete_us=0 total_us=0 transfer_status=0
[HIXL_QUERY_PERF] layer=adxl_inner request=0x5 context_us=0 req_lock_wait_us=0 lookup_us=1 channel_us=5 cleanup_us=0 total_us=6 status=0 transfer_status=0
[HIXL_QUERY_PERF] layer=comm_engine request=0x5 total_us=8 status=0 transfer_status=0
[2026-08-24 20:57:06.703331][UC][I] [HIXL_WORKER_PERF] task_id=128 queue_depth=1 enqueue_lock_wait_us=0 enqueue_us=0 queue_wait_us=4 execute_us=10 result_post_us=3 total_us=17 status=0 [21272,21285][hixl_instance.cpp:107,Run]
[2026-08-24 20:57:06.703336][UC][I] [QUERY_PERF] component=ucm layer=hixl_instance request=0x5 queue_wait_us=4 backend_us=10 run_post_us=9 total_us=23 api_status=0 transfer_status=0 [21272,21285][hixl_instance.cpp:370,GetTransferStatus]
[2026-08-24 20:57:06.703339][UC][I] [QUERY_PERF] component=ucm layer=hixl_transport handle=16 request=0x5 lifecycle_lock_us=0 pending_lock_wait_us=0 pending_lookup_us=0 instance_us=25 erase_us=0 total_us=25 transfer_status=0 [21272,21285][hixl_transport.cpp:734,GetStatus]
[2026-08-24 20:57:06.703342][UC][I] [QUERY_PERF] component=ucm layer=transport_manager handle=16 transport_handle=16 transfers_lock_wait_us=1 lookup_us=0 transport_us=29 total_us=30 api_status=0 transfer_status=0 [21272,21285][transport_manager.cpp:716,GetStatus]
[HIXL_QUERY_PERF] layer=comm_channel request=0x6 mutex_wait_us=0 check_us=0 lookup_us=0 flag_check_us=0 complete_us=0 total_us=0 transfer_status=0
[HIXL_QUERY_PERF] layer=adxl_inner request=0x6 context_us=0 req_lock_wait_us=0 lookup_us=1 channel_us=6 cleanup_us=0 total_us=7 status=0 transfer_status=0
[HIXL_QUERY_PERF] layer=comm_engine request=0x6 total_us=9 status=0 transfer_status=0
[2026-08-24 20:57:06.703369][UC][I] [HIXL_WORKER_PERF] task_id=129 queue_depth=1 enqueue_lock_wait_us=0 enqueue_us=0 queue_wait_us=4 execute_us=13 result_post_us=3 total_us=20 status=0 [21272,21285][hixl_instance.cpp:107,Run]
[2026-08-24 20:57:06.703380][UC][I] [QUERY_PERF] component=ucm layer=hixl_instance request=0x6 queue_wait_us=4 backend_us=13 run_post_us=15 total_us=32 api_status=0 transfer_status=0 [21272,21285][hixl_instance.cpp:370,GetTransferStatus]
[2026-08-24 20:57:06.703385][UC][I] [QUERY_PERF] component=ucm layer=hixl_transport handle=17 request=0x6 lifecycle_lock_us=0 pending_lock_wait_us=0 pending_lookup_us=0 instance_us=37 erase_us=0 total_us=37 transfer_status=0 [21272,21285][hixl_transport.cpp:734,GetStatus]
[2026-08-24 20:57:06.703388][UC][I] [QUERY_PERF] component=ucm layer=transport_manager handle=17 transport_handle=17 transfers_lock_wait_us=0 lookup_us=1 transport_us=40 total_us=41 api_status=0 transfer_status=0 [21272,21285][transport_manager.cpp:716,GetStatus]
[HIXL_QUERY_PERF] layer=comm_channel request=0x1 mutex_wait_us=0 check_us=0 lookup_us=0 flag_check_us=0 complete_us=3 total_us=3 transfer_status=1
[HIXL_QUERY_PERF] layer=adxl_inner request=0x1 context_us=0 req_lock_wait_us=0 lookup_us=1 channel_us=9 cleanup_us=1 total_us=11 status=0 transfer_status=1
[HIXL_QUERY_PERF] layer=comm_engine request=0x1 total_us=13 status=0 transfer_status=1
[2026-08-24 20:57:06.703415][UC][I] [HIXL_WORKER_PERF] task_id=130 queue_depth=1 enqueue_lock_wait_us=0 enqueue_us=0 queue_wait_us=4 execute_us=15 result_post_us=3 total_us=22 status=0 [21272,21285][hixl_instance.cpp:107,Run]
[2026-08-24 20:57:06.703422][UC][I] [QUERY_PERF] component=ucm layer=hixl_instance request=0x1 queue_wait_us=4 backend_us=15 run_post_us=11 total_us=30 api_status=0 transfer_status=1 [21272,21285][hixl_instance.cpp:370,GetTransferStatus]
[2026-08-24 20:57:06.703429][UC][I] [QUERY_PERF] component=ucm layer=hixl_transport handle=12 request=0x1 lifecycle_lock_us=0 pending_lock_wait_us=0 pending_lookup_us=0 instance_us=35 erase_us=1 total_us=36 transfer_status=1 [21272,21285][hixl_transport.cpp:734,GetStatus]
[2026-08-24 20:57:06.703434][UC][I] [QUERY_PERF] component=ucm layer=transport_manager handle=12 transport_handle=12 transfers_lock_wait_us=0 lookup_us=0 transport_us=43 total_us=43 api_status=0 transfer_status=1 [21272,21285][transport_manager.cpp:716,GetStatus]
[2026-08-24 20:57:06.703438][UC][I] [PERF] component=transport event=transfer_done manager=127.0.0.1:8000 target=127.0.0.1:4503 handle=12 transport_handle=12 opcode=1 direct=2 segments=108 bytes=7962624 status=1 api_status=0 submitted_ts_us=1787576226701636 completed_ts_us=1787576226703437 manager_get_status_ts_us=1787576226703391 backend_query_ts_us=1787576226703395 submit_us=2228 transfer_us=1801 manager_to_backend_query_us=5 total_us=4029 [21272,21285][transport_manager.cpp:727,GetStatus]
[HIXL_PERF] event=hccl_batch op=1 desc_num=1 hccl_us=65 status=0
[HIXL_PERF] event=issue_hccl_batch op=1 list_num=1 total_us=76
[HIXL_PERF] event=issue_async_host_flag op=1 list_num=1 context_us=0 hccl_issue_us=79 flag_memcpy_us=5 total_us=84
[HIXL_PERF] event=comm_channel_async op=1 list_num=1 mutex_wait_us=0 slot_us=1 host_flag_us=0 record_us=0 issue_us=86 total_us=87
[HIXL_PERF] event=adxl_inner_async op=1 list_num=1 context_us=1 connect_us=0 get_channel_us=0 channel_async_us=89 tail_us=0 total_us=90
[HIXL_PERF] event=comm_engine_async op=1 list_num=1 desc_build_us=0 inner_us=93 total_us=93 status=0
[2026-08-24 20:57:06.703575][UC][I] [HIXL_WORKER_PERF] task_id=131 queue_depth=1 enqueue_lock_wait_us=0 enqueue_us=0 queue_wait_us=4 execute_us=97 result_post_us=4 total_us=105 status=0 [21272,21285][hixl_instance.cpp:107,Run]
[2026-08-24 20:57:06.703580][UC][I] [PERF] component=transport event=transfer_submitted manager=127.0.0.1:8000 target=127.0.0.1:4503 handle=18 transport_handle=18 opcode=1 direct=2 segments=1 bytes=63 submitted_ts_us=1787576226703579 manager_execute_async_ts_us=1787576226703468 backend_execute_async_ts_us=1787576226703473 manager_to_backend_execute_async_us=5 submit_us=111 [21272,21285][transport_manager.cpp:674,ExecuteAsync]
[HIXL_QUERY_PERF] layer=comm_channel request=0x2 mutex_wait_us=0 check_us=0 lookup_us=0 flag_check_us=0 complete_us=0 total_us=0 transfer_status=0
[HIXL_QUERY_PERF] layer=adxl_inner request=0x2 context_us=1 req_lock_wait_us=0 lookup_us=0 channel_us=4 cleanup_us=0 total_us=5 status=0 transfer_status=0
[HIXL_QUERY_PERF] layer=comm_engine request=0x2 total_us=7 status=0 transfer_status=0
[2026-08-24 20:57:06.703605][UC][I] [HIXL_WORKER_PERF] task_id=132 queue_depth=1 enqueue_lock_wait_us=1 enqueue_us=0 queue_wait_us=4 execute_us=8 result_post_us=4 total_us=17 status=0 [21272,21285][hixl_instance.cpp:107,Run]
[2026-08-24 20:57:06.703609][UC][I] [QUERY_PERF] component=ucm layer=hixl_instance request=0x2 queue_wait_us=5 backend_us=8 run_post_us=8 total_us=21 api_status=0 transfer_status=0 [21272,21285][hixl_instance.cpp:370,GetTransferStatus]
[2026-08-24 20:57:06.703612][UC][I] [QUERY_PERF] component=ucm layer=hixl_transport handle=13 request=0x2 lifecycle_lock_us=0 pending_lock_wait_us=0 pending_lookup_us=0 instance_us=24 erase_us=0 total_us=24 transfer_status=0 [21272,21285][hixl_transport.cpp:734,GetStatus]
[2026-08-24 20:57:06.703615][UC][I] [QUERY_PERF] component=ucm layer=transport_manager handle=13 transport_handle=13 transfers_lock_wait_us=0 lookup_us=0 transport_us=27 total_us=27 api_status=0 transfer_status=0 [21272,21285][transport_manager.cpp:716,GetStatus]
[HIXL_QUERY_PERF] layer=comm_channel request=0x3 mutex_wait_us=0 check_us=1 lookup_us=0 flag_check_us=0 complete_us=0 total_us=1 transfer_status=0
[HIXL_QUERY_PERF] layer=adxl_inner request=0x3 context_us=1 req_lock_wait_us=0 lookup_us=0 channel_us=4 cleanup_us=0 total_us=5 status=0 transfer_status=0
[HIXL_QUERY_PERF] layer=comm_engine request=0x3 total_us=8 status=0 transfer_status=0
[2026-08-24 20:57:06.703640][UC][I] [HIXL_WORKER_PERF] task_id=133 queue_depth=1 enqueue_lock_wait_us=0 enqueue_us=1 queue_wait_us=3 execute_us=9 result_post_us=4 total_us=17 status=0 [21272,21285][hixl_instance.cpp:107,Run]
[2026-08-24 20:57:06.703646][UC][I] [QUERY_PERF] component=ucm layer=hixl_instance request=0x3 queue_wait_us=4 backend_us=9 run_post_us=10 total_us=23 api_status=0 transfer_status=0 [21272,21285][hixl_instance.cpp:370,GetTransferStatus]
[2026-08-24 20:57:06.703651][UC][I] [QUERY_PERF] component=ucm layer=hixl_transport handle=14 request=0x3 lifecycle_lock_us=0 pending_lock_wait_us=0 pending_lookup_us=0 instance_us=28 erase_us=0 total_us=28 transfer_status=0 [21272,21285][hixl_transport.cpp:734,GetStatus]
[2026-08-24 20:57:06.703654][UC][I] [QUERY_PERF] component=ucm layer=transport_manager handle=14 transport_handle=14 transfers_lock_wait_us=0 lookup_us=0 transport_us=31 total_us=31 api_status=0 transfer_status=0 [21272,21285][transport_manager.cpp:716,GetStatus]
[HIXL_QUERY_PERF] layer=comm_channel request=0x4 mutex_wait_us=0 check_us=0 lookup_us=0 flag_check_us=0 complete_us=0 total_us=0 transfer_status=0
[HIXL_QUERY_PERF] layer=adxl_inner request=0x4 context_us=0 req_lock_wait_us=0 lookup_us=1 channel_us=3 cleanup_us=0 total_us=4 status=0 transfer_status=0
[HIXL_QUERY_PERF] layer=comm_engine request=0x4 total_us=6 status=0 transfer_status=0
[2026-08-24 20:57:06.703674][UC][I] [HIXL_WORKER_PERF] task_id=134 queue_depth=1 enqueue_lock_wait_us=0 enqueue_us=1 queue_wait_us=3 execute_us=9 result_post_us=3 total_us=16 status=0 [21272,21285][hixl_instance.cpp:107,Run]
[2026-08-24 20:57:06.703678][UC][I] [QUERY_PERF] component=ucm layer=hixl_instance request=0x4 queue_wait_us=4 backend_us=8 run_post_us=9 total_us=21 api_status=0 transfer_status=0 [21272,21285][hixl_instance.cpp:370,GetTransferStatus]
[2026-08-24 20:57:06.703683][UC][I] [QUERY_PERF] component=ucm layer=hixl_transport handle=15 request=0x4 lifecycle_lock_us=0 pending_lock_wait_us=0 pending_lookup_us=0 instance_us=26 erase_us=0 total_us=26 transfer_status=0 [21272,21285][hixl_transport.cpp:734,GetStatus]
[2026-08-24 20:57:06.703690][UC][I] [QUERY_PERF] component=ucm layer=transport_manager handle=15 transport_handle=15 transfers_lock_wait_us=0 lookup_us=0 transport_us=32 total_us=32 api_status=0 transfer_status=0 [21272,21285][transport_manager.cpp:716,GetStatus]
[HIXL_QUERY_PERF] layer=comm_channel request=0x5 mutex_wait_us=0 check_us=0 lookup_us=0 flag_check_us=0 complete_us=0 total_us=0 transfer_status=0
[HIXL_QUERY_PERF] layer=adxl_inner request=0x5 context_us=0 req_lock_wait_us=0 lookup_us=1 channel_us=4 cleanup_us=0 total_us=5 status=0 transfer_status=0
[HIXL_QUERY_PERF] layer=comm_engine request=0x5 total_us=8 status=0 transfer_status=0
[2026-08-24 20:57:06.703713][UC][I] [HIXL_WORKER_PERF] task_id=135 queue_depth=1 enqueue_lock_wait_us=0 enqueue_us=0 queue_wait_us=3 execute_us=11 result_post_us=3 total_us=17 status=0 [21272,21285][hixl_instance.cpp:107,Run]
[2026-08-24 20:57:06.703718][UC][I] [QUERY_PERF] component=ucm layer=hixl_instance request=0x5 queue_wait_us=4 backend_us=11 run_post_us=9 total_us=24 api_status=0 transfer_status=0 [21272,21285][hixl_instance.cpp:370,GetTransferStatus]
[2026-08-24 20:57:06.703723][UC][I] [QUERY_PERF] component=ucm layer=hixl_transport handle=16 request=0x5 lifecycle_lock_us=0 pending_lock_wait_us=0 pending_lookup_us=0 instance_us=28 erase_us=0 total_us=28 transfer_status=0 [21272,21285][hixl_transport.cpp:734,GetStatus]
[2026-08-24 20:57:06.703725][UC][I] [QUERY_PERF] component=ucm layer=transport_manager handle=16 transport_handle=16 transfers_lock_wait_us=0 lookup_us=0 transport_us=31 total_us=31 api_status=0 transfer_status=0 [21272,21285][transport_manager.cpp:716,GetStatus]
[HIXL_QUERY_PERF] layer=comm_channel request=0x6 mutex_wait_us=0 check_us=0 lookup_us=1 flag_check_us=0 complete_us=0 total_us=1 transfer_status=0
[HIXL_QUERY_PERF] layer=adxl_inner request=0x6 context_us=1 req_lock_wait_us=0 lookup_us=0 channel_us=3 cleanup_us=0 total_us=4 status=0 transfer_status=0
[HIXL_QUERY_PERF] layer=comm_engine request=0x6 total_us=7 status=0 transfer_status=0
[2026-08-24 20:57:06.703745][UC][I] [HIXL_WORKER_PERF] task_id=136 queue_depth=1 enqueue_lock_wait_us=1 enqueue_us=0 queue_wait_us=3 execute_us=9 result_post_us=3 total_us=16 status=0 [21272,21285][hixl_instance.cpp:107,Run]
[2026-08-24 20:57:06.703750][UC][I] [QUERY_PERF] component=ucm layer=hixl_instance request=0x6 queue_wait_us=4 backend_us=9 run_post_us=9 total_us=22 api_status=0 transfer_status=0 [21272,21285][hixl_instance.cpp:370,GetTransferStatus]
[2026-08-24 20:57:06.703756][UC][I] [QUERY_PERF] component=ucm layer=hixl_transport handle=17 request=0x6 lifecycle_lock_us=0 pending_lock_wait_us=0 pending_lookup_us=0 instance_us=27 erase_us=0 total_us=27 transfer_status=0 [21272,21285][hixl_transport.cpp:734,GetStatus]
[2026-08-24 20:57:06.703760][UC][I] [QUERY_PERF] component=ucm layer=transport_manager handle=17 transport_handle=17 transfers_lock_wait_us=0 lookup_us=0 transport_us=32 total_us=32 api_status=0 transfer_status=0 [21272,21285][transport_manager.cpp:716,GetStatus]
[HIXL_QUERY_PERF] layer=comm_channel request=0x7 mutex_wait_us=0 check_us=0 lookup_us=0 flag_check_us=0 complete_us=0 total_us=0 transfer_status=0
[HIXL_QUERY_PERF] layer=adxl_inner request=0x7 context_us=0 req_lock_wait_us=0 lookup_us=1 channel_us=5 cleanup_us=0 total_us=6 status=0 transfer_status=0
[HIXL_QUERY_PERF] layer=comm_engine request=0x7 total_us=9 status=0 transfer_status=0
[2026-08-24 20:57:06.703783][UC][I] [HIXL_WORKER_PERF] task_id=137 queue_depth=1 enqueue_lock_wait_us=0 enqueue_us=0 queue_wait_us=4 execute_us=11 result_post_us=3 total_us=18 status=0 [21272,21285][hixl_instance.cpp:107,Run]
[2026-08-24 20:57:06.703793][UC][I] [QUERY_PERF] component=ucm layer=hixl_instance request=0x7 queue_wait_us=4 backend_us=11 run_post_us=13 total_us=28 api_status=0 transfer_status=0 [21272,21285][hixl_instance.cpp:370,GetTransferStatus]
[2026-08-24 20:57:06.703799][UC][I] [QUERY_PERF] component=ucm layer=hixl_transport handle=18 request=0x7 lifecycle_lock_us=0 pending_lock_wait_us=0 pending_lookup_us=0 instance_us=35 erase_us=0 total_us=35 transfer_status=0 [21272,21285][hixl_transport.cpp:734,GetStatus]
[2026-08-24 20:57:06.703806][UC][I] [QUERY_PERF] component=ucm layer=transport_manager handle=18 transport_handle=18 transfers_lock_wait_us=1 lookup_us=0 transport_us=42 total_us=43 api_status=0 transfer_status=0 [21272,21285][transport_manager.cpp:716,GetStatus]
[HIXL_QUERY_PERF] layer=comm_channel request=0x2 mutex_wait_us=0 check_us=0 lookup_us=0 flag_check_us=0 complete_us=0 total_us=0 transfer_status=0
[HIXL_QUERY_PERF] layer=adxl_inner request=0x2 context_us=1 req_lock_wait_us=0 lookup_us=0 channel_us=3 cleanup_us=0 total_us=4 status=0 transfer_status=0
[HIXL_QUERY_PERF] layer=comm_engine request=0x2 total_us=7 status=0 transfer_status=0
[2026-08-24 20:57:06.703826][UC][I] [HIXL_WORKER_PERF] task_id=138 queue_depth=1 enqueue_lock_wait_us=0 enqueue_us=0 queue_wait_us=4 execute_us=8 result_post_us=4 total_us=16 status=0 [21272,21285][hixl_instance.cpp:107,Run]
[2026-08-24 20:57:06.703831][UC][I] [QUERY_PERF] component=ucm layer=hixl_instance request=0x2 queue_wait_us=4 backend_us=8 run_post_us=9 total_us=21 api_status=0 transfer_status=0 [21272,21285][hixl_instance.cpp:370,GetTransferStatus]
[2026-08-24 20:57:06.703836][UC][I] [QUERY_PERF] component=ucm layer=hixl_transport handle=13 request=0x2 lifecycle_lock_us=0 pending_lock_wait_us=0 pending_lookup_us=0 instance_us=27 erase_us=0 total_us=27 transfer_status=0 [21272,21285][hixl_transport.cpp:734,GetStatus]
[2026-08-24 20:57:06.703840][UC][I] [QUERY_PERF] component=ucm layer=transport_manager handle=13 transport_handle=13 transfers_lock_wait_us=0 lookup_us=0 transport_us=31 total_us=31 api_status=0 transfer_status=0 [21272,21285][transport_manager.cpp:716,GetStatus]
[HIXL_QUERY_PERF] layer=comm_channel request=0x3 mutex_wait_us=0 check_us=0 lookup_us=0 flag_check_us=1 complete_us=0 total_us=1 transfer_status=0
[HIXL_QUERY_PERF] layer=adxl_inner request=0x3 context_us=1 req_lock_wait_us=0 lookup_us=0 channel_us=3 cleanup_us=0 total_us=4 status=0 transfer_status=0
[HIXL_QUERY_PERF] layer=comm_engine request=0x3 total_us=6 status=0 transfer_status=0
[2026-08-24 20:57:06.703859][UC][I] [HIXL_WORKER_PERF] task_id=139 queue_depth=1 enqueue_lock_wait_us=1 enqueue_us=0 queue_wait_us=3 execute_us=7 result_post_us=4 total_us=15 status=0 [21272,21285][hixl_instance.cpp:107,Run]
[2026-08-24 20:57:06.703870][UC][I] [QUERY_PERF] component=ucm layer=hixl_instance request=0x3 queue_wait_us=4 backend_us=7 run_post_us=7 total_us=18 api_status=0 transfer_status=0 [21272,21285][hixl_instance.cpp:370,GetTransferStatus]
[2026-08-24 20:57:06.703877][UC][I] [QUERY_PERF] component=ucm layer=hixl_transport handle=14 request=0x3 lifecycle_lock_us=0 pending_lock_wait_us=0 pending_lookup_us=0 instance_us=33 erase_us=0 total_us=33 transfer_status=0 [21272,21285][hixl_transport.cpp:734,GetStatus]
[2026-08-24 20:57:06.703881][UC][I] [QUERY_PERF] component=ucm layer=transport_manager handle=14 transport_handle=14 transfers_lock_wait_us=0 lookup_us=0 transport_us=36 total_us=36 api_status=0 transfer_status=0 [21272,21285][transport_manager.cpp:716,GetStatus]
[HIXL_QUERY_PERF] layer=comm_channel request=0x4 mutex_wait_us=0 check_us=0 lookup_us=0 flag_check_us=0 complete_us=0 total_us=0 transfer_status=0
[HIXL_QUERY_PERF] layer=adxl_inner request=0x4 context_us=0 req_lock_wait_us=0 lookup_us=1 channel_us=4 cleanup_us=0 total_us=5 status=0 transfer_status=0
[HIXL_QUERY_PERF] layer=comm_engine request=0x4 total_us=7 status=0 transfer_status=0
[2026-08-24 20:57:06.703902][UC][I] [HIXL_WORKER_PERF] task_id=140 queue_depth=1 enqueue_lock_wait_us=0 enqueue_us=1 queue_wait_us=3 execute_us=9 result_post_us=4 total_us=17 status=0 [21272,21285][hixl_instance.cpp:107,Run]
[2026-08-24 20:57:06.703906][UC][I] [QUERY_PERF] component=ucm layer=hixl_instance request=0x4 queue_wait_us=5 backend_us=8 run_post_us=8 total_us=21 api_status=0 transfer_status=0 [21272,21285][hixl_instance.cpp:370,GetTransferStatus]
[2026-08-24 20:57:06.703909][UC][I] [QUERY_PERF] component=ucm layer=hixl_transport handle=15 request=0x4 lifecycle_lock_us=0 pending_lock_wait_us=0 pending_lookup_us=0 instance_us=25 erase_us=0 total_us=25 transfer_status=0 [21272,21285][hixl_transport.cpp:734,GetStatus]
[2026-08-24 20:57:06.703916][UC][I] [QUERY_PERF] component=ucm layer=transport_manager handle=15 transport_handle=15 transfers_lock_wait_us=0 lookup_us=0 transport_us=32 total_us=32 api_status=0 transfer_status=0 [21272,21285][transport_manager.cpp:716,GetStatus]
[HIXL_QUERY_PERF] layer=comm_channel request=0x5 mutex_wait_us=0 check_us=0 lookup_us=0 flag_check_us=0 complete_us=0 total_us=0 transfer_status=0
[HIXL_QUERY_PERF] layer=adxl_inner request=0x5 context_us=0 req_lock_wait_us=0 lookup_us=1 channel_us=4 cleanup_us=0 total_us=5 status=0 transfer_status=0
[HIXL_QUERY_PERF] layer=comm_engine request=0x5 total_us=8 status=0 transfer_status=0
[2026-08-24 20:57:06.703941][UC][I] [HIXL_WORKER_PERF] task_id=141 queue_depth=1 enqueue_lock_wait_us=0 enqueue_us=1 queue_wait_us=3 execute_us=12 result_post_us=4 total_us=20 status=0 [21272,21285][hixl_instance.cpp:107,Run]
[2026-08-24 20:57:06.703953][UC][I] [QUERY_PERF] component=ucm layer=hixl_instance request=0x5 queue_wait_us=4 backend_us=12 run_post_us=15 total_us=31 api_status=0 transfer_status=0 [21272,21285][hixl_instance.cpp:370,GetTransferStatus]
[2026-08-24 20:57:06.703957][UC][I] [QUERY_PERF] component=ucm layer=hixl_transport handle=16 request=0x5 lifecycle_lock_us=0 pending_lock_wait_us=0 pending_lookup_us=0 instance_us=36 erase_us=0 total_us=36 transfer_status=0 [21272,21285][hixl_transport.cpp:734,GetStatus]
[2026-08-24 20:57:06.703961][UC][I] [QUERY_PERF] component=ucm layer=transport_manager handle=16 transport_handle=16 transfers_lock_wait_us=0 lookup_us=0 transport_us=40 total_us=40 api_status=0 transfer_status=0 [21272,21285][transport_manager.cpp:716,GetStatus]
[HIXL_QUERY_PERF] layer=comm_channel request=0x6 mutex_wait_us=0 check_us=0 lookup_us=1 flag_check_us=0 complete_us=0 total_us=1 transfer_status=0
[HIXL_QUERY_PERF] layer=adxl_inner request=0x6 context_us=1 req_lock_wait_us=0 lookup_us=0 channel_us=4 cleanup_us=0 total_us=5 status=0 transfer_status=0
[HIXL_QUERY_PERF] layer=comm_engine request=0x6 total_us=9 status=0 transfer_status=0
[2026-08-24 20:57:06.703986][UC][I] [HIXL_WORKER_PERF] task_id=142 queue_depth=1 enqueue_lock_wait_us=0 enqueue_us=0 queue_wait_us=4 execute_us=11 result_post_us=3 total_us=18 status=0 [21272,21285][hixl_instance.cpp:107,Run]
[2026-08-24 20:57:06.703991][UC][I] [QUERY_PERF] component=ucm layer=hixl_instance request=0x6 queue_wait_us=4 backend_us=11 run_post_us=9 total_us=24 api_status=0 transfer_status=0 [21272,21285][hixl_instance.cpp:370,GetTransferStatus]
[2026-08-24 20:57:06.703997][UC][I] [QUERY_PERF] component=ucm layer=hixl_transport handle=17 request=0x6 lifecycle_lock_us=0 pending_lock_wait_us=0 pending_lookup_us=0 instance_us=29 erase_us=0 total_us=29 transfer_status=0 [21272,21285][hixl_transport.cpp:734,GetStatus]
[2026-08-24 20:57:06.704000][UC][I] [QUERY_PERF] component=ucm layer=transport_manager handle=17 transport_handle=17 transfers_lock_wait_us=1 lookup_us=0 transport_us=33 total_us=34 api_status=0 transfer_status=0 [21272,21285][transport_manager.cpp:716,GetStatus]
[HIXL_QUERY_PERF] layer=comm_channel request=0x7 mutex_wait_us=0 check_us=0 lookup_us=0 flag_check_us=0 complete_us=0 total_us=0 transfer_status=0
[HIXL_QUERY_PERF] layer=adxl_inner request=0x7 context_us=0 req_lock_wait_us=0 lookup_us=1 channel_us=3 cleanup_us=0 total_us=4 status=0 transfer_status=0
[HIXL_QUERY_PERF] layer=comm_engine request=0x7 total_us=7 status=0 transfer_status=0
[2026-08-24 20:57:06.704021][UC][I] [HIXL_WORKER_PERF] task_id=143 queue_depth=1 enqueue_lock_wait_us=0 enqueue_us=0 queue_wait_us=4 execute_us=10 result_post_us=3 total_us=17 status=0 [21272,21285][hixl_instance.cpp:107,Run]
[2026-08-24 20:57:06.704026][UC][I] [QUERY_PERF] component=ucm layer=hixl_instance request=0x7 queue_wait_us=4 backend_us=10 run_post_us=9 total_us=23 api_status=0 transfer_status=0 [21272,21285][hixl_instance.cpp:370,GetTransferStatus]
[2026-08-24 20:57:06.704034][UC][I] [QUERY_PERF] component=ucm layer=hixl_transport handle=18 request=0x7 lifecycle_lock_us=0 pending_lock_wait_us=0 pending_lookup_us=0 instance_us=30 erase_us=0 total_us=30 transfer_status=0 [21272,21285][hixl_transport.cpp:734,GetStatus]
[2026-08-24 20:57:06.704038][UC][I] [QUERY_PERF] component=ucm layer=transport_manager handle=18 transport_handle=18 transfers_lock_wait_us=0 lookup_us=0 transport_us=35 total_us=35 api_status=0 transfer_status=0 [21272,21285][transport_manager.cpp:716,GetStatus]
[HIXL_QUERY_PERF] layer=comm_channel request=0x2 mutex_wait_us=0 check_us=0 lookup_us=0 flag_check_us=1 complete_us=1 total_us=2 transfer_status=1
[HIXL_QUERY_PERF] layer=adxl_inner request=0x2 context_us=1 req_lock_wait_us=0 lookup_us=0 channel_us=7 cleanup_us=0 total_us=8 status=0 transfer_status=1
[HIXL_QUERY_PERF] layer=comm_engine request=0x2 total_us=13 status=0 transfer_status=1
[2026-08-24 20:57:06.704063][UC][I] [HIXL_WORKER_PERF] task_id=144 queue_depth=1 enqueue_lock_wait_us=1 enqueue_us=0 queue_wait_us=3 execute_us=14 result_post_us=4 total_us=22 status=0 [21272,21285][hixl_instance.cpp:107,Run]
[2026-08-24 20:57:06.704068][UC][I] [QUERY_PERF] component=ucm layer=hixl_instance request=0x2 queue_wait_us=4 backend_us=14 run_post_us=9 total_us=27 api_status=0 transfer_status=1 [21272,21285][hixl_instance.cpp:370,GetTransferStatus]
[2026-08-24 20:57:06.704072][UC][I] [QUERY_PERF] component=ucm layer=hixl_transport handle=13 request=0x2 lifecycle_lock_us=0 pending_lock_wait_us=0 pending_lookup_us=0 instance_us=30 erase_us=1 total_us=31 transfer_status=1 [21272,21285][hixl_transport.cpp:734,GetStatus]
[2026-08-24 20:57:06.704077][UC][I] [QUERY_PERF] component=ucm layer=transport_manager handle=13 transport_handle=13 transfers_lock_wait_us=0 lookup_us=0 transport_us=35 total_us=35 api_status=0 transfer_status=1 [21272,21285][transport_manager.cpp:716,GetStatus]
[2026-08-24 20:57:06.704080][UC][I] [PERF] component=transport event=transfer_done manager=127.0.0.1:8000 target=127.0.0.1:4503 handle=13 transport_handle=13 opcode=1 direct=2 segments=108 bytes=7962624 status=1 api_status=0 submitted_ts_us=1787576226702014 completed_ts_us=1787576226704079 manager_get_status_ts_us=1787576226704041 backend_query_ts_us=1787576226704045 submit_us=355 transfer_us=2065 manager_to_backend_query_us=4 total_us=2420 [21272,21285][transport_manager.cpp:727,GetStatus]
[HIXL_PERF] event=hccl_batch op=1 desc_num=1 hccl_us=59 status=0
[HIXL_PERF] event=issue_hccl_batch op=1 list_num=1 total_us=67
[HIXL_PERF] event=issue_async_host_flag op=1 list_num=1 context_us=0 hccl_issue_us=68 flag_memcpy_us=6 total_us=74
[HIXL_PERF] event=comm_channel_async op=1 list_num=1 mutex_wait_us=0 slot_us=1 host_flag_us=0 record_us=0 issue_us=76 total_us=77
[HIXL_PERF] event=adxl_inner_async op=1 list_num=1 context_us=1 connect_us=0 get_channel_us=0 channel_async_us=79 tail_us=0 total_us=80
[HIXL_PERF] event=comm_engine_async op=1 list_num=1 desc_build_us=0 inner_us=83 total_us=83 status=0
[2026-08-24 20:57:06.704199][UC][I] [HIXL_WORKER_PERF] task_id=145 queue_depth=1 enqueue_lock_wait_us=1 enqueue_us=0 queue_wait_us=3 execute_us=87 result_post_us=4 total_us=95 status=0 [21272,21285][hixl_instance.cpp:107,Run]
[2026-08-24 20:57:06.704205][UC][I] [PERF] component=transport event=transfer_submitted manager=127.0.0.1:8000 target=127.0.0.1:4503 handle=19 transport_handle=19 opcode=1 direct=2 segments=1 bytes=63 submitted_ts_us=1787576226704204 manager_execute_async_ts_us=1787576226704103 backend_execute_async_ts_us=1787576226704108 manager_to_backend_execute_async_us=5 submit_us=100 [21272,21285][transport_manager.cpp:674,ExecuteAsync]
[HIXL_QUERY_PERF] layer=comm_channel request=0x3 mutex_wait_us=0 check_us=0 lookup_us=0 flag_check_us=0 complete_us=0 total_us=0 transfer_status=0
[HIXL_QUERY_PERF] layer=adxl_inner request=0x3 context_us=0 req_lock_wait_us=0 lookup_us=1 channel_us=5 cleanup_us=0 total_us=6 status=0 transfer_status=0
[HIXL_QUERY_PERF] layer=comm_engine request=0x3 total_us=9 status=0 transfer_status=0
[2026-08-24 20:57:06.704234][UC][I] [HIXL_WORKER_PERF] task_id=146 queue_depth=1 enqueue_lock_wait_us=0 enqueue_us=0 queue_wait_us=4 execute_us=15 result_post_us=4 total_us=23 status=0 [21272,21285][hixl_instance.cpp:107,Run]
[2026-08-24 20:57:06.704240][UC][I] [QUERY_PERF] component=ucm layer=hixl_instance request=0x3 queue_wait_us=4 backend_us=15 run_post_us=10 total_us=29 api_status=0 transfer_status=0 [21272,21285][hixl_instance.cpp:370,GetTransferStatus]
[2026-08-24 20:57:06.704244][UC][I] [QUERY_PERF] component=ucm layer=hixl_transport handle=14 request=0x3 lifecycle_lock_us=0 pending_lock_wait_us=0 pending_lookup_us=1 instance_us=34 erase_us=0 total_us=35 transfer_status=0 [21272,21285][hixl_transport.cpp:734,GetStatus]
[2026-08-24 20:57:06.704247][UC][I] [QUERY_PERF] component=ucm layer=transport_manager handle=14 transport_handle=14 transfers_lock_wait_us=0 lookup_us=0 transport_us=37 total_us=37 api_status=0 transfer_status=0 [21272,21285][transport_manager.cpp:716,GetStatus]
[HIXL_QUERY_PERF] layer=comm_channel request=0x4 mutex_wait_us=0 check_us=0 lookup_us=0 flag_check_us=0 complete_us=0 total_us=0 transfer_status=0
[HIXL_QUERY_PERF] layer=adxl_inner request=0x4 context_us=0 req_lock_wait_us=0 lookup_us=1 channel_us=2 cleanup_us=0 total_us=3 status=0 transfer_status=0
[HIXL_QUERY_PERF] layer=comm_engine request=0x4 total_us=5 status=0 transfer_status=0
[2026-08-24 20:57:06.704266][UC][I] [HIXL_WORKER_PERF] task_id=147 queue_depth=1 enqueue_lock_wait_us=0 enqueue_us=0 queue_wait_us=4 execute_us=7 result_post_us=4 total_us=15 status=0 [21272,21285][hixl_instance.cpp:107,Run]
[2026-08-24 20:57:06.704270][UC][I] [QUERY_PERF] component=ucm layer=hixl_instance request=0x4 queue_wait_us=4 backend_us=7 run_post_us=8 total_us=19 api_status=0 transfer_status=0 [21272,21285][hixl_instance.cpp:370,GetTransferStatus]
[2026-08-24 20:57:06.704272][UC][I] [QUERY_PERF] component=ucm layer=hixl_transport handle=15 request=0x4 lifecycle_lock_us=0 pending_lock_wait_us=1 pending_lookup_us=0 instance_us=22 erase_us=0 total_us=23 transfer_status=0 [21272,21285][hixl_transport.cpp:734,GetStatus]
[2026-08-24 20:57:06.704275][UC][I] [QUERY_PERF] component=ucm layer=transport_manager handle=15 transport_handle=15 transfers_lock_wait_us=0 lookup_us=0 transport_us=26 total_us=26 api_status=0 transfer_status=0 [21272,21285][transport_manager.cpp:716,GetStatus]
[HIXL_QUERY_PERF] layer=comm_channel request=0x5 mutex_wait_us=0 check_us=0 lookup_us=0 flag_check_us=0 complete_us=0 total_us=0 transfer_status=0
[HIXL_QUERY_PERF] layer=adxl_inner request=0x5 context_us=1 req_lock_wait_us=0 lookup_us=0 channel_us=3 cleanup_us=0 total_us=4 status=0 transfer_status=0
[HIXL_QUERY_PERF] layer=comm_engine request=0x5 total_us=5 status=0 transfer_status=0
[2026-08-24 20:57:06.704293][UC][I] [HIXL_WORKER_PERF] task_id=148 queue_depth=1 enqueue_lock_wait_us=0 enqueue_us=0 queue_wait_us=4 execute_us=7 result_post_us=3 total_us=14 status=0 [21272,21285][hixl_instance.cpp:107,Run]
[2026-08-24 20:57:06.704297][UC][I] [QUERY_PERF] component=ucm layer=hixl_instance request=0x5 queue_wait_us=4 backend_us=7 run_post_us=7 total_us=18 api_status=0 transfer_status=0 [21272,21285][hixl_instance.cpp:370,GetTransferStatus]
[2026-08-24 20:57:06.704299][UC][I] [QUERY_PERF] component=ucm layer=hixl_transport handle=16 request=0x5 lifecycle_lock_us=0 pending_lock_wait_us=0 pending_lookup_us=0 instance_us=21 erase_us=0 total_us=21 transfer_status=0 [21272,21285][hixl_transport.cpp:734,GetStatus]
[2026-08-24 20:57:06.704302][UC][I] [QUERY_PERF] component=ucm layer=transport_manager handle=16 transport_handle=16 transfers_lock_wait_us=0 lookup_us=0 transport_us=25 total_us=25 api_status=0 transfer_status=0 [21272,21285][transport_manager.cpp:716,GetStatus]
[HIXL_QUERY_PERF] layer=comm_channel request=0x6 mutex_wait_us=0 check_us=0 lookup_us=0 flag_check_us=0 complete_us=0 total_us=0 transfer_status=0
[HIXL_QUERY_PERF] layer=adxl_inner request=0x6 context_us=1 req_lock_wait_us=0 lookup_us=0 channel_us=3 cleanup_us=0 total_us=4 status=0 transfer_status=0
[HIXL_QUERY_PERF] layer=comm_engine request=0x6 total_us=7 status=0 transfer_status=0
[2026-08-24 20:57:06.704322][UC][I] [HIXL_WORKER_PERF] task_id=149 queue_depth=1 enqueue_lock_wait_us=0 enqueue_us=0 queue_wait_us=4 execute_us=9 result_post_us=4 total_us=17 status=0 [21272,21285][hixl_instance.cpp:107,Run]
[2026-08-24 20:57:06.704331][UC][I] [QUERY_PERF] component=ucm layer=hixl_instance request=0x6 queue_wait_us=4 backend_us=9 run_post_us=12 total_us=25 api_status=0 transfer_status=0 [21272,21285][hixl_instance.cpp:370,GetTransferStatus]
[2026-08-24 20:57:06.704334][UC][I] [QUERY_PERF] component=ucm layer=hixl_transport handle=17 request=0x6 lifecycle_lock_us=0 pending_lock_wait_us=0 pending_lookup_us=0 instance_us=28 erase_us=0 total_us=28 transfer_status=0 [21272,21285][hixl_transport.cpp:734,GetStatus]
[2026-08-24 20:57:06.704336][UC][I] [QUERY_PERF] component=ucm layer=transport_manager handle=17 transport_handle=17 transfers_lock_wait_us=0 lookup_us=0 transport_us=31 total_us=31 api_status=0 transfer_status=0 [21272,21285][transport_manager.cpp:716,GetStatus]
[HIXL_QUERY_PERF] layer=comm_channel request=0x7 mutex_wait_us=0 check_us=0 lookup_us=0 flag_check_us=0 complete_us=0 total_us=0 transfer_status=0
[HIXL_QUERY_PERF] layer=adxl_inner request=0x7 context_us=1 req_lock_wait_us=0 lookup_us=0 channel_us=3 cleanup_us=0 total_us=4 status=0 transfer_status=0
[HIXL_QUERY_PERF] layer=comm_engine request=0x7 total_us=5 status=0 transfer_status=0
[2026-08-24 20:57:06.704356][UC][I] [HIXL_WORKER_PERF] task_id=150 queue_depth=1 enqueue_lock_wait_us=0 enqueue_us=0 queue_wait_us=4 execute_us=7 result_post_us=4 total_us=15 status=0 [21272,21285][hixl_instance.cpp:107,Run]
[2026-08-24 20:57:06.704359][UC][I] [QUERY_PERF] component=ucm layer=hixl_instance request=0x7 queue_wait_us=5 backend_us=7 run_post_us=8 total_us=20 api_status=0 transfer_status=0 [21272,21285][hixl_instance.cpp:370,GetTransferStatus]
[2026-08-24 20:57:06.704362][UC][I] [QUERY_PERF] component=ucm layer=hixl_transport handle=18 request=0x7 lifecycle_lock_us=0 pending_lock_wait_us=0 pending_lookup_us=0 instance_us=23 erase_us=0 total_us=23 transfer_status=0 [21272,21285][hixl_transport.cpp:734,GetStatus]
[2026-08-24 20:57:06.704365][UC][I] [QUERY_PERF] component=ucm layer=transport_manager handle=18 transport_handle=18 transfers_lock_wait_us=0 lookup_us=0 transport_us=26 total_us=26 api_status=0 transfer_status=0 [21272,21285][transport_manager.cpp:716,GetStatus]
[HIXL_QUERY_PERF] layer=comm_channel request=0x8 mutex_wait_us=0 check_us=0 lookup_us=0 flag_check_us=0 complete_us=0 total_us=0 transfer_status=0
[HIXL_QUERY_PERF] layer=adxl_inner request=0x8 context_us=0 req_lock_wait_us=1 lookup_us=0 channel_us=3 cleanup_us=0 total_us=4 status=0 transfer_status=0
[HIXL_QUERY_PERF] layer=comm_engine request=0x8 total_us=5 status=0 transfer_status=0
[2026-08-24 20:57:06.704383][UC][I] [HIXL_WORKER_PERF] task_id=151 queue_depth=1 enqueue_lock_wait_us=0 enqueue_us=0 queue_wait_us=4 execute_us=7 result_post_us=3 total_us=14 status=0 [21272,21285][hixl_instance.cpp:107,Run]
[2026-08-24 20:57:06.704387][UC][I] [QUERY_PERF] component=ucm layer=hixl_instance request=0x8 queue_wait_us=4 backend_us=7 run_post_us=7 total_us=18 api_status=0 transfer_status=0 [21272,21285][hixl_instance.cpp:370,GetTransferStatus]
[2026-08-24 20:57:06.704389][UC][I] [QUERY_PERF] component=ucm layer=hixl_transport handle=19 request=0x8 lifecycle_lock_us=0 pending_lock_wait_us=0 pending_lookup_us=0 instance_us=21 erase_us=0 total_us=21 transfer_status=0 [21272,21285][hixl_transport.cpp:734,GetStatus]
[2026-08-24 20:57:06.704392][UC][I] [QUERY_PERF] component=ucm layer=transport_manager handle=19 transport_handle=19 transfers_lock_wait_us=0 lookup_us=1 transport_us=24 total_us=25 api_status=0 transfer_status=0 [21272,21285][transport_manager.cpp:716,GetStatus]
[HIXL_QUERY_PERF] layer=comm_channel request=0x3 mutex_wait_us=0 check_us=0 lookup_us=0 flag_check_us=0 complete_us=2 total_us=2 transfer_status=1
[HIXL_QUERY_PERF] layer=adxl_inner request=0x3 context_us=1 req_lock_wait_us=0 lookup_us=0 channel_us=4 cleanup_us=0 total_us=5 status=0 transfer_status=1
[HIXL_QUERY_PERF] layer=comm_engine request=0x3 total_us=9 status=0 transfer_status=1
[2026-08-24 20:57:06.704414][UC][I] [HIXL_WORKER_PERF] task_id=152 queue_depth=1 enqueue_lock_wait_us=0 enqueue_us=0 queue_wait_us=4 execute_us=11 result_post_us=4 total_us=19 status=0 [21272,21285][hixl_instance.cpp:107,Run]
[2026-08-24 20:57:06.704418][UC][I] [QUERY_PERF] component=ucm layer=hixl_instance request=0x3 queue_wait_us=4 backend_us=11 run_post_us=7 total_us=22 api_status=0 transfer_status=1 [21272,21285][hixl_instance.cpp:370,GetTransferStatus]
[2026-08-24 20:57:06.704421][UC][I] [QUERY_PERF] component=ucm layer=hixl_transport handle=14 request=0x3 lifecycle_lock_us=0 pending_lock_wait_us=0 pending_lookup_us=0 instance_us=25 erase_us=0 total_us=25 transfer_status=1 [21272,21285][hixl_transport.cpp:734,GetStatus]
[2026-08-24 20:57:06.704424][UC][I] [QUERY_PERF] component=ucm layer=transport_manager handle=14 transport_handle=14 transfers_lock_wait_us=1 lookup_us=0 transport_us=29 total_us=30 api_status=0 transfer_status=1 [21272,21285][transport_manager.cpp:716,GetStatus]
[2026-08-24 20:57:06.704428][UC][I] [PERF] component=transport event=transfer_done manager=127.0.0.1:8000 target=127.0.0.1:4503 handle=14 transport_handle=14 opcode=1 direct=2 segments=108 bytes=7962624 status=1 api_status=0 submitted_ts_us=1787576226702221 completed_ts_us=1787576226704427 manager_get_status_ts_us=1787576226704394 backend_query_ts_us=1787576226704399 submit_us=181 transfer_us=2206 manager_to_backend_query_us=5 total_us=2387 [21272,21285][transport_manager.cpp:727,GetStatus]
[HIXL_PERF] event=hccl_batch op=1 desc_num=1 hccl_us=61 status=0
[HIXL_PERF] event=issue_hccl_batch op=1 list_num=1 total_us=68
[HIXL_PERF] event=issue_async_host_flag op=1 list_num=1 context_us=1 hccl_issue_us=69 flag_memcpy_us=6 total_us=76
[HIXL_PERF] event=comm_channel_async op=1 list_num=1 mutex_wait_us=0 slot_us=0 host_flag_us=0 record_us=0 issue_us=78 total_us=78
[HIXL_PERF] event=adxl_inner_async op=1 list_num=1 context_us=0 connect_us=0 get_channel_us=1 channel_async_us=80 tail_us=0 total_us=81
[HIXL_PERF] event=comm_engine_async op=1 list_num=1 desc_build_us=0 inner_us=84 total_us=84 status=0
[2026-08-24 20:57:06.704543][UC][I] [HIXL_WORKER_PERF] task_id=153 queue_depth=1 enqueue_lock_wait_us=0 enqueue_us=0 queue_wait_us=4 execute_us=88 result_post_us=4 total_us=96 status=0 [21272,21285][hixl_instance.cpp:107,Run]
[2026-08-24 20:57:06.704548][UC][I] [PERF] component=transport event=transfer_submitted manager=127.0.0.1:8000 target=127.0.0.1:4503 handle=20 transport_handle=20 opcode=1 direct=2 segments=1 bytes=63 submitted_ts_us=1787576226704547 manager_execute_async_ts_us=1787576226704446 backend_execute_async_ts_us=1787576226704451 manager_to_backend_execute_async_us=5 submit_us=102 [21272,21285][transport_manager.cpp:674,ExecuteAsync]
[HIXL_QUERY_PERF] layer=comm_channel request=0x4 mutex_wait_us=0 check_us=0 lookup_us=0 flag_check_us=1 complete_us=0 total_us=1 transfer_status=0
[HIXL_QUERY_PERF] layer=adxl_inner request=0x4 context_us=1 req_lock_wait_us=0 lookup_us=0 channel_us=5 cleanup_us=0 total_us=6 status=0 transfer_status=0
[HIXL_QUERY_PERF] layer=comm_engine request=0x4 total_us=9 status=0 transfer_status=0
[2026-08-24 20:57:06.704575][UC][I] [HIXL_WORKER_PERF] task_id=154 queue_depth=1 enqueue_lock_wait_us=0 enqueue_us=0 queue_wait_us=5 execute_us=13 result_post_us=3 total_us=21 status=0 [21272,21285][hixl_instance.cpp:107,Run]
[2026-08-24 20:57:06.704580][UC][I] [QUERY_PERF] component=ucm layer=hixl_instance request=0x4 queue_wait_us=5 backend_us=13 run_post_us=8 total_us=26 api_status=0 transfer_status=0 [21272,21285][hixl_instance.cpp:370,GetTransferStatus]
[2026-08-24 20:57:06.704584][UC][I] [QUERY_PERF] component=ucm layer=hixl_transport handle=15 request=0x4 lifecycle_lock_us=0 pending_lock_wait_us=0 pending_lookup_us=0 instance_us=31 erase_us=0 total_us=31 transfer_status=0 [21272,21285][hixl_transport.cpp:734,GetStatus]
[2026-08-24 20:57:06.704588][UC][I] [QUERY_PERF] component=ucm layer=transport_manager handle=15 transport_handle=15 transfers_lock_wait_us=0 lookup_us=1 transport_us=35 total_us=36 api_status=0 transfer_status=0 [21272,21285][transport_manager.cpp:716,GetStatus]
[HIXL_QUERY_PERF] layer=comm_channel request=0x5 mutex_wait_us=0 check_us=0 lookup_us=1 flag_check_us=0 complete_us=0 total_us=1 transfer_status=0
[HIXL_QUERY_PERF] layer=adxl_inner request=0x5 context_us=1 req_lock_wait_us=0 lookup_us=0 channel_us=5 cleanup_us=0 total_us=6 status=0 transfer_status=0
[HIXL_QUERY_PERF] layer=comm_engine request=0x5 total_us=9 status=0 transfer_status=0
[2026-08-24 20:57:06.704615][UC][I] [HIXL_WORKER_PERF] task_id=155 queue_depth=1 enqueue_lock_wait_us=0 enqueue_us=0 queue_wait_us=4 execute_us=12 result_post_us=3 total_us=19 status=0 [21272,21285][hixl_instance.cpp:107,Run]
[2026-08-24 20:57:06.704621][UC][I] [QUERY_PERF] component=ucm layer=hixl_instance request=0x5 queue_wait_us=4 backend_us=11 run_post_us=11 total_us=26 api_status=0 transfer_status=0 [21272,21285][hixl_instance.cpp:370,GetTransferStatus]
[2026-08-24 20:57:06.704625][UC][I] [QUERY_PERF] component=ucm layer=hixl_transport handle=16 request=0x5 lifecycle_lock_us=0 pending_lock_wait_us=0 pending_lookup_us=0 instance_us=30 erase_us=0 total_us=30 transfer_status=0 [21272,21285][hixl_transport.cpp:734,GetStatus]
[2026-08-24 20:57:06.704629][UC][I] [QUERY_PERF] component=ucm layer=transport_manager handle=16 transport_handle=16 transfers_lock_wait_us=0 lookup_us=0 transport_us=34 total_us=34 api_status=0 transfer_status=0 [21272,21285][transport_manager.cpp:716,GetStatus]
[HIXL_QUERY_PERF] layer=comm_channel request=0x6 mutex_wait_us=0 check_us=0 lookup_us=0 flag_check_us=0 complete_us=0 total_us=0 transfer_status=0
[HIXL_QUERY_PERF] layer=adxl_inner request=0x6 context_us=0 req_lock_wait_us=0 lookup_us=1 channel_us=3 cleanup_us=0 total_us=4 status=0 transfer_status=0
[HIXL_QUERY_PERF] layer=comm_engine request=0x6 total_us=8 status=0 transfer_status=0
[2026-08-24 20:57:06.704652][UC][I] [HIXL_WORKER_PERF] task_id=156 queue_depth=1 enqueue_lock_wait_us=0 enqueue_us=0 queue_wait_us=3 execute_us=12 result_post_us=3 total_us=18 status=0 [21272,21285][hixl_instance.cpp:107,Run]
[2026-08-24 20:57:06.704658][UC][I] [QUERY_PERF] component=ucm layer=hixl_instance request=0x6 queue_wait_us=4 backend_us=11 run_post_us=10 total_us=25 api_status=0 transfer_status=0 [21272,21285][hixl_instance.cpp:370,GetTransferStatus]
[2026-08-24 20:57:06.704662][UC][I] [QUERY_PERF] component=ucm layer=hixl_transport handle=17 request=0x6 lifecycle_lock_us=0 pending_lock_wait_us=0 pending_lookup_us=0 instance_us=28 erase_us=0 total_us=28 transfer_status=0 [21272,21285][hixl_transport.cpp:734,GetStatus]
[2026-08-24 20:57:06.704666][UC][I] [QUERY_PERF] component=ucm layer=transport_manager handle=17 transport_handle=17 transfers_lock_wait_us=0 lookup_us=0 transport_us=33 total_us=33 api_status=0 transfer_status=0 [21272,21285][transport_manager.cpp:716,GetStatus]
[HIXL_QUERY_PERF] layer=comm_channel request=0x7 mutex_wait_us=0 check_us=0 lookup_us=0 flag_check_us=0 complete_us=0 total_us=0 transfer_status=0
[HIXL_QUERY_PERF] layer=adxl_inner request=0x7 context_us=0 req_lock_wait_us=0 lookup_us=1 channel_us=3 cleanup_us=1 total_us=5 status=0 transfer_status=0
[HIXL_QUERY_PERF] layer=comm_engine request=0x7 total_us=9 status=0 transfer_status=0
[2026-08-24 20:57:06.704688][UC][I] [HIXL_WORKER_PERF] task_id=157 queue_depth=1 enqueue_lock_wait_us=0 enqueue_us=0 queue_wait_us=4 execute_us=10 result_post_us=4 total_us=18 status=0 [21272,21285][hixl_instance.cpp:107,Run]
[2026-08-24 20:57:06.704692][UC][I] [QUERY_PERF] component=ucm layer=hixl_instance request=0x7 queue_wait_us=4 backend_us=10 run_post_us=8 total_us=22 api_status=0 transfer_status=0 [21272,21285][hixl_instance.cpp:370,GetTransferStatus]
[HIXL_PERF] event=hccl_batch op=1 desc_num=108 hccl_us=166 status=0
[2026-08-24 20:57:06.704700][UC][I] [QUERY_PERF] component=ucm layer=hixl_transport handle=18 request=0x7 lifecycle_lock_us=1 pending_lock_wait_us=0 pending_lookup_us=0 instance_us=30 erase_us=0 total_us=31 transfer_status=0 [21272,21285][hixl_transport.cpp:734,GetStatus]
[HIXL_PERF] event=issue_hccl_batch op=1 list_num=108 total_us=179
[2026-08-24 20:57:06.704710][UC][I] [QUERY_PERF] component=ucm layer=transport_manager handle=18 transport_handle=18 transfers_lock_wait_us=0 lookup_us=0 transport_us=41 total_us=41 api_status=0 transfer_status=0 [21272,21285][transport_manager.cpp:716,GetStatus]
[HIXL_PERF] event=issue_async_host_flag op=1 list_num=108 context_us=1 hccl_issue_us=186 flag_memcpy_us=5 total_us=192
[HIXL_QUERY_PERF] layer=comm_channel request=0x8 mutex_wait_us=0 check_us=0 lookup_us=0 flag_check_us=0 complete_us=0 total_us=0 transfer_status=0
[HIXL_QUERY_PERF] layer=adxl_inner request=0x8 context_us=0 req_lock_wait_us=0 lookup_us=1 channel_us=5 cleanup_us=0 total_us=6 status=0 transfer_status=0
[HIXL_QUERY_PERF] layer=comm_engine request=0x8 total_us=12 status=0 transfer_status=0
[HIXL_PERF] event=comm_channel_async op=1 list_num=108 mutex_wait_us=0 slot_us=1662 host_flag_us=5 record_us=1 issue_us=197 total_us=1865
[HIXL_PERF] event=adxl_inner_async op=1 list_num=108 context_us=0 connect_us=0 get_channel_us=2 channel_async_us=1880 tail_us=0 total_us=1882
[2026-08-24 20:57:06.704737][UC][I] [HIXL_WORKER_PERF] task_id=158 queue_depth=1 enqueue_lock_wait_us=0 enqueue_us=0 queue_wait_us=5 execute_us=14 result_post_us=3 total_us=22 status=0 [21272,21285][hixl_instance.cpp:107,Run]
[HIXL_PERF] event=comm_engine_async op=1 list_num=108 desc_build_us=1 inner_us=1888 total_us=1889 status=0
[2026-08-24 20:57:06.704744][UC][I] [QUERY_PERF] component=ucm layer=hixl_instance request=0x8 queue_wait_us=5 backend_us=14 run_post_us=10 total_us=29 api_status=0 transfer_status=0 [21272,21285][hixl_instance.cpp:370,GetTransferStatus]
[2026-08-24 20:57:06.704747][UC][I] [QUERY_PERF] component=ucm layer=hixl_transport handle=19 request=0x8 lifecycle_lock_us=0 pending_lock_wait_us=0 pending_lookup_us=0 instance_us=33 erase_us=0 total_us=33 transfer_status=0 [21272,21285][hixl_transport.cpp:734,GetStatus]
[2026-08-24 20:57:06.704750][UC][I] [QUERY_PERF] component=ucm layer=transport_manager handle=19 transport_handle=19 transfers_lock_wait_us=0 lookup_us=0 transport_us=36 total_us=36 api_status=0 transfer_status=0 [21272,21285][transport_manager.cpp:716,GetStatus]
[2026-08-24 20:57:06.704755][UC][I] [HIXL_WORKER_PERF] task_id=116 queue_depth=1 enqueue_lock_wait_us=0 enqueue_us=1 queue_wait_us=7 execute_us=1896 result_post_us=8 total_us=1912 status=0 [21272,21286][hixl_instance.cpp:107,Run]
[HIXL_QUERY_PERF] layer=comm_channel request=0x9 mutex_wait_us=0 check_us=0 lookup_us=0 flag_check_us=0 complete_us=0 total_us=0 transfer_status=0
[HIXL_QUERY_PERF] layer=adxl_inner request=0x9 context_us=0 req_lock_wait_us=0 lookup_us=1 channel_us=9 cleanup_us=0 total_us=10 status=0 transfer_status=0
[2026-08-24 20:57:06.704768][UC][I] [PERF] component=transport event=transfer_submitted manager=127.0.0.1:8000 target=127.0.0.1:4504 handle=21 transport_handle=21 opcode=1 direct=2 segments=108 bytes=7962624 submitted_ts_us=1787576226704766 manager_execute_async_ts_us=1787576226702841 backend_execute_async_ts_us=1787576226702852 manager_to_backend_execute_async_us=11 submit_us=1926 [21272,21286][transport_manager.cpp:674,ExecuteAsync]
[HIXL_QUERY_PERF] layer=comm_engine request=0x9 total_us=12 status=0 transfer_status=0
[2026-08-24 20:57:06.704779][UC][I] [HIXL_WORKER_PERF] task_id=159 queue_depth=1 enqueue_lock_wait_us=0 enqueue_us=0 queue_wait_us=3 execute_us=18 result_post_us=4 total_us=25 status=0 [21272,21285][hixl_instance.cpp:107,Run]
[2026-08-24 20:57:06.704784][UC][I] [QUERY_PERF] component=ucm layer=hixl_instance request=0x9 queue_wait_us=4 backend_us=17 run_post_us=10 total_us=31 api_status=0 transfer_status=0 [21272,21285][hixl_instance.cpp:370,GetTransferStatus]
[2026-08-24 20:57:06.704788][UC][I] [QUERY_PERF] component=ucm layer=hixl_transport handle=20 request=0x9 lifecycle_lock_us=1 pending_lock_wait_us=0 pending_lookup_us=0 instance_us=34 erase_us=0 total_us=35 transfer_status=0 [21272,21285][hixl_transport.cpp:734,GetStatus]
[2026-08-24 20:57:06.704794][UC][I] [QUERY_PERF] component=ucm layer=transport_manager handle=20 transport_handle=20 transfers_lock_wait_us=0 lookup_us=0 transport_us=41 total_us=41 api_status=0 transfer_status=0 [21272,21285][transport_manager.cpp:716,GetStatus]
[HIXL_QUERY_PERF] layer=comm_channel request=0x4 mutex_wait_us=0 check_us=0 lookup_us=1 flag_check_us=0 complete_us=1 total_us=2 transfer_status=1
[HIXL_QUERY_PERF] layer=adxl_inner request=0x4 context_us=1 req_lock_wait_us=0 lookup_us=0 channel_us=6 cleanup_us=1 total_us=8 status=0 transfer_status=1
[HIXL_QUERY_PERF] layer=comm_engine request=0x4 total_us=10 status=0 transfer_status=1
[2026-08-24 20:57:06.704816][UC][I] [HIXL_WORKER_PERF] task_id=160 queue_depth=1 enqueue_lock_wait_us=0 enqueue_us=0 queue_wait_us=4 execute_us=11 result_post_us=4 total_us=19 status=0 [21272,21285][hixl_instance.cpp:107,Run]
[2026-08-24 20:57:06.704820][UC][I] [QUERY_PERF] component=ucm layer=hixl_instance request=0x4 queue_wait_us=4 backend_us=11 run_post_us=8 total_us=23 api_status=0 transfer_status=1 [21272,21285][hixl_instance.cpp:370,GetTransferStatus]
[2026-08-24 20:57:06.704824][UC][I] [QUERY_PERF] component=ucm layer=hixl_transport handle=15 request=0x4 lifecycle_lock_us=0 pending_lock_wait_us=0 pending_lookup_us=0 instance_us=26 erase_us=0 total_us=26 transfer_status=1 [21272,21285][hixl_transport.cpp:734,GetStatus]
[2026-08-24 20:57:06.704831][UC][I] [QUERY_PERF] component=ucm layer=transport_manager handle=15 transport_handle=15 transfers_lock_wait_us=0 lookup_us=1 transport_us=34 total_us=35 api_status=0 transfer_status=1 [21272,21285][transport_manager.cpp:716,GetStatus]
[2026-08-24 20:57:06.704836][UC][I] [PERF] component=transport event=transfer_done manager=127.0.0.1:8000 target=127.0.0.1:4503 handle=15 transport_handle=15 opcode=1 direct=2 segments=108 bytes=7962624 status=1 api_status=0 submitted_ts_us=1787576226702431 completed_ts_us=1787576226704835 manager_get_status_ts_us=1787576226704796 backend_query_ts_us=1787576226704801 submit_us=181 transfer_us=2404 manager_to_backend_query_us=5 total_us=2585 [21272,21285][transport_manager.cpp:727,GetStatus]
[HIXL_PERF] event=hccl_batch op=1 desc_num=1 hccl_us=57 status=0
[HIXL_PERF] event=issue_hccl_batch op=1 list_num=1 total_us=65
[HIXL_PERF] event=hccl_batch op=1 desc_num=108 hccl_us=110 status=0
[HIXL_PERF] event=issue_hccl_batch op=1 list_num=108 total_us=124
[HIXL_PERF] event=issue_async_host_flag op=1 list_num=1 context_us=0 hccl_issue_us=70 flag_memcpy_us=5 total_us=75
[HIXL_PERF] event=comm_channel_async op=1 list_num=1 mutex_wait_us=0 slot_us=0 host_flag_us=0 record_us=1 issue_us=84 total_us=85
[HIXL_PERF] event=issue_async_host_flag op=1 list_num=108 context_us=0 hccl_issue_us=126 flag_memcpy_us=5 total_us=131
[HIXL_PERF] event=comm_channel_async op=1 list_num=108 mutex_wait_us=0 slot_us=0 host_flag_us=5 record_us=0 issue_us=135 total_us=140
[HIXL_PERF] event=adxl_inner_async op=1 list_num=108 context_us=0 connect_us=0 get_channel_us=2 channel_async_us=142 tail_us=1 total_us=145
[HIXL_PERF] event=adxl_inner_async op=1 list_num=1 context_us=1 connect_us=0 get_channel_us=0 channel_async_us=87 tail_us=0 total_us=88
[HIXL_PERF] event=comm_engine_async op=1 list_num=1 desc_build_us=0 inner_us=100 total_us=100 status=0
[HIXL_PERF] event=comm_engine_async op=1 list_num=108 desc_build_us=1 inner_us=147 total_us=148 status=0
[2026-08-24 20:57:06.704978][UC][I] [HIXL_WORKER_PERF] task_id=162 queue_depth=1 enqueue_lock_wait_us=0 enqueue_us=0 queue_wait_us=4 execute_us=104 result_post_us=4 total_us=112 status=0 [21272,21285][hixl_instance.cpp:107,Run]
[2026-08-24 20:57:06.704982][UC][I] [HIXL_WORKER_PERF] task_id=161 queue_depth=1 enqueue_lock_wait_us=1 enqueue_us=0 queue_wait_us=5 execute_us=160 result_post_us=6 total_us=172 status=0 [21272,21286][hixl_instance.cpp:107,Run]
[2026-08-24 20:57:06.704983][UC][I] [PERF] component=transport event=transfer_submitted manager=127.0.0.1:8000 target=127.0.0.1:4503 handle=22 transport_handle=22 opcode=1 direct=2 segments=1 bytes=63 submitted_ts_us=1787576226704982 manager_execute_async_ts_us=1787576226704864 backend_execute_async_ts_us=1787576226704869 manager_to_backend_execute_async_us=6 submit_us=117 [21272,21285][transport_manager.cpp:674,ExecuteAsync]
[2026-08-24 20:57:06.704993][UC][I] [PERF] component=transport event=transfer_submitted manager=127.0.0.1:8000 target=127.0.0.1:4504 handle=23 transport_handle=23 opcode=1 direct=2 segments=108 bytes=7962624 submitted_ts_us=1787576226704992 manager_execute_async_ts_us=1787576226704806 backend_execute_async_ts_us=1787576226704817 manager_to_backend_execute_async_us=11 submit_us=183 [21272,21286][transport_manager.cpp:674,ExecuteAsync]
[HIXL_QUERY_PERF] layer=comm_channel request=0x5 mutex_wait_us=0 check_us=1 lookup_us=0 flag_check_us=0 complete_us=0 total_us=1 transfer_status=0
[HIXL_QUERY_PERF] layer=adxl_inner request=0x5 context_us=1 req_lock_wait_us=0 lookup_us=0 channel_us=4 cleanup_us=0 total_us=5 status=0 transfer_status=0
[HIXL_QUERY_PERF] layer=comm_engine request=0x5 total_us=7 status=0 transfer_status=0
[2026-08-24 20:57:06.705018][UC][I] [HIXL_WORKER_PERF] task_id=163 queue_depth=1 enqueue_lock_wait_us=0 enqueue_us=0 queue_wait_us=4 execute_us=8 result_post_us=4 total_us=16 status=0 [21272,21285][hixl_instance.cpp:107,Run]
[2026-08-24 20:57:06.705022][UC][I] [QUERY_PERF] component=ucm layer=hixl_instance request=0x5 queue_wait_us=4 backend_us=8 run_post_us=9 total_us=21 api_status=0 transfer_status=0 [21272,21285][hixl_instance.cpp:370,GetTransferStatus]
[2026-08-24 20:57:06.705025][UC][I] [QUERY_PERF] component=ucm layer=hixl_transport handle=16 request=0x5 lifecycle_lock_us=0 pending_lock_wait_us=0 pending_lookup_us=0 instance_us=25 erase_us=0 total_us=25 transfer_status=0 [21272,21285][hixl_transport.cpp:734,GetStatus]
[2026-08-24 20:57:06.705030][UC][I] [QUERY_PERF] component=ucm layer=transport_manager handle=16 transport_handle=16 transfers_lock_wait_us=0 lookup_us=0 transport_us=30 total_us=30 api_status=0 transfer_status=0 [21272,21285][transport_manager.cpp:716,GetStatus]
[HIXL_QUERY_PERF] layer=comm_channel request=0x6 mutex_wait_us=0 check_us=0 lookup_us=0 flag_check_us=0 complete_us=0 total_us=0 transfer_status=0
[HIXL_QUERY_PERF] layer=adxl_inner request=0x6 context_us=1 req_lock_wait_us=0 lookup_us=0 channel_us=5 cleanup_us=0 total_us=6 status=0 transfer_status=0
[HIXL_QUERY_PERF] layer=comm_engine request=0x6 total_us=8 status=0 transfer_status=0
[2026-08-24 20:57:06.705055][UC][I] [HIXL_WORKER_PERF] task_id=164 queue_depth=1 enqueue_lock_wait_us=0 enqueue_us=0 queue_wait_us=4 execute_us=11 result_post_us=4 total_us=19 status=0 [21272,21285][hixl_instance.cpp:107,Run]
[2026-08-24 20:57:06.705061][UC][I] [QUERY_PERF] component=ucm layer=hixl_instance request=0x6 queue_wait_us=4 backend_us=11 run_post_us=10 total_us=25 api_status=0 transfer_status=0 [21272,21285][hixl_instance.cpp:370,GetTransferStatus]
[2026-08-24 20:57:06.705066][UC][I] [QUERY_PERF] component=ucm layer=hixl_transport handle=17 request=0x6 lifecycle_lock_us=0 pending_lock_wait_us=0 pending_lookup_us=1 instance_us=29 erase_us=0 total_us=30 transfer_status=0 [21272,21285][hixl_transport.cpp:734,GetStatus]
[2026-08-24 20:57:06.705070][UC][I] [QUERY_PERF] component=ucm layer=transport_manager handle=17 transport_handle=17 transfers_lock_wait_us=0 lookup_us=0 transport_us=34 total_us=34 api_status=0 transfer_status=0 [21272,21285][transport_manager.cpp:716,GetStatus]
[HIXL_QUERY_PERF] layer=comm_channel request=0x7 mutex_wait_us=0 check_us=0 lookup_us=0 flag_check_us=1 complete_us=0 total_us=1 transfer_status=0
[HIXL_QUERY_PERF] layer=adxl_inner request=0x7 context_us=1 req_lock_wait_us=0 lookup_us=0 channel_us=5 cleanup_us=0 total_us=6 status=0 transfer_status=0
[HIXL_QUERY_PERF] layer=comm_engine request=0x7 total_us=9 status=0 transfer_status=0
[2026-08-24 20:57:06.705100][UC][I] [HIXL_WORKER_PERF] task_id=166 queue_depth=1 enqueue_lock_wait_us=0 enqueue_us=0 queue_wait_us=4 execute_us=13 result_post_us=3 total_us=20 status=0 [21272,21285][hixl_instance.cpp:107,Run]
[2026-08-24 20:57:06.705107][UC][I] [QUERY_PERF] component=ucm layer=hixl_instance request=0x7 queue_wait_us=4 backend_us=13 run_post_us=10 total_us=27 api_status=0 transfer_status=0 [21272,21285][hixl_instance.cpp:370,GetTransferStatus]
[2026-08-24 20:57:06.705115][UC][I] [QUERY_PERF] component=ucm layer=hixl_transport handle=18 request=0x7 lifecycle_lock_us=0 pending_lock_wait_us=0 pending_lookup_us=0 instance_us=35 erase_us=0 total_us=35 transfer_status=0 [21272,21285][hixl_transport.cpp:734,GetStatus]
[2026-08-24 20:57:06.705119][UC][I] [QUERY_PERF] component=ucm layer=transport_manager handle=18 transport_handle=18 transfers_lock_wait_us=0 lookup_us=0 transport_us=40 total_us=40 api_status=0 transfer_status=0 [21272,21285][transport_manager.cpp:716,GetStatus]
[HIXL_QUERY_PERF] layer=comm_channel request=0x8 mutex_wait_us=0 check_us=1 lookup_us=0 flag_check_us=0 complete_us=0 total_us=1 transfer_status=0
[HIXL_QUERY_PERF] layer=adxl_inner request=0x8 context_us=1 req_lock_wait_us=0 lookup_us=0 channel_us=6 cleanup_us=0 total_us=7 status=0 transfer_status=0
[HIXL_QUERY_PERF] layer=comm_engine request=0x8 total_us=10 status=0 transfer_status=0
[2026-08-24 20:57:06.705143][UC][I] [HIXL_WORKER_PERF] task_id=167 queue_depth=1 enqueue_lock_wait_us=0 enqueue_us=1 queue_wait_us=3 execute_us=13 result_post_us=3 total_us=20 status=0 [21272,21285][hixl_instance.cpp:107,Run]
[2026-08-24 20:57:06.705147][UC][I] [QUERY_PERF] component=ucm layer=hixl_instance request=0x8 queue_wait_us=4 backend_us=13 run_post_us=7 total_us=24 api_status=0 transfer_status=0 [21272,21285][hixl_instance.cpp:370,GetTransferStatus]
[HIXL_PERF] event=hccl_batch op=1 desc_num=108 hccl_us=87 status=0
[2026-08-24 20:57:06.705150][UC][I] [QUERY_PERF] component=ucm layer=hixl_transport handle=19 request=0x8 lifecycle_lock_us=0 pending_lock_wait_us=0 pending_lookup_us=0 instance_us=28 erase_us=0 total_us=28 transfer_status=0 [21272,21285][hixl_transport.cpp:734,GetStatus]
[HIXL_PERF] event=issue_hccl_batch op=1 list_num=108 total_us=93
[2026-08-24 20:57:06.705155][UC][I] [QUERY_PERF] component=ucm layer=transport_manager handle=19 transport_handle=19 transfers_lock_wait_us=0 lookup_us=0 transport_us=32 total_us=32 api_status=0 transfer_status=0 [21272,21285][transport_manager.cpp:716,GetStatus]
[HIXL_PERF] event=issue_async_host_flag op=1 list_num=108 context_us=1 hccl_issue_us=96 flag_memcpy_us=4 total_us=101
[HIXL_PERF] event=comm_channel_async op=1 list_num=108 mutex_wait_us=0 slot_us=0 host_flag_us=4 record_us=0 issue_us=104 total_us=108
[HIXL_QUERY_PERF] layer=comm_channel request=0x9 mutex_wait_us=0 check_us=0 lookup_us=0 flag_check_us=0 complete_us=0 total_us=0 transfer_status=0
[HIXL_QUERY_PERF] layer=adxl_inner request=0x9 context_us=1 req_lock_wait_us=0 lookup_us=0 channel_us=6 cleanup_us=0 total_us=7 status=0 transfer_status=0
[HIXL_QUERY_PERF] layer=comm_engine request=0x9 total_us=9 status=0 transfer_status=0
[HIXL_PERF] event=adxl_inner_async op=1 list_num=108 context_us=1 connect_us=0 get_channel_us=1 channel_async_us=111 tail_us=1 total_us=114
[HIXL_PERF] event=comm_engine_async op=1 list_num=108 desc_build_us=1 inner_us=126 total_us=127 status=0
[2026-08-24 20:57:06.705177][UC][I] [HIXL_WORKER_PERF] task_id=168 queue_depth=1 enqueue_lock_wait_us=0 enqueue_us=0 queue_wait_us=4 execute_us=11 result_post_us=4 total_us=19 status=0 [21272,21285][hixl_instance.cpp:107,Run]
[2026-08-24 20:57:06.705182][UC][I] [QUERY_PERF] component=ucm layer=hixl_instance request=0x9 queue_wait_us=4 backend_us=11 run_post_us=9 total_us=24 api_status=0 transfer_status=0 [21272,21285][hixl_instance.cpp:370,GetTransferStatus]
[2026-08-24 20:57:06.705185][UC][I] [QUERY_PERF] component=ucm layer=hixl_transport handle=20 request=0x9 lifecycle_lock_us=0 pending_lock_wait_us=0 pending_lookup_us=0 instance_us=27 erase_us=0 total_us=27 transfer_status=0 [21272,21285][hixl_transport.cpp:734,GetStatus]
[2026-08-24 20:57:06.705187][UC][I] [HIXL_WORKER_PERF] task_id=165 queue_depth=1 enqueue_lock_wait_us=0 enqueue_us=1 queue_wait_us=5 execute_us=132 result_post_us=6 total_us=144 status=0 [21272,21286][hixl_instance.cpp:107,Run]
[2026-08-24 20:57:06.705188][UC][I] [QUERY_PERF] component=ucm layer=transport_manager handle=20 transport_handle=20 transfers_lock_wait_us=1 lookup_us=0 transport_us=30 total_us=31 api_status=0 transfer_status=0 [21272,21285][transport_manager.cpp:716,GetStatus]
[2026-08-24 20:57:06.705197][UC][I] [PERF] component=transport event=transfer_submitted manager=127.0.0.1:8000 target=127.0.0.1:4504 handle=24 transport_handle=24 opcode=1 direct=2 segments=108 bytes=7962624 submitted_ts_us=1787576226705195 manager_execute_async_ts_us=1787576226705040 backend_execute_async_ts_us=1787576226705050 manager_to_backend_execute_async_us=9 submit_us=154 [21272,21286][transport_manager.cpp:674,ExecuteAsync]
[HIXL_QUERY_PERF] layer=comm_channel request=0xa mutex_wait_us=0 check_us=0 lookup_us=0 flag_check_us=0 complete_us=0 total_us=0 transfer_status=0
[HIXL_QUERY_PERF] layer=adxl_inner request=0xa context_us=1 req_lock_wait_us=0 lookup_us=0 channel_us=4 cleanup_us=0 total_us=5 status=0 transfer_status=0
[HIXL_QUERY_PERF] layer=comm_engine request=0xa total_us=8 status=0 transfer_status=0
[2026-08-24 20:57:06.705222][UC][I] [HIXL_WORKER_PERF] task_id=169 queue_depth=1 enqueue_lock_wait_us=0 enqueue_us=1 queue_wait_us=3 execute_us=9 result_post_us=4 total_us=17 status=0 [21272,21285][hixl_instance.cpp:107,Run]
[2026-08-24 20:57:06.705228][UC][I] [QUERY_PERF] component=ucm layer=hixl_instance request=0xa queue_wait_us=4 backend_us=9 run_post_us=10 total_us=23 api_status=0 transfer_status=0 [21272,21285][hixl_instance.cpp:370,GetTransferStatus]
[2026-08-24 20:57:06.705238][UC][I] [QUERY_PERF] component=ucm layer=hixl_transport handle=22 request=0xa lifecycle_lock_us=1 pending_lock_wait_us=0 pending_lookup_us=0 instance_us=33 erase_us=0 total_us=34 transfer_status=0 [21272,21285][hixl_transport.cpp:734,GetStatus]
[2026-08-24 20:57:06.705243][UC][I] [QUERY_PERF] component=ucm layer=transport_manager handle=22 transport_handle=22 transfers_lock_wait_us=0 lookup_us=0 transport_us=39 total_us=39 api_status=0 transfer_status=0 [21272,21285][transport_manager.cpp:716,GetStatus]
[HIXL_QUERY_PERF] layer=comm_channel request=0x5 mutex_wait_us=0 check_us=0 lookup_us=0 flag_check_us=0 complete_us=1 total_us=1 transfer_status=1
[HIXL_QUERY_PERF] layer=adxl_inner request=0x5 context_us=0 req_lock_wait_us=0 lookup_us=1 channel_us=5 cleanup_us=0 total_us=6 status=0 transfer_status=1
[HIXL_QUERY_PERF] layer=comm_engine request=0x5 total_us=10 status=0 transfer_status=1
[2026-08-24 20:57:06.705268][UC][I] [HIXL_WORKER_PERF] task_id=171 queue_depth=1 enqueue_lock_wait_us=0 enqueue_us=0 queue_wait_us=3 execute_us=13 result_post_us=3 total_us=19 status=0 [21272,21285][hixl_instance.cpp:107,Run]
[2026-08-24 20:57:06.705272][UC][I] [QUERY_PERF] component=ucm layer=hixl_instance request=0x5 queue_wait_us=5 backend_us=12 run_post_us=8 total_us=25 api_status=0 transfer_status=1 [21272,21285][hixl_instance.cpp:370,GetTransferStatus]
[2026-08-24 20:57:06.705276][UC][I] [QUERY_PERF] component=ucm layer=hixl_transport handle=16 request=0x5 lifecycle_lock_us=0 pending_lock_wait_us=0 pending_lookup_us=0 instance_us=28 erase_us=0 total_us=28 transfer_status=1 [21272,21285][hixl_transport.cpp:734,GetStatus]
[2026-08-24 20:57:06.705280][UC][I] [QUERY_PERF] component=ucm layer=transport_manager handle=16 transport_handle=16 transfers_lock_wait_us=0 lookup_us=0 transport_us=32 total_us=32 api_status=0 transfer_status=1 [21272,21285][transport_manager.cpp:716,GetStatus]
[2026-08-24 20:57:06.705284][UC][I] [PERF] component=transport event=transfer_done manager=127.0.0.1:8000 target=127.0.0.1:4503 handle=16 transport_handle=16 opcode=1 direct=2 segments=108 bytes=7962624 status=1 api_status=0 submitted_ts_us=1787576226702610 completed_ts_us=1787576226705283 manager_get_status_ts_us=1787576226705247 backend_query_ts_us=1787576226705251 submit_us=156 transfer_us=2674 manager_to_backend_query_us=5 total_us=2830 [21272,21285][transport_manager.cpp:727,GetStatus]
[HIXL_PERF] event=hccl_batch op=1 desc_num=108 hccl_us=96 status=0
[HIXL_PERF] event=issue_hccl_batch op=1 list_num=108 total_us=103
[HIXL_PERF] event=issue_async_host_flag op=1 list_num=108 context_us=1 hccl_issue_us=107 flag_memcpy_us=4 total_us=112
[HIXL_PERF] event=comm_channel_async op=1 list_num=108 mutex_wait_us=0 slot_us=0 host_flag_us=4 record_us=0 issue_us=123 total_us=127
[HIXL_PERF] event=adxl_inner_async op=1 list_num=108 context_us=1 connect_us=0 get_channel_us=1 channel_async_us=130 tail_us=1 total_us=133
[HIXL_PERF] event=comm_engine_async op=1 list_num=108 desc_build_us=1 inner_us=136 total_us=137 status=0
[HIXL_PERF] event=hccl_batch op=1 desc_num=1 hccl_us=55 status=0
[HIXL_PERF] event=issue_hccl_batch op=1 list_num=1 total_us=66
[2026-08-24 20:57:06.705384][UC][I] [HIXL_WORKER_PERF] task_id=170 queue_depth=1 enqueue_lock_wait_us=0 enqueue_us=1 queue_wait_us=4 execute_us=144 result_post_us=5 total_us=154 status=0 [21272,21286][hixl_instance.cpp:107,Run]
[HIXL_PERF] event=issue_async_host_flag op=1 list_num=1 context_us=0 hccl_issue_us=68 flag_memcpy_us=6 total_us=74
[2026-08-24 20:57:06.705394][UC][I] [PERF] component=transport event=transfer_submitted manager=127.0.0.1:8000 target=127.0.0.1:4504 handle=25 transport_handle=25 opcode=1 direct=2 segments=108 bytes=7962624 submitted_ts_us=1787576226705393 manager_execute_async_ts_us=1787576226705225 backend_execute_async_ts_us=1787576226705236 manager_to_backend_execute_async_us=10 submit_us=165 [21272,21286][transport_manager.cpp:674,ExecuteAsync]
[HIXL_PERF] event=comm_channel_async op=1 list_num=1 mutex_wait_us=1 slot_us=0 host_flag_us=0 record_us=0 issue_us=77 total_us=78
[HIXL_PERF] event=adxl_inner_async op=1 list_num=1 context_us=0 connect_us=0 get_channel_us=0 channel_async_us=84 tail_us=1 total_us=85
[HIXL_PERF] event=comm_engine_async op=1 list_num=1 desc_build_us=0 inner_us=90 total_us=90 status=0
[2026-08-24 20:57:06.705414][UC][I] [HIXL_WORKER_PERF] task_id=172 queue_depth=1 enqueue_lock_wait_us=0 enqueue_us=0 queue_wait_us=4 execute_us=93 result_post_us=4 total_us=101 status=0 [21272,21285][hixl_instance.cpp:107,Run]
[2026-08-24 20:57:06.705420][UC][I] [PERF] component=transport event=transfer_submitted manager=127.0.0.1:8000 target=127.0.0.1:4503 handle=26 transport_handle=26 opcode=1 direct=2 segments=1 bytes=63 submitted_ts_us=1787576226705419 manager_execute_async_ts_us=1787576226705311 backend_execute_async_ts_us=1787576226705316 manager_to_backend_execute_async_us=5 submit_us=108 [21272,21285][transport_manager.cpp:674,ExecuteAsync]
[HIXL_QUERY_PERF] layer=comm_channel request=0x6 mutex_wait_us=0 check_us=0 lookup_us=0 flag_check_us=0 complete_us=0 total_us=0 transfer_status=0
[HIXL_QUERY_PERF] layer=adxl_inner request=0x6 context_us=1 req_lock_wait_us=0 lookup_us=1 channel_us=4 cleanup_us=0 total_us=6 status=0 transfer_status=0
[HIXL_QUERY_PERF] layer=comm_engine request=0x6 total_us=9 status=0 transfer_status=0
[2026-08-24 20:57:06.705446][UC][I] [HIXL_WORKER_PERF] task_id=173 queue_depth=1 enqueue_lock_wait_us=0 enqueue_us=0 queue_wait_us=4 execute_us=13 result_post_us=3 total_us=20 status=0 [21272,21285][hixl_instance.cpp:107,Run]
[2026-08-24 20:57:06.705451][UC][I] [QUERY_PERF] component=ucm layer=hixl_instance request=0x6 queue_wait_us=4 backend_us=13 run_post_us=9 total_us=26 api_status=0 transfer_status=0 [21272,21285][hixl_instance.cpp:370,GetTransferStatus]
[2026-08-24 20:57:06.705455][UC][I] [QUERY_PERF] component=ucm layer=hixl_transport handle=17 request=0x6 lifecycle_lock_us=0 pending_lock_wait_us=0 pending_lookup_us=1 instance_us=29 erase_us=0 total_us=30 transfer_status=0 [21272,21285][hixl_transport.cpp:734,GetStatus]
[2026-08-24 20:57:06.705465][UC][I] [QUERY_PERF] component=ucm layer=transport_manager handle=17 transport_handle=17 transfers_lock_wait_us=0 lookup_us=0 transport_us=40 total_us=40 api_status=0 transfer_status=0 [21272,21285][transport_manager.cpp:716,GetStatus]
[HIXL_PERF] event=hccl_batch op=1 desc_num=108 hccl_us=87 status=0
[HIXL_PERF] event=issue_hccl_batch op=1 list_num=108 total_us=93
[HIXL_PERF] event=issue_async_host_flag op=1 list_num=108 context_us=0 hccl_issue_us=96 flag_memcpy_us=5 total_us=101
[HIXL_PERF] event=comm_channel_async op=1 list_num=108 mutex_wait_us=0 slot_us=0 host_flag_us=4 record_us=0 issue_us=103 total_us=107
[HIXL_PERF] event=adxl_inner_async op=1 list_num=108 context_us=1 connect_us=0 get_channel_us=1 channel_async_us=111 tail_us=1 total_us=114
[HIXL_PERF] event=comm_engine_async op=1 list_num=108 desc_build_us=1 inner_us=116 total_us=117 status=0
[2026-08-24 20:57:06.705570][UC][I] [HIXL_WORKER_PERF] task_id=174 queue_depth=1 enqueue_lock_wait_us=0 enqueue_us=1 queue_wait_us=4 execute_us=122 result_post_us=6 total_us=133 status=0 [21272,21286][hixl_instance.cpp:107,Run]
[HIXL_QUERY_PERF] layer=comm_channel request=0xc mutex_wait_us=0 check_us=0 lookup_us=0 flag_check_us=0 complete_us=2 total_us=2 transfer_status=1
[HIXL_QUERY_PERF] layer=adxl_inner request=0xc context_us=1 req_lock_wait_us=0 lookup_us=0 channel_us=11 cleanup_us=1 total_us=13 status=0 transfer_status=1
[2026-08-24 20:57:06.705579][UC][I] [PERF] component=transport event=transfer_submitted manager=127.0.0.1:8000 target=127.0.0.1:4504 handle=27 transport_handle=27 opcode=1 direct=2 segments=108 bytes=7962624 submitted_ts_us=1787576226705578 manager_execute_async_ts_us=1787576226705434 backend_execute_async_ts_us=1787576226705443 manager_to_backend_execute_async_us=9 submit_us=143 [21272,21286][transport_manager.cpp:674,ExecuteAsync]
[HIXL_QUERY_PERF] layer=comm_engine request=0xc total_us=17 status=0 transfer_status=1
[2026-08-24 20:57:06.705594][UC][I] [HIXL_WORKER_PERF] task_id=175 queue_depth=1 enqueue_lock_wait_us=0 enqueue_us=0 queue_wait_us=97 execute_us=22 result_post_us=4 total_us=123 status=0 [21272,21285][hixl_instance.cpp:107,Run]
[2026-08-24 20:57:06.705599][UC][I] [QUERY_PERF] component=ucm layer=hixl_instance request=0xc queue_wait_us=98 backend_us=22 run_post_us=10 total_us=130 api_status=0 transfer_status=1 [21272,21285][hixl_instance.cpp:370,GetTransferStatus]
[2026-08-24 20:57:06.705604][UC][I] [QUERY_PERF] component=ucm layer=hixl_transport handle=21 request=0xc lifecycle_lock_us=0 pending_lock_wait_us=0 pending_lookup_us=0 instance_us=134 erase_us=0 total_us=134 transfer_status=1 [21272,21285][hixl_transport.cpp:734,GetStatus]
[2026-08-24 20:57:06.705609][UC][I] [QUERY_PERF] component=ucm layer=transport_manager handle=21 transport_handle=21 transfers_lock_wait_us=0 lookup_us=0 transport_us=139 total_us=139 api_status=0 transfer_status=1 [21272,21285][transport_manager.cpp:716,GetStatus]
[2026-08-24 20:57:06.705612][UC][I] [PERF] component=transport event=transfer_done manager=127.0.0.1:8000 target=127.0.0.1:4504 handle=21 transport_handle=21 opcode=1 direct=2 segments=108 bytes=7962624 status=1 api_status=0 submitted_ts_us=1787576226704766 completed_ts_us=1787576226705611 manager_get_status_ts_us=1787576226705469 backend_query_ts_us=1787576226705567 submit_us=1926 transfer_us=844 manager_to_backend_query_us=98 total_us=2770 [21272,21285][transport_manager.cpp:727,GetStatus]
[HIXL_PERF] event=hccl_batch op=1 desc_num=108 hccl_us=103 status=0
[HIXL_PERF] event=issue_hccl_batch op=1 list_num=108 total_us=109
[HIXL_PERF] event=issue_async_host_flag op=1 list_num=108 context_us=1 hccl_issue_us=111 flag_memcpy_us=5 total_us=117
[HIXL_PERF] event=comm_channel_async op=1 list_num=108 mutex_wait_us=0 slot_us=0 host_flag_us=0 record_us=0 issue_us=119 total_us=119
[HIXL_PERF] event=adxl_inner_async op=1 list_num=108 context_us=0 connect_us=0 get_channel_us=1 channel_async_us=121 tail_us=0 total_us=122
[HIXL_PERF] event=comm_engine_async op=1 list_num=108 desc_build_us=1 inner_us=125 total_us=126 status=0
[2026-08-24 20:57:06.705751][UC][I] [HIXL_WORKER_PERF] task_id=176 queue_depth=1 enqueue_lock_wait_us=0 enqueue_us=0 queue_wait_us=6 execute_us=131 result_post_us=5 total_us=142 status=0 [21272,21286][hixl_instance.cpp:107,Run]
[2026-08-24 20:57:06.705759][UC][I] [PERF] component=transport event=transfer_submitted manager=127.0.0.1:8000 target=127.0.0.1:4504 handle=28 transport_handle=28 opcode=1 direct=2 segments=108 bytes=7962624 submitted_ts_us=1787576226705758 manager_execute_async_ts_us=1787576226705604 backend_execute_async_ts_us=1787576226705615 manager_to_backend_execute_async_us=11 submit_us=152 [21272,21286][transport_manager.cpp:674,ExecuteAsync]
[HIXL_PERF] event=hccl_batch op=1 desc_num=1 hccl_us=58 status=0
[HIXL_PERF] event=issue_hccl_batch op=1 list_num=1 total_us=65
[HIXL_PERF] event=issue_async_host_flag op=1 list_num=1 context_us=0 hccl_issue_us=67 flag_memcpy_us=4 total_us=71
[HIXL_PERF] event=comm_channel_async op=1 list_num=1 mutex_wait_us=0 slot_us=1 host_flag_us=4 record_us=1 issue_us=74 total_us=80
[HIXL_PERF] event=adxl_inner_async op=1 list_num=1 context_us=1 connect_us=0 get_channel_us=0 channel_async_us=82 tail_us=0 total_us=83
[HIXL_PERF] event=comm_engine_async op=1 list_num=1 desc_build_us=0 inner_us=86 total_us=86 status=0
[2026-08-24 20:57:06.705843][UC][I] [HIXL_WORKER_PERF] task_id=177 queue_depth=1 enqueue_lock_wait_us=1 enqueue_us=0 queue_wait_us=107 execute_us=90 result_post_us=4 total_us=202 status=0 [21272,21285][hixl_instance.cpp:107,Run]
[2026-08-24 20:57:06.705850][UC][I] [PERF] component=transport event=transfer_submitted manager=127.0.0.1:8000 target=127.0.0.1:4504 handle=29 transport_handle=29 opcode=1 direct=2 segments=1 bytes=63 submitted_ts_us=1787576226705849 manager_execute_async_ts_us=1787576226705639 backend_execute_async_ts_us=1787576226705748 manager_to_backend_execute_async_us=108 submit_us=209 [21272,21285][transport_manager.cpp:674,ExecuteAsync]
[HIXL_QUERY_PERF] layer=comm_channel request=0xd mutex_wait_us=0 check_us=0 lookup_us=0 flag_check_us=0 complete_us=2 total_us=2 transfer_status=1
[HIXL_QUERY_PERF] layer=adxl_inner request=0xd context_us=1 req_lock_wait_us=0 lookup_us=1 channel_us=6 cleanup_us=0 total_us=8 status=0 transfer_status=1
[HIXL_QUERY_PERF] layer=comm_engine request=0xd total_us=11 status=0 transfer_status=1
[2026-08-24 20:57:06.705878][UC][I] [HIXL_WORKER_PERF] task_id=179 queue_depth=1 enqueue_lock_wait_us=1 enqueue_us=0 queue_wait_us=4 execute_us=12 result_post_us=4 total_us=21 status=0 [21272,21285][hixl_instance.cpp:107,Run]
[2026-08-24 20:57:06.705882][UC][I] [QUERY_PERF] component=ucm layer=hixl_instance request=0xd queue_wait_us=5 backend_us=12 run_post_us=8 total_us=25 api_status=0 transfer_status=1 [21272,21285][hixl_instance.cpp:370,GetTransferStatus]
[2026-08-24 20:57:06.705891][UC][I] [QUERY_PERF] component=ucm layer=hixl_transport handle=23 request=0xd lifecycle_lock_us=0 pending_lock_wait_us=0 pending_lookup_us=0 instance_us=34 erase_us=0 total_us=34 transfer_status=1 [21272,21285][hixl_transport.cpp:734,GetStatus]
[2026-08-24 20:57:06.705896][UC][I] [QUERY_PERF] component=ucm layer=transport_manager handle=23 transport_handle=23 transfers_lock_wait_us=0 lookup_us=0 transport_us=40 total_us=40 api_status=0 transfer_status=1 [21272,21285][transport_manager.cpp:716,GetStatus]
[2026-08-24 20:57:06.705900][UC][I] [PERF] component=transport event=transfer_done manager=127.0.0.1:8000 target=127.0.0.1:4504 handle=23 transport_handle=23 opcode=1 direct=2 segments=108 bytes=7962624 status=1 api_status=0 submitted_ts_us=1787576226704992 completed_ts_us=1787576226705899 manager_get_status_ts_us=1787576226705855 backend_query_ts_us=1787576226705861 submit_us=183 transfer_us=907 manager_to_backend_query_us=5 total_us=1090 [21272,21285][transport_manager.cpp:727,GetStatus]
[HIXL_PERF] event=hccl_batch op=1 desc_num=1 hccl_us=56 status=0
[HIXL_PERF] event=issue_hccl_batch op=1 list_num=1 total_us=65
[HIXL_PERF] event=issue_async_host_flag op=1 list_num=1 context_us=0 hccl_issue_us=68 flag_memcpy_us=5 total_us=73
[HIXL_PERF] event=comm_channel_async op=1 list_num=1 mutex_wait_us=0 slot_us=0 host_flag_us=0 record_us=0 issue_us=77 total_us=77
[HIXL_PERF] event=adxl_inner_async op=1 list_num=1 context_us=0 connect_us=0 get_channel_us=1 channel_async_us=79 tail_us=0 total_us=80
[HIXL_PERF] event=comm_engine_async op=1 list_num=1 desc_build_us=1 inner_us=82 total_us=83 status=0
[2026-08-24 20:57:06.706022][UC][I] [HIXL_WORKER_PERF] task_id=180 queue_depth=1 enqueue_lock_wait_us=0 enqueue_us=1 queue_wait_us=4 execute_us=87 result_post_us=4 total_us=96 status=0 [21272,21285][hixl_instance.cpp:107,Run]
[2026-08-24 20:57:06.706029][UC][I] [PERF] component=transport event=transfer_submitted manager=127.0.0.1:8000 target=127.0.0.1:4504 handle=30 transport_handle=30 opcode=1 direct=2 segments=1 bytes=63 submitted_ts_us=1787576226706029 manager_execute_async_ts_us=1787576226705925 backend_execute_async_ts_us=1787576226705931 manager_to_backend_execute_async_us=6 submit_us=103 [21272,21285][transport_manager.cpp:674,ExecuteAsync]
[HIXL_PERF] event=hccl_batch op=1 desc_num=108 hccl_us=165 status=0
[HIXL_PERF] event=issue_hccl_batch op=1 list_num=108 total_us=183
[HIXL_PERF] event=issue_async_host_flag op=1 list_num=108 context_us=0 hccl_issue_us=186 flag_memcpy_us=5 total_us=191
[HIXL_PERF] event=comm_channel_async op=1 list_num=108 mutex_wait_us=0 slot_us=1322 host_flag_us=4 record_us=1 issue_us=197 total_us=1524
[HIXL_PERF] event=adxl_inner_async op=1 list_num=108 context_us=0 connect_us=0 get_channel_us=1 channel_async_us=1527 tail_us=0 total_us=1528
[HIXL_PERF] event=comm_engine_async op=1 list_num=108 desc_build_us=4 inner_us=1531 total_us=1535 status=0
[HIXL_QUERY_PERF] layer=comm_channel request=0x7 mutex_wait_us=0 check_us=0 lookup_us=0 flag_check_us=1 complete_us=1 total_us=2 transfer_status=1
[2026-08-24 20:57:06.707361][UC][I] [HIXL_WORKER_PERF] task_id=178 queue_depth=1 enqueue_lock_wait_us=0 enqueue_us=1 queue_wait_us=4 execute_us=1542 result_post_us=7 total_us=1554 status=0 [21272,21286][hixl_instance.cpp:107,Run]
[HIXL_QUERY_PERF] layer=adxl_inner request=0x7 context_us=1 req_lock_wait_us=0 lookup_us=1 channel_us=8 cleanup_us=0 total_us=10 status=0 transfer_status=1
[HIXL_QUERY_PERF] layer=comm_engine request=0x7 total_us=19 status=0 transfer_status=1
[2026-08-24 20:57:06.707376][UC][I] [PERF] component=transport event=transfer_submitted manager=127.0.0.1:8000 target=127.0.0.1:4502 handle=31 transport_handle=31 opcode=1 direct=2 segments=108 bytes=7962624 submitted_ts_us=1787576226707375 manager_execute_async_ts_us=1787576226705805 backend_execute_async_ts_us=1787576226705814 manager_to_backend_execute_async_us=9 submit_us=1569 [21272,21286][transport_manager.cpp:674,ExecuteAsync]
[2026-08-24 20:57:06.707387][UC][I] [HIXL_WORKER_PERF] task_id=181 queue_depth=1 enqueue_lock_wait_us=1 enqueue_us=0 queue_wait_us=1319 execute_us=25 result_post_us=4 total_us=1349 status=0 [21272,21285][hixl_instance.cpp:107,Run]
[2026-08-24 20:57:06.707396][UC][I] [QUERY_PERF] component=ucm layer=hixl_instance request=0x7 queue_wait_us=1320 backend_us=25 run_post_us=13 total_us=1358 api_status=0 transfer_status=1 [21272,21285][hixl_instance.cpp:370,GetTransferStatus]
[2026-08-24 20:57:06.707401][UC][I] [QUERY_PERF] component=ucm layer=hixl_transport handle=18 request=0x7 lifecycle_lock_us=0 pending_lock_wait_us=0 pending_lookup_us=0 instance_us=1363 erase_us=0 total_us=1363 transfer_status=1 [21272,21285][hixl_transport.cpp:734,GetStatus]
[2026-08-24 20:57:06.707407][UC][I] [QUERY_PERF] component=ucm layer=transport_manager handle=18 transport_handle=18 transfers_lock_wait_us=0 lookup_us=0 transport_us=1369 total_us=1369 api_status=0 transfer_status=1 [21272,21285][transport_manager.cpp:716,GetStatus]
[2026-08-24 20:57:06.707413][UC][I] [PERF] component=transport event=transfer_done manager=127.0.0.1:8000 target=127.0.0.1:4503 handle=18 transport_handle=18 opcode=1 direct=2 segments=1 bytes=63 status=1 api_status=0 submitted_ts_us=1787576226703579 completed_ts_us=1787576226707412 manager_get_status_ts_us=1787576226706037 backend_query_ts_us=1787576226707357 submit_us=111 transfer_us=3833 manager_to_backend_query_us=1320 total_us=3944 [21272,21285][transport_manager.cpp:727,GetStatus]
[2026-08-24 20:57:06.707421][UC][I] [PERF] component=drampool event=request_done request_id=1 opcode=2 peer=127.0.0.1:4503 batch_size=108 data_bytes=7962624 failed_items=0 status=SUCCESS failed_stage=NONE received_ts_us=1787576226699361 worker_started_ts_us=1787576226699382 data_transfer_submitted_ts_us=1787576226701643 data_transfer_completed_ts_us=1787576226703441 response_submitted_ts_us=1787576226703587 completed_ts_us=1787576226707417 data_tm_execute_async_ts_us=1787576226699407 data_hixl_execute_async_ts_us=1787576226699445 data_tm_get_status_ts_us=1787576226703391 data_hixl_query_handle_ts_us=1787576226703395 response_tm_execute_async_ts_us=1787576226703468 response_hixl_execute_async_ts_us=1787576226703473 response_tm_get_status_ts_us=1787576226706037 response_hixl_query_handle_ts_us=1787576226707357 request_queue_us=21 metadata_prepare_us=23 taskworker_prepare_us=2262 poller_queue_us=134 data_transfer_us=1798 metadata_settle_us=25 response_slot_wait_us=0 response_submit_us=121 response_transfer_us=3830 data_tm_to_hixl_execute_async_us=38 data_tm_to_hixl_query_handle_us=5 response_tm_to_hixl_execute_async_us=5 response_tm_to_hixl_query_handle_us=1320 total_us=8056 [21272,21285][completion_poller.cc:56,LogRequestDone]
[HIXL_PERF] event=hccl_batch op=1 desc_num=108 hccl_us=111 status=0
[HIXL_PERF] event=issue_hccl_batch op=1 list_num=108 total_us=121
[HIXL_PERF] event=issue_async_host_flag op=1 list_num=108 context_us=1 hccl_issue_us=123 flag_memcpy_us=5 total_us=129
[HIXL_PERF] event=comm_channel_async op=1 list_num=108 mutex_wait_us=0 slot_us=1 host_flag_us=4 record_us=0 issue_us=134 total_us=139
[HIXL_PERF] event=adxl_inner_async op=1 list_num=108 context_us=1 connect_us=0 get_channel_us=0 channel_async_us=143 tail_us=1 total_us=145
[HIXL_PERF] event=comm_engine_async op=1 list_num=108 desc_build_us=1 inner_us=149 total_us=150 status=0
[2026-08-24 20:57:06.707591][UC][I] [HIXL_WORKER_PERF] task_id=182 queue_depth=1 enqueue_lock_wait_us=0 enqueue_us=1 queue_wait_us=5 execute_us=156 result_post_us=6 total_us=168 status=0 [21272,21286][hixl_instance.cpp:107,Run]
[HIXL_QUERY_PERF] layer=comm_channel request=0x8 mutex_wait_us=0 check_us=0 lookup_us=1 flag_check_us=0 complete_us=2 total_us=3 transfer_status=1
[2026-08-24 20:57:06.707601][UC][I] [PERF] component=transport event=transfer_submitted manager=127.0.0.1:8000 target=127.0.0.1:4502 handle=32 transport_handle=32 opcode=1 direct=2 segments=108 bytes=7962624 submitted_ts_us=1787576226707600 manager_execute_async_ts_us=1787576226707418 backend_execute_async_ts_us=1787576226707430 manager_to_backend_execute_async_us=12 submit_us=180 [21272,21286][transport_manager.cpp:674,ExecuteAsync]
[HIXL_QUERY_PERF] layer=adxl_inner request=0x8 context_us=0 req_lock_wait_us=1 lookup_us=0 channel_us=14 cleanup_us=1 total_us=16 status=0 transfer_status=1
[HIXL_QUERY_PERF] layer=comm_engine request=0x8 total_us=25 status=0 transfer_status=1
[2026-08-24 20:57:06.707621][UC][I] [HIXL_WORKER_PERF] task_id=183 queue_depth=1 enqueue_lock_wait_us=0 enqueue_us=0 queue_wait_us=146 execute_us=30 result_post_us=4 total_us=180 status=0 [21272,21285][hixl_instance.cpp:107,Run]
[2026-08-24 20:57:06.707627][UC][I] [QUERY_PERF] component=ucm layer=hixl_instance request=0x8 queue_wait_us=147 backend_us=30 run_post_us=9 total_us=186 api_status=0 transfer_status=1 [21272,21285][hixl_instance.cpp:370,GetTransferStatus]
[2026-08-24 20:57:06.707631][UC][I] [QUERY_PERF] component=ucm layer=hixl_transport handle=19 request=0x8 lifecycle_lock_us=0 pending_lock_wait_us=0 pending_lookup_us=0 instance_us=190 erase_us=1 total_us=191 transfer_status=1 [21272,21285][hixl_transport.cpp:734,GetStatus]
[2026-08-24 20:57:06.707637][UC][I] [QUERY_PERF] component=ucm layer=transport_manager handle=19 transport_handle=19 transfers_lock_wait_us=0 lookup_us=0 transport_us=196 total_us=196 api_status=0 transfer_status=1 [21272,21285][transport_manager.cpp:716,GetStatus]
[2026-08-24 20:57:06.707643][UC][I] [PERF] component=transport event=transfer_done manager=127.0.0.1:8000 target=127.0.0.1:4503 handle=19 transport_handle=19 opcode=1 direct=2 segments=1 bytes=63 status=1 api_status=0 submitted_ts_us=1787576226704204 completed_ts_us=1787576226707642 manager_get_status_ts_us=1787576226707440 backend_query_ts_us=1787576226707587 submit_us=100 transfer_us=3438 manager_to_backend_query_us=147 total_us=3538 [21272,21285][transport_manager.cpp:727,GetStatus]
[2026-08-24 20:57:06.707651][UC][I] [PERF] component=drampool event=request_done request_id=2 opcode=2 peer=127.0.0.1:4503 batch_size=108 data_bytes=7962624 failed_items=0 status=SUCCESS failed_stage=NONE received_ts_us=1787576226699423 worker_started_ts_us=1787576226701645 data_transfer_submitted_ts_us=1787576226702021 data_transfer_completed_ts_us=1787576226704090 response_submitted_ts_us=1787576226704208 completed_ts_us=1787576226707649 data_tm_execute_async_ts_us=1787576226701658 data_hixl_execute_async_ts_us=1787576226701689 data_tm_get_status_ts_us=1787576226704041 data_hixl_query_handle_ts_us=1787576226704045 response_tm_execute_async_ts_us=1787576226704103 response_hixl_execute_async_ts_us=1787576226704108 response_tm_get_status_ts_us=1787576226707440 response_hixl_query_handle_ts_us=1787576226707587 request_queue_us=2222 metadata_prepare_us=12 taskworker_prepare_us=377 poller_queue_us=32 data_transfer_us=2069 metadata_settle_us=12 response_slot_wait_us=0 response_submit_us=107 response_transfer_us=3439 data_tm_to_hixl_execute_async_us=31 data_tm_to_hixl_query_handle_us=4 response_tm_to_hixl_execute_async_us=5 response_tm_to_hixl_query_handle_us=147 total_us=8226 [21272,21285][completion_poller.cc:56,LogRequestDone]
[HIXL_PERF] event=hccl_batch op=1 desc_num=108 hccl_us=89 status=0
[HIXL_PERF] event=issue_hccl_batch op=1 list_num=108 total_us=101
[HIXL_PERF] event=issue_async_host_flag op=1 list_num=108 context_us=1 hccl_issue_us=103 flag_memcpy_us=4 total_us=108
[HIXL_PERF] event=comm_channel_async op=1 list_num=108 mutex_wait_us=0 slot_us=0 host_flag_us=4 record_us=0 issue_us=110 total_us=114
[HIXL_PERF] event=adxl_inner_async op=1 list_num=108 context_us=0 connect_us=0 get_channel_us=1 channel_async_us=116 tail_us=1 total_us=118
[HIXL_PERF] event=comm_engine_async op=1 list_num=108 desc_build_us=1 inner_us=120 total_us=121 status=0
[HIXL_QUERY_PERF] layer=comm_channel request=0x9 mutex_wait_us=0 check_us=0 lookup_us=0 flag_check_us=0 complete_us=2 total_us=2 transfer_status=1
[2026-08-24 20:57:06.707766][UC][I] [HIXL_WORKER_PERF] task_id=184 queue_depth=1 enqueue_lock_wait_us=0 enqueue_us=1 queue_wait_us=5 execute_us=126 result_post_us=6 total_us=138 status=0 [21272,21286][hixl_instance.cpp:107,Run]
[HIXL_QUERY_PERF] layer=adxl_inner request=0x9 context_us=1 req_lock_wait_us=0 lookup_us=1 channel_us=4 cleanup_us=1 total_us=7 status=0 transfer_status=1
[HIXL_QUERY_PERF] layer=comm_engine request=0x9 total_us=13 status=0 transfer_status=1
[2026-08-24 20:57:06.707775][UC][I] [PERF] component=transport event=transfer_submitted manager=127.0.0.1:8000 target=127.0.0.1:4502 handle=33 transport_handle=33 opcode=1 direct=2 segments=108 bytes=7962624 submitted_ts_us=1787576226707774 manager_execute_async_ts_us=1787576226707625 backend_execute_async_ts_us=1787576226707634 manager_to_backend_execute_async_us=9 submit_us=148 [21272,21286][transport_manager.cpp:674,ExecuteAsync]
[2026-08-24 20:57:06.707781][UC][I] [HIXL_WORKER_PERF] task_id=185 queue_depth=1 enqueue_lock_wait_us=0 enqueue_us=0 queue_wait_us=94 execute_us=15 result_post_us=4 total_us=113 status=0 [21272,21285][hixl_instance.cpp:107,Run]
[2026-08-24 20:57:06.707786][UC][I] [QUERY_PERF] component=ucm layer=hixl_instance request=0x9 queue_wait_us=94 backend_us=14 run_post_us=10 total_us=118 api_status=0 transfer_status=1 [21272,21285][hixl_instance.cpp:370,GetTransferStatus]
[2026-08-24 20:57:06.707790][UC][I] [QUERY_PERF] component=ucm layer=hixl_transport handle=20 request=0x9 lifecycle_lock_us=0 pending_lock_wait_us=0 pending_lookup_us=1 instance_us=121 erase_us=0 total_us=122 transfer_status=1 [21272,21285][hixl_transport.cpp:734,GetStatus]
[2026-08-24 20:57:06.707794][UC][I] [QUERY_PERF] component=ucm layer=transport_manager handle=20 transport_handle=20 transfers_lock_wait_us=0 lookup_us=0 transport_us=127 total_us=127 api_status=0 transfer_status=1 [21272,21285][transport_manager.cpp:716,GetStatus]
[2026-08-24 20:57:06.707797][UC][I] [PERF] component=transport event=transfer_done manager=127.0.0.1:8000 target=127.0.0.1:4503 handle=20 transport_handle=20 opcode=1 direct=2 segments=1 bytes=63 status=1 api_status=0 submitted_ts_us=1787576226704547 completed_ts_us=1787576226707796 manager_get_status_ts_us=1787576226707667 backend_query_ts_us=1787576226707762 submit_us=102 transfer_us=3249 manager_to_backend_query_us=95 total_us=3351 [21272,21285][transport_manager.cpp:727,GetStatus]
[2026-08-24 20:57:06.707807][UC][I] [PERF] component=drampool event=request_done request_id=3 opcode=2 peer=127.0.0.1:4503 batch_size=108 data_bytes=7962624 failed_items=0 status=SUCCESS failed_stage=NONE received_ts_us=1787576226699427 worker_started_ts_us=1787576226702023 data_transfer_submitted_ts_us=1787576226702231 data_transfer_completed_ts_us=1787576226704435 response_submitted_ts_us=1787576226704552 completed_ts_us=1787576226707805 data_tm_execute_async_ts_us=1787576226702038 data_hixl_execute_async_ts_us=1787576226702051 data_tm_get_status_ts_us=1787576226704394 data_hixl_query_handle_ts_us=1787576226704399 response_tm_execute_async_ts_us=1787576226704446 response_hixl_execute_async_ts_us=1787576226704451 response_tm_get_status_ts_us=1787576226707667 response_hixl_query_handle_ts_us=1787576226707762 request_queue_us=2595 metadata_prepare_us=13 taskworker_prepare_us=210 poller_queue_us=243 data_transfer_us=2204 metadata_settle_us=9 response_slot_wait_us=0 response_submit_us=108 response_transfer_us=3253 data_tm_to_hixl_execute_async_us=13 data_tm_to_hixl_query_handle_us=5 response_tm_to_hixl_execute_async_us=5 response_tm_to_hixl_query_handle_us=95 total_us=8377 [21272,21285][completion_poller.cc:56,LogRequestDone]
[HIXL_PERF] event=hccl_batch op=1 desc_num=108 hccl_us=99 status=0
[HIXL_PERF] event=issue_hccl_batch op=1 list_num=108 total_us=113
[HIXL_PERF] event=issue_async_host_flag op=1 list_num=108 context_us=1 hccl_issue_us=116 flag_memcpy_us=3 total_us=120
[HIXL_PERF] event=comm_channel_async op=1 list_num=108 mutex_wait_us=0 slot_us=0 host_flag_us=4 record_us=0 issue_us=122 total_us=126
[HIXL_PERF] event=adxl_inner_async op=1 list_num=108 context_us=1 connect_us=0 get_channel_us=0 channel_async_us=128 tail_us=1 total_us=130
[HIXL_PERF] event=comm_engine_async op=1 list_num=108 desc_build_us=1 inner_us=132 total_us=133 status=0
[HIXL_QUERY_PERF] layer=comm_channel request=0xa mutex_wait_us=0 check_us=0 lookup_us=0 flag_check_us=1 complete_us=1 total_us=2 transfer_status=1
[2026-08-24 20:57:06.707948][UC][I] [HIXL_WORKER_PERF] task_id=186 queue_depth=1 enqueue_lock_wait_us=0 enqueue_us=0 queue_wait_us=5 execute_us=138 result_post_us=6 total_us=149 status=0 [21272,21286][hixl_instance.cpp:107,Run]
[HIXL_QUERY_PERF] layer=adxl_inner request=0xa context_us=0 req_lock_wait_us=0 lookup_us=1 channel_us=4 cleanup_us=1 total_us=6 status=0 transfer_status=1
[HIXL_QUERY_PERF] layer=comm_engine request=0xa total_us=11 status=0 transfer_status=1
[2026-08-24 20:57:06.707963][UC][I] [HIXL_WORKER_PERF] task_id=187 queue_depth=1 enqueue_lock_wait_us=0 enqueue_us=0 queue_wait_us=132 execute_us=13 result_post_us=5 total_us=150 status=0 [21272,21285][hixl_instance.cpp:107,Run]
[2026-08-24 20:57:06.707966][UC][I] [PERF] component=transport event=transfer_submitted manager=127.0.0.1:8000 target=127.0.0.1:4502 handle=34 transport_handle=34 opcode=1 direct=2 segments=108 bytes=7962624 submitted_ts_us=1787576226707965 manager_execute_async_ts_us=1787576226707796 backend_execute_async_ts_us=1787576226707804 manager_to_backend_execute_async_us=9 submit_us=169 [21272,21286][transport_manager.cpp:674,ExecuteAsync]
[2026-08-24 20:57:06.707968][UC][I] [QUERY_PERF] component=ucm layer=hixl_instance request=0xa queue_wait_us=132 backend_us=13 run_post_us=10 total_us=155 api_status=0 transfer_status=1 [21272,21285][hixl_instance.cpp:370,GetTransferStatus]
[2026-08-24 20:57:06.707982][UC][I] [QUERY_PERF] component=ucm layer=hixl_transport handle=22 request=0xa lifecycle_lock_us=0 pending_lock_wait_us=0 pending_lookup_us=1 instance_us=169 erase_us=0 total_us=170 transfer_status=1 [21272,21285][hixl_transport.cpp:734,GetStatus]
[2026-08-24 20:57:06.707987][UC][I] [QUERY_PERF] component=ucm layer=transport_manager handle=22 transport_handle=22 transfers_lock_wait_us=0 lookup_us=0 transport_us=176 total_us=176 api_status=0 transfer_status=1 [21272,21285][transport_manager.cpp:716,GetStatus]
[2026-08-24 20:57:06.707993][UC][I] [PERF] component=transport event=transfer_done manager=127.0.0.1:8000 target=127.0.0.1:4503 handle=22 transport_handle=22 opcode=1 direct=2 segments=1 bytes=63 status=1 api_status=0 submitted_ts_us=1787576226704982 completed_ts_us=1787576226707991 manager_get_status_ts_us=1787576226707811 backend_query_ts_us=1787576226707944 submit_us=117 transfer_us=3010 manager_to_backend_query_us=133 total_us=3127 [21272,21285][transport_manager.cpp:727,GetStatus]
[2026-08-24 20:57:06.707998][UC][I] [PERF] component=drampool event=request_done request_id=4 opcode=2 peer=127.0.0.1:4503 batch_size=108 data_bytes=7962624 failed_items=0 status=SUCCESS failed_stage=NONE received_ts_us=1787576226699474 worker_started_ts_us=1787576226702234 data_transfer_submitted_ts_us=1787576226702437 data_transfer_completed_ts_us=1787576226704841 response_submitted_ts_us=1787576226704999 completed_ts_us=1787576226707996 data_tm_execute_async_ts_us=1787576226702248 data_hixl_execute_async_ts_us=1787576226702258 data_tm_get_status_ts_us=1787576226704796 data_hixl_query_handle_ts_us=1787576226704801 response_tm_execute_async_ts_us=1787576226704864 response_hixl_execute_async_ts_us=1787576226704869 response_tm_get_status_ts_us=1787576226707811 response_hixl_query_handle_ts_us=1787576226707944 request_queue_us=2760 metadata_prepare_us=13 taskworker_prepare_us=204 poller_queue_us=38 data_transfer_us=2404 metadata_settle_us=22 response_slot_wait_us=0 response_submit_us=136 response_transfer_us=2997 data_tm_to_hixl_execute_async_us=11 data_tm_to_hixl_query_handle_us=5 response_tm_to_hixl_execute_async_us=6 response_tm_to_hixl_query_handle_us=133 total_us=8522 [21272,21285][completion_poller.cc:56,LogRequestDone]
[HIXL_PERF] event=hccl_batch op=1 desc_num=108 hccl_us=85 status=0
[HIXL_PERF] event=issue_hccl_batch op=1 list_num=108 total_us=93
[HIXL_PERF] event=issue_async_host_flag op=1 list_num=108 context_us=1 hccl_issue_us=96 flag_memcpy_us=2 total_us=99
[HIXL_PERF] event=comm_channel_async op=1 list_num=108 mutex_wait_us=0 slot_us=0 host_flag_us=4 record_us=0 issue_us=102 total_us=106
[HIXL_PERF] event=adxl_inner_async op=1 list_num=108 context_us=0 connect_us=0 get_channel_us=1 channel_async_us=108 tail_us=0 total_us=109
[HIXL_PERF] event=comm_engine_async op=1 list_num=108 desc_build_us=0 inner_us=112 total_us=112 status=0
[HIXL_QUERY_PERF] layer=comm_channel request=0xb mutex_wait_us=0 check_us=1 lookup_us=0 flag_check_us=0 complete_us=2 total_us=3 transfer_status=1
[2026-08-24 20:57:06.708124][UC][I] [HIXL_WORKER_PERF] task_id=188 queue_depth=1 enqueue_lock_wait_us=0 enqueue_us=1 queue_wait_us=7 execute_us=117 result_post_us=6 total_us=131 status=0 [21272,21286][hixl_instance.cpp:107,Run]
[HIXL_QUERY_PERF] layer=adxl_inner request=0xb context_us=1 req_lock_wait_us=0 lookup_us=0 channel_us=5 cleanup_us=0 total_us=6 status=0 transfer_status=1
[HIXL_QUERY_PERF] layer=comm_engine request=0xb total_us=12 status=0 transfer_status=1
[2026-08-24 20:57:06.708132][UC][I] [PERF] component=transport event=transfer_submitted manager=127.0.0.1:8000 target=127.0.0.1:4502 handle=35 transport_handle=35 opcode=1 direct=2 segments=108 bytes=7962624 submitted_ts_us=1787576226708131 manager_execute_async_ts_us=1787576226707990 backend_execute_async_ts_us=1787576226708001 manager_to_backend_execute_async_us=11 submit_us=140 [21272,21286][transport_manager.cpp:674,ExecuteAsync]
[2026-08-24 20:57:06.708141][UC][I] [HIXL_WORKER_PERF] task_id=189 queue_depth=1 enqueue_lock_wait_us=0 enqueue_us=1 queue_wait_us=115 execute_us=16 result_post_us=5 total_us=137 status=0 [21272,21285][hixl_instance.cpp:107,Run]
[2026-08-24 20:57:06.708153][UC][I] [QUERY_PERF] component=ucm layer=hixl_instance request=0xb queue_wait_us=116 backend_us=16 run_post_us=17 total_us=149 api_status=0 transfer_status=1 [21272,21285][hixl_instance.cpp:370,GetTransferStatus]
[2026-08-24 20:57:06.708160][UC][I] [QUERY_PERF] component=ucm layer=hixl_transport handle=26 request=0xb lifecycle_lock_us=0 pending_lock_wait_us=0 pending_lookup_us=0 instance_us=154 erase_us=1 total_us=155 transfer_status=1 [21272,21285][hixl_transport.cpp:734,GetStatus]
[2026-08-24 20:57:06.708167][UC][I] [QUERY_PERF] component=ucm layer=transport_manager handle=26 transport_handle=26 transfers_lock_wait_us=1 lookup_us=0 transport_us=163 total_us=164 api_status=0 transfer_status=1 [21272,21285][transport_manager.cpp:716,GetStatus]
[2026-08-24 20:57:06.708171][UC][I] [PERF] component=transport event=transfer_done manager=127.0.0.1:8000 target=127.0.0.1:4503 handle=26 transport_handle=26 opcode=1 direct=2 segments=1 bytes=63 status=1 api_status=0 submitted_ts_us=1787576226705419 completed_ts_us=1787576226708170 manager_get_status_ts_us=1787576226708003 backend_query_ts_us=1787576226708120 submit_us=108 transfer_us=2751 manager_to_backend_query_us=117 total_us=2859 [21272,21285][transport_manager.cpp:727,GetStatus]
[2026-08-24 20:57:06.708178][UC][I] [PERF] component=drampool event=request_done request_id=5 opcode=2 peer=127.0.0.1:4503 batch_size=108 data_bytes=7962624 failed_items=0 status=SUCCESS failed_stage=NONE received_ts_us=1787576226699477 worker_started_ts_us=1787576226702439 data_transfer_submitted_ts_us=1787576226702615 data_transfer_completed_ts_us=1787576226705288 response_submitted_ts_us=1787576226705423 completed_ts_us=1787576226708176 data_tm_execute_async_ts_us=1787576226702453 data_hixl_execute_async_ts_us=1787576226702462 data_tm_get_status_ts_us=1787576226705247 data_hixl_query_handle_ts_us=1787576226705251 response_tm_execute_async_ts_us=1787576226705311 response_hixl_execute_async_ts_us=1787576226705316 response_tm_get_status_ts_us=1787576226708003 response_hixl_query_handle_ts_us=1787576226708120 request_queue_us=2961 metadata_prepare_us=13 taskworker_prepare_us=177 poller_queue_us=285 data_transfer_us=2672 metadata_settle_us=22 response_slot_wait_us=0 response_submit_us=114 response_transfer_us=2751 data_tm_to_hixl_execute_async_us=9 data_tm_to_hixl_query_handle_us=5 response_tm_to_hixl_execute_async_us=5 response_tm_to_hixl_query_handle_us=117 total_us=8698 [21272,21285][completion_poller.cc:56,LogRequestDone]
[HIXL_PERF] event=hccl_batch op=1 desc_num=108 hccl_us=83 status=0
[HIXL_PERF] event=issue_hccl_batch op=1 list_num=108 total_us=91
[HIXL_PERF] event=issue_async_host_flag op=1 list_num=108 context_us=0 hccl_issue_us=92 flag_memcpy_us=5 total_us=97
[HIXL_PERF] event=comm_channel_async op=1 list_num=108 mutex_wait_us=0 slot_us=1 host_flag_us=4 record_us=0 issue_us=99 total_us=104
[HIXL_PERF] event=adxl_inner_async op=1 list_num=108 context_us=1 connect_us=0 get_channel_us=0 channel_async_us=106 tail_us=0 total_us=107
[HIXL_PERF] event=comm_engine_async op=1 list_num=108 desc_build_us=1 inner_us=110 total_us=111 status=0
[HIXL_QUERY_PERF] layer=comm_channel request=0x6 mutex_wait_us=0 check_us=0 lookup_us=0 flag_check_us=0 complete_us=2 total_us=2 transfer_status=1
[2026-08-24 20:57:06.708288][UC][I] [HIXL_WORKER_PERF] task_id=190 queue_depth=1 enqueue_lock_wait_us=0 enqueue_us=0 queue_wait_us=6 execute_us=118 result_post_us=6 total_us=130 status=0 [21272,21286][hixl_instance.cpp:107,Run]
[HIXL_QUERY_PERF] layer=adxl_inner request=0x6 context_us=0 req_lock_wait_us=0 lookup_us=1 channel_us=4 cleanup_us=0 total_us=5 status=0 transfer_status=1
[2026-08-24 20:57:06.708297][UC][I] [PERF] component=transport event=transfer_submitted manager=127.0.0.1:8000 target=127.0.0.1:4502 handle=36 transport_handle=36 opcode=1 direct=2 segments=108 bytes=7962624 submitted_ts_us=1787576226708296 manager_execute_async_ts_us=1787576226708156 backend_execute_async_ts_us=1787576226708166 manager_to_backend_execute_async_us=10 submit_us=139 [21272,21286][transport_manager.cpp:674,ExecuteAsync]
[HIXL_QUERY_PERF] layer=comm_engine request=0x6 total_us=14 status=0 transfer_status=1
[2026-08-24 20:57:06.708312][UC][I] [HIXL_WORKER_PERF] task_id=191 queue_depth=1 enqueue_lock_wait_us=0 enqueue_us=0 queue_wait_us=103 execute_us=23 result_post_us=4 total_us=130 status=0 [21272,21285][hixl_instance.cpp:107,Run]
[2026-08-24 20:57:06.708317][UC][I] [QUERY_PERF] component=ucm layer=hixl_instance request=0x6 queue_wait_us=103 backend_us=23 run_post_us=9 total_us=135 api_status=0 transfer_status=1 [21272,21285][hixl_instance.cpp:370,GetTransferStatus]
[2026-08-24 20:57:06.708323][UC][I] [QUERY_PERF] component=ucm layer=hixl_transport handle=17 request=0x6 lifecycle_lock_us=0 pending_lock_wait_us=0 pending_lookup_us=0 instance_us=140 erase_us=0 total_us=140 transfer_status=1 [21272,21285][hixl_transport.cpp:734,GetStatus]
[2026-08-24 20:57:06.708326][UC][I] [QUERY_PERF] component=ucm layer=transport_manager handle=17 transport_handle=17 transfers_lock_wait_us=0 lookup_us=1 transport_us=144 total_us=145 api_status=0 transfer_status=1 [21272,21285][transport_manager.cpp:716,GetStatus]
[2026-08-24 20:57:06.708334][UC][I] [PERF] component=transport event=transfer_done manager=127.0.0.1:8000 target=127.0.0.1:4503 handle=17 transport_handle=17 opcode=1 direct=2 segments=108 bytes=7962624 status=1 api_status=0 submitted_ts_us=1787576226702812 completed_ts_us=1787576226708333 manager_get_status_ts_us=1787576226708181 backend_query_ts_us=1787576226708285 submit_us=179 transfer_us=5521 manager_to_backend_query_us=104 total_us=5700 [21272,21285][transport_manager.cpp:727,GetStatus]
[HIXL_PERF] event=hccl_batch op=1 desc_num=1 hccl_us=57 status=0
[HIXL_PERF] event=issue_hccl_batch op=1 list_num=1 total_us=63
[HIXL_PERF] event=issue_async_host_flag op=1 list_num=1 context_us=0 hccl_issue_us=65 flag_memcpy_us=5 total_us=70
[HIXL_PERF] event=comm_channel_async op=1 list_num=1 mutex_wait_us=0 slot_us=1 host_flag_us=0 record_us=0 issue_us=72 total_us=73
[HIXL_PERF] event=adxl_inner_async op=1 list_num=1 context_us=1 connect_us=0 get_channel_us=0 channel_async_us=75 tail_us=1 total_us=77
[HIXL_PERF] event=comm_engine_async op=1 list_num=1 desc_build_us=0 inner_us=78 total_us=78 status=0
[HIXL_PERF] event=hccl_batch op=1 desc_num=108 hccl_us=108 status=0
[HIXL_PERF] event=issue_hccl_batch op=1 list_num=108 total_us=118
[2026-08-24 20:57:06.708455][UC][I] [HIXL_WORKER_PERF] task_id=193 queue_depth=1 enqueue_lock_wait_us=1 enqueue_us=0 queue_wait_us=4 execute_us=82 result_post_us=4 total_us=91 status=0 [21272,21285][hixl_instance.cpp:107,Run]
[HIXL_PERF] event=issue_async_host_flag op=1 list_num=108 context_us=1 hccl_issue_us=120 flag_memcpy_us=4 total_us=125
[2026-08-24 20:57:06.708462][UC][I] [PERF] component=transport event=transfer_submitted manager=127.0.0.1:8000 target=127.0.0.1:4503 handle=37 transport_handle=37 opcode=1 direct=2 segments=1 bytes=63 submitted_ts_us=1787576226708461 manager_execute_async_ts_us=1787576226708362 backend_execute_async_ts_us=1787576226708368 manager_to_backend_execute_async_us=5 submit_us=98 [21272,21285][transport_manager.cpp:674,ExecuteAsync]
[HIXL_PERF] event=comm_channel_async op=1 list_num=108 mutex_wait_us=0 slot_us=1 host_flag_us=0 record_us=0 issue_us=130 total_us=131
[HIXL_PERF] event=adxl_inner_async op=1 list_num=108 context_us=1 connect_us=0 get_channel_us=0 channel_async_us=135 tail_us=0 total_us=136
[HIXL_PERF] event=comm_engine_async op=1 list_num=108 desc_build_us=1 inner_us=140 total_us=141 status=0
[HIXL_QUERY_PERF] layer=comm_channel request=0x12 mutex_wait_us=0 check_us=0 lookup_us=0 flag_check_us=0 complete_us=1 total_us=1 transfer_status=1
[2026-08-24 20:57:06.708484][UC][I] [HIXL_WORKER_PERF] task_id=192 queue_depth=1 enqueue_lock_wait_us=0 enqueue_us=0 queue_wait_us=7 execute_us=147 result_post_us=7 total_us=161 status=0 [21272,21286][hixl_instance.cpp:107,Run]
[HIXL_QUERY_PERF] layer=adxl_inner request=0x12 context_us=1 req_lock_wait_us=0 lookup_us=1 channel_us=4 cleanup_us=0 total_us=6 status=0 transfer_status=1
[HIXL_QUERY_PERF] layer=comm_engine request=0x12 total_us=12 status=0 transfer_status=1
[2026-08-24 20:57:06.708494][UC][I] [PERF] component=transport event=transfer_submitted manager=127.0.0.1:8000 target=127.0.0.1:4501 handle=38 transport_handle=38 opcode=1 direct=2 segments=108 bytes=7962624 submitted_ts_us=1787576226708492 manager_execute_async_ts_us=1787576226708321 backend_execute_async_ts_us=1787576226708332 manager_to_backend_execute_async_us=11 submit_us=172 [21272,21286][transport_manager.cpp:674,ExecuteAsync]
[2026-08-24 20:57:06.708498][UC][I] [HIXL_WORKER_PERF] task_id=194 queue_depth=1 enqueue_lock_wait_us=0 enqueue_us=1 queue_wait_us=9 execute_us=14 result_post_us=4 total_us=28 status=0 [21272,21285][hixl_instance.cpp:107,Run]
[2026-08-24 20:57:06.708515][UC][I] [QUERY_PERF] component=ucm layer=hixl_instance request=0x12 queue_wait_us=10 backend_us=14 run_post_us=20 total_us=44 api_status=0 transfer_status=1 [21272,21285][hixl_instance.cpp:370,GetTransferStatus]
[2026-08-24 20:57:06.708521][UC][I] [QUERY_PERF] component=ucm layer=hixl_transport handle=29 request=0x12 lifecycle_lock_us=0 pending_lock_wait_us=0 pending_lookup_us=0 instance_us=50 erase_us=0 total_us=50 transfer_status=1 [21272,21285][hixl_transport.cpp:734,GetStatus]
[2026-08-24 20:57:06.708527][UC][I] [QUERY_PERF] component=ucm layer=transport_manager handle=29 transport_handle=29 transfers_lock_wait_us=0 lookup_us=0 transport_us=56 total_us=56 api_status=0 transfer_status=1 [21272,21285][transport_manager.cpp:716,GetStatus]
[2026-08-24 20:57:06.708532][UC][I] [PERF] component=transport event=transfer_done manager=127.0.0.1:8000 target=127.0.0.1:4504 handle=29 transport_handle=29 opcode=1 direct=2 segments=1 bytes=63 status=1 api_status=0 submitted_ts_us=1787576226705849 completed_ts_us=1787576226708530 manager_get_status_ts_us=1787576226708469 backend_query_ts_us=1787576226708480 submit_us=209 transfer_us=2682 manager_to_backend_query_us=10 total_us=2891 [21272,21285][transport_manager.cpp:727,GetStatus]
[2026-08-24 20:57:06.708539][UC][I] [PERF] component=drampool event=request_done request_id=1 opcode=2 peer=127.0.0.1:4504 batch_size=108 data_bytes=7962624 failed_items=0 status=SUCCESS failed_stage=NONE received_ts_us=1787576226699550 worker_started_ts_us=1787576226702827 data_transfer_submitted_ts_us=1787576226704774 data_transfer_completed_ts_us=1787576226705615 response_submitted_ts_us=1787576226705855 completed_ts_us=1787576226708537 data_tm_execute_async_ts_us=1787576226702841 data_hixl_execute_async_ts_us=1787576226702852 data_tm_get_status_ts_us=1787576226705469 data_hixl_query_handle_ts_us=1787576226705567 response_tm_execute_async_ts_us=1787576226705639 response_hixl_execute_async_ts_us=1787576226705748 response_tm_get_status_ts_us=1787576226708469 response_hixl_query_handle_ts_us=1787576226708480 request_queue_us=3277 metadata_prepare_us=12 taskworker_prepare_us=1948 poller_queue_us=303 data_transfer_us=841 metadata_settle_us=23 response_slot_wait_us=1 response_submit_us=216 response_transfer_us=2681 data_tm_to_hixl_execute_async_us=11 data_tm_to_hixl_query_handle_us=98 response_tm_to_hixl_execute_async_us=108 response_tm_to_hixl_query_handle_us=10 total_us=8987 [21272,21285][completion_poller.cc:56,LogRequestDone]
[HIXL_PERF] event=hccl_batch op=1 desc_num=108 hccl_us=91 status=0
[HIXL_PERF] event=issue_hccl_batch op=1 list_num=108 total_us=99
[HIXL_PERF] event=issue_async_host_flag op=1 list_num=108 context_us=1 hccl_issue_us=101 flag_memcpy_us=5 total_us=107
[HIXL_PERF] event=comm_channel_async op=1 list_num=108 mutex_wait_us=0 slot_us=0 host_flag_us=6 record_us=0 issue_us=110 total_us=116
[HIXL_PERF] event=adxl_inner_async op=1 list_num=108 context_us=1 connect_us=0 get_channel_us=0 channel_async_us=118 tail_us=0 total_us=119
[HIXL_PERF] event=comm_engine_async op=1 list_num=108 desc_build_us=1 inner_us=121 total_us=122 status=0
[HIXL_QUERY_PERF] layer=comm_channel request=0x13 mutex_wait_us=0 check_us=0 lookup_us=0 flag_check_us=1 complete_us=2 total_us=3 transfer_status=1
[2026-08-24 20:57:06.708682][UC][I] [HIXL_WORKER_PERF] task_id=195 queue_depth=1 enqueue_lock_wait_us=1 enqueue_us=0 queue_wait_us=5 execute_us=128 result_post_us=6 total_us=140 status=0 [21272,21286][hixl_instance.cpp:107,Run]
[HIXL_QUERY_PERF] layer=adxl_inner request=0x13 context_us=1 req_lock_wait_us=0 lookup_us=0 channel_us=6 cleanup_us=0 total_us=7 status=0 transfer_status=1
[HIXL_QUERY_PERF] layer=comm_engine request=0x13 total_us=15 status=0 transfer_status=1
[2026-08-24 20:57:06.708694][UC][I] [PERF] component=transport event=transfer_submitted manager=127.0.0.1:8000 target=127.0.0.1:4501 handle=39 transport_handle=39 opcode=1 direct=2 segments=108 bytes=7962624 submitted_ts_us=1787576226708693 manager_execute_async_ts_us=1787576226708538 backend_execute_async_ts_us=1787576226708548 manager_to_backend_execute_async_us=10 submit_us=153 [21272,21286][transport_manager.cpp:674,ExecuteAsync]
[2026-08-24 20:57:06.708703][UC][I] [HIXL_WORKER_PERF] task_id=196 queue_depth=1 enqueue_lock_wait_us=1 enqueue_us=0 queue_wait_us=127 execute_us=19 result_post_us=4 total_us=151 status=0 [21272,21285][hixl_instance.cpp:107,Run]
[2026-08-24 20:57:06.708708][UC][I] [QUERY_PERF] component=ucm layer=hixl_instance request=0x13 queue_wait_us=128 backend_us=19 run_post_us=10 total_us=157 api_status=0 transfer_status=1 [21272,21285][hixl_instance.cpp:370,GetTransferStatus]
[2026-08-24 20:57:06.708713][UC][I] [QUERY_PERF] component=ucm layer=hixl_transport handle=30 request=0x13 lifecycle_lock_us=0 pending_lock_wait_us=0 pending_lookup_us=0 instance_us=160 erase_us=1 total_us=161 transfer_status=1 [21272,21285][hixl_transport.cpp:734,GetStatus]
[2026-08-24 20:57:06.708717][UC][I] [QUERY_PERF] component=ucm layer=transport_manager handle=30 transport_handle=30 transfers_lock_wait_us=0 lookup_us=0 transport_us=165 total_us=165 api_status=0 transfer_status=1 [21272,21285][transport_manager.cpp:716,GetStatus]
[2026-08-24 20:57:06.708721][UC][I] [PERF] component=transport event=transfer_done manager=127.0.0.1:8000 target=127.0.0.1:4504 handle=30 transport_handle=30 opcode=1 direct=2 segments=1 bytes=63 status=1 api_status=0 submitted_ts_us=1787576226706029 completed_ts_us=1787576226708720 manager_get_status_ts_us=1787576226708550 backend_query_ts_us=1787576226708679 submit_us=103 transfer_us=2691 manager_to_backend_query_us=128 total_us=2794 [21272,21285][transport_manager.cpp:727,GetStatus]
[2026-08-24 20:57:06.708728][UC][I] [PERF] component=drampool event=request_done request_id=2 opcode=2 peer=127.0.0.1:4504 batch_size=108 data_bytes=7962624 failed_items=0 status=SUCCESS failed_stage=NONE received_ts_us=1787576226699554 worker_started_ts_us=1787576226704776 data_transfer_submitted_ts_us=1787576226705007 data_transfer_completed_ts_us=1787576226705902 response_submitted_ts_us=1787576226706035 completed_ts_us=1787576226708726 data_tm_execute_async_ts_us=1787576226704806 data_hixl_execute_async_ts_us=1787576226704817 data_tm_get_status_ts_us=1787576226705855 data_hixl_query_handle_ts_us=1787576226705861 response_tm_execute_async_ts_us=1787576226705925 response_hixl_execute_async_ts_us=1787576226705931 response_tm_get_status_ts_us=1787576226708550 response_hixl_query_handle_ts_us=1787576226708679 request_queue_us=5222 metadata_prepare_us=29 taskworker_prepare_us=233 poller_queue_us=69 data_transfer_us=895 metadata_settle_us=21 response_slot_wait_us=0 response_submit_us=111 response_transfer_us=2691 data_tm_to_hixl_execute_async_us=11 data_tm_to_hixl_query_handle_us=5 response_tm_to_hixl_execute_async_us=6 response_tm_to_hixl_query_handle_us=128 total_us=9172 [21272,21285][completion_poller.cc:56,LogRequestDone]
[HIXL_PERF] event=hccl_batch op=1 desc_num=108 hccl_us=99 status=0
[HIXL_PERF] event=issue_hccl_batch op=1 list_num=108 total_us=107
[HIXL_PERF] event=issue_async_host_flag op=1 list_num=108 context_us=0 hccl_issue_us=109 flag_memcpy_us=5 total_us=114
[HIXL_PERF] event=comm_channel_async op=1 list_num=108 mutex_wait_us=0 slot_us=1 host_flag_us=3 record_us=1 issue_us=116 total_us=121
[HIXL_PERF] event=adxl_inner_async op=1 list_num=108 context_us=1 connect_us=0 get_channel_us=0 channel_async_us=124 tail_us=0 total_us=125
[HIXL_PERF] event=comm_engine_async op=1 list_num=108 desc_build_us=1 inner_us=127 total_us=128 status=0
[HIXL_QUERY_PERF] layer=comm_channel request=0xe mutex_wait_us=0 check_us=0 lookup_us=1 flag_check_us=0 complete_us=1 total_us=2 transfer_status=1
[2026-08-24 20:57:06.708868][UC][I] [HIXL_WORKER_PERF] task_id=197 queue_depth=1 enqueue_lock_wait_us=1 enqueue_us=0 queue_wait_us=5 execute_us=133 result_post_us=6 total_us=145 status=0 [21272,21286][hixl_instance.cpp:107,Run]
[HIXL_QUERY_PERF] layer=adxl_inner request=0xe context_us=0 req_lock_wait_us=0 lookup_us=1 channel_us=6 cleanup_us=0 total_us=7 status=0 transfer_status=1
[HIXL_QUERY_PERF] layer=comm_engine request=0xe total_us=18 status=0 transfer_status=1
[2026-08-24 20:57:06.708889][UC][I] [PERF] component=transport event=transfer_submitted manager=127.0.0.1:8000 target=127.0.0.1:4501 handle=40 transport_handle=40 opcode=1 direct=2 segments=108 bytes=7962624 submitted_ts_us=1787576226708888 manager_execute_async_ts_us=1787576226708719 backend_execute_async_ts_us=1787576226708730 manager_to_backend_execute_async_us=10 submit_us=167 [21272,21286][transport_manager.cpp:674,ExecuteAsync]
[2026-08-24 20:57:06.708891][UC][I] [HIXL_WORKER_PERF] task_id=198 queue_depth=1 enqueue_lock_wait_us=0 enqueue_us=0 queue_wait_us=129 execute_us=23 result_post_us=4 total_us=156 status=0 [21272,21285][hixl_instance.cpp:107,Run]
[2026-08-24 20:57:06.708904][UC][I] [QUERY_PERF] component=ucm layer=hixl_instance request=0xe queue_wait_us=130 backend_us=22 run_post_us=16 total_us=168 api_status=0 transfer_status=1 [21272,21285][hixl_instance.cpp:370,GetTransferStatus]
[2026-08-24 20:57:06.708909][UC][I] [QUERY_PERF] component=ucm layer=hixl_transport handle=24 request=0xe lifecycle_lock_us=0 pending_lock_wait_us=0 pending_lookup_us=1 instance_us=173 erase_us=0 total_us=174 transfer_status=1 [21272,21285][hixl_transport.cpp:734,GetStatus]
[2026-08-24 20:57:06.708915][UC][I] [QUERY_PERF] component=ucm layer=transport_manager handle=24 transport_handle=24 transfers_lock_wait_us=0 lookup_us=0 transport_us=181 total_us=181 api_status=0 transfer_status=1 [21272,21285][transport_manager.cpp:716,GetStatus]
[2026-08-24 20:57:06.708921][UC][I] [PERF] component=transport event=transfer_done manager=127.0.0.1:8000 target=127.0.0.1:4504 handle=24 transport_handle=24 opcode=1 direct=2 segments=108 bytes=7962624 status=1 api_status=0 submitted_ts_us=1787576226705195 completed_ts_us=1787576226708920 manager_get_status_ts_us=1787576226708734 backend_query_ts_us=1787576226708864 submit_us=154 transfer_us=3726 manager_to_backend_query_us=131 total_us=3880 [21272,21285][transport_manager.cpp:727,GetStatus]
[HIXL_PERF] event=hccl_batch op=1 desc_num=108 hccl_us=95 status=0
[HIXL_PERF] event=issue_hccl_batch op=1 list_num=108 total_us=103
[HIXL_PERF] event=issue_async_host_flag op=1 list_num=108 context_us=1 hccl_issue_us=105 flag_memcpy_us=4 total_us=110
[HIXL_PERF] event=comm_channel_async op=1 list_num=108 mutex_wait_us=1 slot_us=0 host_flag_us=5 record_us=0 issue_us=113 total_us=119
[HIXL_PERF] event=adxl_inner_async op=1 list_num=108 context_us=1 connect_us=0 get_channel_us=0 channel_async_us=121 tail_us=0 total_us=122
[HIXL_PERF] event=comm_engine_async op=1 list_num=108 desc_build_us=1 inner_us=124 total_us=125 status=0
[2026-08-24 20:57:06.709060][UC][I] [HIXL_WORKER_PERF] task_id=199 queue_depth=1 enqueue_lock_wait_us=1 enqueue_us=0 queue_wait_us=6 execute_us=130 result_post_us=6 total_us=143 status=0 [21272,21286][hixl_instance.cpp:107,Run]
[2026-08-24 20:57:06.709067][UC][I] [PERF] component=transport event=transfer_submitted manager=127.0.0.1:8000 target=127.0.0.1:4501 handle=41 transport_handle=41 opcode=1 direct=2 segments=108 bytes=7962624 submitted_ts_us=1787576226709066 manager_execute_async_ts_us=1787576226708913 backend_execute_async_ts_us=1787576226708925 manager_to_backend_execute_async_us=12 submit_us=151 [21272,21286][transport_manager.cpp:674,ExecuteAsync]
[HIXL_PERF] event=hccl_batch op=1 desc_num=1 hccl_us=56 status=0
[HIXL_PERF] event=issue_hccl_batch op=1 list_num=1 total_us=62
[HIXL_PERF] event=issue_async_host_flag op=1 list_num=1 context_us=0 hccl_issue_us=64 flag_memcpy_us=4 total_us=68
[HIXL_PERF] event=comm_channel_async op=1 list_num=1 mutex_wait_us=1 slot_us=0 host_flag_us=0 record_us=0 issue_us=71 total_us=72
[HIXL_PERF] event=adxl_inner_async op=1 list_num=1 context_us=1 connect_us=0 get_channel_us=0 channel_async_us=74 tail_us=0 total_us=75
[HIXL_PERF] event=comm_engine_async op=1 list_num=1 desc_build_us=0 inner_us=77 total_us=77 status=0
[2026-08-24 20:57:06.709145][UC][I] [HIXL_WORKER_PERF] task_id=200 queue_depth=1 enqueue_lock_wait_us=1 enqueue_us=0 queue_wait_us=100 execute_us=84 result_post_us=5 total_us=190 status=0 [21272,21285][hixl_instance.cpp:107,Run]
[2026-08-24 20:57:06.709152][UC][I] [PERF] component=transport event=transfer_submitted manager=127.0.0.1:8000 target=127.0.0.1:4504 handle=42 transport_handle=42 opcode=1 direct=2 segments=1 bytes=63 submitted_ts_us=1787576226709150 manager_execute_async_ts_us=1787576226708954 backend_execute_async_ts_us=1787576226709057 manager_to_backend_execute_async_us=103 submit_us=197 [21272,21285][transport_manager.cpp:674,ExecuteAsync]
[HIXL_PERF] event=hccl_batch op=1 desc_num=108 hccl_us=92 status=0
[HIXL_PERF] event=issue_hccl_batch op=1 list_num=108 total_us=105
[HIXL_PERF] event=issue_async_host_flag op=1 list_num=108 context_us=0 hccl_issue_us=107 flag_memcpy_us=5 total_us=112
[HIXL_PERF] event=comm_channel_async op=1 list_num=108 mutex_wait_us=0 slot_us=0 host_flag_us=4 record_us=0 issue_us=115 total_us=119
[HIXL_PERF] event=adxl_inner_async op=1 list_num=108 context_us=0 connect_us=0 get_channel_us=1 channel_async_us=121 tail_us=1 total_us=123
[HIXL_PERF] event=comm_engine_async op=1 list_num=108 desc_build_us=1 inner_us=124 total_us=125 status=0
[2026-08-24 20:57:06.709282][UC][I] [HIXL_WORKER_PERF] task_id=201 queue_depth=1 enqueue_lock_wait_us=0 enqueue_us=0 queue_wait_us=33 execute_us=130 result_post_us=8 total_us=171 status=0 [21272,21286][hixl_instance.cpp:107,Run]
[HIXL_QUERY_PERF] layer=comm_channel request=0xf mutex_wait_us=0 check_us=0 lookup_us=1 flag_check_us=0 complete_us=2 total_us=3 transfer_status=1
[HIXL_QUERY_PERF] layer=adxl_inner request=0xf context_us=0 req_lock_wait_us=0 lookup_us=1 channel_us=10 cleanup_us=0 total_us=11 status=0 transfer_status=1
[2026-08-24 20:57:06.709290][UC][I] [PERF] component=transport event=transfer_submitted manager=127.0.0.1:8000 target=127.0.0.1:4501 handle=43 transport_handle=43 opcode=1 direct=2 segments=108 bytes=7962624 submitted_ts_us=1787576226709289 manager_execute_async_ts_us=1787576226709108 backend_execute_async_ts_us=1787576226709144 manager_to_backend_execute_async_us=36 submit_us=181 [21272,21286][transport_manager.cpp:674,ExecuteAsync]
[HIXL_QUERY_PERF] layer=comm_engine request=0xf total_us=16 status=0 transfer_status=1
[2026-08-24 20:57:06.709305][UC][I] [HIXL_WORKER_PERF] task_id=202 queue_depth=1 enqueue_lock_wait_us=1 enqueue_us=0 queue_wait_us=120 execute_us=21 result_post_us=5 total_us=147 status=0 [21272,21285][hixl_instance.cpp:107,Run]
[2026-08-24 20:57:06.709310][UC][I] [QUERY_PERF] component=ucm layer=hixl_instance request=0xf queue_wait_us=121 backend_us=21 run_post_us=10 total_us=152 api_status=0 transfer_status=1 [21272,21285][hixl_instance.cpp:370,GetTransferStatus]
[2026-08-24 20:57:06.709314][UC][I] [QUERY_PERF] component=ucm layer=hixl_transport handle=25 request=0xf lifecycle_lock_us=0 pending_lock_wait_us=0 pending_lookup_us=0 instance_us=156 erase_us=1 total_us=157 transfer_status=1 [21272,21285][hixl_transport.cpp:734,GetStatus]
[2026-08-24 20:57:06.709322][UC][I] [QUERY_PERF] component=ucm layer=transport_manager handle=25 transport_handle=25 transfers_lock_wait_us=0 lookup_us=0 transport_us=165 total_us=165 api_status=0 transfer_status=1 [21272,21285][transport_manager.cpp:716,GetStatus]
[2026-08-24 20:57:06.709327][UC][I] [PERF] component=transport event=transfer_done manager=127.0.0.1:8000 target=127.0.0.1:4504 handle=25 transport_handle=25 opcode=1 direct=2 segments=108 bytes=7962624 status=1 api_status=0 submitted_ts_us=1787576226705393 completed_ts_us=1787576226709326 manager_get_status_ts_us=1787576226709157 backend_query_ts_us=1787576226709278 submit_us=165 transfer_us=3933 manager_to_backend_query_us=121 total_us=4098 [21272,21285][transport_manager.cpp:727,GetStatus]
[HIXL_PERF] event=hccl_batch op=1 desc_num=108 hccl_us=88 status=0
[HIXL_PERF] event=issue_hccl_batch op=1 list_num=108 total_us=96
[HIXL_PERF] event=issue_async_host_flag op=1 list_num=108 context_us=0 hccl_issue_us=98 flag_memcpy_us=4 total_us=102
[HIXL_PERF] event=comm_channel_async op=1 list_num=108 mutex_wait_us=0 slot_us=1 host_flag_us=4 record_us=0 issue_us=107 total_us=112
[HIXL_PERF] event=adxl_inner_async op=1 list_num=108 context_us=1 connect_us=0 get_channel_us=0 channel_async_us=114 tail_us=1 total_us=116
[HIXL_PERF] event=comm_engine_async op=1 list_num=108 desc_build_us=1 inner_us=118 total_us=119 status=0
[2026-08-24 20:57:06.709459][UC][I] [HIXL_WORKER_PERF] task_id=203 queue_depth=1 enqueue_lock_wait_us=0 enqueue_us=0 queue_wait_us=7 execute_us=124 result_post_us=5 total_us=136 status=0 [21272,21286][hixl_instance.cpp:107,Run]
[2026-08-24 20:57:06.709467][UC][I] [PERF] component=transport event=transfer_submitted manager=127.0.0.1:8000 target=127.0.0.1:4501 handle=44 transport_handle=44 opcode=1 direct=2 segments=108 bytes=7962624 submitted_ts_us=1787576226709466 manager_execute_async_ts_us=1787576226709319 backend_execute_async_ts_us=1787576226709332 manager_to_backend_execute_async_us=13 submit_us=145 [21272,21286][transport_manager.cpp:674,ExecuteAsync]
[HIXL_PERF] event=hccl_batch op=1 desc_num=1 hccl_us=63 status=0
[HIXL_PERF] event=issue_hccl_batch op=1 list_num=1 total_us=69
[HIXL_PERF] event=issue_async_host_flag op=1 list_num=1 context_us=0 hccl_issue_us=71 flag_memcpy_us=5 total_us=76
[HIXL_PERF] event=comm_channel_async op=1 list_num=1 mutex_wait_us=0 slot_us=1 host_flag_us=0 record_us=0 issue_us=78 total_us=79
[HIXL_PERF] event=adxl_inner_async op=1 list_num=1 context_us=1 connect_us=0 get_channel_us=0 channel_async_us=81 tail_us=0 total_us=82
[HIXL_PERF] event=comm_engine_async op=1 list_num=1 desc_build_us=0 inner_us=84 total_us=84 status=0
[2026-08-24 20:57:06.709549][UC][I] [HIXL_WORKER_PERF] task_id=204 queue_depth=1 enqueue_lock_wait_us=0 enqueue_us=0 queue_wait_us=98 execute_us=88 result_post_us=4 total_us=190 status=0 [21272,21285][hixl_instance.cpp:107,Run]
[2026-08-24 20:57:06.709557][UC][I] [PERF] component=transport event=transfer_submitted manager=127.0.0.1:8000 target=127.0.0.1:4504 handle=45 transport_handle=45 opcode=1 direct=2 segments=1 bytes=63 submitted_ts_us=1787576226709556 manager_execute_async_ts_us=1787576226709357 backend_execute_async_ts_us=1787576226709456 manager_to_backend_execute_async_us=100 submit_us=199 [21272,21285][transport_manager.cpp:674,ExecuteAsync]
[HIXL_QUERY_PERF] layer=comm_channel request=0x10 mutex_wait_us=1 check_us=0 lookup_us=0 flag_check_us=0 complete_us=2 total_us=3 transfer_status=1
[HIXL_QUERY_PERF] layer=adxl_inner request=0x10 context_us=1 req_lock_wait_us=0 lookup_us=1 channel_us=7 cleanup_us=1 total_us=10 status=0 transfer_status=1
[HIXL_QUERY_PERF] layer=comm_engine request=0x10 total_us=12 status=0 transfer_status=1
[2026-08-24 20:57:06.709587][UC][I] [HIXL_WORKER_PERF] task_id=205 queue_depth=1 enqueue_lock_wait_us=0 enqueue_us=1 queue_wait_us=4 execute_us=14 result_post_us=4 total_us=23 status=0 [21272,21285][hixl_instance.cpp:107,Run]
[2026-08-24 20:57:06.709591][UC][I] [QUERY_PERF] component=ucm layer=hixl_instance request=0x10 queue_wait_us=5 backend_us=14 run_post_us=9 total_us=28 api_status=0 transfer_status=1 [21272,21285][hixl_instance.cpp:370,GetTransferStatus]
[2026-08-24 20:57:06.709595][UC][I] [QUERY_PERF] component=ucm layer=hixl_transport handle=27 request=0x10 lifecycle_lock_us=0 pending_lock_wait_us=0 pending_lookup_us=0 instance_us=31 erase_us=1 total_us=32 transfer_status=1 [21272,21285][hixl_transport.cpp:734,GetStatus]
[2026-08-24 20:57:06.709600][UC][I] [QUERY_PERF] component=ucm layer=transport_manager handle=27 transport_handle=27 transfers_lock_wait_us=0 lookup_us=0 transport_us=37 total_us=37 api_status=0 transfer_status=1 [21272,21285][transport_manager.cpp:716,GetStatus]
[2026-08-24 20:57:06.709603][UC][I] [PERF] component=transport event=transfer_done manager=127.0.0.1:8000 target=127.0.0.1:4504 handle=27 transport_handle=27 opcode=1 direct=2 segments=108 bytes=7962624 status=1 api_status=0 submitted_ts_us=1787576226705578 completed_ts_us=1787576226709602 manager_get_status_ts_us=1787576226709563 backend_query_ts_us=1787576226709568 submit_us=143 transfer_us=4024 manager_to_backend_query_us=5 total_us=4167 [21272,21285][transport_manager.cpp:727,GetStatus]
[HIXL_PERF] event=hccl_batch op=1 desc_num=1 hccl_us=58 status=0
[HIXL_PERF] event=issue_hccl_batch op=1 list_num=1 total_us=64
[HIXL_PERF] event=issue_async_host_flag op=1 list_num=1 context_us=0 hccl_issue_us=67 flag_memcpy_us=5 total_us=72
[HIXL_PERF] event=comm_channel_async op=1 list_num=1 mutex_wait_us=0 slot_us=0 host_flag_us=0 record_us=1 issue_us=77 total_us=78
[HIXL_PERF] event=adxl_inner_async op=1 list_num=1 context_us=1 connect_us=0 get_channel_us=0 channel_async_us=80 tail_us=0 total_us=81
[HIXL_PERF] event=comm_engine_async op=1 list_num=1 desc_build_us=0 inner_us=83 total_us=83 status=0
[2026-08-24 20:57:06.709725][UC][I] [HIXL_WORKER_PERF] task_id=206 queue_depth=1 enqueue_lock_wait_us=0 enqueue_us=1 queue_wait_us=4 execute_us=87 result_post_us=5 total_us=97 status=0 [21272,21285][hixl_instance.cpp:107,Run]
[2026-08-24 20:57:06.709732][UC][I] [PERF] component=transport event=transfer_submitted manager=127.0.0.1:8000 target=127.0.0.1:4504 handle=46 transport_handle=46 opcode=1 direct=2 segments=1 bytes=63 submitted_ts_us=1787576226709731 manager_execute_async_ts_us=1787576226709626 backend_execute_async_ts_us=1787576226709632 manager_to_backend_execute_async_us=6 submit_us=104 [21272,21285][transport_manager.cpp:674,ExecuteAsync]
[HIXL_QUERY_PERF] layer=comm_channel request=0x11 mutex_wait_us=0 check_us=0 lookup_us=1 flag_check_us=0 complete_us=1 total_us=2 transfer_status=1
[HIXL_QUERY_PERF] layer=adxl_inner request=0x11 context_us=1 req_lock_wait_us=0 lookup_us=0 channel_us=6 cleanup_us=0 total_us=7 status=0 transfer_status=1
[HIXL_QUERY_PERF] layer=comm_engine request=0x11 total_us=9 status=0 transfer_status=1
[2026-08-24 20:57:06.709757][UC][I] [HIXL_WORKER_PERF] task_id=207 queue_depth=1 enqueue_lock_wait_us=1 enqueue_us=0 queue_wait_us=5 execute_us=11 result_post_us=4 total_us=21 status=0 [21272,21285][hixl_instance.cpp:107,Run]
[2026-08-24 20:57:06.709761][UC][I] [QUERY_PERF] component=ucm layer=hixl_instance request=0x11 queue_wait_us=6 backend_us=11 run_post_us=8 total_us=25 api_status=0 transfer_status=1 [21272,21285][hixl_instance.cpp:370,GetTransferStatus]
[2026-08-24 20:57:06.709765][UC][I] [QUERY_PERF] component=ucm layer=hixl_transport handle=28 request=0x11 lifecycle_lock_us=0 pending_lock_wait_us=0 pending_lookup_us=0 instance_us=29 erase_us=0 total_us=29 transfer_status=1 [21272,21285][hixl_transport.cpp:734,GetStatus]
[2026-08-24 20:57:06.709771][UC][I] [QUERY_PERF] component=ucm layer=transport_manager handle=28 transport_handle=28 transfers_lock_wait_us=0 lookup_us=0 transport_us=34 total_us=34 api_status=0 transfer_status=1 [21272,21285][transport_manager.cpp:716,GetStatus]
[2026-08-24 20:57:06.709774][UC][I] [PERF] component=transport event=transfer_done manager=127.0.0.1:8000 target=127.0.0.1:4504 handle=28 transport_handle=28 opcode=1 direct=2 segments=108 bytes=7962624 status=1 api_status=0 submitted_ts_us=1787576226705758 completed_ts_us=1787576226709773 manager_get_status_ts_us=1787576226709736 backend_query_ts_us=1787576226709742 submit_us=152 transfer_us=4015 manager_to_backend_query_us=6 total_us=4167 [21272,21285][transport_manager.cpp:727,GetStatus]
[HIXL_PERF] event=hccl_batch op=1 desc_num=1 hccl_us=54 status=0
[HIXL_PERF] event=issue_hccl_batch op=1 list_num=1 total_us=61
[HIXL_PERF] event=issue_async_host_flag op=1 list_num=1 context_us=0 hccl_issue_us=63 flag_memcpy_us=4 total_us=67
[HIXL_PERF] event=comm_channel_async op=1 list_num=1 mutex_wait_us=1 slot_us=0 host_flag_us=0 record_us=0 issue_us=70 total_us=71
[HIXL_PERF] event=adxl_inner_async op=1 list_num=1 context_us=1 connect_us=0 get_channel_us=0 channel_async_us=73 tail_us=1 total_us=75
[HIXL_PERF] event=comm_engine_async op=1 list_num=1 desc_build_us=0 inner_us=76 total_us=76 status=0
[2026-08-24 20:57:06.709878][UC][I] [HIXL_WORKER_PERF] task_id=208 queue_depth=1 enqueue_lock_wait_us=0 enqueue_us=0 queue_wait_us=4 execute_us=79 result_post_us=5 total_us=88 status=0 [21272,21285][hixl_instance.cpp:107,Run]
[2026-08-24 20:57:06.709889][UC][I] [PERF] component=transport event=transfer_submitted manager=127.0.0.1:8000 target=127.0.0.1:4504 handle=47 transport_handle=47 opcode=1 direct=2 segments=1 bytes=63 submitted_ts_us=1787576226709889 manager_execute_async_ts_us=1787576226709788 backend_execute_async_ts_us=1787576226709793 manager_to_backend_execute_async_us=5 submit_us=101 [21272,21285][transport_manager.cpp:674,ExecuteAsync]
[HIXL_QUERY_PERF] layer=comm_channel request=0x12 mutex_wait_us=0 check_us=0 lookup_us=1 flag_check_us=0 complete_us=1 total_us=2 transfer_status=1
[HIXL_QUERY_PERF] layer=adxl_inner request=0x12 context_us=1 req_lock_wait_us=0 lookup_us=0 channel_us=8 cleanup_us=0 total_us=9 status=0 transfer_status=1
[HIXL_QUERY_PERF] layer=comm_engine request=0x12 total_us=11 status=0 transfer_status=1
[2026-08-24 20:57:06.709924][UC][I] [HIXL_WORKER_PERF] task_id=209 queue_depth=1 enqueue_lock_wait_us=1 enqueue_us=0 queue_wait_us=6 execute_us=13 result_post_us=5 total_us=25 status=0 [21272,21285][hixl_instance.cpp:107,Run]
[2026-08-24 20:57:06.709928][UC][I] [QUERY_PERF] component=ucm layer=hixl_instance request=0x12 queue_wait_us=7 backend_us=13 run_post_us=9 total_us=29 api_status=0 transfer_status=1 [21272,21285][hixl_instance.cpp:370,GetTransferStatus]
[2026-08-24 20:57:06.709932][UC][I] [QUERY_PERF] component=ucm layer=hixl_transport handle=37 request=0x12 lifecycle_lock_us=0 pending_lock_wait_us=0 pending_lookup_us=0 instance_us=33 erase_us=0 total_us=33 transfer_status=1 [21272,21285][hixl_transport.cpp:734,GetStatus]
[2026-08-24 20:57:06.709935][UC][I] [QUERY_PERF] component=ucm layer=transport_manager handle=37 transport_handle=37 transfers_lock_wait_us=0 lookup_us=0 transport_us=37 total_us=37 api_status=0 transfer_status=1 [21272,21285][transport_manager.cpp:716,GetStatus]
[2026-08-24 20:57:06.709940][UC][I] [PERF] component=transport event=transfer_done manager=127.0.0.1:8000 target=127.0.0.1:4503 handle=37 transport_handle=37 opcode=1 direct=2 segments=1 bytes=63 status=1 api_status=0 submitted_ts_us=1787576226708461 completed_ts_us=1787576226709940 manager_get_status_ts_us=1787576226709898 backend_query_ts_us=1787576226709905 submit_us=98 transfer_us=1479 manager_to_backend_query_us=7 total_us=1577 [21272,21285][transport_manager.cpp:727,GetStatus]
[2026-08-24 20:57:06.709953][UC][I] [PERF] component=drampool event=request_done request_id=6 opcode=2 peer=127.0.0.1:4503 batch_size=108 data_bytes=7962624 failed_items=0 status=SUCCESS failed_stage=NONE received_ts_us=1787576226699480 worker_started_ts_us=1787576226702618 data_transfer_submitted_ts_us=1787576226702825 data_transfer_completed_ts_us=1787576226708339 response_submitted_ts_us=1787576226708469 completed_ts_us=1787576226709951 data_tm_execute_async_ts_us=1787576226702631 data_hixl_execute_async_ts_us=1787576226702658 data_tm_get_status_ts_us=1787576226708181 data_hixl_query_handle_ts_us=1787576226708285 response_tm_execute_async_ts_us=1787576226708362 response_hixl_execute_async_ts_us=1787576226708368 response_tm_get_status_ts_us=1787576226709898 response_hixl_query_handle_ts_us=1787576226709905 request_queue_us=3138 metadata_prepare_us=13 taskworker_prepare_us=208 poller_queue_us=76 data_transfer_us=5514 metadata_settle_us=22 response_slot_wait_us=0 response_submit_us=108 response_transfer_us=1482 data_tm_to_hixl_execute_async_us=27 data_tm_to_hixl_query_handle_us=104 response_tm_to_hixl_execute_async_us=5 response_tm_to_hixl_query_handle_us=7 total_us=10471 [21272,21285][completion_poller.cc:56,LogRequestDone]
[HIXL_QUERY_PERF] layer=comm_channel request=0x18 mutex_wait_us=0 check_us=0 lookup_us=0 flag_check_us=0 complete_us=1 total_us=1 transfer_status=1
[HIXL_QUERY_PERF] layer=adxl_inner request=0x18 context_us=0 req_lock_wait_us=0 lookup_us=1 channel_us=6 cleanup_us=0 total_us=7 status=0 transfer_status=1
[HIXL_QUERY_PERF] layer=comm_engine request=0x18 total_us=12 status=0 transfer_status=1
[2026-08-24 20:57:06.709983][UC][I] [HIXL_WORKER_PERF] task_id=210 queue_depth=1 enqueue_lock_wait_us=0 enqueue_us=1 queue_wait_us=4 execute_us=13 result_post_us=4 total_us=22 status=0 [21272,21285][hixl_instance.cpp:107,Run]
[2026-08-24 20:57:06.709992][UC][I] [QUERY_PERF] component=ucm layer=hixl_instance request=0x18 queue_wait_us=5 backend_us=13 run_post_us=14 total_us=32 api_status=0 transfer_status=1 [21272,21285][hixl_instance.cpp:370,GetTransferStatus]
[2026-08-24 20:57:06.709998][UC][I] [QUERY_PERF] component=ucm layer=hixl_transport handle=42 request=0x18 lifecycle_lock_us=0 pending_lock_wait_us=0 pending_lookup_us=0 instance_us=37 erase_us=0 total_us=37 transfer_status=1 [21272,21285][hixl_transport.cpp:734,GetStatus]
[2026-08-24 20:57:06.710003][UC][I] [QUERY_PERF] component=ucm layer=transport_manager handle=42 transport_handle=42 transfers_lock_wait_us=0 lookup_us=0 transport_us=43 total_us=43 api_status=0 transfer_status=1 [21272,21285][transport_manager.cpp:716,GetStatus]
[2026-08-24 20:57:06.710007][UC][I] [PERF] component=transport event=transfer_done manager=127.0.0.1:8000 target=127.0.0.1:4504 handle=42 transport_handle=42 opcode=1 direct=2 segments=1 bytes=63 status=1 api_status=0 submitted_ts_us=1787576226709150 completed_ts_us=1787576226710006 manager_get_status_ts_us=1787576226709959 backend_query_ts_us=1787576226709965 submit_us=197 transfer_us=855 manager_to_backend_query_us=5 total_us=1052 [21272,21285][transport_manager.cpp:727,GetStatus]
[2026-08-24 20:57:06.710012][UC][I] [PERF] component=drampool event=request_done request_id=3 opcode=2 peer=127.0.0.1:4504 batch_size=108 data_bytes=7962624 failed_items=0 status=SUCCESS failed_stage=NONE received_ts_us=1787576226699557 worker_started_ts_us=1787576226705009 data_transfer_submitted_ts_us=1787576226705210 data_transfer_completed_ts_us=1787576226708925 response_submitted_ts_us=1787576226709156 completed_ts_us=1787576226710010 data_tm_execute_async_ts_us=1787576226705040 data_hixl_execute_async_ts_us=1787576226705050 data_tm_get_status_ts_us=1787576226708734 data_hixl_query_handle_ts_us=1787576226708864 response_tm_execute_async_ts_us=1787576226708954 response_hixl_execute_async_ts_us=1787576226709057 response_tm_get_status_ts_us=1787576226709959 response_hixl_query_handle_ts_us=1787576226709965 request_queue_us=5453 metadata_prepare_us=29 taskworker_prepare_us=201 poller_queue_us=825 data_transfer_us=3716 metadata_settle_us=26 response_slot_wait_us=1 response_submit_us=203 response_transfer_us=853 data_tm_to_hixl_execute_async_us=9 data_tm_to_hixl_query_handle_us=131 response_tm_to_hixl_execute_async_us=103 response_tm_to_hixl_query_handle_us=5 total_us=10453 [21272,21285][completion_poller.cc:56,LogRequestDone]
[HIXL_QUERY_PERF] layer=comm_channel request=0x1b mutex_wait_us=1 check_us=0 lookup_us=0 flag_check_us=0 complete_us=1 total_us=2 transfer_status=1
[HIXL_QUERY_PERF] layer=adxl_inner request=0x1b context_us=1 req_lock_wait_us=0 lookup_us=0 channel_us=6 cleanup_us=1 total_us=8 status=0 transfer_status=1
[HIXL_QUERY_PERF] layer=comm_engine request=0x1b total_us=12 status=0 transfer_status=1
[2026-08-24 20:57:06.710046][UC][I] [HIXL_WORKER_PERF] task_id=211 queue_depth=1 enqueue_lock_wait_us=0 enqueue_us=0 queue_wait_us=5 execute_us=16 result_post_us=5 total_us=26 status=0 [21272,21285][hixl_instance.cpp:107,Run]
[2026-08-24 20:57:06.710052][UC][I] [QUERY_PERF] component=ucm layer=hixl_instance request=0x1b queue_wait_us=5 backend_us=16 run_post_us=10 total_us=31 api_status=0 transfer_status=1 [21272,21285][hixl_instance.cpp:370,GetTransferStatus]
[2026-08-24 20:57:06.710055][UC][I] [QUERY_PERF] component=ucm layer=hixl_transport handle=45 request=0x1b lifecycle_lock_us=0 pending_lock_wait_us=0 pending_lookup_us=0 instance_us=34 erase_us=0 total_us=34 transfer_status=1 [21272,21285][hixl_transport.cpp:734,GetStatus]
[2026-08-24 20:57:06.710059][UC][I] [QUERY_PERF] component=ucm layer=transport_manager handle=45 transport_handle=45 transfers_lock_wait_us=1 lookup_us=0 transport_us=39 total_us=40 api_status=0 transfer_status=1 [21272,21285][transport_manager.cpp:716,GetStatus]
[2026-08-24 20:57:06.710066][UC][I] [PERF] component=transport event=transfer_done manager=127.0.0.1:8000 target=127.0.0.1:4504 handle=45 transport_handle=45 opcode=1 direct=2 segments=1 bytes=63 status=1 api_status=0 submitted_ts_us=1787576226709556 completed_ts_us=1787576226710065 manager_get_status_ts_us=1787576226710019 backend_query_ts_us=1787576226710025 submit_us=199 transfer_us=509 manager_to_backend_query_us=6 total_us=708 [21272,21285][transport_manager.cpp:727,GetStatus]
[2026-08-24 20:57:06.710077][UC][I] [PERF] component=drampool event=request_done request_id=4 opcode=2 peer=127.0.0.1:4504 batch_size=108 data_bytes=7962624 failed_items=0 status=SUCCESS failed_stage=NONE received_ts_us=1787576226699560 worker_started_ts_us=1787576226705211 data_transfer_submitted_ts_us=1787576226705400 data_transfer_completed_ts_us=1787576226709330 response_submitted_ts_us=1787576226709562 completed_ts_us=1787576226710075 data_tm_execute_async_ts_us=1787576226705225 data_hixl_execute_async_ts_us=1787576226705236 data_tm_get_status_ts_us=1787576226709157 data_hixl_query_handle_ts_us=1787576226709278 response_tm_execute_async_ts_us=1787576226709357 response_hixl_execute_async_ts_us=1787576226709456 response_tm_get_status_ts_us=1787576226710019 response_hixl_query_handle_ts_us=1787576226710025 request_queue_us=5652 metadata_prepare_us=13 taskworker_prepare_us=189 poller_queue_us=635 data_transfer_us=3931 metadata_settle_us=23 response_slot_wait_us=1 response_submit_us=207 response_transfer_us=513 data_tm_to_hixl_execute_async_us=10 data_tm_to_hixl_query_handle_us=121 response_tm_to_hixl_execute_async_us=100 response_tm_to_hixl_query_handle_us=6 total_us=10515 [21272,21285][completion_poller.cc:56,LogRequestDone]
[HIXL_QUERY_PERF] layer=comm_channel request=0x1c mutex_wait_us=0 check_us=0 lookup_us=0 flag_check_us=0 complete_us=1 total_us=1 transfer_status=1
[HIXL_QUERY_PERF] layer=adxl_inner request=0x1c context_us=0 req_lock_wait_us=0 lookup_us=1 channel_us=5 cleanup_us=1 total_us=7 status=0 transfer_status=1
[HIXL_QUERY_PERF] layer=comm_engine request=0x1c total_us=9 status=0 transfer_status=1
[2026-08-24 20:57:06.710102][UC][I] [HIXL_WORKER_PERF] task_id=212 queue_depth=1 enqueue_lock_wait_us=0 enqueue_us=0 queue_wait_us=4 execute_us=11 result_post_us=3 total_us=18 status=0 [21272,21285][hixl_instance.cpp:107,Run]
[2026-08-24 20:57:06.710106][UC][I] [QUERY_PERF] component=ucm layer=hixl_instance request=0x1c queue_wait_us=4 backend_us=10 run_post_us=9 total_us=23 api_status=0 transfer_status=1 [21272,21285][hixl_instance.cpp:370,GetTransferStatus]
[2026-08-24 20:57:06.710112][UC][I] [QUERY_PERF] component=ucm layer=hixl_transport handle=46 request=0x1c lifecycle_lock_us=0 pending_lock_wait_us=0 pending_lookup_us=1 instance_us=28 erase_us=0 total_us=29 transfer_status=1 [21272,21285][hixl_transport.cpp:734,GetStatus]
[2026-08-24 20:57:06.710114][UC][I] [QUERY_PERF] component=ucm layer=transport_manager handle=46 transport_handle=46 transfers_lock_wait_us=0 lookup_us=0 transport_us=32 total_us=32 api_status=0 transfer_status=1 [21272,21285][transport_manager.cpp:716,GetStatus]
[2026-08-24 20:57:06.710117][UC][I] [PERF] component=transport event=transfer_done manager=127.0.0.1:8000 target=127.0.0.1:4504 handle=46 transport_handle=46 opcode=1 direct=2 segments=1 bytes=63 status=1 api_status=0 submitted_ts_us=1787576226709731 completed_ts_us=1787576226710116 manager_get_status_ts_us=1787576226710082 backend_query_ts_us=1787576226710086 submit_us=104 transfer_us=386 manager_to_backend_query_us=5 total_us=490 [21272,21285][transport_manager.cpp:727,GetStatus]
[2026-08-24 20:57:06.710126][UC][I] [PERF] component=drampool event=request_done request_id=5 opcode=2 peer=127.0.0.1:4504 batch_size=108 data_bytes=7962624 failed_items=0 status=SUCCESS failed_stage=NONE received_ts_us=1787576226699563 worker_started_ts_us=1787576226705402 data_transfer_submitted_ts_us=1787576226705587 data_transfer_completed_ts_us=1787576226709615 response_submitted_ts_us=1787576226709735 completed_ts_us=1787576226710124 data_tm_execute_async_ts_us=1787576226705434 data_hixl_execute_async_ts_us=1787576226705443 data_tm_get_status_ts_us=1787576226709563 data_hixl_query_handle_ts_us=1787576226709568 response_tm_execute_async_ts_us=1787576226709626 response_hixl_execute_async_ts_us=1787576226709632 response_tm_get_status_ts_us=1787576226710082 response_hixl_query_handle_ts_us=1787576226710086 request_queue_us=5839 metadata_prepare_us=31 taskworker_prepare_us=186 poller_queue_us=448 data_transfer_us=4029 metadata_settle_us=9 response_slot_wait_us=0 response_submit_us=110 response_transfer_us=389 data_tm_to_hixl_execute_async_us=9 data_tm_to_hixl_query_handle_us=5 response_tm_to_hixl_execute_async_us=6 response_tm_to_hixl_query_handle_us=5 total_us=10561 [21272,21285][completion_poller.cc:56,LogRequestDone]
[HIXL_QUERY_PERF] layer=comm_channel request=0x1d mutex_wait_us=0 check_us=0 lookup_us=0 flag_check_us=1 complete_us=0 total_us=1 transfer_status=1
[HIXL_QUERY_PERF] layer=adxl_inner request=0x1d context_us=1 req_lock_wait_us=0 lookup_us=0 channel_us=4 cleanup_us=0 total_us=5 status=0 transfer_status=1
[HIXL_QUERY_PERF] layer=comm_engine request=0x1d total_us=7 status=0 transfer_status=1
[2026-08-24 20:57:06.710149][UC][I] [HIXL_WORKER_PERF] task_id=213 queue_depth=1 enqueue_lock_wait_us=0 enqueue_us=0 queue_wait_us=4 execute_us=8 result_post_us=4 total_us=16 status=0 [21272,21285][hixl_instance.cpp:107,Run]
[2026-08-24 20:57:06.710153][UC][I] [QUERY_PERF] component=ucm layer=hixl_instance request=0x1d queue_wait_us=4 backend_us=8 run_post_us=8 total_us=20 api_status=0 transfer_status=1 [21272,21285][hixl_instance.cpp:370,GetTransferStatus]
[2026-08-24 20:57:06.710156][UC][I] [QUERY_PERF] component=ucm layer=hixl_transport handle=47 request=0x1d lifecycle_lock_us=0 pending_lock_wait_us=1 pending_lookup_us=0 instance_us=23 erase_us=0 total_us=24 transfer_status=1 [21272,21285][hixl_transport.cpp:734,GetStatus]
[2026-08-24 20:57:06.710158][UC][I] [QUERY_PERF] component=ucm layer=transport_manager handle=47 transport_handle=47 transfers_lock_wait_us=0 lookup_us=0 transport_us=27 total_us=27 api_status=0 transfer_status=1 [21272,21285][transport_manager.cpp:716,GetStatus]
[2026-08-24 20:57:06.710161][UC][I] [PERF] component=transport event=transfer_done manager=127.0.0.1:8000 target=127.0.0.1:4504 handle=47 transport_handle=47 opcode=1 direct=2 segments=1 bytes=63 status=1 api_status=0 submitted_ts_us=1787576226709889 completed_ts_us=1787576226710161 manager_get_status_ts_us=1787576226710131 backend_query_ts_us=1787576226710136 submit_us=101 transfer_us=272 manager_to_backend_query_us=5 total_us=373 [21272,21285][transport_manager.cpp:727,GetStatus]
[2026-08-24 20:57:06.710167][UC][I] [PERF] component=drampool event=request_done request_id=6 opcode=2 peer=127.0.0.1:4504 batch_size=108 data_bytes=7962624 failed_items=0 status=SUCCESS failed_stage=NONE received_ts_us=1787576226699564 worker_started_ts_us=1787576226705589 data_transfer_submitted_ts_us=1787576226705771 data_transfer_completed_ts_us=1787576226709779 response_submitted_ts_us=1787576226709894 completed_ts_us=1787576226710165 data_tm_execute_async_ts_us=1787576226705604 data_hixl_execute_async_ts_us=1787576226705615 data_tm_get_status_ts_us=1787576226709736 data_hixl_query_handle_ts_us=1787576226709742 response_tm_execute_async_ts_us=1787576226709788 response_hixl_execute_async_ts_us=1787576226709793 response_tm_get_status_ts_us=1787576226710131 response_hixl_query_handle_ts_us=1787576226710136 request_queue_us=6025 metadata_prepare_us=13 taskworker_prepare_us=183 poller_queue_us=265 data_transfer_us=4008 metadata_settle_us=7 response_slot_wait_us=1 response_submit_us=107 response_transfer_us=271 data_tm_to_hixl_execute_async_us=11 data_tm_to_hixl_query_handle_us=6 response_tm_to_hixl_execute_async_us=5 response_tm_to_hixl_query_handle_us=5 total_us=10601 [21272,21285][completion_poller.cc:56,LogRequestDone]
[HIXL_QUERY_PERF] layer=comm_channel request=0xc mutex_wait_us=0 check_us=0 lookup_us=1 flag_check_us=0 complete_us=1 total_us=2 transfer_status=1
[HIXL_QUERY_PERF] layer=adxl_inner request=0xc context_us=1 req_lock_wait_us=0 lookup_us=0 channel_us=6 cleanup_us=0 total_us=7 status=0 transfer_status=1
[HIXL_QUERY_PERF] layer=comm_engine request=0xc total_us=14 status=0 transfer_status=1
[2026-08-24 20:57:06.710204][UC][I] [HIXL_WORKER_PERF] task_id=214 queue_depth=1 enqueue_lock_wait_us=0 enqueue_us=0 queue_wait_us=4 execute_us=17 result_post_us=4 total_us=25 status=0 [21272,21285][hixl_instance.cpp:107,Run]
[2026-08-24 20:57:06.710210][UC][I] [QUERY_PERF] component=ucm layer=hixl_instance request=0xc queue_wait_us=4 backend_us=17 run_post_us=11 total_us=32 api_status=0 transfer_status=1 [21272,21285][hixl_instance.cpp:370,GetTransferStatus]
[2026-08-24 20:57:06.710215][UC][I] [QUERY_PERF] component=ucm layer=hixl_transport handle=31 request=0xc lifecycle_lock_us=0 pending_lock_wait_us=1 pending_lookup_us=0 instance_us=36 erase_us=1 total_us=38 transfer_status=1 [21272,21285][hixl_transport.cpp:734,GetStatus]
[2026-08-24 20:57:06.710219][UC][I] [QUERY_PERF] component=ucm layer=transport_manager handle=31 transport_handle=31 transfers_lock_wait_us=0 lookup_us=0 transport_us=42 total_us=42 api_status=0 transfer_status=1 [21272,21285][transport_manager.cpp:716,GetStatus]
[2026-08-24 20:57:06.710224][UC][I] [PERF] component=transport event=transfer_done manager=127.0.0.1:8000 target=127.0.0.1:4502 handle=31 transport_handle=31 opcode=1 direct=2 segments=108 bytes=7962624 status=1 api_status=0 submitted_ts_us=1787576226707375 completed_ts_us=1787576226710223 manager_get_status_ts_us=1787576226710177 backend_query_ts_us=1787576226710182 submit_us=1569 transfer_us=2848 manager_to_backend_query_us=5 total_us=4417 [21272,21285][transport_manager.cpp:727,GetStatus]
[HIXL_PERF] event=hccl_batch op=1 desc_num=1 hccl_us=55 status=0
[HIXL_PERF] event=issue_hccl_batch op=1 list_num=1 total_us=61
[HIXL_PERF] event=issue_async_host_flag op=1 list_num=1 context_us=0 hccl_issue_us=63 flag_memcpy_us=5 total_us=68
[HIXL_PERF] event=comm_channel_async op=1 list_num=1 mutex_wait_us=1 slot_us=0 host_flag_us=0 record_us=0 issue_us=70 total_us=71
[HIXL_PERF] event=adxl_inner_async op=1 list_num=1 context_us=1 connect_us=0 get_channel_us=0 channel_async_us=74 tail_us=0 total_us=75
[HIXL_PERF] event=comm_engine_async op=1 list_num=1 desc_build_us=0 inner_us=77 total_us=77 status=0
[2026-08-24 20:57:06.710325][UC][I] [HIXL_WORKER_PERF] task_id=215 queue_depth=1 enqueue_lock_wait_us=0 enqueue_us=0 queue_wait_us=4 execute_us=80 result_post_us=4 total_us=88 status=0 [21272,21285][hixl_instance.cpp:107,Run]
[2026-08-24 20:57:06.710332][UC][I] [PERF] component=transport event=transfer_submitted manager=127.0.0.1:8000 target=127.0.0.1:4502 handle=48 transport_handle=48 opcode=1 direct=2 segments=1 bytes=63 submitted_ts_us=1787576226710331 manager_execute_async_ts_us=1787576226710236 backend_execute_async_ts_us=1787576226710241 manager_to_backend_execute_async_us=5 submit_us=95 [21272,21285][transport_manager.cpp:674,ExecuteAsync]
[HIXL_QUERY_PERF] layer=comm_channel request=0xd mutex_wait_us=0 check_us=0 lookup_us=1 flag_check_us=0 complete_us=1 total_us=2 transfer_status=1
[HIXL_QUERY_PERF] layer=adxl_inner request=0xd context_us=1 req_lock_wait_us=0 lookup_us=0 channel_us=6 cleanup_us=0 total_us=7 status=0 transfer_status=1
[HIXL_QUERY_PERF] layer=comm_engine request=0xd total_us=9 status=0 transfer_status=1
[2026-08-24 20:57:06.710358][UC][I] [HIXL_WORKER_PERF] task_id=216 queue_depth=1 enqueue_lock_wait_us=0 enqueue_us=0 queue_wait_us=5 execute_us=11 result_post_us=4 total_us=20 status=0 [21272,21285][hixl_instance.cpp:107,Run]
[2026-08-24 20:57:06.710363][UC][I] [QUERY_PERF] component=ucm layer=hixl_instance request=0xd queue_wait_us=5 backend_us=11 run_post_us=8 total_us=24 api_status=0 transfer_status=1 [21272,21285][hixl_instance.cpp:370,GetTransferStatus]
[2026-08-24 20:57:06.710367][UC][I] [QUERY_PERF] component=ucm layer=hixl_transport handle=32 request=0xd lifecycle_lock_us=0 pending_lock_wait_us=0 pending_lookup_us=0 instance_us=28 erase_us=0 total_us=28 transfer_status=1 [21272,21285][hixl_transport.cpp:734,GetStatus]
[2026-08-24 20:57:06.710372][UC][I] [QUERY_PERF] component=ucm layer=transport_manager handle=32 transport_handle=32 transfers_lock_wait_us=1 lookup_us=0 transport_us=34 total_us=35 api_status=0 transfer_status=1 [21272,21285][transport_manager.cpp:716,GetStatus]
[2026-08-24 20:57:06.710380][UC][I] [PERF] component=transport event=transfer_done manager=127.0.0.1:8000 target=127.0.0.1:4502 handle=32 transport_handle=32 opcode=1 direct=2 segments=108 bytes=7962624 status=1 api_status=0 submitted_ts_us=1787576226707600 completed_ts_us=1787576226710379 manager_get_status_ts_us=1787576226710337 backend_query_ts_us=1787576226710343 submit_us=180 transfer_us=2779 manager_to_backend_query_us=6 total_us=2959 [21272,21285][transport_manager.cpp:727,GetStatus]
[HIXL_PERF] event=hccl_batch op=1 desc_num=1 hccl_us=51 status=0
[HIXL_PERF] event=issue_hccl_batch op=1 list_num=1 total_us=57
[HIXL_PERF] event=issue_async_host_flag op=1 list_num=1 context_us=0 hccl_issue_us=59 flag_memcpy_us=5 total_us=64
[HIXL_PERF] event=comm_channel_async op=1 list_num=1 mutex_wait_us=0 slot_us=1 host_flag_us=0 record_us=0 issue_us=66 total_us=67
[HIXL_PERF] event=adxl_inner_async op=1 list_num=1 context_us=1 connect_us=0 get_channel_us=0 channel_async_us=69 tail_us=0 total_us=70
[HIXL_PERF] event=comm_engine_async op=1 list_num=1 desc_build_us=0 inner_us=72 total_us=72 status=0
[2026-08-24 20:57:06.710477][UC][I] [HIXL_WORKER_PERF] task_id=217 queue_depth=1 enqueue_lock_wait_us=1 enqueue_us=0 queue_wait_us=4 execute_us=75 result_post_us=3 total_us=83 status=0 [21272,21285][hixl_instance.cpp:107,Run]
[2026-08-24 20:57:06.710487][UC][I] [PERF] component=transport event=transfer_submitted manager=127.0.0.1:8000 target=127.0.0.1:4502 handle=49 transport_handle=49 opcode=1 direct=2 segments=1 bytes=63 submitted_ts_us=1787576226710486 manager_execute_async_ts_us=1787576226710393 backend_execute_async_ts_us=1787576226710398 manager_to_backend_execute_async_us=5 submit_us=93 [21272,21285][transport_manager.cpp:674,ExecuteAsync]
[HIXL_QUERY_PERF] layer=comm_channel request=0xe mutex_wait_us=0 check_us=0 lookup_us=0 flag_check_us=1 complete_us=1 total_us=2 transfer_status=1
[HIXL_QUERY_PERF] layer=adxl_inner request=0xe context_us=0 req_lock_wait_us=0 lookup_us=1 channel_us=6 cleanup_us=0 total_us=7 status=0 transfer_status=1
[HIXL_QUERY_PERF] layer=comm_engine request=0xe total_us=10 status=0 transfer_status=1
[2026-08-24 20:57:06.710513][UC][I] [HIXL_WORKER_PERF] task_id=218 queue_depth=1 enqueue_lock_wait_us=0 enqueue_us=0 queue_wait_us=4 execute_us=12 result_post_us=4 total_us=20 status=0 [21272,21285][hixl_instance.cpp:107,Run]
[2026-08-24 20:57:06.710518][UC][I] [QUERY_PERF] component=ucm layer=hixl_instance request=0xe queue_wait_us=5 backend_us=11 run_post_us=8 total_us=24 api_status=0 transfer_status=1 [21272,21285][hixl_instance.cpp:370,GetTransferStatus]
[2026-08-24 20:57:06.710523][UC][I] [QUERY_PERF] component=ucm layer=hixl_transport handle=33 request=0xe lifecycle_lock_us=0 pending_lock_wait_us=0 pending_lookup_us=0 instance_us=29 erase_us=0 total_us=29 transfer_status=1 [21272,21285][hixl_transport.cpp:734,GetStatus]
[2026-08-24 20:57:06.710525][UC][I] [QUERY_PERF] component=ucm layer=transport_manager handle=33 transport_handle=33 transfers_lock_wait_us=1 lookup_us=0 transport_us=32 total_us=33 api_status=0 transfer_status=1 [21272,21285][transport_manager.cpp:716,GetStatus]
[2026-08-24 20:57:06.710529][UC][I] [PERF] component=transport event=transfer_done manager=127.0.0.1:8000 target=127.0.0.1:4502 handle=33 transport_handle=33 opcode=1 direct=2 segments=108 bytes=7962624 status=1 api_status=0 submitted_ts_us=1787576226707774 completed_ts_us=1787576226710528 manager_get_status_ts_us=1787576226710492 backend_query_ts_us=1787576226710497 submit_us=148 transfer_us=2754 manager_to_backend_query_us=6 total_us=2902 [21272,21285][transport_manager.cpp:727,GetStatus]
[HIXL_PERF] event=hccl_batch op=1 desc_num=1 hccl_us=51 status=0
[HIXL_PERF] event=issue_hccl_batch op=1 list_num=1 total_us=57
[HIXL_PERF] event=issue_async_host_flag op=1 list_num=1 context_us=0 hccl_issue_us=59 flag_memcpy_us=4 total_us=63
[HIXL_PERF] event=comm_channel_async op=1 list_num=1 mutex_wait_us=0 slot_us=1 host_flag_us=0 record_us=0 issue_us=68 total_us=69
[HIXL_PERF] event=adxl_inner_async op=1 list_num=1 context_us=1 connect_us=0 get_channel_us=0 channel_async_us=73 tail_us=1 total_us=75
[HIXL_PERF] event=comm_engine_async op=1 list_num=1 desc_build_us=0 inner_us=77 total_us=77 status=0
[2026-08-24 20:57:06.710630][UC][I] [HIXL_WORKER_PERF] task_id=219 queue_depth=1 enqueue_lock_wait_us=1 enqueue_us=0 queue_wait_us=4 execute_us=79 result_post_us=4 total_us=88 status=0 [21272,21285][hixl_instance.cpp:107,Run]
[2026-08-24 20:57:06.710635][UC][I] [PERF] component=transport event=transfer_submitted manager=127.0.0.1:8000 target=127.0.0.1:4502 handle=50 transport_handle=50 opcode=1 direct=2 segments=1 bytes=63 submitted_ts_us=1787576226710635 manager_execute_async_ts_us=1787576226710541 backend_execute_async_ts_us=1787576226710546 manager_to_backend_execute_async_us=5 submit_us=94 [21272,21285][transport_manager.cpp:674,ExecuteAsync]
[HIXL_QUERY_PERF] layer=comm_channel request=0xf mutex_wait_us=0 check_us=0 lookup_us=0 flag_check_us=1 complete_us=1 total_us=2 transfer_status=1
[HIXL_QUERY_PERF] layer=adxl_inner request=0xf context_us=0 req_lock_wait_us=1 lookup_us=0 channel_us=6 cleanup_us=0 total_us=7 status=0 transfer_status=1
[HIXL_QUERY_PERF] layer=comm_engine request=0xf total_us=12 status=0 transfer_status=1
[2026-08-24 20:57:06.710666][UC][I] [HIXL_WORKER_PERF] task_id=220 queue_depth=1 enqueue_lock_wait_us=0 enqueue_us=0 queue_wait_us=5 execute_us=16 result_post_us=4 total_us=25 status=0 [21272,21285][hixl_instance.cpp:107,Run]
[2026-08-24 20:57:06.710672][UC][I] [QUERY_PERF] component=ucm layer=hixl_instance request=0xf queue_wait_us=5 backend_us=16 run_post_us=10 total_us=31 api_status=0 transfer_status=1 [21272,21285][hixl_instance.cpp:370,GetTransferStatus]
[2026-08-24 20:57:06.710679][UC][I] [QUERY_PERF] component=ucm layer=hixl_transport handle=34 request=0xf lifecycle_lock_us=0 pending_lock_wait_us=0 pending_lookup_us=0 instance_us=37 erase_us=1 total_us=38 transfer_status=1 [21272,21285][hixl_transport.cpp:734,GetStatus]
[2026-08-24 20:57:06.710683][UC][I] [QUERY_PERF] component=ucm layer=transport_manager handle=34 transport_handle=34 transfers_lock_wait_us=0 lookup_us=0 transport_us=42 total_us=42 api_status=0 transfer_status=1 [21272,21285][transport_manager.cpp:716,GetStatus]
[2026-08-24 20:57:06.710686][UC][I] [PERF] component=transport event=transfer_done manager=127.0.0.1:8000 target=127.0.0.1:4502 handle=34 transport_handle=34 opcode=1 direct=2 segments=108 bytes=7962624 status=1 api_status=0 submitted_ts_us=1787576226707965 completed_ts_us=1787576226710685 manager_get_status_ts_us=1787576226710640 backend_query_ts_us=1787576226710646 submit_us=169 transfer_us=2720 manager_to_backend_query_us=5 total_us=2889 [21272,21285][transport_manager.cpp:727,GetStatus]
[HIXL_PERF] event=hccl_batch op=1 desc_num=1 hccl_us=52 status=0
[HIXL_PERF] event=issue_hccl_batch op=1 list_num=1 total_us=57
[HIXL_PERF] event=issue_async_host_flag op=1 list_num=1 context_us=1 hccl_issue_us=59 flag_memcpy_us=5 total_us=65
[HIXL_PERF] event=comm_channel_async op=1 list_num=1 mutex_wait_us=0 slot_us=0 host_flag_us=0 record_us=0 issue_us=67 total_us=67
[HIXL_PERF] event=adxl_inner_async op=1 list_num=1 context_us=0 connect_us=0 get_channel_us=1 channel_async_us=69 tail_us=0 total_us=70
[HIXL_PERF] event=comm_engine_async op=1 list_num=1 desc_build_us=0 inner_us=72 total_us=72 status=0
[2026-08-24 20:57:06.710789][UC][I] [HIXL_WORKER_PERF] task_id=221 queue_depth=1 enqueue_lock_wait_us=0 enqueue_us=0 queue_wait_us=4 execute_us=76 result_post_us=4 total_us=84 status=0 [21272,21285][hixl_instance.cpp:107,Run]
[2026-08-24 20:57:06.710794][UC][I] [PERF] component=transport event=transfer_submitted manager=127.0.0.1:8000 target=127.0.0.1:4502 handle=51 transport_handle=51 opcode=1 direct=2 segments=1 bytes=63 submitted_ts_us=1787576226710794 manager_execute_async_ts_us=1787576226710704 backend_execute_async_ts_us=1787576226710709 manager_to_backend_execute_async_us=5 submit_us=89 [21272,21285][transport_manager.cpp:674,ExecuteAsync]
[HIXL_QUERY_PERF] layer=comm_channel request=0x10 mutex_wait_us=0 check_us=0 lookup_us=0 flag_check_us=0 complete_us=2 total_us=2 transfer_status=1
[HIXL_QUERY_PERF] layer=adxl_inner request=0x10 context_us=0 req_lock_wait_us=0 lookup_us=1 channel_us=8 cleanup_us=0 total_us=9 status=0 transfer_status=1
[HIXL_QUERY_PERF] layer=comm_engine request=0x10 total_us=12 status=0 transfer_status=1
[2026-08-24 20:57:06.710825][UC][I] [HIXL_WORKER_PERF] task_id=222 queue_depth=1 enqueue_lock_wait_us=0 enqueue_us=0 queue_wait_us=4 execute_us=14 result_post_us=4 total_us=22 status=0 [21272,21285][hixl_instance.cpp:107,Run]
[2026-08-24 20:57:06.710832][UC][I] [QUERY_PERF] component=ucm layer=hixl_instance request=0x10 queue_wait_us=4 backend_us=14 run_post_us=11 total_us=29 api_status=0 transfer_status=1 [21272,21285][hixl_instance.cpp:370,GetTransferStatus]
[2026-08-24 20:57:06.710836][UC][I] [QUERY_PERF] component=ucm layer=hixl_transport handle=35 request=0x10 lifecycle_lock_us=0 pending_lock_wait_us=0 pending_lookup_us=0 instance_us=32 erase_us=1 total_us=33 transfer_status=1 [21272,21285][hixl_transport.cpp:734,GetStatus]
[2026-08-24 20:57:06.710841][UC][I] [QUERY_PERF] component=ucm layer=transport_manager handle=35 transport_handle=35 transfers_lock_wait_us=1 lookup_us=0 transport_us=37 total_us=38 api_status=0 transfer_status=1 [21272,21285][transport_manager.cpp:716,GetStatus]
[2026-08-24 20:57:06.710844][UC][I] [PERF] component=transport event=transfer_done manager=127.0.0.1:8000 target=127.0.0.1:4502 handle=35 transport_handle=35 opcode=1 direct=2 segments=108 bytes=7962624 status=1 api_status=0 submitted_ts_us=1787576226708131 completed_ts_us=1787576226710843 manager_get_status_ts_us=1787576226710802 backend_query_ts_us=1787576226710807 submit_us=140 transfer_us=2712 manager_to_backend_query_us=5 total_us=2852 [21272,21285][transport_manager.cpp:727,GetStatus]
[HIXL_PERF] event=hccl_batch op=1 desc_num=1 hccl_us=51 status=0
[HIXL_PERF] event=issue_hccl_batch op=1 list_num=1 total_us=57
[HIXL_PERF] event=issue_async_host_flag op=1 list_num=1 context_us=0 hccl_issue_us=59 flag_memcpy_us=4 total_us=63
[HIXL_PERF] event=comm_channel_async op=1 list_num=1 mutex_wait_us=0 slot_us=0 host_flag_us=0 record_us=0 issue_us=66 total_us=66
[HIXL_PERF] event=adxl_inner_async op=1 list_num=1 context_us=1 connect_us=0 get_channel_us=0 channel_async_us=68 tail_us=0 total_us=69
[HIXL_PERF] event=comm_engine_async op=1 list_num=1 desc_build_us=0 inner_us=71 total_us=71 status=0
[2026-08-24 20:57:06.710939][UC][I] [HIXL_WORKER_PERF] task_id=223 queue_depth=1 enqueue_lock_wait_us=0 enqueue_us=1 queue_wait_us=3 execute_us=74 result_post_us=4 total_us=82 status=0 [21272,21285][hixl_instance.cpp:107,Run]
[2026-08-24 20:57:06.710944][UC][I] [PERF] component=transport event=transfer_submitted manager=127.0.0.1:8000 target=127.0.0.1:4502 handle=52 transport_handle=52 opcode=1 direct=2 segments=1 bytes=63 submitted_ts_us=1787576226710943 manager_execute_async_ts_us=1787576226710855 backend_execute_async_ts_us=1787576226710860 manager_to_backend_execute_async_us=4 submit_us=87 [21272,21285][transport_manager.cpp:674,ExecuteAsync]
[HIXL_QUERY_PERF] layer=comm_channel request=0x11 mutex_wait_us=0 check_us=0 lookup_us=0 flag_check_us=0 complete_us=2 total_us=2 transfer_status=1
[HIXL_QUERY_PERF] layer=adxl_inner request=0x11 context_us=0 req_lock_wait_us=0 lookup_us=1 channel_us=7 cleanup_us=1 total_us=9 status=0 transfer_status=1
[HIXL_QUERY_PERF] layer=comm_engine request=0x11 total_us=15 status=0 transfer_status=1
[2026-08-24 20:57:06.710977][UC][I] [HIXL_WORKER_PERF] task_id=224 queue_depth=1 enqueue_lock_wait_us=0 enqueue_us=0 queue_wait_us=4 execute_us=20 result_post_us=3 total_us=27 status=0 [21272,21285][hixl_instance.cpp:107,Run]
[2026-08-24 20:57:06.710981][UC][I] [QUERY_PERF] component=ucm layer=hixl_instance request=0x11 queue_wait_us=4 backend_us=19 run_post_us=9 total_us=32 api_status=0 transfer_status=1 [21272,21285][hixl_instance.cpp:370,GetTransferStatus]
[2026-08-24 20:57:06.710985][UC][I] [QUERY_PERF] component=ucm layer=hixl_transport handle=36 request=0x11 lifecycle_lock_us=0 pending_lock_wait_us=0 pending_lookup_us=1 instance_us=35 erase_us=0 total_us=36 transfer_status=1 [21272,21285][hixl_transport.cpp:734,GetStatus]
[2026-08-24 20:57:06.710989][UC][I] [QUERY_PERF] component=ucm layer=transport_manager handle=36 transport_handle=36 transfers_lock_wait_us=0 lookup_us=0 transport_us=41 total_us=41 api_status=0 transfer_status=1 [21272,21285][transport_manager.cpp:716,GetStatus]
[2026-08-24 20:57:06.710992][UC][I] [PERF] component=transport event=transfer_done manager=127.0.0.1:8000 target=127.0.0.1:4502 handle=36 transport_handle=36 opcode=1 direct=2 segments=108 bytes=7962624 status=1 api_status=0 submitted_ts_us=1787576226708296 completed_ts_us=1787576226710991 manager_get_status_ts_us=1787576226710948 backend_query_ts_us=1787576226710953 submit_us=139 transfer_us=2696 manager_to_backend_query_us=5 total_us=2835 [21272,21285][transport_manager.cpp:727,GetStatus]
[HIXL_PERF] event=hccl_batch op=1 desc_num=1 hccl_us=51 status=0
[HIXL_PERF] event=issue_hccl_batch op=1 list_num=1 total_us=57
[HIXL_PERF] event=issue_async_host_flag op=1 list_num=1 context_us=0 hccl_issue_us=59 flag_memcpy_us=4 total_us=63
[HIXL_PERF] event=comm_channel_async op=1 list_num=1 mutex_wait_us=1 slot_us=0 host_flag_us=0 record_us=0 issue_us=66 total_us=67
[HIXL_PERF] event=adxl_inner_async op=1 list_num=1 context_us=1 connect_us=0 get_channel_us=0 channel_async_us=70 tail_us=1 total_us=72
[HIXL_PERF] event=comm_engine_async op=1 list_num=1 desc_build_us=0 inner_us=74 total_us=74 status=0
[2026-08-24 20:57:06.711096][UC][I] [HIXL_WORKER_PERF] task_id=225 queue_depth=1 enqueue_lock_wait_us=0 enqueue_us=0 queue_wait_us=4 execute_us=77 result_post_us=5 total_us=86 status=0 [21272,21285][hixl_instance.cpp:107,Run]
[2026-08-24 20:57:06.711103][UC][I] [PERF] component=transport event=transfer_submitted manager=127.0.0.1:8000 target=127.0.0.1:4502 handle=53 transport_handle=53 opcode=1 direct=2 segments=1 bytes=63 submitted_ts_us=1787576226711103 manager_execute_async_ts_us=1787576226711008 backend_execute_async_ts_us=1787576226711013 manager_to_backend_execute_async_us=5 submit_us=95 [21272,21285][transport_manager.cpp:674,ExecuteAsync]
[HIXL_QUERY_PERF] layer=comm_channel request=0x14 mutex_wait_us=0 check_us=0 lookup_us=1 flag_check_us=0 complete_us=1 total_us=2 transfer_status=1
[HIXL_QUERY_PERF] layer=adxl_inner request=0x14 context_us=1 req_lock_wait_us=0 lookup_us=0 channel_us=6 cleanup_us=0 total_us=7 status=0 transfer_status=1
[HIXL_QUERY_PERF] layer=comm_engine request=0x14 total_us=10 status=0 transfer_status=1
[2026-08-24 20:57:06.711128][UC][I] [HIXL_WORKER_PERF] task_id=226 queue_depth=1 enqueue_lock_wait_us=1 enqueue_us=0 queue_wait_us=4 execute_us=12 result_post_us=4 total_us=21 status=0 [21272,21285][hixl_instance.cpp:107,Run]
[2026-08-24 20:57:06.711133][UC][I] [QUERY_PERF] component=ucm layer=hixl_instance request=0x14 queue_wait_us=5 backend_us=12 run_post_us=9 total_us=26 api_status=0 transfer_status=1 [21272,21285][hixl_instance.cpp:370,GetTransferStatus]
[2026-08-24 20:57:06.711137][UC][I] [QUERY_PERF] component=ucm layer=hixl_transport handle=38 request=0x14 lifecycle_lock_us=0 pending_lock_wait_us=0 pending_lookup_us=0 instance_us=29 erase_us=0 total_us=29 transfer_status=1 [21272,21285][hixl_transport.cpp:734,GetStatus]
[2026-08-24 20:57:06.711139][UC][I] [QUERY_PERF] component=ucm layer=transport_manager handle=38 transport_handle=38 transfers_lock_wait_us=0 lookup_us=0 transport_us=32 total_us=32 api_status=0 transfer_status=1 [21272,21285][transport_manager.cpp:716,GetStatus]
[2026-08-24 20:57:06.711142][UC][I] [PERF] component=transport event=transfer_done manager=127.0.0.1:8000 target=127.0.0.1:4501 handle=38 transport_handle=38 opcode=1 direct=2 segments=108 bytes=7962624 status=1 api_status=0 submitted_ts_us=1787576226708492 completed_ts_us=1787576226711141 manager_get_status_ts_us=1787576226711107 backend_query_ts_us=1787576226711112 submit_us=172 transfer_us=2649 manager_to_backend_query_us=5 total_us=2821 [21272,21285][transport_manager.cpp:727,GetStatus]
[HIXL_PERF] event=hccl_batch op=1 desc_num=1 hccl_us=53 status=0
[HIXL_PERF] event=issue_hccl_batch op=1 list_num=1 total_us=60
[HIXL_PERF] event=issue_async_host_flag op=1 list_num=1 context_us=0 hccl_issue_us=62 flag_memcpy_us=4 total_us=66
[HIXL_PERF] event=comm_channel_async op=1 list_num=1 mutex_wait_us=0 slot_us=0 host_flag_us=0 record_us=0 issue_us=68 total_us=68
[HIXL_PERF] event=adxl_inner_async op=1 list_num=1 context_us=0 connect_us=0 get_channel_us=1 channel_async_us=70 tail_us=0 total_us=71
[HIXL_PERF] event=comm_engine_async op=1 list_num=1 desc_build_us=0 inner_us=73 total_us=73 status=0
[2026-08-24 20:57:06.711242][UC][I] [HIXL_WORKER_PERF] task_id=227 queue_depth=1 enqueue_lock_wait_us=0 enqueue_us=0 queue_wait_us=4 execute_us=77 result_post_us=4 total_us=85 status=0 [21272,21285][hixl_instance.cpp:107,Run]
[2026-08-24 20:57:06.711248][UC][I] [PERF] component=transport event=transfer_submitted manager=127.0.0.1:8000 target=127.0.0.1:4501 handle=54 transport_handle=54 opcode=1 direct=2 segments=1 bytes=63 submitted_ts_us=1787576226711246 manager_execute_async_ts_us=1787576226711155 backend_execute_async_ts_us=1787576226711160 manager_to_backend_execute_async_us=5 submit_us=92 [21272,21285][transport_manager.cpp:674,ExecuteAsync]
[HIXL_QUERY_PERF] layer=comm_channel request=0x15 mutex_wait_us=0 check_us=0 lookup_us=1 flag_check_us=0 complete_us=1 total_us=2 transfer_status=1
[HIXL_QUERY_PERF] layer=adxl_inner request=0x15 context_us=1 req_lock_wait_us=0 lookup_us=0 channel_us=7 cleanup_us=0 total_us=8 status=0 transfer_status=1
[HIXL_QUERY_PERF] layer=comm_engine request=0x15 total_us=11 status=0 transfer_status=1
[2026-08-24 20:57:06.711274][UC][I] [HIXL_WORKER_PERF] task_id=228 queue_depth=1 enqueue_lock_wait_us=0 enqueue_us=0 queue_wait_us=5 execute_us=12 result_post_us=4 total_us=21 status=0 [21272,21285][hixl_instance.cpp:107,Run]
[2026-08-24 20:57:06.711281][UC][I] [QUERY_PERF] component=ucm layer=hixl_instance request=0x15 queue_wait_us=5 backend_us=12 run_post_us=11 total_us=28 api_status=0 transfer_status=1 [21272,21285][hixl_instance.cpp:370,GetTransferStatus]
[2026-08-24 20:57:06.711286][UC][I] [QUERY_PERF] component=ucm layer=hixl_transport handle=39 request=0x15 lifecycle_lock_us=0 pending_lock_wait_us=0 pending_lookup_us=0 instance_us=33 erase_us=0 total_us=33 transfer_status=1 [21272,21285][hixl_transport.cpp:734,GetStatus]
[2026-08-24 20:57:06.711289][UC][I] [QUERY_PERF] component=ucm layer=transport_manager handle=39 transport_handle=39 transfers_lock_wait_us=0 lookup_us=0 transport_us=37 total_us=37 api_status=0 transfer_status=1 [21272,21285][transport_manager.cpp:716,GetStatus]
[2026-08-24 20:57:06.711300][UC][I] [PERF] component=transport event=transfer_done manager=127.0.0.1:8000 target=127.0.0.1:4501 handle=39 transport_handle=39 opcode=1 direct=2 segments=108 bytes=7962624 status=1 api_status=0 submitted_ts_us=1787576226708693 completed_ts_us=1787576226711299 manager_get_status_ts_us=1787576226711251 backend_query_ts_us=1787576226711257 submit_us=153 transfer_us=2607 manager_to_backend_query_us=5 total_us=2760 [21272,21285][transport_manager.cpp:727,GetStatus]
[HIXL_PERF] event=hccl_batch op=1 desc_num=1 hccl_us=53 status=0
[HIXL_PERF] event=issue_hccl_batch op=1 list_num=1 total_us=58
[HIXL_PERF] event=issue_async_host_flag op=1 list_num=1 context_us=0 hccl_issue_us=60 flag_memcpy_us=4 total_us=64
[HIXL_PERF] event=comm_channel_async op=1 list_num=1 mutex_wait_us=0 slot_us=0 host_flag_us=0 record_us=1 issue_us=67 total_us=68
[HIXL_PERF] event=adxl_inner_async op=1 list_num=1 context_us=1 connect_us=0 get_channel_us=0 channel_async_us=69 tail_us=1 total_us=71
[HIXL_PERF] event=comm_engine_async op=1 list_num=1 desc_build_us=0 inner_us=72 total_us=72 status=0
[2026-08-24 20:57:06.711398][UC][I] [HIXL_WORKER_PERF] task_id=229 queue_depth=1 enqueue_lock_wait_us=0 enqueue_us=1 queue_wait_us=3 execute_us=76 result_post_us=5 total_us=85 status=0 [21272,21285][hixl_instance.cpp:107,Run]
[2026-08-24 20:57:06.711404][UC][I] [PERF] component=transport event=transfer_submitted manager=127.0.0.1:8000 target=127.0.0.1:4501 handle=55 transport_handle=55 opcode=1 direct=2 segments=1 bytes=63 submitted_ts_us=1787576226711403 manager_execute_async_ts_us=1787576226711312 backend_execute_async_ts_us=1787576226711317 manager_to_backend_execute_async_us=4 submit_us=90 [21272,21285][transport_manager.cpp:674,ExecuteAsync]
[HIXL_QUERY_PERF] layer=comm_channel request=0x16 mutex_wait_us=0 check_us=1 lookup_us=0 flag_check_us=0 complete_us=1 total_us=2 transfer_status=1
[HIXL_QUERY_PERF] layer=adxl_inner request=0x16 context_us=1 req_lock_wait_us=0 lookup_us=0 channel_us=7 cleanup_us=0 total_us=8 status=0 transfer_status=1
[HIXL_QUERY_PERF] layer=comm_engine request=0x16 total_us=12 status=0 transfer_status=1
[2026-08-24 20:57:06.711436][UC][I] [HIXL_WORKER_PERF] task_id=230 queue_depth=1 enqueue_lock_wait_us=1 enqueue_us=0 queue_wait_us=4 execute_us=16 result_post_us=3 total_us=24 status=0 [21272,21285][hixl_instance.cpp:107,Run]
[2026-08-24 20:57:06.711440][UC][I] [QUERY_PERF] component=ucm layer=hixl_instance request=0x16 queue_wait_us=5 backend_us=15 run_post_us=8 total_us=28 api_status=0 transfer_status=1 [21272,21285][hixl_instance.cpp:370,GetTransferStatus]
[2026-08-24 20:57:06.711446][UC][I] [QUERY_PERF] component=ucm layer=hixl_transport handle=40 request=0x16 lifecycle_lock_us=0 pending_lock_wait_us=0 pending_lookup_us=0 instance_us=34 erase_us=0 total_us=34 transfer_status=1 [21272,21285][hixl_transport.cpp:734,GetStatus]
[2026-08-24 20:57:06.711449][UC][I] [QUERY_PERF] component=ucm layer=transport_manager handle=40 transport_handle=40 transfers_lock_wait_us=0 lookup_us=0 transport_us=38 total_us=38 api_status=0 transfer_status=1 [21272,21285][transport_manager.cpp:716,GetStatus]
[2026-08-24 20:57:06.711453][UC][I] [PERF] component=transport event=transfer_done manager=127.0.0.1:8000 target=127.0.0.1:4501 handle=40 transport_handle=40 opcode=1 direct=2 segments=108 bytes=7962624 status=1 api_status=0 submitted_ts_us=1787576226708888 completed_ts_us=1787576226711452 manager_get_status_ts_us=1787576226711411 backend_query_ts_us=1787576226711416 submit_us=167 transfer_us=2564 manager_to_backend_query_us=5 total_us=2731 [21272,21285][transport_manager.cpp:727,GetStatus]
[HIXL_PERF] event=hccl_batch op=1 desc_num=1 hccl_us=53 status=0
[HIXL_PERF] event=issue_hccl_batch op=1 list_num=1 total_us=60
[HIXL_PERF] event=issue_async_host_flag op=1 list_num=1 context_us=1 hccl_issue_us=62 flag_memcpy_us=5 total_us=68
[HIXL_PERF] event=comm_channel_async op=1 list_num=1 mutex_wait_us=0 slot_us=0 host_flag_us=0 record_us=0 issue_us=70 total_us=70
[HIXL_PERF] event=adxl_inner_async op=1 list_num=1 context_us=0 connect_us=0 get_channel_us=1 channel_async_us=72 tail_us=0 total_us=73
[HIXL_PERF] event=comm_engine_async op=1 list_num=1 desc_build_us=0 inner_us=75 total_us=75 status=0
[2026-08-24 20:57:06.711554][UC][I] [HIXL_WORKER_PERF] task_id=231 queue_depth=1 enqueue_lock_wait_us=0 enqueue_us=0 queue_wait_us=4 execute_us=79 result_post_us=4 total_us=87 status=0 [21272,21285][hixl_instance.cpp:107,Run]
[2026-08-24 20:57:06.711560][UC][I] [PERF] component=transport event=transfer_submitted manager=127.0.0.1:8000 target=127.0.0.1:4501 handle=56 transport_handle=56 opcode=1 direct=2 segments=1 bytes=63 submitted_ts_us=1787576226711559 manager_execute_async_ts_us=1787576226711466 backend_execute_async_ts_us=1787576226711471 manager_to_backend_execute_async_us=5 submit_us=94 [21272,21285][transport_manager.cpp:674,ExecuteAsync]
[HIXL_QUERY_PERF] layer=comm_channel request=0x17 mutex_wait_us=0 check_us=0 lookup_us=0 flag_check_us=0 complete_us=1 total_us=1 transfer_status=1
[HIXL_QUERY_PERF] layer=adxl_inner request=0x17 context_us=1 req_lock_wait_us=0 lookup_us=1 channel_us=5 cleanup_us=1 total_us=8 status=0 transfer_status=1
[HIXL_QUERY_PERF] layer=comm_engine request=0x17 total_us=13 status=0 transfer_status=1
[2026-08-24 20:57:06.711587][UC][I] [HIXL_WORKER_PERF] task_id=232 queue_depth=1 enqueue_lock_wait_us=0 enqueue_us=0 queue_wait_us=4 execute_us=14 result_post_us=4 total_us=22 status=0 [21272,21285][hixl_instance.cpp:107,Run]
[2026-08-24 20:57:06.711593][UC][I] [QUERY_PERF] component=ucm layer=hixl_instance request=0x17 queue_wait_us=4 backend_us=14 run_post_us=9 total_us=27 api_status=0 transfer_status=1 [21272,21285][hixl_instance.cpp:370,GetTransferStatus]
[2026-08-24 20:57:06.711597][UC][I] [QUERY_PERF] component=ucm layer=hixl_transport handle=41 request=0x17 lifecycle_lock_us=0 pending_lock_wait_us=0 pending_lookup_us=0 instance_us=31 erase_us=0 total_us=31 transfer_status=1 [21272,21285][hixl_transport.cpp:734,GetStatus]
[2026-08-24 20:57:06.711601][UC][I] [QUERY_PERF] component=ucm layer=transport_manager handle=41 transport_handle=41 transfers_lock_wait_us=0 lookup_us=1 transport_us=35 total_us=36 api_status=0 transfer_status=1 [21272,21285][transport_manager.cpp:716,GetStatus]
[2026-08-24 20:57:06.711611][UC][I] [PERF] component=transport event=transfer_done manager=127.0.0.1:8000 target=127.0.0.1:4501 handle=41 transport_handle=41 opcode=1 direct=2 segments=108 bytes=7962624 status=1 api_status=0 submitted_ts_us=1787576226709066 completed_ts_us=1787576226711610 manager_get_status_ts_us=1787576226711564 backend_query_ts_us=1787576226711569 submit_us=151 transfer_us=2544 manager_to_backend_query_us=5 total_us=2695 [21272,21285][transport_manager.cpp:727,GetStatus]
[HIXL_PERF] event=hccl_batch op=1 desc_num=1 hccl_us=51 status=0
[HIXL_PERF] event=issue_hccl_batch op=1 list_num=1 total_us=57
[HIXL_PERF] event=issue_async_host_flag op=1 list_num=1 context_us=0 hccl_issue_us=59 flag_memcpy_us=4 total_us=63
[HIXL_PERF] event=comm_channel_async op=1 list_num=1 mutex_wait_us=0 slot_us=0 host_flag_us=0 record_us=1 issue_us=65 total_us=66
[HIXL_PERF] event=adxl_inner_async op=1 list_num=1 context_us=1 connect_us=0 get_channel_us=0 channel_async_us=71 tail_us=0 total_us=72
[HIXL_PERF] event=comm_engine_async op=1 list_num=1 desc_build_us=0 inner_us=74 total_us=74 status=0
[2026-08-24 20:57:06.711713][UC][I] [HIXL_WORKER_PERF] task_id=233 queue_depth=1 enqueue_lock_wait_us=1 enqueue_us=0 queue_wait_us=3 execute_us=78 result_post_us=4 total_us=86 status=0 [21272,21285][hixl_instance.cpp:107,Run]
[2026-08-24 20:57:06.711719][UC][I] [PERF] component=transport event=transfer_submitted manager=127.0.0.1:8000 target=127.0.0.1:4501 handle=57 transport_handle=57 opcode=1 direct=2 segments=1 bytes=63 submitted_ts_us=1787576226711718 manager_execute_async_ts_us=1787576226711625 backend_execute_async_ts_us=1787576226711630 manager_to_backend_execute_async_us=5 submit_us=92 [21272,21285][transport_manager.cpp:674,ExecuteAsync]
[HIXL_QUERY_PERF] layer=comm_channel request=0x19 mutex_wait_us=0 check_us=0 lookup_us=0 flag_check_us=0 complete_us=1 total_us=1 transfer_status=1
[HIXL_QUERY_PERF] layer=adxl_inner request=0x19 context_us=1 req_lock_wait_us=0 lookup_us=1 channel_us=5 cleanup_us=0 total_us=7 status=0 transfer_status=1
[HIXL_QUERY_PERF] layer=comm_engine request=0x19 total_us=11 status=0 transfer_status=1
[2026-08-24 20:57:06.711746][UC][I] [HIXL_WORKER_PERF] task_id=234 queue_depth=1 enqueue_lock_wait_us=0 enqueue_us=0 queue_wait_us=4 execute_us=14 result_post_us=4 total_us=22 status=0 [21272,21285][hixl_instance.cpp:107,Run]
[2026-08-24 20:57:06.711750][UC][I] [QUERY_PERF] component=ucm layer=hixl_instance request=0x19 queue_wait_us=4 backend_us=14 run_post_us=7 total_us=25 api_status=0 transfer_status=1 [21272,21285][hixl_instance.cpp:370,GetTransferStatus]
[2026-08-24 20:57:06.711754][UC][I] [QUERY_PERF] component=ucm layer=hixl_transport handle=43 request=0x19 lifecycle_lock_us=1 pending_lock_wait_us=0 pending_lookup_us=0 instance_us=29 erase_us=0 total_us=30 transfer_status=1 [21272,21285][hixl_transport.cpp:734,GetStatus]
[2026-08-24 20:57:06.711759][UC][I] [QUERY_PERF] component=ucm layer=transport_manager handle=43 transport_handle=43 transfers_lock_wait_us=0 lookup_us=0 transport_us=36 total_us=36 api_status=0 transfer_status=1 [21272,21285][transport_manager.cpp:716,GetStatus]
[2026-08-24 20:57:06.711765][UC][I] [PERF] component=transport event=transfer_done manager=127.0.0.1:8000 target=127.0.0.1:4501 handle=43 transport_handle=43 opcode=1 direct=2 segments=108 bytes=7962624 status=1 api_status=0 submitted_ts_us=1787576226709289 completed_ts_us=1787576226711764 manager_get_status_ts_us=1787576226711723 backend_query_ts_us=1787576226711728 submit_us=181 transfer_us=2475 manager_to_backend_query_us=5 total_us=2656 [21272,21285][transport_manager.cpp:727,GetStatus]
[HIXL_PERF] event=hccl_batch op=1 desc_num=1 hccl_us=51 status=0
[HIXL_PERF] event=issue_hccl_batch op=1 list_num=1 total_us=56
[HIXL_PERF] event=issue_async_host_flag op=1 list_num=1 context_us=1 hccl_issue_us=58 flag_memcpy_us=4 total_us=63
[HIXL_PERF] event=comm_channel_async op=1 list_num=1 mutex_wait_us=0 slot_us=0 host_flag_us=0 record_us=0 issue_us=66 total_us=66
[HIXL_PERF] event=adxl_inner_async op=1 list_num=1 context_us=0 connect_us=0 get_channel_us=1 channel_async_us=67 tail_us=1 total_us=69
[HIXL_PERF] event=comm_engine_async op=1 list_num=1 desc_build_us=0 inner_us=71 total_us=71 status=0
[2026-08-24 20:57:06.711870][UC][I] [HIXL_WORKER_PERF] task_id=235 queue_depth=1 enqueue_lock_wait_us=0 enqueue_us=0 queue_wait_us=4 execute_us=74 result_post_us=4 total_us=82 status=0 [21272,21285][hixl_instance.cpp:107,Run]
[2026-08-24 20:57:06.711881][UC][I] [PERF] component=transport event=transfer_submitted manager=127.0.0.1:8000 target=127.0.0.1:4501 handle=58 transport_handle=58 opcode=1 direct=2 segments=1 bytes=63 submitted_ts_us=1787576226711880 manager_execute_async_ts_us=1787576226711779 backend_execute_async_ts_us=1787576226711784 manager_to_backend_execute_async_us=5 submit_us=101 [21272,21285][transport_manager.cpp:674,ExecuteAsync]
[HIXL_QUERY_PERF] layer=comm_channel request=0x1a mutex_wait_us=0 check_us=0 lookup_us=1 flag_check_us=0 complete_us=1 total_us=2 transfer_status=1
[HIXL_QUERY_PERF] layer=adxl_inner request=0x1a context_us=1 req_lock_wait_us=0 lookup_us=0 channel_us=7 cleanup_us=1 total_us=9 status=0 transfer_status=1
[HIXL_QUERY_PERF] layer=comm_engine request=0x1a total_us=12 status=0 transfer_status=1
[2026-08-24 20:57:06.711911][UC][I] [HIXL_WORKER_PERF] task_id=236 queue_depth=1 enqueue_lock_wait_us=0 enqueue_us=0 queue_wait_us=5 execute_us=14 result_post_us=4 total_us=23 status=0 [21272,21285][hixl_instance.cpp:107,Run]
[2026-08-24 20:57:06.711916][UC][I] [QUERY_PERF] component=ucm layer=hixl_instance request=0x1a queue_wait_us=5 backend_us=14 run_post_us=10 total_us=29 api_status=0 transfer_status=1 [21272,21285][hixl_instance.cpp:370,GetTransferStatus]
[2026-08-24 20:57:06.711920][UC][I] [QUERY_PERF] component=ucm layer=hixl_transport handle=44 request=0x1a lifecycle_lock_us=0 pending_lock_wait_us=0 pending_lookup_us=1 instance_us=32 erase_us=0 total_us=33 transfer_status=1 [21272,21285][hixl_transport.cpp:734,GetStatus]
[2026-08-24 20:57:06.711931][UC][I] [QUERY_PERF] component=ucm layer=transport_manager handle=44 transport_handle=44 transfers_lock_wait_us=0 lookup_us=0 transport_us=45 total_us=45 api_status=0 transfer_status=1 [21272,21285][transport_manager.cpp:716,GetStatus]
[2026-08-24 20:57:06.711936][UC][I] [PERF] component=transport event=transfer_done manager=127.0.0.1:8000 target=127.0.0.1:4501 handle=44 transport_handle=44 opcode=1 direct=2 segments=108 bytes=7962624 status=1 api_status=0 submitted_ts_us=1787576226709466 completed_ts_us=1787576226711936 manager_get_status_ts_us=1787576226711886 backend_query_ts_us=1787576226711892 submit_us=145 transfer_us=2470 manager_to_backend_query_us=6 total_us=2615 [21272,21285][transport_manager.cpp:727,GetStatus]
[HIXL_PERF] event=hccl_batch op=1 desc_num=1 hccl_us=59 status=0
[HIXL_PERF] event=issue_hccl_batch op=1 list_num=1 total_us=64
[HIXL_PERF] event=issue_async_host_flag op=1 list_num=1 context_us=0 hccl_issue_us=66 flag_memcpy_us=4 total_us=70
[HIXL_PERF] event=comm_channel_async op=1 list_num=1 mutex_wait_us=0 slot_us=0 host_flag_us=0 record_us=1 issue_us=72 total_us=73
[HIXL_PERF] event=adxl_inner_async op=1 list_num=1 context_us=1 connect_us=0 get_channel_us=0 channel_async_us=75 tail_us=0 total_us=76
[HIXL_PERF] event=comm_engine_async op=1 list_num=1 desc_build_us=0 inner_us=78 total_us=78 status=0
[2026-08-24 20:57:06.712045][UC][I] [HIXL_WORKER_PERF] task_id=237 queue_depth=1 enqueue_lock_wait_us=0 enqueue_us=0 queue_wait_us=4 execute_us=85 result_post_us=4 total_us=93 status=0 [21272,21285][hixl_instance.cpp:107,Run]
[2026-08-24 20:57:06.712051][UC][I] [PERF] component=transport event=transfer_submitted manager=127.0.0.1:8000 target=127.0.0.1:4501 handle=59 transport_handle=59 opcode=1 direct=2 segments=1 bytes=63 submitted_ts_us=1787576226712050 manager_execute_async_ts_us=1787576226711950 backend_execute_async_ts_us=1787576226711955 manager_to_backend_execute_async_us=5 submit_us=100 [21272,21285][transport_manager.cpp:674,ExecuteAsync]
[HIXL_QUERY_PERF] layer=comm_channel request=0x13 mutex_wait_us=0 check_us=0 lookup_us=0 flag_check_us=0 complete_us=1 total_us=1 transfer_status=1
[HIXL_QUERY_PERF] layer=adxl_inner request=0x13 context_us=0 req_lock_wait_us=0 lookup_us=1 channel_us=6 cleanup_us=0 total_us=7 status=0 transfer_status=1
[HIXL_QUERY_PERF] layer=comm_engine request=0x13 total_us=10 status=0 transfer_status=1
[2026-08-24 20:57:06.712082][UC][I] [HIXL_WORKER_PERF] task_id=238 queue_depth=1 enqueue_lock_wait_us=0 enqueue_us=0 queue_wait_us=5 execute_us=16 result_post_us=4 total_us=25 status=0 [21272,21285][hixl_instance.cpp:107,Run]
[2026-08-24 20:57:06.712087][UC][I] [QUERY_PERF] component=ucm layer=hixl_instance request=0x13 queue_wait_us=5 backend_us=16 run_post_us=9 total_us=30 api_status=0 transfer_status=1 [21272,21285][hixl_instance.cpp:370,GetTransferStatus]
[2026-08-24 20:57:06.712094][UC][I] [QUERY_PERF] component=ucm layer=hixl_transport handle=48 request=0x13 lifecycle_lock_us=0 pending_lock_wait_us=0 pending_lookup_us=0 instance_us=36 erase_us=0 total_us=36 transfer_status=1 [21272,21285][hixl_transport.cpp:734,GetStatus]
[2026-08-24 20:57:06.712097][UC][I] [QUERY_PERF] component=ucm layer=transport_manager handle=48 transport_handle=48 transfers_lock_wait_us=1 lookup_us=0 transport_us=40 total_us=41 api_status=0 transfer_status=1 [21272,21285][transport_manager.cpp:716,GetStatus]
[2026-08-24 20:57:06.712100][UC][I] [PERF] component=transport event=transfer_done manager=127.0.0.1:8000 target=127.0.0.1:4502 handle=48 transport_handle=48 opcode=1 direct=2 segments=1 bytes=63 status=1 api_status=0 submitted_ts_us=1787576226710331 completed_ts_us=1787576226712099 manager_get_status_ts_us=1787576226712056 backend_query_ts_us=1787576226712062 submit_us=95 transfer_us=1768 manager_to_backend_query_us=6 total_us=1863 [21272,21285][transport_manager.cpp:727,GetStatus]
[2026-08-24 20:57:06.712105][UC][I] [PERF] component=drampool event=request_done request_id=1 opcode=2 peer=127.0.0.1:4502 batch_size=108 data_bytes=7962624 failed_items=0 status=SUCCESS failed_stage=NONE received_ts_us=1787576226701072 worker_started_ts_us=1787576226705773 data_transfer_submitted_ts_us=1787576226707385 data_transfer_completed_ts_us=1787576226710227 response_submitted_ts_us=1787576226710337 completed_ts_us=1787576226712103 data_tm_execute_async_ts_us=1787576226705805 data_hixl_execute_async_ts_us=1787576226705814 data_tm_get_status_ts_us=1787576226710177 data_hixl_query_handle_ts_us=1787576226710182 response_tm_execute_async_ts_us=1787576226710236 response_hixl_execute_async_ts_us=1787576226710241 response_tm_get_status_ts_us=1787576226712056 response_hixl_query_handle_ts_us=1787576226712062 request_queue_us=4701 metadata_prepare_us=31 taskworker_prepare_us=1613 poller_queue_us=2509 data_transfer_us=2842 metadata_settle_us=7 response_slot_wait_us=1 response_submit_us=102 response_transfer_us=1766 data_tm_to_hixl_execute_async_us=9 data_tm_to_hixl_query_handle_us=5 response_tm_to_hixl_execute_async_us=5 response_tm_to_hixl_query_handle_us=6 total_us=11031 [21272,21285][completion_poller.cc:56,LogRequestDone]
[HIXL_QUERY_PERF] layer=comm_channel request=0x14 mutex_wait_us=0 check_us=0 lookup_us=0 flag_check_us=0 complete_us=2 total_us=2 transfer_status=1
[HIXL_QUERY_PERF] layer=adxl_inner request=0x14 context_us=1 req_lock_wait_us=0 lookup_us=0 channel_us=6 cleanup_us=0 total_us=7 status=0 transfer_status=1
[HIXL_QUERY_PERF] layer=comm_engine request=0x14 total_us=13 status=0 transfer_status=1
[2026-08-24 20:57:06.712137][UC][I] [HIXL_WORKER_PERF] task_id=239 queue_depth=1 enqueue_lock_wait_us=0 enqueue_us=0 queue_wait_us=4 execute_us=15 result_post_us=4 total_us=23 status=0 [21272,21285][hixl_instance.cpp:107,Run]
[2026-08-24 20:57:06.712142][UC][I] [QUERY_PERF] component=ucm layer=hixl_instance request=0x14 queue_wait_us=5 backend_us=15 run_post_us=9 total_us=29 api_status=0 transfer_status=1 [21272,21285][hixl_instance.cpp:370,GetTransferStatus]
[2026-08-24 20:57:06.712146][UC][I] [QUERY_PERF] component=ucm layer=hixl_transport handle=49 request=0x14 lifecycle_lock_us=0 pending_lock_wait_us=0 pending_lookup_us=0 instance_us=32 erase_us=0 total_us=32 transfer_status=1 [21272,21285][hixl_transport.cpp:734,GetStatus]
[2026-08-24 20:57:06.712150][UC][I] [QUERY_PERF] component=ucm layer=transport_manager handle=49 transport_handle=49 transfers_lock_wait_us=0 lookup_us=0 transport_us=36 total_us=36 api_status=0 transfer_status=1 [21272,21285][transport_manager.cpp:716,GetStatus]
[2026-08-24 20:57:06.712155][UC][I] [PERF] component=transport event=transfer_done manager=127.0.0.1:8000 target=127.0.0.1:4502 handle=49 transport_handle=49 opcode=1 direct=2 segments=1 bytes=63 status=1 api_status=0 submitted_ts_us=1787576226710486 completed_ts_us=1787576226712154 manager_get_status_ts_us=1787576226712113 backend_query_ts_us=1787576226712118 submit_us=93 transfer_us=1668 manager_to_backend_query_us=5 total_us=1761 [21272,21285][transport_manager.cpp:727,GetStatus]
[2026-08-24 20:57:06.712161][UC][I] [PERF] component=drampool event=request_done request_id=2 opcode=2 peer=127.0.0.1:4502 batch_size=108 data_bytes=7962624 failed_items=0 status=SUCCESS failed_stage=NONE received_ts_us=1787576226701141 worker_started_ts_us=1787576226707387 data_transfer_submitted_ts_us=1787576226707610 data_transfer_completed_ts_us=1787576226710384 response_submitted_ts_us=1787576226710492 completed_ts_us=1787576226712159 data_tm_execute_async_ts_us=1787576226707418 data_hixl_execute_async_ts_us=1787576226707430 data_tm_get_status_ts_us=1787576226710337 data_hixl_query_handle_ts_us=1787576226710343 response_tm_execute_async_ts_us=1787576226710393 response_hixl_execute_async_ts_us=1787576226710398 response_tm_get_status_ts_us=1787576226712113 response_hixl_query_handle_ts_us=1787576226712118 request_queue_us=6246 metadata_prepare_us=30 taskworker_prepare_us=224 poller_queue_us=2285 data_transfer_us=2774 metadata_settle_us=7 response_slot_wait_us=1 response_submit_us=100 response_transfer_us=1667 data_tm_to_hixl_execute_async_us=12 data_tm_to_hixl_query_handle_us=6 response_tm_to_hixl_execute_async_us=5 response_tm_to_hixl_query_handle_us=5 total_us=11018 [21272,21285][completion_poller.cc:56,LogRequestDone]
[HIXL_QUERY_PERF] layer=comm_channel request=0x15 mutex_wait_us=0 check_us=0 lookup_us=1 flag_check_us=0 complete_us=1 total_us=2 transfer_status=1
[HIXL_QUERY_PERF] layer=adxl_inner request=0x15 context_us=1 req_lock_wait_us=0 lookup_us=0 channel_us=6 cleanup_us=0 total_us=7 status=0 transfer_status=1
[HIXL_QUERY_PERF] layer=comm_engine request=0x15 total_us=10 status=0 transfer_status=1
[2026-08-24 20:57:06.712187][UC][I] [HIXL_WORKER_PERF] task_id=240 queue_depth=1 enqueue_lock_wait_us=0 enqueue_us=0 queue_wait_us=4 execute_us=14 result_post_us=3 total_us=21 status=0 [21272,21285][hixl_instance.cpp:107,Run]
[2026-08-24 20:57:06.712192][UC][I] [QUERY_PERF] component=ucm layer=hixl_instance request=0x15 queue_wait_us=4 backend_us=14 run_post_us=8 total_us=26 api_status=0 transfer_status=1 [21272,21285][hixl_instance.cpp:370,GetTransferStatus]
[2026-08-24 20:57:06.712195][UC][I] [QUERY_PERF] component=ucm layer=hixl_transport handle=50 request=0x15 lifecycle_lock_us=0 pending_lock_wait_us=0 pending_lookup_us=0 instance_us=29 erase_us=0 total_us=29 transfer_status=1 [21272,21285][hixl_transport.cpp:734,GetStatus]
[2026-08-24 20:57:06.712198][UC][I] [QUERY_PERF] component=ucm layer=transport_manager handle=50 transport_handle=50 transfers_lock_wait_us=0 lookup_us=0 transport_us=33 total_us=33 api_status=0 transfer_status=1 [21272,21285][transport_manager.cpp:716,GetStatus]
[2026-08-24 20:57:06.712205][UC][I] [PERF] component=transport event=transfer_done manager=127.0.0.1:8000 target=127.0.0.1:4502 handle=50 transport_handle=50 opcode=1 direct=2 segments=1 bytes=63 status=1 api_status=0 submitted_ts_us=1787576226710635 completed_ts_us=1787576226712204 manager_get_status_ts_us=1787576226712164 backend_query_ts_us=1787576226712169 submit_us=94 transfer_us=1570 manager_to_backend_query_us=4 total_us=1664 [21272,21285][transport_manager.cpp:727,GetStatus]
[2026-08-24 20:57:06.712216][UC][I] [PERF] component=drampool event=request_done request_id=3 opcode=2 peer=127.0.0.1:4502 batch_size=108 data_bytes=7962624 failed_items=0 status=SUCCESS failed_stage=NONE received_ts_us=1787576226701144 worker_started_ts_us=1787576226707612 data_transfer_submitted_ts_us=1787576226707779 data_transfer_completed_ts_us=1787576226710532 response_submitted_ts_us=1787576226710640 completed_ts_us=1787576226712214 data_tm_execute_async_ts_us=1787576226707625 data_hixl_execute_async_ts_us=1787576226707634 data_tm_get_status_ts_us=1787576226710492 data_hixl_query_handle_ts_us=1787576226710497 response_tm_execute_async_ts_us=1787576226710541 response_hixl_execute_async_ts_us=1787576226710546 response_tm_get_status_ts_us=1787576226712164 response_hixl_query_handle_ts_us=1787576226712169 request_queue_us=6467 metadata_prepare_us=13 taskworker_prepare_us=169 poller_queue_us=2115 data_transfer_us=2752 metadata_settle_us=7 response_slot_wait_us=1 response_submit_us=100 response_transfer_us=1573 data_tm_to_hixl_execute_async_us=9 data_tm_to_hixl_query_handle_us=6 response_tm_to_hixl_execute_async_us=5 response_tm_to_hixl_query_handle_us=4 total_us=11069 [21272,21285][completion_poller.cc:56,LogRequestDone]
[HIXL_QUERY_PERF] layer=comm_channel request=0x16 mutex_wait_us=0 check_us=0 lookup_us=0 flag_check_us=0 complete_us=1 total_us=1 transfer_status=1
[HIXL_QUERY_PERF] layer=adxl_inner request=0x16 context_us=0 req_lock_wait_us=0 lookup_us=1 channel_us=5 cleanup_us=0 total_us=6 status=0 transfer_status=1
[HIXL_QUERY_PERF] layer=comm_engine request=0x16 total_us=10 status=0 transfer_status=1
[2026-08-24 20:57:06.712243][UC][I] [HIXL_WORKER_PERF] task_id=241 queue_depth=1 enqueue_lock_wait_us=0 enqueue_us=0 queue_wait_us=4 execute_us=12 result_post_us=3 total_us=19 status=0 [21272,21285][hixl_instance.cpp:107,Run]
[2026-08-24 20:57:06.712248][UC][I] [QUERY_PERF] component=ucm layer=hixl_instance request=0x16 queue_wait_us=5 backend_us=12 run_post_us=9 total_us=26 api_status=0 transfer_status=1 [21272,21285][hixl_instance.cpp:370,GetTransferStatus]
[2026-08-24 20:57:06.712251][UC][I] [QUERY_PERF] component=ucm layer=hixl_transport handle=51 request=0x16 lifecycle_lock_us=0 pending_lock_wait_us=0 pending_lookup_us=0 instance_us=29 erase_us=0 total_us=29 transfer_status=1 [21272,21285][hixl_transport.cpp:734,GetStatus]
[2026-08-24 20:57:06.712254][UC][I] [QUERY_PERF] component=ucm layer=transport_manager handle=51 transport_handle=51 transfers_lock_wait_us=0 lookup_us=0 transport_us=32 total_us=32 api_status=0 transfer_status=1 [21272,21285][transport_manager.cpp:716,GetStatus]
[2026-08-24 20:57:06.712261][UC][I] [PERF] component=transport event=transfer_done manager=127.0.0.1:8000 target=127.0.0.1:4502 handle=51 transport_handle=51 opcode=1 direct=2 segments=1 bytes=63 status=1 api_status=0 submitted_ts_us=1787576226710794 completed_ts_us=1787576226712260 manager_get_status_ts_us=1787576226712222 backend_query_ts_us=1787576226712227 submit_us=89 transfer_us=1466 manager_to_backend_query_us=5 total_us=1555 [21272,21285][transport_manager.cpp:727,GetStatus]
[2026-08-24 20:57:06.712267][UC][I] [PERF] component=drampool event=request_done request_id=4 opcode=2 peer=127.0.0.1:4502 batch_size=108 data_bytes=7962624 failed_items=0 status=SUCCESS failed_stage=NONE received_ts_us=1787576226701149 worker_started_ts_us=1787576226707782 data_transfer_submitted_ts_us=1787576226707974 data_transfer_completed_ts_us=1787576226710696 response_submitted_ts_us=1787576226710802 completed_ts_us=1787576226712265 data_tm_execute_async_ts_us=1787576226707796 data_hixl_execute_async_ts_us=1787576226707804 data_tm_get_status_ts_us=1787576226710640 data_hixl_query_handle_ts_us=1787576226710646 response_tm_execute_async_ts_us=1787576226710704 response_hixl_execute_async_ts_us=1787576226710709 response_tm_get_status_ts_us=1787576226712222 response_hixl_query_handle_ts_us=1787576226712227 request_queue_us=6632 metadata_prepare_us=13 taskworker_prepare_us=193 poller_queue_us=1921 data_transfer_us=2722 metadata_settle_us=6 response_slot_wait_us=1 response_submit_us=99 response_transfer_us=1463 data_tm_to_hixl_execute_async_us=9 data_tm_to_hixl_query_handle_us=5 response_tm_to_hixl_execute_async_us=5 response_tm_to_hixl_query_handle_us=5 total_us=11116 [21272,21285][completion_poller.cc:56,LogRequestDone]
[HIXL_QUERY_PERF] layer=comm_channel request=0x17 mutex_wait_us=0 check_us=0 lookup_us=0 flag_check_us=1 complete_us=0 total_us=1 transfer_status=1
[HIXL_QUERY_PERF] layer=adxl_inner request=0x17 context_us=1 req_lock_wait_us=0 lookup_us=0 channel_us=5 cleanup_us=1 total_us=7 status=0 transfer_status=1
[HIXL_QUERY_PERF] layer=comm_engine request=0x17 total_us=10 status=0 transfer_status=1
[2026-08-24 20:57:06.712302][UC][I] [HIXL_WORKER_PERF] task_id=242 queue_depth=1 enqueue_lock_wait_us=0 enqueue_us=0 queue_wait_us=4 execute_us=12 result_post_us=4 total_us=20 status=0 [21272,21285][hixl_instance.cpp:107,Run]
[2026-08-24 20:57:06.712309][UC][I] [QUERY_PERF] component=ucm layer=hixl_instance request=0x17 queue_wait_us=4 backend_us=12 run_post_us=11 total_us=27 api_status=0 transfer_status=1 [21272,21285][hixl_instance.cpp:370,GetTransferStatus]
[2026-08-24 20:57:06.712312][UC][I] [QUERY_PERF] component=ucm layer=hixl_transport handle=52 request=0x17 lifecycle_lock_us=0 pending_lock_wait_us=0 pending_lookup_us=0 instance_us=30 erase_us=0 total_us=30 transfer_status=1 [21272,21285][hixl_transport.cpp:734,GetStatus]
[2026-08-24 20:57:06.712315][UC][I] [QUERY_PERF] component=ucm layer=transport_manager handle=52 transport_handle=52 transfers_lock_wait_us=1 lookup_us=0 transport_us=34 total_us=35 api_status=0 transfer_status=1 [21272,21285][transport_manager.cpp:716,GetStatus]
[2026-08-24 20:57:06.712319][UC][I] [PERF] component=transport event=transfer_done manager=127.0.0.1:8000 target=127.0.0.1:4502 handle=52 transport_handle=52 opcode=1 direct=2 segments=1 bytes=63 status=1 api_status=0 submitted_ts_us=1787576226710943 completed_ts_us=1787576226712319 manager_get_status_ts_us=1787576226712280 backend_query_ts_us=1787576226712285 submit_us=87 transfer_us=1376 manager_to_backend_query_us=5 total_us=1463 [21272,21285][transport_manager.cpp:727,GetStatus]
[2026-08-24 20:57:06.712325][UC][I] [PERF] component=drampool event=request_done request_id=5 opcode=2 peer=127.0.0.1:4502 batch_size=108 data_bytes=7962624 failed_items=0 status=SUCCESS failed_stage=NONE received_ts_us=1787576226701161 worker_started_ts_us=1787576226707976 data_transfer_submitted_ts_us=1787576226708140 data_transfer_completed_ts_us=1787576226710847 response_submitted_ts_us=1787576226710947 completed_ts_us=1787576226712324 data_tm_execute_async_ts_us=1787576226707990 data_hixl_execute_async_ts_us=1787576226708001 data_tm_get_status_ts_us=1787576226710802 data_hixl_query_handle_ts_us=1787576226710807 response_tm_execute_async_ts_us=1787576226710855 response_hixl_execute_async_ts_us=1787576226710860 response_tm_get_status_ts_us=1787576226712280 response_hixl_query_handle_ts_us=1787576226712285 request_queue_us=6814 metadata_prepare_us=14 taskworker_prepare_us=165 poller_queue_us=1755 data_transfer_us=2707 metadata_settle_us=7 response_slot_wait_us=0 response_submit_us=94 response_transfer_us=1375 data_tm_to_hixl_execute_async_us=11 data_tm_to_hixl_query_handle_us=5 response_tm_to_hixl_execute_async_us=4 response_tm_to_hixl_query_handle_us=5 total_us=11162 [21272,21285][completion_poller.cc:56,LogRequestDone]
[HIXL_QUERY_PERF] layer=comm_channel request=0x18 mutex_wait_us=0 check_us=0 lookup_us=1 flag_check_us=0 complete_us=1 total_us=2 transfer_status=1
[HIXL_QUERY_PERF] layer=adxl_inner request=0x18 context_us=1 req_lock_wait_us=0 lookup_us=0 channel_us=11 cleanup_us=0 total_us=12 status=0 transfer_status=1
[HIXL_QUERY_PERF] layer=comm_engine request=0x18 total_us=16 status=0 transfer_status=1
[2026-08-24 20:57:06.712358][UC][I] [HIXL_WORKER_PERF] task_id=243 queue_depth=1 enqueue_lock_wait_us=1 enqueue_us=0 queue_wait_us=3 execute_us=19 result_post_us=6 total_us=29 status=0 [21272,21285][hixl_instance.cpp:107,Run]
[2026-08-24 20:57:06.712364][UC][I] [QUERY_PERF] component=ucm layer=hixl_instance request=0x18 queue_wait_us=4 backend_us=19 run_post_us=11 total_us=34 api_status=0 transfer_status=1 [21272,21285][hixl_instance.cpp:370,GetTransferStatus]
[2026-08-24 20:57:06.712368][UC][I] [QUERY_PERF] component=ucm layer=hixl_transport handle=53 request=0x18 lifecycle_lock_us=0 pending_lock_wait_us=0 pending_lookup_us=0 instance_us=38 erase_us=0 total_us=38 transfer_status=1 [21272,21285][hixl_transport.cpp:734,GetStatus]
[2026-08-24 20:57:06.712373][UC][I] [QUERY_PERF] component=ucm layer=transport_manager handle=53 transport_handle=53 transfers_lock_wait_us=0 lookup_us=0 transport_us=43 total_us=43 api_status=0 transfer_status=1 [21272,21285][transport_manager.cpp:716,GetStatus]
[2026-08-24 20:57:06.712376][UC][I] [PERF] component=transport event=transfer_done manager=127.0.0.1:8000 target=127.0.0.1:4502 handle=53 transport_handle=53 opcode=1 direct=2 segments=1 bytes=63 status=1 api_status=0 submitted_ts_us=1787576226711103 completed_ts_us=1787576226712375 manager_get_status_ts_us=1787576226712329 backend_query_ts_us=1787576226712333 submit_us=95 transfer_us=1273 manager_to_backend_query_us=4 total_us=1368 [21272,21285][transport_manager.cpp:727,GetStatus]
[2026-08-24 20:57:06.712387][UC][I] [PERF] component=drampool event=request_done request_id=6 opcode=2 peer=127.0.0.1:4502 batch_size=108 data_bytes=7962624 failed_items=0 status=SUCCESS failed_stage=NONE received_ts_us=1787576226701164 worker_started_ts_us=1787576226708142 data_transfer_submitted_ts_us=1787576226708305 data_transfer_completed_ts_us=1787576226710999 response_submitted_ts_us=1787576226711106 completed_ts_us=1787576226712385 data_tm_execute_async_ts_us=1787576226708156 data_hixl_execute_async_ts_us=1787576226708166 data_tm_get_status_ts_us=1787576226710948 data_hixl_query_handle_ts_us=1787576226710953 response_tm_execute_async_ts_us=1787576226711008 response_hixl_execute_async_ts_us=1787576226711013 response_tm_get_status_ts_us=1787576226712329 response_hixl_query_handle_ts_us=1787576226712333 request_queue_us=6977 metadata_prepare_us=12 taskworker_prepare_us=164 poller_queue_us=1590 data_transfer_us=2694 metadata_settle_us=7 response_slot_wait_us=1 response_submit_us=99 response_transfer_us=1279 data_tm_to_hixl_execute_async_us=10 data_tm_to_hixl_query_handle_us=5 response_tm_to_hixl_execute_async_us=5 response_tm_to_hixl_query_handle_us=4 total_us=11220 [21272,21285][completion_poller.cc:56,LogRequestDone]
[HIXL_QUERY_PERF] layer=comm_channel request=0x1e mutex_wait_us=0 check_us=0 lookup_us=0 flag_check_us=0 complete_us=1 total_us=1 transfer_status=1
[HIXL_QUERY_PERF] layer=adxl_inner request=0x1e context_us=1 req_lock_wait_us=0 lookup_us=0 channel_us=7 cleanup_us=0 total_us=8 status=0 transfer_status=1
[HIXL_QUERY_PERF] layer=comm_engine request=0x1e total_us=13 status=0 transfer_status=1
[2026-08-24 20:57:06.712418][UC][I] [HIXL_WORKER_PERF] task_id=244 queue_depth=1 enqueue_lock_wait_us=0 enqueue_us=0 queue_wait_us=6 execute_us=16 result_post_us=4 total_us=26 status=0 [21272,21285][hixl_instance.cpp:107,Run]
[2026-08-24 20:57:06.712423][UC][I] [QUERY_PERF] component=ucm layer=hixl_instance request=0x1e queue_wait_us=6 backend_us=16 run_post_us=9 total_us=31 api_status=0 transfer_status=1 [21272,21285][hixl_instance.cpp:370,GetTransferStatus]
[2026-08-24 20:57:06.712427][UC][I] [QUERY_PERF] component=ucm layer=hixl_transport handle=54 request=0x1e lifecycle_lock_us=0 pending_lock_wait_us=0 pending_lookup_us=0 instance_us=35 erase_us=1 total_us=36 transfer_status=1 [21272,21285][hixl_transport.cpp:734,GetStatus]
[2026-08-24 20:57:06.712435][UC][I] [QUERY_PERF] component=ucm layer=transport_manager handle=54 transport_handle=54 transfers_lock_wait_us=0 lookup_us=0 transport_us=43 total_us=43 api_status=0 transfer_status=1 [21272,21285][transport_manager.cpp:716,GetStatus]
[2026-08-24 20:57:06.712439][UC][I] [PERF] component=transport event=transfer_done manager=127.0.0.1:8000 target=127.0.0.1:4501 handle=54 transport_handle=54 opcode=1 direct=2 segments=1 bytes=63 status=1 api_status=0 submitted_ts_us=1787576226711246 completed_ts_us=1787576226712439 manager_get_status_ts_us=1787576226712391 backend_query_ts_us=1787576226712398 submit_us=92 transfer_us=1192 manager_to_backend_query_us=7 total_us=1284 [21272,21285][transport_manager.cpp:727,GetStatus]
[2026-08-24 20:57:06.712447][UC][I] [PERF] component=drampool event=request_done request_id=3 opcode=2 peer=127.0.0.1:4501 batch_size=108 data_bytes=7962624 failed_items=0 status=SUCCESS failed_stage=NONE received_ts_us=1787576226702345 worker_started_ts_us=1787576226708307 data_transfer_submitted_ts_us=1787576226708505 data_transfer_completed_ts_us=1787576226711147 response_submitted_ts_us=1787576226711251 completed_ts_us=1787576226712445 data_tm_execute_async_ts_us=1787576226708321 data_hixl_execute_async_ts_us=1787576226708332 data_tm_get_status_ts_us=1787576226711107 data_hixl_query_handle_ts_us=1787576226711112 response_tm_execute_async_ts_us=1787576226711155 response_hixl_execute_async_ts_us=1787576226711160 response_tm_get_status_ts_us=1787576226712391 response_hixl_query_handle_ts_us=1787576226712398 request_queue_us=5962 metadata_prepare_us=12 taskworker_prepare_us=200 poller_queue_us=1390 data_transfer_us=2642 metadata_settle_us=7 response_slot_wait_us=0 response_submit_us=97 response_transfer_us=1193 data_tm_to_hixl_execute_async_us=11 data_tm_to_hixl_query_handle_us=5 response_tm_to_hixl_execute_async_us=5 response_tm_to_hixl_query_handle_us=7 total_us=10100 [21272,21285][completion_poller.cc:56,LogRequestDone]
[HIXL_QUERY_PERF] layer=comm_channel request=0x1f mutex_wait_us=0 check_us=0 lookup_us=0 flag_check_us=0 complete_us=1 total_us=1 transfer_status=1
[HIXL_QUERY_PERF] layer=adxl_inner request=0x1f context_us=0 req_lock_wait_us=0 lookup_us=1 channel_us=5 cleanup_us=0 total_us=6 status=0 transfer_status=1
[HIXL_QUERY_PERF] layer=comm_engine request=0x1f total_us=9 status=0 transfer_status=1
[2026-08-24 20:57:06.712477][UC][I] [HIXL_WORKER_PERF] task_id=245 queue_depth=1 enqueue_lock_wait_us=0 enqueue_us=0 queue_wait_us=4 execute_us=11 result_post_us=3 total_us=18 status=0 [21272,21285][hixl_instance.cpp:107,Run]
[2026-08-24 20:57:06.712483][UC][I] [QUERY_PERF] component=ucm layer=hixl_instance request=0x1f queue_wait_us=5 backend_us=11 run_post_us=9 total_us=25 api_status=0 transfer_status=1 [21272,21285][hixl_instance.cpp:370,GetTransferStatus]
[2026-08-24 20:57:06.712486][UC][I] [QUERY_PERF] component=ucm layer=hixl_transport handle=55 request=0x1f lifecycle_lock_us=0 pending_lock_wait_us=0 pending_lookup_us=0 instance_us=29 erase_us=0 total_us=29 transfer_status=1 [21272,21285][hixl_transport.cpp:734,GetStatus]
[2026-08-24 20:57:06.712491][UC][I] [QUERY_PERF] component=ucm layer=transport_manager handle=55 transport_handle=55 transfers_lock_wait_us=0 lookup_us=0 transport_us=34 total_us=34 api_status=0 transfer_status=1 [21272,21285][transport_manager.cpp:716,GetStatus]
[2026-08-24 20:57:06.712494][UC][I] [PERF] component=transport event=transfer_done manager=127.0.0.1:8000 target=127.0.0.1:4501 handle=55 transport_handle=55 opcode=1 direct=2 segments=1 bytes=63 status=1 api_status=0 submitted_ts_us=1787576226711403 completed_ts_us=1787576226712494 manager_get_status_ts_us=1787576226712457 backend_query_ts_us=1787576226712461 submit_us=90 transfer_us=1091 manager_to_backend_query_us=5 total_us=1181 [21272,21285][transport_manager.cpp:727,GetStatus]
[2026-08-24 20:57:06.712499][UC][I] [PERF] component=drampool event=request_done request_id=4 opcode=2 peer=127.0.0.1:4501 batch_size=108 data_bytes=7962624 failed_items=0 status=SUCCESS failed_stage=NONE received_ts_us=1787576226702397 worker_started_ts_us=1787576226708508 data_transfer_submitted_ts_us=1787576226708703 data_transfer_completed_ts_us=1787576226711304 response_submitted_ts_us=1787576226711410 completed_ts_us=1787576226712497 data_tm_execute_async_ts_us=1787576226708538 data_hixl_execute_async_ts_us=1787576226708548 data_tm_get_status_ts_us=1787576226711251 data_hixl_query_handle_ts_us=1787576226711257 response_tm_execute_async_ts_us=1787576226711312 response_hixl_execute_async_ts_us=1787576226711317 response_tm_get_status_ts_us=1787576226712457 response_hixl_query_handle_ts_us=1787576226712461 request_queue_us=6110 metadata_prepare_us=29 taskworker_prepare_us=196 poller_queue_us=1193 data_transfer_us=2601 metadata_settle_us=7 response_slot_wait_us=0 response_submit_us=99 response_transfer_us=1087 data_tm_to_hixl_execute_async_us=10 data_tm_to_hixl_query_handle_us=5 response_tm_to_hixl_execute_async_us=4 response_tm_to_hixl_query_handle_us=5 total_us=10099 [21272,21285][completion_poller.cc:56,LogRequestDone]
[HIXL_QUERY_PERF] layer=comm_channel request=0x20 mutex_wait_us=0 check_us=0 lookup_us=0 flag_check_us=0 complete_us=1 total_us=1 transfer_status=1
[HIXL_QUERY_PERF] layer=adxl_inner request=0x20 context_us=0 req_lock_wait_us=0 lookup_us=1 channel_us=4 cleanup_us=0 total_us=5 status=0 transfer_status=1
[HIXL_QUERY_PERF] layer=comm_engine request=0x20 total_us=8 status=0 transfer_status=1
[2026-08-24 20:57:06.712526][UC][I] [HIXL_WORKER_PERF] task_id=246 queue_depth=1 enqueue_lock_wait_us=0 enqueue_us=0 queue_wait_us=4 execute_us=10 result_post_us=4 total_us=18 status=0 [21272,21285][hixl_instance.cpp:107,Run]
[2026-08-24 20:57:06.712532][UC][I] [QUERY_PERF] component=ucm layer=hixl_instance request=0x20 queue_wait_us=5 backend_us=10 run_post_us=10 total_us=25 api_status=0 transfer_status=1 [21272,21285][hixl_instance.cpp:370,GetTransferStatus]
[2026-08-24 20:57:06.712537][UC][I] [QUERY_PERF] component=ucm layer=hixl_transport handle=56 request=0x20 lifecycle_lock_us=0 pending_lock_wait_us=0 pending_lookup_us=0 instance_us=29 erase_us=1 total_us=30 transfer_status=1 [21272,21285][hixl_transport.cpp:734,GetStatus]
[2026-08-24 20:57:06.712543][UC][I] [QUERY_PERF] component=ucm layer=transport_manager handle=56 transport_handle=56 transfers_lock_wait_us=0 lookup_us=0 transport_us=35 total_us=35 api_status=0 transfer_status=1 [21272,21285][transport_manager.cpp:716,GetStatus]
[2026-08-24 20:57:06.712547][UC][I] [PERF] component=transport event=transfer_done manager=127.0.0.1:8000 target=127.0.0.1:4501 handle=56 transport_handle=56 opcode=1 direct=2 segments=1 bytes=63 status=1 api_status=0 submitted_ts_us=1787576226711559 completed_ts_us=1787576226712547 manager_get_status_ts_us=1787576226712507 backend_query_ts_us=1787576226712512 submit_us=94 transfer_us=987 manager_to_backend_query_us=5 total_us=1081 [21272,21285][transport_manager.cpp:727,GetStatus]
[2026-08-24 20:57:06.712561][UC][I] [PERF] component=drampool event=request_done request_id=5 opcode=2 peer=127.0.0.1:4501 batch_size=108 data_bytes=7962624 failed_items=0 status=SUCCESS failed_stage=NONE received_ts_us=1787576226702425 worker_started_ts_us=1787576226708705 data_transfer_submitted_ts_us=1787576226708896 data_transfer_completed_ts_us=1787576226711458 response_submitted_ts_us=1787576226711564 completed_ts_us=1787576226712559 data_tm_execute_async_ts_us=1787576226708719 data_hixl_execute_async_ts_us=1787576226708730 data_tm_get_status_ts_us=1787576226711411 data_hixl_query_handle_ts_us=1787576226711416 response_tm_execute_async_ts_us=1787576226711466 response_hixl_execute_async_ts_us=1787576226711471 response_tm_get_status_ts_us=1787576226712507 response_hixl_query_handle_ts_us=1787576226712512 request_queue_us=6279 metadata_prepare_us=13 taskworker_prepare_us=192 poller_queue_us=1000 data_transfer_us=2562 metadata_settle_us=7 response_slot_wait_us=0 response_submit_us=99 response_transfer_us=994 data_tm_to_hixl_execute_async_us=10 data_tm_to_hixl_query_handle_us=5 response_tm_to_hixl_execute_async_us=5 response_tm_to_hixl_query_handle_us=5 total_us=10133 [21272,21285][completion_poller.cc:56,LogRequestDone]
[HIXL_QUERY_PERF] layer=comm_channel request=0x21 mutex_wait_us=0 check_us=0 lookup_us=0 flag_check_us=0 complete_us=1 total_us=1 transfer_status=1
[HIXL_QUERY_PERF] layer=adxl_inner request=0x21 context_us=0 req_lock_wait_us=0 lookup_us=1 channel_us=3 cleanup_us=0 total_us=4 status=0 transfer_status=1
[HIXL_QUERY_PERF] layer=comm_engine request=0x21 total_us=6 status=0 transfer_status=1
[2026-08-24 20:57:06.712584][UC][I] [HIXL_WORKER_PERF] task_id=247 queue_depth=1 enqueue_lock_wait_us=0 enqueue_us=0 queue_wait_us=4 execute_us=8 result_post_us=4 total_us=16 status=0 [21272,21285][hixl_instance.cpp:107,Run]
[2026-08-24 20:57:06.712590][UC][I] [QUERY_PERF] component=ucm layer=hixl_instance request=0x21 queue_wait_us=4 backend_us=8 run_post_us=9 total_us=21 api_status=0 transfer_status=1 [21272,21285][hixl_instance.cpp:370,GetTransferStatus]
[2026-08-24 20:57:06.712594][UC][I] [QUERY_PERF] component=ucm layer=hixl_transport handle=57 request=0x21 lifecycle_lock_us=1 pending_lock_wait_us=0 pending_lookup_us=0 instance_us=24 erase_us=1 total_us=26 transfer_status=1 [21272,21285][hixl_transport.cpp:734,GetStatus]
[2026-08-24 20:57:06.712597][UC][I] [QUERY_PERF] component=ucm layer=transport_manager handle=57 transport_handle=57 transfers_lock_wait_us=0 lookup_us=0 transport_us=30 total_us=30 api_status=0 transfer_status=1 [21272,21285][transport_manager.cpp:716,GetStatus]
[2026-08-24 20:57:06.712600][UC][I] [PERF] component=transport event=transfer_done manager=127.0.0.1:8000 target=127.0.0.1:4501 handle=57 transport_handle=57 opcode=1 direct=2 segments=1 bytes=63 status=1 api_status=0 submitted_ts_us=1787576226711718 completed_ts_us=1787576226712599 manager_get_status_ts_us=1787576226712567 backend_query_ts_us=1787576226712572 submit_us=92 transfer_us=881 manager_to_backend_query_us=5 total_us=973 [21272,21285][transport_manager.cpp:727,GetStatus]
[2026-08-24 20:57:06.712605][UC][I] [PERF] component=drampool event=request_done request_id=6 opcode=2 peer=127.0.0.1:4501 batch_size=108 data_bytes=7962624 failed_items=0 status=SUCCESS failed_stage=NONE received_ts_us=1787576226702470 worker_started_ts_us=1787576226708899 data_transfer_submitted_ts_us=1787576226709073 data_transfer_completed_ts_us=1787576226711617 response_submitted_ts_us=1787576226711723 completed_ts_us=1787576226712603 data_tm_execute_async_ts_us=1787576226708913 data_hixl_execute_async_ts_us=1787576226708925 data_tm_get_status_ts_us=1787576226711564 data_hixl_query_handle_ts_us=1787576226711569 response_tm_execute_async_ts_us=1787576226711625 response_hixl_execute_async_ts_us=1787576226711630 response_tm_get_status_ts_us=1787576226712567 response_hixl_query_handle_ts_us=1787576226712572 request_queue_us=6428 metadata_prepare_us=13 taskworker_prepare_us=175 poller_queue_us=823 data_transfer_us=2545 metadata_settle_us=6 response_slot_wait_us=1 response_submit_us=98 response_transfer_us=880 data_tm_to_hixl_execute_async_us=12 data_tm_to_hixl_query_handle_us=5 response_tm_to_hixl_execute_async_us=5 response_tm_to_hixl_query_handle_us=5 total_us=10132 [21272,21285][completion_poller.cc:56,LogRequestDone]
[HIXL_QUERY_PERF] layer=comm_channel request=0x22 mutex_wait_us=0 check_us=0 lookup_us=0 flag_check_us=1 complete_us=0 total_us=1 transfer_status=1
[HIXL_QUERY_PERF] layer=adxl_inner request=0x22 context_us=1 req_lock_wait_us=0 lookup_us=0 channel_us=6 cleanup_us=0 total_us=7 status=0 transfer_status=1
[HIXL_QUERY_PERF] layer=comm_engine request=0x22 total_us=12 status=0 transfer_status=1
[2026-08-24 20:57:06.712635][UC][I] [HIXL_WORKER_PERF] task_id=248 queue_depth=1 enqueue_lock_wait_us=0 enqueue_us=0 queue_wait_us=4 execute_us=14 result_post_us=4 total_us=22 status=0 [21272,21285][hixl_instance.cpp:107,Run]
[2026-08-24 20:57:06.712640][UC][I] [QUERY_PERF] component=ucm layer=hixl_instance request=0x22 queue_wait_us=4 backend_us=14 run_post_us=9 total_us=27 api_status=0 transfer_status=1 [21272,21285][hixl_instance.cpp:370,GetTransferStatus]
[2026-08-24 20:57:06.712645][UC][I] [QUERY_PERF] component=ucm layer=hixl_transport handle=58 request=0x22 lifecycle_lock_us=0 pending_lock_wait_us=0 pending_lookup_us=0 instance_us=31 erase_us=1 total_us=32 transfer_status=1 [21272,21285][hixl_transport.cpp:734,GetStatus]
[2026-08-24 20:57:06.712649][UC][I] [QUERY_PERF] component=ucm layer=transport_manager handle=58 transport_handle=58 transfers_lock_wait_us=0 lookup_us=0 transport_us=35 total_us=35 api_status=0 transfer_status=1 [21272,21285][transport_manager.cpp:716,GetStatus]
[2026-08-24 20:57:06.712654][UC][I] [PERF] component=transport event=transfer_done manager=127.0.0.1:8000 target=127.0.0.1:4501 handle=58 transport_handle=58 opcode=1 direct=2 segments=1 bytes=63 status=1 api_status=0 submitted_ts_us=1787576226711880 completed_ts_us=1787576226712653 manager_get_status_ts_us=1787576226712612 backend_query_ts_us=1787576226712617 submit_us=101 transfer_us=774 manager_to_backend_query_us=4 total_us=875 [21272,21285][transport_manager.cpp:727,GetStatus]
[2026-08-24 20:57:06.712659][UC][I] [PERF] component=drampool event=request_done request_id=7 opcode=2 peer=127.0.0.1:4501 batch_size=108 data_bytes=7962624 failed_items=0 status=SUCCESS failed_stage=NONE received_ts_us=1787576226702473 worker_started_ts_us=1787576226709076 data_transfer_submitted_ts_us=1787576226709303 data_transfer_completed_ts_us=1787576226711771 response_submitted_ts_us=1787576226711885 completed_ts_us=1787576226712658 data_tm_execute_async_ts_us=1787576226709108 data_hixl_execute_async_ts_us=1787576226709144 data_tm_get_status_ts_us=1787576226711723 data_hixl_query_handle_ts_us=1787576226711728 response_tm_execute_async_ts_us=1787576226711779 response_hixl_execute_async_ts_us=1787576226711784 response_tm_get_status_ts_us=1787576226712612 response_hixl_query_handle_ts_us=1787576226712617 request_queue_us=6602 metadata_prepare_us=32 taskworker_prepare_us=228 poller_queue_us=594 data_transfer_us=2468 metadata_settle_us=7 response_slot_wait_us=0 response_submit_us=108 response_transfer_us=771 data_tm_to_hixl_execute_async_us=36 data_tm_to_hixl_query_handle_us=5 response_tm_to_hixl_execute_async_us=5 response_tm_to_hixl_query_handle_us=4 total_us=10184 [21272,21285][completion_poller.cc:56,LogRequestDone]
[HIXL_QUERY_PERF] layer=comm_channel request=0x23 mutex_wait_us=0 check_us=1 lookup_us=0 flag_check_us=0 complete_us=0 total_us=1 transfer_status=1
[HIXL_QUERY_PERF] layer=adxl_inner request=0x23 context_us=1 req_lock_wait_us=0 lookup_us=0 channel_us=5 cleanup_us=0 total_us=6 status=0 transfer_status=1
[HIXL_QUERY_PERF] layer=comm_engine request=0x23 total_us=9 status=0 transfer_status=1
[2026-08-24 20:57:06.712683][UC][I] [HIXL_WORKER_PERF] task_id=249 queue_depth=1 enqueue_lock_wait_us=1 enqueue_us=0 queue_wait_us=3 execute_us=11 result_post_us=3 total_us=18 status=0 [21272,21285][hixl_instance.cpp:107,Run]
[2026-08-24 20:57:06.712687][UC][I] [QUERY_PERF] component=ucm layer=hixl_instance request=0x23 queue_wait_us=4 backend_us=11 run_post_us=7 total_us=22 api_status=0 transfer_status=1 [21272,21285][hixl_instance.cpp:370,GetTransferStatus]
[2026-08-24 20:57:06.712690][UC][I] [QUERY_PERF] component=ucm layer=hixl_transport handle=59 request=0x23 lifecycle_lock_us=0 pending_lock_wait_us=0 pending_lookup_us=0 instance_us=25 erase_us=0 total_us=25 transfer_status=1 [21272,21285][hixl_transport.cpp:734,GetStatus]
[2026-08-24 20:57:06.712694][UC][I] [QUERY_PERF] component=ucm layer=transport_manager handle=59 transport_handle=59 transfers_lock_wait_us=0 lookup_us=0 transport_us=30 total_us=30 api_status=0 transfer_status=1 [21272,21285][transport_manager.cpp:716,GetStatus]
[2026-08-24 20:57:06.712701][UC][I] [PERF] component=transport event=transfer_done manager=127.0.0.1:8000 target=127.0.0.1:4501 handle=59 transport_handle=59 opcode=1 direct=2 segments=1 bytes=63 status=1 api_status=0 submitted_ts_us=1787576226712050 completed_ts_us=1787576226712700 manager_get_status_ts_us=1787576226712664 backend_query_ts_us=1787576226712668 submit_us=100 transfer_us=650 manager_to_backend_query_us=4 total_us=750 [21272,21285][transport_manager.cpp:727,GetStatus]
[2026-08-24 20:57:06.712714][UC][I] [PERF] component=drampool event=request_done request_id=8 opcode=2 peer=127.0.0.1:4501 batch_size=108 data_bytes=7962624 failed_items=0 status=SUCCESS failed_stage=NONE received_ts_us=1787576226702476 worker_started_ts_us=1787576226709305 data_transfer_submitted_ts_us=1787576226709471 data_transfer_completed_ts_us=1787576226711941 response_submitted_ts_us=1787576226712056 completed_ts_us=1787576226712712 data_tm_execute_async_ts_us=1787576226709319 data_hixl_execute_async_ts_us=1787576226709332 data_tm_get_status_ts_us=1787576226711886 data_hixl_query_handle_ts_us=1787576226711892 response_tm_execute_async_ts_us=1787576226711950 response_hixl_execute_async_ts_us=1787576226711955 response_tm_get_status_ts_us=1787576226712664 response_hixl_query_handle_ts_us=1787576226712668 request_queue_us=6829 metadata_prepare_us=13 taskworker_prepare_us=168 poller_queue_us=425 data_transfer_us=2469 metadata_settle_us=8 response_slot_wait_us=0 response_submit_us=107 response_transfer_us=655 data_tm_to_hixl_execute_async_us=13 data_tm_to_hixl_query_handle_us=6 response_tm_to_hixl_execute_async_us=5 response_tm_to_hixl_query_handle_us=4 total_us=10236 [21272,21285][completion_poller.cc:56,LogRequestDone]
[HIXL_PERF] event=hccl_batch op=1 desc_num=1 hccl_us=239 status=0
[HIXL_PERF] event=issue_hccl_batch op=1 list_num=1 total_us=277
[HIXL_PERF] event=issue_async_host_flag op=1 list_num=1 context_us=1 hccl_issue_us=280 flag_memcpy_us=15 total_us=296
[HIXL_PERF] event=comm_channel_async op=1 list_num=1 mutex_wait_us=0 slot_us=2 host_flag_us=1 record_us=1 issue_us=304 total_us=308
[HIXL_PERF] event=adxl_inner_async op=1 list_num=1 context_us=15 connect_us=0 get_channel_us=3 channel_async_us=313 tail_us=1 total_us=332
[HIXL_PERF] event=comm_engine_async op=1 list_num=1 desc_build_us=1 inner_us=339 total_us=340 status=0
[2026-08-24 20:57:11.815363][UC][I] [HIXL_WORKER_PERF] task_id=250 queue_depth=1 enqueue_lock_wait_us=1 enqueue_us=0 queue_wait_us=13 execute_us=356 result_post_us=8 total_us=378 status=0 [21272,21285][hixl_instance.cpp:107,Run]
[2026-08-24 20:57:11.815405][UC][I] [PERF] component=transport event=transfer_submitted manager=127.0.0.1:8000 target=127.0.0.1:4500 handle=60 transport_handle=60 opcode=1 direct=2 segments=1 bytes=10 submitted_ts_us=1787576231815404 manager_execute_async_ts_us=1787576231814974 backend_execute_async_ts_us=1787576231814999 manager_to_backend_execute_async_us=25 submit_us=427 [21272,21285][transport_manager.cpp:674,ExecuteAsync]
[HIXL_QUERY_PERF] layer=comm_channel request=0x24 mutex_wait_us=0 check_us=0 lookup_us=1 flag_check_us=0 complete_us=6 total_us=7 transfer_status=1
[HIXL_QUERY_PERF] layer=adxl_inner request=0x24 context_us=2 req_lock_wait_us=0 lookup_us=0 channel_us=15 cleanup_us=1 total_us=18 status=0 transfer_status=1
[HIXL_QUERY_PERF] layer=comm_engine request=0x24 total_us=22 status=0 transfer_status=1
[2026-08-24 20:57:11.815450][UC][I] [HIXL_WORKER_PERF] task_id=251 queue_depth=1 enqueue_lock_wait_us=1 enqueue_us=0 queue_wait_us=6 execute_us=25 result_post_us=5 total_us=37 status=0 [21272,21285][hixl_instance.cpp:107,Run]
[2026-08-24 20:57:11.815455][UC][I] [QUERY_PERF] component=ucm layer=hixl_instance request=0x24 queue_wait_us=7 backend_us=25 run_post_us=11 total_us=43 api_status=0 transfer_status=1 [21272,21285][hixl_instance.cpp:370,GetTransferStatus]
[2026-08-24 20:57:11.815460][UC][I] [QUERY_PERF] component=ucm layer=hixl_transport handle=60 request=0x24 lifecycle_lock_us=0 pending_lock_wait_us=0 pending_lookup_us=0 instance_us=46 erase_us=0 total_us=46 transfer_status=1 [21272,21285][hixl_transport.cpp:734,GetStatus]
[2026-08-24 20:57:11.815467][UC][I] [QUERY_PERF] component=ucm layer=transport_manager handle=60 transport_handle=60 transfers_lock_wait_us=0 lookup_us=0 transport_us=55 total_us=55 api_status=0 transfer_status=1 [21272,21285][transport_manager.cpp:716,GetStatus]
[2026-08-24 20:57:11.815472][UC][I] [PERF] component=transport event=transfer_done manager=127.0.0.1:8000 target=127.0.0.1:4500 handle=60 transport_handle=60 opcode=1 direct=2 segments=1 bytes=10 status=1 api_status=0 submitted_ts_us=1787576231815404 completed_ts_us=1787576231815471 manager_get_status_ts_us=1787576231815411 backend_query_ts_us=1787576231815419 submit_us=427 transfer_us=67 manager_to_backend_query_us=8 total_us=494 [21272,21285][transport_manager.cpp:727,GetStatus]
[2026-08-24 20:57:11.815493][UC][I] [PERF] component=drampool event=request_done request_id=9 opcode=0 peer=127.0.0.1:4500 batch_size=2 data_bytes=0 failed_items=0 status=SUCCESS failed_stage=NONE received_ts_us=1787576231814927 worker_started_ts_us=1787576231814935 data_transfer_submitted_ts_us=0 data_transfer_completed_ts_us=0 response_submitted_ts_us=1787576231815410 completed_ts_us=1787576231815489 data_tm_execute_async_ts_us=0 data_hixl_execute_async_ts_us=0 data_tm_get_status_ts_us=0 data_hixl_query_handle_ts_us=0 response_tm_execute_async_ts_us=1787576231814974 response_hixl_execute_async_ts_us=1787576231814999 response_tm_get_status_ts_us=1787576231815411 response_hixl_query_handle_ts_us=1787576231815419 request_queue_us=8 metadata_prepare_us=1 taskworker_prepare_us=5 poller_queue_us=26 data_transfer_us=0 metadata_settle_us=0 response_slot_wait_us=29 response_submit_us=442 response_transfer_us=77 data_tm_to_hixl_execute_async_us=0 data_tm_to_hixl_query_handle_us=0 response_tm_to_hixl_execute_async_us=25 response_tm_to_hixl_query_handle_us=8 total_us=562 [21272,21285][completion_poller.cc:56,LogRequestDone]
[HIXL_PERF] event=hccl_batch op=1 desc_num=1 hccl_us=98 status=0
[HIXL_PERF] event=issue_hccl_batch op=1 list_num=1 total_us=110
[HIXL_PERF] event=issue_async_host_flag op=1 list_num=1 context_us=0 hccl_issue_us=114 flag_memcpy_us=6 total_us=120
[HIXL_PERF] event=comm_channel_async op=1 list_num=1 mutex_wait_us=0 slot_us=1 host_flag_us=0 record_us=0 issue_us=123 total_us=124
[HIXL_PERF] event=adxl_inner_async op=1 list_num=1 context_us=1 connect_us=0 get_channel_us=0 channel_async_us=127 tail_us=1 total_us=129
[HIXL_PERF] event=comm_engine_async op=1 list_num=1 desc_build_us=0 inner_us=131 total_us=131 status=0
[2026-08-24 20:57:11.815967][UC][I] [HIXL_WORKER_PERF] task_id=252 queue_depth=1 enqueue_lock_wait_us=0 enqueue_us=1 queue_wait_us=4 execute_us=137 result_post_us=6 total_us=148 status=0 [21272,21285][hixl_instance.cpp:107,Run]
[2026-08-24 20:57:11.815976][UC][I] [PERF] component=transport event=transfer_submitted manager=127.0.0.1:8000 target=127.0.0.1:4500 handle=61 transport_handle=61 opcode=1 direct=2 segments=1 bytes=10 submitted_ts_us=1787576231815975 manager_execute_async_ts_us=1787576231815817 backend_execute_async_ts_us=1787576231815823 manager_to_backend_execute_async_us=7 submit_us=158 [21272,21285][transport_manager.cpp:674,ExecuteAsync]
[HIXL_QUERY_PERF] layer=comm_channel request=0x25 mutex_wait_us=0 check_us=0 lookup_us=0 flag_check_us=0 complete_us=3 total_us=3 transfer_status=1
[HIXL_QUERY_PERF] layer=adxl_inner request=0x25 context_us=1 req_lock_wait_us=0 lookup_us=1 channel_us=7 cleanup_us=0 total_us=9 status=0 transfer_status=1
[HIXL_QUERY_PERF] layer=comm_engine request=0x25 total_us=12 status=0 transfer_status=1
[2026-08-24 20:57:11.816009][UC][I] [HIXL_WORKER_PERF] task_id=253 queue_depth=1 enqueue_lock_wait_us=1 enqueue_us=0 queue_wait_us=6 execute_us=15 result_post_us=4 total_us=26 status=0 [21272,21285][hixl_instance.cpp:107,Run]
[2026-08-24 20:57:11.816015][UC][I] [QUERY_PERF] component=ucm layer=hixl_instance request=0x25 queue_wait_us=7 backend_us=14 run_post_us=12 total_us=33 api_status=0 transfer_status=1 [21272,21285][hixl_instance.cpp:370,GetTransferStatus]
[2026-08-24 20:57:11.816021][UC][I] [QUERY_PERF] component=ucm layer=hixl_transport handle=61 request=0x25 lifecycle_lock_us=0 pending_lock_wait_us=0 pending_lookup_us=0 instance_us=38 erase_us=0 total_us=38 transfer_status=1 [21272,21285][hixl_transport.cpp:734,GetStatus]
[2026-08-24 20:57:11.816026][UC][I] [QUERY_PERF] component=ucm layer=transport_manager handle=61 transport_handle=61 transfers_lock_wait_us=0 lookup_us=0 transport_us=43 total_us=43 api_status=0 transfer_status=1 [21272,21285][transport_manager.cpp:716,GetStatus]
[2026-08-24 20:57:11.816033][UC][I] [PERF] component=transport event=transfer_done manager=127.0.0.1:8000 target=127.0.0.1:4500 handle=61 transport_handle=61 opcode=1 direct=2 segments=1 bytes=10 status=1 api_status=0 submitted_ts_us=1787576231815975 completed_ts_us=1787576231816032 manager_get_status_ts_us=1787576231815982 backend_query_ts_us=1787576231815989 submit_us=158 transfer_us=57 manager_to_backend_query_us=7 total_us=215 [21272,21285][transport_manager.cpp:727,GetStatus]
[2026-08-24 20:57:11.816043][UC][I] [PERF] component=drampool event=request_done request_id=10 opcode=0 peer=127.0.0.1:4500 batch_size=2 data_bytes=0 failed_items=0 status=SUCCESS failed_stage=NONE received_ts_us=1787576231815698 worker_started_ts_us=1787576231815701 data_transfer_submitted_ts_us=0 data_transfer_completed_ts_us=0 response_submitted_ts_us=1787576231815981 completed_ts_us=1787576231816041 data_tm_execute_async_ts_us=0 data_hixl_execute_async_ts_us=0 data_tm_get_status_ts_us=0 data_hixl_query_handle_ts_us=0 response_tm_execute_async_ts_us=1787576231815817 response_hixl_execute_async_ts_us=1787576231815823 response_tm_get_status_ts_us=1787576231815982 response_hixl_query_handle_ts_us=1787576231815989 request_queue_us=3 metadata_prepare_us=0 taskworker_prepare_us=2 poller_queue_us=112 data_transfer_us=0 metadata_settle_us=0 response_slot_wait_us=113 response_submit_us=166 response_transfer_us=59 data_tm_to_hixl_execute_async_us=0 data_tm_to_hixl_query_handle_us=0 response_tm_to_hixl_execute_async_us=7 response_tm_to_hixl_query_handle_us=7 total_us=343 [21272,21285][completion_poller.cc:56,LogRequestDone]
[HIXL_PERF] event=hccl_batch op=1 desc_num=1 hccl_us=77 status=0
[HIXL_PERF] event=issue_hccl_batch op=1 list_num=1 total_us=85
[HIXL_PERF] event=issue_async_host_flag op=1 list_num=1 context_us=0 hccl_issue_us=87 flag_memcpy_us=5 total_us=92
[HIXL_PERF] event=comm_channel_async op=1 list_num=1 mutex_wait_us=0 slot_us=1 host_flag_us=0 record_us=0 issue_us=95 total_us=96
[HIXL_PERF] event=adxl_inner_async op=1 list_num=1 context_us=1 connect_us=0 get_channel_us=0 channel_async_us=98 tail_us=1 total_us=100
[HIXL_PERF] event=comm_engine_async op=1 list_num=1 desc_build_us=0 inner_us=102 total_us=102 status=0
[2026-08-24 20:57:11.816473][UC][I] [HIXL_WORKER_PERF] task_id=254 queue_depth=1 enqueue_lock_wait_us=0 enqueue_us=0 queue_wait_us=5 execute_us=107 result_post_us=5 total_us=117 status=0 [21272,21285][hixl_instance.cpp:107,Run]
[2026-08-24 20:57:11.816489][UC][I] [PERF] component=transport event=transfer_submitted manager=127.0.0.1:8000 target=127.0.0.1:4500 handle=62 transport_handle=62 opcode=1 direct=2 segments=1 bytes=10 submitted_ts_us=1787576231816488 manager_execute_async_ts_us=1787576231816355 backend_execute_async_ts_us=1787576231816361 manager_to_backend_execute_async_us=6 submit_us=134 [21272,21285][transport_manager.cpp:674,ExecuteAsync]
[HIXL_QUERY_PERF] layer=comm_channel request=0x26 mutex_wait_us=0 check_us=0 lookup_us=1 flag_check_us=0 complete_us=0 total_us=1 transfer_status=0
[HIXL_QUERY_PERF] layer=adxl_inner request=0x26 context_us=1 req_lock_wait_us=0 lookup_us=1 channel_us=4 cleanup_us=0 total_us=6 status=0 transfer_status=0
[HIXL_QUERY_PERF] layer=comm_engine request=0x26 total_us=11 status=0 transfer_status=0
[2026-08-24 20:57:11.816521][UC][I] [HIXL_WORKER_PERF] task_id=255 queue_depth=1 enqueue_lock_wait_us=0 enqueue_us=0 queue_wait_us=5 execute_us=15 result_post_us=5 total_us=25 status=0 [21272,21285][hixl_instance.cpp:107,Run]
[2026-08-24 20:57:11.816526][UC][I] [QUERY_PERF] component=ucm layer=hixl_instance request=0x26 queue_wait_us=6 backend_us=15 run_post_us=10 total_us=31 api_status=0 transfer_status=0 [21272,21285][hixl_instance.cpp:370,GetTransferStatus]
[2026-08-24 20:57:11.816532][UC][I] [QUERY_PERF] component=ucm layer=hixl_transport handle=62 request=0x26 lifecycle_lock_us=0 pending_lock_wait_us=0 pending_lookup_us=0 instance_us=36 erase_us=0 total_us=36 transfer_status=0 [21272,21285][hixl_transport.cpp:734,GetStatus]
[2026-08-24 20:57:11.816544][UC][I] [QUERY_PERF] component=ucm layer=transport_manager handle=62 transport_handle=62 transfers_lock_wait_us=0 lookup_us=0 transport_us=48 total_us=48 api_status=0 transfer_status=0 [21272,21285][transport_manager.cpp:716,GetStatus]
[HIXL_QUERY_PERF] layer=comm_channel request=0x26 mutex_wait_us=0 check_us=0 lookup_us=0 flag_check_us=0 complete_us=2 total_us=2 transfer_status=1
[HIXL_QUERY_PERF] layer=adxl_inner request=0x26 context_us=0 req_lock_wait_us=0 lookup_us=1 channel_us=7 cleanup_us=0 total_us=8 status=0 transfer_status=1
[HIXL_QUERY_PERF] layer=comm_engine request=0x26 total_us=11 status=0 transfer_status=1
[2026-08-24 20:57:11.816575][UC][I] [HIXL_WORKER_PERF] task_id=256 queue_depth=1 enqueue_lock_wait_us=0 enqueue_us=0 queue_wait_us=4 execute_us=16 result_post_us=5 total_us=25 status=0 [21272,21285][hixl_instance.cpp:107,Run]
[2026-08-24 20:57:11.816581][UC][I] [QUERY_PERF] component=ucm layer=hixl_instance request=0x26 queue_wait_us=4 backend_us=16 run_post_us=11 total_us=31 api_status=0 transfer_status=1 [21272,21285][hixl_instance.cpp:370,GetTransferStatus]
[2026-08-24 20:57:11.816584][UC][I] [QUERY_PERF] component=ucm layer=hixl_transport handle=62 request=0x26 lifecycle_lock_us=0 pending_lock_wait_us=0 pending_lookup_us=1 instance_us=33 erase_us=1 total_us=35 transfer_status=1 [21272,21285][hixl_transport.cpp:734,GetStatus]
[2026-08-24 20:57:11.816587][UC][I] [QUERY_PERF] component=ucm layer=transport_manager handle=62 transport_handle=62 transfers_lock_wait_us=0 lookup_us=0 transport_us=38 total_us=38 api_status=0 transfer_status=1 [21272,21285][transport_manager.cpp:716,GetStatus]
[2026-08-24 20:57:11.816591][UC][I] [PERF] component=transport event=transfer_done manager=127.0.0.1:8000 target=127.0.0.1:4500 handle=62 transport_handle=62 opcode=1 direct=2 segments=1 bytes=10 status=1 api_status=0 submitted_ts_us=1787576231816488 completed_ts_us=1787576231816590 manager_get_status_ts_us=1787576231816549 backend_query_ts_us=1787576231816554 submit_us=134 transfer_us=101 manager_to_backend_query_us=5 total_us=235 [21272,21285][transport_manager.cpp:727,GetStatus]
[2026-08-24 20:57:11.816597][UC][I] [PERF] component=drampool event=request_done request_id=11 opcode=0 peer=127.0.0.1:4500 batch_size=2 data_bytes=0 failed_items=0 status=SUCCESS failed_stage=NONE received_ts_us=1787576231816207 worker_started_ts_us=1787576231816313 data_transfer_submitted_ts_us=0 data_transfer_completed_ts_us=0 response_submitted_ts_us=1787576231816494 completed_ts_us=1787576231816595 data_tm_execute_async_ts_us=0 data_hixl_execute_async_ts_us=0 data_tm_get_status_ts_us=0 data_hixl_query_handle_ts_us=0 response_tm_execute_async_ts_us=1787576231816355 response_hixl_execute_async_ts_us=1787576231816361 response_tm_get_status_ts_us=1787576231816549 response_hixl_query_handle_ts_us=1787576231816554 request_queue_us=106 metadata_prepare_us=0 taskworker_prepare_us=2 poller_queue_us=38 data_transfer_us=0 metadata_settle_us=0 response_slot_wait_us=40 response_submit_us=140 response_transfer_us=100 data_tm_to_hixl_execute_async_us=0 data_tm_to_hixl_query_handle_us=0 response_tm_to_hixl_execute_async_us=6 response_tm_to_hixl_query_handle_us=5 total_us=388 [21272,21285][completion_poller.cc:56,LogRequestDone]
[HIXL_PERF] event=hccl_batch op=1 desc_num=1 hccl_us=59 status=0
[HIXL_PERF] event=issue_hccl_batch op=1 list_num=1 total_us=73
[HIXL_PERF] event=issue_async_host_flag op=1 list_num=1 context_us=0 hccl_issue_us=75 flag_memcpy_us=5 total_us=80
[HIXL_PERF] event=comm_channel_async op=1 list_num=1 mutex_wait_us=0 slot_us=0 host_flag_us=1 record_us=0 issue_us=82 total_us=83
[HIXL_PERF] event=adxl_inner_async op=1 list_num=1 context_us=0 connect_us=1 get_channel_us=0 channel_async_us=85 tail_us=0 total_us=86
[HIXL_PERF] event=comm_engine_async op=1 list_num=1 desc_build_us=0 inner_us=88 total_us=88 status=0
[2026-08-24 20:57:11.817174][UC][I] [HIXL_WORKER_PERF] task_id=257 queue_depth=1 enqueue_lock_wait_us=0 enqueue_us=0 queue_wait_us=6 execute_us=93 result_post_us=5 total_us=104 status=0 [21272,21285][hixl_instance.cpp:107,Run]
[2026-08-24 20:57:11.817182][UC][I] [PERF] component=transport event=transfer_submitted manager=127.0.0.1:8000 target=127.0.0.1:4500 handle=63 transport_handle=63 opcode=1 direct=2 segments=1 bytes=10 submitted_ts_us=1787576231817181 manager_execute_async_ts_us=1787576231817068 backend_execute_async_ts_us=1787576231817075 manager_to_backend_execute_async_us=7 submit_us=113 [21272,21285][transport_manager.cpp:674,ExecuteAsync]
[HIXL_QUERY_PERF] layer=comm_channel request=0x27 mutex_wait_us=0 check_us=0 lookup_us=0 flag_check_us=1 complete_us=1 total_us=2 transfer_status=1
[HIXL_QUERY_PERF] layer=adxl_inner request=0x27 context_us=0 req_lock_wait_us=0 lookup_us=1 channel_us=5 cleanup_us=1 total_us=7 status=0 transfer_status=1
[HIXL_QUERY_PERF] layer=comm_engine request=0x27 total_us=9 status=0 transfer_status=1
[2026-08-24 20:57:11.817208][UC][I] [HIXL_WORKER_PERF] task_id=258 queue_depth=1 enqueue_lock_wait_us=0 enqueue_us=0 queue_wait_us=5 execute_us=12 result_post_us=4 total_us=21 status=0 [21272,21285][hixl_instance.cpp:107,Run]
[2026-08-24 20:57:11.817213][UC][I] [QUERY_PERF] component=ucm layer=hixl_instance request=0x27 queue_wait_us=5 backend_us=12 run_post_us=10 total_us=27 api_status=0 transfer_status=1 [21272,21285][hixl_instance.cpp:370,GetTransferStatus]
[2026-08-24 20:57:11.817219][UC][I] [QUERY_PERF] component=ucm layer=hixl_transport handle=63 request=0x27 lifecycle_lock_us=0 pending_lock_wait_us=0 pending_lookup_us=0 instance_us=32 erase_us=0 total_us=32 transfer_status=1 [21272,21285][hixl_transport.cpp:734,GetStatus]
[2026-08-24 20:57:11.817223][UC][I] [QUERY_PERF] component=ucm layer=transport_manager handle=63 transport_handle=63 transfers_lock_wait_us=0 lookup_us=1 transport_us=36 total_us=37 api_status=0 transfer_status=1 [21272,21285][transport_manager.cpp:716,GetStatus]
[2026-08-24 20:57:11.817228][UC][I] [PERF] component=transport event=transfer_done manager=127.0.0.1:8000 target=127.0.0.1:4500 handle=63 transport_handle=63 opcode=1 direct=2 segments=1 bytes=10 status=1 api_status=0 submitted_ts_us=1787576231817181 completed_ts_us=1787576231817226 manager_get_status_ts_us=1787576231817185 backend_query_ts_us=1787576231817191 submit_us=113 transfer_us=46 manager_to_backend_query_us=6 total_us=159 [21272,21285][transport_manager.cpp:727,GetStatus]
[2026-08-24 20:57:11.817233][UC][I] [PERF] component=drampool event=request_done request_id=12 opcode=0 peer=127.0.0.1:4500 batch_size=2 data_bytes=0 failed_items=0 status=SUCCESS failed_stage=NONE received_ts_us=1787576231816890 worker_started_ts_us=1787576231816926 data_transfer_submitted_ts_us=0 data_transfer_completed_ts_us=0 response_submitted_ts_us=1787576231817185 completed_ts_us=1787576231817231 data_tm_execute_async_ts_us=0 data_hixl_execute_async_ts_us=0 data_tm_get_status_ts_us=0 data_hixl_query_handle_ts_us=0 response_tm_execute_async_ts_us=1787576231817068 response_hixl_execute_async_ts_us=1787576231817075 response_tm_get_status_ts_us=1787576231817185 response_hixl_query_handle_ts_us=1787576231817191 request_queue_us=36 metadata_prepare_us=0 taskworker_prepare_us=2 poller_queue_us=138 data_transfer_us=0 metadata_settle_us=0 response_slot_wait_us=139 response_submit_us=119 response_transfer_us=45 data_tm_to_hixl_execute_async_us=0 data_tm_to_hixl_query_handle_us=0 response_tm_to_hixl_execute_async_us=7 response_tm_to_hixl_query_handle_us=6 total_us=341 [21272,21285][completion_poller.cc:56,LogRequestDone]
[HIXL_PERF] event=hccl_batch op=1 desc_num=1 hccl_us=56 status=0
[HIXL_PERF] event=issue_hccl_batch op=1 list_num=1 total_us=65
[HIXL_PERF] event=issue_async_host_flag op=1 list_num=1 context_us=0 hccl_issue_us=68 flag_memcpy_us=5 total_us=73
[HIXL_PERF] event=comm_channel_async op=1 list_num=1 mutex_wait_us=0 slot_us=0 host_flag_us=0 record_us=0 issue_us=78 total_us=78
[HIXL_PERF] event=adxl_inner_async op=1 list_num=1 context_us=1 connect_us=0 get_channel_us=1 channel_async_us=83 tail_us=0 total_us=85
[HIXL_PERF] event=comm_engine_async op=1 list_num=1 desc_build_us=0 inner_us=89 total_us=89 status=0
[2026-08-24 20:57:11.817806][UC][I] [HIXL_WORKER_PERF] task_id=259 queue_depth=1 enqueue_lock_wait_us=0 enqueue_us=0 queue_wait_us=5 execute_us=98 result_post_us=5 total_us=108 status=0 [21272,21285][hixl_instance.cpp:107,Run]
[2026-08-24 20:57:11.817813][UC][I] [PERF] component=transport event=transfer_submitted manager=127.0.0.1:8000 target=127.0.0.1:4500 handle=64 transport_handle=64 opcode=1 direct=2 segments=1 bytes=10 submitted_ts_us=1787576231817812 manager_execute_async_ts_us=1787576231817696 backend_execute_async_ts_us=1787576231817702 manager_to_backend_execute_async_us=7 submit_us=116 [21272,21285][transport_manager.cpp:674,ExecuteAsync]
[HIXL_QUERY_PERF] layer=comm_channel request=0x28 mutex_wait_us=0 check_us=0 lookup_us=1 flag_check_us=0 complete_us=1 total_us=2 transfer_status=1
[HIXL_QUERY_PERF] layer=adxl_inner request=0x28 context_us=1 req_lock_wait_us=0 lookup_us=0 channel_us=8 cleanup_us=0 total_us=9 status=0 transfer_status=1
[HIXL_QUERY_PERF] layer=comm_engine request=0x28 total_us=12 status=0 transfer_status=1
[2026-08-24 20:57:11.817855][UC][I] [HIXL_WORKER_PERF] task_id=260 queue_depth=1 enqueue_lock_wait_us=1 enqueue_us=0 queue_wait_us=5 execute_us=13 result_post_us=5 total_us=24 status=0 [21272,21285][hixl_instance.cpp:107,Run]
[2026-08-24 20:57:11.817861][UC][I] [QUERY_PERF] component=ucm layer=hixl_instance request=0x28 queue_wait_us=6 backend_us=13 run_post_us=11 total_us=30 api_status=0 transfer_status=1 [21272,21285][hixl_instance.cpp:370,GetTransferStatus]
[2026-08-24 20:57:11.817867][UC][I] [QUERY_PERF] component=ucm layer=hixl_transport handle=64 request=0x28 lifecycle_lock_us=0 pending_lock_wait_us=0 pending_lookup_us=0 instance_us=35 erase_us=0 total_us=35 transfer_status=1 [21272,21285][hixl_transport.cpp:734,GetStatus]
[2026-08-24 20:57:11.817872][UC][I] [QUERY_PERF] component=ucm layer=transport_manager handle=64 transport_handle=64 transfers_lock_wait_us=0 lookup_us=0 transport_us=41 total_us=41 api_status=0 transfer_status=1 [21272,21285][transport_manager.cpp:716,GetStatus]
[2026-08-24 20:57:11.817878][UC][I] [PERF] component=transport event=transfer_done manager=127.0.0.1:8000 target=127.0.0.1:4500 handle=64 transport_handle=64 opcode=1 direct=2 segments=1 bytes=10 status=1 api_status=0 submitted_ts_us=1787576231817812 completed_ts_us=1787576231817877 manager_get_status_ts_us=1787576231817831 backend_query_ts_us=1787576231817837 submit_us=116 transfer_us=65 manager_to_backend_query_us=6 total_us=181 [21272,21285][transport_manager.cpp:727,GetStatus]
[2026-08-24 20:57:11.817887][UC][I] [PERF] component=drampool event=request_done request_id=13 opcode=0 peer=127.0.0.1:4500 batch_size=2 data_bytes=0 failed_items=0 status=SUCCESS failed_stage=NONE received_ts_us=1787576231817559 worker_started_ts_us=1787576231817690 data_transfer_submitted_ts_us=0 data_transfer_completed_ts_us=0 response_submitted_ts_us=1787576231817830 completed_ts_us=1787576231817884 data_tm_execute_async_ts_us=0 data_hixl_execute_async_ts_us=0 data_tm_get_status_ts_us=0 data_hixl_query_handle_ts_us=0 response_tm_execute_async_ts_us=1787576231817696 response_hixl_execute_async_ts_us=1787576231817702 response_tm_get_status_ts_us=1787576231817831 response_hixl_query_handle_ts_us=1787576231817837 request_queue_us=130 metadata_prepare_us=0 taskworker_prepare_us=1 poller_queue_us=3 data_transfer_us=0 metadata_settle_us=0 response_slot_wait_us=4 response_submit_us=135 response_transfer_us=54 data_tm_to_hixl_execute_async_us=0 data_tm_to_hixl_query_handle_us=0 response_tm_to_hixl_execute_async_us=7 response_tm_to_hixl_query_handle_us=6 total_us=325 [21272,21285][completion_poller.cc:56,LogRequestDone]
[HIXL_PERF] event=hccl_batch op=1 desc_num=1 hccl_us=61 status=0
[HIXL_PERF] event=issue_hccl_batch op=1 list_num=1 total_us=71
[HIXL_PERF] event=issue_async_host_flag op=1 list_num=1 context_us=0 hccl_issue_us=74 flag_memcpy_us=5 total_us=79
[HIXL_PERF] event=comm_channel_async op=1 list_num=1 mutex_wait_us=0 slot_us=1 host_flag_us=0 record_us=0 issue_us=83 total_us=84
[HIXL_PERF] event=adxl_inner_async op=1 list_num=1 context_us=1 connect_us=0 get_channel_us=0 channel_async_us=89 tail_us=0 total_us=90
[HIXL_PERF] event=comm_engine_async op=1 list_num=1 desc_build_us=0 inner_us=97 total_us=97 status=0
[2026-08-24 20:57:11.818312][UC][I] [HIXL_WORKER_PERF] task_id=261 queue_depth=1 enqueue_lock_wait_us=1 enqueue_us=0 queue_wait_us=4 execute_us=101 result_post_us=5 total_us=111 status=0 [21272,21285][hixl_instance.cpp:107,Run]
[2026-08-24 20:57:11.818322][UC][I] [PERF] component=transport event=transfer_submitted manager=127.0.0.1:8000 target=127.0.0.1:4500 handle=65 transport_handle=65 opcode=1 direct=2 segments=1 bytes=10 submitted_ts_us=1787576231818321 manager_execute_async_ts_us=1787576231818200 backend_execute_async_ts_us=1787576231818207 manager_to_backend_execute_async_us=6 submit_us=120 [21272,21285][transport_manager.cpp:674,ExecuteAsync]
[HIXL_QUERY_PERF] layer=comm_channel request=0x29 mutex_wait_us=0 check_us=1 lookup_us=0 flag_check_us=0 complete_us=1 total_us=2 transfer_status=1
[HIXL_QUERY_PERF] layer=adxl_inner request=0x29 context_us=1 req_lock_wait_us=0 lookup_us=0 channel_us=7 cleanup_us=1 total_us=9 status=0 transfer_status=1
[HIXL_QUERY_PERF] layer=comm_engine request=0x29 total_us=11 status=0 transfer_status=1
[2026-08-24 20:57:11.818352][UC][I] [HIXL_WORKER_PERF] task_id=262 queue_depth=1 enqueue_lock_wait_us=1 enqueue_us=0 queue_wait_us=5 execute_us=13 result_post_us=5 total_us=24 status=0 [21272,21285][hixl_instance.cpp:107,Run]
[2026-08-24 20:57:11.818361][UC][I] [QUERY_PERF] component=ucm layer=hixl_instance request=0x29 queue_wait_us=6 backend_us=13 run_post_us=13 total_us=32 api_status=0 transfer_status=1 [21272,21285][hixl_instance.cpp:370,GetTransferStatus]
[2026-08-24 20:57:11.818368][UC][I] [QUERY_PERF] component=ucm layer=hixl_transport handle=65 request=0x29 lifecycle_lock_us=0 pending_lock_wait_us=0 pending_lookup_us=0 instance_us=39 erase_us=0 total_us=39 transfer_status=1 [21272,21285][hixl_transport.cpp:734,GetStatus]
[2026-08-24 20:57:11.818376][UC][I] [QUERY_PERF] component=ucm layer=transport_manager handle=65 transport_handle=65 transfers_lock_wait_us=0 lookup_us=0 transport_us=47 total_us=47 api_status=0 transfer_status=1 [21272,21285][transport_manager.cpp:716,GetStatus]
[2026-08-24 20:57:11.818385][UC][I] [PERF] component=transport event=transfer_done manager=127.0.0.1:8000 target=127.0.0.1:4500 handle=65 transport_handle=65 opcode=1 direct=2 segments=1 bytes=10 status=1 api_status=0 submitted_ts_us=1787576231818321 completed_ts_us=1787576231818384 manager_get_status_ts_us=1787576231818328 backend_query_ts_us=1787576231818334 submit_us=120 transfer_us=63 manager_to_backend_query_us=6 total_us=183 [21272,21285][transport_manager.cpp:727,GetStatus]
[2026-08-24 20:57:11.818391][UC][I] [PERF] component=drampool event=request_done request_id=14 opcode=0 peer=127.0.0.1:4500 batch_size=2 data_bytes=0 failed_items=0 status=SUCCESS failed_stage=NONE received_ts_us=1787576231818131 worker_started_ts_us=1787576231818149 data_transfer_submitted_ts_us=0 data_transfer_completed_ts_us=0 response_submitted_ts_us=1787576231818327 completed_ts_us=1787576231818389 data_tm_execute_async_ts_us=0 data_hixl_execute_async_ts_us=0 data_tm_get_status_ts_us=0 data_hixl_query_handle_ts_us=0 response_tm_execute_async_ts_us=1787576231818200 response_hixl_execute_async_ts_us=1787576231818207 response_tm_get_status_ts_us=1787576231818328 response_hixl_query_handle_ts_us=1787576231818334 request_queue_us=18 metadata_prepare_us=1 taskworker_prepare_us=1 poller_queue_us=49 data_transfer_us=0 metadata_settle_us=0 response_slot_wait_us=49 response_submit_us=128 response_transfer_us=62 data_tm_to_hixl_execute_async_us=0 data_tm_to_hixl_query_handle_us=0 response_tm_to_hixl_execute_async_us=6 response_tm_to_hixl_query_handle_us=6 total_us=258 [21272,21285][completion_poller.cc:56,LogRequestDone]
[HIXL_PERF] event=hccl_batch op=1 desc_num=1 hccl_us=55 status=0
[HIXL_PERF] event=issue_hccl_batch op=1 list_num=1 total_us=65
[HIXL_PERF] event=issue_async_host_flag op=1 list_num=1 context_us=0 hccl_issue_us=67 flag_memcpy_us=5 total_us=72
[HIXL_PERF] event=comm_channel_async op=1 list_num=1 mutex_wait_us=1 slot_us=0 host_flag_us=0 record_us=0 issue_us=80 total_us=81
[HIXL_PERF] event=adxl_inner_async op=1 list_num=1 context_us=1 connect_us=0 get_channel_us=0 channel_async_us=85 tail_us=1 total_us=87
[HIXL_PERF] event=comm_engine_async op=1 list_num=1 desc_build_us=0 inner_us=90 total_us=90 status=0
[2026-08-24 20:57:11.818963][UC][I] [HIXL_WORKER_PERF] task_id=263 queue_depth=1 enqueue_lock_wait_us=0 enqueue_us=1 queue_wait_us=4 execute_us=95 result_post_us=4 total_us=104 status=0 [21272,21285][hixl_instance.cpp:107,Run]
[2026-08-24 20:57:11.818970][UC][I] [PERF] component=transport event=transfer_submitted manager=127.0.0.1:8000 target=127.0.0.1:4500 handle=66 transport_handle=66 opcode=1 direct=2 segments=1 bytes=10 submitted_ts_us=1787576231818969 manager_execute_async_ts_us=1787576231818857 backend_execute_async_ts_us=1787576231818864 manager_to_backend_execute_async_us=7 submit_us=112 [21272,21285][transport_manager.cpp:674,ExecuteAsync]
[HIXL_QUERY_PERF] layer=comm_channel request=0x2a mutex_wait_us=0 check_us=0 lookup_us=0 flag_check_us=1 complete_us=1 total_us=2 transfer_status=1
[HIXL_QUERY_PERF] layer=adxl_inner request=0x2a context_us=0 req_lock_wait_us=0 lookup_us=1 channel_us=8 cleanup_us=0 total_us=9 status=0 transfer_status=1
[HIXL_QUERY_PERF] layer=comm_engine request=0x2a total_us=13 status=0 transfer_status=1
[2026-08-24 20:57:11.819005][UC][I] [HIXL_WORKER_PERF] task_id=264 queue_depth=1 enqueue_lock_wait_us=0 enqueue_us=0 queue_wait_us=5 execute_us=18 result_post_us=4 total_us=27 status=0 [21272,21285][hixl_instance.cpp:107,Run]
[2026-08-24 20:57:11.819015][UC][I] [QUERY_PERF] component=ucm layer=hixl_instance request=0x2a queue_wait_us=6 backend_us=18 run_post_us=13 total_us=37 api_status=0 transfer_status=1 [21272,21285][hixl_instance.cpp:370,GetTransferStatus]
[2026-08-24 20:57:11.819020][UC][I] [QUERY_PERF] component=ucm layer=hixl_transport handle=66 request=0x2a lifecycle_lock_us=0 pending_lock_wait_us=0 pending_lookup_us=0 instance_us=42 erase_us=0 total_us=42 transfer_status=1 [21272,21285][hixl_transport.cpp:734,GetStatus]
[2026-08-24 20:57:11.819023][UC][I] [QUERY_PERF] component=ucm layer=transport_manager handle=66 transport_handle=66 transfers_lock_wait_us=0 lookup_us=0 transport_us=46 total_us=46 api_status=0 transfer_status=1 [21272,21285][transport_manager.cpp:716,GetStatus]
[2026-08-24 20:57:11.819027][UC][I] [PERF] component=transport event=transfer_done manager=127.0.0.1:8000 target=127.0.0.1:4500 handle=66 transport_handle=66 opcode=1 direct=2 segments=1 bytes=10 status=1 api_status=0 submitted_ts_us=1787576231818969 completed_ts_us=1787576231819026 manager_get_status_ts_us=1787576231818977 backend_query_ts_us=1787576231818983 submit_us=112 transfer_us=56 manager_to_backend_query_us=6 total_us=168 [21272,21285][transport_manager.cpp:727,GetStatus]
[2026-08-24 20:57:11.819034][UC][I] [PERF] component=drampool event=request_done request_id=15 opcode=0 peer=127.0.0.1:4500 batch_size=2 data_bytes=0 failed_items=0 status=SUCCESS failed_stage=NONE received_ts_us=1787576231818612 worker_started_ts_us=1787576231818759 data_transfer_submitted_ts_us=0 data_transfer_completed_ts_us=0 response_submitted_ts_us=1787576231818976 completed_ts_us=1787576231819032 data_tm_execute_async_ts_us=0 data_hixl_execute_async_ts_us=0 data_tm_get_status_ts_us=0 data_hixl_query_handle_ts_us=0 response_tm_execute_async_ts_us=1787576231818857 response_hixl_execute_async_ts_us=1787576231818864 response_tm_get_status_ts_us=1787576231818977 response_hixl_query_handle_ts_us=1787576231818983 request_queue_us=147 metadata_prepare_us=0 taskworker_prepare_us=1 poller_queue_us=95 data_transfer_us=0 metadata_settle_us=0 response_slot_wait_us=96 response_submit_us=120 response_transfer_us=56 data_tm_to_hixl_execute_async_us=0 data_tm_to_hixl_query_handle_us=0 response_tm_to_hixl_execute_async_us=7 response_tm_to_hixl_query_handle_us=6 total_us=419 [21272,21285][completion_poller.cc:56,LogRequestDone]
[HIXL_PERF] event=hccl_batch op=1 desc_num=1 hccl_us=54 status=0
[HIXL_PERF] event=issue_hccl_batch op=1 list_num=1 total_us=67
[HIXL_PERF] event=issue_async_host_flag op=1 list_num=1 context_us=0 hccl_issue_us=69 flag_memcpy_us=5 total_us=74
[HIXL_PERF] event=comm_channel_async op=1 list_num=1 mutex_wait_us=0 slot_us=1 host_flag_us=0 record_us=0 issue_us=78 total_us=79
[HIXL_PERF] event=adxl_inner_async op=1 list_num=1 context_us=1 connect_us=0 get_channel_us=0 channel_async_us=83 tail_us=0 total_us=84
[HIXL_PERF] event=comm_engine_async op=1 list_num=1 desc_build_us=0 inner_us=87 total_us=87 status=0
[2026-08-24 20:57:11.819455][UC][I] [HIXL_WORKER_PERF] task_id=265 queue_depth=1 enqueue_lock_wait_us=1 enqueue_us=0 queue_wait_us=5 execute_us=90 result_post_us=5 total_us=101 status=0 [21272,21285][hixl_instance.cpp:107,Run]
[2026-08-24 20:57:11.819463][UC][I] [PERF] component=transport event=transfer_submitted manager=127.0.0.1:8000 target=127.0.0.1:4500 handle=67 transport_handle=67 opcode=1 direct=2 segments=1 bytes=10 submitted_ts_us=1787576231819462 manager_execute_async_ts_us=1787576231819353 backend_execute_async_ts_us=1787576231819360 manager_to_backend_execute_async_us=6 submit_us=108 [21272,21285][transport_manager.cpp:674,ExecuteAsync]
[HIXL_QUERY_PERF] layer=comm_channel request=0x2b mutex_wait_us=0 check_us=0 lookup_us=1 flag_check_us=0 complete_us=1 total_us=2 transfer_status=1
[HIXL_QUERY_PERF] layer=adxl_inner request=0x2b context_us=1 req_lock_wait_us=0 lookup_us=0 channel_us=8 cleanup_us=0 total_us=9 status=0 transfer_status=1
[HIXL_QUERY_PERF] layer=comm_engine request=0x2b total_us=14 status=0 transfer_status=1
[2026-08-24 20:57:11.819496][UC][I] [HIXL_WORKER_PERF] task_id=266 queue_depth=1 enqueue_lock_wait_us=0 enqueue_us=1 queue_wait_us=4 execute_us=16 result_post_us=5 total_us=26 status=0 [21272,21285][hixl_instance.cpp:107,Run]
[2026-08-24 20:57:11.819503][UC][I] [QUERY_PERF] component=ucm layer=hixl_instance request=0x2b queue_wait_us=6 backend_us=15 run_post_us=12 total_us=33 api_status=0 transfer_status=1 [21272,21285][hixl_instance.cpp:370,GetTransferStatus]
[2026-08-24 20:57:11.819508][UC][I] [QUERY_PERF] component=ucm layer=hixl_transport handle=67 request=0x2b lifecycle_lock_us=0 pending_lock_wait_us=0 pending_lookup_us=0 instance_us=38 erase_us=0 total_us=38 transfer_status=1 [21272,21285][hixl_transport.cpp:734,GetStatus]
[2026-08-24 20:57:11.819515][UC][I] [QUERY_PERF] component=ucm layer=transport_manager handle=67 transport_handle=67 transfers_lock_wait_us=0 lookup_us=0 transport_us=45 total_us=45 api_status=0 transfer_status=1 [21272,21285][transport_manager.cpp:716,GetStatus]
[2026-08-24 20:57:11.819521][UC][I] [PERF] component=transport event=transfer_done manager=127.0.0.1:8000 target=127.0.0.1:4500 handle=67 transport_handle=67 opcode=1 direct=2 segments=1 bytes=10 status=1 api_status=0 submitted_ts_us=1787576231819462 completed_ts_us=1787576231819520 manager_get_status_ts_us=1787576231819469 backend_query_ts_us=1787576231819475 submit_us=108 transfer_us=58 manager_to_backend_query_us=6 total_us=166 [21272,21285][transport_manager.cpp:727,GetStatus]
[2026-08-24 20:57:11.819526][UC][I] [PERF] component=drampool event=request_done request_id=16 opcode=0 peer=127.0.0.1:4500 batch_size=2 data_bytes=0 failed_items=0 status=SUCCESS failed_stage=NONE received_ts_us=1787576231819203 worker_started_ts_us=1787576231819218 data_transfer_submitted_ts_us=0 data_transfer_completed_ts_us=0 response_submitted_ts_us=1787576231819469 completed_ts_us=1787576231819524 data_tm_execute_async_ts_us=0 data_hixl_execute_async_ts_us=0 data_tm_get_status_ts_us=0 data_hixl_query_handle_ts_us=0 response_tm_execute_async_ts_us=1787576231819353 response_hixl_execute_async_ts_us=1787576231819360 response_tm_get_status_ts_us=1787576231819469 response_hixl_query_handle_ts_us=1787576231819475 request_queue_us=15 metadata_prepare_us=1 taskworker_prepare_us=2 poller_queue_us=132 data_transfer_us=0 metadata_settle_us=0 response_slot_wait_us=133 response_submit_us=117 response_transfer_us=55 data_tm_to_hixl_execute_async_us=0 data_tm_to_hixl_query_handle_us=0 response_tm_to_hixl_execute_async_us=6 response_tm_to_hixl_query_handle_us=6 total_us=321 [21272,21285][completion_poller.cc:56,LogRequestDone]
[HIXL_PERF] event=hccl_batch op=1 desc_num=108 hccl_us=188 status=0
[HIXL_PERF] event=issue_hccl_batch op=1 list_num=108 total_us=216
[HIXL_PERF] event=issue_async_host_flag op=1 list_num=108 context_us=0 hccl_issue_us=219 flag_memcpy_us=6 total_us=225
[HIXL_PERF] event=comm_channel_async op=1 list_num=108 mutex_wait_us=0 slot_us=1 host_flag_us=1 record_us=1 issue_us=230 total_us=233
[HIXL_PERF] event=adxl_inner_async op=1 list_num=108 context_us=4 connect_us=0 get_channel_us=2 channel_async_us=236 tail_us=1 total_us=243
[HIXL_PERF] event=comm_engine_async op=1 list_num=108 desc_build_us=7 inner_us=246 total_us=253 status=0
[2026-08-24 20:57:11.827146][UC][I] [HIXL_WORKER_PERF] task_id=267 queue_depth=1 enqueue_lock_wait_us=1 enqueue_us=0 queue_wait_us=15 execute_us=268 result_post_us=8 total_us=292 status=0 [21272,21286][hixl_instance.cpp:107,Run]
[2026-08-24 20:57:11.827167][UC][I] [PERF] component=transport event=transfer_submitted manager=127.0.0.1:8000 target=127.0.0.1:4503 handle=68 transport_handle=68 opcode=1 direct=2 segments=108 bytes=7962624 submitted_ts_us=1787576231827166 manager_execute_async_ts_us=1787576231826849 backend_execute_async_ts_us=1787576231826877 manager_to_backend_execute_async_us=29 submit_us=315 [21272,21286][transport_manager.cpp:674,ExecuteAsync]
[HIXL_QUERY_PERF] layer=comm_channel request=0x19 mutex_wait_us=0 check_us=1 lookup_us=0 flag_check_us=1 complete_us=0 total_us=2 transfer_status=0
[HIXL_QUERY_PERF] layer=adxl_inner request=0x19 context_us=0 req_lock_wait_us=1 lookup_us=0 channel_us=10 cleanup_us=0 total_us=11 status=0 transfer_status=0
[HIXL_QUERY_PERF] layer=comm_engine request=0x19 total_us=14 status=0 transfer_status=0
[2026-08-24 20:57:11.827322][UC][I] [HIXL_WORKER_PERF] task_id=269 queue_depth=1 enqueue_lock_wait_us=1 enqueue_us=0 queue_wait_us=6 execute_us=17 result_post_us=5 total_us=29 status=0 [21272,21285][hixl_instance.cpp:107,Run]
[2026-08-24 20:57:11.827329][UC][I] [QUERY_PERF] component=ucm layer=hixl_instance request=0x19 queue_wait_us=7 backend_us=17 run_post_us=13 total_us=37 api_status=0 transfer_status=0 [21272,21285][hixl_instance.cpp:370,GetTransferStatus]
[2026-08-24 20:57:11.827333][UC][I] [QUERY_PERF] component=ucm layer=hixl_transport handle=68 request=0x19 lifecycle_lock_us=0 pending_lock_wait_us=0 pending_lookup_us=0 instance_us=41 erase_us=0 total_us=41 transfer_status=0 [21272,21285][hixl_transport.cpp:734,GetStatus]
[HIXL_PERF] event=hccl_batch op=1 desc_num=108 hccl_us=115 status=0
[2026-08-24 20:57:11.827340][UC][I] [QUERY_PERF] component=ucm layer=transport_manager handle=68 transport_handle=68 transfers_lock_wait_us=0 lookup_us=1 transport_us=47 total_us=48 api_status=0 transfer_status=0 [21272,21285][transport_manager.cpp:716,GetStatus]
[HIXL_PERF] event=issue_hccl_batch op=1 list_num=108 total_us=132
[HIXL_QUERY_PERF] layer=comm_channel request=0x19 mutex_wait_us=0 check_us=0 lookup_us=0 flag_check_us=0 complete_us=0 total_us=0 transfer_status=0
[HIXL_QUERY_PERF] layer=adxl_inner request=0x19 context_us=0 req_lock_wait_us=0 lookup_us=1 channel_us=8 cleanup_us=0 total_us=9 status=0 transfer_status=0
[HIXL_QUERY_PERF] layer=comm_engine request=0x19 total_us=16 status=0 transfer_status=0
[HIXL_PERF] event=issue_async_host_flag op=1 list_num=108 context_us=0 hccl_issue_us=140 flag_memcpy_us=5 total_us=145
[HIXL_PERF] event=comm_channel_async op=1 list_num=108 mutex_wait_us=0 slot_us=1 host_flag_us=0 record_us=1 issue_us=167 total_us=169
[2026-08-24 20:57:11.827378][UC][I] [HIXL_WORKER_PERF] task_id=270 queue_depth=1 enqueue_lock_wait_us=0 enqueue_us=1 queue_wait_us=4 execute_us=21 result_post_us=4 total_us=30 status=0 [21272,21285][hixl_instance.cpp:107,Run]
[HIXL_PERF] event=adxl_inner_async op=1 list_num=108 context_us=1 connect_us=0 get_channel_us=1 channel_async_us=173 tail_us=1 total_us=176
[2026-08-24 20:57:11.827389][UC][I] [QUERY_PERF] component=ucm layer=hixl_instance request=0x19 queue_wait_us=6 backend_us=20 run_post_us=16 total_us=42 api_status=0 transfer_status=0 [21272,21285][hixl_instance.cpp:370,GetTransferStatus]
[HIXL_PERF] event=comm_engine_async op=1 list_num=108 desc_build_us=1 inner_us=187 total_us=188 status=0
[2026-08-24 20:57:11.827404][UC][I] [QUERY_PERF] component=ucm layer=hixl_transport handle=68 request=0x19 lifecycle_lock_us=0 pending_lock_wait_us=0 pending_lookup_us=0 instance_us=56 erase_us=0 total_us=56 transfer_status=0 [21272,21285][hixl_transport.cpp:734,GetStatus]
[2026-08-24 20:57:11.827409][UC][I] [QUERY_PERF] component=ucm layer=transport_manager handle=68 transport_handle=68 transfers_lock_wait_us=0 lookup_us=0 transport_us=62 total_us=62 api_status=0 transfer_status=0 [21272,21285][transport_manager.cpp:716,GetStatus]
[2026-08-24 20:57:11.827414][UC][I] [HIXL_WORKER_PERF] task_id=268 queue_depth=1 enqueue_lock_wait_us=0 enqueue_us=1 queue_wait_us=7 execute_us=204 result_post_us=6 total_us=218 status=0 [21272,21286][hixl_instance.cpp:107,Run]
[HIXL_QUERY_PERF] layer=comm_channel request=0x19 mutex_wait_us=0 check_us=0 lookup_us=0 flag_check_us=0 complete_us=0 total_us=0 transfer_status=0
[2026-08-24 20:57:11.827424][UC][I] [PERF] component=transport event=transfer_submitted manager=127.0.0.1:8000 target=127.0.0.1:4504 handle=69 transport_handle=69 opcode=1 direct=2 segments=108 bytes=7962624 submitted_ts_us=1787576231827423 manager_execute_async_ts_us=1787576231827194 backend_execute_async_ts_us=1787576231827206 manager_to_backend_execute_async_us=12 submit_us=229 [21272,21286][transport_manager.cpp:674,ExecuteAsync]
[HIXL_QUERY_PERF] layer=adxl_inner request=0x19 context_us=1 req_lock_wait_us=0 lookup_us=0 channel_us=8 cleanup_us=0 total_us=9 status=0 transfer_status=0
[HIXL_QUERY_PERF] layer=comm_engine request=0x19 total_us=18 status=0 transfer_status=0
[2026-08-24 20:57:11.827446][UC][I] [HIXL_WORKER_PERF] task_id=271 queue_depth=1 enqueue_lock_wait_us=0 enqueue_us=1 queue_wait_us=5 execute_us=22 result_post_us=5 total_us=33 status=0 [21272,21285][hixl_instance.cpp:107,Run]
[2026-08-24 20:57:11.827452][UC][I] [QUERY_PERF] component=ucm layer=hixl_instance request=0x19 queue_wait_us=6 backend_us=22 run_post_us=10 total_us=38 api_status=0 transfer_status=0 [21272,21285][hixl_instance.cpp:370,GetTransferStatus]
[2026-08-24 20:57:11.827456][UC][I] [QUERY_PERF] component=ucm layer=hixl_transport handle=68 request=0x19 lifecycle_lock_us=0 pending_lock_wait_us=0 pending_lookup_us=0 instance_us=43 erase_us=0 total_us=43 transfer_status=0 [21272,21285][hixl_transport.cpp:734,GetStatus]
[2026-08-24 20:57:11.827471][UC][I] [QUERY_PERF] component=ucm layer=transport_manager handle=68 transport_handle=68 transfers_lock_wait_us=0 lookup_us=1 transport_us=58 total_us=59 api_status=0 transfer_status=0 [21272,21285][transport_manager.cpp:716,GetStatus]
[HIXL_QUERY_PERF] layer=comm_channel request=0x19 mutex_wait_us=0 check_us=0 lookup_us=0 flag_check_us=0 complete_us=0 total_us=1 transfer_status=0
[HIXL_QUERY_PERF] layer=adxl_inner request=0x19 context_us=1 req_lock_wait_us=0 lookup_us=0 channel_us=6 cleanup_us=0 total_us=7 status=0 transfer_status=0
[HIXL_QUERY_PERF] layer=comm_engine request=0x19 total_us=13 status=0 transfer_status=0
[2026-08-24 20:57:11.827507][UC][I] [HIXL_WORKER_PERF] task_id=273 queue_depth=1 enqueue_lock_wait_us=1 enqueue_us=0 queue_wait_us=5 execute_us=17 result_post_us=5 total_us=28 status=0 [21272,21285][hixl_instance.cpp:107,Run]
[2026-08-24 20:57:11.827513][UC][I] [QUERY_PERF] component=ucm layer=hixl_instance request=0x19 queue_wait_us=6 backend_us=17 run_post_us=11 total_us=34 api_status=0 transfer_status=0 [21272,21285][hixl_instance.cpp:370,GetTransferStatus]
[2026-08-24 20:57:11.827516][UC][I] [QUERY_PERF] component=ucm layer=hixl_transport handle=68 request=0x19 lifecycle_lock_us=0 pending_lock_wait_us=0 pending_lookup_us=0 instance_us=38 erase_us=0 total_us=38 transfer_status=0 [21272,21285][hixl_transport.cpp:734,GetStatus]
[2026-08-24 20:57:11.827519][UC][I] [QUERY_PERF] component=ucm layer=transport_manager handle=68 transport_handle=68 transfers_lock_wait_us=0 lookup_us=1 transport_us=41 total_us=42 api_status=0 transfer_status=0 [21272,21285][transport_manager.cpp:716,GetStatus]
[HIXL_PERF] event=hccl_batch op=1 desc_num=108 hccl_us=89 status=0
[HIXL_PERF] event=issue_hccl_batch op=1 list_num=108 total_us=100
[HIXL_PERF] event=issue_async_host_flag op=1 list_num=108 context_us=0 hccl_issue_us=103 flag_memcpy_us=5 total_us=108
[HIXL_PERF] event=comm_channel_async op=1 list_num=108 mutex_wait_us=0 slot_us=0 host_flag_us=0 record_us=1 issue_us=113 total_us=114
[HIXL_PERF] event=adxl_inner_async op=1 list_num=108 context_us=0 connect_us=0 get_channel_us=1 channel_async_us=118 tail_us=0 total_us=119
[HIXL_PERF] event=comm_engine_async op=1 list_num=108 desc_build_us=1 inner_us=123 total_us=124 status=0
[HIXL_QUERY_PERF] layer=comm_channel request=0x2c mutex_wait_us=0 check_us=0 lookup_us=0 flag_check_us=1 complete_us=0 total_us=1 transfer_status=0
[2026-08-24 20:57:11.827594][UC][I] [HIXL_WORKER_PERF] task_id=272 queue_depth=1 enqueue_lock_wait_us=1 enqueue_us=0 queue_wait_us=5 execute_us=129 result_post_us=5 total_us=140 status=0 [21272,21286][hixl_instance.cpp:107,Run]
[HIXL_QUERY_PERF] layer=adxl_inner request=0x2c context_us=0 req_lock_wait_us=0 lookup_us=1 channel_us=7 cleanup_us=0 total_us=8 status=0 transfer_status=0
[2026-08-24 20:57:11.827609][UC][I] [PERF] component=transport event=transfer_submitted manager=127.0.0.1:8000 target=127.0.0.1:4504 handle=70 transport_handle=70 opcode=1 direct=2 segments=108 bytes=7962624 submitted_ts_us=1787576231827608 manager_execute_async_ts_us=1787576231827451 backend_execute_async_ts_us=1787576231827460 manager_to_backend_execute_async_us=8 submit_us=156 [21272,21286][transport_manager.cpp:674,ExecuteAsync]
[HIXL_QUERY_PERF] layer=comm_engine request=0x2c total_us=20 status=0 transfer_status=0
[2026-08-24 20:57:11.827623][UC][I] [HIXL_WORKER_PERF] task_id=274 queue_depth=1 enqueue_lock_wait_us=0 enqueue_us=0 queue_wait_us=62 execute_us=27 result_post_us=4 total_us=93 status=0 [21272,21285][hixl_instance.cpp:107,Run]
[2026-08-24 20:57:11.827629][UC][I] [QUERY_PERF] component=ucm layer=hixl_instance request=0x2c queue_wait_us=62 backend_us=27 run_post_us=11 total_us=100 api_status=0 transfer_status=0 [21272,21285][hixl_instance.cpp:370,GetTransferStatus]
[2026-08-24 20:57:11.827633][UC][I] [QUERY_PERF] component=ucm layer=hixl_transport handle=69 request=0x2c lifecycle_lock_us=1 pending_lock_wait_us=0 pending_lookup_us=0 instance_us=104 erase_us=0 total_us=105 transfer_status=0 [21272,21285][hixl_transport.cpp:734,GetStatus]
[2026-08-24 20:57:11.827641][UC][I] [QUERY_PERF] component=ucm layer=transport_manager handle=69 transport_handle=69 transfers_lock_wait_us=0 lookup_us=0 transport_us=113 total_us=113 api_status=0 transfer_status=0 [21272,21285][transport_manager.cpp:716,GetStatus]
[HIXL_PERF] event=hccl_batch op=1 desc_num=108 hccl_us=100 status=0
[HIXL_PERF] event=issue_hccl_batch op=1 list_num=108 total_us=110
[HIXL_PERF] event=issue_async_host_flag op=1 list_num=108 context_us=0 hccl_issue_us=112 flag_memcpy_us=6 total_us=118
[HIXL_PERF] event=comm_channel_async op=1 list_num=108 mutex_wait_us=0 slot_us=0 host_flag_us=0 record_us=1 issue_us=123 total_us=124
[HIXL_PERF] event=adxl_inner_async op=1 list_num=108 context_us=0 connect_us=0 get_channel_us=1 channel_async_us=128 tail_us=0 total_us=129
[HIXL_PERF] event=comm_engine_async op=1 list_num=108 desc_build_us=1 inner_us=133 total_us=134 status=0
[2026-08-24 20:57:11.827785][UC][I] [HIXL_WORKER_PERF] task_id=275 queue_depth=1 enqueue_lock_wait_us=0 enqueue_us=1 queue_wait_us=4 execute_us=140 result_post_us=6 total_us=151 status=0 [21272,21286][hixl_instance.cpp:107,Run]
[HIXL_QUERY_PERF] layer=comm_channel request=0x19 mutex_wait_us=0 check_us=0 lookup_us=0 flag_check_us=0 complete_us=3 total_us=3 transfer_status=1
[2026-08-24 20:57:11.827796][UC][I] [PERF] component=transport event=transfer_submitted manager=127.0.0.1:8000 target=127.0.0.1:4503 handle=71 transport_handle=71 opcode=1 direct=2 segments=108 bytes=7962624 submitted_ts_us=1787576231827795 manager_execute_async_ts_us=1787576231827632 backend_execute_async_ts_us=1787576231827641 manager_to_backend_execute_async_us=9 submit_us=162 [21272,21286][transport_manager.cpp:674,ExecuteAsync]
[HIXL_QUERY_PERF] layer=adxl_inner request=0x19 context_us=0 req_lock_wait_us=0 lookup_us=1 channel_us=14 cleanup_us=1 total_us=16 status=0 transfer_status=1
[HIXL_QUERY_PERF] layer=comm_engine request=0x19 total_us=30 status=0 transfer_status=1
[2026-08-24 20:57:11.827821][UC][I] [HIXL_WORKER_PERF] task_id=276 queue_depth=1 enqueue_lock_wait_us=0 enqueue_us=0 queue_wait_us=134 execute_us=33 result_post_us=5 total_us=172 status=0 [21272,21285][hixl_instance.cpp:107,Run]
[2026-08-24 20:57:11.827829][UC][I] [QUERY_PERF] component=ucm layer=hixl_instance request=0x19 queue_wait_us=134 backend_us=33 run_post_us=13 total_us=180 api_status=0 transfer_status=1 [21272,21285][hixl_instance.cpp:370,GetTransferStatus]
[2026-08-24 20:57:11.827841][UC][I] [QUERY_PERF] component=ucm layer=hixl_transport handle=68 request=0x19 lifecycle_lock_us=0 pending_lock_wait_us=0 pending_lookup_us=1 instance_us=192 erase_us=0 total_us=193 transfer_status=1 [21272,21285][hixl_transport.cpp:734,GetStatus]
[2026-08-24 20:57:11.827846][UC][I] [QUERY_PERF] component=ucm layer=transport_manager handle=68 transport_handle=68 transfers_lock_wait_us=0 lookup_us=0 transport_us=199 total_us=199 api_status=0 transfer_status=1 [21272,21285][transport_manager.cpp:716,GetStatus]
[2026-08-24 20:57:11.827855][UC][I] [PERF] component=transport event=transfer_done manager=127.0.0.1:8000 target=127.0.0.1:4503 handle=68 transport_handle=68 opcode=1 direct=2 segments=108 bytes=7962624 status=1 api_status=0 submitted_ts_us=1787576231827166 completed_ts_us=1787576231827853 manager_get_status_ts_us=1787576231827647 backend_query_ts_us=1787576231827782 submit_us=315 transfer_us=688 manager_to_backend_query_us=135 total_us=1003 [21272,21285][transport_manager.cpp:727,GetStatus]
[HIXL_PERF] event=hccl_batch op=1 desc_num=108 hccl_us=483 status=0
[HIXL_PERF] event=issue_hccl_batch op=1 list_num=108 total_us=501
[HIXL_PERF] event=issue_async_host_flag op=1 list_num=108 context_us=1 hccl_issue_us=504 flag_memcpy_us=7 total_us=512
[HIXL_PERF] event=comm_channel_async op=1 list_num=108 mutex_wait_us=0 slot_us=0 host_flag_us=0 record_us=0 issue_us=517 total_us=517
[HIXL_PERF] event=adxl_inner_async op=1 list_num=108 context_us=0 connect_us=0 get_channel_us=1 channel_async_us=521 tail_us=1 total_us=523
[HIXL_PERF] event=comm_engine_async op=1 list_num=108 desc_build_us=1 inner_us=526 total_us=527 status=0
[2026-08-24 20:57:11.828380][UC][I] [HIXL_WORKER_PERF] task_id=277 queue_depth=1 enqueue_lock_wait_us=0 enqueue_us=0 queue_wait_us=5 execute_us=538 result_post_us=7 total_us=550 status=0 [21272,21286][hixl_instance.cpp:107,Run]
[2026-08-24 20:57:11.828393][UC][I] [PERF] component=transport event=transfer_submitted manager=127.0.0.1:8000 target=127.0.0.1:4503 handle=72 transport_handle=72 opcode=1 direct=2 segments=108 bytes=7962624 submitted_ts_us=1787576231828391 manager_execute_async_ts_us=1787576231827827 backend_execute_async_ts_us=1787576231827836 manager_to_backend_execute_async_us=9 submit_us=565 [21272,21286][transport_manager.cpp:674,ExecuteAsync]
[HIXL_PERF] event=hccl_batch op=1 desc_num=1 hccl_us=73 status=0
[HIXL_PERF] event=issue_hccl_batch op=1 list_num=1 total_us=83
[HIXL_PERF] event=issue_async_host_flag op=1 list_num=1 context_us=0 hccl_issue_us=86 flag_memcpy_us=5 total_us=91
[HIXL_PERF] event=comm_channel_async op=1 list_num=1 mutex_wait_us=0 slot_us=0 host_flag_us=1 record_us=0 issue_us=97 total_us=98
[HIXL_PERF] event=adxl_inner_async op=1 list_num=1 context_us=1 connect_us=0 get_channel_us=1 channel_async_us=102 tail_us=0 total_us=104
[HIXL_PERF] event=comm_engine_async op=1 list_num=1 desc_build_us=0 inner_us=108 total_us=108 status=0
[2026-08-24 20:57:11.828497][UC][I] [HIXL_WORKER_PERF] task_id=278 queue_depth=1 enqueue_lock_wait_us=1 enqueue_us=0 queue_wait_us=470 execute_us=113 result_post_us=7 total_us=591 status=0 [21272,21285][hixl_instance.cpp:107,Run]
[2026-08-24 20:57:11.828507][UC][I] [PERF] component=transport event=transfer_submitted manager=127.0.0.1:8000 target=127.0.0.1:4503 handle=73 transport_handle=73 opcode=1 direct=2 segments=1 bytes=63 submitted_ts_us=1787576231828506 manager_execute_async_ts_us=1787576231827904 backend_execute_async_ts_us=1787576231828377 manager_to_backend_execute_async_us=473 submit_us=603 [21272,21285][transport_manager.cpp:674,ExecuteAsync]
[HIXL_QUERY_PERF] layer=comm_channel request=0x2c mutex_wait_us=0 check_us=0 lookup_us=0 flag_check_us=1 complete_us=1 total_us=2 transfer_status=1
[HIXL_QUERY_PERF] layer=adxl_inner request=0x2c context_us=0 req_lock_wait_us=0 lookup_us=1 channel_us=11 cleanup_us=0 total_us=12 status=0 transfer_status=1
[HIXL_QUERY_PERF] layer=comm_engine request=0x2c total_us=17 status=0 transfer_status=1
[2026-08-24 20:57:11.828544][UC][I] [HIXL_WORKER_PERF] task_id=280 queue_depth=1 enqueue_lock_wait_us=0 enqueue_us=1 queue_wait_us=5 execute_us=19 result_post_us=5 total_us=30 status=0 [21272,21285][hixl_instance.cpp:107,Run]
[2026-08-24 20:57:11.828551][UC][I] [QUERY_PERF] component=ucm layer=hixl_instance request=0x2c queue_wait_us=6 backend_us=19 run_post_us=12 total_us=37 api_status=0 transfer_status=1 [21272,21285][hixl_instance.cpp:370,GetTransferStatus]
[2026-08-24 20:57:11.828557][UC][I] [QUERY_PERF] component=ucm layer=hixl_transport handle=69 request=0x2c lifecycle_lock_us=0 pending_lock_wait_us=0 pending_lookup_us=0 instance_us=42 erase_us=0 total_us=42 transfer_status=1 [21272,21285][hixl_transport.cpp:734,GetStatus]
[2026-08-24 20:57:11.828560][UC][I] [QUERY_PERF] component=ucm layer=transport_manager handle=69 transport_handle=69 transfers_lock_wait_us=0 lookup_us=1 transport_us=46 total_us=47 api_status=0 transfer_status=1 [21272,21285][transport_manager.cpp:716,GetStatus]
[2026-08-24 20:57:11.828566][UC][I] [PERF] component=transport event=transfer_done manager=127.0.0.1:8000 target=127.0.0.1:4504 handle=69 transport_handle=69 opcode=1 direct=2 segments=108 bytes=7962624 status=1 api_status=0 submitted_ts_us=1787576231827423 completed_ts_us=1787576231828565 manager_get_status_ts_us=1787576231828513 backend_query_ts_us=1787576231828520 submit_us=229 transfer_us=1142 manager_to_backend_query_us=7 total_us=1371 [21272,21285][transport_manager.cpp:727,GetStatus]
[HIXL_PERF] event=hccl_batch op=1 desc_num=108 hccl_us=99 status=0
[HIXL_PERF] event=issue_hccl_batch op=1 list_num=108 total_us=120
[HIXL_PERF] event=issue_async_host_flag op=1 list_num=108 context_us=0 hccl_issue_us=123 flag_memcpy_us=6 total_us=129
[HIXL_PERF] event=comm_channel_async op=1 list_num=108 mutex_wait_us=0 slot_us=1 host_flag_us=0 record_us=0 issue_us=134 total_us=135
[HIXL_PERF] event=adxl_inner_async op=1 list_num=108 context_us=1 connect_us=0 get_channel_us=0 channel_async_us=139 tail_us=1 total_us=141
[HIXL_PERF] event=comm_engine_async op=1 list_num=108 desc_build_us=1 inner_us=144 total_us=145 status=0
[2026-08-24 20:57:11.828650][UC][I] [HIXL_WORKER_PERF] task_id=279 queue_depth=1 enqueue_lock_wait_us=0 enqueue_us=0 queue_wait_us=58 execute_us=151 result_post_us=6 total_us=215 status=0 [21272,21286][hixl_instance.cpp:107,Run]
[HIXL_PERF] event=hccl_batch op=1 desc_num=1 hccl_us=55 status=0
[HIXL_PERF] event=issue_hccl_batch op=1 list_num=1 total_us=61
[2026-08-24 20:57:11.828669][UC][I] [PERF] component=transport event=transfer_submitted manager=127.0.0.1:8000 target=127.0.0.1:4503 handle=74 transport_handle=74 opcode=1 direct=2 segments=108 bytes=7962624 submitted_ts_us=1787576231828668 manager_execute_async_ts_us=1787576231828432 backend_execute_async_ts_us=1787576231828494 manager_to_backend_execute_async_us=61 submit_us=235 [21272,21286][transport_manager.cpp:674,ExecuteAsync]
[HIXL_PERF] event=issue_async_host_flag op=1 list_num=1 context_us=0 hccl_issue_us=65 flag_memcpy_us=4 total_us=69
[HIXL_PERF] event=comm_channel_async op=1 list_num=1 mutex_wait_us=0 slot_us=1 host_flag_us=0 record_us=0 issue_us=78 total_us=79
[HIXL_PERF] event=adxl_inner_async op=1 list_num=1 context_us=1 connect_us=0 get_channel_us=0 channel_async_us=83 tail_us=1 total_us=85
[HIXL_PERF] event=comm_engine_async op=1 list_num=1 desc_build_us=0 inner_us=94 total_us=94 status=0
[2026-08-24 20:57:11.828704][UC][I] [HIXL_WORKER_PERF] task_id=281 queue_depth=1 enqueue_lock_wait_us=0 enqueue_us=1 queue_wait_us=4 execute_us=98 result_post_us=5 total_us=108 status=0 [21272,21285][hixl_instance.cpp:107,Run]
[2026-08-24 20:57:11.828711][UC][I] [PERF] component=transport event=transfer_submitted manager=127.0.0.1:8000 target=127.0.0.1:4504 handle=75 transport_handle=75 opcode=1 direct=2 segments=1 bytes=63 submitted_ts_us=1787576231828710 manager_execute_async_ts_us=1787576231828594 backend_execute_async_ts_us=1787576231828600 manager_to_backend_execute_async_us=6 submit_us=116 [21272,21285][transport_manager.cpp:674,ExecuteAsync]
[HIXL_QUERY_PERF] layer=comm_channel request=0x2d mutex_wait_us=0 check_us=0 lookup_us=0 flag_check_us=0 complete_us=1 total_us=1 transfer_status=1
[HIXL_QUERY_PERF] layer=adxl_inner request=0x2d context_us=1 req_lock_wait_us=0 lookup_us=1 channel_us=10 cleanup_us=1 total_us=13 status=0 transfer_status=1
[HIXL_QUERY_PERF] layer=comm_engine request=0x2d total_us=17 status=0 transfer_status=1
[2026-08-24 20:57:11.828749][UC][I] [HIXL_WORKER_PERF] task_id=283 queue_depth=1 enqueue_lock_wait_us=0 enqueue_us=0 queue_wait_us=5 execute_us=21 result_post_us=4 total_us=30 status=0 [21272,21285][hixl_instance.cpp:107,Run]
[2026-08-24 20:57:11.828756][UC][I] [QUERY_PERF] component=ucm layer=hixl_instance request=0x2d queue_wait_us=6 backend_us=20 run_post_us=12 total_us=38 api_status=0 transfer_status=1 [21272,21285][hixl_instance.cpp:370,GetTransferStatus]
[2026-08-24 20:57:11.828762][UC][I] [QUERY_PERF] component=ucm layer=hixl_transport handle=70 request=0x2d lifecycle_lock_us=0 pending_lock_wait_us=0 pending_lookup_us=0 instance_us=43 erase_us=0 total_us=43 transfer_status=1 [21272,21285][hixl_transport.cpp:734,GetStatus]
[2026-08-24 20:57:11.828765][UC][I] [QUERY_PERF] component=ucm layer=transport_manager handle=70 transport_handle=70 transfers_lock_wait_us=0 lookup_us=0 transport_us=47 total_us=47 api_status=0 transfer_status=1 [21272,21285][transport_manager.cpp:716,GetStatus]
[2026-08-24 20:57:11.828772][UC][I] [PERF] component=transport event=transfer_done manager=127.0.0.1:8000 target=127.0.0.1:4504 handle=70 transport_handle=70 opcode=1 direct=2 segments=108 bytes=7962624 status=1 api_status=0 submitted_ts_us=1787576231827608 completed_ts_us=1787576231828771 manager_get_status_ts_us=1787576231828717 backend_query_ts_us=1787576231828724 submit_us=156 transfer_us=1163 manager_to_backend_query_us=6 total_us=1319 [21272,21285][transport_manager.cpp:727,GetStatus]
[HIXL_PERF] event=hccl_batch op=1 desc_num=108 hccl_us=103 status=0
[HIXL_PERF] event=issue_hccl_batch op=1 list_num=108 total_us=113
[HIXL_PERF] event=issue_async_host_flag op=1 list_num=108 context_us=0 hccl_issue_us=115 flag_memcpy_us=5 total_us=120
[HIXL_PERF] event=comm_channel_async op=1 list_num=108 mutex_wait_us=0 slot_us=0 host_flag_us=0 record_us=1 issue_us=124 total_us=125
[HIXL_PERF] event=adxl_inner_async op=1 list_num=108 context_us=1 connect_us=0 get_channel_us=1 channel_async_us=130 tail_us=0 total_us=132
[HIXL_PERF] event=comm_engine_async op=1 list_num=108 desc_build_us=1 inner_us=136 total_us=137 status=0
[HIXL_PERF] event=hccl_batch op=1 desc_num=1 hccl_us=51 status=0
[HIXL_PERF] event=issue_hccl_batch op=1 list_num=1 total_us=56
[2026-08-24 20:57:11.828868][UC][I] [HIXL_WORKER_PERF] task_id=282 queue_depth=1 enqueue_lock_wait_us=0 enqueue_us=0 queue_wait_us=6 execute_us=142 result_post_us=5 total_us=153 status=0 [21272,21286][hixl_instance.cpp:107,Run]
[HIXL_PERF] event=issue_async_host_flag op=1 list_num=1 context_us=0 hccl_issue_us=58 flag_memcpy_us=4 total_us=62
[2026-08-24 20:57:11.828879][UC][I] [PERF] component=transport event=transfer_submitted manager=127.0.0.1:8000 target=127.0.0.1:4503 handle=76 transport_handle=76 opcode=1 direct=2 segments=108 bytes=7962624 submitted_ts_us=1787576231828878 manager_execute_async_ts_us=1787576231828711 backend_execute_async_ts_us=1787576231828721 manager_to_backend_execute_async_us=11 submit_us=166 [21272,21286][transport_manager.cpp:674,ExecuteAsync]
[HIXL_PERF] event=comm_channel_async op=1 list_num=1 mutex_wait_us=0 slot_us=1 host_flag_us=0 record_us=0 issue_us=74 total_us=75
[HIXL_PERF] event=adxl_inner_async op=1 list_num=1 context_us=1 connect_us=0 get_channel_us=0 channel_async_us=86 tail_us=0 total_us=87
[HIXL_PERF] event=comm_engine_async op=1 list_num=1 desc_build_us=0 inner_us=92 total_us=92 status=0
[2026-08-24 20:57:11.828909][UC][I] [HIXL_WORKER_PERF] task_id=284 queue_depth=1 enqueue_lock_wait_us=1 enqueue_us=0 queue_wait_us=4 execute_us=99 result_post_us=5 total_us=109 status=0 [21272,21285][hixl_instance.cpp:107,Run]
[2026-08-24 20:57:11.828918][UC][I] [PERF] component=transport event=transfer_submitted manager=127.0.0.1:8000 target=127.0.0.1:4504 handle=77 transport_handle=77 opcode=1 direct=2 segments=1 bytes=63 submitted_ts_us=1787576231828917 manager_execute_async_ts_us=1787576231828799 backend_execute_async_ts_us=1787576231828805 manager_to_backend_execute_async_us=5 submit_us=117 [21272,21285][transport_manager.cpp:674,ExecuteAsync]
[HIXL_PERF] event=hccl_batch op=1 desc_num=108 hccl_us=89 status=0
[HIXL_PERF] event=issue_hccl_batch op=1 list_num=108 total_us=99
[HIXL_PERF] event=issue_async_host_flag op=1 list_num=108 context_us=1 hccl_issue_us=101 flag_memcpy_us=5 total_us=107
[HIXL_PERF] event=comm_channel_async op=1 list_num=108 mutex_wait_us=0 slot_us=0 host_flag_us=0 record_us=0 issue_us=111 total_us=111
[HIXL_PERF] event=adxl_inner_async op=1 list_num=108 context_us=1 connect_us=0 get_channel_us=1 channel_async_us=115 tail_us=1 total_us=118
[HIXL_PERF] event=comm_engine_async op=1 list_num=108 desc_build_us=1 inner_us=121 total_us=122 status=0
[2026-08-24 20:57:11.829063][UC][I] [HIXL_WORKER_PERF] task_id=285 queue_depth=1 enqueue_lock_wait_us=0 enqueue_us=0 queue_wait_us=5 execute_us=127 result_post_us=5 total_us=137 status=0 [21272,21286][hixl_instance.cpp:107,Run]
[HIXL_QUERY_PERF] layer=comm_channel request=0x1c mutex_wait_us=0 check_us=0 lookup_us=1 flag_check_us=0 complete_us=2 total_us=3 transfer_status=1
[HIXL_QUERY_PERF] layer=adxl_inner request=0x1c context_us=0 req_lock_wait_us=1 lookup_us=0 channel_us=19 cleanup_us=0 total_us=20 status=0 transfer_status=1
[2026-08-24 20:57:11.829085][UC][I] [PERF] component=transport event=transfer_submitted manager=127.0.0.1:8000 target=127.0.0.1:4503 handle=78 transport_handle=78 opcode=1 direct=2 segments=108 bytes=7962624 submitted_ts_us=1787576231829084 manager_execute_async_ts_us=1787576231828923 backend_execute_async_ts_us=1787576231828931 manager_to_backend_execute_async_us=8 submit_us=161 [21272,21286][transport_manager.cpp:674,ExecuteAsync]
[HIXL_QUERY_PERF] layer=comm_engine request=0x1c total_us=29 status=0 transfer_status=1
[2026-08-24 20:57:11.829103][UC][I] [HIXL_WORKER_PERF] task_id=286 queue_depth=2 enqueue_lock_wait_us=0 enqueue_us=0 queue_wait_us=132 execute_us=39 result_post_us=5 total_us=176 status=0 [21272,21285][hixl_instance.cpp:107,Run]
[2026-08-24 20:57:11.829111][UC][I] [QUERY_PERF] component=ucm layer=hixl_instance request=0x1c queue_wait_us=132 backend_us=39 run_post_us=13 total_us=184 api_status=0 transfer_status=1 [21272,21285][hixl_instance.cpp:370,GetTransferStatus]
[2026-08-24 20:57:11.829115][UC][I] [QUERY_PERF] component=ucm layer=hixl_transport handle=73 request=0x1c lifecycle_lock_us=1 pending_lock_wait_us=0 pending_lookup_us=0 instance_us=187 erase_us=0 total_us=188 transfer_status=1 [21272,21285][hixl_transport.cpp:734,GetStatus]
[2026-08-24 20:57:11.829119][UC][I] [QUERY_PERF] component=ucm layer=transport_manager handle=73 transport_handle=73 transfers_lock_wait_us=0 lookup_us=0 transport_us=192 total_us=192 api_status=0 transfer_status=1 [21272,21285][transport_manager.cpp:716,GetStatus]
[2026-08-24 20:57:11.829127][UC][I] [PERF] component=transport event=transfer_done manager=127.0.0.1:8000 target=127.0.0.1:4503 handle=73 transport_handle=73 opcode=1 direct=2 segments=1 bytes=63 status=1 api_status=0 submitted_ts_us=1787576231828506 completed_ts_us=1787576231829126 manager_get_status_ts_us=1787576231828926 backend_query_ts_us=1787576231829059 submit_us=603 transfer_us=619 manager_to_backend_query_us=133 total_us=1222 [21272,21285][transport_manager.cpp:727,GetStatus]
[2026-08-24 20:57:11.829136][UC][I] [PERF] component=drampool event=request_done request_id=7 opcode=2 peer=127.0.0.1:4503 batch_size=108 data_bytes=7962624 failed_items=0 status=SUCCESS failed_stage=NONE received_ts_us=1787576231826815 worker_started_ts_us=1787576231826823 data_transfer_submitted_ts_us=1787576231827175 data_transfer_completed_ts_us=1787576231827874 response_submitted_ts_us=1787576231828513 completed_ts_us=1787576231829133 data_tm_execute_async_ts_us=1787576231826849 data_hixl_execute_async_ts_us=1787576231826877 data_tm_get_status_ts_us=1787576231827647 data_hixl_query_handle_ts_us=1787576231827782 response_tm_execute_async_ts_us=1787576231827904 response_hixl_execute_async_ts_us=1787576231828377 response_tm_get_status_ts_us=1787576231828926 response_hixl_query_handle_ts_us=1787576231829059 request_queue_us=8 metadata_prepare_us=21 taskworker_prepare_us=354 poller_queue_us=114 data_transfer_us=699 metadata_settle_us=28 response_slot_wait_us=1 response_submit_us=610 response_transfer_us=619 data_tm_to_hixl_execute_async_us=29 data_tm_to_hixl_query_handle_us=135 response_tm_to_hixl_execute_async_us=473 response_tm_to_hixl_query_handle_us=133 total_us=2318 [21272,21285][completion_poller.cc:56,LogRequestDone]
[HIXL_QUERY_PERF] layer=comm_channel request=0x2e mutex_wait_us=0 check_us=0 lookup_us=0 flag_check_us=0 complete_us=1 total_us=1 transfer_status=1
[HIXL_QUERY_PERF] layer=adxl_inner request=0x2e context_us=1 req_lock_wait_us=0 lookup_us=1 channel_us=9 cleanup_us=1 total_us=12 status=0 transfer_status=1
[HIXL_QUERY_PERF] layer=comm_engine request=0x2e total_us=18 status=0 transfer_status=1
[2026-08-24 20:57:11.829177][UC][I] [HIXL_WORKER_PERF] task_id=288 queue_depth=1 enqueue_lock_wait_us=0 enqueue_us=0 queue_wait_us=5 execute_us=23 result_post_us=4 total_us=32 status=0 [21272,21285][hixl_instance.cpp:107,Run]
[2026-08-24 20:57:11.829184][UC][I] [QUERY_PERF] component=ucm layer=hixl_instance request=0x2e queue_wait_us=5 backend_us=23 run_post_us=11 total_us=39 api_status=0 transfer_status=1 [21272,21285][hixl_instance.cpp:370,GetTransferStatus]
[2026-08-24 20:57:11.829187][UC][I] [QUERY_PERF] component=ucm layer=hixl_transport handle=75 request=0x2e lifecycle_lock_us=1 pending_lock_wait_us=0 pending_lookup_us=0 instance_us=42 erase_us=1 total_us=44 transfer_status=1 [21272,21285][hixl_transport.cpp:734,GetStatus]
[2026-08-24 20:57:11.829195][UC][I] [QUERY_PERF] component=ucm layer=transport_manager handle=75 transport_handle=75 transfers_lock_wait_us=0 lookup_us=0 transport_us=52 total_us=52 api_status=0 transfer_status=1 [21272,21285][transport_manager.cpp:716,GetStatus]
[2026-08-24 20:57:11.829200][UC][I] [PERF] component=transport event=transfer_done manager=127.0.0.1:8000 target=127.0.0.1:4504 handle=75 transport_handle=75 opcode=1 direct=2 segments=1 bytes=63 status=1 api_status=0 submitted_ts_us=1787576231828710 completed_ts_us=1787576231829199 manager_get_status_ts_us=1787576231829143 backend_query_ts_us=1787576231829149 submit_us=116 transfer_us=489 manager_to_backend_query_us=6 total_us=605 [21272,21285][transport_manager.cpp:727,GetStatus]
[2026-08-24 20:57:11.829211][UC][I] [PERF] component=drampool event=request_done request_id=7 opcode=2 peer=127.0.0.1:4504 batch_size=108 data_bytes=7962624 failed_items=0 status=SUCCESS failed_stage=NONE received_ts_us=1787576231826837 worker_started_ts_us=1787576231827178 data_transfer_submitted_ts_us=1787576231827434 data_transfer_completed_ts_us=1787576231828571 response_submitted_ts_us=1787576231828717 completed_ts_us=1787576231829208 data_tm_execute_async_ts_us=1787576231827194 data_hixl_execute_async_ts_us=1787576231827206 data_tm_get_status_ts_us=1787576231828513 data_hixl_query_handle_ts_us=1787576231828520 response_tm_execute_async_ts_us=1787576231828594 response_hixl_execute_async_ts_us=1787576231828600 response_tm_get_status_ts_us=1787576231829143 response_hixl_query_handle_ts_us=1787576231829149 request_queue_us=341 metadata_prepare_us=14 taskworker_prepare_us=257 poller_queue_us=42 data_transfer_us=1138 metadata_settle_us=21 response_slot_wait_us=0 response_submit_us=124 response_transfer_us=491 data_tm_to_hixl_execute_async_us=12 data_tm_to_hixl_query_handle_us=7 response_tm_to_hixl_execute_async_us=6 response_tm_to_hixl_query_handle_us=6 total_us=2371 [21272,21285][completion_poller.cc:56,LogRequestDone]
[HIXL_PERF] event=hccl_batch op=1 desc_num=108 hccl_us=96 status=0
[HIXL_PERF] event=issue_hccl_batch op=1 list_num=108 total_us=104
[HIXL_QUERY_PERF] layer=comm_channel request=0x2f mutex_wait_us=0 check_us=0 lookup_us=0 flag_check_us=0 complete_us=1 total_us=1 transfer_status=1
[HIXL_QUERY_PERF] layer=adxl_inner request=0x2f context_us=0 req_lock_wait_us=0 lookup_us=1 channel_us=12 cleanup_us=0 total_us=13 status=0 transfer_status=1
[HIXL_QUERY_PERF] layer=comm_engine request=0x2f total_us=19 status=0 transfer_status=1
[HIXL_PERF] event=issue_async_host_flag op=1 list_num=108 context_us=0 hccl_issue_us=109 flag_memcpy_us=5 total_us=114
[HIXL_PERF] event=comm_channel_async op=1 list_num=108 mutex_wait_us=0 slot_us=1 host_flag_us=0 record_us=0 issue_us=133 total_us=134
[2026-08-24 20:57:11.829257][UC][I] [HIXL_WORKER_PERF] task_id=289 queue_depth=1 enqueue_lock_wait_us=0 enqueue_us=0 queue_wait_us=4 execute_us=25 result_post_us=4 total_us=33 status=0 [21272,21285][hixl_instance.cpp:107,Run]
[HIXL_PERF] event=adxl_inner_async op=1 list_num=108 context_us=1 connect_us=0 get_channel_us=0 channel_async_us=136 tail_us=1 total_us=138
[2026-08-24 20:57:11.829262][UC][I] [QUERY_PERF] component=ucm layer=hixl_instance request=0x2f queue_wait_us=5 backend_us=23 run_post_us=11 total_us=39 api_status=0 transfer_status=1 [21272,21285][hixl_instance.cpp:370,GetTransferStatus]
[HIXL_PERF] event=comm_engine_async op=1 list_num=108 desc_build_us=1 inner_us=145 total_us=146 status=0
[2026-08-24 20:57:11.829272][UC][I] [QUERY_PERF] component=ucm layer=hixl_transport handle=77 request=0x2f lifecycle_lock_us=1 pending_lock_wait_us=0 pending_lookup_us=0 instance_us=48 erase_us=0 total_us=49 transfer_status=1 [21272,21285][hixl_transport.cpp:734,GetStatus]
[2026-08-24 20:57:11.829282][UC][I] [QUERY_PERF] component=ucm layer=transport_manager handle=77 transport_handle=77 transfers_lock_wait_us=0 lookup_us=0 transport_us=60 total_us=60 api_status=0 transfer_status=1 [21272,21285][transport_manager.cpp:716,GetStatus]
[2026-08-24 20:57:11.829289][UC][I] [PERF] component=transport event=transfer_done manager=127.0.0.1:8000 target=127.0.0.1:4504 handle=77 transport_handle=77 opcode=1 direct=2 segments=1 bytes=63 status=1 api_status=0 submitted_ts_us=1787576231828917 completed_ts_us=1787576231829288 manager_get_status_ts_us=1787576231829222 backend_query_ts_us=1787576231829227 submit_us=117 transfer_us=372 manager_to_backend_query_us=6 total_us=489 [21272,21285][transport_manager.cpp:727,GetStatus]
[2026-08-24 20:57:11.829283][UC][I] [HIXL_WORKER_PERF] task_id=287 queue_depth=1 enqueue_lock_wait_us=0 enqueue_us=0 queue_wait_us=5 execute_us=160 result_post_us=5 total_us=170 status=0 [21272,21286][hixl_instance.cpp:107,Run]
[2026-08-24 20:57:11.829297][UC][I] [PERF] component=drampool event=request_done request_id=8 opcode=2 peer=127.0.0.1:4504 batch_size=108 data_bytes=7962624 failed_items=0 status=SUCCESS failed_stage=NONE received_ts_us=1787576231826898 worker_started_ts_us=1787576231827437 data_transfer_submitted_ts_us=1787576231827616 data_transfer_completed_ts_us=1787576231828777 response_submitted_ts_us=1787576231828924 completed_ts_us=1787576231829294 data_tm_execute_async_ts_us=1787576231827451 data_hixl_execute_async_ts_us=1787576231827460 data_tm_get_status_ts_us=1787576231828717 data_hixl_query_handle_ts_us=1787576231828724 response_tm_execute_async_ts_us=1787576231828799 response_hixl_execute_async_ts_us=1787576231828805 response_tm_get_status_ts_us=1787576231829222 response_hixl_query_handle_ts_us=1787576231829227 request_queue_us=539 metadata_prepare_us=14 taskworker_prepare_us=181 poller_queue_us=28 data_transfer_us=1161 metadata_settle_us=20 response_slot_wait_us=0 response_submit_us=126 response_transfer_us=370 data_tm_to_hixl_execute_async_us=8 data_tm_to_hixl_query_handle_us=6 response_tm_to_hixl_execute_async_us=5 response_tm_to_hixl_query_handle_us=6 total_us=2397 [21272,21285][completion_poller.cc:56,LogRequestDone]
[2026-08-24 20:57:11.829305][UC][I] [PERF] component=transport event=transfer_submitted manager=127.0.0.1:8000 target=127.0.0.1:4503 handle=79 transport_handle=79 opcode=1 direct=2 segments=108 bytes=7962624 submitted_ts_us=1787576231829304 manager_execute_async_ts_us=1787576231829111 backend_execute_async_ts_us=1787576231829119 manager_to_backend_execute_async_us=8 submit_us=193 [21272,21286][transport_manager.cpp:674,ExecuteAsync]
[HIXL_QUERY_PERF] layer=comm_channel request=0x1a mutex_wait_us=0 check_us=1 lookup_us=0 flag_check_us=0 complete_us=1 total_us=2 transfer_status=1
[HIXL_QUERY_PERF] layer=adxl_inner request=0x1a context_us=1 req_lock_wait_us=0 lookup_us=0 channel_us=9 cleanup_us=1 total_us=11 status=0 transfer_status=1
[HIXL_QUERY_PERF] layer=comm_engine request=0x1a total_us=17 status=0 transfer_status=1
[2026-08-24 20:57:11.829353][UC][I] [HIXL_WORKER_PERF] task_id=290 queue_depth=1 enqueue_lock_wait_us=1 enqueue_us=0 queue_wait_us=5 execute_us=19 result_post_us=4 total_us=29 status=0 [21272,21285][hixl_instance.cpp:107,Run]
[2026-08-24 20:57:11.829360][UC][I] [QUERY_PERF] component=ucm layer=hixl_instance request=0x1a queue_wait_us=6 backend_us=19 run_post_us=12 total_us=37 api_status=0 transfer_status=1 [21272,21285][hixl_instance.cpp:370,GetTransferStatus]
[2026-08-24 20:57:11.829367][UC][I] [QUERY_PERF] component=ucm layer=hixl_transport handle=71 request=0x1a lifecycle_lock_us=0 pending_lock_wait_us=0 pending_lookup_us=0 instance_us=43 erase_us=0 total_us=43 transfer_status=1 [21272,21285][hixl_transport.cpp:734,GetStatus]
[2026-08-24 20:57:11.829373][UC][I] [QUERY_PERF] component=ucm layer=transport_manager handle=71 transport_handle=71 transfers_lock_wait_us=1 lookup_us=0 transport_us=49 total_us=50 api_status=0 transfer_status=1 [21272,21285][transport_manager.cpp:716,GetStatus]
[2026-08-24 20:57:11.829378][UC][I] [PERF] component=transport event=transfer_done manager=127.0.0.1:8000 target=127.0.0.1:4503 handle=71 transport_handle=71 opcode=1 direct=2 segments=108 bytes=7962624 status=1 api_status=0 submitted_ts_us=1787576231827795 completed_ts_us=1787576231829377 manager_get_status_ts_us=1787576231829322 backend_query_ts_us=1787576231829329 submit_us=162 transfer_us=1582 manager_to_backend_query_us=7 total_us=1744 [21272,21285][transport_manager.cpp:727,GetStatus]
[HIXL_PERF] event=hccl_batch op=1 desc_num=108 hccl_us=86 status=0
[HIXL_PERF] event=issue_hccl_batch op=1 list_num=108 total_us=96
[HIXL_PERF] event=issue_async_host_flag op=1 list_num=108 context_us=0 hccl_issue_us=99 flag_memcpy_us=5 total_us=104
[HIXL_PERF] event=comm_channel_async op=1 list_num=108 mutex_wait_us=0 slot_us=1 host_flag_us=0 record_us=0 issue_us=109 total_us=110
[HIXL_PERF] event=adxl_inner_async op=1 list_num=108 context_us=1 connect_us=0 get_channel_us=0 channel_async_us=114 tail_us=0 total_us=115
[HIXL_PERF] event=comm_engine_async op=1 list_num=108 desc_build_us=1 inner_us=119 total_us=120 status=0
[2026-08-24 20:57:11.829481][UC][I] [HIXL_WORKER_PERF] task_id=291 queue_depth=1 enqueue_lock_wait_us=0 enqueue_us=0 queue_wait_us=8 execute_us=125 result_post_us=6 total_us=139 status=0 [21272,21286][hixl_instance.cpp:107,Run]
[2026-08-24 20:57:11.829492][UC][I] [PERF] component=transport event=transfer_submitted manager=127.0.0.1:8000 target=127.0.0.1:4503 handle=80 transport_handle=80 opcode=1 direct=2 segments=108 bytes=7962624 submitted_ts_us=1787576231829491 manager_execute_async_ts_us=1787576231829340 backend_execute_async_ts_us=1787576231829352 manager_to_backend_execute_async_us=12 submit_us=151 [21272,21286][transport_manager.cpp:674,ExecuteAsync]
[HIXL_PERF] event=hccl_batch op=1 desc_num=1 hccl_us=67 status=0
[HIXL_PERF] event=issue_hccl_batch op=1 list_num=1 total_us=80
[HIXL_PERF] event=issue_async_host_flag op=1 list_num=1 context_us=1 hccl_issue_us=82 flag_memcpy_us=6 total_us=89
[HIXL_PERF] event=comm_channel_async op=1 list_num=1 mutex_wait_us=0 slot_us=1 host_flag_us=21 record_us=0 issue_us=95 total_us=117
[HIXL_PERF] event=adxl_inner_async op=1 list_num=1 context_us=1 connect_us=0 get_channel_us=0 channel_async_us=121 tail_us=1 total_us=123
[HIXL_PERF] event=comm_engine_async op=1 list_num=1 desc_build_us=0 inner_us=127 total_us=127 status=0
[2026-08-24 20:57:11.829616][UC][I] [HIXL_WORKER_PERF] task_id=292 queue_depth=1 enqueue_lock_wait_us=0 enqueue_us=0 queue_wait_us=73 execute_us=132 result_post_us=5 total_us=210 status=0 [21272,21285][hixl_instance.cpp:107,Run]
[2026-08-24 20:57:11.829626][UC][I] [PERF] component=transport event=transfer_submitted manager=127.0.0.1:8000 target=127.0.0.1:4503 handle=81 transport_handle=81 opcode=1 direct=2 segments=1 bytes=63 submitted_ts_us=1787576231829625 manager_execute_async_ts_us=1787576231829404 backend_execute_async_ts_us=1787576231829478 manager_to_backend_execute_async_us=75 submit_us=221 [21272,21285][transport_manager.cpp:674,ExecuteAsync]
[HIXL_PERF] event=hccl_batch op=1 desc_num=108 hccl_us=85 status=0
[HIXL_PERF] event=issue_hccl_batch op=1 list_num=108 total_us=98
[HIXL_PERF] event=issue_async_host_flag op=1 list_num=108 context_us=0 hccl_issue_us=100 flag_memcpy_us=4 total_us=104
[HIXL_PERF] event=comm_channel_async op=1 list_num=108 mutex_wait_us=0 slot_us=0 host_flag_us=1 record_us=0 issue_us=108 total_us=109
[HIXL_PERF] event=adxl_inner_async op=1 list_num=108 context_us=0 connect_us=0 get_channel_us=1 channel_async_us=113 tail_us=1 total_us=115
[HIXL_QUERY_PERF] layer=comm_channel request=0x1b mutex_wait_us=0 check_us=0 lookup_us=1 flag_check_us=0 complete_us=2 total_us=3 transfer_status=1
[HIXL_QUERY_PERF] layer=adxl_inner request=0x1b context_us=0 req_lock_wait_us=0 lookup_us=2 channel_us=16 cleanup_us=1 total_us=19 status=0 transfer_status=1
[HIXL_PERF] event=comm_engine_async op=1 list_num=108 desc_build_us=1 inner_us=117 total_us=118 status=0
[HIXL_QUERY_PERF] layer=comm_engine request=0x1b total_us=29 status=0 transfer_status=1
[2026-08-24 20:57:11.829687][UC][I] [HIXL_WORKER_PERF] task_id=293 queue_depth=1 enqueue_lock_wait_us=0 enqueue_us=0 queue_wait_us=5 execute_us=142 result_post_us=5 total_us=152 status=0 [21272,21286][hixl_instance.cpp:107,Run]
[2026-08-24 20:57:11.829690][UC][I] [HIXL_WORKER_PERF] task_id=294 queue_depth=1 enqueue_lock_wait_us=0 enqueue_us=0 queue_wait_us=5 execute_us=41 result_post_us=4 total_us=50 status=0 [21272,21285][hixl_instance.cpp:107,Run]
[2026-08-24 20:57:11.829697][UC][I] [PERF] component=transport event=transfer_submitted manager=127.0.0.1:8000 target=127.0.0.1:4504 handle=82 transport_handle=82 opcode=1 direct=2 segments=108 bytes=7962624 submitted_ts_us=1787576231829696 manager_execute_async_ts_us=1787576231829533 backend_execute_async_ts_us=1787576231829541 manager_to_backend_execute_async_us=8 submit_us=163 [21272,21286][transport_manager.cpp:674,ExecuteAsync]
[2026-08-24 20:57:11.829709][UC][I] [QUERY_PERF] component=ucm layer=hixl_instance request=0x1b queue_wait_us=6 backend_us=41 run_post_us=23 total_us=70 api_status=0 transfer_status=1 [21272,21285][hixl_instance.cpp:370,GetTransferStatus]
[2026-08-24 20:57:11.829728][UC][I] [QUERY_PERF] component=ucm layer=hixl_transport handle=72 request=0x1b lifecycle_lock_us=0 pending_lock_wait_us=0 pending_lookup_us=0 instance_us=88 erase_us=1 total_us=89 transfer_status=1 [21272,21285][hixl_transport.cpp:734,GetStatus]
[2026-08-24 20:57:11.829736][UC][I] [QUERY_PERF] component=ucm layer=transport_manager handle=72 transport_handle=72 transfers_lock_wait_us=0 lookup_us=0 transport_us=98 total_us=98 api_status=0 transfer_status=1 [21272,21285][transport_manager.cpp:716,GetStatus]
[2026-08-24 20:57:11.829740][UC][I] [PERF] component=transport event=transfer_done manager=127.0.0.1:8000 target=127.0.0.1:4503 handle=72 transport_handle=72 opcode=1 direct=2 segments=108 bytes=7962624 status=1 api_status=0 submitted_ts_us=1787576231828391 completed_ts_us=1787576231829739 manager_get_status_ts_us=1787576231829638 backend_query_ts_us=1787576231829644 submit_us=565 transfer_us=1348 manager_to_backend_query_us=6 total_us=1913 [21272,21285][transport_manager.cpp:727,GetStatus]
[HIXL_PERF] event=hccl_batch op=1 desc_num=108 hccl_us=89 status=0
[HIXL_PERF] event=issue_hccl_batch op=1 list_num=108 total_us=99
[HIXL_PERF] event=issue_async_host_flag op=1 list_num=108 context_us=1 hccl_issue_us=101 flag_memcpy_us=5 total_us=107
[HIXL_PERF] event=comm_channel_async op=1 list_num=108 mutex_wait_us=0 slot_us=0 host_flag_us=0 record_us=0 issue_us=112 total_us=112
[HIXL_PERF] event=adxl_inner_async op=1 list_num=108 context_us=1 connect_us=0 get_channel_us=1 channel_async_us=117 tail_us=0 total_us=119
[HIXL_PERF] event=comm_engine_async op=1 list_num=108 desc_build_us=1 inner_us=123 total_us=124 status=0
[HIXL_PERF] event=hccl_batch op=1 desc_num=1 hccl_us=64 status=0
[HIXL_PERF] event=issue_hccl_batch op=1 list_num=1 total_us=89
[2026-08-24 20:57:11.829876][UC][I] [HIXL_WORKER_PERF] task_id=295 queue_depth=1 enqueue_lock_wait_us=1 enqueue_us=0 queue_wait_us=5 execute_us=130 result_post_us=5 total_us=141 status=0 [21272,21286][hixl_instance.cpp:107,Run]
[HIXL_PERF] event=issue_async_host_flag op=1 list_num=1 context_us=0 hccl_issue_us=92 flag_memcpy_us=5 total_us=97
[2026-08-24 20:57:11.829886][UC][I] [PERF] component=transport event=transfer_submitted manager=127.0.0.1:8000 target=127.0.0.1:4504 handle=83 transport_handle=83 opcode=1 direct=2 segments=108 bytes=7962624 submitted_ts_us=1787576231829885 manager_execute_async_ts_us=1787576231829733 backend_execute_async_ts_us=1787576231829742 manager_to_backend_execute_async_us=9 submit_us=151 [21272,21286][transport_manager.cpp:674,ExecuteAsync]
[HIXL_PERF] event=comm_channel_async op=1 list_num=1 mutex_wait_us=0 slot_us=0 host_flag_us=0 record_us=1 issue_us=108 total_us=109
[HIXL_PERF] event=adxl_inner_async op=1 list_num=1 context_us=0 connect_us=0 get_channel_us=1 channel_async_us=117 tail_us=1 total_us=119
[HIXL_PERF] event=comm_engine_async op=1 list_num=1 desc_build_us=0 inner_us=121 total_us=121 status=0
[2026-08-24 20:57:11.829911][UC][I] [HIXL_WORKER_PERF] task_id=296 queue_depth=1 enqueue_lock_wait_us=0 enqueue_us=0 queue_wait_us=5 execute_us=129 result_post_us=5 total_us=139 status=0 [21272,21285][hixl_instance.cpp:107,Run]
[2026-08-24 20:57:11.829918][UC][I] [PERF] component=transport event=transfer_submitted manager=127.0.0.1:8000 target=127.0.0.1:4503 handle=84 transport_handle=84 opcode=1 direct=2 segments=1 bytes=63 submitted_ts_us=1787576231829917 manager_execute_async_ts_us=1787576231829770 backend_execute_async_ts_us=1787576231829776 manager_to_backend_execute_async_us=6 submit_us=147 [21272,21285][transport_manager.cpp:674,ExecuteAsync]
[HIXL_QUERY_PERF] layer=comm_channel request=0x1d mutex_wait_us=0 check_us=0 lookup_us=0 flag_check_us=0 complete_us=1 total_us=1 transfer_status=1
[HIXL_QUERY_PERF] layer=adxl_inner request=0x1d context_us=1 req_lock_wait_us=0 lookup_us=1 channel_us=7 cleanup_us=1 total_us=10 status=0 transfer_status=1
[HIXL_QUERY_PERF] layer=comm_engine request=0x1d total_us=14 status=0 transfer_status=1
[2026-08-24 20:57:11.829951][UC][I] [HIXL_WORKER_PERF] task_id=297 queue_depth=1 enqueue_lock_wait_us=0 enqueue_us=0 queue_wait_us=5 execute_us=15 result_post_us=5 total_us=25 status=0 [21272,21285][hixl_instance.cpp:107,Run]
[2026-08-24 20:57:11.829958][UC][I] [QUERY_PERF] component=ucm layer=hixl_instance request=0x1d queue_wait_us=5 backend_us=15 run_post_us=12 total_us=32 api_status=0 transfer_status=1 [21272,21285][hixl_instance.cpp:370,GetTransferStatus]
[2026-08-24 20:57:11.829963][UC][I] [QUERY_PERF] component=ucm layer=hixl_transport handle=74 request=0x1d lifecycle_lock_us=0 pending_lock_wait_us=0 pending_lookup_us=1 instance_us=37 erase_us=1 total_us=39 transfer_status=1 [21272,21285][hixl_transport.cpp:734,GetStatus]
[2026-08-24 20:57:11.829971][UC][I] [QUERY_PERF] component=ucm layer=transport_manager handle=74 transport_handle=74 transfers_lock_wait_us=0 lookup_us=0 transport_us=47 total_us=47 api_status=0 transfer_status=1 [21272,21285][transport_manager.cpp:716,GetStatus]
[2026-08-24 20:57:11.829977][UC][I] [PERF] component=transport event=transfer_done manager=127.0.0.1:8000 target=127.0.0.1:4503 handle=74 transport_handle=74 opcode=1 direct=2 segments=108 bytes=7962624 status=1 api_status=0 submitted_ts_us=1787576231828668 completed_ts_us=1787576231829976 manager_get_status_ts_us=1787576231829924 backend_query_ts_us=1787576231829930 submit_us=235 transfer_us=1308 manager_to_backend_query_us=6 total_us=1543 [21272,21285][transport_manager.cpp:727,GetStatus]
[HIXL_PERF] event=hccl_batch op=1 desc_num=108 hccl_us=81 status=0
[HIXL_PERF] event=issue_hccl_batch op=1 list_num=108 total_us=87
[HIXL_PERF] event=issue_async_host_flag op=1 list_num=108 context_us=0 hccl_issue_us=90 flag_memcpy_us=4 total_us=94
[HIXL_PERF] event=comm_channel_async op=1 list_num=108 mutex_wait_us=0 slot_us=1 host_flag_us=0 record_us=0 issue_us=98 total_us=99
[HIXL_PERF] event=adxl_inner_async op=1 list_num=108 context_us=1 connect_us=0 get_channel_us=0 channel_async_us=101 tail_us=1 total_us=103
[HIXL_PERF] event=comm_engine_async op=1 list_num=108 desc_build_us=1 inner_us=104 total_us=105 status=0
[2026-08-24 20:57:11.830055][UC][I] [HIXL_WORKER_PERF] task_id=298 queue_depth=1 enqueue_lock_wait_us=0 enqueue_us=0 queue_wait_us=5 execute_us=111 result_post_us=5 total_us=121 status=0 [21272,21286][hixl_instance.cpp:107,Run]
[HIXL_PERF] event=hccl_batch op=1 desc_num=1 hccl_us=54 status=0
[2026-08-24 20:57:11.830070][UC][I] [PERF] component=transport event=transfer_submitted manager=127.0.0.1:8000 target=127.0.0.1:4504 handle=85 transport_handle=85 opcode=1 direct=2 segments=108 bytes=7962624 submitted_ts_us=1787576231830069 manager_execute_async_ts_us=1787576231829931 backend_execute_async_ts_us=1787576231829940 manager_to_backend_execute_async_us=9 submit_us=138 [21272,21286][transport_manager.cpp:674,ExecuteAsync]
[HIXL_PERF] event=issue_hccl_batch op=1 list_num=1 total_us=61
[HIXL_PERF] event=issue_async_host_flag op=1 list_num=1 context_us=0 hccl_issue_us=66 flag_memcpy_us=5 total_us=71
[HIXL_PERF] event=comm_channel_async op=1 list_num=1 mutex_wait_us=0 slot_us=0 host_flag_us=0 record_us=0 issue_us=73 total_us=73
[HIXL_PERF] event=adxl_inner_async op=1 list_num=1 context_us=0 connect_us=0 get_channel_us=1 channel_async_us=75 tail_us=1 total_us=77
[HIXL_PERF] event=comm_engine_async op=1 list_num=1 desc_build_us=1 inner_us=79 total_us=80 status=0
[2026-08-24 20:57:11.830098][UC][I] [HIXL_WORKER_PERF] task_id=299 queue_depth=1 enqueue_lock_wait_us=1 enqueue_us=0 queue_wait_us=5 execute_us=84 result_post_us=5 total_us=95 status=0 [21272,21285][hixl_instance.cpp:107,Run]
[2026-08-24 20:57:11.830105][UC][I] [PERF] component=transport event=transfer_submitted manager=127.0.0.1:8000 target=127.0.0.1:4503 handle=86 transport_handle=86 opcode=1 direct=2 segments=1 bytes=63 submitted_ts_us=1787576231830104 manager_execute_async_ts_us=1787576231830002 backend_execute_async_ts_us=1787576231830009 manager_to_backend_execute_async_us=6 submit_us=101 [21272,21285][transport_manager.cpp:674,ExecuteAsync]
[HIXL_QUERY_PERF] layer=comm_channel request=0x1e mutex_wait_us=0 check_us=0 lookup_us=1 flag_check_us=0 complete_us=1 total_us=2 transfer_status=1
[HIXL_QUERY_PERF] layer=adxl_inner request=0x1e context_us=1 req_lock_wait_us=0 lookup_us=0 channel_us=5 cleanup_us=0 total_us=6 status=0 transfer_status=1
[HIXL_QUERY_PERF] layer=comm_engine request=0x1e total_us=9 status=0 transfer_status=1
[2026-08-24 20:57:11.830130][UC][I] [HIXL_WORKER_PERF] task_id=300 queue_depth=1 enqueue_lock_wait_us=0 enqueue_us=0 queue_wait_us=5 execute_us=12 result_post_us=4 total_us=21 status=0 [21272,21285][hixl_instance.cpp:107,Run]
[2026-08-24 20:57:11.830136][UC][I] [QUERY_PERF] component=ucm layer=hixl_instance request=0x1e queue_wait_us=6 backend_us=10 run_post_us=11 total_us=27 api_status=0 transfer_status=1 [21272,21285][hixl_instance.cpp:370,GetTransferStatus]
[2026-08-24 20:57:11.830146][UC][I] [QUERY_PERF] component=ucm layer=hixl_transport handle=76 request=0x1e lifecycle_lock_us=0 pending_lock_wait_us=0 pending_lookup_us=0 instance_us=35 erase_us=0 total_us=35 transfer_status=1 [21272,21285][hixl_transport.cpp:734,GetStatus]
[2026-08-24 20:57:11.830151][UC][I] [QUERY_PERF] component=ucm layer=transport_manager handle=76 transport_handle=76 transfers_lock_wait_us=1 lookup_us=0 transport_us=42 total_us=43 api_status=0 transfer_status=1 [21272,21285][transport_manager.cpp:716,GetStatus]
[2026-08-24 20:57:11.830157][UC][I] [PERF] component=transport event=transfer_done manager=127.0.0.1:8000 target=127.0.0.1:4503 handle=76 transport_handle=76 opcode=1 direct=2 segments=108 bytes=7962624 status=1 api_status=0 submitted_ts_us=1787576231828878 completed_ts_us=1787576231830156 manager_get_status_ts_us=1787576231830108 backend_query_ts_us=1787576231830115 submit_us=166 transfer_us=1278 manager_to_backend_query_us=7 total_us=1444 [21272,21285][transport_manager.cpp:727,GetStatus]
[HIXL_PERF] event=hccl_batch op=1 desc_num=108 hccl_us=86 status=0
[HIXL_PERF] event=issue_hccl_batch op=1 list_num=108 total_us=95
[HIXL_PERF] event=issue_async_host_flag op=1 list_num=108 context_us=0 hccl_issue_us=97 flag_memcpy_us=4 total_us=101
[HIXL_PERF] event=comm_channel_async op=1 list_num=108 mutex_wait_us=0 slot_us=1 host_flag_us=0 record_us=0 issue_us=104 total_us=105
[HIXL_PERF] event=adxl_inner_async op=1 list_num=108 context_us=1 connect_us=0 get_channel_us=0 channel_async_us=107 tail_us=0 total_us=108
[HIXL_PERF] event=comm_engine_async op=1 list_num=108 desc_build_us=1 inner_us=110 total_us=111 status=0
[2026-08-24 20:57:11.830238][UC][I] [HIXL_WORKER_PERF] task_id=301 queue_depth=1 enqueue_lock_wait_us=0 enqueue_us=0 queue_wait_us=5 execute_us=116 result_post_us=5 total_us=126 status=0 [21272,21286][hixl_instance.cpp:107,Run]
[2026-08-24 20:57:11.830245][UC][I] [PERF] component=transport event=transfer_submitted manager=127.0.0.1:8000 target=127.0.0.1:4504 handle=87 transport_handle=87 opcode=1 direct=2 segments=108 bytes=7962624 submitted_ts_us=1787576231830244 manager_execute_async_ts_us=1787576231830110 backend_execute_async_ts_us=1787576231830118 manager_to_backend_execute_async_us=8 submit_us=134 [21272,21286][transport_manager.cpp:674,ExecuteAsync]
[HIXL_PERF] event=hccl_batch op=1 desc_num=1 hccl_us=54 status=0
[HIXL_PERF] event=issue_hccl_batch op=1 list_num=1 total_us=63
[HIXL_PERF] event=issue_async_host_flag op=1 list_num=1 context_us=0 hccl_issue_us=65 flag_memcpy_us=4 total_us=69
[HIXL_PERF] event=comm_channel_async op=1 list_num=1 mutex_wait_us=0 slot_us=0 host_flag_us=0 record_us=1 issue_us=73 total_us=74
[HIXL_PERF] event=adxl_inner_async op=1 list_num=1 context_us=1 connect_us=0 get_channel_us=0 channel_async_us=77 tail_us=1 total_us=79
[HIXL_PERF] event=comm_engine_async op=1 list_num=1 desc_build_us=0 inner_us=81 total_us=81 status=0
[2026-08-24 20:57:11.830278][UC][I] [HIXL_WORKER_PERF] task_id=302 queue_depth=1 enqueue_lock_wait_us=0 enqueue_us=1 queue_wait_us=4 execute_us=85 result_post_us=4 total_us=94 status=0 [21272,21285][hixl_instance.cpp:107,Run]
[2026-08-24 20:57:11.830285][UC][I] [PERF] component=transport event=transfer_submitted manager=127.0.0.1:8000 target=127.0.0.1:4503 handle=88 transport_handle=88 opcode=1 direct=2 segments=1 bytes=63 submitted_ts_us=1787576231830284 manager_execute_async_ts_us=1787576231830182 backend_execute_async_ts_us=1787576231830188 manager_to_backend_execute_async_us=5 submit_us=101 [21272,21285][transport_manager.cpp:674,ExecuteAsync]
[HIXL_QUERY_PERF] layer=comm_channel request=0x22 mutex_wait_us=1 check_us=0 lookup_us=0 flag_check_us=0 complete_us=0 total_us=1 transfer_status=0
[HIXL_QUERY_PERF] layer=adxl_inner request=0x22 context_us=1 req_lock_wait_us=0 lookup_us=0 channel_us=6 cleanup_us=0 total_us=7 status=0 transfer_status=0
[HIXL_QUERY_PERF] layer=comm_engine request=0x22 total_us=10 status=0 transfer_status=0
[2026-08-24 20:57:11.830318][UC][I] [HIXL_WORKER_PERF] task_id=304 queue_depth=1 enqueue_lock_wait_us=0 enqueue_us=0 queue_wait_us=6 execute_us=13 result_post_us=4 total_us=23 status=0 [21272,21285][hixl_instance.cpp:107,Run]
[2026-08-24 20:57:11.830326][UC][I] [QUERY_PERF] component=ucm layer=hixl_instance request=0x22 queue_wait_us=6 backend_us=13 run_post_us=13 total_us=32 api_status=0 transfer_status=0 [21272,21285][hixl_instance.cpp:370,GetTransferStatus]
[2026-08-24 20:57:11.830330][UC][I] [QUERY_PERF] component=ucm layer=hixl_transport handle=81 request=0x22 lifecycle_lock_us=1 pending_lock_wait_us=0 pending_lookup_us=0 instance_us=35 erase_us=0 total_us=36 transfer_status=0 [21272,21285][hixl_transport.cpp:734,GetStatus]
[2026-08-24 20:57:11.830334][UC][I] [QUERY_PERF] component=ucm layer=transport_manager handle=81 transport_handle=81 transfers_lock_wait_us=0 lookup_us=0 transport_us=40 total_us=40 api_status=0 transfer_status=0 [21272,21285][transport_manager.cpp:716,GetStatus]
[HIXL_QUERY_PERF] layer=comm_channel request=0x23 mutex_wait_us=1 check_us=0 lookup_us=0 flag_check_us=0 complete_us=0 total_us=1 transfer_status=0
[HIXL_QUERY_PERF] layer=adxl_inner request=0x23 context_us=1 req_lock_wait_us=0 lookup_us=0 channel_us=6 cleanup_us=0 total_us=7 status=0 transfer_status=0
[HIXL_QUERY_PERF] layer=comm_engine request=0x23 total_us=9 status=0 transfer_status=0
[2026-08-24 20:57:11.830361][UC][I] [HIXL_WORKER_PERF] task_id=305 queue_depth=1 enqueue_lock_wait_us=0 enqueue_us=0 queue_wait_us=5 execute_us=12 result_post_us=4 total_us=21 status=0 [21272,21285][hixl_instance.cpp:107,Run]
[2026-08-24 20:57:11.830368][UC][I] [QUERY_PERF] component=ucm layer=hixl_instance request=0x23 queue_wait_us=5 backend_us=12 run_post_us=11 total_us=28 api_status=0 transfer_status=0 [21272,21285][hixl_instance.cpp:370,GetTransferStatus]
[2026-08-24 20:57:11.830371][UC][I] [QUERY_PERF] component=ucm layer=hixl_transport handle=84 request=0x23 lifecycle_lock_us=0 pending_lock_wait_us=0 pending_lookup_us=0 instance_us=33 erase_us=0 total_us=33 transfer_status=0 [21272,21285][hixl_transport.cpp:734,GetStatus]
[2026-08-24 20:57:11.830375][UC][I] [QUERY_PERF] component=ucm layer=transport_manager handle=84 transport_handle=84 transfers_lock_wait_us=0 lookup_us=0 transport_us=37 total_us=37 api_status=0 transfer_status=0 [21272,21285][transport_manager.cpp:716,GetStatus]
[HIXL_PERF] event=hccl_batch op=1 desc_num=108 hccl_us=77 status=0
[HIXL_PERF] event=issue_hccl_batch op=1 list_num=108 total_us=84
[HIXL_QUERY_PERF] layer=comm_channel request=0x24 mutex_wait_us=0 check_us=0 lookup_us=1 flag_check_us=0 complete_us=0 total_us=1 transfer_status=0
[HIXL_QUERY_PERF] layer=adxl_inner request=0x24 context_us=1 req_lock_wait_us=0 lookup_us=0 channel_us=9 cleanup_us=0 total_us=10 status=0 transfer_status=0
[HIXL_QUERY_PERF] layer=comm_engine request=0x24 total_us=12 status=0 transfer_status=0
[HIXL_PERF] event=issue_async_host_flag op=1 list_num=108 context_us=1 hccl_issue_us=87 flag_memcpy_us=4 total_us=92
[HIXL_PERF] event=comm_channel_async op=1 list_num=108 mutex_wait_us=0 slot_us=1 host_flag_us=0 record_us=0 issue_us=96 total_us=97
[HIXL_PERF] event=adxl_inner_async op=1 list_num=108 context_us=1 connect_us=0 get_channel_us=0 channel_async_us=99 tail_us=0 total_us=100
[2026-08-24 20:57:11.830403][UC][I] [HIXL_WORKER_PERF] task_id=306 queue_depth=1 enqueue_lock_wait_us=0 enqueue_us=0 queue_wait_us=5 execute_us=14 result_post_us=4 total_us=23 status=0 [21272,21285][hixl_instance.cpp:107,Run]
[HIXL_PERF] event=comm_engine_async op=1 list_num=108 desc_build_us=1 inner_us=103 total_us=104 status=0
[2026-08-24 20:57:11.830410][UC][I] [QUERY_PERF] component=ucm layer=hixl_instance request=0x24 queue_wait_us=6 backend_us=14 run_post_us=10 total_us=30 api_status=0 transfer_status=0 [21272,21285][hixl_instance.cpp:370,GetTransferStatus]
[2026-08-24 20:57:11.830416][UC][I] [QUERY_PERF] component=ucm layer=hixl_transport handle=86 request=0x24 lifecycle_lock_us=0 pending_lock_wait_us=0 pending_lookup_us=0 instance_us=36 erase_us=0 total_us=36 transfer_status=0 [21272,21285][hixl_transport.cpp:734,GetStatus]
[2026-08-24 20:57:11.830419][UC][I] [HIXL_WORKER_PERF] task_id=303 queue_depth=1 enqueue_lock_wait_us=0 enqueue_us=0 queue_wait_us=6 execute_us=113 result_post_us=5 total_us=124 status=0 [21272,21286][hixl_instance.cpp:107,Run]
[2026-08-24 20:57:11.830419][UC][I] [QUERY_PERF] component=ucm layer=transport_manager handle=86 transport_handle=86 transfers_lock_wait_us=0 lookup_us=0 transport_us=40 total_us=40 api_status=0 transfer_status=0 [21272,21285][transport_manager.cpp:716,GetStatus]
[2026-08-24 20:57:11.830431][UC][I] [PERF] component=transport event=transfer_submitted manager=127.0.0.1:8000 target=127.0.0.1:4504 handle=89 transport_handle=89 opcode=1 direct=2 segments=108 bytes=7962624 submitted_ts_us=1787576231830430 manager_execute_async_ts_us=1787576231830292 backend_execute_async_ts_us=1787576231830301 manager_to_backend_execute_async_us=9 submit_us=138 [21272,21286][transport_manager.cpp:674,ExecuteAsync]
[HIXL_QUERY_PERF] layer=comm_channel request=0x25 mutex_wait_us=0 check_us=0 lookup_us=1 flag_check_us=0 complete_us=0 total_us=1 transfer_status=0
[HIXL_QUERY_PERF] layer=adxl_inner request=0x25 context_us=1 req_lock_wait_us=0 lookup_us=0 channel_us=5 cleanup_us=0 total_us=6 status=0 transfer_status=0
[HIXL_QUERY_PERF] layer=comm_engine request=0x25 total_us=9 status=0 transfer_status=0
[2026-08-24 20:57:11.830467][UC][I] [HIXL_WORKER_PERF] task_id=307 queue_depth=1 enqueue_lock_wait_us=0 enqueue_us=0 queue_wait_us=5 execute_us=12 result_post_us=5 total_us=22 status=0 [21272,21285][hixl_instance.cpp:107,Run]
[2026-08-24 20:57:11.830473][UC][I] [QUERY_PERF] component=ucm layer=hixl_instance request=0x25 queue_wait_us=5 backend_us=12 run_post_us=12 total_us=29 api_status=0 transfer_status=0 [21272,21285][hixl_instance.cpp:370,GetTransferStatus]
[2026-08-24 20:57:11.830477][UC][I] [QUERY_PERF] component=ucm layer=hixl_transport handle=88 request=0x25 lifecycle_lock_us=0 pending_lock_wait_us=0 pending_lookup_us=1 instance_us=32 erase_us=0 total_us=33 transfer_status=0 [21272,21285][hixl_transport.cpp:734,GetStatus]
[2026-08-24 20:57:11.830480][UC][I] [QUERY_PERF] component=ucm layer=transport_manager handle=88 transport_handle=88 transfers_lock_wait_us=0 lookup_us=0 transport_us=37 total_us=37 api_status=0 transfer_status=0 [21272,21285][transport_manager.cpp:716,GetStatus]
[HIXL_QUERY_PERF] layer=comm_channel request=0x1f mutex_wait_us=0 check_us=0 lookup_us=0 flag_check_us=0 complete_us=1 total_us=1 transfer_status=1
[HIXL_QUERY_PERF] layer=adxl_inner request=0x1f context_us=0 req_lock_wait_us=0 lookup_us=1 channel_us=6 cleanup_us=0 total_us=7 status=0 transfer_status=1
[HIXL_QUERY_PERF] layer=comm_engine request=0x1f total_us=9 status=0 transfer_status=1
[2026-08-24 20:57:11.830508][UC][I] [HIXL_WORKER_PERF] task_id=309 queue_depth=1 enqueue_lock_wait_us=1 enqueue_us=0 queue_wait_us=4 execute_us=12 result_post_us=4 total_us=21 status=0 [21272,21285][hixl_instance.cpp:107,Run]
[2026-08-24 20:57:11.830513][UC][I] [QUERY_PERF] component=ucm layer=hixl_instance request=0x1f queue_wait_us=5 backend_us=12 run_post_us=10 total_us=27 api_status=0 transfer_status=1 [21272,21285][hixl_instance.cpp:370,GetTransferStatus]
[2026-08-24 20:57:11.830517][UC][I] [QUERY_PERF] component=ucm layer=hixl_transport handle=78 request=0x1f lifecycle_lock_us=0 pending_lock_wait_us=0 pending_lookup_us=0 instance_us=30 erase_us=0 total_us=30 transfer_status=1 [21272,21285][hixl_transport.cpp:734,GetStatus]
[2026-08-24 20:57:11.830521][UC][I] [QUERY_PERF] component=ucm layer=transport_manager handle=78 transport_handle=78 transfers_lock_wait_us=0 lookup_us=0 transport_us=34 total_us=34 api_status=0 transfer_status=1 [21272,21285][transport_manager.cpp:716,GetStatus]
[2026-08-24 20:57:11.830525][UC][I] [PERF] component=transport event=transfer_done manager=127.0.0.1:8000 target=127.0.0.1:4503 handle=78 transport_handle=78 opcode=1 direct=2 segments=108 bytes=7962624 status=1 api_status=0 submitted_ts_us=1787576231829084 completed_ts_us=1787576231830525 manager_get_status_ts_us=1787576231830485 backend_query_ts_us=1787576231830491 submit_us=161 transfer_us=1441 manager_to_backend_query_us=5 total_us=1602 [21272,21285][transport_manager.cpp:727,GetStatus]
[HIXL_PERF] event=hccl_batch op=1 desc_num=108 hccl_us=85 status=0
[HIXL_PERF] event=issue_hccl_batch op=1 list_num=108 total_us=92
[HIXL_PERF] event=issue_async_host_flag op=1 list_num=108 context_us=0 hccl_issue_us=94 flag_memcpy_us=5 total_us=99
[HIXL_PERF] event=comm_channel_async op=1 list_num=108 mutex_wait_us=0 slot_us=0 host_flag_us=0 record_us=0 issue_us=101 total_us=101
[HIXL_PERF] event=adxl_inner_async op=1 list_num=108 context_us=1 connect_us=0 get_channel_us=0 channel_async_us=104 tail_us=1 total_us=106
[HIXL_PERF] event=comm_engine_async op=1 list_num=108 desc_build_us=1 inner_us=107 total_us=108 status=0
[2026-08-24 20:57:11.830587][UC][I] [HIXL_WORKER_PERF] task_id=308 queue_depth=1 enqueue_lock_wait_us=0 enqueue_us=0 queue_wait_us=5 execute_us=113 result_post_us=5 total_us=123 status=0 [21272,21286][hixl_instance.cpp:107,Run]
[2026-08-24 20:57:11.830594][UC][I] [PERF] component=transport event=transfer_submitted manager=127.0.0.1:8000 target=127.0.0.1:4504 handle=90 transport_handle=90 opcode=1 direct=2 segments=108 bytes=7962624 submitted_ts_us=1787576231830593 manager_execute_async_ts_us=1787576231830461 backend_execute_async_ts_us=1787576231830470 manager_to_backend_execute_async_us=9 submit_us=131 [21272,21286][transport_manager.cpp:674,ExecuteAsync]
[HIXL_PERF] event=hccl_batch op=1 desc_num=1 hccl_us=54 status=0
[HIXL_PERF] event=issue_hccl_batch op=1 list_num=1 total_us=60
[HIXL_PERF] event=issue_async_host_flag op=1 list_num=1 context_us=1 hccl_issue_us=62 flag_memcpy_us=5 total_us=68
[HIXL_PERF] event=comm_channel_async op=1 list_num=1 mutex_wait_us=0 slot_us=0 host_flag_us=0 record_us=0 issue_us=71 total_us=71
[HIXL_PERF] event=adxl_inner_async op=1 list_num=1 context_us=0 connect_us=0 get_channel_us=1 channel_async_us=73 tail_us=0 total_us=74
[HIXL_PERF] event=comm_engine_async op=1 list_num=1 desc_build_us=0 inner_us=76 total_us=76 status=0
[2026-08-24 20:57:11.830647][UC][I] [HIXL_WORKER_PERF] task_id=310 queue_depth=1 enqueue_lock_wait_us=0 enqueue_us=0 queue_wait_us=5 execute_us=80 result_post_us=5 total_us=90 status=0 [21272,21285][hixl_instance.cpp:107,Run]
[2026-08-24 20:57:11.830655][UC][I] [PERF] component=transport event=transfer_submitted manager=127.0.0.1:8000 target=127.0.0.1:4503 handle=91 transport_handle=91 opcode=1 direct=2 segments=1 bytes=63 submitted_ts_us=1787576231830654 manager_execute_async_ts_us=1787576231830556 backend_execute_async_ts_us=1787576231830562 manager_to_backend_execute_async_us=6 submit_us=98 [21272,21285][transport_manager.cpp:674,ExecuteAsync]
[HIXL_QUERY_PERF] layer=comm_channel request=0x20 mutex_wait_us=0 check_us=0 lookup_us=0 flag_check_us=1 complete_us=1 total_us=2 transfer_status=1
[HIXL_QUERY_PERF] layer=adxl_inner request=0x20 context_us=0 req_lock_wait_us=0 lookup_us=1 channel_us=6 cleanup_us=1 total_us=8 status=0 transfer_status=1
[HIXL_QUERY_PERF] layer=comm_engine request=0x20 total_us=12 status=0 transfer_status=1
[2026-08-24 20:57:11.830693][UC][I] [HIXL_WORKER_PERF] task_id=312 queue_depth=1 enqueue_lock_wait_us=0 enqueue_us=0 queue_wait_us=5 execute_us=16 result_post_us=4 total_us=25 status=0 [21272,21285][hixl_instance.cpp:107,Run]
[2026-08-24 20:57:11.830699][UC][I] [QUERY_PERF] component=ucm layer=hixl_instance request=0x20 queue_wait_us=5 backend_us=16 run_post_us=10 total_us=31 api_status=0 transfer_status=1 [21272,21285][hixl_instance.cpp:370,GetTransferStatus]
[2026-08-24 20:57:11.830702][UC][I] [QUERY_PERF] component=ucm layer=hixl_transport handle=79 request=0x20 lifecycle_lock_us=0 pending_lock_wait_us=0 pending_lookup_us=1 instance_us=34 erase_us=1 total_us=36 transfer_status=1 [21272,21285][hixl_transport.cpp:734,GetStatus]
[2026-08-24 20:57:11.830707][UC][I] [QUERY_PERF] component=ucm layer=transport_manager handle=79 transport_handle=79 transfers_lock_wait_us=0 lookup_us=0 transport_us=40 total_us=40 api_status=0 transfer_status=1 [21272,21285][transport_manager.cpp:716,GetStatus]
[2026-08-24 20:57:11.830711][UC][I] [PERF] component=transport event=transfer_done manager=127.0.0.1:8000 target=127.0.0.1:4503 handle=79 transport_handle=79 opcode=1 direct=2 segments=108 bytes=7962624 status=1 api_status=0 submitted_ts_us=1787576231829304 completed_ts_us=1787576231830710 manager_get_status_ts_us=1787576231830666 backend_query_ts_us=1787576231830672 submit_us=193 transfer_us=1407 manager_to_backend_query_us=6 total_us=1600 [21272,21285][transport_manager.cpp:727,GetStatus]
[HIXL_PERF] event=hccl_batch op=1 desc_num=108 hccl_us=142 status=0
[HIXL_PERF] event=issue_hccl_batch op=1 list_num=108 total_us=152
[HIXL_PERF] event=hccl_batch op=1 desc_num=1 hccl_us=54 status=0
[HIXL_PERF] event=issue_hccl_batch op=1 list_num=1 total_us=66
[HIXL_PERF] event=issue_async_host_flag op=1 list_num=108 context_us=1 hccl_issue_us=154 flag_memcpy_us=5 total_us=160
[HIXL_PERF] event=comm_channel_async op=1 list_num=108 mutex_wait_us=0 slot_us=1 host_flag_us=0 record_us=0 issue_us=163 total_us=164
[HIXL_PERF] event=issue_async_host_flag op=1 list_num=1 context_us=0 hccl_issue_us=68 flag_memcpy_us=5 total_us=73
[HIXL_PERF] event=comm_channel_async op=1 list_num=1 mutex_wait_us=1 slot_us=0 host_flag_us=0 record_us=0 issue_us=77 total_us=78
[HIXL_PERF] event=adxl_inner_async op=1 list_num=108 context_us=1 connect_us=0 get_channel_us=0 channel_async_us=166 tail_us=1 total_us=168
[HIXL_PERF] event=comm_engine_async op=1 list_num=108 desc_build_us=1 inner_us=177 total_us=178 status=0
[HIXL_PERF] event=adxl_inner_async op=1 list_num=1 context_us=1 connect_us=0 get_channel_us=0 channel_async_us=80 tail_us=0 total_us=81
[HIXL_PERF] event=comm_engine_async op=1 list_num=1 desc_build_us=0 inner_us=92 total_us=92 status=0
[2026-08-24 20:57:11.830841][UC][I] [HIXL_WORKER_PERF] task_id=311 queue_depth=1 enqueue_lock_wait_us=0 enqueue_us=0 queue_wait_us=5 execute_us=194 result_post_us=5 total_us=204 status=0 [21272,21286][hixl_instance.cpp:107,Run]
[2026-08-24 20:57:11.830850][UC][I] [HIXL_WORKER_PERF] task_id=313 queue_depth=1 enqueue_lock_wait_us=1 enqueue_us=0 queue_wait_us=5 execute_us=96 result_post_us=5 total_us=107 status=0 [21272,21285][hixl_instance.cpp:107,Run]
[2026-08-24 20:57:11.830851][UC][I] [PERF] component=transport event=transfer_submitted manager=127.0.0.1:8000 target=127.0.0.1:4501 handle=92 transport_handle=92 opcode=1 direct=2 segments=108 bytes=7962624 submitted_ts_us=1787576231830849 manager_execute_async_ts_us=1787576231830635 backend_execute_async_ts_us=1787576231830653 manager_to_backend_execute_async_us=18 submit_us=214 [21272,21286][transport_manager.cpp:674,ExecuteAsync]
[2026-08-24 20:57:11.830860][UC][I] [PERF] component=transport event=transfer_submitted manager=127.0.0.1:8000 target=127.0.0.1:4503 handle=93 transport_handle=93 opcode=1 direct=2 segments=1 bytes=63 submitted_ts_us=1787576231830859 manager_execute_async_ts_us=1787576231830741 backend_execute_async_ts_us=1787576231830748 manager_to_backend_execute_async_us=6 submit_us=118 [21272,21285][transport_manager.cpp:674,ExecuteAsync]
[HIXL_QUERY_PERF] layer=comm_channel request=0x21 mutex_wait_us=0 check_us=0 lookup_us=1 flag_check_us=0 complete_us=0 total_us=1 transfer_status=0
[HIXL_QUERY_PERF] layer=adxl_inner request=0x21 context_us=1 req_lock_wait_us=0 lookup_us=0 channel_us=6 cleanup_us=0 total_us=7 status=0 transfer_status=0
[HIXL_QUERY_PERF] layer=comm_engine request=0x21 total_us=10 status=0 transfer_status=0
[2026-08-24 20:57:11.830901][UC][I] [HIXL_WORKER_PERF] task_id=314 queue_depth=1 enqueue_lock_wait_us=1 enqueue_us=0 queue_wait_us=5 execute_us=14 result_post_us=4 total_us=24 status=0 [21272,21285][hixl_instance.cpp:107,Run]
[2026-08-24 20:57:11.830906][UC][I] [QUERY_PERF] component=ucm layer=hixl_instance request=0x21 queue_wait_us=6 backend_us=14 run_post_us=9 total_us=29 api_status=0 transfer_status=0 [21272,21285][hixl_instance.cpp:370,GetTransferStatus]
[2026-08-24 20:57:11.830909][UC][I] [QUERY_PERF] component=ucm layer=hixl_transport handle=80 request=0x21 lifecycle_lock_us=0 pending_lock_wait_us=0 pending_lookup_us=0 instance_us=32 erase_us=0 total_us=32 transfer_status=0 [21272,21285][hixl_transport.cpp:734,GetStatus]
[2026-08-24 20:57:11.830914][UC][I] [QUERY_PERF] component=ucm layer=transport_manager handle=80 transport_handle=80 transfers_lock_wait_us=0 lookup_us=0 transport_us=38 total_us=38 api_status=0 transfer_status=0 [21272,21285][transport_manager.cpp:716,GetStatus]
[HIXL_PERF] event=hccl_batch op=1 desc_num=108 hccl_us=82 status=0
[HIXL_PERF] event=issue_hccl_batch op=1 list_num=108 total_us=88
[HIXL_PERF] event=issue_async_host_flag op=1 list_num=108 context_us=1 hccl_issue_us=91 flag_memcpy_us=4 total_us=96
[HIXL_PERF] event=comm_channel_async op=1 list_num=108 mutex_wait_us=0 slot_us=0 host_flag_us=0 record_us=0 issue_us=99 total_us=99
[HIXL_PERF] event=adxl_inner_async op=1 list_num=108 context_us=1 connect_us=0 get_channel_us=1 channel_async_us=101 tail_us=1 total_us=104
[HIXL_PERF] event=comm_engine_async op=1 list_num=108 desc_build_us=1 inner_us=106 total_us=107 status=0
[HIXL_QUERY_PERF] layer=comm_channel request=0x30 mutex_wait_us=0 check_us=0 lookup_us=1 flag_check_us=0 complete_us=2 total_us=3 transfer_status=1
[2026-08-24 20:57:11.831027][UC][I] [HIXL_WORKER_PERF] task_id=315 queue_depth=1 enqueue_lock_wait_us=0 enqueue_us=1 queue_wait_us=4 execute_us=112 result_post_us=6 total_us=123 status=0 [21272,21286][hixl_instance.cpp:107,Run]
[HIXL_QUERY_PERF] layer=adxl_inner request=0x30 context_us=1 req_lock_wait_us=0 lookup_us=0 channel_us=5 cleanup_us=1 total_us=7 status=0 transfer_status=1
[HIXL_QUERY_PERF] layer=comm_engine request=0x30 total_us=12 status=0 transfer_status=1
[2026-08-24 20:57:11.831036][UC][I] [PERF] component=transport event=transfer_submitted manager=127.0.0.1:8000 target=127.0.0.1:4501 handle=94 transport_handle=94 opcode=1 direct=2 segments=108 bytes=7962624 submitted_ts_us=1787576231831035 manager_execute_async_ts_us=1787576231830901 backend_execute_async_ts_us=1787576231830910 manager_to_backend_execute_async_us=9 submit_us=133 [21272,21286][transport_manager.cpp:674,ExecuteAsync]
[2026-08-24 20:57:11.831045][UC][I] [HIXL_WORKER_PERF] task_id=316 queue_depth=1 enqueue_lock_wait_us=0 enqueue_us=0 queue_wait_us=99 execute_us=17 result_post_us=5 total_us=121 status=0 [21272,21285][hixl_instance.cpp:107,Run]
[2026-08-24 20:57:11.831052][UC][I] [QUERY_PERF] component=ucm layer=hixl_instance request=0x30 queue_wait_us=100 backend_us=16 run_post_us=11 total_us=127 api_status=0 transfer_status=1 [21272,21285][hixl_instance.cpp:370,GetTransferStatus]
[2026-08-24 20:57:11.831058][UC][I] [QUERY_PERF] component=ucm layer=hixl_transport handle=82 request=0x30 lifecycle_lock_us=0 pending_lock_wait_us=0 pending_lookup_us=1 instance_us=133 erase_us=0 total_us=134 transfer_status=1 [21272,21285][hixl_transport.cpp:734,GetStatus]
[2026-08-24 20:57:11.831063][UC][I] [QUERY_PERF] component=ucm layer=transport_manager handle=82 transport_handle=82 transfers_lock_wait_us=0 lookup_us=0 transport_us=139 total_us=139 api_status=0 transfer_status=1 [21272,21285][transport_manager.cpp:716,GetStatus]
[2026-08-24 20:57:11.831068][UC][I] [PERF] component=transport event=transfer_done manager=127.0.0.1:8000 target=127.0.0.1:4504 handle=82 transport_handle=82 opcode=1 direct=2 segments=108 bytes=7962624 status=1 api_status=0 submitted_ts_us=1787576231829696 completed_ts_us=1787576231831067 manager_get_status_ts_us=1787576231830923 backend_query_ts_us=1787576231831024 submit_us=163 transfer_us=1371 manager_to_backend_query_us=101 total_us=1534 [21272,21285][transport_manager.cpp:727,GetStatus]
[HIXL_PERF] event=hccl_batch op=1 desc_num=108 hccl_us=79 status=0
[HIXL_PERF] event=issue_hccl_batch op=1 list_num=108 total_us=85
[HIXL_PERF] event=issue_async_host_flag op=1 list_num=108 context_us=0 hccl_issue_us=87 flag_memcpy_us=5 total_us=92
[HIXL_PERF] event=comm_channel_async op=1 list_num=108 mutex_wait_us=0 slot_us=0 host_flag_us=0 record_us=0 issue_us=95 total_us=95
[HIXL_PERF] event=adxl_inner_async op=1 list_num=108 context_us=0 connect_us=0 get_channel_us=1 channel_async_us=97 tail_us=0 total_us=98
[HIXL_PERF] event=comm_engine_async op=1 list_num=108 desc_build_us=1 inner_us=100 total_us=101 status=0
[2026-08-24 20:57:11.831187][UC][I] [HIXL_WORKER_PERF] task_id=317 queue_depth=1 enqueue_lock_wait_us=0 enqueue_us=0 queue_wait_us=5 execute_us=115 result_post_us=5 total_us=125 status=0 [21272,21286][hixl_instance.cpp:107,Run]
[2026-08-24 20:57:11.831197][UC][I] [PERF] component=transport event=transfer_submitted manager=127.0.0.1:8000 target=127.0.0.1:4501 handle=95 transport_handle=95 opcode=1 direct=2 segments=108 bytes=7962624 submitted_ts_us=1787576231831195 manager_execute_async_ts_us=1787576231831060 backend_execute_async_ts_us=1787576231831068 manager_to_backend_execute_async_us=8 submit_us=135 [21272,21286][transport_manager.cpp:674,ExecuteAsync]
[HIXL_PERF] event=hccl_batch op=1 desc_num=1 hccl_us=61 status=0
[HIXL_PERF] event=issue_hccl_batch op=1 list_num=1 total_us=67
[HIXL_PERF] event=issue_async_host_flag op=1 list_num=1 context_us=0 hccl_issue_us=69 flag_memcpy_us=4 total_us=73
[HIXL_PERF] event=comm_channel_async op=1 list_num=1 mutex_wait_us=0 slot_us=0 host_flag_us=0 record_us=0 issue_us=76 total_us=76
[HIXL_PERF] event=adxl_inner_async op=1 list_num=1 context_us=1 connect_us=0 get_channel_us=0 channel_async_us=79 tail_us=0 total_us=80
[HIXL_PERF] event=comm_engine_async op=1 list_num=1 desc_build_us=0 inner_us=82 total_us=82 status=0
[2026-08-24 20:57:11.831275][UC][I] [HIXL_WORKER_PERF] task_id=318 queue_depth=1 enqueue_lock_wait_us=0 enqueue_us=0 queue_wait_us=88 execute_us=84 result_post_us=5 total_us=177 status=0 [21272,21285][hixl_instance.cpp:107,Run]
[2026-08-24 20:57:11.831281][UC][I] [PERF] component=transport event=transfer_submitted manager=127.0.0.1:8000 target=127.0.0.1:4504 handle=96 transport_handle=96 opcode=1 direct=2 segments=1 bytes=63 submitted_ts_us=1787576231831280 manager_execute_async_ts_us=1787576231831096 backend_execute_async_ts_us=1787576231831185 manager_to_backend_execute_async_us=89 submit_us=184 [21272,21285][transport_manager.cpp:674,ExecuteAsync]
[HIXL_PERF] event=hccl_batch op=1 desc_num=108 hccl_us=87 status=0
[HIXL_PERF] event=issue_hccl_batch op=1 list_num=108 total_us=96
[HIXL_PERF] event=issue_async_host_flag op=1 list_num=108 context_us=1 hccl_issue_us=98 flag_memcpy_us=4 total_us=103
[HIXL_PERF] event=comm_channel_async op=1 list_num=108 mutex_wait_us=0 slot_us=0 host_flag_us=0 record_us=0 issue_us=107 total_us=107
[HIXL_PERF] event=adxl_inner_async op=1 list_num=108 context_us=0 connect_us=0 get_channel_us=1 channel_async_us=110 tail_us=1 total_us=112
[HIXL_PERF] event=comm_engine_async op=1 list_num=108 desc_build_us=1 inner_us=113 total_us=114 status=0
[HIXL_QUERY_PERF] layer=comm_channel request=0x31 mutex_wait_us=1 check_us=0 lookup_us=0 flag_check_us=0 complete_us=2 total_us=3 transfer_status=1
[2026-08-24 20:57:11.831397][UC][I] [HIXL_WORKER_PERF] task_id=319 queue_depth=1 enqueue_lock_wait_us=0 enqueue_us=0 queue_wait_us=34 execute_us=119 result_post_us=5 total_us=158 status=0 [21272,21286][hixl_instance.cpp:107,Run]
[HIXL_QUERY_PERF] layer=adxl_inner request=0x31 context_us=1 req_lock_wait_us=0 lookup_us=0 channel_us=5 cleanup_us=0 total_us=6 status=0 transfer_status=1
[HIXL_QUERY_PERF] layer=comm_engine request=0x31 total_us=12 status=0 transfer_status=1
[2026-08-24 20:57:11.831406][UC][I] [PERF] component=transport event=transfer_submitted manager=127.0.0.1:8000 target=127.0.0.1:4501 handle=97 transport_handle=97 opcode=1 direct=2 segments=108 bytes=7962624 submitted_ts_us=1787576231831405 manager_execute_async_ts_us=1787576231831236 backend_execute_async_ts_us=1787576231831273 manager_to_backend_execute_async_us=37 submit_us=169 [21272,21286][transport_manager.cpp:674,ExecuteAsync]
[2026-08-24 20:57:11.831412][UC][I] [HIXL_WORKER_PERF] task_id=320 queue_depth=1 enqueue_lock_wait_us=0 enqueue_us=1 queue_wait_us=107 execute_us=13 result_post_us=5 total_us=126 status=0 [21272,21285][hixl_instance.cpp:107,Run]
[2026-08-24 20:57:11.831418][UC][I] [QUERY_PERF] component=ucm layer=hixl_instance request=0x31 queue_wait_us=108 backend_us=13 run_post_us=10 total_us=131 api_status=0 transfer_status=1 [21272,21285][hixl_instance.cpp:370,GetTransferStatus]
[2026-08-24 20:57:11.831427][UC][I] [QUERY_PERF] component=ucm layer=hixl_transport handle=83 request=0x31 lifecycle_lock_us=0 pending_lock_wait_us=0 pending_lookup_us=0 instance_us=140 erase_us=0 total_us=140 transfer_status=1 [21272,21285][hixl_transport.cpp:734,GetStatus]
[2026-08-24 20:57:11.831432][UC][I] [QUERY_PERF] component=ucm layer=transport_manager handle=83 transport_handle=83 transfers_lock_wait_us=0 lookup_us=0 transport_us=145 total_us=145 api_status=0 transfer_status=1 [21272,21285][transport_manager.cpp:716,GetStatus]
[2026-08-24 20:57:11.831440][UC][I] [PERF] component=transport event=transfer_done manager=127.0.0.1:8000 target=127.0.0.1:4504 handle=83 transport_handle=83 opcode=1 direct=2 segments=108 bytes=7962624 status=1 api_status=0 submitted_ts_us=1787576231829885 completed_ts_us=1787576231831439 manager_get_status_ts_us=1787576231831285 backend_query_ts_us=1787576231831394 submit_us=151 transfer_us=1554 manager_to_backend_query_us=108 total_us=1705 [21272,21285][transport_manager.cpp:727,GetStatus]
[HIXL_PERF] event=hccl_batch op=1 desc_num=108 hccl_us=87 status=0
[HIXL_PERF] event=issue_hccl_batch op=1 list_num=108 total_us=94
[HIXL_PERF] event=issue_async_host_flag op=1 list_num=108 context_us=0 hccl_issue_us=96 flag_memcpy_us=4 total_us=100
[HIXL_PERF] event=comm_channel_async op=1 list_num=108 mutex_wait_us=0 slot_us=1 host_flag_us=0 record_us=0 issue_us=103 total_us=104
[HIXL_PERF] event=adxl_inner_async op=1 list_num=108 context_us=1 connect_us=0 get_channel_us=0 channel_async_us=109 tail_us=0 total_us=110
[HIXL_PERF] event=comm_engine_async op=1 list_num=108 desc_build_us=1 inner_us=113 total_us=114 status=0
[2026-08-24 20:57:11.831563][UC][I] [HIXL_WORKER_PERF] task_id=321 queue_depth=1 enqueue_lock_wait_us=0 enqueue_us=0 queue_wait_us=5 execute_us=119 result_post_us=5 total_us=129 status=0 [21272,21286][hixl_instance.cpp:107,Run]
[2026-08-24 20:57:11.831569][UC][I] [PERF] component=transport event=transfer_submitted manager=127.0.0.1:8000 target=127.0.0.1:4501 handle=98 transport_handle=98 opcode=1 direct=2 segments=108 bytes=7962624 submitted_ts_us=1787576231831568 manager_execute_async_ts_us=1787576231831431 backend_execute_async_ts_us=1787576231831440 manager_to_backend_execute_async_us=9 submit_us=136 [21272,21286][transport_manager.cpp:674,ExecuteAsync]
[HIXL_PERF] event=hccl_batch op=1 desc_num=1 hccl_us=53 status=0
[HIXL_PERF] event=issue_hccl_batch op=1 list_num=1 total_us=60
[HIXL_PERF] event=issue_async_host_flag op=1 list_num=1 context_us=0 hccl_issue_us=62 flag_memcpy_us=5 total_us=67
[HIXL_PERF] event=comm_channel_async op=1 list_num=1 mutex_wait_us=0 slot_us=0 host_flag_us=0 record_us=0 issue_us=69 total_us=69
[HIXL_PERF] event=adxl_inner_async op=1 list_num=1 context_us=0 connect_us=0 get_channel_us=1 channel_async_us=71 tail_us=0 total_us=72
[HIXL_PERF] event=comm_engine_async op=1 list_num=1 desc_build_us=0 inner_us=75 total_us=75 status=0
[2026-08-24 20:57:11.831644][UC][I] [HIXL_WORKER_PERF] task_id=322 queue_depth=1 enqueue_lock_wait_us=1 enqueue_us=0 queue_wait_us=92 execute_us=78 result_post_us=5 total_us=176 status=0 [21272,21285][hixl_instance.cpp:107,Run]
[2026-08-24 20:57:11.831651][UC][I] [PERF] component=transport event=transfer_submitted manager=127.0.0.1:8000 target=127.0.0.1:4504 handle=99 transport_handle=99 opcode=1 direct=2 segments=1 bytes=63 submitted_ts_us=1787576231831650 manager_execute_async_ts_us=1787576231831466 backend_execute_async_ts_us=1787576231831560 manager_to_backend_execute_async_us=93 submit_us=183 [21272,21285][transport_manager.cpp:674,ExecuteAsync]
[HIXL_PERF] event=hccl_batch op=1 desc_num=108 hccl_us=88 status=0
[HIXL_PERF] event=issue_hccl_batch op=1 list_num=108 total_us=96
[HIXL_PERF] event=issue_async_host_flag op=1 list_num=108 context_us=0 hccl_issue_us=97 flag_memcpy_us=5 total_us=102
[HIXL_PERF] event=comm_channel_async op=1 list_num=108 mutex_wait_us=0 slot_us=1 host_flag_us=0 record_us=0 issue_us=104 total_us=105
[HIXL_PERF] event=adxl_inner_async op=1 list_num=108 context_us=1 connect_us=0 get_channel_us=0 channel_async_us=107 tail_us=0 total_us=108
[HIXL_PERF] event=comm_engine_async op=1 list_num=108 desc_build_us=1 inner_us=117 total_us=118 status=0
[HIXL_QUERY_PERF] layer=comm_channel request=0x32 mutex_wait_us=1 check_us=0 lookup_us=0 flag_check_us=0 complete_us=1 total_us=2 transfer_status=1
[2026-08-24 20:57:11.831769][UC][I] [HIXL_WORKER_PERF] task_id=323 queue_depth=1 enqueue_lock_wait_us=0 enqueue_us=0 queue_wait_us=30 execute_us=122 result_post_us=5 total_us=157 status=0 [21272,21286][hixl_instance.cpp:107,Run]
[HIXL_QUERY_PERF] layer=adxl_inner request=0x32 context_us=1 req_lock_wait_us=0 lookup_us=0 channel_us=6 cleanup_us=0 total_us=7 status=0 transfer_status=1
[HIXL_QUERY_PERF] layer=comm_engine request=0x32 total_us=14 status=0 transfer_status=1
[2026-08-24 20:57:11.831780][UC][I] [PERF] component=transport event=transfer_submitted manager=127.0.0.1:8000 target=127.0.0.1:4501 handle=100 transport_handle=100 opcode=1 direct=2 segments=108 bytes=7962624 submitted_ts_us=1787576231831779 manager_execute_async_ts_us=1787576231831607 backend_execute_async_ts_us=1787576231831642 manager_to_backend_execute_async_us=35 submit_us=169 [21272,21286][transport_manager.cpp:674,ExecuteAsync]
[2026-08-24 20:57:11.831789][UC][I] [HIXL_WORKER_PERF] task_id=324 queue_depth=1 enqueue_lock_wait_us=0 enqueue_us=0 queue_wait_us=109 execute_us=17 result_post_us=5 total_us=131 status=0 [21272,21285][hixl_instance.cpp:107,Run]
[2026-08-24 20:57:11.831796][UC][I] [QUERY_PERF] component=ucm layer=hixl_instance request=0x32 queue_wait_us=109 backend_us=17 run_post_us=12 total_us=138 api_status=0 transfer_status=1 [21272,21285][hixl_instance.cpp:370,GetTransferStatus]
[2026-08-24 20:57:11.831802][UC][I] [QUERY_PERF] component=ucm layer=hixl_transport handle=85 request=0x32 lifecycle_lock_us=0 pending_lock_wait_us=0 pending_lookup_us=0 instance_us=144 erase_us=0 total_us=144 transfer_status=1 [21272,21285][hixl_transport.cpp:734,GetStatus]
[2026-08-24 20:57:11.831812][UC][I] [QUERY_PERF] component=ucm layer=transport_manager handle=85 transport_handle=85 transfers_lock_wait_us=1 lookup_us=0 transport_us=154 total_us=155 api_status=0 transfer_status=1 [21272,21285][transport_manager.cpp:716,GetStatus]
[2026-08-24 20:57:11.831817][UC][I] [PERF] component=transport event=transfer_done manager=127.0.0.1:8000 target=127.0.0.1:4504 handle=85 transport_handle=85 opcode=1 direct=2 segments=108 bytes=7962624 status=1 api_status=0 submitted_ts_us=1787576231830069 completed_ts_us=1787576231831816 manager_get_status_ts_us=1787576231831656 backend_query_ts_us=1787576231831766 submit_us=138 transfer_us=1747 manager_to_backend_query_us=110 total_us=1885 [21272,21285][transport_manager.cpp:727,GetStatus]
[HIXL_PERF] event=hccl_batch op=1 desc_num=108 hccl_us=96 status=0
[HIXL_PERF] event=issue_hccl_batch op=1 list_num=108 total_us=109
[HIXL_PERF] event=issue_async_host_flag op=1 list_num=108 context_us=0 hccl_issue_us=112 flag_memcpy_us=8 total_us=120
[HIXL_PERF] event=comm_channel_async op=1 list_num=108 mutex_wait_us=0 slot_us=1 host_flag_us=8 record_us=1 issue_us=122 total_us=132
[HIXL_PERF] event=adxl_inner_async op=1 list_num=108 context_us=1 connect_us=0 get_channel_us=0 channel_async_us=134 tail_us=0 total_us=135
[HIXL_PERF] event=comm_engine_async op=1 list_num=108 desc_build_us=1 inner_us=138 total_us=139 status=0
[2026-08-24 20:57:11.831969][UC][I] [HIXL_WORKER_PERF] task_id=325 queue_depth=1 enqueue_lock_wait_us=0 enqueue_us=1 queue_wait_us=5 execute_us=143 result_post_us=6 total_us=155 status=0 [21272,21286][hixl_instance.cpp:107,Run]
[2026-08-24 20:57:11.831979][UC][I] [PERF] component=transport event=transfer_submitted manager=127.0.0.1:8000 target=127.0.0.1:4501 handle=101 transport_handle=101 opcode=1 direct=2 segments=108 bytes=7962624 submitted_ts_us=1787576231831977 manager_execute_async_ts_us=1787576231831803 backend_execute_async_ts_us=1787576231831820 manager_to_backend_execute_async_us=17 submit_us=166 [21272,21286][transport_manager.cpp:674,ExecuteAsync]
[HIXL_PERF] event=hccl_batch op=1 desc_num=1 hccl_us=59 status=0
[HIXL_PERF] event=issue_hccl_batch op=1 list_num=1 total_us=66
[HIXL_PERF] event=issue_async_host_flag op=1 list_num=1 context_us=1 hccl_issue_us=71 flag_memcpy_us=4 total_us=76
[HIXL_PERF] event=comm_channel_async op=1 list_num=1 mutex_wait_us=0 slot_us=0 host_flag_us=0 record_us=0 issue_us=79 total_us=79
[HIXL_PERF] event=adxl_inner_async op=1 list_num=1 context_us=0 connect_us=0 get_channel_us=1 channel_async_us=80 tail_us=1 total_us=82
[HIXL_PERF] event=comm_engine_async op=1 list_num=1 desc_build_us=1 inner_us=84 total_us=85 status=0
[2026-08-24 20:57:11.832062][UC][I] [HIXL_WORKER_PERF] task_id=326 queue_depth=1 enqueue_lock_wait_us=0 enqueue_us=1 queue_wait_us=121 execute_us=90 result_post_us=5 total_us=217 status=0 [21272,21285][hixl_instance.cpp:107,Run]
[2026-08-24 20:57:11.832070][UC][I] [PERF] component=transport event=transfer_submitted manager=127.0.0.1:8000 target=127.0.0.1:4504 handle=102 transport_handle=102 opcode=1 direct=2 segments=1 bytes=63 submitted_ts_us=1787576231832068 manager_execute_async_ts_us=1787576231831843 backend_execute_async_ts_us=1787576231831966 manager_to_backend_execute_async_us=123 submit_us=225 [21272,21285][transport_manager.cpp:674,ExecuteAsync]
[HIXL_PERF] event=hccl_batch op=1 desc_num=108 hccl_us=82 status=0
[HIXL_PERF] event=issue_hccl_batch op=1 list_num=108 total_us=89
[HIXL_PERF] event=issue_async_host_flag op=1 list_num=108 context_us=1 hccl_issue_us=91 flag_memcpy_us=4 total_us=96
[HIXL_PERF] event=comm_channel_async op=1 list_num=108 mutex_wait_us=0 slot_us=0 host_flag_us=5 record_us=0 issue_us=98 total_us=103
[HIXL_PERF] event=adxl_inner_async op=1 list_num=108 context_us=0 connect_us=0 get_channel_us=0 channel_async_us=106 tail_us=1 total_us=107
[HIXL_PERF] event=comm_engine_async op=1 list_num=108 desc_build_us=0 inner_us=109 total_us=109 status=0
[HIXL_QUERY_PERF] layer=comm_channel request=0x33 mutex_wait_us=0 check_us=0 lookup_us=0 flag_check_us=0 complete_us=2 total_us=2 transfer_status=1
[2026-08-24 20:57:11.832179][UC][I] [HIXL_WORKER_PERF] task_id=327 queue_depth=1 enqueue_lock_wait_us=0 enqueue_us=0 queue_wait_us=39 execute_us=114 result_post_us=5 total_us=158 status=0 [21272,21286][hixl_instance.cpp:107,Run]
[HIXL_QUERY_PERF] layer=adxl_inner request=0x33 context_us=1 req_lock_wait_us=0 lookup_us=1 channel_us=4 cleanup_us=1 total_us=7 status=0 transfer_status=1
[2026-08-24 20:57:11.832189][UC][I] [PERF] component=transport event=transfer_submitted manager=127.0.0.1:8000 target=127.0.0.1:4501 handle=103 transport_handle=103 opcode=1 direct=2 segments=108 bytes=7962624 submitted_ts_us=1787576231832188 manager_execute_async_ts_us=1787576231832018 backend_execute_async_ts_us=1787576231832060 manager_to_backend_execute_async_us=42 submit_us=169 [21272,21286][transport_manager.cpp:674,ExecuteAsync]
[HIXL_QUERY_PERF] layer=comm_engine request=0x33 total_us=14 status=0 transfer_status=1
[2026-08-24 20:57:11.832201][UC][I] [HIXL_WORKER_PERF] task_id=328 queue_depth=1 enqueue_lock_wait_us=0 enqueue_us=0 queue_wait_us=100 execute_us=20 result_post_us=4 total_us=124 status=0 [21272,21285][hixl_instance.cpp:107,Run]
[2026-08-24 20:57:11.832208][UC][I] [QUERY_PERF] component=ucm layer=hixl_instance request=0x33 queue_wait_us=100 backend_us=20 run_post_us=12 total_us=132 api_status=0 transfer_status=1 [21272,21285][hixl_instance.cpp:370,GetTransferStatus]
[2026-08-24 20:57:11.832214][UC][I] [QUERY_PERF] component=ucm layer=hixl_transport handle=87 request=0x33 lifecycle_lock_us=0 pending_lock_wait_us=0 pending_lookup_us=0 instance_us=137 erase_us=0 total_us=137 transfer_status=1 [21272,21285][hixl_transport.cpp:734,GetStatus]
[2026-08-24 20:57:11.832217][UC][I] [QUERY_PERF] component=ucm layer=transport_manager handle=87 transport_handle=87 transfers_lock_wait_us=0 lookup_us=1 transport_us=141 total_us=142 api_status=0 transfer_status=1 [21272,21285][transport_manager.cpp:716,GetStatus]
[2026-08-24 20:57:11.832220][UC][I] [PERF] component=transport event=transfer_done manager=127.0.0.1:8000 target=127.0.0.1:4504 handle=87 transport_handle=87 opcode=1 direct=2 segments=108 bytes=7962624 status=1 api_status=0 submitted_ts_us=1787576231830244 completed_ts_us=1787576231832219 manager_get_status_ts_us=1787576231832075 backend_query_ts_us=1787576231832176 submit_us=134 transfer_us=1976 manager_to_backend_query_us=101 total_us=2110 [21272,21285][transport_manager.cpp:727,GetStatus]
[HIXL_PERF] event=hccl_batch op=1 desc_num=1 hccl_us=53 status=0
[HIXL_PERF] event=issue_hccl_batch op=1 list_num=1 total_us=58
[HIXL_PERF] event=issue_async_host_flag op=1 list_num=1 context_us=1 hccl_issue_us=60 flag_memcpy_us=5 total_us=66
[HIXL_PERF] event=comm_channel_async op=1 list_num=1 mutex_wait_us=0 slot_us=0 host_flag_us=0 record_us=0 issue_us=68 total_us=68
[HIXL_PERF] event=adxl_inner_async op=1 list_num=1 context_us=0 connect_us=0 get_channel_us=1 channel_async_us=70 tail_us=0 total_us=71
[HIXL_PERF] event=comm_engine_async op=1 list_num=1 desc_build_us=0 inner_us=73 total_us=73 status=0
[2026-08-24 20:57:11.832348][UC][I] [HIXL_WORKER_PERF] task_id=330 queue_depth=1 enqueue_lock_wait_us=0 enqueue_us=1 queue_wait_us=6 execute_us=77 result_post_us=5 total_us=89 status=0 [21272,21285][hixl_instance.cpp:107,Run]
[HIXL_PERF] event=hccl_batch op=1 desc_num=108 hccl_us=114 status=0
[HIXL_PERF] event=issue_hccl_batch op=1 list_num=108 total_us=119
[2026-08-24 20:57:11.832355][UC][I] [PERF] component=transport event=transfer_submitted manager=127.0.0.1:8000 target=127.0.0.1:4504 handle=104 transport_handle=104 opcode=1 direct=2 segments=1 bytes=63 submitted_ts_us=1787576231832354 manager_execute_async_ts_us=1787576231832257 backend_execute_async_ts_us=1787576231832265 manager_to_backend_execute_async_us=8 submit_us=96 [21272,21285][transport_manager.cpp:674,ExecuteAsync]
[HIXL_PERF] event=issue_async_host_flag op=1 list_num=108 context_us=1 hccl_issue_us=124 flag_memcpy_us=4 total_us=129
[HIXL_PERF] event=comm_channel_async op=1 list_num=108 mutex_wait_us=0 slot_us=1 host_flag_us=0 record_us=0 issue_us=134 total_us=135
[HIXL_PERF] event=adxl_inner_async op=1 list_num=108 context_us=0 connect_us=0 get_channel_us=1 channel_async_us=138 tail_us=0 total_us=139
[HIXL_PERF] event=comm_engine_async op=1 list_num=108 desc_build_us=1 inner_us=143 total_us=144 status=0
[HIXL_QUERY_PERF] layer=comm_channel request=0x22 mutex_wait_us=0 check_us=0 lookup_us=0 flag_check_us=1 complete_us=1 total_us=2 transfer_status=1
[2026-08-24 20:57:11.832386][UC][I] [HIXL_WORKER_PERF] task_id=329 queue_depth=1 enqueue_lock_wait_us=0 enqueue_us=0 queue_wait_us=6 execute_us=152 result_post_us=5 total_us=163 status=0 [21272,21286][hixl_instance.cpp:107,Run]
[HIXL_QUERY_PERF] layer=adxl_inner request=0x22 context_us=0 req_lock_wait_us=0 lookup_us=1 channel_us=7 cleanup_us=0 total_us=8 status=0 transfer_status=1
[HIXL_QUERY_PERF] layer=comm_engine request=0x22 total_us=13 status=0 transfer_status=1
[2026-08-24 20:57:11.832397][UC][I] [PERF] component=transport event=transfer_submitted manager=127.0.0.1:8000 target=127.0.0.1:4502 handle=105 transport_handle=105 opcode=1 direct=2 segments=108 bytes=7962624 submitted_ts_us=1787576231832395 manager_execute_async_ts_us=1787576231832211 backend_execute_async_ts_us=1787576231832231 manager_to_backend_execute_async_us=20 submit_us=176 [21272,21286][transport_manager.cpp:674,ExecuteAsync]
[2026-08-24 20:57:11.832403][UC][I] [HIXL_WORKER_PERF] task_id=331 queue_depth=1 enqueue_lock_wait_us=0 enqueue_us=0 queue_wait_us=14 execute_us=16 result_post_us=5 total_us=35 status=0 [21272,21285][hixl_instance.cpp:107,Run]
[2026-08-24 20:57:11.832409][UC][I] [QUERY_PERF] component=ucm layer=hixl_instance request=0x22 queue_wait_us=16 backend_us=15 run_post_us=11 total_us=42 api_status=0 transfer_status=1 [21272,21285][hixl_instance.cpp:370,GetTransferStatus]
[2026-08-24 20:57:11.832416][UC][I] [QUERY_PERF] component=ucm layer=hixl_transport handle=81 request=0x22 lifecycle_lock_us=0 pending_lock_wait_us=0 pending_lookup_us=0 instance_us=48 erase_us=1 total_us=49 transfer_status=1 [21272,21285][hixl_transport.cpp:734,GetStatus]
[2026-08-24 20:57:11.832420][UC][I] [QUERY_PERF] component=ucm layer=transport_manager handle=81 transport_handle=81 transfers_lock_wait_us=0 lookup_us=0 transport_us=53 total_us=53 api_status=0 transfer_status=1 [21272,21285][transport_manager.cpp:716,GetStatus]
[2026-08-24 20:57:11.832429][UC][I] [PERF] component=transport event=transfer_done manager=127.0.0.1:8000 target=127.0.0.1:4503 handle=81 transport_handle=81 opcode=1 direct=2 segments=1 bytes=63 status=1 api_status=0 submitted_ts_us=1787576231829625 completed_ts_us=1787576231832428 manager_get_status_ts_us=1787576231832367 backend_query_ts_us=1787576231832382 submit_us=221 transfer_us=2804 manager_to_backend_query_us=16 total_us=3025 [21272,21285][transport_manager.cpp:727,GetStatus]
[2026-08-24 20:57:11.832438][UC][I] [PERF] component=drampool event=request_done request_id=8 opcode=2 peer=127.0.0.1:4503 batch_size=108 data_bytes=7962624 failed_items=0 status=SUCCESS failed_stage=NONE received_ts_us=1787576231826908 worker_started_ts_us=1787576231827618 data_transfer_submitted_ts_us=1787576231827810 data_transfer_completed_ts_us=1787576231829381 response_submitted_ts_us=1787576231829637 completed_ts_us=1787576231832435 data_tm_execute_async_ts_us=1787576231827632 data_hixl_execute_async_ts_us=1787576231827641 data_tm_get_status_ts_us=1787576231829322 data_hixl_query_handle_ts_us=1787576231829329 response_tm_execute_async_ts_us=1787576231829404 response_hixl_execute_async_ts_us=1787576231829478 response_tm_get_status_ts_us=1787576231832367 response_hixl_query_handle_ts_us=1787576231832382 request_queue_us=711 metadata_prepare_us=12 taskworker_prepare_us=193 poller_queue_us=1113 data_transfer_us=1570 metadata_settle_us=21 response_slot_wait_us=1 response_submit_us=234 response_transfer_us=2798 data_tm_to_hixl_execute_async_us=9 data_tm_to_hixl_query_handle_us=7 response_tm_to_hixl_execute_async_us=75 response_tm_to_hixl_query_handle_us=16 total_us=5527 [21272,21285][completion_poller.cc:56,LogRequestDone]
[HIXL_PERF] event=hccl_batch op=1 desc_num=108 hccl_us=84 status=0
[HIXL_PERF] event=issue_hccl_batch op=1 list_num=108 total_us=93
[HIXL_PERF] event=issue_async_host_flag op=1 list_num=108 context_us=0 hccl_issue_us=95 flag_memcpy_us=4 total_us=99
[HIXL_PERF] event=comm_channel_async op=1 list_num=108 mutex_wait_us=0 slot_us=0 host_flag_us=1 record_us=0 issue_us=102 total_us=103
[HIXL_PERF] event=adxl_inner_async op=1 list_num=108 context_us=0 connect_us=0 get_channel_us=1 channel_async_us=105 tail_us=0 total_us=106
[HIXL_PERF] event=comm_engine_async op=1 list_num=108 desc_build_us=1 inner_us=108 total_us=109 status=0
[HIXL_QUERY_PERF] layer=comm_channel request=0x23 mutex_wait_us=0 check_us=1 lookup_us=0 flag_check_us=0 complete_us=1 total_us=2 transfer_status=1
[HIXL_QUERY_PERF] layer=adxl_inner request=0x23 context_us=1 req_lock_wait_us=0 lookup_us=0 channel_us=4 cleanup_us=1 total_us=6 status=0 transfer_status=1
[2026-08-24 20:57:11.832565][UC][I] [HIXL_WORKER_PERF] task_id=332 queue_depth=1 enqueue_lock_wait_us=0 enqueue_us=0 queue_wait_us=6 execute_us=114 result_post_us=7 total_us=127 status=0 [21272,21286][hixl_instance.cpp:107,Run]
[HIXL_QUERY_PERF] layer=comm_engine request=0x23 total_us=9 status=0 transfer_status=1
[2026-08-24 20:57:11.832575][UC][I] [PERF] component=transport event=transfer_submitted manager=127.0.0.1:8000 target=127.0.0.1:4502 handle=106 transport_handle=106 opcode=1 direct=2 segments=108 bytes=7962624 submitted_ts_us=1787576231832574 manager_execute_async_ts_us=1787576231832435 backend_execute_async_ts_us=1787576231832444 manager_to_backend_execute_async_us=9 submit_us=139 [21272,21286][transport_manager.cpp:674,ExecuteAsync]
[2026-08-24 20:57:11.832580][UC][I] [HIXL_WORKER_PERF] task_id=333 queue_depth=1 enqueue_lock_wait_us=0 enqueue_us=0 queue_wait_us=108 execute_us=15 result_post_us=5 total_us=128 status=0 [21272,21285][hixl_instance.cpp:107,Run]
[2026-08-24 20:57:11.832587][UC][I] [QUERY_PERF] component=ucm layer=hixl_instance request=0x23 queue_wait_us=108 backend_us=15 run_post_us=12 total_us=135 api_status=0 transfer_status=1 [21272,21285][hixl_instance.cpp:370,GetTransferStatus]
[2026-08-24 20:57:11.832593][UC][I] [QUERY_PERF] component=ucm layer=hixl_transport handle=84 request=0x23 lifecycle_lock_us=1 pending_lock_wait_us=0 pending_lookup_us=0 instance_us=140 erase_us=0 total_us=141 transfer_status=1 [21272,21285][hixl_transport.cpp:734,GetStatus]
[2026-08-24 20:57:11.832598][UC][I] [QUERY_PERF] component=ucm layer=transport_manager handle=84 transport_handle=84 transfers_lock_wait_us=0 lookup_us=0 transport_us=146 total_us=146 api_status=0 transfer_status=1 [21272,21285][transport_manager.cpp:716,GetStatus]
[2026-08-24 20:57:11.832601][UC][I] [PERF] component=transport event=transfer_done manager=127.0.0.1:8000 target=127.0.0.1:4503 handle=84 transport_handle=84 opcode=1 direct=2 segments=1 bytes=63 status=1 api_status=0 submitted_ts_us=1787576231829917 completed_ts_us=1787576231832600 manager_get_status_ts_us=1787576231832451 backend_query_ts_us=1787576231832560 submit_us=147 transfer_us=2683 manager_to_backend_query_us=109 total_us=2830 [21272,21285][transport_manager.cpp:727,GetStatus]
[2026-08-24 20:57:11.832607][UC][I] [PERF] component=drampool event=request_done request_id=9 opcode=2 peer=127.0.0.1:4503 batch_size=108 data_bytes=7962624 failed_items=0 status=SUCCESS failed_stage=NONE received_ts_us=1787576231826944 worker_started_ts_us=1787576231827812 data_transfer_submitted_ts_us=1787576231828398 data_transfer_completed_ts_us=1787576231829748 response_submitted_ts_us=1787576231829923 completed_ts_us=1787576231832605 data_tm_execute_async_ts_us=1787576231827827 data_hixl_execute_async_ts_us=1787576231827836 data_tm_get_status_ts_us=1787576231829638 data_hixl_query_handle_ts_us=1787576231829644 response_tm_execute_async_ts_us=1787576231829770 response_hixl_execute_async_ts_us=1787576231829776 response_tm_get_status_ts_us=1787576231832451 response_hixl_query_handle_ts_us=1787576231832560 request_queue_us=868 metadata_prepare_us=13 taskworker_prepare_us=586 poller_queue_us=526 data_transfer_us=1350 metadata_settle_us=21 response_slot_wait_us=0 response_submit_us=155 response_transfer_us=2681 data_tm_to_hixl_execute_async_us=9 data_tm_to_hixl_query_handle_us=6 response_tm_to_hixl_execute_async_us=6 response_tm_to_hixl_query_handle_us=109 total_us=5660 [21272,21285][completion_poller.cc:56,LogRequestDone]
[HIXL_PERF] event=hccl_batch op=1 desc_num=108 hccl_us=86 status=0
[HIXL_PERF] event=issue_hccl_batch op=1 list_num=108 total_us=92
[HIXL_PERF] event=issue_async_host_flag op=1 list_num=108 context_us=0 hccl_issue_us=94 flag_memcpy_us=4 total_us=98
[HIXL_PERF] event=comm_channel_async op=1 list_num=108 mutex_wait_us=0 slot_us=0 host_flag_us=0 record_us=1 issue_us=101 total_us=102
[HIXL_PERF] event=adxl_inner_async op=1 list_num=108 context_us=0 connect_us=0 get_channel_us=1 channel_async_us=104 tail_us=0 total_us=105
[HIXL_PERF] event=comm_engine_async op=1 list_num=108 desc_build_us=1 inner_us=107 total_us=108 status=0
[HIXL_QUERY_PERF] layer=comm_channel request=0x24 mutex_wait_us=0 check_us=0 lookup_us=1 flag_check_us=0 complete_us=1 total_us=2 transfer_status=1
[2026-08-24 20:57:11.832722][UC][I] [HIXL_WORKER_PERF] task_id=334 queue_depth=1 enqueue_lock_wait_us=0 enqueue_us=0 queue_wait_us=6 execute_us=113 result_post_us=4 total_us=123 status=0 [21272,21286][hixl_instance.cpp:107,Run]
[HIXL_QUERY_PERF] layer=adxl_inner request=0x24 context_us=0 req_lock_wait_us=0 lookup_us=1 channel_us=5 cleanup_us=0 total_us=6 status=0 transfer_status=1
[2026-08-24 20:57:11.832732][UC][I] [PERF] component=transport event=transfer_submitted manager=127.0.0.1:8000 target=127.0.0.1:4502 handle=107 transport_handle=107 opcode=1 direct=2 segments=108 bytes=7962624 submitted_ts_us=1787576231832731 manager_execute_async_ts_us=1787576231832595 backend_execute_async_ts_us=1787576231832605 manager_to_backend_execute_async_us=9 submit_us=135 [21272,21286][transport_manager.cpp:674,ExecuteAsync]
[HIXL_QUERY_PERF] layer=comm_engine request=0x24 total_us=13 status=0 transfer_status=1
[2026-08-24 20:57:11.832747][UC][I] [HIXL_WORKER_PERF] task_id=335 queue_depth=1 enqueue_lock_wait_us=0 enqueue_us=1 queue_wait_us=106 execute_us=22 result_post_us=5 total_us=134 status=0 [21272,21285][hixl_instance.cpp:107,Run]
[2026-08-24 20:57:11.832757][UC][I] [QUERY_PERF] component=ucm layer=hixl_instance request=0x24 queue_wait_us=107 backend_us=22 run_post_us=15 total_us=144 api_status=0 transfer_status=1 [21272,21285][hixl_instance.cpp:370,GetTransferStatus]
[2026-08-24 20:57:11.832761][UC][I] [QUERY_PERF] component=ucm layer=hixl_transport handle=86 request=0x24 lifecycle_lock_us=0 pending_lock_wait_us=0 pending_lookup_us=0 instance_us=148 erase_us=0 total_us=148 transfer_status=1 [21272,21285][hixl_transport.cpp:734,GetStatus]
[2026-08-24 20:57:11.832764][UC][I] [QUERY_PERF] component=ucm layer=transport_manager handle=86 transport_handle=86 transfers_lock_wait_us=0 lookup_us=0 transport_us=153 total_us=153 api_status=0 transfer_status=1 [21272,21285][transport_manager.cpp:716,GetStatus]
[2026-08-24 20:57:11.832768][UC][I] [PERF] component=transport event=transfer_done manager=127.0.0.1:8000 target=127.0.0.1:4503 handle=86 transport_handle=86 opcode=1 direct=2 segments=1 bytes=63 status=1 api_status=0 submitted_ts_us=1787576231830104 completed_ts_us=1787576231832767 manager_get_status_ts_us=1787576231832611 backend_query_ts_us=1787576231832719 submit_us=101 transfer_us=2663 manager_to_backend_query_us=108 total_us=2764 [21272,21285][transport_manager.cpp:727,GetStatus]
[2026-08-24 20:57:11.832774][UC][I] [PERF] component=drampool event=request_done request_id=10 opcode=2 peer=127.0.0.1:4503 batch_size=108 data_bytes=7962624 failed_items=0 status=SUCCESS failed_stage=NONE received_ts_us=1787576231826947 worker_started_ts_us=1787576231828399 data_transfer_submitted_ts_us=1787576231828676 data_transfer_completed_ts_us=1787576231829980 response_submitted_ts_us=1787576231830108 completed_ts_us=1787576231832772 data_tm_execute_async_ts_us=1787576231828432 data_hixl_execute_async_ts_us=1787576231828494 data_tm_get_status_ts_us=1787576231829924 data_hixl_query_handle_ts_us=1787576231829930 response_tm_execute_async_ts_us=1787576231830002 response_hixl_execute_async_ts_us=1787576231830009 response_tm_get_status_ts_us=1787576231832611 response_hixl_query_handle_ts_us=1787576231832719 request_queue_us=1452 metadata_prepare_us=32 taskworker_prepare_us=279 poller_queue_us=248 data_transfer_us=1303 metadata_settle_us=21 response_slot_wait_us=1 response_submit_us=106 response_transfer_us=2664 data_tm_to_hixl_execute_async_us=61 data_tm_to_hixl_query_handle_us=6 response_tm_to_hixl_execute_async_us=6 response_tm_to_hixl_query_handle_us=108 total_us=5826 [21272,21285][completion_poller.cc:56,LogRequestDone]
[HIXL_PERF] event=hccl_batch op=1 desc_num=108 hccl_us=84 status=0
[HIXL_PERF] event=issue_hccl_batch op=1 list_num=108 total_us=95
[HIXL_PERF] event=issue_async_host_flag op=1 list_num=108 context_us=0 hccl_issue_us=97 flag_memcpy_us=5 total_us=102
[HIXL_PERF] event=comm_channel_async op=1 list_num=108 mutex_wait_us=0 slot_us=0 host_flag_us=1 record_us=0 issue_us=105 total_us=106
[HIXL_PERF] event=adxl_inner_async op=1 list_num=108 context_us=1 connect_us=0 get_channel_us=0 channel_async_us=110 tail_us=1 total_us=112
[HIXL_PERF] event=comm_engine_async op=1 list_num=108 desc_build_us=1 inner_us=114 total_us=115 status=0
[HIXL_QUERY_PERF] layer=comm_channel request=0x25 mutex_wait_us=0 check_us=1 lookup_us=0 flag_check_us=0 complete_us=1 total_us=2 transfer_status=1
[2026-08-24 20:57:11.832895][UC][I] [HIXL_WORKER_PERF] task_id=336 queue_depth=1 enqueue_lock_wait_us=0 enqueue_us=0 queue_wait_us=6 execute_us=120 result_post_us=5 total_us=131 status=0 [21272,21286][hixl_instance.cpp:107,Run]
[HIXL_QUERY_PERF] layer=adxl_inner request=0x25 context_us=1 req_lock_wait_us=0 lookup_us=0 channel_us=5 cleanup_us=0 total_us=6 status=0 transfer_status=1
[HIXL_QUERY_PERF] layer=comm_engine request=0x25 total_us=11 status=0 transfer_status=1
[2026-08-24 20:57:11.832904][UC][I] [PERF] component=transport event=transfer_submitted manager=127.0.0.1:8000 target=127.0.0.1:4502 handle=108 transport_handle=108 opcode=1 direct=2 segments=108 bytes=7962624 submitted_ts_us=1787576231832903 manager_execute_async_ts_us=1787576231832760 backend_execute_async_ts_us=1787576231832770 manager_to_backend_execute_async_us=11 submit_us=142 [21272,21286][transport_manager.cpp:674,ExecuteAsync]
[2026-08-24 20:57:11.832911][UC][I] [HIXL_WORKER_PERF] task_id=337 queue_depth=1 enqueue_lock_wait_us=0 enqueue_us=0 queue_wait_us=111 execute_us=13 result_post_us=5 total_us=129 status=0 [21272,21285][hixl_instance.cpp:107,Run]
[2026-08-24 20:57:11.832919][UC][I] [QUERY_PERF] component=ucm layer=hixl_instance request=0x25 queue_wait_us=111 backend_us=13 run_post_us=13 total_us=137 api_status=0 transfer_status=1 [21272,21285][hixl_instance.cpp:370,GetTransferStatus]
[2026-08-24 20:57:11.832929][UC][I] [QUERY_PERF] component=ucm layer=hixl_transport handle=88 request=0x25 lifecycle_lock_us=0 pending_lock_wait_us=0 pending_lookup_us=1 instance_us=146 erase_us=1 total_us=148 transfer_status=1 [21272,21285][hixl_transport.cpp:734,GetStatus]
[2026-08-24 20:57:11.832933][UC][I] [QUERY_PERF] component=ucm layer=transport_manager handle=88 transport_handle=88 transfers_lock_wait_us=0 lookup_us=0 transport_us=153 total_us=153 api_status=0 transfer_status=1 [21272,21285][transport_manager.cpp:716,GetStatus]
[2026-08-24 20:57:11.832937][UC][I] [PERF] component=transport event=transfer_done manager=127.0.0.1:8000 target=127.0.0.1:4503 handle=88 transport_handle=88 opcode=1 direct=2 segments=1 bytes=63 status=1 api_status=0 submitted_ts_us=1787576231830284 completed_ts_us=1787576231832936 manager_get_status_ts_us=1787576231832780 backend_query_ts_us=1787576231832892 submit_us=101 transfer_us=2652 manager_to_backend_query_us=112 total_us=2753 [21272,21285][transport_manager.cpp:727,GetStatus]
[2026-08-24 20:57:11.832944][UC][I] [PERF] component=drampool event=request_done request_id=11 opcode=2 peer=127.0.0.1:4503 batch_size=108 data_bytes=7962624 failed_items=0 status=SUCCESS failed_stage=NONE received_ts_us=1787576231826949 worker_started_ts_us=1787576231828679 data_transfer_submitted_ts_us=1787576231828889 data_transfer_completed_ts_us=1787576231830160 response_submitted_ts_us=1787576231830290 completed_ts_us=1787576231832942 data_tm_execute_async_ts_us=1787576231828711 data_hixl_execute_async_ts_us=1787576231828721 data_tm_get_status_ts_us=1787576231830108 data_hixl_query_handle_ts_us=1787576231830115 response_tm_execute_async_ts_us=1787576231830182 response_hixl_execute_async_ts_us=1787576231830188 response_tm_get_status_ts_us=1787576231832780 response_hixl_query_handle_ts_us=1787576231832892 request_queue_us=1729 metadata_prepare_us=31 taskworker_prepare_us=211 poller_queue_us=36 data_transfer_us=1270 metadata_settle_us=21 response_slot_wait_us=0 response_submit_us=110 response_transfer_us=2651 data_tm_to_hixl_execute_async_us=11 data_tm_to_hixl_query_handle_us=7 response_tm_to_hixl_execute_async_us=5 response_tm_to_hixl_query_handle_us=112 total_us=5992 [21272,21285][completion_poller.cc:56,LogRequestDone]
[HIXL_PERF] event=hccl_batch op=1 desc_num=108 hccl_us=86 status=0
[HIXL_PERF] event=issue_hccl_batch op=1 list_num=108 total_us=93
[HIXL_PERF] event=issue_async_host_flag op=1 list_num=108 context_us=0 hccl_issue_us=96 flag_memcpy_us=4 total_us=100
[HIXL_PERF] event=comm_channel_async op=1 list_num=108 mutex_wait_us=1 slot_us=0 host_flag_us=0 record_us=0 issue_us=104 total_us=105
[HIXL_PERF] event=adxl_inner_async op=1 list_num=108 context_us=1 connect_us=0 get_channel_us=0 channel_async_us=107 tail_us=0 total_us=108
[HIXL_PERF] event=comm_engine_async op=1 list_num=108 desc_build_us=1 inner_us=110 total_us=111 status=0
[HIXL_QUERY_PERF] layer=comm_channel request=0x26 mutex_wait_us=0 check_us=0 lookup_us=1 flag_check_us=0 complete_us=1 total_us=2 transfer_status=1
[2026-08-24 20:57:11.833059][UC][I] [HIXL_WORKER_PERF] task_id=338 queue_depth=1 enqueue_lock_wait_us=0 enqueue_us=0 queue_wait_us=6 execute_us=116 result_post_us=6 total_us=128 status=0 [21272,21286][hixl_instance.cpp:107,Run]
[HIXL_QUERY_PERF] layer=adxl_inner request=0x26 context_us=1 req_lock_wait_us=0 lookup_us=1 channel_us=5 cleanup_us=1 total_us=8 status=0 transfer_status=1
[HIXL_QUERY_PERF] layer=comm_engine request=0x26 total_us=13 status=0 transfer_status=1
[2026-08-24 20:57:11.833069][UC][I] [PERF] component=transport event=transfer_submitted manager=127.0.0.1:8000 target=127.0.0.1:4502 handle=109 transport_handle=109 opcode=1 direct=2 segments=108 bytes=7962624 submitted_ts_us=1787576231833067 manager_execute_async_ts_us=1787576231832927 backend_execute_async_ts_us=1787576231832937 manager_to_backend_execute_async_us=10 submit_us=138 [21272,21286][transport_manager.cpp:674,ExecuteAsync]
[2026-08-24 20:57:11.833080][UC][I] [HIXL_WORKER_PERF] task_id=339 queue_depth=1 enqueue_lock_wait_us=0 enqueue_us=0 queue_wait_us=105 execute_us=19 result_post_us=5 total_us=129 status=0 [21272,21285][hixl_instance.cpp:107,Run]
[2026-08-24 20:57:11.833086][UC][I] [QUERY_PERF] component=ucm layer=hixl_instance request=0x26 queue_wait_us=106 backend_us=19 run_post_us=11 total_us=136 api_status=0 transfer_status=1 [21272,21285][hixl_instance.cpp:370,GetTransferStatus]
[2026-08-24 20:57:11.833091][UC][I] [QUERY_PERF] component=ucm layer=hixl_transport handle=91 request=0x26 lifecycle_lock_us=0 pending_lock_wait_us=0 pending_lookup_us=0 instance_us=140 erase_us=1 total_us=141 transfer_status=1 [21272,21285][hixl_transport.cpp:734,GetStatus]
[2026-08-24 20:57:11.833096][UC][I] [QUERY_PERF] component=ucm layer=transport_manager handle=91 transport_handle=91 transfers_lock_wait_us=0 lookup_us=0 transport_us=146 total_us=146 api_status=0 transfer_status=1 [21272,21285][transport_manager.cpp:716,GetStatus]
[2026-08-24 20:57:11.833104][UC][I] [PERF] component=transport event=transfer_done manager=127.0.0.1:8000 target=127.0.0.1:4503 handle=91 transport_handle=91 opcode=1 direct=2 segments=1 bytes=63 status=1 api_status=0 submitted_ts_us=1787576231830654 completed_ts_us=1787576231833103 manager_get_status_ts_us=1787576231832949 backend_query_ts_us=1787576231833055 submit_us=98 transfer_us=2450 manager_to_backend_query_us=106 total_us=2548 [21272,21285][transport_manager.cpp:727,GetStatus]
[2026-08-24 20:57:11.833112][UC][I] [PERF] component=drampool event=request_done request_id=12 opcode=2 peer=127.0.0.1:4503 batch_size=108 data_bytes=7962624 failed_items=0 status=SUCCESS failed_stage=NONE received_ts_us=1787576231826951 worker_started_ts_us=1787576231828891 data_transfer_submitted_ts_us=1787576231829096 data_transfer_completed_ts_us=1787576231830533 response_submitted_ts_us=1787576231830665 completed_ts_us=1787576231833110 data_tm_execute_async_ts_us=1787576231828923 data_hixl_execute_async_ts_us=1787576231828931 data_tm_get_status_ts_us=1787576231830485 data_hixl_query_handle_ts_us=1787576231830491 response_tm_execute_async_ts_us=1787576231830556 response_hixl_execute_async_ts_us=1787576231830562 response_tm_get_status_ts_us=1787576231832949 response_hixl_query_handle_ts_us=1787576231833055 request_queue_us=1940 metadata_prepare_us=30 taskworker_prepare_us=206 poller_queue_us=1194 data_transfer_us=1437 metadata_settle_us=21 response_slot_wait_us=1 response_submit_us=110 response_transfer_us=2444 data_tm_to_hixl_execute_async_us=8 data_tm_to_hixl_query_handle_us=5 response_tm_to_hixl_execute_async_us=6 response_tm_to_hixl_query_handle_us=106 total_us=6159 [21272,21285][completion_poller.cc:56,LogRequestDone]
[HIXL_PERF] event=hccl_batch op=1 desc_num=108 hccl_us=88 status=0
[HIXL_PERF] event=issue_hccl_batch op=1 list_num=108 total_us=95
[HIXL_PERF] event=issue_async_host_flag op=1 list_num=108 context_us=0 hccl_issue_us=97 flag_memcpy_us=4 total_us=101
[HIXL_PERF] event=comm_channel_async op=1 list_num=108 mutex_wait_us=0 slot_us=1 host_flag_us=0 record_us=0 issue_us=104 total_us=105
[HIXL_PERF] event=adxl_inner_async op=1 list_num=108 context_us=1 connect_us=0 get_channel_us=1 channel_async_us=107 tail_us=0 total_us=109
[HIXL_PERF] event=comm_engine_async op=1 list_num=108 desc_build_us=1 inner_us=111 total_us=112 status=0
[HIXL_QUERY_PERF] layer=comm_channel request=0x27 mutex_wait_us=0 check_us=0 lookup_us=1 flag_check_us=0 complete_us=1 total_us=2 transfer_status=1
[2026-08-24 20:57:11.833225][UC][I] [HIXL_WORKER_PERF] task_id=340 queue_depth=1 enqueue_lock_wait_us=0 enqueue_us=0 queue_wait_us=6 execute_us=117 result_post_us=5 total_us=128 status=0 [21272,21286][hixl_instance.cpp:107,Run]
[HIXL_QUERY_PERF] layer=adxl_inner request=0x27 context_us=1 req_lock_wait_us=0 lookup_us=0 channel_us=4 cleanup_us=0 total_us=5 status=0 transfer_status=1
[2026-08-24 20:57:11.833235][UC][I] [PERF] component=transport event=transfer_submitted manager=127.0.0.1:8000 target=127.0.0.1:4502 handle=110 transport_handle=110 opcode=1 direct=2 segments=108 bytes=7962624 submitted_ts_us=1787576231833233 manager_execute_async_ts_us=1787576231833093 backend_execute_async_ts_us=1787576231833104 manager_to_backend_execute_async_us=11 submit_us=140 [21272,21286][transport_manager.cpp:674,ExecuteAsync]
[HIXL_QUERY_PERF] layer=comm_engine request=0x27 total_us=14 status=0 transfer_status=1
[2026-08-24 20:57:11.833247][UC][I] [HIXL_WORKER_PERF] task_id=341 queue_depth=1 enqueue_lock_wait_us=0 enqueue_us=0 queue_wait_us=103 execute_us=20 result_post_us=5 total_us=128 status=0 [21272,21285][hixl_instance.cpp:107,Run]
[2026-08-24 20:57:11.833255][UC][I] [QUERY_PERF] component=ucm layer=hixl_instance request=0x27 queue_wait_us=103 backend_us=20 run_post_us=12 total_us=135 api_status=0 transfer_status=1 [21272,21285][hixl_instance.cpp:370,GetTransferStatus]
[2026-08-24 20:57:11.833259][UC][I] [QUERY_PERF] component=ucm layer=hixl_transport handle=93 request=0x27 lifecycle_lock_us=1 pending_lock_wait_us=0 pending_lookup_us=0 instance_us=138 erase_us=1 total_us=140 transfer_status=1 [21272,21285][hixl_transport.cpp:734,GetStatus]
[2026-08-24 20:57:11.833262][UC][I] [QUERY_PERF] component=ucm layer=transport_manager handle=93 transport_handle=93 transfers_lock_wait_us=0 lookup_us=0 transport_us=144 total_us=144 api_status=0 transfer_status=1 [21272,21285][transport_manager.cpp:716,GetStatus]
[2026-08-24 20:57:11.833266][UC][I] [PERF] component=transport event=transfer_done manager=127.0.0.1:8000 target=127.0.0.1:4503 handle=93 transport_handle=93 opcode=1 direct=2 segments=1 bytes=63 status=1 api_status=0 submitted_ts_us=1787576231830859 completed_ts_us=1787576231833264 manager_get_status_ts_us=1787576231833118 backend_query_ts_us=1787576231833222 submit_us=118 transfer_us=2405 manager_to_backend_query_us=104 total_us=2523 [21272,21285][transport_manager.cpp:727,GetStatus]
[2026-08-24 20:57:11.833272][UC][I] [PERF] component=drampool event=request_done request_id=13 opcode=2 peer=127.0.0.1:4503 batch_size=108 data_bytes=7962624 failed_items=0 status=SUCCESS failed_stage=NONE received_ts_us=1787576231827006 worker_started_ts_us=1787576231829098 data_transfer_submitted_ts_us=1787576231829324 data_transfer_completed_ts_us=1787576231830718 response_submitted_ts_us=1787576231830875 completed_ts_us=1787576231833270 data_tm_execute_async_ts_us=1787576231829111 data_hixl_execute_async_ts_us=1787576231829119 data_tm_get_status_ts_us=1787576231830666 data_hixl_query_handle_ts_us=1787576231830672 response_tm_execute_async_ts_us=1787576231830741 response_hixl_execute_async_ts_us=1787576231830748 response_tm_get_status_ts_us=1787576231833118 response_hixl_query_handle_ts_us=1787576231833222 request_queue_us=2092 metadata_prepare_us=12 taskworker_prepare_us=227 poller_queue_us=967 data_transfer_us=1395 metadata_settle_us=21 response_slot_wait_us=1 response_submit_us=134 response_transfer_us=2394 data_tm_to_hixl_execute_async_us=8 data_tm_to_hixl_query_handle_us=6 response_tm_to_hixl_execute_async_us=6 response_tm_to_hixl_query_handle_us=104 total_us=6264 [21272,21285][completion_poller.cc:56,LogRequestDone]
[HIXL_PERF] event=hccl_batch op=1 desc_num=108 hccl_us=94 status=0
[HIXL_PERF] event=issue_hccl_batch op=1 list_num=108 total_us=101
[HIXL_PERF] event=issue_async_host_flag op=1 list_num=108 context_us=0 hccl_issue_us=103 flag_memcpy_us=5 total_us=108
[HIXL_PERF] event=comm_channel_async op=1 list_num=108 mutex_wait_us=0 slot_us=0 host_flag_us=8 record_us=0 issue_us=111 total_us=119
[HIXL_PERF] event=adxl_inner_async op=1 list_num=108 context_us=1 connect_us=0 get_channel_us=0 channel_async_us=121 tail_us=1 total_us=123
[HIXL_PERF] event=comm_engine_async op=1 list_num=108 desc_build_us=1 inner_us=128 total_us=129 status=0
[HIXL_QUERY_PERF] layer=comm_channel request=0x21 mutex_wait_us=0 check_us=0 lookup_us=0 flag_check_us=1 complete_us=1 total_us=2 transfer_status=1
[2026-08-24 20:57:11.833404][UC][I] [HIXL_WORKER_PERF] task_id=342 queue_depth=1 enqueue_lock_wait_us=0 enqueue_us=1 queue_wait_us=5 execute_us=135 result_post_us=5 total_us=146 status=0 [21272,21286][hixl_instance.cpp:107,Run]
[HIXL_QUERY_PERF] layer=adxl_inner request=0x21 context_us=0 req_lock_wait_us=1 lookup_us=0 channel_us=5 cleanup_us=0 total_us=6 status=0 transfer_status=1
[HIXL_QUERY_PERF] layer=comm_engine request=0x21 total_us=14 status=0 transfer_status=1
[2026-08-24 20:57:11.833416][UC][I] [PERF] component=transport event=transfer_submitted manager=127.0.0.1:8000 target=127.0.0.1:4502 handle=111 transport_handle=111 opcode=1 direct=2 segments=108 bytes=7962624 submitted_ts_us=1787576231833415 manager_execute_async_ts_us=1787576231833256 backend_execute_async_ts_us=1787576231833266 manager_to_backend_execute_async_us=10 submit_us=158 [21272,21286][transport_manager.cpp:674,ExecuteAsync]
[2026-08-24 20:57:11.833425][UC][I] [HIXL_WORKER_PERF] task_id=343 queue_depth=1 enqueue_lock_wait_us=0 enqueue_us=0 queue_wait_us=116 execute_us=18 result_post_us=6 total_us=140 status=0 [21272,21285][hixl_instance.cpp:107,Run]
[2026-08-24 20:57:11.833433][UC][I] [QUERY_PERF] component=ucm layer=hixl_instance request=0x21 queue_wait_us=117 backend_us=17 run_post_us=13 total_us=147 api_status=0 transfer_status=1 [21272,21285][hixl_instance.cpp:370,GetTransferStatus]
[2026-08-24 20:57:11.833439][UC][I] [QUERY_PERF] component=ucm layer=hixl_transport handle=80 request=0x21 lifecycle_lock_us=0 pending_lock_wait_us=0 pending_lookup_us=1 instance_us=153 erase_us=0 total_us=154 transfer_status=1 [21272,21285][hixl_transport.cpp:734,GetStatus]
[2026-08-24 20:57:11.833444][UC][I] [QUERY_PERF] component=ucm layer=transport_manager handle=80 transport_handle=80 transfers_lock_wait_us=0 lookup_us=1 transport_us=160 total_us=161 api_status=0 transfer_status=1 [21272,21285][transport_manager.cpp:716,GetStatus]
[2026-08-24 20:57:11.833449][UC][I] [PERF] component=transport event=transfer_done manager=127.0.0.1:8000 target=127.0.0.1:4503 handle=80 transport_handle=80 opcode=1 direct=2 segments=108 bytes=7962624 status=1 api_status=0 submitted_ts_us=1787576231829491 completed_ts_us=1787576231833448 manager_get_status_ts_us=1787576231833283 backend_query_ts_us=1787576231833401 submit_us=151 transfer_us=3957 manager_to_backend_query_us=119 total_us=4108 [21272,21285][transport_manager.cpp:727,GetStatus]
[HIXL_PERF] event=hccl_batch op=1 desc_num=108 hccl_us=89 status=0
[HIXL_PERF] event=issue_hccl_batch op=1 list_num=108 total_us=97
[HIXL_PERF] event=issue_async_host_flag op=1 list_num=108 context_us=0 hccl_issue_us=99 flag_memcpy_us=6 total_us=105
[HIXL_PERF] event=comm_channel_async op=1 list_num=108 mutex_wait_us=0 slot_us=1 host_flag_us=5 record_us=0 issue_us=107 total_us=113
[HIXL_PERF] event=adxl_inner_async op=1 list_num=108 context_us=1 connect_us=0 get_channel_us=0 channel_async_us=115 tail_us=0 total_us=116
[HIXL_PERF] event=comm_engine_async op=1 list_num=108 desc_build_us=1 inner_us=118 total_us=119 status=0
[2026-08-24 20:57:11.833577][UC][I] [HIXL_WORKER_PERF] task_id=344 queue_depth=1 enqueue_lock_wait_us=0 enqueue_us=1 queue_wait_us=5 execute_us=124 result_post_us=6 total_us=136 status=0 [21272,21286][hixl_instance.cpp:107,Run]
[2026-08-24 20:57:11.833585][UC][I] [PERF] component=transport event=transfer_submitted manager=127.0.0.1:8000 target=127.0.0.1:4502 handle=112 transport_handle=112 opcode=1 direct=2 segments=108 bytes=7962624 submitted_ts_us=1787576231833583 manager_execute_async_ts_us=1787576231833438 backend_execute_async_ts_us=1787576231833448 manager_to_backend_execute_async_us=10 submit_us=144 [21272,21286][transport_manager.cpp:674,ExecuteAsync]
[HIXL_PERF] event=hccl_batch op=1 desc_num=1 hccl_us=62 status=0
[HIXL_PERF] event=issue_hccl_batch op=1 list_num=1 total_us=68
[HIXL_PERF] event=issue_async_host_flag op=1 list_num=1 context_us=1 hccl_issue_us=73 flag_memcpy_us=5 total_us=79
[HIXL_PERF] event=comm_channel_async op=1 list_num=1 mutex_wait_us=0 slot_us=0 host_flag_us=0 record_us=0 issue_us=81 total_us=81
[HIXL_PERF] event=adxl_inner_async op=1 list_num=1 context_us=0 connect_us=0 get_channel_us=1 channel_async_us=83 tail_us=1 total_us=85
[HIXL_PERF] event=comm_engine_async op=1 list_num=1 desc_build_us=0 inner_us=87 total_us=87 status=0
[2026-08-24 20:57:11.833671][UC][I] [HIXL_WORKER_PERF] task_id=345 queue_depth=1 enqueue_lock_wait_us=0 enqueue_us=0 queue_wait_us=95 execute_us=91 result_post_us=5 total_us=191 status=0 [21272,21285][hixl_instance.cpp:107,Run]
[2026-08-24 20:57:11.833684][UC][I] [PERF] component=transport event=transfer_submitted manager=127.0.0.1:8000 target=127.0.0.1:4503 handle=113 transport_handle=113 opcode=1 direct=2 segments=1 bytes=63 submitted_ts_us=1787576231833683 manager_execute_async_ts_us=1787576231833477 backend_execute_async_ts_us=1787576231833574 manager_to_backend_execute_async_us=97 submit_us=205 [21272,21285][transport_manager.cpp:674,ExecuteAsync]
[HIXL_QUERY_PERF] layer=comm_channel request=0x39 mutex_wait_us=0 check_us=0 lookup_us=0 flag_check_us=0 complete_us=1 total_us=1 transfer_status=1
[HIXL_QUERY_PERF] layer=adxl_inner request=0x39 context_us=1 req_lock_wait_us=0 lookup_us=1 channel_us=6 cleanup_us=0 total_us=8 status=0 transfer_status=1
[HIXL_QUERY_PERF] layer=comm_engine request=0x39 total_us=13 status=0 transfer_status=1
[2026-08-24 20:57:11.833720][UC][I] [HIXL_WORKER_PERF] task_id=346 queue_depth=1 enqueue_lock_wait_us=1 enqueue_us=0 queue_wait_us=7 execute_us=16 result_post_us=4 total_us=28 status=0 [21272,21285][hixl_instance.cpp:107,Run]
[2026-08-24 20:57:11.833726][UC][I] [QUERY_PERF] component=ucm layer=hixl_instance request=0x39 queue_wait_us=8 backend_us=16 run_post_us=10 total_us=34 api_status=0 transfer_status=1 [21272,21285][hixl_instance.cpp:370,GetTransferStatus]
[2026-08-24 20:57:11.833731][UC][I] [QUERY_PERF] component=ucm layer=hixl_transport handle=96 request=0x39 lifecycle_lock_us=0 pending_lock_wait_us=0 pending_lookup_us=0 instance_us=39 erase_us=1 total_us=40 transfer_status=1 [21272,21285][hixl_transport.cpp:734,GetStatus]
[2026-08-24 20:57:11.833736][UC][I] [QUERY_PERF] component=ucm layer=transport_manager handle=96 transport_handle=96 transfers_lock_wait_us=0 lookup_us=0 transport_us=45 total_us=45 api_status=0 transfer_status=1 [21272,21285][transport_manager.cpp:716,GetStatus]
[2026-08-24 20:57:11.833739][UC][I] [PERF] component=transport event=transfer_done manager=127.0.0.1:8000 target=127.0.0.1:4504 handle=96 transport_handle=96 opcode=1 direct=2 segments=1 bytes=63 status=1 api_status=0 submitted_ts_us=1787576231831280 completed_ts_us=1787576231833738 manager_get_status_ts_us=1787576231833690 backend_query_ts_us=1787576231833699 submit_us=184 transfer_us=2458 manager_to_backend_query_us=8 total_us=2642 [21272,21285][transport_manager.cpp:727,GetStatus]
[2026-08-24 20:57:11.833744][UC][I] [PERF] component=drampool event=request_done request_id=9 opcode=2 peer=127.0.0.1:4504 batch_size=108 data_bytes=7962624 failed_items=0 status=SUCCESS failed_stage=NONE received_ts_us=1787576231827070 worker_started_ts_us=1787576231829501 data_transfer_submitted_ts_us=1787576231829716 data_transfer_completed_ts_us=1787576231831073 response_submitted_ts_us=1787576231831285 completed_ts_us=1787576231833742 data_tm_execute_async_ts_us=1787576231829533 data_hixl_execute_async_ts_us=1787576231829541 data_tm_get_status_ts_us=1787576231830923 data_hixl_query_handle_ts_us=1787576231831024 response_tm_execute_async_ts_us=1787576231831096 response_hixl_execute_async_ts_us=1787576231831185 response_tm_get_status_ts_us=1787576231833690 response_hixl_query_handle_ts_us=1787576231833699 request_queue_us=2431 metadata_prepare_us=30 taskworker_prepare_us=217 poller_queue_us=574 data_transfer_us=1356 metadata_settle_us=21 response_slot_wait_us=1 response_submit_us=190 response_transfer_us=2457 data_tm_to_hixl_execute_async_us=8 data_tm_to_hixl_query_handle_us=101 response_tm_to_hixl_execute_async_us=89 response_tm_to_hixl_query_handle_us=8 total_us=6672 [21272,21285][completion_poller.cc:56,LogRequestDone]
[HIXL_QUERY_PERF] layer=comm_channel request=0x3c mutex_wait_us=0 check_us=0 lookup_us=0 flag_check_us=0 complete_us=1 total_us=1 transfer_status=1
[HIXL_QUERY_PERF] layer=adxl_inner request=0x3c context_us=0 req_lock_wait_us=0 lookup_us=1 channel_us=7 cleanup_us=0 total_us=8 status=0 transfer_status=1
[HIXL_QUERY_PERF] layer=comm_engine request=0x3c total_us=12 status=0 transfer_status=1
[2026-08-24 20:57:11.833778][UC][I] [HIXL_WORKER_PERF] task_id=347 queue_depth=1 enqueue_lock_wait_us=0 enqueue_us=1 queue_wait_us=4 execute_us=16 result_post_us=4 total_us=25 status=0 [21272,21285][hixl_instance.cpp:107,Run]
[2026-08-24 20:57:11.833783][UC][I] [QUERY_PERF] component=ucm layer=hixl_instance request=0x3c queue_wait_us=6 backend_us=15 run_post_us=10 total_us=31 api_status=0 transfer_status=1 [21272,21285][hixl_instance.cpp:370,GetTransferStatus]
[2026-08-24 20:57:11.833788][UC][I] [QUERY_PERF] component=ucm layer=hixl_transport handle=99 request=0x3c lifecycle_lock_us=0 pending_lock_wait_us=0 pending_lookup_us=0 instance_us=36 erase_us=0 total_us=36 transfer_status=1 [21272,21285][hixl_transport.cpp:734,GetStatus]
[2026-08-24 20:57:11.833791][UC][I] [QUERY_PERF] component=ucm layer=transport_manager handle=99 transport_handle=99 transfers_lock_wait_us=0 lookup_us=0 transport_us=39 total_us=39 api_status=0 transfer_status=1 [21272,21285][transport_manager.cpp:716,GetStatus]
[2026-08-24 20:57:11.833799][UC][I] [PERF] component=transport event=transfer_done manager=127.0.0.1:8000 target=127.0.0.1:4504 handle=99 transport_handle=99 opcode=1 direct=2 segments=1 bytes=63 status=1 api_status=0 submitted_ts_us=1787576231831650 completed_ts_us=1787576231833798 manager_get_status_ts_us=1787576231833751 backend_query_ts_us=1787576231833757 submit_us=183 transfer_us=2148 manager_to_backend_query_us=6 total_us=2331 [21272,21285][transport_manager.cpp:727,GetStatus]
[2026-08-24 20:57:11.833805][UC][I] [PERF] component=drampool event=request_done request_id=10 opcode=2 peer=127.0.0.1:4504 batch_size=108 data_bytes=7962624 failed_items=0 status=SUCCESS failed_stage=NONE received_ts_us=1787576231827072 worker_started_ts_us=1787576231829719 data_transfer_submitted_ts_us=1787576231829897 data_transfer_completed_ts_us=1787576231831443 response_submitted_ts_us=1787576231831656 completed_ts_us=1787576231833803 data_tm_execute_async_ts_us=1787576231829733 data_hixl_execute_async_ts_us=1787576231829742 data_tm_get_status_ts_us=1787576231831285 data_hixl_query_handle_ts_us=1787576231831394 response_tm_execute_async_ts_us=1787576231831466 response_hixl_execute_async_ts_us=1787576231831560 response_tm_get_status_ts_us=1787576231833751 response_hixl_query_handle_ts_us=1787576231833757 request_queue_us=2647 metadata_prepare_us=13 taskworker_prepare_us=180 poller_queue_us=393 data_transfer_us=1546 metadata_settle_us=21 response_slot_wait_us=1 response_submit_us=191 response_transfer_us=2146 data_tm_to_hixl_execute_async_us=9 data_tm_to_hixl_query_handle_us=108 response_tm_to_hixl_execute_async_us=93 response_tm_to_hixl_query_handle_us=6 total_us=6731 [21272,21285][completion_poller.cc:56,LogRequestDone]
[HIXL_QUERY_PERF] layer=comm_channel request=0x3f mutex_wait_us=0 check_us=0 lookup_us=0 flag_check_us=0 complete_us=1 total_us=1 transfer_status=1
[HIXL_QUERY_PERF] layer=adxl_inner request=0x3f context_us=0 req_lock_wait_us=0 lookup_us=1 channel_us=7 cleanup_us=0 total_us=8 status=0 transfer_status=1
[HIXL_QUERY_PERF] layer=comm_engine request=0x3f total_us=10 status=0 transfer_status=1
[2026-08-24 20:57:11.833834][UC][I] [HIXL_WORKER_PERF] task_id=348 queue_depth=1 enqueue_lock_wait_us=1 enqueue_us=0 queue_wait_us=4 execute_us=13 result_post_us=4 total_us=22 status=0 [21272,21285][hixl_instance.cpp:107,Run]
[2026-08-24 20:57:11.833842][UC][I] [QUERY_PERF] component=ucm layer=hixl_instance request=0x3f queue_wait_us=5 backend_us=13 run_post_us=13 total_us=31 api_status=0 transfer_status=1 [21272,21285][hixl_instance.cpp:370,GetTransferStatus]
[2026-08-24 20:57:11.833849][UC][I] [QUERY_PERF] component=ucm layer=hixl_transport handle=102 request=0x3f lifecycle_lock_us=0 pending_lock_wait_us=0 pending_lookup_us=0 instance_us=37 erase_us=1 total_us=38 transfer_status=1 [21272,21285][hixl_transport.cpp:734,GetStatus]
[2026-08-24 20:57:11.833853][UC][I] [QUERY_PERF] component=ucm layer=transport_manager handle=102 transport_handle=102 transfers_lock_wait_us=0 lookup_us=0 transport_us=41 total_us=41 api_status=0 transfer_status=1 [21272,21285][transport_manager.cpp:716,GetStatus]
[2026-08-24 20:57:11.833856][UC][I] [PERF] component=transport event=transfer_done manager=127.0.0.1:8000 target=127.0.0.1:4504 handle=102 transport_handle=102 opcode=1 direct=2 segments=1 bytes=63 status=1 api_status=0 submitted_ts_us=1787576231832068 completed_ts_us=1787576231833855 manager_get_status_ts_us=1787576231833810 backend_query_ts_us=1787576231833816 submit_us=225 transfer_us=1786 manager_to_backend_query_us=5 total_us=2011 [21272,21285][transport_manager.cpp:727,GetStatus]
[2026-08-24 20:57:11.833861][UC][I] [PERF] component=drampool event=request_done request_id=11 opcode=2 peer=127.0.0.1:4504 batch_size=108 data_bytes=7962624 failed_items=0 status=SUCCESS failed_stage=NONE received_ts_us=1787576231827074 worker_started_ts_us=1787576231829900 data_transfer_submitted_ts_us=1787576231830076 data_transfer_completed_ts_us=1787576231831820 response_submitted_ts_us=1787576231832075 completed_ts_us=1787576231833859 data_tm_execute_async_ts_us=1787576231829931 data_hixl_execute_async_ts_us=1787576231829940 data_tm_get_status_ts_us=1787576231831656 data_hixl_query_handle_ts_us=1787576231831766 response_tm_execute_async_ts_us=1787576231831843 response_hixl_execute_async_ts_us=1787576231831966 response_tm_get_status_ts_us=1787576231833810 response_hixl_query_handle_ts_us=1787576231833816 request_queue_us=2826 metadata_prepare_us=30 taskworker_prepare_us=177 poller_queue_us=215 data_transfer_us=1744 metadata_settle_us=22 response_slot_wait_us=0 response_submit_us=233 response_transfer_us=1784 data_tm_to_hixl_execute_async_us=9 data_tm_to_hixl_query_handle_us=110 response_tm_to_hixl_execute_async_us=123 response_tm_to_hixl_query_handle_us=5 total_us=6785 [21272,21285][completion_poller.cc:56,LogRequestDone]
[HIXL_QUERY_PERF] layer=comm_channel request=0x41 mutex_wait_us=0 check_us=0 lookup_us=1 flag_check_us=0 complete_us=0 total_us=1 transfer_status=1
[HIXL_QUERY_PERF] layer=adxl_inner request=0x41 context_us=1 req_lock_wait_us=0 lookup_us=0 channel_us=6 cleanup_us=0 total_us=7 status=0 transfer_status=1
[HIXL_QUERY_PERF] layer=comm_engine request=0x41 total_us=10 status=0 transfer_status=1
[2026-08-24 20:57:11.833895][UC][I] [HIXL_WORKER_PERF] task_id=349 queue_depth=1 enqueue_lock_wait_us=0 enqueue_us=0 queue_wait_us=5 execute_us=13 result_post_us=5 total_us=23 status=0 [21272,21285][hixl_instance.cpp:107,Run]
[2026-08-24 20:57:11.833900][UC][I] [QUERY_PERF] component=ucm layer=hixl_instance request=0x41 queue_wait_us=5 backend_us=13 run_post_us=10 total_us=28 api_status=0 transfer_status=1 [21272,21285][hixl_instance.cpp:370,GetTransferStatus]
[2026-08-24 20:57:11.833903][UC][I] [QUERY_PERF] component=ucm layer=hixl_transport handle=104 request=0x41 lifecycle_lock_us=0 pending_lock_wait_us=0 pending_lookup_us=0 instance_us=30 erase_us=1 total_us=31 transfer_status=1 [21272,21285][hixl_transport.cpp:734,GetStatus]
[2026-08-24 20:57:11.833906][UC][I] [QUERY_PERF] component=ucm layer=transport_manager handle=104 transport_handle=104 transfers_lock_wait_us=0 lookup_us=1 transport_us=34 total_us=35 api_status=0 transfer_status=1 [21272,21285][transport_manager.cpp:716,GetStatus]
[2026-08-24 20:57:11.833910][UC][I] [PERF] component=transport event=transfer_done manager=127.0.0.1:8000 target=127.0.0.1:4504 handle=104 transport_handle=104 opcode=1 direct=2 segments=1 bytes=63 status=1 api_status=0 submitted_ts_us=1787576231832354 completed_ts_us=1787576231833909 manager_get_status_ts_us=1787576231833871 backend_query_ts_us=1787576231833877 submit_us=96 transfer_us=1555 manager_to_backend_query_us=6 total_us=1651 [21272,21285][transport_manager.cpp:727,GetStatus]
[2026-08-24 20:57:11.833917][UC][I] [PERF] component=drampool event=request_done request_id=12 opcode=2 peer=127.0.0.1:4504 batch_size=108 data_bytes=7962624 failed_items=0 status=SUCCESS failed_stage=NONE received_ts_us=1787576231827075 worker_started_ts_us=1787576231830078 data_transfer_submitted_ts_us=1787576231830258 data_transfer_completed_ts_us=1787576231832234 response_submitted_ts_us=1787576231832363 completed_ts_us=1787576231833915 data_tm_execute_async_ts_us=1787576231830110 data_hixl_execute_async_ts_us=1787576231830118 data_tm_get_status_ts_us=1787576231832075 data_hixl_query_handle_ts_us=1787576231832176 response_tm_execute_async_ts_us=1787576231832257 response_hixl_execute_async_ts_us=1787576231832265 response_tm_get_status_ts_us=1787576231833871 response_hixl_query_handle_ts_us=1787576231833877 request_queue_us=3003 metadata_prepare_us=30 taskworker_prepare_us=181 poller_queue_us=34 data_transfer_us=1976 metadata_settle_us=22 response_slot_wait_us=0 response_submit_us=107 response_transfer_us=1552 data_tm_to_hixl_execute_async_us=8 data_tm_to_hixl_query_handle_us=101 response_tm_to_hixl_execute_async_us=8 response_tm_to_hixl_query_handle_us=6 total_us=6840 [21272,21285][completion_poller.cc:56,LogRequestDone]
[HIXL_QUERY_PERF] layer=comm_channel request=0x34 mutex_wait_us=0 check_us=0 lookup_us=0 flag_check_us=1 complete_us=1 total_us=2 transfer_status=1
[HIXL_QUERY_PERF] layer=adxl_inner request=0x34 context_us=1 req_lock_wait_us=0 lookup_us=0 channel_us=7 cleanup_us=0 total_us=8 status=0 transfer_status=1
[HIXL_QUERY_PERF] layer=comm_engine request=0x34 total_us=12 status=0 transfer_status=1
[2026-08-24 20:57:11.833950][UC][I] [HIXL_WORKER_PERF] task_id=350 queue_depth=1 enqueue_lock_wait_us=1 enqueue_us=0 queue_wait_us=4 execute_us=17 result_post_us=5 total_us=27 status=0 [21272,21285][hixl_instance.cpp:107,Run]
[2026-08-24 20:57:11.833955][UC][I] [QUERY_PERF] component=ucm layer=hixl_instance request=0x34 queue_wait_us=5 backend_us=17 run_post_us=10 total_us=32 api_status=0 transfer_status=1 [21272,21285][hixl_instance.cpp:370,GetTransferStatus]
[2026-08-24 20:57:11.833958][UC][I] [QUERY_PERF] component=ucm layer=hixl_transport handle=89 request=0x34 lifecycle_lock_us=0 pending_lock_wait_us=0 pending_lookup_us=0 instance_us=35 erase_us=0 total_us=35 transfer_status=1 [21272,21285][hixl_transport.cpp:734,GetStatus]
[2026-08-24 20:57:11.833962][UC][I] [QUERY_PERF] component=ucm layer=transport_manager handle=89 transport_handle=89 transfers_lock_wait_us=0 lookup_us=0 transport_us=38 total_us=38 api_status=0 transfer_status=1 [21272,21285][transport_manager.cpp:716,GetStatus]
[2026-08-24 20:57:11.833970][UC][I] [PERF] component=transport event=transfer_done manager=127.0.0.1:8000 target=127.0.0.1:4504 handle=89 transport_handle=89 opcode=1 direct=2 segments=108 bytes=7962624 status=1 api_status=0 submitted_ts_us=1787576231830430 completed_ts_us=1787576231833969 manager_get_status_ts_us=1787576231833922 backend_query_ts_us=1787576231833928 submit_us=138 transfer_us=3539 manager_to_backend_query_us=5 total_us=3677 [21272,21285][transport_manager.cpp:727,GetStatus]
[HIXL_PERF] event=hccl_batch op=1 desc_num=1 hccl_us=52 status=0
[HIXL_PERF] event=issue_hccl_batch op=1 list_num=1 total_us=60
[HIXL_PERF] event=issue_async_host_flag op=1 list_num=1 context_us=0 hccl_issue_us=61 flag_memcpy_us=4 total_us=65
[HIXL_PERF] event=comm_channel_async op=1 list_num=1 mutex_wait_us=0 slot_us=0 host_flag_us=0 record_us=0 issue_us=68 total_us=68
[HIXL_PERF] event=adxl_inner_async op=1 list_num=1 context_us=0 connect_us=0 get_channel_us=0 channel_async_us=71 tail_us=0 total_us=71
[HIXL_PERF] event=comm_engine_async op=1 list_num=1 desc_build_us=1 inner_us=73 total_us=74 status=0
[2026-08-24 20:57:11.834072][UC][I] [HIXL_WORKER_PERF] task_id=351 queue_depth=1 enqueue_lock_wait_us=0 enqueue_us=0 queue_wait_us=5 execute_us=77 result_post_us=4 total_us=86 status=0 [21272,21285][hixl_instance.cpp:107,Run]
[2026-08-24 20:57:11.834080][UC][I] [PERF] component=transport event=transfer_submitted manager=127.0.0.1:8000 target=127.0.0.1:4504 handle=114 transport_handle=114 opcode=1 direct=2 segments=1 bytes=63 submitted_ts_us=1787576231834079 manager_execute_async_ts_us=1787576231833984 backend_execute_async_ts_us=1787576231833990 manager_to_backend_execute_async_us=6 submit_us=96 [21272,21285][transport_manager.cpp:674,ExecuteAsync]
[HIXL_QUERY_PERF] layer=comm_channel request=0x35 mutex_wait_us=0 check_us=0 lookup_us=0 flag_check_us=1 complete_us=1 total_us=2 transfer_status=1
[HIXL_QUERY_PERF] layer=adxl_inner request=0x35 context_us=1 req_lock_wait_us=0 lookup_us=0 channel_us=6 cleanup_us=1 total_us=8 status=0 transfer_status=1
[HIXL_QUERY_PERF] layer=comm_engine request=0x35 total_us=10 status=0 transfer_status=1
[2026-08-24 20:57:11.834109][UC][I] [HIXL_WORKER_PERF] task_id=352 queue_depth=1 enqueue_lock_wait_us=1 enqueue_us=0 queue_wait_us=4 execute_us=13 result_post_us=5 total_us=23 status=0 [21272,21285][hixl_instance.cpp:107,Run]
[2026-08-24 20:57:11.834116][UC][I] [QUERY_PERF] component=ucm layer=hixl_instance request=0x35 queue_wait_us=5 backend_us=13 run_post_us=11 total_us=29 api_status=0 transfer_status=1 [21272,21285][hixl_instance.cpp:370,GetTransferStatus]
[2026-08-24 20:57:11.834120][UC][I] [QUERY_PERF] component=ucm layer=hixl_transport handle=90 request=0x35 lifecycle_lock_us=0 pending_lock_wait_us=0 pending_lookup_us=0 instance_us=33 erase_us=0 total_us=33 transfer_status=1 [21272,21285][hixl_transport.cpp:734,GetStatus]
[2026-08-24 20:57:11.834124][UC][I] [QUERY_PERF] component=ucm layer=transport_manager handle=90 transport_handle=90 transfers_lock_wait_us=0 lookup_us=0 transport_us=38 total_us=38 api_status=0 transfer_status=1 [21272,21285][transport_manager.cpp:716,GetStatus]
[2026-08-24 20:57:11.834130][UC][I] [PERF] component=transport event=transfer_done manager=127.0.0.1:8000 target=127.0.0.1:4504 handle=90 transport_handle=90 opcode=1 direct=2 segments=108 bytes=7962624 status=1 api_status=0 submitted_ts_us=1787576231830593 completed_ts_us=1787576231834129 manager_get_status_ts_us=1787576231834086 backend_query_ts_us=1787576231834091 submit_us=131 transfer_us=3536 manager_to_backend_query_us=5 total_us=3667 [21272,21285][transport_manager.cpp:727,GetStatus]
[HIXL_PERF] event=hccl_batch op=1 desc_num=1 hccl_us=51 status=0
[HIXL_PERF] event=issue_hccl_batch op=1 list_num=1 total_us=57
[HIXL_PERF] event=issue_async_host_flag op=1 list_num=1 context_us=0 hccl_issue_us=59 flag_memcpy_us=5 total_us=64
[HIXL_PERF] event=comm_channel_async op=1 list_num=1 mutex_wait_us=0 slot_us=0 host_flag_us=0 record_us=0 issue_us=66 total_us=66
[HIXL_PERF] event=adxl_inner_async op=1 list_num=1 context_us=0 connect_us=0 get_channel_us=0 channel_async_us=69 tail_us=0 total_us=69
[HIXL_PERF] event=comm_engine_async op=1 list_num=1 desc_build_us=0 inner_us=72 total_us=72 status=0
[2026-08-24 20:57:11.834229][UC][I] [HIXL_WORKER_PERF] task_id=353 queue_depth=1 enqueue_lock_wait_us=0 enqueue_us=0 queue_wait_us=5 execute_us=75 result_post_us=5 total_us=85 status=0 [21272,21285][hixl_instance.cpp:107,Run]
[2026-08-24 20:57:11.834236][UC][I] [PERF] component=transport event=transfer_submitted manager=127.0.0.1:8000 target=127.0.0.1:4504 handle=115 transport_handle=115 opcode=1 direct=2 segments=1 bytes=63 submitted_ts_us=1787576231834235 manager_execute_async_ts_us=1787576231834142 backend_execute_async_ts_us=1787576231834148 manager_to_backend_execute_async_us=6 submit_us=93 [21272,21285][transport_manager.cpp:674,ExecuteAsync]
[HIXL_QUERY_PERF] layer=comm_channel request=0x36 mutex_wait_us=0 check_us=0 lookup_us=0 flag_check_us=0 complete_us=2 total_us=2 transfer_status=1
[HIXL_QUERY_PERF] layer=adxl_inner request=0x36 context_us=0 req_lock_wait_us=1 lookup_us=0 channel_us=7 cleanup_us=1 total_us=9 status=0 transfer_status=1
[HIXL_QUERY_PERF] layer=comm_engine request=0x36 total_us=12 status=0 transfer_status=1
[2026-08-24 20:57:11.834268][UC][I] [HIXL_WORKER_PERF] task_id=354 queue_depth=1 enqueue_lock_wait_us=0 enqueue_us=1 queue_wait_us=4 execute_us=14 result_post_us=5 total_us=24 status=0 [21272,21285][hixl_instance.cpp:107,Run]
[2026-08-24 20:57:11.834277][UC][I] [QUERY_PERF] component=ucm layer=hixl_instance request=0x36 queue_wait_us=6 backend_us=13 run_post_us=15 total_us=34 api_status=0 transfer_status=1 [21272,21285][hixl_instance.cpp:370,GetTransferStatus]
[2026-08-24 20:57:11.834281][UC][I] [QUERY_PERF] component=ucm layer=hixl_transport handle=92 request=0x36 lifecycle_lock_us=0 pending_lock_wait_us=0 pending_lookup_us=0 instance_us=37 erase_us=0 total_us=37 transfer_status=1 [21272,21285][hixl_transport.cpp:734,GetStatus]
[2026-08-24 20:57:11.834289][UC][I] [QUERY_PERF] component=ucm layer=transport_manager handle=92 transport_handle=92 transfers_lock_wait_us=0 lookup_us=0 transport_us=45 total_us=45 api_status=0 transfer_status=1 [21272,21285][transport_manager.cpp:716,GetStatus]
[2026-08-24 20:57:11.834294][UC][I] [PERF] component=transport event=transfer_done manager=127.0.0.1:8000 target=127.0.0.1:4501 handle=92 transport_handle=92 opcode=1 direct=2 segments=108 bytes=7962624 status=1 api_status=0 submitted_ts_us=1787576231830849 completed_ts_us=1787576231834293 manager_get_status_ts_us=1787576231834242 backend_query_ts_us=1787576231834248 submit_us=214 transfer_us=3443 manager_to_backend_query_us=6 total_us=3657 [21272,21285][transport_manager.cpp:727,GetStatus]
[HIXL_PERF] event=hccl_batch op=1 desc_num=1 hccl_us=51 status=0
[HIXL_PERF] event=issue_hccl_batch op=1 list_num=1 total_us=57
[HIXL_PERF] event=issue_async_host_flag op=1 list_num=1 context_us=0 hccl_issue_us=59 flag_memcpy_us=4 total_us=63
[HIXL_PERF] event=comm_channel_async op=1 list_num=1 mutex_wait_us=0 slot_us=0 host_flag_us=1 record_us=0 issue_us=66 total_us=67
[HIXL_PERF] event=adxl_inner_async op=1 list_num=1 context_us=1 connect_us=0 get_channel_us=0 channel_async_us=69 tail_us=0 total_us=70
[HIXL_PERF] event=comm_engine_async op=1 list_num=1 desc_build_us=0 inner_us=72 total_us=72 status=0
[2026-08-24 20:57:11.834394][UC][I] [HIXL_WORKER_PERF] task_id=355 queue_depth=1 enqueue_lock_wait_us=0 enqueue_us=1 queue_wait_us=4 execute_us=77 result_post_us=5 total_us=87 status=0 [21272,21285][hixl_instance.cpp:107,Run]
[2026-08-24 20:57:11.834402][UC][I] [PERF] component=transport event=transfer_submitted manager=127.0.0.1:8000 target=127.0.0.1:4501 handle=116 transport_handle=116 opcode=1 direct=2 segments=1 bytes=63 submitted_ts_us=1787576231834401 manager_execute_async_ts_us=1787576231834306 backend_execute_async_ts_us=1787576231834312 manager_to_backend_execute_async_us=6 submit_us=94 [21272,21285][transport_manager.cpp:674,ExecuteAsync]
[HIXL_QUERY_PERF] layer=comm_channel request=0x37 mutex_wait_us=0 check_us=0 lookup_us=1 flag_check_us=0 complete_us=1 total_us=2 transfer_status=1
[HIXL_QUERY_PERF] layer=adxl_inner request=0x37 context_us=1 req_lock_wait_us=0 lookup_us=0 channel_us=8 cleanup_us=0 total_us=9 status=0 transfer_status=1
[HIXL_QUERY_PERF] layer=comm_engine request=0x37 total_us=12 status=0 transfer_status=1
[2026-08-24 20:57:11.834433][UC][I] [HIXL_WORKER_PERF] task_id=356 queue_depth=1 enqueue_lock_wait_us=0 enqueue_us=1 queue_wait_us=5 execute_us=14 result_post_us=4 total_us=24 status=0 [21272,21285][hixl_instance.cpp:107,Run]
[2026-08-24 20:57:11.834439][UC][I] [QUERY_PERF] component=ucm layer=hixl_instance request=0x37 queue_wait_us=6 backend_us=14 run_post_us=10 total_us=30 api_status=0 transfer_status=1 [21272,21285][hixl_instance.cpp:370,GetTransferStatus]
[2026-08-24 20:57:11.834446][UC][I] [QUERY_PERF] component=ucm layer=hixl_transport handle=94 request=0x37 lifecycle_lock_us=0 pending_lock_wait_us=0 pending_lookup_us=0 instance_us=37 erase_us=0 total_us=37 transfer_status=1 [21272,21285][hixl_transport.cpp:734,GetStatus]
[2026-08-24 20:57:11.834450][UC][I] [QUERY_PERF] component=ucm layer=transport_manager handle=94 transport_handle=94 transfers_lock_wait_us=0 lookup_us=0 transport_us=42 total_us=42 api_status=0 transfer_status=1 [21272,21285][transport_manager.cpp:716,GetStatus]
[2026-08-24 20:57:11.834454][UC][I] [PERF] component=transport event=transfer_done manager=127.0.0.1:8000 target=127.0.0.1:4501 handle=94 transport_handle=94 opcode=1 direct=2 segments=108 bytes=7962624 status=1 api_status=0 submitted_ts_us=1787576231831035 completed_ts_us=1787576231834453 manager_get_status_ts_us=1787576231834407 backend_query_ts_us=1787576231834414 submit_us=133 transfer_us=3418 manager_to_backend_query_us=6 total_us=3551 [21272,21285][transport_manager.cpp:727,GetStatus]
[HIXL_PERF] event=hccl_batch op=1 desc_num=1 hccl_us=51 status=0
[HIXL_PERF] event=issue_hccl_batch op=1 list_num=1 total_us=58
[HIXL_PERF] event=issue_async_host_flag op=1 list_num=1 context_us=0 hccl_issue_us=59 flag_memcpy_us=5 total_us=64
[HIXL_PERF] event=comm_channel_async op=1 list_num=1 mutex_wait_us=0 slot_us=1 host_flag_us=0 record_us=0 issue_us=66 total_us=67
[HIXL_PERF] event=adxl_inner_async op=1 list_num=1 context_us=1 connect_us=0 get_channel_us=0 channel_async_us=69 tail_us=0 total_us=70
[HIXL_PERF] event=comm_engine_async op=1 list_num=1 desc_build_us=0 inner_us=72 total_us=72 status=0
[2026-08-24 20:57:11.834556][UC][I] [HIXL_WORKER_PERF] task_id=357 queue_depth=1 enqueue_lock_wait_us=0 enqueue_us=0 queue_wait_us=4 execute_us=76 result_post_us=5 total_us=85 status=0 [21272,21285][hixl_instance.cpp:107,Run]
[2026-08-24 20:57:11.834563][UC][I] [PERF] component=transport event=transfer_submitted manager=127.0.0.1:8000 target=127.0.0.1:4501 handle=117 transport_handle=117 opcode=1 direct=2 segments=1 bytes=63 submitted_ts_us=1787576231834562 manager_execute_async_ts_us=1787576231834469 backend_execute_async_ts_us=1787576231834475 manager_to_backend_execute_async_us=6 submit_us=93 [21272,21285][transport_manager.cpp:674,ExecuteAsync]
[HIXL_QUERY_PERF] layer=comm_channel request=0x38 mutex_wait_us=0 check_us=0 lookup_us=0 flag_check_us=0 complete_us=1 total_us=1 transfer_status=1
[HIXL_QUERY_PERF] layer=adxl_inner request=0x38 context_us=0 req_lock_wait_us=0 lookup_us=1 channel_us=6 cleanup_us=0 total_us=7 status=0 transfer_status=1
[HIXL_QUERY_PERF] layer=comm_engine request=0x38 total_us=9 status=0 transfer_status=1
[2026-08-24 20:57:11.834593][UC][I] [HIXL_WORKER_PERF] task_id=358 queue_depth=1 enqueue_lock_wait_us=0 enqueue_us=0 queue_wait_us=5 execute_us=13 result_post_us=4 total_us=22 status=0 [21272,21285][hixl_instance.cpp:107,Run]
[2026-08-24 20:57:11.834599][UC][I] [QUERY_PERF] component=ucm layer=hixl_instance request=0x38 queue_wait_us=5 backend_us=13 run_post_us=11 total_us=29 api_status=0 transfer_status=1 [21272,21285][hixl_instance.cpp:370,GetTransferStatus]
[2026-08-24 20:57:11.834608][UC][I] [QUERY_PERF] component=ucm layer=hixl_transport handle=95 request=0x38 lifecycle_lock_us=0 pending_lock_wait_us=0 pending_lookup_us=0 instance_us=37 erase_us=0 total_us=37 transfer_status=1 [21272,21285][hixl_transport.cpp:734,GetStatus]
[2026-08-24 20:57:11.834614][UC][I] [QUERY_PERF] component=ucm layer=transport_manager handle=95 transport_handle=95 transfers_lock_wait_us=0 lookup_us=0 transport_us=43 total_us=43 api_status=0 transfer_status=1 [21272,21285][transport_manager.cpp:716,GetStatus]
[2026-08-24 20:57:11.834617][UC][I] [PERF] component=transport event=transfer_done manager=127.0.0.1:8000 target=127.0.0.1:4501 handle=95 transport_handle=95 opcode=1 direct=2 segments=108 bytes=7962624 status=1 api_status=0 submitted_ts_us=1787576231831195 completed_ts_us=1787576231834616 manager_get_status_ts_us=1787576231834569 backend_query_ts_us=1787576231834575 submit_us=135 transfer_us=3420 manager_to_backend_query_us=5 total_us=3555 [21272,21285][transport_manager.cpp:727,GetStatus]
[HIXL_PERF] event=hccl_batch op=1 desc_num=1 hccl_us=50 status=0
[HIXL_PERF] event=issue_hccl_batch op=1 list_num=1 total_us=56
[HIXL_PERF] event=issue_async_host_flag op=1 list_num=1 context_us=0 hccl_issue_us=58 flag_memcpy_us=4 total_us=62
[HIXL_PERF] event=comm_channel_async op=1 list_num=1 mutex_wait_us=0 slot_us=0 host_flag_us=1 record_us=0 issue_us=65 total_us=66
[HIXL_PERF] event=adxl_inner_async op=1 list_num=1 context_us=1 connect_us=0 get_channel_us=0 channel_async_us=68 tail_us=0 total_us=69
[HIXL_PERF] event=comm_engine_async op=1 list_num=1 desc_build_us=0 inner_us=84 total_us=84 status=0
[2026-08-24 20:57:11.834728][UC][I] [HIXL_WORKER_PERF] task_id=359 queue_depth=1 enqueue_lock_wait_us=0 enqueue_us=0 queue_wait_us=4 execute_us=89 result_post_us=5 total_us=98 status=0 [21272,21285][hixl_instance.cpp:107,Run]
[2026-08-24 20:57:11.834735][UC][I] [PERF] component=transport event=transfer_submitted manager=127.0.0.1:8000 target=127.0.0.1:4501 handle=118 transport_handle=118 opcode=1 direct=2 segments=1 bytes=63 submitted_ts_us=1787576231834734 manager_execute_async_ts_us=1787576231834628 backend_execute_async_ts_us=1787576231834633 manager_to_backend_execute_async_us=6 submit_us=106 [21272,21285][transport_manager.cpp:674,ExecuteAsync]
[HIXL_QUERY_PERF] layer=comm_channel request=0x3a mutex_wait_us=0 check_us=0 lookup_us=0 flag_check_us=1 complete_us=1 total_us=2 transfer_status=1
[HIXL_QUERY_PERF] layer=adxl_inner request=0x3a context_us=1 req_lock_wait_us=0 lookup_us=0 channel_us=7 cleanup_us=1 total_us=9 status=0 transfer_status=1
[HIXL_QUERY_PERF] layer=comm_engine request=0x3a total_us=11 status=0 transfer_status=1
[2026-08-24 20:57:11.834765][UC][I] [HIXL_WORKER_PERF] task_id=360 queue_depth=1 enqueue_lock_wait_us=0 enqueue_us=1 queue_wait_us=4 execute_us=13 result_post_us=5 total_us=23 status=0 [21272,21285][hixl_instance.cpp:107,Run]
[2026-08-24 20:57:11.834770][UC][I] [QUERY_PERF] component=ucm layer=hixl_instance request=0x3a queue_wait_us=6 backend_us=12 run_post_us=10 total_us=28 api_status=0 transfer_status=1 [21272,21285][hixl_instance.cpp:370,GetTransferStatus]
[2026-08-24 20:57:11.834777][UC][I] [QUERY_PERF] component=ucm layer=hixl_transport handle=97 request=0x3a lifecycle_lock_us=0 pending_lock_wait_us=0 pending_lookup_us=0 instance_us=33 erase_us=0 total_us=33 transfer_status=1 [21272,21285][hixl_transport.cpp:734,GetStatus]
[2026-08-24 20:57:11.834780][UC][I] [QUERY_PERF] component=ucm layer=transport_manager handle=97 transport_handle=97 transfers_lock_wait_us=0 lookup_us=0 transport_us=37 total_us=37 api_status=0 transfer_status=1 [21272,21285][transport_manager.cpp:716,GetStatus]
[2026-08-24 20:57:11.834784][UC][I] [PERF] component=transport event=transfer_done manager=127.0.0.1:8000 target=127.0.0.1:4501 handle=97 transport_handle=97 opcode=1 direct=2 segments=108 bytes=7962624 status=1 api_status=0 submitted_ts_us=1787576231831405 completed_ts_us=1787576231834783 manager_get_status_ts_us=1787576231834741 backend_query_ts_us=1787576231834748 submit_us=169 transfer_us=3378 manager_to_backend_query_us=6 total_us=3547 [21272,21285][transport_manager.cpp:727,GetStatus]
[HIXL_PERF] event=hccl_batch op=1 desc_num=1 hccl_us=50 status=0
[HIXL_PERF] event=issue_hccl_batch op=1 list_num=1 total_us=56
[HIXL_PERF] event=issue_async_host_flag op=1 list_num=1 context_us=0 hccl_issue_us=58 flag_memcpy_us=4 total_us=62
[HIXL_PERF] event=comm_channel_async op=1 list_num=1 mutex_wait_us=0 slot_us=0 host_flag_us=0 record_us=0 issue_us=65 total_us=65
[HIXL_PERF] event=adxl_inner_async op=1 list_num=1 context_us=1 connect_us=0 get_channel_us=0 channel_async_us=67 tail_us=0 total_us=68
[HIXL_PERF] event=comm_engine_async op=1 list_num=1 desc_build_us=0 inner_us=70 total_us=70 status=0
[2026-08-24 20:57:11.834882][UC][I] [HIXL_WORKER_PERF] task_id=361 queue_depth=1 enqueue_lock_wait_us=0 enqueue_us=0 queue_wait_us=4 execute_us=74 result_post_us=5 total_us=83 status=0 [21272,21285][hixl_instance.cpp:107,Run]
[2026-08-24 20:57:11.834889][UC][I] [PERF] component=transport event=transfer_submitted manager=127.0.0.1:8000 target=127.0.0.1:4501 handle=119 transport_handle=119 opcode=1 direct=2 segments=1 bytes=63 submitted_ts_us=1787576231834888 manager_execute_async_ts_us=1787576231834797 backend_execute_async_ts_us=1787576231834802 manager_to_backend_execute_async_us=5 submit_us=91 [21272,21285][transport_manager.cpp:674,ExecuteAsync]
[HIXL_QUERY_PERF] layer=comm_channel request=0x3b mutex_wait_us=0 check_us=0 lookup_us=0 flag_check_us=0 complete_us=1 total_us=1 transfer_status=1
[HIXL_QUERY_PERF] layer=adxl_inner request=0x3b context_us=0 req_lock_wait_us=0 lookup_us=1 channel_us=10 cleanup_us=0 total_us=11 status=0 transfer_status=1
[HIXL_QUERY_PERF] layer=comm_engine request=0x3b total_us=14 status=0 transfer_status=1
[2026-08-24 20:57:11.834928][UC][I] [HIXL_WORKER_PERF] task_id=362 queue_depth=1 enqueue_lock_wait_us=1 enqueue_us=0 queue_wait_us=5 execute_us=20 result_post_us=4 total_us=30 status=0 [21272,21285][hixl_instance.cpp:107,Run]
[2026-08-24 20:57:11.834937][UC][I] [QUERY_PERF] component=ucm layer=hixl_instance request=0x3b queue_wait_us=6 backend_us=20 run_post_us=14 total_us=40 api_status=0 transfer_status=1 [21272,21285][hixl_instance.cpp:370,GetTransferStatus]
[2026-08-24 20:57:11.834943][UC][I] [QUERY_PERF] component=ucm layer=hixl_transport handle=98 request=0x3b lifecycle_lock_us=0 pending_lock_wait_us=0 pending_lookup_us=0 instance_us=45 erase_us=0 total_us=45 transfer_status=1 [21272,21285][hixl_transport.cpp:734,GetStatus]
[2026-08-24 20:57:11.834945][UC][I] [QUERY_PERF] component=ucm layer=transport_manager handle=98 transport_handle=98 transfers_lock_wait_us=0 lookup_us=0 transport_us=48 total_us=48 api_status=0 transfer_status=1 [21272,21285][transport_manager.cpp:716,GetStatus]
[2026-08-24 20:57:11.834949][UC][I] [PERF] component=transport event=transfer_done manager=127.0.0.1:8000 target=127.0.0.1:4501 handle=98 transport_handle=98 opcode=1 direct=2 segments=108 bytes=7962624 status=1 api_status=0 submitted_ts_us=1787576231831568 completed_ts_us=1787576231834948 manager_get_status_ts_us=1787576231834897 backend_query_ts_us=1787576231834903 submit_us=136 transfer_us=3380 manager_to_backend_query_us=6 total_us=3516 [21272,21285][transport_manager.cpp:727,GetStatus]
[HIXL_PERF] event=hccl_batch op=1 desc_num=1 hccl_us=51 status=0
[HIXL_PERF] event=issue_hccl_batch op=1 list_num=1 total_us=56
[HIXL_PERF] event=issue_async_host_flag op=1 list_num=1 context_us=1 hccl_issue_us=58 flag_memcpy_us=5 total_us=64
[HIXL_PERF] event=comm_channel_async op=1 list_num=1 mutex_wait_us=0 slot_us=0 host_flag_us=0 record_us=0 issue_us=66 total_us=66
[HIXL_PERF] event=adxl_inner_async op=1 list_num=1 context_us=0 connect_us=0 get_channel_us=1 channel_async_us=68 tail_us=1 total_us=70
[HIXL_PERF] event=comm_engine_async op=1 list_num=1 desc_build_us=0 inner_us=71 total_us=71 status=0
[2026-08-24 20:57:11.835046][UC][I] [HIXL_WORKER_PERF] task_id=363 queue_depth=1 enqueue_lock_wait_us=0 enqueue_us=1 queue_wait_us=4 execute_us=75 result_post_us=5 total_us=85 status=0 [21272,21285][hixl_instance.cpp:107,Run]
[2026-08-24 20:57:11.835053][UC][I] [PERF] component=transport event=transfer_submitted manager=127.0.0.1:8000 target=127.0.0.1:4501 handle=120 transport_handle=120 opcode=1 direct=2 segments=1 bytes=63 submitted_ts_us=1787576231835052 manager_execute_async_ts_us=1787576231834960 backend_execute_async_ts_us=1787576231834966 manager_to_backend_execute_async_us=6 submit_us=92 [21272,21285][transport_manager.cpp:674,ExecuteAsync]
[HIXL_QUERY_PERF] layer=comm_channel request=0x3d mutex_wait_us=0 check_us=0 lookup_us=1 flag_check_us=0 complete_us=1 total_us=2 transfer_status=1
[HIXL_QUERY_PERF] layer=adxl_inner request=0x3d context_us=1 req_lock_wait_us=0 lookup_us=0 channel_us=6 cleanup_us=1 total_us=8 status=0 transfer_status=1
[HIXL_QUERY_PERF] layer=comm_engine request=0x3d total_us=10 status=0 transfer_status=1
[2026-08-24 20:57:11.835082][UC][I] [HIXL_WORKER_PERF] task_id=364 queue_depth=1 enqueue_lock_wait_us=0 enqueue_us=0 queue_wait_us=5 execute_us=12 result_post_us=5 total_us=22 status=0 [21272,21285][hixl_instance.cpp:107,Run]
[2026-08-24 20:57:11.835087][UC][I] [QUERY_PERF] component=ucm layer=hixl_instance request=0x3d queue_wait_us=7 backend_us=11 run_post_us=9 total_us=27 api_status=0 transfer_status=1 [21272,21285][hixl_instance.cpp:370,GetTransferStatus]
[2026-08-24 20:57:11.835091][UC][I] [QUERY_PERF] component=ucm layer=hixl_transport handle=100 request=0x3d lifecycle_lock_us=0 pending_lock_wait_us=0 pending_lookup_us=0 instance_us=31 erase_us=0 total_us=31 transfer_status=1 [21272,21285][hixl_transport.cpp:734,GetStatus]
[2026-08-24 20:57:11.835098][UC][I] [QUERY_PERF] component=ucm layer=transport_manager handle=100 transport_handle=100 transfers_lock_wait_us=0 lookup_us=0 transport_us=39 total_us=39 api_status=0 transfer_status=1 [21272,21285][transport_manager.cpp:716,GetStatus]
[2026-08-24 20:57:11.835105][UC][I] [PERF] component=transport event=transfer_done manager=127.0.0.1:8000 target=127.0.0.1:4501 handle=100 transport_handle=100 opcode=1 direct=2 segments=108 bytes=7962624 status=1 api_status=0 submitted_ts_us=1787576231831779 completed_ts_us=1787576231835104 manager_get_status_ts_us=1787576231835059 backend_query_ts_us=1787576231835066 submit_us=169 transfer_us=3326 manager_to_backend_query_us=7 total_us=3495 [21272,21285][transport_manager.cpp:727,GetStatus]
[HIXL_PERF] event=hccl_batch op=1 desc_num=1 hccl_us=51 status=0
[HIXL_PERF] event=issue_hccl_batch op=1 list_num=1 total_us=59
[HIXL_PERF] event=issue_async_host_flag op=1 list_num=1 context_us=0 hccl_issue_us=61 flag_memcpy_us=4 total_us=65
[HIXL_PERF] event=comm_channel_async op=1 list_num=1 mutex_wait_us=0 slot_us=0 host_flag_us=0 record_us=0 issue_us=67 total_us=67
[HIXL_PERF] event=adxl_inner_async op=1 list_num=1 context_us=0 connect_us=0 get_channel_us=1 channel_async_us=69 tail_us=1 total_us=71
[HIXL_PERF] event=comm_engine_async op=1 list_num=1 desc_build_us=0 inner_us=73 total_us=73 status=0
[2026-08-24 20:57:11.835206][UC][I] [HIXL_WORKER_PERF] task_id=365 queue_depth=1 enqueue_lock_wait_us=0 enqueue_us=1 queue_wait_us=4 execute_us=76 result_post_us=5 total_us=86 status=0 [21272,21285][hixl_instance.cpp:107,Run]
[2026-08-24 20:57:11.835214][UC][I] [PERF] component=transport event=transfer_submitted manager=127.0.0.1:8000 target=127.0.0.1:4501 handle=121 transport_handle=121 opcode=1 direct=2 segments=1 bytes=63 submitted_ts_us=1787576231835213 manager_execute_async_ts_us=1787576231835119 backend_execute_async_ts_us=1787576231835125 manager_to_backend_execute_async_us=6 submit_us=93 [21272,21285][transport_manager.cpp:674,ExecuteAsync]
[HIXL_QUERY_PERF] layer=comm_channel request=0x3e mutex_wait_us=0 check_us=0 lookup_us=0 flag_check_us=0 complete_us=1 total_us=1 transfer_status=1
[HIXL_QUERY_PERF] layer=adxl_inner request=0x3e context_us=0 req_lock_wait_us=0 lookup_us=1 channel_us=5 cleanup_us=0 total_us=6 status=0 transfer_status=1
[HIXL_QUERY_PERF] layer=comm_engine request=0x3e total_us=10 status=0 transfer_status=1
[2026-08-24 20:57:11.835247][UC][I] [HIXL_WORKER_PERF] task_id=366 queue_depth=1 enqueue_lock_wait_us=0 enqueue_us=1 queue_wait_us=4 execute_us=13 result_post_us=4 total_us=22 status=0 [21272,21285][hixl_instance.cpp:107,Run]
[2026-08-24 20:57:11.835254][UC][I] [QUERY_PERF] component=ucm layer=hixl_instance request=0x3e queue_wait_us=5 backend_us=12 run_post_us=12 total_us=29 api_status=0 transfer_status=1 [21272,21285][hixl_instance.cpp:370,GetTransferStatus]
[2026-08-24 20:57:11.835258][UC][I] [QUERY_PERF] component=ucm layer=hixl_transport handle=101 request=0x3e lifecycle_lock_us=0 pending_lock_wait_us=0 pending_lookup_us=0 instance_us=32 erase_us=0 total_us=32 transfer_status=1 [21272,21285][hixl_transport.cpp:734,GetStatus]
[2026-08-24 20:57:11.835261][UC][I] [QUERY_PERF] component=ucm layer=transport_manager handle=101 transport_handle=101 transfers_lock_wait_us=0 lookup_us=0 transport_us=36 total_us=36 api_status=0 transfer_status=1 [21272,21285][transport_manager.cpp:716,GetStatus]
[2026-08-24 20:57:11.835265][UC][I] [PERF] component=transport event=transfer_done manager=127.0.0.1:8000 target=127.0.0.1:4501 handle=101 transport_handle=101 opcode=1 direct=2 segments=108 bytes=7962624 status=1 api_status=0 submitted_ts_us=1787576231831977 completed_ts_us=1787576231835264 manager_get_status_ts_us=1787576231835224 backend_query_ts_us=1787576231835230 submit_us=166 transfer_us=3287 manager_to_backend_query_us=5 total_us=3453 [21272,21285][transport_manager.cpp:727,GetStatus]
[HIXL_PERF] event=hccl_batch op=1 desc_num=1 hccl_us=50 status=0
[HIXL_PERF] event=issue_hccl_batch op=1 list_num=1 total_us=57
[HIXL_PERF] event=issue_async_host_flag op=1 list_num=1 context_us=0 hccl_issue_us=65 flag_memcpy_us=5 total_us=70
[HIXL_PERF] event=comm_channel_async op=1 list_num=1 mutex_wait_us=0 slot_us=0 host_flag_us=0 record_us=0 issue_us=73 total_us=73
[HIXL_PERF] event=adxl_inner_async op=1 list_num=1 context_us=0 connect_us=0 get_channel_us=1 channel_async_us=75 tail_us=0 total_us=76
[HIXL_PERF] event=comm_engine_async op=1 list_num=1 desc_build_us=1 inner_us=78 total_us=79 status=0
[2026-08-24 20:57:11.835374][UC][I] [HIXL_WORKER_PERF] task_id=367 queue_depth=1 enqueue_lock_wait_us=0 enqueue_us=0 queue_wait_us=5 execute_us=83 result_post_us=4 total_us=92 status=0 [21272,21285][hixl_instance.cpp:107,Run]
[2026-08-24 20:57:11.835383][UC][I] [PERF] component=transport event=transfer_submitted manager=127.0.0.1:8000 target=127.0.0.1:4501 handle=122 transport_handle=122 opcode=1 direct=2 segments=1 bytes=63 submitted_ts_us=1787576231835382 manager_execute_async_ts_us=1787576231835280 backend_execute_async_ts_us=1787576231835286 manager_to_backend_execute_async_us=6 submit_us=103 [21272,21285][transport_manager.cpp:674,ExecuteAsync]
[HIXL_QUERY_PERF] layer=comm_channel request=0x40 mutex_wait_us=0 check_us=0 lookup_us=0 flag_check_us=0 complete_us=1 total_us=1 transfer_status=1
[HIXL_QUERY_PERF] layer=adxl_inner request=0x40 context_us=0 req_lock_wait_us=0 lookup_us=1 channel_us=6 cleanup_us=0 total_us=7 status=0 transfer_status=1
[HIXL_QUERY_PERF] layer=comm_engine request=0x40 total_us=11 status=0 transfer_status=1
[2026-08-24 20:57:11.835411][UC][I] [HIXL_WORKER_PERF] task_id=368 queue_depth=1 enqueue_lock_wait_us=0 enqueue_us=1 queue_wait_us=4 execute_us=14 result_post_us=4 total_us=23 status=0 [21272,21285][hixl_instance.cpp:107,Run]
[2026-08-24 20:57:11.835416][UC][I] [QUERY_PERF] component=ucm layer=hixl_instance request=0x40 queue_wait_us=5 backend_us=14 run_post_us=9 total_us=28 api_status=0 transfer_status=1 [21272,21285][hixl_instance.cpp:370,GetTransferStatus]
[2026-08-24 20:57:11.835421][UC][I] [QUERY_PERF] component=ucm layer=hixl_transport handle=103 request=0x40 lifecycle_lock_us=0 pending_lock_wait_us=0 pending_lookup_us=0 instance_us=33 erase_us=0 total_us=33 transfer_status=1 [21272,21285][hixl_transport.cpp:734,GetStatus]
[2026-08-24 20:57:11.835424][UC][I] [QUERY_PERF] component=ucm layer=transport_manager handle=103 transport_handle=103 transfers_lock_wait_us=0 lookup_us=0 transport_us=36 total_us=36 api_status=0 transfer_status=1 [21272,21285][transport_manager.cpp:716,GetStatus]
[2026-08-24 20:57:11.835428][UC][I] [PERF] component=transport event=transfer_done manager=127.0.0.1:8000 target=127.0.0.1:4501 handle=103 transport_handle=103 opcode=1 direct=2 segments=108 bytes=7962624 status=1 api_status=0 submitted_ts_us=1787576231832188 completed_ts_us=1787576231835427 manager_get_status_ts_us=1787576231835387 backend_query_ts_us=1787576231835393 submit_us=169 transfer_us=3239 manager_to_backend_query_us=5 total_us=3408 [21272,21285][transport_manager.cpp:727,GetStatus]
[HIXL_PERF] event=hccl_batch op=1 desc_num=1 hccl_us=50 status=0
[HIXL_PERF] event=issue_hccl_batch op=1 list_num=1 total_us=55
[HIXL_PERF] event=issue_async_host_flag op=1 list_num=1 context_us=0 hccl_issue_us=58 flag_memcpy_us=5 total_us=63
[HIXL_PERF] event=comm_channel_async op=1 list_num=1 mutex_wait_us=0 slot_us=0 host_flag_us=0 record_us=0 issue_us=65 total_us=65
[HIXL_PERF] event=adxl_inner_async op=1 list_num=1 context_us=0 connect_us=0 get_channel_us=1 channel_async_us=67 tail_us=0 total_us=68
[HIXL_PERF] event=comm_engine_async op=1 list_num=1 desc_build_us=0 inner_us=70 total_us=70 status=0
[2026-08-24 20:57:11.835524][UC][I] [HIXL_WORKER_PERF] task_id=369 queue_depth=1 enqueue_lock_wait_us=0 enqueue_us=1 queue_wait_us=4 execute_us=74 result_post_us=4 total_us=83 status=0 [21272,21285][hixl_instance.cpp:107,Run]
[2026-08-24 20:57:11.835531][UC][I] [PERF] component=transport event=transfer_submitted manager=127.0.0.1:8000 target=127.0.0.1:4501 handle=123 transport_handle=123 opcode=1 direct=2 segments=1 bytes=63 submitted_ts_us=1787576231835530 manager_execute_async_ts_us=1787576231835439 backend_execute_async_ts_us=1787576231835445 manager_to_backend_execute_async_us=6 submit_us=90 [21272,21285][transport_manager.cpp:674,ExecuteAsync]
[HIXL_QUERY_PERF] layer=comm_channel request=0x30 mutex_wait_us=0 check_us=0 lookup_us=0 flag_check_us=0 complete_us=1 total_us=1 transfer_status=1
[HIXL_QUERY_PERF] layer=adxl_inner request=0x30 context_us=1 req_lock_wait_us=0 lookup_us=1 channel_us=8 cleanup_us=0 total_us=10 status=0 transfer_status=1
[HIXL_QUERY_PERF] layer=comm_engine request=0x30 total_us=13 status=0 transfer_status=1
[2026-08-24 20:57:11.835574][UC][I] [HIXL_WORKER_PERF] task_id=370 queue_depth=1 enqueue_lock_wait_us=0 enqueue_us=0 queue_wait_us=6 execute_us=16 result_post_us=5 total_us=27 status=0 [21272,21285][hixl_instance.cpp:107,Run]
[2026-08-24 20:57:11.835580][UC][I] [QUERY_PERF] component=ucm layer=hixl_instance request=0x30 queue_wait_us=6 backend_us=16 run_post_us=10 total_us=32 api_status=0 transfer_status=1 [21272,21285][hixl_instance.cpp:370,GetTransferStatus]
[2026-08-24 20:57:11.835585][UC][I] [QUERY_PERF] component=ucm layer=hixl_transport handle=113 request=0x30 lifecycle_lock_us=1 pending_lock_wait_us=0 pending_lookup_us=0 instance_us=37 erase_us=0 total_us=38 transfer_status=1 [21272,21285][hixl_transport.cpp:734,GetStatus]
[2026-08-24 20:57:11.835588][UC][I] [QUERY_PERF] component=ucm layer=transport_manager handle=113 transport_handle=113 transfers_lock_wait_us=0 lookup_us=0 transport_us=41 total_us=41 api_status=0 transfer_status=1 [21272,21285][transport_manager.cpp:716,GetStatus]
[2026-08-24 20:57:11.835591][UC][I] [PERF] component=transport event=transfer_done manager=127.0.0.1:8000 target=127.0.0.1:4503 handle=113 transport_handle=113 opcode=1 direct=2 segments=1 bytes=63 status=1 api_status=0 submitted_ts_us=1787576231833683 completed_ts_us=1787576231835590 manager_get_status_ts_us=1787576231835546 backend_query_ts_us=1787576231835553 submit_us=205 transfer_us=1907 manager_to_backend_query_us=7 total_us=2112 [21272,21285][transport_manager.cpp:727,GetStatus]
[2026-08-24 20:57:11.835596][UC][I] [PERF] component=drampool event=request_done request_id=14 opcode=2 peer=127.0.0.1:4503 batch_size=108 data_bytes=7962624 failed_items=0 status=SUCCESS failed_stage=NONE received_ts_us=1787576231827008 worker_started_ts_us=1787576231829326 data_transfer_submitted_ts_us=1787576231829498 data_transfer_completed_ts_us=1787576231833453 response_submitted_ts_us=1787576231833690 completed_ts_us=1787576231835594 data_tm_execute_async_ts_us=1787576231829340 data_hixl_execute_async_ts_us=1787576231829352 data_tm_get_status_ts_us=1787576231833283 data_hixl_query_handle_ts_us=1787576231833401 response_tm_execute_async_ts_us=1787576231833477 response_hixl_execute_async_ts_us=1787576231833574 response_tm_get_status_ts_us=1787576231835546 response_hixl_query_handle_ts_us=1787576231835553 request_queue_us=2318 metadata_prepare_us=12 taskworker_prepare_us=174 poller_queue_us=792 data_transfer_us=3954 metadata_settle_us=23 response_slot_wait_us=0 response_submit_us=214 response_transfer_us=1903 data_tm_to_hixl_execute_async_us=12 data_tm_to_hixl_query_handle_us=119 response_tm_to_hixl_execute_async_us=97 response_tm_to_hixl_query_handle_us=7 total_us=8586 [21272,21285][completion_poller.cc:56,LogRequestDone]
[HIXL_QUERY_PERF] layer=comm_channel request=0x42 mutex_wait_us=0 check_us=0 lookup_us=0 flag_check_us=1 complete_us=1 total_us=2 transfer_status=1
[HIXL_QUERY_PERF] layer=adxl_inner request=0x42 context_us=1 req_lock_wait_us=0 lookup_us=0 channel_us=6 cleanup_us=0 total_us=7 status=0 transfer_status=1
[HIXL_QUERY_PERF] layer=comm_engine request=0x42 total_us=10 status=0 transfer_status=1
[2026-08-24 20:57:11.835623][UC][I] [HIXL_WORKER_PERF] task_id=371 queue_depth=1 enqueue_lock_wait_us=0 enqueue_us=1 queue_wait_us=5 execute_us=11 result_post_us=5 total_us=22 status=0 [21272,21285][hixl_instance.cpp:107,Run]
[2026-08-24 20:57:11.835628][UC][I] [QUERY_PERF] component=ucm layer=hixl_instance request=0x42 queue_wait_us=6 backend_us=11 run_post_us=10 total_us=27 api_status=0 transfer_status=1 [21272,21285][hixl_instance.cpp:370,GetTransferStatus]
[2026-08-24 20:57:11.835636][UC][I] [QUERY_PERF] component=ucm layer=hixl_transport handle=114 request=0x42 lifecycle_lock_us=0 pending_lock_wait_us=0 pending_lookup_us=0 instance_us=34 erase_us=0 total_us=34 transfer_status=1 [21272,21285][hixl_transport.cpp:734,GetStatus]
[2026-08-24 20:57:11.835641][UC][I] [QUERY_PERF] component=ucm layer=transport_manager handle=114 transport_handle=114 transfers_lock_wait_us=0 lookup_us=0 transport_us=40 total_us=40 api_status=0 transfer_status=1 [21272,21285][transport_manager.cpp:716,GetStatus]
[2026-08-24 20:57:11.835646][UC][I] [PERF] component=transport event=transfer_done manager=127.0.0.1:8000 target=127.0.0.1:4504 handle=114 transport_handle=114 opcode=1 direct=2 segments=1 bytes=63 status=1 api_status=0 submitted_ts_us=1787576231834079 completed_ts_us=1787576231835645 manager_get_status_ts_us=1787576231835600 backend_query_ts_us=1787576231835607 submit_us=96 transfer_us=1565 manager_to_backend_query_us=6 total_us=1661 [21272,21285][transport_manager.cpp:727,GetStatus]
[2026-08-24 20:57:11.835660][UC][I] [PERF] component=drampool event=request_done request_id=13 opcode=2 peer=127.0.0.1:4504 batch_size=108 data_bytes=7962624 failed_items=0 status=SUCCESS failed_stage=NONE received_ts_us=1787576231827077 worker_started_ts_us=1787576231830260 data_transfer_submitted_ts_us=1787576231830444 data_transfer_completed_ts_us=1787576231833974 response_submitted_ts_us=1787576231834085 completed_ts_us=1787576231835658 data_tm_execute_async_ts_us=1787576231830292 data_hixl_execute_async_ts_us=1787576231830301 data_tm_get_status_ts_us=1787576231833922 data_hixl_query_handle_ts_us=1787576231833928 response_tm_execute_async_ts_us=1787576231833984 response_hixl_execute_async_ts_us=1787576231833990 response_tm_get_status_ts_us=1787576231835600 response_hixl_query_handle_ts_us=1787576231835607 request_queue_us=3183 metadata_prepare_us=30 taskworker_prepare_us=186 poller_queue_us=1918 data_transfer_us=3530 metadata_settle_us=8 response_slot_wait_us=1 response_submit_us=102 response_transfer_us=1572 data_tm_to_hixl_execute_async_us=9 data_tm_to_hixl_query_handle_us=5 response_tm_to_hixl_execute_async_us=6 response_tm_to_hixl_query_handle_us=6 total_us=8581 [21272,21285][completion_poller.cc:56,LogRequestDone]
[HIXL_QUERY_PERF] layer=comm_channel request=0x43 mutex_wait_us=0 check_us=0 lookup_us=0 flag_check_us=0 complete_us=1 total_us=1 transfer_status=1
[HIXL_QUERY_PERF] layer=adxl_inner request=0x43 context_us=0 req_lock_wait_us=0 lookup_us=1 channel_us=5 cleanup_us=0 total_us=6 status=0 transfer_status=1
[HIXL_QUERY_PERF] layer=comm_engine request=0x43 total_us=8 status=0 transfer_status=1
[2026-08-24 20:57:11.835686][UC][I] [HIXL_WORKER_PERF] task_id=372 queue_depth=1 enqueue_lock_wait_us=1 enqueue_us=0 queue_wait_us=4 execute_us=11 result_post_us=4 total_us=20 status=0 [21272,21285][hixl_instance.cpp:107,Run]
[2026-08-24 20:57:11.835692][UC][I] [QUERY_PERF] component=ucm layer=hixl_instance request=0x43 queue_wait_us=5 backend_us=11 run_post_us=9 total_us=25 api_status=0 transfer_status=1 [21272,21285][hixl_instance.cpp:370,GetTransferStatus]
[2026-08-24 20:57:11.835697][UC][I] [QUERY_PERF] component=ucm layer=hixl_transport handle=115 request=0x43 lifecycle_lock_us=0 pending_lock_wait_us=0 pending_lookup_us=0 instance_us=30 erase_us=0 total_us=30 transfer_status=1 [21272,21285][hixl_transport.cpp:734,GetStatus]
[2026-08-24 20:57:11.835700][UC][I] [QUERY_PERF] component=ucm layer=transport_manager handle=115 transport_handle=115 transfers_lock_wait_us=0 lookup_us=0 transport_us=34 total_us=34 api_status=0 transfer_status=1 [21272,21285][transport_manager.cpp:716,GetStatus]
[2026-08-24 20:57:11.835703][UC][I] [PERF] component=transport event=transfer_done manager=127.0.0.1:8000 target=127.0.0.1:4504 handle=115 transport_handle=115 opcode=1 direct=2 segments=1 bytes=63 status=1 api_status=0 submitted_ts_us=1787576231834235 completed_ts_us=1787576231835703 manager_get_status_ts_us=1787576231835666 backend_query_ts_us=1787576231835671 submit_us=93 transfer_us=1468 manager_to_backend_query_us=5 total_us=1561 [21272,21285][transport_manager.cpp:727,GetStatus]
[2026-08-24 20:57:11.835711][UC][I] [PERF] component=drampool event=request_done request_id=14 opcode=2 peer=127.0.0.1:4504 batch_size=108 data_bytes=7962624 failed_items=0 status=SUCCESS failed_stage=NONE received_ts_us=1787576231827078 worker_started_ts_us=1787576231830447 data_transfer_submitted_ts_us=1787576231830600 data_transfer_completed_ts_us=1787576231834134 response_submitted_ts_us=1787576231834242 completed_ts_us=1787576231835709 data_tm_execute_async_ts_us=1787576231830461 data_hixl_execute_async_ts_us=1787576231830470 data_tm_get_status_ts_us=1787576231834086 data_hixl_query_handle_ts_us=1787576231834091 response_tm_execute_async_ts_us=1787576231834142 response_hixl_execute_async_ts_us=1787576231834148 response_tm_get_status_ts_us=1787576231835666 response_hixl_query_handle_ts_us=1787576231835671 request_queue_us=3368 metadata_prepare_us=12 taskworker_prepare_us=154 poller_queue_us=1764 data_transfer_us=3534 metadata_settle_us=6 response_slot_wait_us=1 response_submit_us=101 response_transfer_us=1467 data_tm_to_hixl_execute_async_us=9 data_tm_to_hixl_query_handle_us=5 response_tm_to_hixl_execute_async_us=6 response_tm_to_hixl_query_handle_us=5 total_us=8630 [21272,21285][completion_poller.cc:56,LogRequestDone]
[HIXL_QUERY_PERF] layer=comm_channel request=0x44 mutex_wait_us=0 check_us=0 lookup_us=0 flag_check_us=0 complete_us=1 total_us=1 transfer_status=1
[HIXL_QUERY_PERF] layer=adxl_inner request=0x44 context_us=1 req_lock_wait_us=0 lookup_us=0 channel_us=8 cleanup_us=0 total_us=9 status=0 transfer_status=1
[HIXL_QUERY_PERF] layer=comm_engine request=0x44 total_us=13 status=0 transfer_status=1
[2026-08-24 20:57:11.835750][UC][I] [HIXL_WORKER_PERF] task_id=373 queue_depth=1 enqueue_lock_wait_us=0 enqueue_us=0 queue_wait_us=5 execute_us=15 result_post_us=4 total_us=24 status=0 [21272,21285][hixl_instance.cpp:107,Run]
[2026-08-24 20:57:11.835755][UC][I] [QUERY_PERF] component=ucm layer=hixl_instance request=0x44 queue_wait_us=5 backend_us=15 run_post_us=9 total_us=29 api_status=0 transfer_status=1 [21272,21285][hixl_instance.cpp:370,GetTransferStatus]
[2026-08-24 20:57:11.835758][UC][I] [QUERY_PERF] component=ucm layer=hixl_transport handle=116 request=0x44 lifecycle_lock_us=0 pending_lock_wait_us=0 pending_lookup_us=0 instance_us=32 erase_us=0 total_us=32 transfer_status=1 [21272,21285][hixl_transport.cpp:734,GetStatus]
[2026-08-24 20:57:11.835761][UC][I] [QUERY_PERF] component=ucm layer=transport_manager handle=116 transport_handle=116 transfers_lock_wait_us=0 lookup_us=1 transport_us=36 total_us=37 api_status=0 transfer_status=1 [21272,21285][transport_manager.cpp:716,GetStatus]
[2026-08-24 20:57:11.835764][UC][I] [PERF] component=transport event=transfer_done manager=127.0.0.1:8000 target=127.0.0.1:4501 handle=116 transport_handle=116 opcode=1 direct=2 segments=1 bytes=63 status=1 api_status=0 submitted_ts_us=1787576231834401 completed_ts_us=1787576231835763 manager_get_status_ts_us=1787576231835724 backend_query_ts_us=1787576231835730 submit_us=94 transfer_us=1363 manager_to_backend_query_us=6 total_us=1457 [21272,21285][transport_manager.cpp:727,GetStatus]
[2026-08-24 20:57:11.835771][UC][I] [PERF] component=drampool event=request_done request_id=9 opcode=2 peer=127.0.0.1:4501 batch_size=108 data_bytes=7962624 failed_items=0 status=SUCCESS failed_stage=NONE received_ts_us=1787576231827080 worker_started_ts_us=1787576231830602 data_transfer_submitted_ts_us=1787576231830867 data_transfer_completed_ts_us=1787576231834298 response_submitted_ts_us=1787576231834407 completed_ts_us=1787576231835769 data_tm_execute_async_ts_us=1787576231830635 data_hixl_execute_async_ts_us=1787576231830653 data_tm_get_status_ts_us=1787576231834242 data_hixl_query_handle_ts_us=1787576231834248 response_tm_execute_async_ts_us=1787576231834306 response_hixl_execute_async_ts_us=1787576231834312 response_tm_get_status_ts_us=1787576231835724 response_hixl_query_handle_ts_us=1787576231835730 request_queue_us=3522 metadata_prepare_us=31 taskworker_prepare_us=266 poller_queue_us=1497 data_transfer_us=3431 metadata_settle_us=7 response_slot_wait_us=0 response_submit_us=102 response_transfer_us=1361 data_tm_to_hixl_execute_async_us=18 data_tm_to_hixl_query_handle_us=6 response_tm_to_hixl_execute_async_us=6 response_tm_to_hixl_query_handle_us=6 total_us=8689 [21272,21285][completion_poller.cc:56,LogRequestDone]
[HIXL_QUERY_PERF] layer=comm_channel request=0x45 mutex_wait_us=0 check_us=0 lookup_us=0 flag_check_us=0 complete_us=1 total_us=1 transfer_status=1
[HIXL_QUERY_PERF] layer=adxl_inner request=0x45 context_us=0 req_lock_wait_us=1 lookup_us=0 channel_us=4 cleanup_us=0 total_us=5 status=0 transfer_status=1
[HIXL_QUERY_PERF] layer=comm_engine request=0x45 total_us=7 status=0 transfer_status=1
[2026-08-24 20:57:11.835795][UC][I] [HIXL_WORKER_PERF] task_id=374 queue_depth=1 enqueue_lock_wait_us=0 enqueue_us=0 queue_wait_us=5 execute_us=9 result_post_us=4 total_us=18 status=0 [21272,21285][hixl_instance.cpp:107,Run]
[2026-08-24 20:57:11.835800][UC][I] [QUERY_PERF] component=ucm layer=hixl_instance request=0x45 queue_wait_us=5 backend_us=9 run_post_us=9 total_us=23 api_status=0 transfer_status=1 [21272,21285][hixl_instance.cpp:370,GetTransferStatus]
[2026-08-24 20:57:11.835804][UC][I] [QUERY_PERF] component=ucm layer=hixl_transport handle=117 request=0x45 lifecycle_lock_us=0 pending_lock_wait_us=0 pending_lookup_us=0 instance_us=27 erase_us=0 total_us=27 transfer_status=1 [21272,21285][hixl_transport.cpp:734,GetStatus]
[2026-08-24 20:57:11.835809][UC][I] [QUERY_PERF] component=ucm layer=transport_manager handle=117 transport_handle=117 transfers_lock_wait_us=1 lookup_us=0 transport_us=33 total_us=34 api_status=0 transfer_status=1 [21272,21285][transport_manager.cpp:716,GetStatus]
[2026-08-24 20:57:11.835813][UC][I] [PERF] component=transport event=transfer_done manager=127.0.0.1:8000 target=127.0.0.1:4501 handle=117 transport_handle=117 opcode=1 direct=2 segments=1 bytes=63 status=1 api_status=0 submitted_ts_us=1787576231834562 completed_ts_us=1787576231835812 manager_get_status_ts_us=1787576231835775 backend_query_ts_us=1787576231835781 submit_us=93 transfer_us=1250 manager_to_backend_query_us=6 total_us=1343 [21272,21285][transport_manager.cpp:727,GetStatus]
[2026-08-24 20:57:11.835827][UC][I] [PERF] component=drampool event=request_done request_id=10 opcode=2 peer=127.0.0.1:4501 batch_size=108 data_bytes=7962624 failed_items=0 status=SUCCESS failed_stage=NONE received_ts_us=1787576231827082 worker_started_ts_us=1787576231830869 data_transfer_submitted_ts_us=1787576231831043 data_transfer_completed_ts_us=1787576231834461 response_submitted_ts_us=1787576231834569 completed_ts_us=1787576231835825 data_tm_execute_async_ts_us=1787576231830901 data_hixl_execute_async_ts_us=1787576231830910 data_tm_get_status_ts_us=1787576231834407 data_hixl_query_handle_ts_us=1787576231834414 response_tm_execute_async_ts_us=1787576231834469 response_hixl_execute_async_ts_us=1787576231834475 response_tm_get_status_ts_us=1787576231835775 response_hixl_query_handle_ts_us=1787576231835781 request_queue_us=3787 metadata_prepare_us=31 taskworker_prepare_us=175 poller_queue_us=1321 data_transfer_us=3418 metadata_settle_us=7 response_slot_wait_us=0 response_submit_us=101 response_transfer_us=1255 data_tm_to_hixl_execute_async_us=9 data_tm_to_hixl_query_handle_us=6 response_tm_to_hixl_execute_async_us=6 response_tm_to_hixl_query_handle_us=6 total_us=8743 [21272,21285][completion_poller.cc:56,LogRequestDone]
[HIXL_QUERY_PERF] layer=comm_channel request=0x46 mutex_wait_us=0 check_us=0 lookup_us=0 flag_check_us=0 complete_us=1 total_us=1 transfer_status=1
[HIXL_QUERY_PERF] layer=adxl_inner request=0x46 context_us=0 req_lock_wait_us=1 lookup_us=0 channel_us=5 cleanup_us=1 total_us=7 status=0 transfer_status=1
[HIXL_QUERY_PERF] layer=comm_engine request=0x46 total_us=9 status=0 transfer_status=1
[2026-08-24 20:57:11.835854][UC][I] [HIXL_WORKER_PERF] task_id=375 queue_depth=1 enqueue_lock_wait_us=0 enqueue_us=1 queue_wait_us=4 execute_us=11 result_post_us=4 total_us=20 status=0 [21272,21285][hixl_instance.cpp:107,Run]
[2026-08-24 20:57:11.835860][UC][I] [QUERY_PERF] component=ucm layer=hixl_instance request=0x46 queue_wait_us=5 backend_us=11 run_post_us=11 total_us=27 api_status=0 transfer_status=1 [21272,21285][hixl_instance.cpp:370,GetTransferStatus]
[2026-08-24 20:57:11.835870][UC][I] [QUERY_PERF] component=ucm layer=hixl_transport handle=118 request=0x46 lifecycle_lock_us=0 pending_lock_wait_us=0 pending_lookup_us=0 instance_us=36 erase_us=1 total_us=37 transfer_status=1 [21272,21285][hixl_transport.cpp:734,GetStatus]
[2026-08-24 20:57:11.835878][UC][I] [QUERY_PERF] component=ucm layer=transport_manager handle=118 transport_handle=118 transfers_lock_wait_us=0 lookup_us=0 transport_us=44 total_us=44 api_status=0 transfer_status=1 [21272,21285][transport_manager.cpp:716,GetStatus]
[2026-08-24 20:57:11.835881][UC][I] [PERF] component=transport event=transfer_done manager=127.0.0.1:8000 target=127.0.0.1:4501 handle=118 transport_handle=118 opcode=1 direct=2 segments=1 bytes=63 status=1 api_status=0 submitted_ts_us=1787576231834734 completed_ts_us=1787576231835881 manager_get_status_ts_us=1787576231835832 backend_query_ts_us=1787576231835838 submit_us=106 transfer_us=1147 manager_to_backend_query_us=5 total_us=1253 [21272,21285][transport_manager.cpp:727,GetStatus]
[2026-08-24 20:57:11.835888][UC][I] [PERF] component=drampool event=request_done request_id=11 opcode=2 peer=127.0.0.1:4501 batch_size=108 data_bytes=7962624 failed_items=0 status=SUCCESS failed_stage=NONE received_ts_us=1787576231827083 worker_started_ts_us=1787576231831045 data_transfer_submitted_ts_us=1787576231831202 data_transfer_completed_ts_us=1787576231834619 response_submitted_ts_us=1787576231834741 completed_ts_us=1787576231835886 data_tm_execute_async_ts_us=1787576231831060 data_hixl_execute_async_ts_us=1787576231831068 data_tm_get_status_ts_us=1787576231834569 data_hixl_query_handle_ts_us=1787576231834575 response_tm_execute_async_ts_us=1787576231834628 response_hixl_execute_async_ts_us=1787576231834633 response_tm_get_status_ts_us=1787576231835832 response_hixl_query_handle_ts_us=1787576231835838 request_queue_us=3961 metadata_prepare_us=13 taskworker_prepare_us=158 poller_queue_us=1163 data_transfer_us=3418 metadata_settle_us=6 response_slot_wait_us=1 response_submit_us=114 response_transfer_us=1145 data_tm_to_hixl_execute_async_us=8 data_tm_to_hixl_query_handle_us=5 response_tm_to_hixl_execute_async_us=6 response_tm_to_hixl_query_handle_us=5 total_us=8802 [21272,21285][completion_poller.cc:56,LogRequestDone]
[HIXL_QUERY_PERF] layer=comm_channel request=0x47 mutex_wait_us=0 check_us=0 lookup_us=0 flag_check_us=0 complete_us=1 total_us=1 transfer_status=1
[HIXL_QUERY_PERF] layer=adxl_inner request=0x47 context_us=0 req_lock_wait_us=0 lookup_us=1 channel_us=5 cleanup_us=0 total_us=6 status=0 transfer_status=1
[HIXL_QUERY_PERF] layer=comm_engine request=0x47 total_us=10 status=0 transfer_status=1
[2026-08-24 20:57:11.835930][UC][I] [HIXL_WORKER_PERF] task_id=376 queue_depth=1 enqueue_lock_wait_us=0 enqueue_us=1 queue_wait_us=6 execute_us=12 result_post_us=5 total_us=24 status=0 [21272,21285][hixl_instance.cpp:107,Run]
[2026-08-24 20:57:11.835935][UC][I] [QUERY_PERF] component=ucm layer=hixl_instance request=0x47 queue_wait_us=7 backend_us=12 run_post_us=10 total_us=29 api_status=0 transfer_status=1 [21272,21285][hixl_instance.cpp:370,GetTransferStatus]
[2026-08-24 20:57:11.835938][UC][I] [QUERY_PERF] component=ucm layer=hixl_transport handle=119 request=0x47 lifecycle_lock_us=0 pending_lock_wait_us=0 pending_lookup_us=0 instance_us=32 erase_us=0 total_us=32 transfer_status=1 [21272,21285][hixl_transport.cpp:734,GetStatus]
[2026-08-24 20:57:11.835942][UC][I] [QUERY_PERF] component=ucm layer=transport_manager handle=119 transport_handle=119 transfers_lock_wait_us=0 lookup_us=0 transport_us=36 total_us=36 api_status=0 transfer_status=1 [21272,21285][transport_manager.cpp:716,GetStatus]
[2026-08-24 20:57:11.835946][UC][I] [PERF] component=transport event=transfer_done manager=127.0.0.1:8000 target=127.0.0.1:4501 handle=119 transport_handle=119 opcode=1 direct=2 segments=1 bytes=63 status=1 api_status=0 submitted_ts_us=1787576231834888 completed_ts_us=1787576231835945 manager_get_status_ts_us=1787576231835904 backend_query_ts_us=1787576231835911 submit_us=91 transfer_us=1057 manager_to_backend_query_us=7 total_us=1148 [21272,21285][transport_manager.cpp:727,GetStatus]
[2026-08-24 20:57:11.835954][UC][I] [PERF] component=drampool event=request_done request_id=12 opcode=2 peer=127.0.0.1:4501 batch_size=108 data_bytes=7962624 failed_items=0 status=SUCCESS failed_stage=NONE received_ts_us=1787576231827091 worker_started_ts_us=1787576231831204 data_transfer_submitted_ts_us=1787576231831415 data_transfer_completed_ts_us=1787576231834788 response_submitted_ts_us=1787576231834896 completed_ts_us=1787576231835952 data_tm_execute_async_ts_us=1787576231831236 data_hixl_execute_async_ts_us=1787576231831273 data_tm_get_status_ts_us=1787576231834741 data_hixl_query_handle_ts_us=1787576231834748 response_tm_execute_async_ts_us=1787576231834797 response_hixl_execute_async_ts_us=1787576231834802 response_tm_get_status_ts_us=1787576231835904 response_hixl_query_handle_ts_us=1787576231835911 request_queue_us=4113 metadata_prepare_us=31 taskworker_prepare_us=212 poller_queue_us=950 data_transfer_us=3373 metadata_settle_us=7 response_slot_wait_us=1 response_submit_us=100 response_transfer_us=1056 data_tm_to_hixl_execute_async_us=37 data_tm_to_hixl_query_handle_us=6 response_tm_to_hixl_execute_async_us=5 response_tm_to_hixl_query_handle_us=7 total_us=8862 [21272,21285][completion_poller.cc:56,LogRequestDone]
[HIXL_QUERY_PERF] layer=comm_channel request=0x48 mutex_wait_us=0 check_us=0 lookup_us=0 flag_check_us=0 complete_us=1 total_us=1 transfer_status=1
[HIXL_QUERY_PERF] layer=adxl_inner request=0x48 context_us=0 req_lock_wait_us=0 lookup_us=1 channel_us=6 cleanup_us=0 total_us=7 status=0 transfer_status=1
[HIXL_QUERY_PERF] layer=comm_engine request=0x48 total_us=11 status=0 transfer_status=1
[2026-08-24 20:57:11.835986][UC][I] [HIXL_WORKER_PERF] task_id=377 queue_depth=1 enqueue_lock_wait_us=1 enqueue_us=0 queue_wait_us=4 execute_us=15 result_post_us=5 total_us=25 status=0 [21272,21285][hixl_instance.cpp:107,Run]
[2026-08-24 20:57:11.835991][UC][I] [QUERY_PERF] component=ucm layer=hixl_instance request=0x48 queue_wait_us=6 backend_us=14 run_post_us=11 total_us=31 api_status=0 transfer_status=1 [21272,21285][hixl_instance.cpp:370,GetTransferStatus]
[2026-08-24 20:57:11.835995][UC][I] [QUERY_PERF] component=ucm layer=hixl_transport handle=120 request=0x48 lifecycle_lock_us=0 pending_lock_wait_us=0 pending_lookup_us=0 instance_us=34 erase_us=0 total_us=34 transfer_status=1 [21272,21285][hixl_transport.cpp:734,GetStatus]
[2026-08-24 20:57:11.835998][UC][I] [QUERY_PERF] component=ucm layer=transport_manager handle=120 transport_handle=120 transfers_lock_wait_us=0 lookup_us=0 transport_us=37 total_us=37 api_status=0 transfer_status=1 [21272,21285][transport_manager.cpp:716,GetStatus]
[2026-08-24 20:57:11.836001][UC][I] [PERF] component=transport event=transfer_done manager=127.0.0.1:8000 target=127.0.0.1:4501 handle=120 transport_handle=120 opcode=1 direct=2 segments=1 bytes=63 status=1 api_status=0 submitted_ts_us=1787576231835052 completed_ts_us=1787576231836000 manager_get_status_ts_us=1787576231835959 backend_query_ts_us=1787576231835965 submit_us=92 transfer_us=947 manager_to_backend_query_us=6 total_us=1039 [21272,21285][transport_manager.cpp:727,GetStatus]
[2026-08-24 20:57:11.836011][UC][I] [PERF] component=drampool event=request_done request_id=13 opcode=2 peer=127.0.0.1:4501 batch_size=108 data_bytes=7962624 failed_items=0 status=SUCCESS failed_stage=NONE received_ts_us=1787576231827094 worker_started_ts_us=1787576231831417 data_transfer_submitted_ts_us=1787576231831572 data_transfer_completed_ts_us=1787576231834952 response_submitted_ts_us=1787576231835058 completed_ts_us=1787576231836009 data_tm_execute_async_ts_us=1787576231831431 data_hixl_execute_async_ts_us=1787576231831440 data_tm_get_status_ts_us=1787576231834897 data_hixl_query_handle_ts_us=1787576231834903 response_tm_execute_async_ts_us=1787576231834960 response_hixl_execute_async_ts_us=1787576231834966 response_tm_get_status_ts_us=1787576231835959 response_hixl_query_handle_ts_us=1787576231835965 request_queue_us=4323 metadata_prepare_us=13 taskworker_prepare_us=157 poller_queue_us=792 data_transfer_us=3379 metadata_settle_us=7 response_slot_wait_us=0 response_submit_us=99 response_transfer_us=950 data_tm_to_hixl_execute_async_us=9 data_tm_to_hixl_query_handle_us=6 response_tm_to_hixl_execute_async_us=6 response_tm_to_hixl_query_handle_us=6 total_us=8915 [21272,21285][completion_poller.cc:56,LogRequestDone]
[HIXL_QUERY_PERF] layer=comm_channel request=0x49 mutex_wait_us=0 check_us=0 lookup_us=0 flag_check_us=0 complete_us=1 total_us=1 transfer_status=1
[HIXL_QUERY_PERF] layer=adxl_inner request=0x49 context_us=1 req_lock_wait_us=0 lookup_us=0 channel_us=5 cleanup_us=0 total_us=6 status=0 transfer_status=1
[HIXL_QUERY_PERF] layer=comm_engine request=0x49 total_us=9 status=0 transfer_status=1
[2026-08-24 20:57:11.836040][UC][I] [HIXL_WORKER_PERF] task_id=378 queue_depth=1 enqueue_lock_wait_us=0 enqueue_us=0 queue_wait_us=5 execute_us=10 result_post_us=5 total_us=20 status=0 [21272,21285][hixl_instance.cpp:107,Run]
[2026-08-24 20:57:11.836045][UC][I] [QUERY_PERF] component=ucm layer=hixl_instance request=0x49 queue_wait_us=5 backend_us=10 run_post_us=10 total_us=25 api_status=0 transfer_status=1 [21272,21285][hixl_instance.cpp:370,GetTransferStatus]
[2026-08-24 20:57:11.836049][UC][I] [QUERY_PERF] component=ucm layer=hixl_transport handle=121 request=0x49 lifecycle_lock_us=0 pending_lock_wait_us=0 pending_lookup_us=0 instance_us=28 erase_us=0 total_us=28 transfer_status=1 [21272,21285][hixl_transport.cpp:734,GetStatus]
[2026-08-24 20:57:11.836052][UC][I] [QUERY_PERF] component=ucm layer=transport_manager handle=121 transport_handle=121 transfers_lock_wait_us=0 lookup_us=0 transport_us=33 total_us=33 api_status=0 transfer_status=1 [21272,21285][transport_manager.cpp:716,GetStatus]
[2026-08-24 20:57:11.836056][UC][I] [PERF] component=transport event=transfer_done manager=127.0.0.1:8000 target=127.0.0.1:4501 handle=121 transport_handle=121 opcode=1 direct=2 segments=1 bytes=63 status=1 api_status=0 submitted_ts_us=1787576231835213 completed_ts_us=1787576231836055 manager_get_status_ts_us=1787576231836019 backend_query_ts_us=1787576231836025 submit_us=93 transfer_us=842 manager_to_backend_query_us=6 total_us=935 [21272,21285][transport_manager.cpp:727,GetStatus]
[2026-08-24 20:57:11.836062][UC][I] [PERF] component=drampool event=request_done request_id=14 opcode=2 peer=127.0.0.1:4501 batch_size=108 data_bytes=7962624 failed_items=0 status=SUCCESS failed_stage=NONE received_ts_us=1787576231827096 worker_started_ts_us=1787576231831575 data_transfer_submitted_ts_us=1787576231831787 data_transfer_completed_ts_us=1787576231835110 response_submitted_ts_us=1787576231835224 completed_ts_us=1787576231836060 data_tm_execute_async_ts_us=1787576231831607 data_hixl_execute_async_ts_us=1787576231831642 data_tm_get_status_ts_us=1787576231835059 data_hixl_query_handle_ts_us=1787576231835066 response_tm_execute_async_ts_us=1787576231835119 response_hixl_execute_async_ts_us=1787576231835125 response_tm_get_status_ts_us=1787576231836019 response_hixl_query_handle_ts_us=1787576231836025 request_queue_us=4479 metadata_prepare_us=32 taskworker_prepare_us=213 poller_queue_us=578 data_transfer_us=3323 metadata_settle_us=7 response_slot_wait_us=1 response_submit_us=106 response_transfer_us=836 data_tm_to_hixl_execute_async_us=35 data_tm_to_hixl_query_handle_us=7 response_tm_to_hixl_execute_async_us=6 response_tm_to_hixl_query_handle_us=6 total_us=8964 [21272,21285][completion_poller.cc:56,LogRequestDone]
[HIXL_QUERY_PERF] layer=comm_channel request=0x4a mutex_wait_us=0 check_us=0 lookup_us=0 flag_check_us=0 complete_us=1 total_us=1 transfer_status=1
[HIXL_QUERY_PERF] layer=adxl_inner request=0x4a context_us=1 req_lock_wait_us=0 lookup_us=0 channel_us=4 cleanup_us=0 total_us=5 status=0 transfer_status=1
[HIXL_QUERY_PERF] layer=comm_engine request=0x4a total_us=10 status=0 transfer_status=1
[2026-08-24 20:57:11.836096][UC][I] [HIXL_WORKER_PERF] task_id=379 queue_depth=1 enqueue_lock_wait_us=0 enqueue_us=1 queue_wait_us=6 execute_us=11 result_post_us=5 total_us=23 status=0 [21272,21285][hixl_instance.cpp:107,Run]
[2026-08-24 20:57:11.836101][UC][I] [QUERY_PERF] component=ucm layer=hixl_instance request=0x4a queue_wait_us=7 backend_us=11 run_post_us=10 total_us=28 api_status=0 transfer_status=1 [21272,21285][hixl_instance.cpp:370,GetTransferStatus]
[2026-08-24 20:57:11.836104][UC][I] [QUERY_PERF] component=ucm layer=hixl_transport handle=122 request=0x4a lifecycle_lock_us=0 pending_lock_wait_us=0 pending_lookup_us=0 instance_us=31 erase_us=0 total_us=31 transfer_status=1 [21272,21285][hixl_transport.cpp:734,GetStatus]
[2026-08-24 20:57:11.836107][UC][I] [QUERY_PERF] component=ucm layer=transport_manager handle=122 transport_handle=122 transfers_lock_wait_us=1 lookup_us=0 transport_us=34 total_us=35 api_status=0 transfer_status=1 [21272,21285][transport_manager.cpp:716,GetStatus]
[2026-08-24 20:57:11.836110][UC][I] [PERF] component=transport event=transfer_done manager=127.0.0.1:8000 target=127.0.0.1:4501 handle=122 transport_handle=122 opcode=1 direct=2 segments=1 bytes=63 status=1 api_status=0 submitted_ts_us=1787576231835382 completed_ts_us=1787576231836109 manager_get_status_ts_us=1787576231836071 backend_query_ts_us=1787576231836079 submit_us=103 transfer_us=726 manager_to_backend_query_us=8 total_us=829 [21272,21285][transport_manager.cpp:727,GetStatus]
[2026-08-24 20:57:11.836115][UC][I] [PERF] component=drampool event=request_done request_id=15 opcode=2 peer=127.0.0.1:4501 batch_size=108 data_bytes=7962624 failed_items=0 status=SUCCESS failed_stage=NONE received_ts_us=1787576231827098 worker_started_ts_us=1787576231831789 data_transfer_submitted_ts_us=1787576231831984 data_transfer_completed_ts_us=1787576231835271 response_submitted_ts_us=1787576231835387 completed_ts_us=1787576231836113 data_tm_execute_async_ts_us=1787576231831803 data_hixl_execute_async_ts_us=1787576231831820 data_tm_get_status_ts_us=1787576231835224 data_hixl_query_handle_ts_us=1787576231835230 response_tm_execute_async_ts_us=1787576231835280 response_hixl_execute_async_ts_us=1787576231835286 response_tm_get_status_ts_us=1787576231836071 response_hixl_query_handle_ts_us=1787576231836079 request_queue_us=4691 metadata_prepare_us=13 taskworker_prepare_us=196 poller_queue_us=381 data_transfer_us=3288 metadata_settle_us=7 response_slot_wait_us=0 response_submit_us=108 response_transfer_us=725 data_tm_to_hixl_execute_async_us=17 data_tm_to_hixl_query_handle_us=5 response_tm_to_hixl_execute_async_us=6 response_tm_to_hixl_query_handle_us=8 total_us=9015 [21272,21285][completion_poller.cc:56,LogRequestDone]
[HIXL_QUERY_PERF] layer=comm_channel request=0x4b mutex_wait_us=0 check_us=0 lookup_us=0 flag_check_us=0 complete_us=1 total_us=1 transfer_status=1
[HIXL_QUERY_PERF] layer=adxl_inner request=0x4b context_us=0 req_lock_wait_us=0 lookup_us=1 channel_us=3 cleanup_us=0 total_us=4 status=0 transfer_status=1
[HIXL_QUERY_PERF] layer=comm_engine request=0x4b total_us=7 status=0 transfer_status=1
[2026-08-24 20:57:11.836140][UC][I] [HIXL_WORKER_PERF] task_id=380 queue_depth=1 enqueue_lock_wait_us=0 enqueue_us=0 queue_wait_us=5 execute_us=11 result_post_us=5 total_us=21 status=0 [21272,21285][hixl_instance.cpp:107,Run]
[2026-08-24 20:57:11.836148][UC][I] [QUERY_PERF] component=ucm layer=hixl_instance request=0x4b queue_wait_us=5 backend_us=11 run_post_us=12 total_us=28 api_status=0 transfer_status=1 [21272,21285][hixl_instance.cpp:370,GetTransferStatus]
[2026-08-24 20:57:11.836152][UC][I] [QUERY_PERF] component=ucm layer=hixl_transport handle=123 request=0x4b lifecycle_lock_us=0 pending_lock_wait_us=0 pending_lookup_us=0 instance_us=32 erase_us=0 total_us=32 transfer_status=1 [21272,21285][hixl_transport.cpp:734,GetStatus]
[2026-08-24 20:57:11.836156][UC][I] [QUERY_PERF] component=ucm layer=transport_manager handle=123 transport_handle=123 transfers_lock_wait_us=0 lookup_us=0 transport_us=37 total_us=37 api_status=0 transfer_status=1 [21272,21285][transport_manager.cpp:716,GetStatus]
[2026-08-24 20:57:11.836161][UC][I] [PERF] component=transport event=transfer_done manager=127.0.0.1:8000 target=127.0.0.1:4501 handle=123 transport_handle=123 opcode=1 direct=2 segments=1 bytes=63 status=1 api_status=0 submitted_ts_us=1787576231835530 completed_ts_us=1787576231836160 manager_get_status_ts_us=1787576231836118 backend_query_ts_us=1787576231836124 submit_us=90 transfer_us=631 manager_to_backend_query_us=5 total_us=721 [21272,21285][transport_manager.cpp:727,GetStatus]
[2026-08-24 20:57:11.836171][UC][I] [PERF] component=drampool event=request_done request_id=16 opcode=2 peer=127.0.0.1:4501 batch_size=108 data_bytes=7962624 failed_items=0 status=SUCCESS failed_stage=NONE received_ts_us=1787576231827100 worker_started_ts_us=1787576231831986 data_transfer_submitted_ts_us=1787576231832194 data_transfer_completed_ts_us=1787576231835431 response_submitted_ts_us=1787576231835544 completed_ts_us=1787576231836169 data_tm_execute_async_ts_us=1787576231832018 data_hixl_execute_async_ts_us=1787576231832060 data_tm_get_status_ts_us=1787576231835387 data_hixl_query_handle_ts_us=1787576231835393 response_tm_execute_async_ts_us=1787576231835439 response_hixl_execute_async_ts_us=1787576231835445 response_tm_get_status_ts_us=1787576231836118 response_hixl_query_handle_ts_us=1787576231836124 request_queue_us=4886 metadata_prepare_us=31 taskworker_prepare_us=209 poller_queue_us=172 data_transfer_us=3237 metadata_settle_us=7 response_slot_wait_us=0 response_submit_us=106 response_transfer_us=625 data_tm_to_hixl_execute_async_us=42 data_tm_to_hixl_query_handle_us=5 response_tm_to_hixl_execute_async_us=6 response_tm_to_hixl_query_handle_us=5 total_us=9070 [21272,21285][completion_poller.cc:56,LogRequestDone]
[HIXL_QUERY_PERF] layer=comm_channel request=0x28 mutex_wait_us=0 check_us=0 lookup_us=0 flag_check_us=0 complete_us=1 total_us=1 transfer_status=1
[HIXL_QUERY_PERF] layer=adxl_inner request=0x28 context_us=1 req_lock_wait_us=0 lookup_us=1 channel_us=6 cleanup_us=0 total_us=8 status=0 transfer_status=1
[HIXL_QUERY_PERF] layer=comm_engine request=0x28 total_us=10 status=0 transfer_status=1
[2026-08-24 20:57:11.836202][UC][I] [HIXL_WORKER_PERF] task_id=381 queue_depth=1 enqueue_lock_wait_us=0 enqueue_us=1 queue_wait_us=6 execute_us=12 result_post_us=5 total_us=24 status=0 [21272,21285][hixl_instance.cpp:107,Run]
[2026-08-24 20:57:11.836208][UC][I] [QUERY_PERF] component=ucm layer=hixl_instance request=0x28 queue_wait_us=7 backend_us=12 run_post_us=10 total_us=29 api_status=0 transfer_status=1 [21272,21285][hixl_instance.cpp:370,GetTransferStatus]
[2026-08-24 20:57:11.836213][UC][I] [QUERY_PERF] component=ucm layer=hixl_transport handle=105 request=0x28 lifecycle_lock_us=0 pending_lock_wait_us=0 pending_lookup_us=0 instance_us=34 erase_us=0 total_us=34 transfer_status=1 [21272,21285][hixl_transport.cpp:734,GetStatus]
[2026-08-24 20:57:11.836218][UC][I] [QUERY_PERF] component=ucm layer=transport_manager handle=105 transport_handle=105 transfers_lock_wait_us=1 lookup_us=0 transport_us=39 total_us=40 api_status=0 transfer_status=1 [21272,21285][transport_manager.cpp:716,GetStatus]
[2026-08-24 20:57:11.836221][UC][I] [PERF] component=transport event=transfer_done manager=127.0.0.1:8000 target=127.0.0.1:4502 handle=105 transport_handle=105 opcode=1 direct=2 segments=108 bytes=7962624 status=1 api_status=0 submitted_ts_us=1787576231832395 completed_ts_us=1787576231836220 manager_get_status_ts_us=1787576231836177 backend_query_ts_us=1787576231836185 submit_us=176 transfer_us=3825 manager_to_backend_query_us=8 total_us=4001 [21272,21285][transport_manager.cpp:727,GetStatus]
[HIXL_PERF] event=hccl_batch op=1 desc_num=1 hccl_us=57 status=0
[HIXL_PERF] event=issue_hccl_batch op=1 list_num=1 total_us=63
[HIXL_PERF] event=issue_async_host_flag op=1 list_num=1 context_us=0 hccl_issue_us=66 flag_memcpy_us=4 total_us=70
[HIXL_PERF] event=comm_channel_async op=1 list_num=1 mutex_wait_us=0 slot_us=0 host_flag_us=0 record_us=0 issue_us=73 total_us=73
[HIXL_PERF] event=adxl_inner_async op=1 list_num=1 context_us=0 connect_us=0 get_channel_us=1 channel_async_us=77 tail_us=0 total_us=78
[HIXL_PERF] event=comm_engine_async op=1 list_num=1 desc_build_us=0 inner_us=80 total_us=80 status=0
[2026-08-24 20:57:11.836332][UC][I] [HIXL_WORKER_PERF] task_id=382 queue_depth=1 enqueue_lock_wait_us=0 enqueue_us=0 queue_wait_us=5 execute_us=84 result_post_us=5 total_us=94 status=0 [21272,21285][hixl_instance.cpp:107,Run]
[2026-08-24 20:57:11.836339][UC][I] [PERF] component=transport event=transfer_submitted manager=127.0.0.1:8000 target=127.0.0.1:4502 handle=124 transport_handle=124 opcode=1 direct=2 segments=1 bytes=63 submitted_ts_us=1787576231836338 manager_execute_async_ts_us=1787576231836236 backend_execute_async_ts_us=1787576231836242 manager_to_backend_execute_async_us=6 submit_us=102 [21272,21285][transport_manager.cpp:674,ExecuteAsync]
[HIXL_QUERY_PERF] layer=comm_channel request=0x29 mutex_wait_us=0 check_us=0 lookup_us=0 flag_check_us=0 complete_us=1 total_us=1 transfer_status=1
[HIXL_QUERY_PERF] layer=adxl_inner request=0x29 context_us=1 req_lock_wait_us=0 lookup_us=1 channel_us=5 cleanup_us=0 total_us=7 status=0 transfer_status=1
[HIXL_QUERY_PERF] layer=comm_engine request=0x29 total_us=10 status=0 transfer_status=1
[2026-08-24 20:57:11.836367][UC][I] [HIXL_WORKER_PERF] task_id=383 queue_depth=1 enqueue_lock_wait_us=0 enqueue_us=0 queue_wait_us=5 execute_us=11 result_post_us=5 total_us=21 status=0 [21272,21285][hixl_instance.cpp:107,Run]
[2026-08-24 20:57:11.836374][UC][I] [QUERY_PERF] component=ucm layer=hixl_instance request=0x29 queue_wait_us=6 backend_us=11 run_post_us=11 total_us=28 api_status=0 transfer_status=1 [21272,21285][hixl_instance.cpp:370,GetTransferStatus]
[2026-08-24 20:57:11.836383][UC][I] [QUERY_PERF] component=ucm layer=hixl_transport handle=106 request=0x29 lifecycle_lock_us=0 pending_lock_wait_us=0 pending_lookup_us=0 instance_us=37 erase_us=0 total_us=37 transfer_status=1 [21272,21285][hixl_transport.cpp:734,GetStatus]
[2026-08-24 20:57:11.836390][UC][I] [QUERY_PERF] component=ucm layer=transport_manager handle=106 transport_handle=106 transfers_lock_wait_us=0 lookup_us=0 transport_us=45 total_us=45 api_status=0 transfer_status=1 [21272,21285][transport_manager.cpp:716,GetStatus]
[2026-08-24 20:57:11.836394][UC][I] [PERF] component=transport event=transfer_done manager=127.0.0.1:8000 target=127.0.0.1:4502 handle=106 transport_handle=106 opcode=1 direct=2 segments=108 bytes=7962624 status=1 api_status=0 submitted_ts_us=1787576231832574 completed_ts_us=1787576231836393 manager_get_status_ts_us=1787576231836345 backend_query_ts_us=1787576231836351 submit_us=139 transfer_us=3819 manager_to_backend_query_us=6 total_us=3958 [21272,21285][transport_manager.cpp:727,GetStatus]
[HIXL_PERF] event=hccl_batch op=1 desc_num=1 hccl_us=60 status=0
[HIXL_PERF] event=issue_hccl_batch op=1 list_num=1 total_us=67
[HIXL_PERF] event=issue_async_host_flag op=1 list_num=1 context_us=0 hccl_issue_us=68 flag_memcpy_us=5 total_us=73
[HIXL_PERF] event=comm_channel_async op=1 list_num=1 mutex_wait_us=0 slot_us=1 host_flag_us=0 record_us=0 issue_us=75 total_us=76
[HIXL_PERF] event=adxl_inner_async op=1 list_num=1 context_us=1 connect_us=0 get_channel_us=0 channel_async_us=78 tail_us=0 total_us=79
[HIXL_PERF] event=comm_engine_async op=1 list_num=1 desc_build_us=0 inner_us=81 total_us=81 status=0
[2026-08-24 20:57:11.836503][UC][I] [HIXL_WORKER_PERF] task_id=384 queue_depth=1 enqueue_lock_wait_us=1 enqueue_us=0 queue_wait_us=4 execute_us=85 result_post_us=5 total_us=95 status=0 [21272,21285][hixl_instance.cpp:107,Run]
[2026-08-24 20:57:11.836511][UC][I] [PERF] component=transport event=transfer_submitted manager=127.0.0.1:8000 target=127.0.0.1:4502 handle=125 transport_handle=125 opcode=1 direct=2 segments=1 bytes=63 submitted_ts_us=1787576231836510 manager_execute_async_ts_us=1787576231836407 backend_execute_async_ts_us=1787576231836413 manager_to_backend_execute_async_us=6 submit_us=102 [21272,21285][transport_manager.cpp:674,ExecuteAsync]
[HIXL_QUERY_PERF] layer=comm_channel request=0x2a mutex_wait_us=0 check_us=0 lookup_us=0 flag_check_us=0 complete_us=1 total_us=1 transfer_status=1
[HIXL_QUERY_PERF] layer=adxl_inner request=0x2a context_us=0 req_lock_wait_us=0 lookup_us=1 channel_us=5 cleanup_us=1 total_us=7 status=0 transfer_status=1
[HIXL_QUERY_PERF] layer=comm_engine request=0x2a total_us=9 status=0 transfer_status=1
[2026-08-24 20:57:11.836542][UC][I] [HIXL_WORKER_PERF] task_id=385 queue_depth=1 enqueue_lock_wait_us=0 enqueue_us=0 queue_wait_us=5 execute_us=13 result_post_us=4 total_us=22 status=0 [21272,21285][hixl_instance.cpp:107,Run]
[2026-08-24 20:57:11.836547][UC][I] [QUERY_PERF] component=ucm layer=hixl_instance request=0x2a queue_wait_us=5 backend_us=13 run_post_us=10 total_us=28 api_status=0 transfer_status=1 [21272,21285][hixl_instance.cpp:370,GetTransferStatus]
[2026-08-24 20:57:11.836553][UC][I] [QUERY_PERF] component=ucm layer=hixl_transport handle=107 request=0x2a lifecycle_lock_us=1 pending_lock_wait_us=0 pending_lookup_us=0 instance_us=33 erase_us=0 total_us=34 transfer_status=1 [21272,21285][hixl_transport.cpp:734,GetStatus]
[2026-08-24 20:57:11.836558][UC][I] [QUERY_PERF] component=ucm layer=transport_manager handle=107 transport_handle=107 transfers_lock_wait_us=0 lookup_us=0 transport_us=39 total_us=39 api_status=0 transfer_status=1 [21272,21285][transport_manager.cpp:716,GetStatus]
[2026-08-24 20:57:11.836562][UC][I] [PERF] component=transport event=transfer_done manager=127.0.0.1:8000 target=127.0.0.1:4502 handle=107 transport_handle=107 opcode=1 direct=2 segments=108 bytes=7962624 status=1 api_status=0 submitted_ts_us=1787576231832731 completed_ts_us=1787576231836561 manager_get_status_ts_us=1787576231836518 backend_query_ts_us=1787576231836524 submit_us=135 transfer_us=3830 manager_to_backend_query_us=6 total_us=3965 [21272,21285][transport_manager.cpp:727,GetStatus]
[HIXL_PERF] event=hccl_batch op=1 desc_num=1 hccl_us=55 status=0
[HIXL_PERF] event=issue_hccl_batch op=1 list_num=1 total_us=62
[HIXL_PERF] event=issue_async_host_flag op=1 list_num=1 context_us=0 hccl_issue_us=65 flag_memcpy_us=4 total_us=69
[HIXL_PERF] event=comm_channel_async op=1 list_num=1 mutex_wait_us=0 slot_us=0 host_flag_us=0 record_us=0 issue_us=71 total_us=71
[HIXL_PERF] event=adxl_inner_async op=1 list_num=1 context_us=0 connect_us=0 get_channel_us=1 channel_async_us=75 tail_us=0 total_us=76
[HIXL_PERF] event=comm_engine_async op=1 list_num=1 desc_build_us=1 inner_us=79 total_us=80 status=0
[2026-08-24 20:57:11.836670][UC][I] [HIXL_WORKER_PERF] task_id=386 queue_depth=1 enqueue_lock_wait_us=1 enqueue_us=0 queue_wait_us=4 execute_us=84 result_post_us=5 total_us=94 status=0 [21272,21285][hixl_instance.cpp:107,Run]
[2026-08-24 20:57:11.836676][UC][I] [PERF] component=transport event=transfer_submitted manager=127.0.0.1:8000 target=127.0.0.1:4502 handle=126 transport_handle=126 opcode=1 direct=2 segments=1 bytes=63 submitted_ts_us=1787576231836676 manager_execute_async_ts_us=1787576231836574 backend_execute_async_ts_us=1787576231836580 manager_to_backend_execute_async_us=6 submit_us=101 [21272,21285][transport_manager.cpp:674,ExecuteAsync]
[HIXL_QUERY_PERF] layer=comm_channel request=0x2b mutex_wait_us=0 check_us=0 lookup_us=0 flag_check_us=1 complete_us=0 total_us=1 transfer_status=1
[HIXL_QUERY_PERF] layer=adxl_inner request=0x2b context_us=0 req_lock_wait_us=0 lookup_us=1 channel_us=6 cleanup_us=0 total_us=7 status=0 transfer_status=1
[HIXL_QUERY_PERF] layer=comm_engine request=0x2b total_us=10 status=0 transfer_status=1
[2026-08-24 20:57:11.836714][UC][I] [HIXL_WORKER_PERF] task_id=387 queue_depth=1 enqueue_lock_wait_us=0 enqueue_us=0 queue_wait_us=5 execute_us=12 result_post_us=5 total_us=22 status=0 [21272,21285][hixl_instance.cpp:107,Run]
[2026-08-24 20:57:11.836719][UC][I] [QUERY_PERF] component=ucm layer=hixl_instance request=0x2b queue_wait_us=5 backend_us=12 run_post_us=10 total_us=27 api_status=0 transfer_status=1 [21272,21285][hixl_instance.cpp:370,GetTransferStatus]
[2026-08-24 20:57:11.836722][UC][I] [QUERY_PERF] component=ucm layer=hixl_transport handle=108 request=0x2b lifecycle_lock_us=0 pending_lock_wait_us=0 pending_lookup_us=0 instance_us=30 erase_us=0 total_us=30 transfer_status=1 [21272,21285][hixl_transport.cpp:734,GetStatus]
[2026-08-24 20:57:11.836729][UC][I] [QUERY_PERF] component=ucm layer=transport_manager handle=108 transport_handle=108 transfers_lock_wait_us=0 lookup_us=0 transport_us=38 total_us=38 api_status=0 transfer_status=1 [21272,21285][transport_manager.cpp:716,GetStatus]
[2026-08-24 20:57:11.836734][UC][I] [PERF] component=transport event=transfer_done manager=127.0.0.1:8000 target=127.0.0.1:4502 handle=108 transport_handle=108 opcode=1 direct=2 segments=108 bytes=7962624 status=1 api_status=0 submitted_ts_us=1787576231832903 completed_ts_us=1787576231836733 manager_get_status_ts_us=1787576231836691 backend_query_ts_us=1787576231836697 submit_us=142 transfer_us=3830 manager_to_backend_query_us=6 total_us=3972 [21272,21285][transport_manager.cpp:727,GetStatus]
[HIXL_PERF] event=hccl_batch op=1 desc_num=1 hccl_us=53 status=0
[HIXL_PERF] event=issue_hccl_batch op=1 list_num=1 total_us=61
[HIXL_PERF] event=issue_async_host_flag op=1 list_num=1 context_us=1 hccl_issue_us=63 flag_memcpy_us=4 total_us=68
[HIXL_PERF] event=comm_channel_async op=1 list_num=1 mutex_wait_us=0 slot_us=0 host_flag_us=0 record_us=0 issue_us=73 total_us=73
[HIXL_PERF] event=adxl_inner_async op=1 list_num=1 context_us=0 connect_us=0 get_channel_us=1 channel_async_us=75 tail_us=0 total_us=76
[HIXL_PERF] event=comm_engine_async op=1 list_num=1 desc_build_us=0 inner_us=78 total_us=78 status=0
[2026-08-24 20:57:11.836840][UC][I] [HIXL_WORKER_PERF] task_id=388 queue_depth=1 enqueue_lock_wait_us=1 enqueue_us=0 queue_wait_us=5 execute_us=82 result_post_us=5 total_us=93 status=0 [21272,21285][hixl_instance.cpp:107,Run]
[2026-08-24 20:57:11.836847][UC][I] [PERF] component=transport event=transfer_submitted manager=127.0.0.1:8000 target=127.0.0.1:4502 handle=127 transport_handle=127 opcode=1 direct=2 segments=1 bytes=63 submitted_ts_us=1787576231836845 manager_execute_async_ts_us=1787576231836746 backend_execute_async_ts_us=1787576231836752 manager_to_backend_execute_async_us=6 submit_us=99 [21272,21285][transport_manager.cpp:674,ExecuteAsync]
[HIXL_QUERY_PERF] layer=comm_channel request=0x2c mutex_wait_us=0 check_us=0 lookup_us=0 flag_check_us=0 complete_us=1 total_us=1 transfer_status=1
[HIXL_QUERY_PERF] layer=adxl_inner request=0x2c context_us=1 req_lock_wait_us=0 lookup_us=1 channel_us=5 cleanup_us=1 total_us=8 status=0 transfer_status=1
[HIXL_QUERY_PERF] layer=comm_engine request=0x2c total_us=10 status=0 transfer_status=1
[2026-08-24 20:57:11.836873][UC][I] [HIXL_WORKER_PERF] task_id=389 queue_depth=1 enqueue_lock_wait_us=1 enqueue_us=0 queue_wait_us=5 execute_us=12 result_post_us=4 total_us=22 status=0 [21272,21285][hixl_instance.cpp:107,Run]
[2026-08-24 20:57:11.836879][UC][I] [QUERY_PERF] component=ucm layer=hixl_instance request=0x2c queue_wait_us=6 backend_us=12 run_post_us=11 total_us=29 api_status=0 transfer_status=1 [21272,21285][hixl_instance.cpp:370,GetTransferStatus]
[2026-08-24 20:57:11.836883][UC][I] [QUERY_PERF] component=ucm layer=hixl_transport handle=109 request=0x2c lifecycle_lock_us=0 pending_lock_wait_us=0 pending_lookup_us=0 instance_us=32 erase_us=0 total_us=32 transfer_status=1 [21272,21285][hixl_transport.cpp:734,GetStatus]
[2026-08-24 20:57:11.836888][UC][I] [QUERY_PERF] component=ucm layer=transport_manager handle=109 transport_handle=109 transfers_lock_wait_us=0 lookup_us=0 transport_us=38 total_us=38 api_status=0 transfer_status=1 [21272,21285][transport_manager.cpp:716,GetStatus]
[2026-08-24 20:57:11.836894][UC][I] [PERF] component=transport event=transfer_done manager=127.0.0.1:8000 target=127.0.0.1:4502 handle=109 transport_handle=109 opcode=1 direct=2 segments=108 bytes=7962624 status=1 api_status=0 submitted_ts_us=1787576231833067 completed_ts_us=1787576231836893 manager_get_status_ts_us=1787576231836850 backend_query_ts_us=1787576231836856 submit_us=138 transfer_us=3827 manager_to_backend_query_us=6 total_us=3965 [21272,21285][transport_manager.cpp:727,GetStatus]
[HIXL_PERF] event=hccl_batch op=1 desc_num=1 hccl_us=53 status=0
[HIXL_PERF] event=issue_hccl_batch op=1 list_num=1 total_us=60
[HIXL_PERF] event=issue_async_host_flag op=1 list_num=1 context_us=0 hccl_issue_us=62 flag_memcpy_us=4 total_us=66
[HIXL_PERF] event=comm_channel_async op=1 list_num=1 mutex_wait_us=0 slot_us=0 host_flag_us=0 record_us=0 issue_us=68 total_us=68
[HIXL_PERF] event=adxl_inner_async op=1 list_num=1 context_us=0 connect_us=0 get_channel_us=1 channel_async_us=70 tail_us=0 total_us=71
[HIXL_PERF] event=comm_engine_async op=1 list_num=1 desc_build_us=1 inner_us=73 total_us=74 status=0
[2026-08-24 20:57:11.836998][UC][I] [HIXL_WORKER_PERF] task_id=390 queue_depth=1 enqueue_lock_wait_us=0 enqueue_us=0 queue_wait_us=5 execute_us=77 result_post_us=5 total_us=87 status=0 [21272,21285][hixl_instance.cpp:107,Run]
[2026-08-24 20:57:11.837005][UC][I] [PERF] component=transport event=transfer_submitted manager=127.0.0.1:8000 target=127.0.0.1:4502 handle=128 transport_handle=128 opcode=1 direct=2 segments=1 bytes=63 submitted_ts_us=1787576231837005 manager_execute_async_ts_us=1787576231836909 backend_execute_async_ts_us=1787576231836915 manager_to_backend_execute_async_us=6 submit_us=96 [21272,21285][transport_manager.cpp:674,ExecuteAsync]
[HIXL_QUERY_PERF] layer=comm_channel request=0x2d mutex_wait_us=0 check_us=0 lookup_us=0 flag_check_us=0 complete_us=1 total_us=1 transfer_status=1
[HIXL_QUERY_PERF] layer=adxl_inner request=0x2d context_us=1 req_lock_wait_us=0 lookup_us=0 channel_us=8 cleanup_us=1 total_us=10 status=0 transfer_status=1
[HIXL_QUERY_PERF] layer=comm_engine request=0x2d total_us=15 status=0 transfer_status=1
[2026-08-24 20:57:11.837046][UC][I] [HIXL_WORKER_PERF] task_id=391 queue_depth=1 enqueue_lock_wait_us=0 enqueue_us=1 queue_wait_us=5 execute_us=18 result_post_us=5 total_us=29 status=0 [21272,21285][hixl_instance.cpp:107,Run]
[2026-08-24 20:57:11.837053][UC][I] [QUERY_PERF] component=ucm layer=hixl_instance request=0x2d queue_wait_us=6 backend_us=18 run_post_us=11 total_us=35 api_status=0 transfer_status=1 [21272,21285][hixl_instance.cpp:370,GetTransferStatus]
[2026-08-24 20:57:11.837056][UC][I] [QUERY_PERF] component=ucm layer=hixl_transport handle=110 request=0x2d lifecycle_lock_us=0 pending_lock_wait_us=0 pending_lookup_us=0 instance_us=38 erase_us=0 total_us=38 transfer_status=1 [21272,21285][hixl_transport.cpp:734,GetStatus]
[2026-08-24 20:57:11.837059][UC][I] [QUERY_PERF] component=ucm layer=transport_manager handle=110 transport_handle=110 transfers_lock_wait_us=0 lookup_us=0 transport_us=41 total_us=41 api_status=0 transfer_status=1 [21272,21285][transport_manager.cpp:716,GetStatus]
[2026-08-24 20:57:11.837062][UC][I] [PERF] component=transport event=transfer_done manager=127.0.0.1:8000 target=127.0.0.1:4502 handle=110 transport_handle=110 opcode=1 direct=2 segments=108 bytes=7962624 status=1 api_status=0 submitted_ts_us=1787576231833233 completed_ts_us=1787576231837061 manager_get_status_ts_us=1787576231837016 backend_query_ts_us=1787576231837023 submit_us=140 transfer_us=3827 manager_to_backend_query_us=6 total_us=3967 [21272,21285][transport_manager.cpp:727,GetStatus]
[HIXL_PERF] event=hccl_batch op=1 desc_num=1 hccl_us=51 status=0
[HIXL_PERF] event=issue_hccl_batch op=1 list_num=1 total_us=59
[HIXL_PERF] event=issue_async_host_flag op=1 list_num=1 context_us=0 hccl_issue_us=61 flag_memcpy_us=4 total_us=65
[HIXL_PERF] event=comm_channel_async op=1 list_num=1 mutex_wait_us=0 slot_us=0 host_flag_us=0 record_us=0 issue_us=67 total_us=67
[HIXL_PERF] event=adxl_inner_async op=1 list_num=1 context_us=1 connect_us=0 get_channel_us=0 channel_async_us=70 tail_us=0 total_us=71
[HIXL_PERF] event=comm_engine_async op=1 list_num=1 desc_build_us=0 inner_us=73 total_us=73 status=0
[2026-08-24 20:57:11.837161][UC][I] [HIXL_WORKER_PERF] task_id=392 queue_depth=1 enqueue_lock_wait_us=0 enqueue_us=0 queue_wait_us=5 execute_us=76 result_post_us=5 total_us=86 status=0 [21272,21285][hixl_instance.cpp:107,Run]
[2026-08-24 20:57:11.837167][UC][I] [PERF] component=transport event=transfer_submitted manager=127.0.0.1:8000 target=127.0.0.1:4502 handle=129 transport_handle=129 opcode=1 direct=2 segments=1 bytes=63 submitted_ts_us=1787576231837166 manager_execute_async_ts_us=1787576231837073 backend_execute_async_ts_us=1787576231837079 manager_to_backend_execute_async_us=6 submit_us=93 [21272,21285][transport_manager.cpp:674,ExecuteAsync]
[HIXL_QUERY_PERF] layer=comm_channel request=0x2e mutex_wait_us=0 check_us=0 lookup_us=0 flag_check_us=0 complete_us=1 total_us=1 transfer_status=1
[HIXL_QUERY_PERF] layer=adxl_inner request=0x2e context_us=0 req_lock_wait_us=0 lookup_us=1 channel_us=5 cleanup_us=1 total_us=7 status=0 transfer_status=1
[HIXL_QUERY_PERF] layer=comm_engine request=0x2e total_us=9 status=0 transfer_status=1
[2026-08-24 20:57:11.837196][UC][I] [HIXL_WORKER_PERF] task_id=393 queue_depth=1 enqueue_lock_wait_us=0 enqueue_us=1 queue_wait_us=4 execute_us=12 result_post_us=4 total_us=21 status=0 [21272,21285][hixl_instance.cpp:107,Run]
[2026-08-24 20:57:11.837201][UC][I] [QUERY_PERF] component=ucm layer=hixl_instance request=0x2e queue_wait_us=5 backend_us=12 run_post_us=9 total_us=26 api_status=0 transfer_status=1 [21272,21285][hixl_instance.cpp:370,GetTransferStatus]
[2026-08-24 20:57:11.837207][UC][I] [QUERY_PERF] component=ucm layer=hixl_transport handle=111 request=0x2e lifecycle_lock_us=0 pending_lock_wait_us=0 pending_lookup_us=0 instance_us=32 erase_us=0 total_us=32 transfer_status=1 [21272,21285][hixl_transport.cpp:734,GetStatus]
[2026-08-24 20:57:11.837212][UC][I] [QUERY_PERF] component=ucm layer=transport_manager handle=111 transport_handle=111 transfers_lock_wait_us=0 lookup_us=0 transport_us=36 total_us=36 api_status=0 transfer_status=1 [21272,21285][transport_manager.cpp:716,GetStatus]
[2026-08-24 20:57:11.837217][UC][I] [PERF] component=transport event=transfer_done manager=127.0.0.1:8000 target=127.0.0.1:4502 handle=111 transport_handle=111 opcode=1 direct=2 segments=108 bytes=7962624 status=1 api_status=0 submitted_ts_us=1787576231833415 completed_ts_us=1787576231837216 manager_get_status_ts_us=1787576231837174 backend_query_ts_us=1787576231837180 submit_us=158 transfer_us=3801 manager_to_backend_query_us=5 total_us=3959 [21272,21285][transport_manager.cpp:727,GetStatus]
[HIXL_PERF] event=hccl_batch op=1 desc_num=1 hccl_us=53 status=0
[HIXL_PERF] event=issue_hccl_batch op=1 list_num=1 total_us=61
[HIXL_PERF] event=issue_async_host_flag op=1 list_num=1 context_us=1 hccl_issue_us=63 flag_memcpy_us=4 total_us=68
[HIXL_PERF] event=comm_channel_async op=1 list_num=1 mutex_wait_us=0 slot_us=0 host_flag_us=0 record_us=0 issue_us=74 total_us=74
[HIXL_PERF] event=adxl_inner_async op=1 list_num=1 context_us=0 connect_us=0 get_channel_us=1 channel_async_us=76 tail_us=0 total_us=77
[HIXL_PERF] event=comm_engine_async op=1 list_num=1 desc_build_us=0 inner_us=79 total_us=79 status=0
[2026-08-24 20:57:11.837324][UC][I] [HIXL_WORKER_PERF] task_id=394 queue_depth=1 enqueue_lock_wait_us=1 enqueue_us=0 queue_wait_us=5 execute_us=83 result_post_us=5 total_us=94 status=0 [21272,21285][hixl_instance.cpp:107,Run]
[2026-08-24 20:57:11.837334][UC][I] [PERF] component=transport event=transfer_submitted manager=127.0.0.1:8000 target=127.0.0.1:4502 handle=130 transport_handle=130 opcode=1 direct=2 segments=1 bytes=63 submitted_ts_us=1787576231837333 manager_execute_async_ts_us=1787576231837228 backend_execute_async_ts_us=1787576231837235 manager_to_backend_execute_async_us=6 submit_us=105 [21272,21285][transport_manager.cpp:674,ExecuteAsync]
[HIXL_QUERY_PERF] layer=comm_channel request=0x2f mutex_wait_us=0 check_us=0 lookup_us=0 flag_check_us=0 complete_us=1 total_us=1 transfer_status=1
[HIXL_QUERY_PERF] layer=adxl_inner request=0x2f context_us=1 req_lock_wait_us=0 lookup_us=1 channel_us=5 cleanup_us=0 total_us=7 status=0 transfer_status=1
[HIXL_QUERY_PERF] layer=comm_engine request=0x2f total_us=11 status=0 transfer_status=1
[2026-08-24 20:57:11.837363][UC][I] [HIXL_WORKER_PERF] task_id=395 queue_depth=1 enqueue_lock_wait_us=0 enqueue_us=0 queue_wait_us=5 execute_us=14 result_post_us=4 total_us=23 status=0 [21272,21285][hixl_instance.cpp:107,Run]
[2026-08-24 20:57:11.837370][UC][I] [QUERY_PERF] component=ucm layer=hixl_instance request=0x2f queue_wait_us=6 backend_us=14 run_post_us=12 total_us=32 api_status=0 transfer_status=1 [21272,21285][hixl_instance.cpp:370,GetTransferStatus]
[2026-08-24 20:57:11.837374][UC][I] [QUERY_PERF] component=ucm layer=hixl_transport handle=112 request=0x2f lifecycle_lock_us=0 pending_lock_wait_us=0 pending_lookup_us=0 instance_us=35 erase_us=0 total_us=35 transfer_status=1 [21272,21285][hixl_transport.cpp:734,GetStatus]
[2026-08-24 20:57:11.837378][UC][I] [QUERY_PERF] component=ucm layer=transport_manager handle=112 transport_handle=112 transfers_lock_wait_us=0 lookup_us=0 transport_us=40 total_us=40 api_status=0 transfer_status=1 [21272,21285][transport_manager.cpp:716,GetStatus]
[2026-08-24 20:57:11.837383][UC][I] [PERF] component=transport event=transfer_done manager=127.0.0.1:8000 target=127.0.0.1:4502 handle=112 transport_handle=112 opcode=1 direct=2 segments=108 bytes=7962624 status=1 api_status=0 submitted_ts_us=1787576231833583 completed_ts_us=1787576231837382 manager_get_status_ts_us=1787576231837338 backend_query_ts_us=1787576231837344 submit_us=144 transfer_us=3798 manager_to_backend_query_us=6 total_us=3942 [21272,21285][transport_manager.cpp:727,GetStatus]
[HIXL_PERF] event=hccl_batch op=1 desc_num=1 hccl_us=52 status=0
[HIXL_PERF] event=issue_hccl_batch op=1 list_num=1 total_us=58
[HIXL_PERF] event=issue_async_host_flag op=1 list_num=1 context_us=0 hccl_issue_us=60 flag_memcpy_us=4 total_us=64
[HIXL_PERF] event=comm_channel_async op=1 list_num=1 mutex_wait_us=0 slot_us=0 host_flag_us=1 record_us=0 issue_us=67 total_us=68
[HIXL_PERF] event=adxl_inner_async op=1 list_num=1 context_us=1 connect_us=0 get_channel_us=0 channel_async_us=69 tail_us=1 total_us=71
[HIXL_PERF] event=comm_engine_async op=1 list_num=1 desc_build_us=0 inner_us=73 total_us=73 status=0
[2026-08-24 20:57:11.837482][UC][I] [HIXL_WORKER_PERF] task_id=396 queue_depth=1 enqueue_lock_wait_us=0 enqueue_us=1 queue_wait_us=4 execute_us=76 result_post_us=5 total_us=86 status=0 [21272,21285][hixl_instance.cpp:107,Run]
[2026-08-24 20:57:11.837489][UC][I] [PERF] component=transport event=transfer_submitted manager=127.0.0.1:8000 target=127.0.0.1:4502 handle=131 transport_handle=131 opcode=1 direct=2 segments=1 bytes=63 submitted_ts_us=1787576231837488 manager_execute_async_ts_us=1787576231837394 backend_execute_async_ts_us=1787576231837400 manager_to_backend_execute_async_us=6 submit_us=93 [21272,21285][transport_manager.cpp:674,ExecuteAsync]
[HIXL_QUERY_PERF] layer=comm_channel request=0x31 mutex_wait_us=0 check_us=0 lookup_us=0 flag_check_us=1 complete_us=0 total_us=1 transfer_status=1
[HIXL_QUERY_PERF] layer=adxl_inner request=0x31 context_us=0 req_lock_wait_us=0 lookup_us=1 channel_us=7 cleanup_us=0 total_us=8 status=0 transfer_status=1
[HIXL_QUERY_PERF] layer=comm_engine request=0x31 total_us=11 status=0 transfer_status=1
[2026-08-24 20:57:11.837518][UC][I] [HIXL_WORKER_PERF] task_id=397 queue_depth=1 enqueue_lock_wait_us=0 enqueue_us=0 queue_wait_us=5 execute_us=14 result_post_us=5 total_us=24 status=0 [21272,21285][hixl_instance.cpp:107,Run]
[2026-08-24 20:57:11.837524][UC][I] [QUERY_PERF] component=ucm layer=hixl_instance request=0x31 queue_wait_us=5 backend_us=14 run_post_us=11 total_us=30 api_status=0 transfer_status=1 [21272,21285][hixl_instance.cpp:370,GetTransferStatus]
[2026-08-24 20:57:11.837528][UC][I] [QUERY_PERF] component=ucm layer=hixl_transport handle=124 request=0x31 lifecycle_lock_us=1 pending_lock_wait_us=0 pending_lookup_us=0 instance_us=32 erase_us=1 total_us=34 transfer_status=1 [21272,21285][hixl_transport.cpp:734,GetStatus]
[2026-08-24 20:57:11.837530][UC][I] [QUERY_PERF] component=ucm layer=transport_manager handle=124 transport_handle=124 transfers_lock_wait_us=0 lookup_us=0 transport_us=37 total_us=37 api_status=0 transfer_status=1 [21272,21285][transport_manager.cpp:716,GetStatus]
[2026-08-24 20:57:11.837534][UC][I] [PERF] component=transport event=transfer_done manager=127.0.0.1:8000 target=127.0.0.1:4502 handle=124 transport_handle=124 opcode=1 direct=2 segments=1 bytes=63 status=1 api_status=0 submitted_ts_us=1787576231836338 completed_ts_us=1787576231837533 manager_get_status_ts_us=1787576231837493 backend_query_ts_us=1787576231837499 submit_us=102 transfer_us=1195 manager_to_backend_query_us=6 total_us=1297 [21272,21285][transport_manager.cpp:727,GetStatus]
[2026-08-24 20:57:11.837547][UC][I] [PERF] component=drampool event=request_done request_id=7 opcode=2 peer=127.0.0.1:4502 batch_size=108 data_bytes=7962624 failed_items=0 status=SUCCESS failed_stage=NONE received_ts_us=1787576231827102 worker_started_ts_us=1787576231832196 data_transfer_submitted_ts_us=1787576231832401 data_transfer_completed_ts_us=1787576231836227 response_submitted_ts_us=1787576231836344 completed_ts_us=1787576231837545 data_tm_execute_async_ts_us=1787576231832211 data_hixl_execute_async_ts_us=1787576231832231 data_tm_get_status_ts_us=1787576231836177 data_hixl_query_handle_ts_us=1787576231836185 response_tm_execute_async_ts_us=1787576231836236 response_hixl_execute_async_ts_us=1787576231836242 response_tm_get_status_ts_us=1787576231837493 response_hixl_query_handle_ts_us=1787576231837499 request_queue_us=5094 metadata_prepare_us=13 taskworker_prepare_us=206 poller_queue_us=3143 data_transfer_us=3826 metadata_settle_us=7 response_slot_wait_us=1 response_submit_us=109 response_transfer_us=1201 data_tm_to_hixl_execute_async_us=20 data_tm_to_hixl_query_handle_us=8 response_tm_to_hixl_execute_async_us=6 response_tm_to_hixl_query_handle_us=6 total_us=10444 [21272,21285][completion_poller.cc:56,LogRequestDone]
[HIXL_QUERY_PERF] layer=comm_channel request=0x32 mutex_wait_us=0 check_us=0 lookup_us=0 flag_check_us=1 complete_us=0 total_us=1 transfer_status=1
[HIXL_QUERY_PERF] layer=adxl_inner request=0x32 context_us=1 req_lock_wait_us=0 lookup_us=0 channel_us=8 cleanup_us=0 total_us=9 status=0 transfer_status=1
[HIXL_QUERY_PERF] layer=comm_engine request=0x32 total_us=12 status=0 transfer_status=1
[2026-08-24 20:57:11.837579][UC][I] [HIXL_WORKER_PERF] task_id=398 queue_depth=1 enqueue_lock_wait_us=0 enqueue_us=0 queue_wait_us=5 execute_us=16 result_post_us=4 total_us=25 status=0 [21272,21285][hixl_instance.cpp:107,Run]
[2026-08-24 20:57:11.837585][UC][I] [QUERY_PERF] component=ucm layer=hixl_instance request=0x32 queue_wait_us=5 backend_us=15 run_post_us=10 total_us=30 api_status=0 transfer_status=1 [21272,21285][hixl_instance.cpp:370,GetTransferStatus]
[2026-08-24 20:57:11.837590][UC][I] [QUERY_PERF] component=ucm layer=hixl_transport handle=125 request=0x32 lifecycle_lock_us=0 pending_lock_wait_us=0 pending_lookup_us=0 instance_us=35 erase_us=0 total_us=35 transfer_status=1 [21272,21285][hixl_transport.cpp:734,GetStatus]
[2026-08-24 20:57:11.837594][UC][I] [QUERY_PERF] component=ucm layer=transport_manager handle=125 transport_handle=125 transfers_lock_wait_us=1 lookup_us=0 transport_us=39 total_us=40 api_status=0 transfer_status=1 [21272,21285][transport_manager.cpp:716,GetStatus]
[2026-08-24 20:57:11.837598][UC][I] [PERF] component=transport event=transfer_done manager=127.0.0.1:8000 target=127.0.0.1:4502 handle=125 transport_handle=125 opcode=1 direct=2 segments=1 bytes=63 status=1 api_status=0 submitted_ts_us=1787576231836510 completed_ts_us=1787576231837598 manager_get_status_ts_us=1787576231837553 backend_query_ts_us=1787576231837559 submit_us=102 transfer_us=1088 manager_to_backend_query_us=6 total_us=1190 [21272,21285][transport_manager.cpp:727,GetStatus]
[2026-08-24 20:57:11.837603][UC][I] [PERF] component=drampool event=request_done request_id=8 opcode=2 peer=127.0.0.1:4502 batch_size=108 data_bytes=7962624 failed_items=0 status=SUCCESS failed_stage=NONE received_ts_us=1787576231827104 worker_started_ts_us=1787576231832403 data_transfer_submitted_ts_us=1787576231832580 data_transfer_completed_ts_us=1787576231836398 response_submitted_ts_us=1787576231836517 completed_ts_us=1787576231837601 data_tm_execute_async_ts_us=1787576231832435 data_hixl_execute_async_ts_us=1787576231832444 data_tm_get_status_ts_us=1787576231836345 data_hixl_query_handle_ts_us=1787576231836351 response_tm_execute_async_ts_us=1787576231836407 response_hixl_execute_async_ts_us=1787576231836413 response_tm_get_status_ts_us=1787576231837553 response_hixl_query_handle_ts_us=1787576231837559 request_queue_us=5299 metadata_prepare_us=30 taskworker_prepare_us=178 poller_queue_us=2964 data_transfer_us=3819 metadata_settle_us=7 response_slot_wait_us=0 response_submit_us=112 response_transfer_us=1083 data_tm_to_hixl_execute_async_us=9 data_tm_to_hixl_query_handle_us=6 response_tm_to_hixl_execute_async_us=6 response_tm_to_hixl_query_handle_us=6 total_us=10498 [21272,21285][completion_poller.cc:56,LogRequestDone]
[HIXL_QUERY_PERF] layer=comm_channel request=0x33 mutex_wait_us=0 check_us=0 lookup_us=0 flag_check_us=0 complete_us=1 total_us=1 transfer_status=1
[HIXL_QUERY_PERF] layer=adxl_inner request=0x33 context_us=0 req_lock_wait_us=0 lookup_us=1 channel_us=5 cleanup_us=0 total_us=6 status=0 transfer_status=1
[HIXL_QUERY_PERF] layer=comm_engine request=0x33 total_us=11 status=0 transfer_status=1
[2026-08-24 20:57:11.837632][UC][I] [HIXL_WORKER_PERF] task_id=399 queue_depth=1 enqueue_lock_wait_us=0 enqueue_us=0 queue_wait_us=4 execute_us=13 result_post_us=4 total_us=21 status=0 [21272,21285][hixl_instance.cpp:107,Run]
[2026-08-24 20:57:11.837643][UC][I] [QUERY_PERF] component=ucm layer=hixl_instance request=0x33 queue_wait_us=6 backend_us=12 run_post_us=16 total_us=34 api_status=0 transfer_status=1 [21272,21285][hixl_instance.cpp:370,GetTransferStatus]
[2026-08-24 20:57:11.837650][UC][I] [QUERY_PERF] component=ucm layer=hixl_transport handle=126 request=0x33 lifecycle_lock_us=0 pending_lock_wait_us=0 pending_lookup_us=0 instance_us=40 erase_us=0 total_us=40 transfer_status=1 [21272,21285][hixl_transport.cpp:734,GetStatus]
[2026-08-24 20:57:11.837654][UC][I] [QUERY_PERF] component=ucm layer=transport_manager handle=126 transport_handle=126 transfers_lock_wait_us=0 lookup_us=0 transport_us=45 total_us=45 api_status=0 transfer_status=1 [21272,21285][transport_manager.cpp:716,GetStatus]
[2026-08-24 20:57:11.837659][UC][I] [PERF] component=transport event=transfer_done manager=127.0.0.1:8000 target=127.0.0.1:4502 handle=126 transport_handle=126 opcode=1 direct=2 segments=1 bytes=63 status=1 api_status=0 submitted_ts_us=1787576231836676 completed_ts_us=1787576231837657 manager_get_status_ts_us=1787576231837609 backend_query_ts_us=1787576231837614 submit_us=101 transfer_us=981 manager_to_backend_query_us=6 total_us=1082 [21272,21285][transport_manager.cpp:727,GetStatus]
[2026-08-24 20:57:11.837668][UC][I] [PERF] component=drampool event=request_done request_id=9 opcode=2 peer=127.0.0.1:4502 batch_size=108 data_bytes=7962624 failed_items=0 status=SUCCESS failed_stage=NONE received_ts_us=1787576231827107 worker_started_ts_us=1787576231832582 data_transfer_submitted_ts_us=1787576231832744 data_transfer_completed_ts_us=1787576231836566 response_submitted_ts_us=1787576231836691 completed_ts_us=1787576231837666 data_tm_execute_async_ts_us=1787576231832595 data_hixl_execute_async_ts_us=1787576231832605 data_tm_get_status_ts_us=1787576231836518 data_hixl_query_handle_ts_us=1787576231836524 response_tm_execute_async_ts_us=1787576231836574 response_hixl_execute_async_ts_us=1787576231836580 response_tm_get_status_ts_us=1787576231837609 response_hixl_query_handle_ts_us=1787576231837614 request_queue_us=5475 metadata_prepare_us=12 taskworker_prepare_us=164 poller_queue_us=2799 data_transfer_us=3821 metadata_settle_us=7 response_slot_wait_us=1 response_submit_us=117 response_transfer_us=974 data_tm_to_hixl_execute_async_us=9 data_tm_to_hixl_query_handle_us=6 response_tm_to_hixl_execute_async_us=6 response_tm_to_hixl_query_handle_us=6 total_us=10559 [21272,21285][completion_poller.cc:56,LogRequestDone]
[HIXL_QUERY_PERF] layer=comm_channel request=0x34 mutex_wait_us=0 check_us=0 lookup_us=0 flag_check_us=0 complete_us=1 total_us=1 transfer_status=1
[HIXL_QUERY_PERF] layer=adxl_inner request=0x34 context_us=1 req_lock_wait_us=0 lookup_us=0 channel_us=6 cleanup_us=0 total_us=7 status=0 transfer_status=1
[HIXL_QUERY_PERF] layer=comm_engine request=0x34 total_us=13 status=0 transfer_status=1
[2026-08-24 20:57:11.837698][UC][I] [HIXL_WORKER_PERF] task_id=400 queue_depth=1 enqueue_lock_wait_us=0 enqueue_us=0 queue_wait_us=5 execute_us=15 result_post_us=5 total_us=25 status=0 [21272,21285][hixl_instance.cpp:107,Run]
[2026-08-24 20:57:11.837704][UC][I] [QUERY_PERF] component=ucm layer=hixl_instance request=0x34 queue_wait_us=5 backend_us=15 run_post_us=11 total_us=31 api_status=0 transfer_status=1 [21272,21285][hixl_instance.cpp:370,GetTransferStatus]
[2026-08-24 20:57:11.837708][UC][I] [QUERY_PERF] component=ucm layer=hixl_transport handle=127 request=0x34 lifecycle_lock_us=0 pending_lock_wait_us=0 pending_lookup_us=0 instance_us=35 erase_us=0 total_us=35 transfer_status=1 [21272,21285][hixl_transport.cpp:734,GetStatus]
[2026-08-24 20:57:11.837713][UC][I] [QUERY_PERF] component=ucm layer=transport_manager handle=127 transport_handle=127 transfers_lock_wait_us=0 lookup_us=0 transport_us=40 total_us=40 api_status=0 transfer_status=1 [21272,21285][transport_manager.cpp:716,GetStatus]
[2026-08-24 20:57:11.837717][UC][I] [PERF] component=transport event=transfer_done manager=127.0.0.1:8000 target=127.0.0.1:4502 handle=127 transport_handle=127 opcode=1 direct=2 segments=1 bytes=63 status=1 api_status=0 submitted_ts_us=1787576231836845 completed_ts_us=1787576231837716 manager_get_status_ts_us=1787576231837672 backend_query_ts_us=1787576231837678 submit_us=99 transfer_us=872 manager_to_backend_query_us=6 total_us=971 [21272,21285][transport_manager.cpp:727,GetStatus]
[2026-08-24 20:57:11.837727][UC][I] [PERF] component=drampool event=request_done request_id=10 opcode=2 peer=127.0.0.1:4502 batch_size=108 data_bytes=7962624 failed_items=0 status=SUCCESS failed_stage=NONE received_ts_us=1787576231827109 worker_started_ts_us=1787576231832747 data_transfer_submitted_ts_us=1787576231832911 data_transfer_completed_ts_us=1787576231836737 response_submitted_ts_us=1787576231836849 completed_ts_us=1787576231837725 data_tm_execute_async_ts_us=1787576231832760 data_hixl_execute_async_ts_us=1787576231832770 data_tm_get_status_ts_us=1787576231836691 data_hixl_query_handle_ts_us=1787576231836697 response_tm_execute_async_ts_us=1787576231836746 response_hixl_execute_async_ts_us=1787576231836752 response_tm_get_status_ts_us=1787576231837672 response_hixl_query_handle_ts_us=1787576231837678 request_queue_us=5638 metadata_prepare_us=13 taskworker_prepare_us=166 poller_queue_us=2633 data_transfer_us=3826 metadata_settle_us=7 response_slot_wait_us=1 response_submit_us=104 response_transfer_us=876 data_tm_to_hixl_execute_async_us=11 data_tm_to_hixl_query_handle_us=6 response_tm_to_hixl_execute_async_us=6 response_tm_to_hixl_query_handle_us=6 total_us=10617 [21272,21285][completion_poller.cc:56,LogRequestDone]
[HIXL_QUERY_PERF] layer=comm_channel request=0x35 mutex_wait_us=0 check_us=0 lookup_us=0 flag_check_us=0 complete_us=1 total_us=1 transfer_status=1
[HIXL_QUERY_PERF] layer=adxl_inner request=0x35 context_us=0 req_lock_wait_us=0 lookup_us=1 channel_us=5 cleanup_us=0 total_us=6 status=0 transfer_status=1
[HIXL_QUERY_PERF] layer=comm_engine request=0x35 total_us=8 status=0 transfer_status=1
[2026-08-24 20:57:11.837753][UC][I] [HIXL_WORKER_PERF] task_id=401 queue_depth=1 enqueue_lock_wait_us=1 enqueue_us=0 queue_wait_us=4 execute_us=11 result_post_us=4 total_us=20 status=0 [21272,21285][hixl_instance.cpp:107,Run]
[2026-08-24 20:57:11.837759][UC][I] [QUERY_PERF] component=ucm layer=hixl_instance request=0x35 queue_wait_us=5 backend_us=10 run_post_us=11 total_us=26 api_status=0 transfer_status=1 [21272,21285][hixl_instance.cpp:370,GetTransferStatus]
[2026-08-24 20:57:11.837763][UC][I] [QUERY_PERF] component=ucm layer=hixl_transport handle=128 request=0x35 lifecycle_lock_us=0 pending_lock_wait_us=0 pending_lookup_us=0 instance_us=29 erase_us=0 total_us=29 transfer_status=1 [21272,21285][hixl_transport.cpp:734,GetStatus]
[2026-08-24 20:57:11.837767][UC][I] [QUERY_PERF] component=ucm layer=transport_manager handle=128 transport_handle=128 transfers_lock_wait_us=0 lookup_us=0 transport_us=34 total_us=34 api_status=0 transfer_status=1 [21272,21285][transport_manager.cpp:716,GetStatus]
[2026-08-24 20:57:11.837774][UC][I] [PERF] component=transport event=transfer_done manager=127.0.0.1:8000 target=127.0.0.1:4502 handle=128 transport_handle=128 opcode=1 direct=2 segments=1 bytes=63 status=1 api_status=0 submitted_ts_us=1787576231837005 completed_ts_us=1787576231837773 manager_get_status_ts_us=1787576231837732 backend_query_ts_us=1787576231837738 submit_us=96 transfer_us=769 manager_to_backend_query_us=5 total_us=865 [21272,21285][transport_manager.cpp:727,GetStatus]
[2026-08-24 20:57:11.837781][UC][I] [PERF] component=drampool event=request_done request_id=11 opcode=2 peer=127.0.0.1:4502 batch_size=108 data_bytes=7962624 failed_items=0 status=SUCCESS failed_stage=NONE received_ts_us=1787576231827111 worker_started_ts_us=1787576231832914 data_transfer_submitted_ts_us=1787576231833077 data_transfer_completed_ts_us=1787576231836901 response_submitted_ts_us=1787576231837016 completed_ts_us=1787576231837779 data_tm_execute_async_ts_us=1787576231832927 data_hixl_execute_async_ts_us=1787576231832937 data_tm_get_status_ts_us=1787576231836850 data_hixl_query_handle_ts_us=1787576231836856 response_tm_execute_async_ts_us=1787576231836909 response_hixl_execute_async_ts_us=1787576231836915 response_tm_get_status_ts_us=1787576231837732 response_hixl_query_handle_ts_us=1787576231837738 request_queue_us=5803 metadata_prepare_us=13 taskworker_prepare_us=164 poller_queue_us=2468 data_transfer_us=3824 metadata_settle_us=6 response_slot_wait_us=1 response_submit_us=108 response_transfer_us=763 data_tm_to_hixl_execute_async_us=10 data_tm_to_hixl_query_handle_us=6 response_tm_to_hixl_execute_async_us=6 response_tm_to_hixl_query_handle_us=5 total_us=10668 [21272,21285][completion_poller.cc:56,LogRequestDone]
[HIXL_QUERY_PERF] layer=comm_channel request=0x36 mutex_wait_us=0 check_us=0 lookup_us=1 flag_check_us=0 complete_us=0 total_us=1 transfer_status=1
[HIXL_QUERY_PERF] layer=adxl_inner request=0x36 context_us=1 req_lock_wait_us=0 lookup_us=0 channel_us=6 cleanup_us=0 total_us=7 status=0 transfer_status=1
[HIXL_QUERY_PERF] layer=comm_engine request=0x36 total_us=11 status=0 transfer_status=1
[2026-08-24 20:57:11.837810][UC][I] [HIXL_WORKER_PERF] task_id=402 queue_depth=1 enqueue_lock_wait_us=0 enqueue_us=1 queue_wait_us=4 execute_us=13 result_post_us=5 total_us=23 status=0 [21272,21285][hixl_instance.cpp:107,Run]
[2026-08-24 20:57:11.837821][UC][I] [QUERY_PERF] component=ucm layer=hixl_instance request=0x36 queue_wait_us=5 backend_us=13 run_post_us=16 total_us=34 api_status=0 transfer_status=1 [21272,21285][hixl_instance.cpp:370,GetTransferStatus]
[2026-08-24 20:57:11.837826][UC][I] [QUERY_PERF] component=ucm layer=hixl_transport handle=129 request=0x36 lifecycle_lock_us=0 pending_lock_wait_us=0 pending_lookup_us=0 instance_us=38 erase_us=0 total_us=38 transfer_status=1 [21272,21285][hixl_transport.cpp:734,GetStatus]
[2026-08-24 20:57:11.837831][UC][I] [QUERY_PERF] component=ucm layer=transport_manager handle=129 transport_handle=129 transfers_lock_wait_us=0 lookup_us=0 transport_us=44 total_us=44 api_status=0 transfer_status=1 [21272,21285][transport_manager.cpp:716,GetStatus]
[2026-08-24 20:57:11.837835][UC][I] [PERF] component=transport event=transfer_done manager=127.0.0.1:8000 target=127.0.0.1:4502 handle=129 transport_handle=129 opcode=1 direct=2 segments=1 bytes=63 status=1 api_status=0 submitted_ts_us=1787576231837166 completed_ts_us=1787576231837834 manager_get_status_ts_us=1787576231837786 backend_query_ts_us=1787576231837792 submit_us=93 transfer_us=669 manager_to_backend_query_us=5 total_us=762 [21272,21285][transport_manager.cpp:727,GetStatus]
[2026-08-24 20:57:11.837841][UC][I] [PERF] component=drampool event=request_done request_id=12 opcode=2 peer=127.0.0.1:4502 batch_size=108 data_bytes=7962624 failed_items=0 status=SUCCESS failed_stage=NONE received_ts_us=1787576231827119 worker_started_ts_us=1787576231833079 data_transfer_submitted_ts_us=1787576231833241 data_transfer_completed_ts_us=1787576231837065 response_submitted_ts_us=1787576231837174 completed_ts_us=1787576231837840 data_tm_execute_async_ts_us=1787576231833093 data_hixl_execute_async_ts_us=1787576231833104 data_tm_get_status_ts_us=1787576231837016 data_hixl_query_handle_ts_us=1787576231837023 response_tm_execute_async_ts_us=1787576231837073 response_hixl_execute_async_ts_us=1787576231837079 response_tm_get_status_ts_us=1787576231837786 response_hixl_query_handle_ts_us=1787576231837792 request_queue_us=5960 metadata_prepare_us=13 taskworker_prepare_us=163 poller_queue_us=2304 data_transfer_us=3824 metadata_settle_us=6 response_slot_wait_us=1 response_submit_us=102 response_transfer_us=665 data_tm_to_hixl_execute_async_us=11 data_tm_to_hixl_query_handle_us=6 response_tm_to_hixl_execute_async_us=6 response_tm_to_hixl_query_handle_us=5 total_us=10721 [21272,21285][completion_poller.cc:56,LogRequestDone]
[HIXL_QUERY_PERF] layer=comm_channel request=0x37 mutex_wait_us=0 check_us=0 lookup_us=0 flag_check_us=0 complete_us=1 total_us=1 transfer_status=1
[HIXL_QUERY_PERF] layer=adxl_inner request=0x37 context_us=0 req_lock_wait_us=1 lookup_us=0 channel_us=4 cleanup_us=0 total_us=5 status=0 transfer_status=1
[HIXL_QUERY_PERF] layer=comm_engine request=0x37 total_us=7 status=0 transfer_status=1
[2026-08-24 20:57:11.837865][UC][I] [HIXL_WORKER_PERF] task_id=403 queue_depth=1 enqueue_lock_wait_us=0 enqueue_us=0 queue_wait_us=5 execute_us=9 result_post_us=4 total_us=18 status=0 [21272,21285][hixl_instance.cpp:107,Run]
[2026-08-24 20:57:11.837870][UC][I] [QUERY_PERF] component=ucm layer=hixl_instance request=0x37 queue_wait_us=5 backend_us=9 run_post_us=9 total_us=23 api_status=0 transfer_status=1 [21272,21285][hixl_instance.cpp:370,GetTransferStatus]
[2026-08-24 20:57:11.837873][UC][I] [QUERY_PERF] component=ucm layer=hixl_transport handle=130 request=0x37 lifecycle_lock_us=1 pending_lock_wait_us=0 pending_lookup_us=0 instance_us=26 erase_us=0 total_us=27 transfer_status=1 [21272,21285][hixl_transport.cpp:734,GetStatus]
[2026-08-24 20:57:11.837876][UC][I] [QUERY_PERF] component=ucm layer=transport_manager handle=130 transport_handle=130 transfers_lock_wait_us=0 lookup_us=0 transport_us=30 total_us=30 api_status=0 transfer_status=1 [21272,21285][transport_manager.cpp:716,GetStatus]
[2026-08-24 20:57:11.837879][UC][I] [PERF] component=transport event=transfer_done manager=127.0.0.1:8000 target=127.0.0.1:4502 handle=130 transport_handle=130 opcode=1 direct=2 segments=1 bytes=63 status=1 api_status=0 submitted_ts_us=1787576231837333 completed_ts_us=1787576231837878 manager_get_status_ts_us=1787576231837846 backend_query_ts_us=1787576231837852 submit_us=105 transfer_us=544 manager_to_backend_query_us=6 total_us=649 [21272,21285][transport_manager.cpp:727,GetStatus]
[2026-08-24 20:57:11.837890][UC][I] [PERF] component=drampool event=request_done request_id=13 opcode=2 peer=127.0.0.1:4502 batch_size=108 data_bytes=7962624 failed_items=0 status=SUCCESS failed_stage=NONE received_ts_us=1787576231827121 worker_started_ts_us=1787576231833243 data_transfer_submitted_ts_us=1787576231833423 data_transfer_completed_ts_us=1787576231837220 response_submitted_ts_us=1787576231837337 completed_ts_us=1787576231837888 data_tm_execute_async_ts_us=1787576231833256 data_hixl_execute_async_ts_us=1787576231833266 data_tm_get_status_ts_us=1787576231837174 data_hixl_query_handle_ts_us=1787576231837180 response_tm_execute_async_ts_us=1787576231837228 response_hixl_execute_async_ts_us=1787576231837235 response_tm_get_status_ts_us=1787576231837846 response_hixl_query_handle_ts_us=1787576231837852 request_queue_us=6122 metadata_prepare_us=13 taskworker_prepare_us=181 poller_queue_us=2122 data_transfer_us=3797 metadata_settle_us=7 response_slot_wait_us=1 response_submit_us=110 response_transfer_us=550 data_tm_to_hixl_execute_async_us=10 data_tm_to_hixl_query_handle_us=5 response_tm_to_hixl_execute_async_us=6 response_tm_to_hixl_query_handle_us=6 total_us=10767 [21272,21285][completion_poller.cc:56,LogRequestDone]
[HIXL_QUERY_PERF] layer=comm_channel request=0x38 mutex_wait_us=0 check_us=0 lookup_us=0 flag_check_us=0 complete_us=1 total_us=1 transfer_status=1
[HIXL_QUERY_PERF] layer=adxl_inner request=0x38 context_us=0 req_lock_wait_us=0 lookup_us=1 channel_us=5 cleanup_us=1 total_us=7 status=0 transfer_status=1
[HIXL_QUERY_PERF] layer=comm_engine request=0x38 total_us=10 status=0 transfer_status=1
[2026-08-24 20:57:11.837918][UC][I] [HIXL_WORKER_PERF] task_id=404 queue_depth=1 enqueue_lock_wait_us=0 enqueue_us=0 queue_wait_us=5 execute_us=14 result_post_us=5 total_us=24 status=0 [21272,21285][hixl_instance.cpp:107,Run]
[2026-08-24 20:57:11.837924][UC][I] [QUERY_PERF] component=ucm layer=hixl_instance request=0x38 queue_wait_us=5 backend_us=14 run_post_us=11 total_us=30 api_status=0 transfer_status=1 [21272,21285][hixl_instance.cpp:370,GetTransferStatus]
[2026-08-24 20:57:11.837928][UC][I] [QUERY_PERF] component=ucm layer=hixl_transport handle=131 request=0x38 lifecycle_lock_us=1 pending_lock_wait_us=0 pending_lookup_us=0 instance_us=33 erase_us=0 total_us=34 transfer_status=1 [21272,21285][hixl_transport.cpp:734,GetStatus]
[2026-08-24 20:57:11.837931][UC][I] [QUERY_PERF] component=ucm layer=transport_manager handle=131 transport_handle=131 transfers_lock_wait_us=0 lookup_us=0 transport_us=38 total_us=38 api_status=0 transfer_status=1 [21272,21285][transport_manager.cpp:716,GetStatus]
[2026-08-24 20:57:11.837936][UC][I] [PERF] component=transport event=transfer_done manager=127.0.0.1:8000 target=127.0.0.1:4502 handle=131 transport_handle=131 opcode=1 direct=2 segments=1 bytes=63 status=1 api_status=0 submitted_ts_us=1787576231837488 completed_ts_us=1787576231837935 manager_get_status_ts_us=1787576231837893 backend_query_ts_us=1787576231837899 submit_us=93 transfer_us=447 manager_to_backend_query_us=6 total_us=540 [21272,21285][transport_manager.cpp:727,GetStatus]
[2026-08-24 20:57:11.837943][UC][I] [PERF] component=drampool event=request_done request_id=14 opcode=2 peer=127.0.0.1:4502 batch_size=108 data_bytes=7962624 failed_items=0 status=SUCCESS failed_stage=NONE received_ts_us=1787576231827123 worker_started_ts_us=1787576231833425 data_transfer_submitted_ts_us=1787576231833589 data_transfer_completed_ts_us=1787576231837386 response_submitted_ts_us=1787576231837492 completed_ts_us=1787576231837941 data_tm_execute_async_ts_us=1787576231833438 data_hixl_execute_async_ts_us=1787576231833448 data_tm_get_status_ts_us=1787576231837338 data_hixl_query_handle_ts_us=1787576231837344 response_tm_execute_async_ts_us=1787576231837394 response_hixl_execute_async_ts_us=1787576231837400 response_tm_get_status_ts_us=1787576231837893 response_hixl_query_handle_ts_us=1787576231837899 request_queue_us=6302 metadata_prepare_us=12 taskworker_prepare_us=166 poller_queue_us=1955 data_transfer_us=3796 metadata_settle_us=7 response_slot_wait_us=1 response_submit_us=99 response_transfer_us=448 data_tm_to_hixl_execute_async_us=10 data_tm_to_hixl_query_handle_us=6 response_tm_to_hixl_execute_async_us=6 response_tm_to_hixl_query_handle_us=6 total_us=10818 [21272,21285][completion_poller.cc:56,LogRequestDone]
[HIXL_PERF] event=hccl_batch op=1 desc_num=1 hccl_us=308 status=0
[HIXL_PERF] event=issue_hccl_batch op=1 list_num=1 total_us=351
[HIXL_PERF] event=issue_async_host_flag op=1 list_num=1 context_us=1 hccl_issue_us=356 flag_memcpy_us=16 total_us=373
[HIXL_PERF] event=comm_channel_async op=1 list_num=1 mutex_wait_us=1 slot_us=1 host_flag_us=1 record_us=2 issue_us=378 total_us=383
[HIXL_PERF] event=adxl_inner_async op=1 list_num=1 context_us=16 connect_us=0 get_channel_us=5 channel_async_us=389 tail_us=2 total_us=412
[HIXL_PERF] event=comm_engine_async op=1 list_num=1 desc_build_us=1 inner_us=417 total_us=418 status=0
[2026-08-24 20:57:17.134492][UC][I] [HIXL_WORKER_PERF] task_id=405 queue_depth=1 enqueue_lock_wait_us=1 enqueue_us=0 queue_wait_us=15 execute_us=438 result_post_us=9 total_us=463 status=0 [21272,21285][hixl_instance.cpp:107,Run]
[2026-08-24 20:57:17.134557][UC][I] [PERF] component=transport event=transfer_submitted manager=127.0.0.1:8000 target=127.0.0.1:4500 handle=132 transport_handle=132 opcode=1 direct=2 segments=1 bytes=10 submitted_ts_us=1787576237134555 manager_execute_async_ts_us=1787576237134017 backend_execute_async_ts_us=1787576237134047 manager_to_backend_execute_async_us=30 submit_us=534 [21272,21285][transport_manager.cpp:674,ExecuteAsync]
[HIXL_QUERY_PERF] layer=comm_channel request=0x4c mutex_wait_us=0 check_us=0 lookup_us=1 flag_check_us=1 complete_us=9 total_us=11 transfer_status=1
[HIXL_QUERY_PERF] layer=adxl_inner request=0x4c context_us=2 req_lock_wait_us=0 lookup_us=2 channel_us=19 cleanup_us=2 total_us=25 status=0 transfer_status=1
[HIXL_QUERY_PERF] layer=comm_engine request=0x4c total_us=30 status=0 transfer_status=1
[2026-08-24 20:57:17.134617][UC][I] [HIXL_WORKER_PERF] task_id=406 queue_depth=1 enqueue_lock_wait_us=0 enqueue_us=0 queue_wait_us=6 execute_us=34 result_post_us=5 total_us=45 status=0 [21272,21285][hixl_instance.cpp:107,Run]
[2026-08-24 20:57:17.134625][UC][I] [QUERY_PERF] component=ucm layer=hixl_instance request=0x4c queue_wait_us=7 backend_us=34 run_post_us=13 total_us=54 api_status=0 transfer_status=1 [21272,21285][hixl_instance.cpp:370,GetTransferStatus]
[2026-08-24 20:57:17.134631][UC][I] [QUERY_PERF] component=ucm layer=hixl_transport handle=132 request=0x4c lifecycle_lock_us=0 pending_lock_wait_us=0 pending_lookup_us=0 instance_us=58 erase_us=1 total_us=59 transfer_status=1 [21272,21285][hixl_transport.cpp:734,GetStatus]
[2026-08-24 20:57:17.134635][UC][I] [QUERY_PERF] component=ucm layer=transport_manager handle=132 transport_handle=132 transfers_lock_wait_us=0 lookup_us=0 transport_us=65 total_us=65 api_status=0 transfer_status=1 [21272,21285][transport_manager.cpp:716,GetStatus]
[2026-08-24 20:57:17.134642][UC][I] [PERF] component=transport event=transfer_done manager=127.0.0.1:8000 target=127.0.0.1:4500 handle=132 transport_handle=132 opcode=1 direct=2 segments=1 bytes=10 status=1 api_status=0 submitted_ts_us=1787576237134555 completed_ts_us=1787576237134641 manager_get_status_ts_us=1787576237134569 backend_query_ts_us=1787576237134577 submit_us=534 transfer_us=86 manager_to_backend_query_us=8 total_us=620 [21272,21285][transport_manager.cpp:727,GetStatus]
[2026-08-24 20:57:17.134654][UC][I] [PERF] component=drampool event=request_done request_id=17 opcode=0 peer=127.0.0.1:4500 batch_size=2 data_bytes=0 failed_items=0 status=SUCCESS failed_stage=NONE received_ts_us=1787576237133862 worker_started_ts_us=1787576237133869 data_transfer_submitted_ts_us=0 data_transfer_completed_ts_us=0 response_submitted_ts_us=1787576237134567 completed_ts_us=1787576237134650 data_tm_execute_async_ts_us=0 data_hixl_execute_async_ts_us=0 data_tm_get_status_ts_us=0 data_hixl_query_handle_ts_us=0 response_tm_execute_async_ts_us=1787576237134017 response_hixl_execute_async_ts_us=1787576237134047 response_tm_get_status_ts_us=1787576237134569 response_hixl_query_handle_ts_us=1787576237134577 request_queue_us=8 metadata_prepare_us=1 taskworker_prepare_us=7 poller_queue_us=131 data_transfer_us=0 metadata_settle_us=0 response_slot_wait_us=135 response_submit_us=558 response_transfer_us=81 data_tm_to_hixl_execute_async_us=0 data_tm_to_hixl_query_handle_us=0 response_tm_to_hixl_execute_async_us=30 response_tm_to_hixl_query_handle_us=8 total_us=789 [21272,21285][completion_poller.cc:56,LogRequestDone]
[HIXL_PERF] event=hccl_batch op=1 desc_num=1 hccl_us=102 status=0
[HIXL_PERF] event=issue_hccl_batch op=1 list_num=1 total_us=115
[HIXL_PERF] event=issue_async_host_flag op=1 list_num=1 context_us=0 hccl_issue_us=117 flag_memcpy_us=6 total_us=123
[HIXL_PERF] event=comm_channel_async op=1 list_num=1 mutex_wait_us=0 slot_us=1 host_flag_us=0 record_us=1 issue_us=127 total_us=129
[HIXL_PERF] event=adxl_inner_async op=1 list_num=1 context_us=1 connect_us=0 get_channel_us=0 channel_async_us=132 tail_us=0 total_us=133
[HIXL_PERF] event=comm_engine_async op=1 list_num=1 desc_build_us=1 inner_us=136 total_us=137 status=0
[2026-08-24 20:57:17.135122][UC][I] [HIXL_WORKER_PERF] task_id=407 queue_depth=1 enqueue_lock_wait_us=1 enqueue_us=0 queue_wait_us=4 execute_us=142 result_post_us=5 total_us=152 status=0 [21272,21285][hixl_instance.cpp:107,Run]
[2026-08-24 20:57:17.135133][UC][I] [PERF] component=transport event=transfer_submitted manager=127.0.0.1:8000 target=127.0.0.1:4500 handle=133 transport_handle=133 opcode=1 direct=2 segments=1 bytes=10 submitted_ts_us=1787576237135132 manager_execute_async_ts_us=1787576237134968 backend_execute_async_ts_us=1787576237134974 manager_to_backend_execute_async_us=7 submit_us=164 [21272,21285][transport_manager.cpp:674,ExecuteAsync]
[HIXL_QUERY_PERF] layer=comm_channel request=0x4d mutex_wait_us=0 check_us=0 lookup_us=1 flag_check_us=0 complete_us=2 total_us=3 transfer_status=1
[HIXL_QUERY_PERF] layer=adxl_inner request=0x4d context_us=1 req_lock_wait_us=0 lookup_us=1 channel_us=7 cleanup_us=0 total_us=9 status=0 transfer_status=1
[HIXL_QUERY_PERF] layer=comm_engine request=0x4d total_us=12 status=0 transfer_status=1
[2026-08-24 20:57:17.135162][UC][I] [HIXL_WORKER_PERF] task_id=408 queue_depth=1 enqueue_lock_wait_us=0 enqueue_us=0 queue_wait_us=5 execute_us=14 result_post_us=4 total_us=23 status=0 [21272,21285][hixl_instance.cpp:107,Run]
[2026-08-24 20:57:17.135175][UC][I] [QUERY_PERF] component=ucm layer=hixl_instance request=0x4d queue_wait_us=5 backend_us=14 run_post_us=17 total_us=36 api_status=0 transfer_status=1 [21272,21285][hixl_instance.cpp:370,GetTransferStatus]
[2026-08-24 20:57:17.135184][UC][I] [QUERY_PERF] component=ucm layer=hixl_transport handle=133 request=0x4d lifecycle_lock_us=0 pending_lock_wait_us=0 pending_lookup_us=1 instance_us=44 erase_us=1 total_us=46 transfer_status=1 [21272,21285][hixl_transport.cpp:734,GetStatus]
[2026-08-24 20:57:17.135189][UC][I] [QUERY_PERF] component=ucm layer=transport_manager handle=133 transport_handle=133 transfers_lock_wait_us=0 lookup_us=0 transport_us=52 total_us=52 api_status=0 transfer_status=1 [21272,21285][transport_manager.cpp:716,GetStatus]
[2026-08-24 20:57:17.135192][UC][I] [PERF] component=transport event=transfer_done manager=127.0.0.1:8000 target=127.0.0.1:4500 handle=133 transport_handle=133 opcode=1 direct=2 segments=1 bytes=10 status=1 api_status=0 submitted_ts_us=1787576237135132 completed_ts_us=1787576237135191 manager_get_status_ts_us=1787576237135137 backend_query_ts_us=1787576237135143 submit_us=164 transfer_us=60 manager_to_backend_query_us=6 total_us=224 [21272,21285][transport_manager.cpp:727,GetStatus]
[2026-08-24 20:57:17.135198][UC][I] [PERF] component=drampool event=request_done request_id=18 opcode=0 peer=127.0.0.1:4500 batch_size=2 data_bytes=0 failed_items=0 status=SUCCESS failed_stage=NONE received_ts_us=1787576237134852 worker_started_ts_us=1787576237134941 data_transfer_submitted_ts_us=0 data_transfer_completed_ts_us=0 response_submitted_ts_us=1787576237135136 completed_ts_us=1787576237135196 data_tm_execute_async_ts_us=0 data_hixl_execute_async_ts_us=0 data_tm_get_status_ts_us=0 data_hixl_query_handle_ts_us=0 response_tm_execute_async_ts_us=1787576237134968 response_hixl_execute_async_ts_us=1787576237134974 response_tm_get_status_ts_us=1787576237135137 response_hixl_query_handle_ts_us=1787576237135143 request_queue_us=88 metadata_prepare_us=1 taskworker_prepare_us=1 poller_queue_us=24 data_transfer_us=0 metadata_settle_us=0 response_slot_wait_us=24 response_submit_us=170 response_transfer_us=59 data_tm_to_hixl_execute_async_us=0 data_tm_to_hixl_query_handle_us=0 response_tm_to_hixl_execute_async_us=7 response_tm_to_hixl_query_handle_us=6 total_us=343 [21272,21285][completion_poller.cc:56,LogRequestDone]
[HIXL_PERF] event=hccl_batch op=1 desc_num=1 hccl_us=71 status=0
[HIXL_PERF] event=issue_hccl_batch op=1 list_num=1 total_us=80
[HIXL_PERF] event=issue_async_host_flag op=1 list_num=1 context_us=0 hccl_issue_us=82 flag_memcpy_us=6 total_us=88
[HIXL_PERF] event=comm_channel_async op=1 list_num=1 mutex_wait_us=0 slot_us=0 host_flag_us=0 record_us=1 issue_us=91 total_us=92
[HIXL_PERF] event=adxl_inner_async op=1 list_num=1 context_us=1 connect_us=0 get_channel_us=1 channel_async_us=94 tail_us=0 total_us=96
[HIXL_PERF] event=comm_engine_async op=1 list_num=1 desc_build_us=0 inner_us=98 total_us=98 status=0
[2026-08-24 20:57:17.135634][UC][I] [HIXL_WORKER_PERF] task_id=409 queue_depth=1 enqueue_lock_wait_us=0 enqueue_us=1 queue_wait_us=4 execute_us=114 result_post_us=5 total_us=124 status=0 [21272,21285][hixl_instance.cpp:107,Run]
[2026-08-24 20:57:17.135643][UC][I] [PERF] component=transport event=transfer_submitted manager=127.0.0.1:8000 target=127.0.0.1:4500 handle=134 transport_handle=134 opcode=1 direct=2 segments=1 bytes=10 submitted_ts_us=1787576237135643 manager_execute_async_ts_us=1787576237135509 backend_execute_async_ts_us=1787576237135515 manager_to_backend_execute_async_us=6 submit_us=133 [21272,21285][transport_manager.cpp:674,ExecuteAsync]
[HIXL_QUERY_PERF] layer=comm_channel request=0x4e mutex_wait_us=0 check_us=0 lookup_us=0 flag_check_us=0 complete_us=2 total_us=2 transfer_status=1
[HIXL_QUERY_PERF] layer=adxl_inner request=0x4e context_us=1 req_lock_wait_us=0 lookup_us=1 channel_us=7 cleanup_us=0 total_us=9 status=0 transfer_status=1
[HIXL_QUERY_PERF] layer=comm_engine request=0x4e total_us=14 status=0 transfer_status=1
[2026-08-24 20:57:17.135675][UC][I] [HIXL_WORKER_PERF] task_id=410 queue_depth=1 enqueue_lock_wait_us=0 enqueue_us=0 queue_wait_us=5 execute_us=18 result_post_us=4 total_us=27 status=0 [21272,21285][hixl_instance.cpp:107,Run]
[2026-08-24 20:57:17.135682][UC][I] [QUERY_PERF] component=ucm layer=hixl_instance request=0x4e queue_wait_us=5 backend_us=18 run_post_us=11 total_us=34 api_status=0 transfer_status=1 [21272,21285][hixl_instance.cpp:370,GetTransferStatus]
[2026-08-24 20:57:17.135687][UC][I] [QUERY_PERF] component=ucm layer=hixl_transport handle=134 request=0x4e lifecycle_lock_us=0 pending_lock_wait_us=0 pending_lookup_us=0 instance_us=39 erase_us=1 total_us=40 transfer_status=1 [21272,21285][hixl_transport.cpp:734,GetStatus]
[2026-08-24 20:57:17.135691][UC][I] [QUERY_PERF] component=ucm layer=transport_manager handle=134 transport_handle=134 transfers_lock_wait_us=0 lookup_us=0 transport_us=44 total_us=44 api_status=0 transfer_status=1 [21272,21285][transport_manager.cpp:716,GetStatus]
[2026-08-24 20:57:17.135697][UC][I] [PERF] component=transport event=transfer_done manager=127.0.0.1:8000 target=127.0.0.1:4500 handle=134 transport_handle=134 opcode=1 direct=2 segments=1 bytes=10 status=1 api_status=0 submitted_ts_us=1787576237135643 completed_ts_us=1787576237135696 manager_get_status_ts_us=1787576237135647 backend_query_ts_us=1787576237135653 submit_us=133 transfer_us=53 manager_to_backend_query_us=6 total_us=186 [21272,21285][transport_manager.cpp:727,GetStatus]
[2026-08-24 20:57:17.135708][UC][I] [PERF] component=drampool event=request_done request_id=19 opcode=0 peer=127.0.0.1:4500 batch_size=2 data_bytes=0 failed_items=0 status=SUCCESS failed_stage=NONE received_ts_us=1787576237135335 worker_started_ts_us=1787576237135400 data_transfer_submitted_ts_us=0 data_transfer_completed_ts_us=0 response_submitted_ts_us=1787576237135646 completed_ts_us=1787576237135706 data_tm_execute_async_ts_us=0 data_hixl_execute_async_ts_us=0 data_tm_get_status_ts_us=0 data_hixl_query_handle_ts_us=0 response_tm_execute_async_ts_us=1787576237135509 response_hixl_execute_async_ts_us=1787576237135515 response_tm_get_status_ts_us=1787576237135647 response_hixl_query_handle_ts_us=1787576237135653 request_queue_us=65 metadata_prepare_us=0 taskworker_prepare_us=1 poller_queue_us=106 data_transfer_us=0 metadata_settle_us=0 response_slot_wait_us=107 response_submit_us=138 response_transfer_us=59 data_tm_to_hixl_execute_async_us=0 data_tm_to_hixl_query_handle_us=0 response_tm_to_hixl_execute_async_us=6 response_tm_to_hixl_query_handle_us=6 total_us=371 [21272,21285][completion_poller.cc:56,LogRequestDone]
[HIXL_PERF] event=hccl_batch op=1 desc_num=1 hccl_us=68 status=0
[HIXL_PERF] event=issue_hccl_batch op=1 list_num=1 total_us=85
[HIXL_PERF] event=issue_async_host_flag op=1 list_num=1 context_us=0 hccl_issue_us=87 flag_memcpy_us=6 total_us=93
[HIXL_PERF] event=comm_channel_async op=1 list_num=1 mutex_wait_us=0 slot_us=0 host_flag_us=0 record_us=1 issue_us=95 total_us=96
[HIXL_PERF] event=adxl_inner_async op=1 list_num=1 context_us=0 connect_us=0 get_channel_us=1 channel_async_us=98 tail_us=1 total_us=100
[HIXL_PERF] event=comm_engine_async op=1 list_num=1 desc_build_us=0 inner_us=106 total_us=106 status=0
[2026-08-24 20:57:17.136147][UC][I] [HIXL_WORKER_PERF] task_id=411 queue_depth=1 enqueue_lock_wait_us=1 enqueue_us=0 queue_wait_us=6 execute_us=110 result_post_us=6 total_us=123 status=0 [21272,21285][hixl_instance.cpp:107,Run]
[2026-08-24 20:57:17.136154][UC][I] [PERF] component=transport event=transfer_submitted manager=127.0.0.1:8000 target=127.0.0.1:4500 handle=135 transport_handle=135 opcode=1 direct=2 segments=1 bytes=10 submitted_ts_us=1787576237136154 manager_execute_async_ts_us=1787576237136023 backend_execute_async_ts_us=1787576237136031 manager_to_backend_execute_async_us=7 submit_us=130 [21272,21285][transport_manager.cpp:674,ExecuteAsync]
[HIXL_QUERY_PERF] layer=comm_channel request=0x4f mutex_wait_us=0 check_us=1 lookup_us=0 flag_check_us=0 complete_us=1 total_us=2 transfer_status=1
[HIXL_QUERY_PERF] layer=adxl_inner request=0x4f context_us=1 req_lock_wait_us=0 lookup_us=0 channel_us=6 cleanup_us=0 total_us=7 status=0 transfer_status=1
[HIXL_QUERY_PERF] layer=comm_engine request=0x4f total_us=9 status=0 transfer_status=1
[2026-08-24 20:57:17.136180][UC][I] [HIXL_WORKER_PERF] task_id=412 queue_depth=1 enqueue_lock_wait_us=1 enqueue_us=0 queue_wait_us=5 execute_us=11 result_post_us=4 total_us=21 status=0 [21272,21285][hixl_instance.cpp:107,Run]
[2026-08-24 20:57:17.136187][UC][I] [QUERY_PERF] component=ucm layer=hixl_instance request=0x4f queue_wait_us=6 backend_us=11 run_post_us=11 total_us=28 api_status=0 transfer_status=1 [21272,21285][hixl_instance.cpp:370,GetTransferStatus]
[2026-08-24 20:57:17.136191][UC][I] [QUERY_PERF] component=ucm layer=hixl_transport handle=135 request=0x4f lifecycle_lock_us=0 pending_lock_wait_us=0 pending_lookup_us=0 instance_us=32 erase_us=0 total_us=32 transfer_status=1 [21272,21285][hixl_transport.cpp:734,GetStatus]
[2026-08-24 20:57:17.136196][UC][I] [QUERY_PERF] component=ucm layer=transport_manager handle=135 transport_handle=135 transfers_lock_wait_us=0 lookup_us=0 transport_us=38 total_us=38 api_status=0 transfer_status=1 [21272,21285][transport_manager.cpp:716,GetStatus]
[2026-08-24 20:57:17.136201][UC][I] [PERF] component=transport event=transfer_done manager=127.0.0.1:8000 target=127.0.0.1:4500 handle=135 transport_handle=135 opcode=1 direct=2 segments=1 bytes=10 status=1 api_status=0 submitted_ts_us=1787576237136154 completed_ts_us=1787576237136200 manager_get_status_ts_us=1787576237136158 backend_query_ts_us=1787576237136164 submit_us=130 transfer_us=46 manager_to_backend_query_us=6 total_us=176 [21272,21285][transport_manager.cpp:727,GetStatus]
[2026-08-24 20:57:17.136208][UC][I] [PERF] component=drampool event=request_done request_id=20 opcode=0 peer=127.0.0.1:4500 batch_size=2 data_bytes=0 failed_items=0 status=SUCCESS failed_stage=NONE received_ts_us=1787576237135942 worker_started_ts_us=1787576237136013 data_transfer_submitted_ts_us=0 data_transfer_completed_ts_us=0 response_submitted_ts_us=1787576237136157 completed_ts_us=1787576237136206 data_tm_execute_async_ts_us=0 data_hixl_execute_async_ts_us=0 data_tm_get_status_ts_us=0 data_hixl_query_handle_ts_us=0 response_tm_execute_async_ts_us=1787576237136023 response_hixl_execute_async_ts_us=1787576237136031 response_tm_get_status_ts_us=1787576237136158 response_hixl_query_handle_ts_us=1787576237136164 request_queue_us=71 metadata_prepare_us=0 taskworker_prepare_us=2 poller_queue_us=7 data_transfer_us=0 metadata_settle_us=0 response_slot_wait_us=8 response_submit_us=135 response_transfer_us=49 data_tm_to_hixl_execute_async_us=0 data_tm_to_hixl_query_handle_us=0 response_tm_to_hixl_execute_async_us=7 response_tm_to_hixl_query_handle_us=6 total_us=264 [21272,21285][completion_poller.cc:56,LogRequestDone]
[HIXL_PERF] event=hccl_batch op=1 desc_num=1 hccl_us=65 status=0
[HIXL_PERF] event=issue_hccl_batch op=1 list_num=1 total_us=77
[HIXL_PERF] event=issue_async_host_flag op=1 list_num=1 context_us=0 hccl_issue_us=78 flag_memcpy_us=5 total_us=83
[HIXL_PERF] event=comm_channel_async op=1 list_num=1 mutex_wait_us=0 slot_us=0 host_flag_us=0 record_us=1 issue_us=88 total_us=89
[HIXL_PERF] event=adxl_inner_async op=1 list_num=1 context_us=0 connect_us=0 get_channel_us=1 channel_async_us=91 tail_us=1 total_us=93
[HIXL_PERF] event=comm_engine_async op=1 list_num=1 desc_build_us=0 inner_us=95 total_us=95 status=0
[2026-08-24 20:57:17.136639][UC][I] [HIXL_WORKER_PERF] task_id=413 queue_depth=1 enqueue_lock_wait_us=0 enqueue_us=0 queue_wait_us=4 execute_us=101 result_post_us=5 total_us=110 status=0 [21272,21285][hixl_instance.cpp:107,Run]
[2026-08-24 20:57:17.136646][UC][I] [PERF] component=transport event=transfer_submitted manager=127.0.0.1:8000 target=127.0.0.1:4500 handle=136 transport_handle=136 opcode=1 direct=2 segments=1 bytes=10 submitted_ts_us=1787576237136645 manager_execute_async_ts_us=1787576237136527 backend_execute_async_ts_us=1787576237136533 manager_to_backend_execute_async_us=6 submit_us=119 [21272,21285][transport_manager.cpp:674,ExecuteAsync]
[HIXL_QUERY_PERF] layer=comm_channel request=0x50 mutex_wait_us=0 check_us=0 lookup_us=0 flag_check_us=0 complete_us=0 total_us=0 transfer_status=0
[HIXL_QUERY_PERF] layer=adxl_inner request=0x50 context_us=0 req_lock_wait_us=0 lookup_us=1 channel_us=4 cleanup_us=0 total_us=5 status=0 transfer_status=0
[HIXL_QUERY_PERF] layer=comm_engine request=0x50 total_us=10 status=0 transfer_status=0
[2026-08-24 20:57:17.136673][UC][I] [HIXL_WORKER_PERF] task_id=414 queue_depth=1 enqueue_lock_wait_us=0 enqueue_us=1 queue_wait_us=4 execute_us=13 result_post_us=5 total_us=23 status=0 [21272,21285][hixl_instance.cpp:107,Run]
[2026-08-24 20:57:17.136680][UC][I] [QUERY_PERF] component=ucm layer=hixl_instance request=0x50 queue_wait_us=5 backend_us=13 run_post_us=11 total_us=29 api_status=0 transfer_status=0 [21272,21285][hixl_instance.cpp:370,GetTransferStatus]
[2026-08-24 20:57:17.136683][UC][I] [QUERY_PERF] component=ucm layer=hixl_transport handle=136 request=0x50 lifecycle_lock_us=0 pending_lock_wait_us=0 pending_lookup_us=0 instance_us=33 erase_us=0 total_us=33 transfer_status=0 [21272,21285][hixl_transport.cpp:734,GetStatus]
[2026-08-24 20:57:17.136687][UC][I] [QUERY_PERF] component=ucm layer=transport_manager handle=136 transport_handle=136 transfers_lock_wait_us=0 lookup_us=0 transport_us=36 total_us=36 api_status=0 transfer_status=0 [21272,21285][transport_manager.cpp:716,GetStatus]
[HIXL_QUERY_PERF] layer=comm_channel request=0x50 mutex_wait_us=0 check_us=0 lookup_us=0 flag_check_us=0 complete_us=2 total_us=2 transfer_status=1
[HIXL_QUERY_PERF] layer=adxl_inner request=0x50 context_us=0 req_lock_wait_us=0 lookup_us=1 channel_us=7 cleanup_us=1 total_us=9 status=0 transfer_status=1
[HIXL_QUERY_PERF] layer=comm_engine request=0x50 total_us=14 status=0 transfer_status=1
[2026-08-24 20:57:17.136717][UC][I] [HIXL_WORKER_PERF] task_id=415 queue_depth=1 enqueue_lock_wait_us=0 enqueue_us=0 queue_wait_us=4 execute_us=16 result_post_us=5 total_us=25 status=0 [21272,21285][hixl_instance.cpp:107,Run]
[2026-08-24 20:57:17.136723][UC][I] [QUERY_PERF] component=ucm layer=hixl_instance request=0x50 queue_wait_us=4 backend_us=16 run_post_us=11 total_us=31 api_status=0 transfer_status=1 [21272,21285][hixl_instance.cpp:370,GetTransferStatus]
[2026-08-24 20:57:17.136727][UC][I] [QUERY_PERF] component=ucm layer=hixl_transport handle=136 request=0x50 lifecycle_lock_us=0 pending_lock_wait_us=0 pending_lookup_us=0 instance_us=34 erase_us=0 total_us=34 transfer_status=1 [21272,21285][hixl_transport.cpp:734,GetStatus]
[2026-08-24 20:57:17.136731][UC][I] [QUERY_PERF] component=ucm layer=transport_manager handle=136 transport_handle=136 transfers_lock_wait_us=0 lookup_us=1 transport_us=38 total_us=39 api_status=0 transfer_status=1 [21272,21285][transport_manager.cpp:716,GetStatus]
[2026-08-24 20:57:17.136736][UC][I] [PERF] component=transport event=transfer_done manager=127.0.0.1:8000 target=127.0.0.1:4500 handle=136 transport_handle=136 opcode=1 direct=2 segments=1 bytes=10 status=1 api_status=0 submitted_ts_us=1787576237136645 completed_ts_us=1787576237136736 manager_get_status_ts_us=1787576237136691 backend_query_ts_us=1787576237136696 submit_us=119 transfer_us=90 manager_to_backend_query_us=5 total_us=209 [21272,21285][transport_manager.cpp:727,GetStatus]
[2026-08-24 20:57:17.136748][UC][I] [PERF] component=drampool event=request_done request_id=21 opcode=0 peer=127.0.0.1:4500 batch_size=2 data_bytes=0 failed_items=0 status=SUCCESS failed_stage=NONE received_ts_us=1787576237136413 worker_started_ts_us=1787576237136472 data_transfer_submitted_ts_us=0 data_transfer_completed_ts_us=0 response_submitted_ts_us=1787576237136649 completed_ts_us=1787576237136746 data_tm_execute_async_ts_us=0 data_hixl_execute_async_ts_us=0 data_tm_get_status_ts_us=0 data_hixl_query_handle_ts_us=0 response_tm_execute_async_ts_us=1787576237136527 response_hixl_execute_async_ts_us=1787576237136533 response_tm_get_status_ts_us=1787576237136691 response_hixl_query_handle_ts_us=1787576237136696 request_queue_us=59 metadata_prepare_us=0 taskworker_prepare_us=1 poller_queue_us=52 data_transfer_us=0 metadata_settle_us=0 response_slot_wait_us=52 response_submit_us=124 response_transfer_us=96 data_tm_to_hixl_execute_async_us=0 data_tm_to_hixl_query_handle_us=0 response_tm_to_hixl_execute_async_us=6 response_tm_to_hixl_query_handle_us=5 total_us=333 [21272,21285][completion_poller.cc:56,LogRequestDone]
[HIXL_PERF] event=hccl_batch op=1 desc_num=1 hccl_us=64 status=0
[HIXL_PERF] event=issue_hccl_batch op=1 list_num=1 total_us=72
[HIXL_PERF] event=issue_async_host_flag op=1 list_num=1 context_us=0 hccl_issue_us=75 flag_memcpy_us=5 total_us=80
[HIXL_PERF] event=comm_channel_async op=1 list_num=1 mutex_wait_us=0 slot_us=0 host_flag_us=0 record_us=1 issue_us=83 total_us=84
[HIXL_PERF] event=adxl_inner_async op=1 list_num=1 context_us=1 connect_us=0 get_channel_us=0 channel_async_us=86 tail_us=0 total_us=87
[HIXL_PERF] event=comm_engine_async op=1 list_num=1 desc_build_us=0 inner_us=89 total_us=89 status=0
[2026-08-24 20:57:17.137172][UC][I] [HIXL_WORKER_PERF] task_id=416 queue_depth=1 enqueue_lock_wait_us=0 enqueue_us=0 queue_wait_us=5 execute_us=94 result_post_us=5 total_us=104 status=0 [21272,21285][hixl_instance.cpp:107,Run]
[2026-08-24 20:57:17.137178][UC][I] [PERF] component=transport event=transfer_submitted manager=127.0.0.1:8000 target=127.0.0.1:4500 handle=137 transport_handle=137 opcode=1 direct=2 segments=1 bytes=10 submitted_ts_us=1787576237137177 manager_execute_async_ts_us=1787576237137065 backend_execute_async_ts_us=1787576237137072 manager_to_backend_execute_async_us=6 submit_us=112 [21272,21285][transport_manager.cpp:674,ExecuteAsync]
[HIXL_QUERY_PERF] layer=comm_channel request=0x51 mutex_wait_us=0 check_us=0 lookup_us=0 flag_check_us=0 complete_us=2 total_us=2 transfer_status=1
[HIXL_QUERY_PERF] layer=adxl_inner request=0x51 context_us=1 req_lock_wait_us=0 lookup_us=1 channel_us=7 cleanup_us=0 total_us=9 status=0 transfer_status=1
[HIXL_QUERY_PERF] layer=comm_engine request=0x51 total_us=12 status=0 transfer_status=1
[2026-08-24 20:57:17.137208][UC][I] [HIXL_WORKER_PERF] task_id=417 queue_depth=1 enqueue_lock_wait_us=0 enqueue_us=0 queue_wait_us=5 execute_us=15 result_post_us=5 total_us=25 status=0 [21272,21285][hixl_instance.cpp:107,Run]
[2026-08-24 20:57:17.137214][UC][I] [QUERY_PERF] component=ucm layer=hixl_instance request=0x51 queue_wait_us=6 backend_us=15 run_post_us=11 total_us=32 api_status=0 transfer_status=1 [21272,21285][hixl_instance.cpp:370,GetTransferStatus]
[2026-08-24 20:57:17.137219][UC][I] [QUERY_PERF] component=ucm layer=hixl_transport handle=137 request=0x51 lifecycle_lock_us=0 pending_lock_wait_us=0 pending_lookup_us=0 instance_us=36 erase_us=0 total_us=36 transfer_status=1 [21272,21285][hixl_transport.cpp:734,GetStatus]
[2026-08-24 20:57:17.137223][UC][I] [QUERY_PERF] component=ucm layer=transport_manager handle=137 transport_handle=137 transfers_lock_wait_us=0 lookup_us=0 transport_us=41 total_us=41 api_status=0 transfer_status=1 [21272,21285][transport_manager.cpp:716,GetStatus]
[2026-08-24 20:57:17.137227][UC][I] [PERF] component=transport event=transfer_done manager=127.0.0.1:8000 target=127.0.0.1:4500 handle=137 transport_handle=137 opcode=1 direct=2 segments=1 bytes=10 status=1 api_status=0 submitted_ts_us=1787576237137177 completed_ts_us=1787576237137226 manager_get_status_ts_us=1787576237137182 backend_query_ts_us=1787576237137188 submit_us=112 transfer_us=49 manager_to_backend_query_us=6 total_us=161 [21272,21285][transport_manager.cpp:727,GetStatus]
[2026-08-24 20:57:17.137236][UC][I] [PERF] component=drampool event=request_done request_id=22 opcode=0 peer=127.0.0.1:4500 batch_size=2 data_bytes=0 failed_items=0 status=SUCCESS failed_stage=NONE received_ts_us=1787576237136887 worker_started_ts_us=1787576237136931 data_transfer_submitted_ts_us=0 data_transfer_completed_ts_us=0 response_submitted_ts_us=1787576237137181 completed_ts_us=1787576237137235 data_tm_execute_async_ts_us=0 data_hixl_execute_async_ts_us=0 data_tm_get_status_ts_us=0 data_hixl_query_handle_ts_us=0 response_tm_execute_async_ts_us=1787576237137065 response_hixl_execute_async_ts_us=1787576237137072 response_tm_get_status_ts_us=1787576237137182 response_hixl_query_handle_ts_us=1787576237137188 request_queue_us=43 metadata_prepare_us=0 taskworker_prepare_us=1 poller_queue_us=132 data_transfer_us=0 metadata_settle_us=0 response_slot_wait_us=132 response_submit_us=118 response_transfer_us=52 data_tm_to_hixl_execute_async_us=0 data_tm_to_hixl_query_handle_us=0 response_tm_to_hixl_execute_async_us=6 response_tm_to_hixl_query_handle_us=6 total_us=347 [21272,21285][completion_poller.cc:56,LogRequestDone]
[HIXL_PERF] event=hccl_batch op=1 desc_num=1 hccl_us=63 status=0
[HIXL_PERF] event=issue_hccl_batch op=1 list_num=1 total_us=88
[HIXL_PERF] event=issue_async_host_flag op=1 list_num=1 context_us=0 hccl_issue_us=90 flag_memcpy_us=5 total_us=95
[HIXL_PERF] event=comm_channel_async op=1 list_num=1 mutex_wait_us=0 slot_us=0 host_flag_us=0 record_us=1 issue_us=97 total_us=98
[HIXL_PERF] event=adxl_inner_async op=1 list_num=1 context_us=1 connect_us=0 get_channel_us=0 channel_async_us=101 tail_us=0 total_us=102
[HIXL_PERF] event=comm_engine_async op=1 list_num=1 desc_build_us=0 inner_us=104 total_us=104 status=0
[2026-08-24 20:57:17.137674][UC][I] [HIXL_WORKER_PERF] task_id=418 queue_depth=1 enqueue_lock_wait_us=0 enqueue_us=0 queue_wait_us=5 execute_us=109 result_post_us=5 total_us=119 status=0 [21272,21285][hixl_instance.cpp:107,Run]
[2026-08-24 20:57:17.137680][UC][I] [PERF] component=transport event=transfer_submitted manager=127.0.0.1:8000 target=127.0.0.1:4500 handle=138 transport_handle=138 opcode=1 direct=2 segments=1 bytes=10 submitted_ts_us=1787576237137679 manager_execute_async_ts_us=1787576237137552 backend_execute_async_ts_us=1787576237137559 manager_to_backend_execute_async_us=6 submit_us=126 [21272,21285][transport_manager.cpp:674,ExecuteAsync]
[HIXL_QUERY_PERF] layer=comm_channel request=0x52 mutex_wait_us=0 check_us=0 lookup_us=0 flag_check_us=1 complete_us=1 total_us=2 transfer_status=1
[HIXL_QUERY_PERF] layer=adxl_inner request=0x52 context_us=0 req_lock_wait_us=1 lookup_us=0 channel_us=5 cleanup_us=0 total_us=6 status=0 transfer_status=1
[HIXL_QUERY_PERF] layer=comm_engine request=0x52 total_us=9 status=0 transfer_status=1
[2026-08-24 20:57:17.137704][UC][I] [HIXL_WORKER_PERF] task_id=419 queue_depth=1 enqueue_lock_wait_us=0 enqueue_us=0 queue_wait_us=4 execute_us=11 result_post_us=4 total_us=19 status=0 [21272,21285][hixl_instance.cpp:107,Run]
[2026-08-24 20:57:17.137710][UC][I] [QUERY_PERF] component=ucm layer=hixl_instance request=0x52 queue_wait_us=6 backend_us=10 run_post_us=10 total_us=26 api_status=0 transfer_status=1 [21272,21285][hixl_instance.cpp:370,GetTransferStatus]
[2026-08-24 20:57:17.137716][UC][I] [QUERY_PERF] component=ucm layer=hixl_transport handle=138 request=0x52 lifecycle_lock_us=0 pending_lock_wait_us=0 pending_lookup_us=0 instance_us=33 erase_us=0 total_us=33 transfer_status=1 [21272,21285][hixl_transport.cpp:734,GetStatus]
[2026-08-24 20:57:17.137720][UC][I] [QUERY_PERF] component=ucm layer=transport_manager handle=138 transport_handle=138 transfers_lock_wait_us=0 lookup_us=0 transport_us=37 total_us=37 api_status=0 transfer_status=1 [21272,21285][transport_manager.cpp:716,GetStatus]
[2026-08-24 20:57:17.137728][UC][I] [PERF] component=transport event=transfer_done manager=127.0.0.1:8000 target=127.0.0.1:4500 handle=138 transport_handle=138 opcode=1 direct=2 segments=1 bytes=10 status=1 api_status=0 submitted_ts_us=1787576237137679 completed_ts_us=1787576237137727 manager_get_status_ts_us=1787576237137683 backend_query_ts_us=1787576237137688 submit_us=126 transfer_us=48 manager_to_backend_query_us=6 total_us=174 [21272,21285][transport_manager.cpp:727,GetStatus]
[2026-08-24 20:57:17.137735][UC][I] [PERF] component=drampool event=request_done request_id=23 opcode=0 peer=127.0.0.1:4500 batch_size=2 data_bytes=0 failed_items=0 status=SUCCESS failed_stage=NONE received_ts_us=1787576237137487 worker_started_ts_us=1787576237137542 data_transfer_submitted_ts_us=0 data_transfer_completed_ts_us=0 response_submitted_ts_us=1787576237137682 completed_ts_us=1787576237137733 data_tm_execute_async_ts_us=0 data_hixl_execute_async_ts_us=0 data_tm_get_status_ts_us=0 data_hixl_query_handle_ts_us=0 response_tm_execute_async_ts_us=1787576237137552 response_hixl_execute_async_ts_us=1787576237137559 response_tm_get_status_ts_us=1787576237137683 response_hixl_query_handle_ts_us=1787576237137688 request_queue_us=55 metadata_prepare_us=0 taskworker_prepare_us=2 poller_queue_us=7 data_transfer_us=0 metadata_settle_us=0 response_slot_wait_us=9 response_submit_us=130 response_transfer_us=51 data_tm_to_hixl_execute_async_us=0 data_tm_to_hixl_query_handle_us=0 response_tm_to_hixl_execute_async_us=6 response_tm_to_hixl_query_handle_us=6 total_us=246 [21272,21285][completion_poller.cc:56,LogRequestDone]
[HIXL_PERF] event=hccl_batch op=1 desc_num=1 hccl_us=57 status=0
[HIXL_PERF] event=issue_hccl_batch op=1 list_num=1 total_us=69
[HIXL_PERF] event=issue_async_host_flag op=1 list_num=1 context_us=0 hccl_issue_us=71 flag_memcpy_us=5 total_us=76
[HIXL_PERF] event=comm_channel_async op=1 list_num=1 mutex_wait_us=0 slot_us=0 host_flag_us=0 record_us=1 issue_us=78 total_us=79
[HIXL_PERF] event=adxl_inner_async op=1 list_num=1 context_us=1 connect_us=0 get_channel_us=0 channel_async_us=81 tail_us=0 total_us=82
[HIXL_PERF] event=comm_engine_async op=1 list_num=1 desc_build_us=0 inner_us=84 total_us=84 status=0
[2026-08-24 20:57:17.138146][UC][I] [HIXL_WORKER_PERF] task_id=420 queue_depth=1 enqueue_lock_wait_us=1 enqueue_us=0 queue_wait_us=4 execute_us=89 result_post_us=5 total_us=99 status=0 [21272,21285][hixl_instance.cpp:107,Run]
[2026-08-24 20:57:17.138152][UC][I] [PERF] component=transport event=transfer_submitted manager=127.0.0.1:8000 target=127.0.0.1:4500 handle=139 transport_handle=139 opcode=1 direct=2 segments=1 bytes=10 submitted_ts_us=1787576237138152 manager_execute_async_ts_us=1787576237138045 backend_execute_async_ts_us=1787576237138051 manager_to_backend_execute_async_us=5 submit_us=106 [21272,21285][transport_manager.cpp:674,ExecuteAsync]
[HIXL_QUERY_PERF] layer=comm_channel request=0x53 mutex_wait_us=0 check_us=0 lookup_us=0 flag_check_us=0 complete_us=2 total_us=2 transfer_status=1
[HIXL_QUERY_PERF] layer=adxl_inner request=0x53 context_us=0 req_lock_wait_us=0 lookup_us=1 channel_us=5 cleanup_us=0 total_us=6 status=0 transfer_status=1
[HIXL_QUERY_PERF] layer=comm_engine request=0x53 total_us=10 status=0 transfer_status=1
[2026-08-24 20:57:17.138182][UC][I] [HIXL_WORKER_PERF] task_id=421 queue_depth=1 enqueue_lock_wait_us=1 enqueue_us=0 queue_wait_us=4 execute_us=13 result_post_us=4 total_us=22 status=0 [21272,21285][hixl_instance.cpp:107,Run]
[2026-08-24 20:57:17.138190][UC][I] [QUERY_PERF] component=ucm layer=hixl_instance request=0x53 queue_wait_us=5 backend_us=13 run_post_us=11 total_us=29 api_status=0 transfer_status=1 [21272,21285][hixl_instance.cpp:370,GetTransferStatus]
[2026-08-24 20:57:17.138196][UC][I] [QUERY_PERF] component=ucm layer=hixl_transport handle=139 request=0x53 lifecycle_lock_us=0 pending_lock_wait_us=0 pending_lookup_us=0 instance_us=35 erase_us=0 total_us=35 transfer_status=1 [21272,21285][hixl_transport.cpp:734,GetStatus]
[2026-08-24 20:57:17.138201][UC][I] [QUERY_PERF] component=ucm layer=transport_manager handle=139 transport_handle=139 transfers_lock_wait_us=0 lookup_us=0 transport_us=41 total_us=41 api_status=0 transfer_status=1 [21272,21285][transport_manager.cpp:716,GetStatus]
[2026-08-24 20:57:17.138207][UC][I] [PERF] component=transport event=transfer_done manager=127.0.0.1:8000 target=127.0.0.1:4500 handle=139 transport_handle=139 opcode=1 direct=2 segments=1 bytes=10 status=1 api_status=0 submitted_ts_us=1787576237138152 completed_ts_us=1787576237138206 manager_get_status_ts_us=1787576237138160 backend_query_ts_us=1787576237138165 submit_us=106 transfer_us=54 manager_to_backend_query_us=5 total_us=160 [21272,21285][transport_manager.cpp:727,GetStatus]
[2026-08-24 20:57:17.138211][UC][I] [PERF] component=drampool event=request_done request_id=24 opcode=0 peer=127.0.0.1:4500 batch_size=2 data_bytes=0 failed_items=0 status=SUCCESS failed_stage=NONE received_ts_us=1787576237137959 worker_started_ts_us=1787576237138001 data_transfer_submitted_ts_us=0 data_transfer_completed_ts_us=0 response_submitted_ts_us=1787576237138159 completed_ts_us=1787576237138209 data_tm_execute_async_ts_us=0 data_hixl_execute_async_ts_us=0 data_tm_get_status_ts_us=0 data_hixl_query_handle_ts_us=0 response_tm_execute_async_ts_us=1787576237138045 response_hixl_execute_async_ts_us=1787576237138051 response_tm_get_status_ts_us=1787576237138160 response_hixl_query_handle_ts_us=1787576237138165 request_queue_us=43 metadata_prepare_us=0 taskworker_prepare_us=1 poller_queue_us=41 data_transfer_us=0 metadata_settle_us=0 response_slot_wait_us=42 response_submit_us=114 response_transfer_us=50 data_tm_to_hixl_execute_async_us=0 data_tm_to_hixl_query_handle_us=0 response_tm_to_hixl_execute_async_us=5 response_tm_to_hixl_query_handle_us=5 total_us=251 [21272,21285][completion_poller.cc:56,LogRequestDone]
[2026-08-24 20:57:17.315273][UC][E] TaskWorker ProcessOneRequest failed: -50000, DUMP response exceeds configured flag buffer slot size [21272,21286][task_worker.cc:52,Run]
[2026-08-24 20:57:17.315305][UC][E] TaskWorker ProcessOneRequest failed: -50000, DUMP response exceeds configured flag buffer slot size [21272,21286][task_worker.cc:52,Run]
[2026-08-24 20:57:17.315311][UC][E] TaskWorker ProcessOneRequest failed: -50000, DUMP response exceeds configured flag buffer slot size [21272,21286][task_worker.cc:52,Run]
[2026-08-24 20:57:17.315317][UC][E] TaskWorker ProcessOneRequest failed: -50000, DUMP response exceeds configured flag buffer slot size [21272,21286][task_worker.cc:52,Run]
[2026-08-24 20:57:17.315322][UC][E] TaskWorker ProcessOneRequest failed: -50000, DUMP response exceeds configured flag buffer slot size [21272,21286][task_worker.cc:52,Run]
[2026-08-24 20:57:17.315326][UC][E] TaskWorker ProcessOneRequest failed: -50000, DUMP response exceeds configured flag buffer slot size [21272,21286][task_worker.cc:52,Run]
[HIXL_PERF] event=hccl_batch op=0 desc_num=96 hccl_us=195 status=0
[HIXL_PERF] event=issue_hccl_batch op=0 list_num=96 total_us=207
[HIXL_PERF] event=issue_async_host_flag op=0 list_num=96 context_us=1 hccl_issue_us=210 flag_memcpy_us=7 total_us=218
[HIXL_PERF] event=comm_channel_async op=0 list_num=96 mutex_wait_us=0 slot_us=2 host_flag_us=1 record_us=0 issue_us=223 total_us=226
[HIXL_PERF] event=adxl_inner_async op=0 list_num=96 context_us=2 connect_us=1 get_channel_us=1 channel_async_us=229 tail_us=1 total_us=234
[HIXL_PERF] event=comm_engine_async op=0 list_num=96 desc_build_us=1 inner_us=237 total_us=238 status=0
[2026-08-24 20:57:17.315708][UC][I] [HIXL_WORKER_PERF] task_id=422 queue_depth=1 enqueue_lock_wait_us=1 enqueue_us=0 queue_wait_us=11 execute_us=245 result_post_us=8 total_us=265 status=0 [21272,21286][hixl_instance.cpp:107,Run]
[2026-08-24 20:57:17.315721][UC][I] [PERF] component=transport event=transfer_submitted manager=127.0.0.1:8000 target=127.0.0.1:4501 handle=140 transport_handle=140 opcode=0 direct=2 segments=96 bytes=7077888 submitted_ts_us=1787576237315719 manager_execute_async_ts_us=1787576237315434 backend_execute_async_ts_us=1787576237315456 manager_to_backend_execute_async_us=22 submit_us=282 [21272,21286][transport_manager.cpp:674,ExecuteAsync]
[HIXL_QUERY_PERF] layer=comm_channel request=0x54 mutex_wait_us=0 check_us=0 lookup_us=1 flag_check_us=0 complete_us=0 total_us=1 transfer_status=0
[HIXL_QUERY_PERF] layer=adxl_inner request=0x54 context_us=1 req_lock_wait_us=0 lookup_us=1 channel_us=7 cleanup_us=0 total_us=9 status=0 transfer_status=0
[HIXL_QUERY_PERF] layer=comm_engine request=0x54 total_us=12 status=0 transfer_status=0
[2026-08-24 20:57:17.315858][UC][I] [HIXL_WORKER_PERF] task_id=423 queue_depth=1 enqueue_lock_wait_us=0 enqueue_us=1 queue_wait_us=5 execute_us=15 result_post_us=6 total_us=27 status=0 [21272,21285][hixl_instance.cpp:107,Run]
[2026-08-24 20:57:17.315881][UC][I] [QUERY_PERF] component=ucm layer=hixl_instance request=0x54 queue_wait_us=6 backend_us=15 run_post_us=28 total_us=49 api_status=0 transfer_status=0 [21272,21285][hixl_instance.cpp:370,GetTransferStatus]
[2026-08-24 20:57:17.315887][UC][I] [QUERY_PERF] component=ucm layer=hixl_transport handle=140 request=0x54 lifecycle_lock_us=0 pending_lock_wait_us=0 pending_lookup_us=0 instance_us=57 erase_us=0 total_us=57 transfer_status=0 [21272,21285][hixl_transport.cpp:734,GetStatus]
[2026-08-24 20:57:17.315891][UC][I] [QUERY_PERF] component=ucm layer=transport_manager handle=140 transport_handle=140 transfers_lock_wait_us=0 lookup_us=0 transport_us=62 total_us=62 api_status=0 transfer_status=0 [21272,21285][transport_manager.cpp:716,GetStatus]
[HIXL_QUERY_PERF] layer=comm_channel request=0x54 mutex_wait_us=0 check_us=0 lookup_us=0 flag_check_us=0 complete_us=0 total_us=0 transfer_status=0
[HIXL_QUERY_PERF] layer=adxl_inner request=0x54 context_us=1 req_lock_wait_us=0 lookup_us=0 channel_us=4 cleanup_us=0 total_us=5 status=0 transfer_status=0
[HIXL_QUERY_PERF] layer=comm_engine request=0x54 total_us=7 status=0 transfer_status=0
[2026-08-24 20:57:17.315913][UC][I] [HIXL_WORKER_PERF] task_id=424 queue_depth=1 enqueue_lock_wait_us=0 enqueue_us=1 queue_wait_us=5 execute_us=8 result_post_us=5 total_us=19 status=0 [21272,21285][hixl_instance.cpp:107,Run]
[2026-08-24 20:57:17.315918][UC][I] [QUERY_PERF] component=ucm layer=hixl_instance request=0x54 queue_wait_us=6 backend_us=8 run_post_us=9 total_us=23 api_status=0 transfer_status=0 [21272,21285][hixl_instance.cpp:370,GetTransferStatus]
[2026-08-24 20:57:17.315921][UC][I] [QUERY_PERF] component=ucm layer=hixl_transport handle=140 request=0x54 lifecycle_lock_us=0 pending_lock_wait_us=0 pending_lookup_us=0 instance_us=26 erase_us=0 total_us=26 transfer_status=0 [21272,21285][hixl_transport.cpp:734,GetStatus]
[2026-08-24 20:57:17.315923][UC][I] [QUERY_PERF] component=ucm layer=transport_manager handle=140 transport_handle=140 transfers_lock_wait_us=0 lookup_us=0 transport_us=29 total_us=29 api_status=0 transfer_status=0 [21272,21285][transport_manager.cpp:716,GetStatus]
[HIXL_QUERY_PERF] layer=comm_channel request=0x54 mutex_wait_us=0 check_us=0 lookup_us=0 flag_check_us=0 complete_us=4 total_us=4 transfer_status=1
[HIXL_QUERY_PERF] layer=adxl_inner request=0x54 context_us=1 req_lock_wait_us=0 lookup_us=0 channel_us=10 cleanup_us=1 total_us=12 status=0 transfer_status=1
[HIXL_QUERY_PERF] layer=comm_engine request=0x54 total_us=16 status=0 transfer_status=1
[2026-08-24 20:57:17.316068][UC][I] [HIXL_WORKER_PERF] task_id=425 queue_depth=1 enqueue_lock_wait_us=1 enqueue_us=0 queue_wait_us=115 execute_us=20 result_post_us=5 total_us=141 status=0 [21272,21285][hixl_instance.cpp:107,Run]
[2026-08-24 20:57:17.316075][UC][I] [QUERY_PERF] component=ucm layer=hixl_instance request=0x54 queue_wait_us=116 backend_us=20 run_post_us=12 total_us=148 api_status=0 transfer_status=1 [21272,21285][hixl_instance.cpp:370,GetTransferStatus]
[2026-08-24 20:57:17.316079][UC][I] [QUERY_PERF] component=ucm layer=hixl_transport handle=140 request=0x54 lifecycle_lock_us=0 pending_lock_wait_us=0 pending_lookup_us=0 instance_us=151 erase_us=1 total_us=152 transfer_status=1 [21272,21285][hixl_transport.cpp:734,GetStatus]
[2026-08-24 20:57:17.316086][UC][I] [QUERY_PERF] component=ucm layer=transport_manager handle=140 transport_handle=140 transfers_lock_wait_us=0 lookup_us=0 transport_us=160 total_us=160 api_status=0 transfer_status=1 [21272,21285][transport_manager.cpp:716,GetStatus]
[2026-08-24 20:57:17.316092][UC][I] [PERF] component=transport event=transfer_done manager=127.0.0.1:8000 target=127.0.0.1:4501 handle=140 transport_handle=140 opcode=0 direct=2 segments=96 bytes=7077888 status=1 api_status=0 submitted_ts_us=1787576237315719 completed_ts_us=1787576237316091 manager_get_status_ts_us=1787576237315926 backend_query_ts_us=1787576237316042 submit_us=282 transfer_us=372 manager_to_backend_query_us=116 total_us=654 [21272,21285][transport_manager.cpp:727,GetStatus]
[HIXL_PERF] event=hccl_batch op=1 desc_num=1 hccl_us=77 status=0
[HIXL_PERF] event=issue_hccl_batch op=1 list_num=1 total_us=88
[HIXL_PERF] event=issue_async_host_flag op=1 list_num=1 context_us=0 hccl_issue_us=89 flag_memcpy_us=5 total_us=94
[HIXL_PERF] event=comm_channel_async op=1 list_num=1 mutex_wait_us=0 slot_us=1 host_flag_us=0 record_us=1 issue_us=97 total_us=99
[HIXL_PERF] event=adxl_inner_async op=1 list_num=1 context_us=1 connect_us=0 get_channel_us=0 channel_async_us=100 tail_us=1 total_us=102
[HIXL_PERF] event=comm_engine_async op=1 list_num=1 desc_build_us=0 inner_us=105 total_us=105 status=0
[2026-08-24 20:57:17.316250][UC][I] [HIXL_WORKER_PERF] task_id=426 queue_depth=1 enqueue_lock_wait_us=0 enqueue_us=0 queue_wait_us=4 execute_us=110 result_post_us=5 total_us=119 status=0 [21272,21285][hixl_instance.cpp:107,Run]
[2026-08-24 20:57:17.316257][UC][I] [PERF] component=transport event=transfer_submitted manager=127.0.0.1:8000 target=127.0.0.1:4501 handle=141 transport_handle=141 opcode=1 direct=2 segments=1 bytes=57 submitted_ts_us=1787576237316255 manager_execute_async_ts_us=1787576237316128 backend_execute_async_ts_us=1787576237316135 manager_to_backend_execute_async_us=7 submit_us=126 [21272,21285][transport_manager.cpp:674,ExecuteAsync]
[HIXL_QUERY_PERF] layer=comm_channel request=0x55 mutex_wait_us=0 check_us=0 lookup_us=1 flag_check_us=0 complete_us=1 total_us=2 transfer_status=1
[HIXL_QUERY_PERF] layer=adxl_inner request=0x55 context_us=0 req_lock_wait_us=0 lookup_us=1 channel_us=6 cleanup_us=0 total_us=7 status=0 transfer_status=1
[HIXL_QUERY_PERF] layer=comm_engine request=0x55 total_us=10 status=0 transfer_status=1
[2026-08-24 20:57:17.316291][UC][I] [HIXL_WORKER_PERF] task_id=427 queue_depth=1 enqueue_lock_wait_us=0 enqueue_us=0 queue_wait_us=5 execute_us=12 result_post_us=5 total_us=22 status=0 [21272,21285][hixl_instance.cpp:107,Run]
[2026-08-24 20:57:17.316296][UC][I] [QUERY_PERF] component=ucm layer=hixl_instance request=0x55 queue_wait_us=5 backend_us=12 run_post_us=10 total_us=27 api_status=0 transfer_status=1 [21272,21285][hixl_instance.cpp:370,GetTransferStatus]
[2026-08-24 20:57:17.316300][UC][I] [QUERY_PERF] component=ucm layer=hixl_transport handle=141 request=0x55 lifecycle_lock_us=0 pending_lock_wait_us=0 pending_lookup_us=0 instance_us=30 erase_us=0 total_us=30 transfer_status=1 [21272,21285][hixl_transport.cpp:734,GetStatus]
[2026-08-24 20:57:17.316303][UC][I] [QUERY_PERF] component=ucm layer=transport_manager handle=141 transport_handle=141 transfers_lock_wait_us=0 lookup_us=1 transport_us=34 total_us=35 api_status=0 transfer_status=1 [21272,21285][transport_manager.cpp:716,GetStatus]
[2026-08-24 20:57:17.316306][UC][I] [PERF] component=transport event=transfer_done manager=127.0.0.1:8000 target=127.0.0.1:4501 handle=141 transport_handle=141 opcode=1 direct=2 segments=1 bytes=57 status=1 api_status=0 submitted_ts_us=1787576237316255 completed_ts_us=1787576237316305 manager_get_status_ts_us=1787576237316268 backend_query_ts_us=1787576237316274 submit_us=126 transfer_us=51 manager_to_backend_query_us=6 total_us=177 [21272,21285][transport_manager.cpp:727,GetStatus]
[2026-08-24 20:57:17.316313][UC][I] [PERF] component=drampool event=request_done request_id=23 opcode=1 peer=127.0.0.1:4501 batch_size=96 data_bytes=7077888 failed_items=0 status=SUCCESS failed_stage=NONE received_ts_us=1787576237315152 worker_started_ts_us=1787576237315328 data_transfer_submitted_ts_us=1787576237315740 data_transfer_completed_ts_us=1787576237316096 response_submitted_ts_us=1787576237316267 completed_ts_us=1787576237316310 data_tm_execute_async_ts_us=1787576237315434 data_hixl_execute_async_ts_us=1787576237315456 data_tm_get_status_ts_us=1787576237315926 data_hixl_query_handle_ts_us=1787576237316042 response_tm_execute_async_ts_us=1787576237316128 response_hixl_execute_async_ts_us=1787576237316135 response_tm_get_status_ts_us=1787576237316268 response_hixl_query_handle_ts_us=1787576237316274 request_queue_us=177 metadata_prepare_us=98 taskworker_prepare_us=413 poller_queue_us=85 data_transfer_us=357 metadata_settle_us=29 response_slot_wait_us=1 response_submit_us=141 response_transfer_us=42 data_tm_to_hixl_execute_async_us=22 data_tm_to_hixl_query_handle_us=116 response_tm_to_hixl_execute_async_us=7 response_tm_to_hixl_query_handle_us=6 total_us=1158 [21272,21285][completion_poller.cc:56,LogRequestDone]
[2026-08-24 20:57:20.511249][UC][I] [HIXL_WORKER_PERF] task_id=428 queue_depth=1 enqueue_lock_wait_us=1 enqueue_us=1 queue_wait_us=22 execute_us=196215 result_post_us=24 total_us=196263 status=0 [21272,21334][hixl_instance.cpp:107,Run]
[2026-08-24 20:57:20.683815][UC][I] [HIXL_WORKER_PERF] task_id=429 queue_depth=1 enqueue_lock_wait_us=0 enqueue_us=1 queue_wait_us=16 execute_us=171792 result_post_us=19 total_us=171828 status=0 [21272,21334][hixl_instance.cpp:107,Run]
[HIXL_PERF] event=hccl_batch op=1 desc_num=1 hccl_us=213 status=0
[HIXL_PERF] event=issue_hccl_batch op=1 list_num=1 total_us=242
[HIXL_PERF] event=issue_async_host_flag op=1 list_num=1 context_us=2 hccl_issue_us=246 flag_memcpy_us=16 total_us=264
[HIXL_PERF] event=comm_channel_async op=1 list_num=1 mutex_wait_us=1 slot_us=1 host_flag_us=1 record_us=2 issue_us=268 total_us=273
[HIXL_PERF] event=adxl_inner_async op=1 list_num=1 context_us=2 connect_us=0 get_channel_us=2 channel_async_us=276 tail_us=2 total_us=282
[HIXL_PERF] event=comm_engine_async op=1 list_num=1 desc_build_us=0 inner_us=288 total_us=288 status=0
[2026-08-24 20:57:25.661873][UC][I] [HIXL_WORKER_PERF] task_id=430 queue_depth=1 enqueue_lock_wait_us=1 enqueue_us=1 queue_wait_us=15 execute_us=306 result_post_us=15 total_us=338 status=0 [21272,21285][hixl_instance.cpp:107,Run]
[2026-08-24 20:57:25.661930][UC][I] [PERF] component=transport event=transfer_submitted manager=127.0.0.1:8000 target=127.0.0.1:4500 handle=142 transport_handle=142 opcode=1 direct=2 segments=1 bytes=10 submitted_ts_us=1787576245661928 manager_execute_async_ts_us=1787576245661521 backend_execute_async_ts_us=1787576245661551 manager_to_backend_execute_async_us=30 submit_us=403 [21272,21285][transport_manager.cpp:674,ExecuteAsync]
[HIXL_QUERY_PERF] layer=comm_channel request=0x56 mutex_wait_us=0 check_us=0 lookup_us=1 flag_check_us=0 complete_us=4 total_us=5 transfer_status=1
[HIXL_QUERY_PERF] layer=adxl_inner request=0x56 context_us=0 req_lock_wait_us=0 lookup_us=1 channel_us=15 cleanup_us=2 total_us=18 status=0 transfer_status=1
[HIXL_QUERY_PERF] layer=comm_engine request=0x56 total_us=25 status=0 transfer_status=1
[2026-08-24 20:57:25.662016][UC][I] [HIXL_WORKER_PERF] task_id=431 queue_depth=1 enqueue_lock_wait_us=1 enqueue_us=0 queue_wait_us=11 execute_us=32 result_post_us=10 total_us=54 status=0 [21272,21285][hixl_instance.cpp:107,Run]
[2026-08-24 20:57:25.662027][UC][I] [QUERY_PERF] component=ucm layer=hixl_instance request=0x56 queue_wait_us=12 backend_us=31 run_post_us=23 total_us=66 api_status=0 transfer_status=1 [21272,21285][hixl_instance.cpp:370,GetTransferStatus]
[2026-08-24 20:57:25.662032][UC][I] [QUERY_PERF] component=ucm layer=hixl_transport handle=142 request=0x56 lifecycle_lock_us=0 pending_lock_wait_us=1 pending_lookup_us=0 instance_us=69 erase_us=0 total_us=70 transfer_status=1 [21272,21285][hixl_transport.cpp:734,GetStatus]
[2026-08-24 20:57:25.662036][UC][I] [QUERY_PERF] component=ucm layer=transport_manager handle=142 transport_handle=142 transfers_lock_wait_us=0 lookup_us=0 transport_us=75 total_us=75 api_status=0 transfer_status=1 [21272,21285][transport_manager.cpp:716,GetStatus]
[2026-08-24 20:57:25.662043][UC][I] [PERF] component=transport event=transfer_done manager=127.0.0.1:8000 target=127.0.0.1:4500 handle=142 transport_handle=142 opcode=1 direct=2 segments=1 bytes=10 status=1 api_status=0 submitted_ts_us=1787576245661928 completed_ts_us=1787576245662041 manager_get_status_ts_us=1787576245661960 backend_query_ts_us=1787576245661974 submit_us=403 transfer_us=112 manager_to_backend_query_us=13 total_us=515 [21272,21285][transport_manager.cpp:727,GetStatus]
[2026-08-24 20:57:25.662051][UC][I] [PERF] component=drampool event=request_done request_id=25 opcode=0 peer=127.0.0.1:4500 batch_size=2 data_bytes=0 failed_items=0 status=SUCCESS failed_stage=NONE received_ts_us=1787576245661326 worker_started_ts_us=1787576245661363 data_transfer_submitted_ts_us=0 data_transfer_completed_ts_us=0 response_submitted_ts_us=1787576245661958 completed_ts_us=1787576245662047 data_tm_execute_async_ts_us=0 data_hixl_execute_async_ts_us=0 data_tm_get_status_ts_us=0 data_hixl_query_handle_ts_us=0 response_tm_execute_async_ts_us=1787576245661521 response_hixl_execute_async_ts_us=1787576245661551 response_tm_get_status_ts_us=1787576245661960 response_hixl_query_handle_ts_us=1787576245661974 request_queue_us=36 metadata_prepare_us=1 taskworker_prepare_us=7 poller_queue_us=143 data_transfer_us=0 metadata_settle_us=0 response_slot_wait_us=146 response_submit_us=443 response_transfer_us=88 data_tm_to_hixl_execute_async_us=0 data_tm_to_hixl_query_handle_us=0 response_tm_to_hixl_execute_async_us=30 response_tm_to_hixl_query_handle_us=13 total_us=720 [21272,21285][completion_poller.cc:56,LogRequestDone]
[HIXL_PERF] event=hccl_batch op=1 desc_num=1 hccl_us=81 status=0
[HIXL_PERF] event=issue_hccl_batch op=1 list_num=1 total_us=94
[HIXL_PERF] event=issue_async_host_flag op=1 list_num=1 context_us=0 hccl_issue_us=96 flag_memcpy_us=6 total_us=102
[HIXL_PERF] event=comm_channel_async op=1 list_num=1 mutex_wait_us=0 slot_us=0 host_flag_us=0 record_us=1 issue_us=107 total_us=108
[HIXL_PERF] event=adxl_inner_async op=1 list_num=1 context_us=1 connect_us=0 get_channel_us=0 channel_async_us=111 tail_us=0 total_us=112
[HIXL_PERF] event=comm_engine_async op=1 list_num=1 desc_build_us=0 inner_us=116 total_us=116 status=0
[2026-08-24 20:57:25.662513][UC][I] [HIXL_WORKER_PERF] task_id=432 queue_depth=1 enqueue_lock_wait_us=0 enqueue_us=1 queue_wait_us=10 execute_us=126 result_post_us=10 total_us=147 status=0 [21272,21285][hixl_instance.cpp:107,Run]
[2026-08-24 20:57:25.662524][UC][I] [PERF] component=transport event=transfer_submitted manager=127.0.0.1:8000 target=127.0.0.1:4500 handle=143 transport_handle=143 opcode=1 direct=2 segments=1 bytes=10 submitted_ts_us=1787576245662523 manager_execute_async_ts_us=1787576245662362 backend_execute_async_ts_us=1787576245662376 manager_to_backend_execute_async_us=14 submit_us=160 [21272,21285][transport_manager.cpp:674,ExecuteAsync]
[HIXL_QUERY_PERF] layer=comm_channel request=0x57 mutex_wait_us=1 check_us=0 lookup_us=0 flag_check_us=0 complete_us=2 total_us=3 transfer_status=1
[HIXL_QUERY_PERF] layer=adxl_inner request=0x57 context_us=1 req_lock_wait_us=0 lookup_us=0 channel_us=14 cleanup_us=1 total_us=16 status=0 transfer_status=1
[HIXL_QUERY_PERF] layer=comm_engine request=0x57 total_us=20 status=0 transfer_status=1
[2026-08-24 20:57:25.662572][UC][I] [HIXL_WORKER_PERF] task_id=433 queue_depth=1 enqueue_lock_wait_us=1 enqueue_us=0 queue_wait_us=10 execute_us=22 result_post_us=10 total_us=43 status=0 [21272,21285][hixl_instance.cpp:107,Run]
[2026-08-24 20:57:25.662582][UC][I] [QUERY_PERF] component=ucm layer=hixl_instance request=0x57 queue_wait_us=11 backend_us=22 run_post_us=21 total_us=54 api_status=0 transfer_status=1 [21272,21285][hixl_instance.cpp:370,GetTransferStatus]
[2026-08-24 20:57:25.662586][UC][I] [QUERY_PERF] component=ucm layer=hixl_transport handle=143 request=0x57 lifecycle_lock_us=0 pending_lock_wait_us=0 pending_lookup_us=0 instance_us=57 erase_us=0 total_us=57 transfer_status=1 [21272,21285][hixl_transport.cpp:734,GetStatus]
[2026-08-24 20:57:25.662596][UC][I] [QUERY_PERF] component=ucm layer=transport_manager handle=143 transport_handle=143 transfers_lock_wait_us=0 lookup_us=0 transport_us=67 total_us=67 api_status=0 transfer_status=1 [21272,21285][transport_manager.cpp:716,GetStatus]
[2026-08-24 20:57:25.662603][UC][I] [PERF] component=transport event=transfer_done manager=127.0.0.1:8000 target=127.0.0.1:4500 handle=143 transport_handle=143 opcode=1 direct=2 segments=1 bytes=10 status=1 api_status=0 submitted_ts_us=1787576245662523 completed_ts_us=1787576245662602 manager_get_status_ts_us=1787576245662527 backend_query_ts_us=1787576245662539 submit_us=160 transfer_us=79 manager_to_backend_query_us=11 total_us=239 [21272,21285][transport_manager.cpp:727,GetStatus]
[2026-08-24 20:57:25.662610][UC][I] [PERF] component=drampool event=request_done request_id=26 opcode=0 peer=127.0.0.1:4500 batch_size=2 data_bytes=0 failed_items=0 status=SUCCESS failed_stage=NONE received_ts_us=1787576245662277 worker_started_ts_us=1787576245662285 data_transfer_submitted_ts_us=0 data_transfer_completed_ts_us=0 response_submitted_ts_us=1787576245662527 completed_ts_us=1787576245662608 data_tm_execute_async_ts_us=0 data_hixl_execute_async_ts_us=0 data_tm_get_status_ts_us=0 data_hixl_query_handle_ts_us=0 response_tm_execute_async_ts_us=1787576245662362 response_hixl_execute_async_ts_us=1787576245662376 response_tm_get_status_ts_us=1787576245662527 response_hixl_query_handle_ts_us=1787576245662539 request_queue_us=8 metadata_prepare_us=1 taskworker_prepare_us=2 poller_queue_us=73 data_transfer_us=0 metadata_settle_us=0 response_slot_wait_us=75 response_submit_us=166 response_transfer_us=81 data_tm_to_hixl_execute_async_us=0 data_tm_to_hixl_query_handle_us=0 response_tm_to_hixl_execute_async_us=14 response_tm_to_hixl_query_handle_us=11 total_us=331 [21272,21285][completion_poller.cc:56,LogRequestDone]
[HIXL_PERF] event=hccl_batch op=1 desc_num=1 hccl_us=68 status=0
[HIXL_PERF] event=issue_hccl_batch op=1 list_num=1 total_us=75
[HIXL_PERF] event=issue_async_host_flag op=1 list_num=1 context_us=0 hccl_issue_us=78 flag_memcpy_us=6 total_us=84
[HIXL_PERF] event=comm_channel_async op=1 list_num=1 mutex_wait_us=0 slot_us=1 host_flag_us=0 record_us=0 issue_us=86 total_us=87
[HIXL_PERF] event=adxl_inner_async op=1 list_num=1 context_us=1 connect_us=0 get_channel_us=0 channel_async_us=89 tail_us=1 total_us=91
[HIXL_PERF] event=comm_engine_async op=1 list_num=1 desc_build_us=0 inner_us=93 total_us=93 status=0
[2026-08-24 20:57:25.663052][UC][I] [HIXL_WORKER_PERF] task_id=434 queue_depth=1 enqueue_lock_wait_us=1 enqueue_us=0 queue_wait_us=9 execute_us=100 result_post_us=10 total_us=120 status=0 [21272,21285][hixl_instance.cpp:107,Run]
[2026-08-24 20:57:25.663068][UC][I] [PERF] component=transport event=transfer_submitted manager=127.0.0.1:8000 target=127.0.0.1:4500 handle=144 transport_handle=144 opcode=1 direct=2 segments=1 bytes=10 submitted_ts_us=1787576245663067 manager_execute_async_ts_us=1787576245662929 backend_execute_async_ts_us=1787576245662941 manager_to_backend_execute_async_us=12 submit_us=137 [21272,21285][transport_manager.cpp:674,ExecuteAsync]
[HIXL_QUERY_PERF] layer=comm_channel request=0x58 mutex_wait_us=0 check_us=0 lookup_us=0 flag_check_us=0 complete_us=0 total_us=0 transfer_status=0
[HIXL_QUERY_PERF] layer=adxl_inner request=0x58 context_us=0 req_lock_wait_us=0 lookup_us=1 channel_us=8 cleanup_us=0 total_us=9 status=0 transfer_status=0
[HIXL_QUERY_PERF] layer=comm_engine request=0x58 total_us=13 status=0 transfer_status=0
[2026-08-24 20:57:25.663108][UC][I] [HIXL_WORKER_PERF] task_id=435 queue_depth=1 enqueue_lock_wait_us=0 enqueue_us=1 queue_wait_us=9 execute_us=15 result_post_us=10 total_us=35 status=0 [21272,21285][hixl_instance.cpp:107,Run]
[2026-08-24 20:57:25.663119][UC][I] [QUERY_PERF] component=ucm layer=hixl_instance request=0x58 queue_wait_us=11 backend_us=14 run_post_us=20 total_us=45 api_status=0 transfer_status=0 [21272,21285][hixl_instance.cpp:370,GetTransferStatus]
[2026-08-24 20:57:25.663126][UC][I] [QUERY_PERF] component=ucm layer=hixl_transport handle=144 request=0x58 lifecycle_lock_us=0 pending_lock_wait_us=0 pending_lookup_us=0 instance_us=53 erase_us=0 total_us=53 transfer_status=0 [21272,21285][hixl_transport.cpp:734,GetStatus]
[2026-08-24 20:57:25.663129][UC][I] [QUERY_PERF] component=ucm layer=transport_manager handle=144 transport_handle=144 transfers_lock_wait_us=0 lookup_us=0 transport_us=57 total_us=57 api_status=0 transfer_status=0 [21272,21285][transport_manager.cpp:716,GetStatus]
[HIXL_QUERY_PERF] layer=comm_channel request=0x58 mutex_wait_us=1 check_us=0 lookup_us=0 flag_check_us=0 complete_us=1 total_us=2 transfer_status=1
[HIXL_QUERY_PERF] layer=adxl_inner request=0x58 context_us=1 req_lock_wait_us=0 lookup_us=0 channel_us=13 cleanup_us=0 total_us=14 status=0 transfer_status=1
[HIXL_QUERY_PERF] layer=comm_engine request=0x58 total_us=17 status=0 transfer_status=1
[2026-08-24 20:57:25.663172][UC][I] [HIXL_WORKER_PERF] task_id=436 queue_depth=1 enqueue_lock_wait_us=0 enqueue_us=1 queue_wait_us=9 execute_us=19 result_post_us=9 total_us=38 status=0 [21272,21285][hixl_instance.cpp:107,Run]
[2026-08-24 20:57:25.663182][UC][I] [QUERY_PERF] component=ucm layer=hixl_instance request=0x58 queue_wait_us=11 backend_us=19 run_post_us=20 total_us=50 api_status=0 transfer_status=1 [21272,21285][hixl_instance.cpp:370,GetTransferStatus]
[2026-08-24 20:57:25.663194][UC][I] [QUERY_PERF] component=ucm layer=hixl_transport handle=144 request=0x58 lifecycle_lock_us=0 pending_lock_wait_us=0 pending_lookup_us=0 instance_us=61 erase_us=0 total_us=61 transfer_status=1 [21272,21285][hixl_transport.cpp:734,GetStatus]
[2026-08-24 20:57:25.663200][UC][I] [QUERY_PERF] component=ucm layer=transport_manager handle=144 transport_handle=144 transfers_lock_wait_us=0 lookup_us=0 transport_us=67 total_us=67 api_status=0 transfer_status=1 [21272,21285][transport_manager.cpp:716,GetStatus]
[2026-08-24 20:57:25.663207][UC][I] [PERF] component=transport event=transfer_done manager=127.0.0.1:8000 target=127.0.0.1:4500 handle=144 transport_handle=144 opcode=1 direct=2 segments=1 bytes=10 status=1 api_status=0 submitted_ts_us=1787576245663067 completed_ts_us=1787576245663205 manager_get_status_ts_us=1787576245663132 backend_query_ts_us=1787576245663143 submit_us=137 transfer_us=139 manager_to_backend_query_us=11 total_us=276 [21272,21285][transport_manager.cpp:727,GetStatus]
[2026-08-24 20:57:25.663215][UC][I] [PERF] component=drampool event=request_done request_id=27 opcode=0 peer=127.0.0.1:4500 batch_size=2 data_bytes=0 failed_items=0 status=SUCCESS failed_stage=NONE received_ts_us=1787576245662791 worker_started_ts_us=1787576245662897 data_transfer_submitted_ts_us=0 data_transfer_completed_ts_us=0 response_submitted_ts_us=1787576245663071 completed_ts_us=1787576245663213 data_tm_execute_async_ts_us=0 data_hixl_execute_async_ts_us=0 data_tm_get_status_ts_us=0 data_hixl_query_handle_ts_us=0 response_tm_execute_async_ts_us=1787576245662929 response_hixl_execute_async_ts_us=1787576245662941 response_tm_get_status_ts_us=1787576245663132 response_hixl_query_handle_ts_us=1787576245663143 request_queue_us=106 metadata_prepare_us=0 taskworker_prepare_us=2 poller_queue_us=29 data_transfer_us=0 metadata_settle_us=0 response_slot_wait_us=29 response_submit_us=144 response_transfer_us=140 data_tm_to_hixl_execute_async_us=0 data_tm_to_hixl_query_handle_us=0 response_tm_to_hixl_execute_async_us=12 response_tm_to_hixl_query_handle_us=11 total_us=422 [21272,21285][completion_poller.cc:56,LogRequestDone]
[HIXL_PERF] event=hccl_batch op=1 desc_num=1 hccl_us=60 status=0
[HIXL_PERF] event=issue_hccl_batch op=1 list_num=1 total_us=67
[HIXL_PERF] event=issue_async_host_flag op=1 list_num=1 context_us=1 hccl_issue_us=69 flag_memcpy_us=5 total_us=75
[HIXL_PERF] event=comm_channel_async op=1 list_num=1 mutex_wait_us=0 slot_us=0 host_flag_us=0 record_us=0 issue_us=78 total_us=78
[HIXL_PERF] event=adxl_inner_async op=1 list_num=1 context_us=0 connect_us=0 get_channel_us=0 channel_async_us=81 tail_us=0 total_us=81
[HIXL_PERF] event=comm_engine_async op=1 list_num=1 desc_build_us=1 inner_us=89 total_us=90 status=0
[2026-08-24 20:57:25.663648][UC][I] [HIXL_WORKER_PERF] task_id=437 queue_depth=1 enqueue_lock_wait_us=1 enqueue_us=0 queue_wait_us=10 execute_us=97 result_post_us=10 total_us=118 status=0 [21272,21285][hixl_instance.cpp:107,Run]
[2026-08-24 20:57:25.663664][UC][I] [PERF] component=transport event=transfer_submitted manager=127.0.0.1:8000 target=127.0.0.1:4500 handle=145 transport_handle=145 opcode=1 direct=2 segments=1 bytes=10 submitted_ts_us=1787576245663663 manager_execute_async_ts_us=1787576245663527 backend_execute_async_ts_us=1787576245663540 manager_to_backend_execute_async_us=13 submit_us=135 [21272,21285][transport_manager.cpp:674,ExecuteAsync]
[HIXL_QUERY_PERF] layer=comm_channel request=0x59 mutex_wait_us=0 check_us=0 lookup_us=1 flag_check_us=0 complete_us=1 total_us=2 transfer_status=1
[HIXL_QUERY_PERF] layer=adxl_inner request=0x59 context_us=1 req_lock_wait_us=0 lookup_us=0 channel_us=10 cleanup_us=1 total_us=12 status=0 transfer_status=1
[HIXL_QUERY_PERF] layer=comm_engine request=0x59 total_us=17 status=0 transfer_status=1
[2026-08-24 20:57:25.663710][UC][I] [HIXL_WORKER_PERF] task_id=438 queue_depth=1 enqueue_lock_wait_us=0 enqueue_us=0 queue_wait_us=10 execute_us=21 result_post_us=9 total_us=40 status=0 [21272,21285][hixl_instance.cpp:107,Run]
[2026-08-24 20:57:25.663721][UC][I] [QUERY_PERF] component=ucm layer=hixl_instance request=0x59 queue_wait_us=10 backend_us=21 run_post_us=21 total_us=52 api_status=0 transfer_status=1 [21272,21285][hixl_instance.cpp:370,GetTransferStatus]
[2026-08-24 20:57:25.663729][UC][I] [QUERY_PERF] component=ucm layer=hixl_transport handle=145 request=0x59 lifecycle_lock_us=0 pending_lock_wait_us=0 pending_lookup_us=0 instance_us=60 erase_us=0 total_us=60 transfer_status=1 [21272,21285][hixl_transport.cpp:734,GetStatus]
[2026-08-24 20:57:25.663734][UC][I] [QUERY_PERF] component=ucm layer=transport_manager handle=145 transport_handle=145 transfers_lock_wait_us=0 lookup_us=0 transport_us=66 total_us=66 api_status=0 transfer_status=1 [21272,21285][transport_manager.cpp:716,GetStatus]
[2026-08-24 20:57:25.663742][UC][I] [PERF] component=transport event=transfer_done manager=127.0.0.1:8000 target=127.0.0.1:4500 handle=145 transport_handle=145 opcode=1 direct=2 segments=1 bytes=10 status=1 api_status=0 submitted_ts_us=1787576245663663 completed_ts_us=1787576245663741 manager_get_status_ts_us=1787576245663668 backend_query_ts_us=1787576245663679 submit_us=135 transfer_us=78 manager_to_backend_query_us=11 total_us=213 [21272,21285][transport_manager.cpp:727,GetStatus]
[2026-08-24 20:57:25.663752][UC][I] [PERF] component=drampool event=request_done request_id=28 opcode=0 peer=127.0.0.1:4500 batch_size=2 data_bytes=0 failed_items=0 status=SUCCESS failed_stage=NONE received_ts_us=1787576245663375 worker_started_ts_us=1787576245663509 data_transfer_submitted_ts_us=0 data_transfer_completed_ts_us=0 response_submitted_ts_us=1787576245663667 completed_ts_us=1787576245663750 data_tm_execute_async_ts_us=0 data_hixl_execute_async_ts_us=0 data_tm_get_status_ts_us=0 data_hixl_query_handle_ts_us=0 response_tm_execute_async_ts_us=1787576245663527 response_hixl_execute_async_ts_us=1787576245663540 response_tm_get_status_ts_us=1787576245663668 response_hixl_query_handle_ts_us=1787576245663679 request_queue_us=134 metadata_prepare_us=0 taskworker_prepare_us=1 poller_queue_us=16 data_transfer_us=0 metadata_settle_us=0 response_slot_wait_us=16 response_submit_us=141 response_transfer_us=82 data_tm_to_hixl_execute_async_us=0 data_tm_to_hixl_query_handle_us=0 response_tm_to_hixl_execute_async_us=13 response_tm_to_hixl_query_handle_us=11 total_us=375 [21272,21285][completion_poller.cc:56,LogRequestDone]
[HIXL_PERF] event=hccl_batch op=1 desc_num=1 hccl_us=61 status=0
[HIXL_PERF] event=issue_hccl_batch op=1 list_num=1 total_us=78
[HIXL_PERF] event=issue_async_host_flag op=1 list_num=1 context_us=1 hccl_issue_us=81 flag_memcpy_us=5 total_us=87
[HIXL_PERF] event=comm_channel_async op=1 list_num=1 mutex_wait_us=0 slot_us=0 host_flag_us=0 record_us=0 issue_us=89 total_us=89
[HIXL_PERF] event=adxl_inner_async op=1 list_num=1 context_us=0 connect_us=0 get_channel_us=1 channel_async_us=94 tail_us=1 total_us=96
[HIXL_PERF] event=comm_engine_async op=1 list_num=1 desc_build_us=0 inner_us=98 total_us=98 status=0
[2026-08-24 20:57:25.664195][UC][I] [HIXL_WORKER_PERF] task_id=439 queue_depth=1 enqueue_lock_wait_us=0 enqueue_us=1 queue_wait_us=10 execute_us=105 result_post_us=11 total_us=127 status=0 [21272,21285][hixl_instance.cpp:107,Run]
[2026-08-24 20:57:25.664213][UC][I] [PERF] component=transport event=transfer_submitted manager=127.0.0.1:8000 target=127.0.0.1:4500 handle=146 transport_handle=146 opcode=1 direct=2 segments=1 bytes=10 submitted_ts_us=1787576245664212 manager_execute_async_ts_us=1787576245664064 backend_execute_async_ts_us=1787576245664078 manager_to_backend_execute_async_us=14 submit_us=147 [21272,21285][transport_manager.cpp:674,ExecuteAsync]
[HIXL_QUERY_PERF] layer=comm_channel request=0x5a mutex_wait_us=0 check_us=0 lookup_us=0 flag_check_us=0 complete_us=2 total_us=2 transfer_status=1
[HIXL_QUERY_PERF] layer=adxl_inner request=0x5a context_us=0 req_lock_wait_us=0 lookup_us=1 channel_us=10 cleanup_us=0 total_us=11 status=0 transfer_status=1
[HIXL_QUERY_PERF] layer=comm_engine request=0x5a total_us=15 status=0 transfer_status=1
[2026-08-24 20:57:25.664259][UC][I] [HIXL_WORKER_PERF] task_id=440 queue_depth=1 enqueue_lock_wait_us=1 enqueue_us=0 queue_wait_us=10 execute_us=19 result_post_us=10 total_us=40 status=0 [21272,21285][hixl_instance.cpp:107,Run]
[2026-08-24 20:57:25.664269][UC][I] [QUERY_PERF] component=ucm layer=hixl_instance request=0x5a queue_wait_us=11 backend_us=19 run_post_us=19 total_us=49 api_status=0 transfer_status=1 [21272,21285][hixl_instance.cpp:370,GetTransferStatus]
[2026-08-24 20:57:25.664272][UC][I] [QUERY_PERF] component=ucm layer=hixl_transport handle=146 request=0x5a lifecycle_lock_us=0 pending_lock_wait_us=0 pending_lookup_us=0 instance_us=52 erase_us=0 total_us=52 transfer_status=1 [21272,21285][hixl_transport.cpp:734,GetStatus]
[2026-08-24 20:57:25.664276][UC][I] [QUERY_PERF] component=ucm layer=transport_manager handle=146 transport_handle=146 transfers_lock_wait_us=0 lookup_us=0 transport_us=56 total_us=56 api_status=0 transfer_status=1 [21272,21285][transport_manager.cpp:716,GetStatus]
[2026-08-24 20:57:25.664280][UC][I] [PERF] component=transport event=transfer_done manager=127.0.0.1:8000 target=127.0.0.1:4500 handle=146 transport_handle=146 opcode=1 direct=2 segments=1 bytes=10 status=1 api_status=0 submitted_ts_us=1787576245664212 completed_ts_us=1787576245664279 manager_get_status_ts_us=1787576245664218 backend_query_ts_us=1787576245664230 submit_us=147 transfer_us=67 manager_to_backend_query_us=11 total_us=214 [21272,21285][transport_manager.cpp:727,GetStatus]
[2026-08-24 20:57:25.664286][UC][I] [PERF] component=drampool event=request_done request_id=29 opcode=0 peer=127.0.0.1:4500 batch_size=2 data_bytes=0 failed_items=0 status=SUCCESS failed_stage=NONE received_ts_us=1787576245663885 worker_started_ts_us=1787576245663968 data_transfer_submitted_ts_us=0 data_transfer_completed_ts_us=0 response_submitted_ts_us=1787576245664218 completed_ts_us=1787576245664284 data_tm_execute_async_ts_us=0 data_hixl_execute_async_ts_us=0 data_tm_get_status_ts_us=0 data_hixl_query_handle_ts_us=0 response_tm_execute_async_ts_us=1787576245664064 response_hixl_execute_async_ts_us=1787576245664078 response_tm_get_status_ts_us=1787576245664218 response_hixl_query_handle_ts_us=1787576245664230 request_queue_us=83 metadata_prepare_us=0 taskworker_prepare_us=2 poller_queue_us=93 data_transfer_us=0 metadata_settle_us=0 response_slot_wait_us=94 response_submit_us=155 response_transfer_us=66 data_tm_to_hixl_execute_async_us=0 data_tm_to_hixl_query_handle_us=0 response_tm_to_hixl_execute_async_us=14 response_tm_to_hixl_query_handle_us=11 total_us=399 [21272,21285][completion_poller.cc:56,LogRequestDone]
[HIXL_PERF] event=hccl_batch op=1 desc_num=1 hccl_us=62 status=0
[HIXL_PERF] event=issue_hccl_batch op=1 list_num=1 total_us=74
[HIXL_PERF] event=issue_async_host_flag op=1 list_num=1 context_us=0 hccl_issue_us=79 flag_memcpy_us=5 total_us=84
[HIXL_PERF] event=comm_channel_async op=1 list_num=1 mutex_wait_us=0 slot_us=1 host_flag_us=0 record_us=0 issue_us=86 total_us=87
[HIXL_PERF] event=adxl_inner_async op=1 list_num=1 context_us=1 connect_us=0 get_channel_us=0 channel_async_us=89 tail_us=1 total_us=91
[HIXL_PERF] event=comm_engine_async op=1 list_num=1 desc_build_us=0 inner_us=93 total_us=93 status=0
[2026-08-24 20:57:25.664731][UC][I] [HIXL_WORKER_PERF] task_id=441 queue_depth=1 enqueue_lock_wait_us=0 enqueue_us=1 queue_wait_us=10 execute_us=99 result_post_us=10 total_us=120 status=0 [21272,21285][hixl_instance.cpp:107,Run]
[2026-08-24 20:57:25.664747][UC][I] [PERF] component=transport event=transfer_submitted manager=127.0.0.1:8000 target=127.0.0.1:4500 handle=147 transport_handle=147 opcode=1 direct=2 segments=1 bytes=10 submitted_ts_us=1787576245664746 manager_execute_async_ts_us=1787576245664608 backend_execute_async_ts_us=1787576245664621 manager_to_backend_execute_async_us=13 submit_us=138 [21272,21285][transport_manager.cpp:674,ExecuteAsync]
[HIXL_QUERY_PERF] layer=comm_channel request=0x5b mutex_wait_us=0 check_us=0 lookup_us=0 flag_check_us=1 complete_us=1 total_us=2 transfer_status=1
[HIXL_QUERY_PERF] layer=adxl_inner request=0x5b context_us=0 req_lock_wait_us=0 lookup_us=1 channel_us=9 cleanup_us=1 total_us=11 status=0 transfer_status=1
[HIXL_QUERY_PERF] layer=comm_engine request=0x5b total_us=16 status=0 transfer_status=1
[2026-08-24 20:57:25.664793][UC][I] [HIXL_WORKER_PERF] task_id=442 queue_depth=1 enqueue_lock_wait_us=0 enqueue_us=1 queue_wait_us=10 execute_us=20 result_post_us=10 total_us=41 status=0 [21272,21285][hixl_instance.cpp:107,Run]
[2026-08-24 20:57:25.664804][UC][I] [QUERY_PERF] component=ucm layer=hixl_instance request=0x5b queue_wait_us=11 backend_us=20 run_post_us=21 total_us=52 api_status=0 transfer_status=1 [21272,21285][hixl_instance.cpp:370,GetTransferStatus]
[2026-08-24 20:57:25.664808][UC][I] [QUERY_PERF] component=ucm layer=hixl_transport handle=147 request=0x5b lifecycle_lock_us=0 pending_lock_wait_us=0 pending_lookup_us=0 instance_us=55 erase_us=0 total_us=55 transfer_status=1 [21272,21285][hixl_transport.cpp:734,GetStatus]
[2026-08-24 20:57:25.664814][UC][I] [QUERY_PERF] component=ucm layer=transport_manager handle=147 transport_handle=147 transfers_lock_wait_us=0 lookup_us=0 transport_us=62 total_us=62 api_status=0 transfer_status=1 [21272,21285][transport_manager.cpp:716,GetStatus]
[2026-08-24 20:57:25.664818][UC][I] [PERF] component=transport event=transfer_done manager=127.0.0.1:8000 target=127.0.0.1:4500 handle=147 transport_handle=147 opcode=1 direct=2 segments=1 bytes=10 status=1 api_status=0 submitted_ts_us=1787576245664746 completed_ts_us=1787576245664817 manager_get_status_ts_us=1787576245664751 backend_query_ts_us=1787576245664763 submit_us=138 transfer_us=71 manager_to_backend_query_us=12 total_us=209 [21272,21285][transport_manager.cpp:727,GetStatus]
[2026-08-24 20:57:25.664827][UC][I] [PERF] component=drampool event=request_done request_id=30 opcode=0 peer=127.0.0.1:4500 batch_size=2 data_bytes=0 failed_items=0 status=SUCCESS failed_stage=NONE received_ts_us=1787576245664476 worker_started_ts_us=1787576245664582 data_transfer_submitted_ts_us=0 data_transfer_completed_ts_us=0 response_submitted_ts_us=1787576245664750 completed_ts_us=1787576245664825 data_tm_execute_async_ts_us=0 data_hixl_execute_async_ts_us=0 data_tm_get_status_ts_us=0 data_hixl_query_handle_ts_us=0 response_tm_execute_async_ts_us=1787576245664608 response_hixl_execute_async_ts_us=1787576245664621 response_tm_get_status_ts_us=1787576245664751 response_hixl_query_handle_ts_us=1787576245664763 request_queue_us=106 metadata_prepare_us=1 taskworker_prepare_us=1 poller_queue_us=23 data_transfer_us=0 metadata_settle_us=0 response_slot_wait_us=24 response_submit_us=144 response_transfer_us=74 data_tm_to_hixl_execute_async_us=0 data_tm_to_hixl_query_handle_us=0 response_tm_to_hixl_execute_async_us=13 response_tm_to_hixl_query_handle_us=12 total_us=350 [21272,21285][completion_poller.cc:56,LogRequestDone]
[HIXL_PERF] event=hccl_batch op=1 desc_num=1 hccl_us=58 status=0
[HIXL_PERF] event=issue_hccl_batch op=1 list_num=1 total_us=69
[HIXL_PERF] event=issue_async_host_flag op=1 list_num=1 context_us=0 hccl_issue_us=73 flag_memcpy_us=4 total_us=77
[HIXL_PERF] event=comm_channel_async op=1 list_num=1 mutex_wait_us=0 slot_us=0 host_flag_us=0 record_us=0 issue_us=80 total_us=80
[HIXL_PERF] event=adxl_inner_async op=1 list_num=1 context_us=1 connect_us=0 get_channel_us=0 channel_async_us=83 tail_us=1 total_us=85
[HIXL_PERF] event=comm_engine_async op=1 list_num=1 desc_build_us=0 inner_us=87 total_us=87 status=0
[2026-08-24 20:57:25.665258][UC][I] [HIXL_WORKER_PERF] task_id=443 queue_depth=1 enqueue_lock_wait_us=1 enqueue_us=0 queue_wait_us=10 execute_us=92 result_post_us=10 total_us=113 status=0 [21272,21285][hixl_instance.cpp:107,Run]
[2026-08-24 20:57:25.665278][UC][I] [PERF] component=transport event=transfer_submitted manager=127.0.0.1:8000 target=127.0.0.1:4500 handle=148 transport_handle=148 opcode=1 direct=2 segments=1 bytes=10 submitted_ts_us=1787576245665277 manager_execute_async_ts_us=1787576245665142 backend_execute_async_ts_us=1787576245665155 manager_to_backend_execute_async_us=13 submit_us=135 [21272,21285][transport_manager.cpp:674,ExecuteAsync]
[HIXL_QUERY_PERF] layer=comm_channel request=0x5c mutex_wait_us=0 check_us=0 lookup_us=1 flag_check_us=0 complete_us=1 total_us=2 transfer_status=1
[HIXL_QUERY_PERF] layer=adxl_inner request=0x5c context_us=1 req_lock_wait_us=0 lookup_us=0 channel_us=9 cleanup_us=1 total_us=11 status=0 transfer_status=1
[HIXL_QUERY_PERF] layer=comm_engine request=0x5c total_us=13 status=0 transfer_status=1
[2026-08-24 20:57:25.665322][UC][I] [HIXL_WORKER_PERF] task_id=444 queue_depth=1 enqueue_lock_wait_us=0 enqueue_us=1 queue_wait_us=9 execute_us=16 result_post_us=9 total_us=35 status=0 [21272,21285][hixl_instance.cpp:107,Run]
[2026-08-24 20:57:25.665333][UC][I] [QUERY_PERF] component=ucm layer=hixl_instance request=0x5c queue_wait_us=10 backend_us=16 run_post_us=20 total_us=46 api_status=0 transfer_status=1 [21272,21285][hixl_instance.cpp:370,GetTransferStatus]
[2026-08-24 20:57:25.665338][UC][I] [QUERY_PERF] component=ucm layer=hixl_transport handle=148 request=0x5c lifecycle_lock_us=0 pending_lock_wait_us=1 pending_lookup_us=0 instance_us=51 erase_us=1 total_us=53 transfer_status=1 [21272,21285][hixl_transport.cpp:734,GetStatus]
[2026-08-24 20:57:25.665345][UC][I] [QUERY_PERF] component=ucm layer=transport_manager handle=148 transport_handle=148 transfers_lock_wait_us=0 lookup_us=0 transport_us=60 total_us=60 api_status=0 transfer_status=1 [21272,21285][transport_manager.cpp:716,GetStatus]
[2026-08-24 20:57:25.665353][UC][I] [PERF] component=transport event=transfer_done manager=127.0.0.1:8000 target=127.0.0.1:4500 handle=148 transport_handle=148 opcode=1 direct=2 segments=1 bytes=10 status=1 api_status=0 submitted_ts_us=1787576245665277 completed_ts_us=1787576245665351 manager_get_status_ts_us=1787576245665285 backend_query_ts_us=1787576245665297 submit_us=135 transfer_us=74 manager_to_backend_query_us=11 total_us=209 [21272,21285][transport_manager.cpp:727,GetStatus]
[2026-08-24 20:57:25.665358][UC][I] [PERF] component=drampool event=request_done request_id=31 opcode=0 peer=127.0.0.1:4500 batch_size=2 data_bytes=0 failed_items=0 status=SUCCESS failed_stage=NONE received_ts_us=1787576245664955 worker_started_ts_us=1787576245665041 data_transfer_submitted_ts_us=0 data_transfer_completed_ts_us=0 response_submitted_ts_us=1787576245665284 completed_ts_us=1787576245665356 data_tm_execute_async_ts_us=0 data_hixl_execute_async_ts_us=0 data_tm_get_status_ts_us=0 data_hixl_query_handle_ts_us=0 response_tm_execute_async_ts_us=1787576245665142 response_hixl_execute_async_ts_us=1787576245665155 response_tm_get_status_ts_us=1787576245665285 response_hixl_query_handle_ts_us=1787576245665297 request_queue_us=86 metadata_prepare_us=0 taskworker_prepare_us=2 poller_queue_us=98 data_transfer_us=0 metadata_settle_us=0 response_slot_wait_us=99 response_submit_us=143 response_transfer_us=72 data_tm_to_hixl_execute_async_us=0 data_tm_to_hixl_query_handle_us=0 response_tm_to_hixl_execute_async_us=13 response_tm_to_hixl_query_handle_us=11 total_us=401 [21272,21285][completion_poller.cc:56,LogRequestDone]
[HIXL_PERF] event=hccl_batch op=1 desc_num=1 hccl_us=57 status=0
[HIXL_PERF] event=issue_hccl_batch op=1 list_num=1 total_us=69
[HIXL_PERF] event=issue_async_host_flag op=1 list_num=1 context_us=0 hccl_issue_us=71 flag_memcpy_us=4 total_us=75
[HIXL_PERF] event=comm_channel_async op=1 list_num=1 mutex_wait_us=0 slot_us=0 host_flag_us=0 record_us=0 issue_us=79 total_us=79
[HIXL_PERF] event=adxl_inner_async op=1 list_num=1 context_us=1 connect_us=0 get_channel_us=0 channel_async_us=85 tail_us=0 total_us=86
[HIXL_PERF] event=comm_engine_async op=1 list_num=1 desc_build_us=0 inner_us=90 total_us=90 status=0
[2026-08-24 20:57:25.665794][UC][I] [HIXL_WORKER_PERF] task_id=445 queue_depth=1 enqueue_lock_wait_us=0 enqueue_us=1 queue_wait_us=10 execute_us=97 result_post_us=10 total_us=118 status=0 [21272,21285][hixl_instance.cpp:107,Run]
[2026-08-24 20:57:25.665807][UC][I] [PERF] component=transport event=transfer_submitted manager=127.0.0.1:8000 target=127.0.0.1:4500 handle=149 transport_handle=149 opcode=1 direct=2 segments=1 bytes=10 submitted_ts_us=1787576245665806 manager_execute_async_ts_us=1787576245665674 backend_execute_async_ts_us=1787576245665686 manager_to_backend_execute_async_us=12 submit_us=132 [21272,21285][transport_manager.cpp:674,ExecuteAsync]
[HIXL_QUERY_PERF] layer=comm_channel request=0x5d mutex_wait_us=1 check_us=0 lookup_us=0 flag_check_us=0 complete_us=1 total_us=2 transfer_status=1
[HIXL_QUERY_PERF] layer=adxl_inner request=0x5d context_us=1 req_lock_wait_us=0 lookup_us=0 channel_us=12 cleanup_us=0 total_us=13 status=0 transfer_status=1
[HIXL_QUERY_PERF] layer=comm_engine request=0x5d total_us=16 status=0 transfer_status=1
[2026-08-24 20:57:25.665853][UC][I] [HIXL_WORKER_PERF] task_id=446 queue_depth=1 enqueue_lock_wait_us=0 enqueue_us=0 queue_wait_us=10 execute_us=19 result_post_us=10 total_us=39 status=0 [21272,21285][hixl_instance.cpp:107,Run]
[2026-08-24 20:57:25.665865][UC][I] [QUERY_PERF] component=ucm layer=hixl_instance request=0x5d queue_wait_us=11 backend_us=18 run_post_us=22 total_us=51 api_status=0 transfer_status=1 [21272,21285][hixl_instance.cpp:370,GetTransferStatus]
[2026-08-24 20:57:25.665873][UC][I] [QUERY_PERF] component=ucm layer=hixl_transport handle=149 request=0x5d lifecycle_lock_us=0 pending_lock_wait_us=1 pending_lookup_us=0 instance_us=59 erase_us=0 total_us=60 transfer_status=1 [21272,21285][hixl_transport.cpp:734,GetStatus]
[2026-08-24 20:57:25.665876][UC][I] [QUERY_PERF] component=ucm layer=transport_manager handle=149 transport_handle=149 transfers_lock_wait_us=0 lookup_us=0 transport_us=64 total_us=64 api_status=0 transfer_status=1 [21272,21285][transport_manager.cpp:716,GetStatus]
[2026-08-24 20:57:25.665886][UC][I] [PERF] component=transport event=transfer_done manager=127.0.0.1:8000 target=127.0.0.1:4500 handle=149 transport_handle=149 opcode=1 direct=2 segments=1 bytes=10 status=1 api_status=0 submitted_ts_us=1787576245665806 completed_ts_us=1787576245665885 manager_get_status_ts_us=1787576245665812 backend_query_ts_us=1787576245665824 submit_us=132 transfer_us=79 manager_to_backend_query_us=12 total_us=211 [21272,21285][transport_manager.cpp:727,GetStatus]
[2026-08-24 20:57:25.665896][UC][I] [PERF] component=drampool event=request_done request_id=32 opcode=0 peer=127.0.0.1:4500 batch_size=2 data_bytes=0 failed_items=0 status=SUCCESS failed_stage=NONE received_ts_us=1787576245665527 worker_started_ts_us=1787576245665653 data_transfer_submitted_ts_us=0 data_transfer_completed_ts_us=0 response_submitted_ts_us=1787576245665811 completed_ts_us=1787576245665894 data_tm_execute_async_ts_us=0 data_hixl_execute_async_ts_us=0 data_tm_get_status_ts_us=0 data_hixl_query_handle_ts_us=0 response_tm_execute_async_ts_us=1787576245665674 response_hixl_execute_async_ts_us=1787576245665686 response_tm_get_status_ts_us=1787576245665812 response_hixl_query_handle_ts_us=1787576245665824 request_queue_us=126 metadata_prepare_us=1 taskworker_prepare_us=1 poller_queue_us=18 data_transfer_us=0 metadata_settle_us=0 response_slot_wait_us=19 response_submit_us=138 response_transfer_us=82 data_tm_to_hixl_execute_async_us=0 data_tm_to_hixl_query_handle_us=0 response_tm_to_hixl_execute_async_us=12 response_tm_to_hixl_query_handle_us=12 total_us=367 [21272,21285][completion_poller.cc:56,LogRequestDone]
[2026-08-24 20:57:25.737384][UC][E] TaskWorker ProcessOneRequest failed: -50000, DUMP response exceeds configured flag buffer slot size [21272,21286][task_worker.cc:52,Run]
[2026-08-24 20:57:25.737415][UC][E] TaskWorker ProcessOneRequest failed: -50000, DUMP response exceeds configured flag buffer slot size [21272,21286][task_worker.cc:52,Run]
[2026-08-24 20:57:25.737422][UC][E] TaskWorker ProcessOneRequest failed: -50000, DUMP response exceeds configured flag buffer slot size [21272,21286][task_worker.cc:52,Run]
[2026-08-24 20:57:25.737429][UC][E] TaskWorker ProcessOneRequest failed: -50000, DUMP response exceeds configured flag buffer slot size [21272,21286][task_worker.cc:52,Run]
[2026-08-24 20:57:25.737435][UC][E] TaskWorker ProcessOneRequest failed: -50000, DUMP response exceeds configured flag buffer slot size [21272,21286][task_worker.cc:52,Run]
[2026-08-24 20:57:25.737439][UC][E] TaskWorker ProcessOneRequest failed: -50000, DUMP response exceeds configured flag buffer slot size [21272,21286][task_worker.cc:52,Run]
[2026-08-24 20:57:25.737445][UC][I] ShardMetadata StoreBegin: key already exists. [21272,21286][metadata.cc:57,StoreBegin]
[2026-08-24 20:57:25.737449][UC][I] ShardMetadata StoreBegin: key already exists. [21272,21286][metadata.cc:57,StoreBegin]
[2026-08-24 20:57:25.737453][UC][I] ShardMetadata StoreBegin: key already exists. [21272,21286][metadata.cc:57,StoreBegin]
[2026-08-24 20:57:25.737460][UC][I] ShardMetadata StoreBegin: key already exists. [21272,21286][metadata.cc:57,StoreBegin]
[2026-08-24 20:57:25.737465][UC][I] ShardMetadata StoreBegin: key already exists. [21272,21286][metadata.cc:57,StoreBegin]
[2026-08-24 20:57:25.737469][UC][I] ShardMetadata StoreBegin: key already exists. [21272,21286][metadata.cc:57,StoreBegin]
[2026-08-24 20:57:25.737475][UC][I] ShardMetadata StoreBegin: key already exists. [21272,21286][metadata.cc:57,StoreBegin]
[2026-08-24 20:57:25.737497][UC][I] ShardMetadata StoreBegin: key already exists. [21272,21286][metadata.cc:57,StoreBegin]
[2026-08-24 20:57:25.737504][UC][I] ShardMetadata StoreBegin: key already exists. [21272,21286][metadata.cc:57,StoreBegin]
[2026-08-24 20:57:25.737508][UC][I] ShardMetadata StoreBegin: key already exists. [21272,21286][metadata.cc:57,StoreBegin]
[2026-08-24 20:57:25.737511][UC][I] ShardMetadata StoreBegin: key already exists. [21272,21286][metadata.cc:57,StoreBegin]
[2026-08-24 20:57:25.737514][UC][I] ShardMetadata StoreBegin: key already exists. [21272,21286][metadata.cc:57,StoreBegin]
[2026-08-24 20:57:25.737517][UC][I] ShardMetadata StoreBegin: key already exists. [21272,21286][metadata.cc:57,StoreBegin]
[2026-08-24 20:57:25.737522][UC][I] ShardMetadata StoreBegin: key already exists. [21272,21286][metadata.cc:57,StoreBegin]
[2026-08-24 20:57:25.737530][UC][I] ShardMetadata StoreBegin: key already exists. [21272,21286][metadata.cc:57,StoreBegin]
[2026-08-24 20:57:25.737536][UC][I] ShardMetadata StoreBegin: key already exists. [21272,21286][metadata.cc:57,StoreBegin]
[2026-08-24 20:57:25.737539][UC][I] ShardMetadata StoreBegin: key already exists. [21272,21286][metadata.cc:57,StoreBegin]
[2026-08-24 20:57:25.737542][UC][I] ShardMetadata StoreBegin: key already exists. [21272,21286][metadata.cc:57,StoreBegin]
[2026-08-24 20:57:25.737545][UC][I] ShardMetadata StoreBegin: key already exists. [21272,21286][metadata.cc:57,StoreBegin]
[2026-08-24 20:57:25.737548][UC][I] ShardMetadata StoreBegin: key already exists. [21272,21286][metadata.cc:57,StoreBegin]
[2026-08-24 20:57:25.737551][UC][I] ShardMetadata StoreBegin: key already exists. [21272,21286][metadata.cc:57,StoreBegin]
[2026-08-24 20:57:25.737557][UC][I] ShardMetadata StoreBegin: key already exists. [21272,21286][metadata.cc:57,StoreBegin]
[2026-08-24 20:57:25.737562][UC][I] ShardMetadata StoreBegin: key already exists. [21272,21286][metadata.cc:57,StoreBegin]
[2026-08-24 20:57:25.737568][UC][I] ShardMetadata StoreBegin: key already exists. [21272,21286][metadata.cc:57,StoreBegin]
[2026-08-24 20:57:25.737576][UC][I] ShardMetadata StoreBegin: key already exists. [21272,21286][metadata.cc:57,StoreBegin]
[2026-08-24 20:57:25.737582][UC][I] ShardMetadata StoreBegin: key already exists. [21272,21286][metadata.cc:57,StoreBegin]
[2026-08-24 20:57:25.737586][UC][I] ShardMetadata StoreBegin: key already exists. [21272,21286][metadata.cc:57,StoreBegin]
[2026-08-24 20:57:25.737589][UC][I] ShardMetadata StoreBegin: key already exists. [21272,21286][metadata.cc:57,StoreBegin]
[2026-08-24 20:57:25.737591][UC][I] ShardMetadata StoreBegin: key already exists. [21272,21286][metadata.cc:57,StoreBegin]
[2026-08-24 20:57:25.737594][UC][I] ShardMetadata StoreBegin: key already exists. [21272,21286][metadata.cc:57,StoreBegin]
[2026-08-24 20:57:25.737597][UC][I] ShardMetadata StoreBegin: key already exists. [21272,21286][metadata.cc:57,StoreBegin]
[2026-08-24 20:57:25.737600][UC][I] ShardMetadata StoreBegin: key already exists. [21272,21286][metadata.cc:57,StoreBegin]
[2026-08-24 20:57:25.737604][UC][I] ShardMetadata StoreBegin: key already exists. [21272,21286][metadata.cc:57,StoreBegin]
[2026-08-24 20:57:25.737611][UC][I] ShardMetadata StoreBegin: key already exists. [21272,21286][metadata.cc:57,StoreBegin]
[2026-08-24 20:57:25.737618][UC][I] ShardMetadata StoreBegin: key already exists. [21272,21286][metadata.cc:57,StoreBegin]
[2026-08-24 20:57:25.737623][UC][I] ShardMetadata StoreBegin: key already exists. [21272,21286][metadata.cc:57,StoreBegin]
[2026-08-24 20:57:25.737627][UC][I] ShardMetadata StoreBegin: key already exists. [21272,21286][metadata.cc:57,StoreBegin]
[2026-08-24 20:57:25.737630][UC][I] ShardMetadata StoreBegin: key already exists. [21272,21286][metadata.cc:57,StoreBegin]
[2026-08-24 20:57:25.737632][UC][I] ShardMetadata StoreBegin: key already exists. [21272,21286][metadata.cc:57,StoreBegin]
[2026-08-24 20:57:25.737635][UC][I] ShardMetadata StoreBegin: key already exists. [21272,21286][metadata.cc:57,StoreBegin]
[2026-08-24 20:57:25.737646][UC][I] ShardMetadata StoreBegin: key already exists. [21272,21286][metadata.cc:57,StoreBegin]
[2026-08-24 20:57:25.737651][UC][I] ShardMetadata StoreBegin: key already exists. [21272,21286][metadata.cc:57,StoreBegin]
[2026-08-24 20:57:25.737655][UC][I] ShardMetadata StoreBegin: key already exists. [21272,21286][metadata.cc:57,StoreBegin]
[2026-08-24 20:57:25.737658][UC][I] ShardMetadata StoreBegin: key already exists. [21272,21286][metadata.cc:57,StoreBegin]
[2026-08-24 20:57:25.737663][UC][I] ShardMetadata StoreBegin: key already exists. [21272,21286][metadata.cc:57,StoreBegin]
[2026-08-24 20:57:25.737667][UC][I] ShardMetadata StoreBegin: key already exists. [21272,21286][metadata.cc:57,StoreBegin]
[2026-08-24 20:57:25.737672][UC][I] ShardMetadata StoreBegin: key already exists. [21272,21286][metadata.cc:57,StoreBegin]
[2026-08-24 20:57:25.737675][UC][I] ShardMetadata StoreBegin: key already exists. [21272,21286][metadata.cc:57,StoreBegin]
[2026-08-24 20:57:25.737681][UC][I] ShardMetadata StoreBegin: key already exists. [21272,21286][metadata.cc:57,StoreBegin]
[2026-08-24 20:57:25.737686][UC][I] ShardMetadata StoreBegin: key already exists. [21272,21286][metadata.cc:57,StoreBegin]
[2026-08-24 20:57:25.737691][UC][I] ShardMetadata StoreBegin: key already exists. [21272,21286][metadata.cc:57,StoreBegin]
[2026-08-24 20:57:25.737694][UC][I] ShardMetadata StoreBegin: key already exists. [21272,21286][metadata.cc:57,StoreBegin]
[2026-08-24 20:57:25.737697][UC][I] ShardMetadata StoreBegin: key already exists. [21272,21286][metadata.cc:57,StoreBegin]
[2026-08-24 20:57:25.737702][UC][I] ShardMetadata StoreBegin: key already exists. [21272,21286][metadata.cc:57,StoreBegin]
[2026-08-24 20:57:25.737711][UC][I] ShardMetadata StoreBegin: key already exists. [21272,21286][metadata.cc:57,StoreBegin]
[2026-08-24 20:57:25.737718][UC][I] ShardMetadata StoreBegin: key already exists. [21272,21286][metadata.cc:57,StoreBegin]
[2026-08-24 20:57:25.737722][UC][I] ShardMetadata StoreBegin: key already exists. [21272,21286][metadata.cc:57,StoreBegin]
[2026-08-24 20:57:25.737725][UC][I] ShardMetadata StoreBegin: key already exists. [21272,21286][metadata.cc:57,StoreBegin]
[2026-08-24 20:57:25.737730][UC][I] ShardMetadata StoreBegin: key already exists. [21272,21286][metadata.cc:57,StoreBegin]
[2026-08-24 20:57:25.737734][UC][I] ShardMetadata StoreBegin: key already exists. [21272,21286][metadata.cc:57,StoreBegin]
[2026-08-24 20:57:25.737737][UC][I] ShardMetadata StoreBegin: key already exists. [21272,21286][metadata.cc:57,StoreBegin]
[2026-08-24 20:57:25.737742][UC][I] ShardMetadata StoreBegin: key already exists. [21272,21286][metadata.cc:57,StoreBegin]
[2026-08-24 20:57:25.737747][UC][I] ShardMetadata StoreBegin: key already exists. [21272,21286][metadata.cc:57,StoreBegin]
[2026-08-24 20:57:25.737751][UC][I] ShardMetadata StoreBegin: key already exists. [21272,21286][metadata.cc:57,StoreBegin]
[2026-08-24 20:57:25.737753][UC][I] ShardMetadata StoreBegin: key already exists. [21272,21286][metadata.cc:57,StoreBegin]
[2026-08-24 20:57:25.737757][UC][I] ShardMetadata StoreBegin: key already exists. [21272,21286][metadata.cc:57,StoreBegin]
[2026-08-24 20:57:25.737763][UC][I] ShardMetadata StoreBegin: key already exists. [21272,21286][metadata.cc:57,StoreBegin]
[2026-08-24 20:57:25.737767][UC][I] ShardMetadata StoreBegin: key already exists. [21272,21286][metadata.cc:57,StoreBegin]
[2026-08-24 20:57:25.737774][UC][I] ShardMetadata StoreBegin: key already exists. [21272,21286][metadata.cc:57,StoreBegin]
[2026-08-24 20:57:25.737779][UC][I] ShardMetadata StoreBegin: key already exists. [21272,21286][metadata.cc:57,StoreBegin]
[2026-08-24 20:57:25.737783][UC][I] ShardMetadata StoreBegin: key already exists. [21272,21286][metadata.cc:57,StoreBegin]
[2026-08-24 20:57:25.737785][UC][I] ShardMetadata StoreBegin: key already exists. [21272,21286][metadata.cc:57,StoreBegin]
[2026-08-24 20:57:25.737788][UC][I] ShardMetadata StoreBegin: key already exists. [21272,21286][metadata.cc:57,StoreBegin]
[2026-08-24 20:57:25.737801][UC][I] ShardMetadata StoreBegin: key already exists. [21272,21286][metadata.cc:57,StoreBegin]
[2026-08-24 20:57:25.737806][UC][I] ShardMetadata StoreBegin: key already exists. [21272,21286][metadata.cc:57,StoreBegin]
[2026-08-24 20:57:25.737814][UC][I] ShardMetadata StoreBegin: key already exists. [21272,21286][metadata.cc:57,StoreBegin]
[2026-08-24 20:57:25.737819][UC][I] ShardMetadata StoreBegin: key already exists. [21272,21286][metadata.cc:57,StoreBegin]
[2026-08-24 20:57:25.737822][UC][I] ShardMetadata StoreBegin: key already exists. [21272,21286][metadata.cc:57,StoreBegin]
[2026-08-24 20:57:25.737825][UC][I] ShardMetadata StoreBegin: key already exists. [21272,21286][metadata.cc:57,StoreBegin]
[2026-08-24 20:57:25.737829][UC][I] ShardMetadata StoreBegin: key already exists. [21272,21286][metadata.cc:57,StoreBegin]
[2026-08-24 20:57:25.737834][UC][I] ShardMetadata StoreBegin: key already exists. [21272,21286][metadata.cc:57,StoreBegin]
[2026-08-24 20:57:25.737839][UC][I] ShardMetadata StoreBegin: key already exists. [21272,21286][metadata.cc:57,StoreBegin]
[2026-08-24 20:57:25.737843][UC][I] ShardMetadata StoreBegin: key already exists. [21272,21286][metadata.cc:57,StoreBegin]
[2026-08-24 20:57:25.737846][UC][I] ShardMetadata StoreBegin: key already exists. [21272,21286][metadata.cc:57,StoreBegin]
[2026-08-24 20:57:25.737853][UC][I] ShardMetadata StoreBegin: key already exists. [21272,21286][metadata.cc:57,StoreBegin]
[2026-08-24 20:57:25.737859][UC][I] ShardMetadata StoreBegin: key already exists. [21272,21286][metadata.cc:57,StoreBegin]
[2026-08-24 20:57:25.737862][UC][I] ShardMetadata StoreBegin: key already exists. [21272,21286][metadata.cc:57,StoreBegin]
[2026-08-24 20:57:25.737864][UC][I] ShardMetadata StoreBegin: key already exists. [21272,21286][metadata.cc:57,StoreBegin]
[2026-08-24 20:57:25.737875][UC][I] ShardMetadata StoreBegin: key already exists. [21272,21286][metadata.cc:57,StoreBegin]
[2026-08-24 20:57:25.737880][UC][I] ShardMetadata StoreBegin: key already exists. [21272,21286][metadata.cc:57,StoreBegin]
[2026-08-24 20:57:25.737884][UC][I] ShardMetadata StoreBegin: key already exists. [21272,21286][metadata.cc:57,StoreBegin]
[2026-08-24 20:57:25.737887][UC][I] ShardMetadata StoreBegin: key already exists. [21272,21286][metadata.cc:57,StoreBegin]
[2026-08-24 20:57:25.737893][UC][I] ShardMetadata StoreBegin: key already exists. [21272,21286][metadata.cc:57,StoreBegin]
[2026-08-24 20:57:25.737897][UC][I] ShardMetadata StoreBegin: key already exists. [21272,21286][metadata.cc:57,StoreBegin]
[2026-08-24 20:57:25.737899][UC][I] ShardMetadata StoreBegin: key already exists. [21272,21286][metadata.cc:57,StoreBegin]
[2026-08-24 20:57:25.737905][UC][I] ShardMetadata StoreBegin: key already exists. [21272,21286][metadata.cc:57,StoreBegin]
[HIXL_PERF] event=hccl_batch op=1 desc_num=1 hccl_us=79 status=0
[HIXL_PERF] event=issue_hccl_batch op=1 list_num=1 total_us=94
[HIXL_PERF] event=issue_async_host_flag op=1 list_num=1 context_us=0 hccl_issue_us=96 flag_memcpy_us=4 total_us=100
[HIXL_PERF] event=comm_channel_async op=1 list_num=1 mutex_wait_us=0 slot_us=1 host_flag_us=13 record_us=1 issue_us=103 total_us=118
[HIXL_PERF] event=adxl_inner_async op=1 list_num=1 context_us=1 connect_us=0 get_channel_us=0 channel_async_us=120 tail_us=0 total_us=121
[HIXL_PERF] event=comm_engine_async op=1 list_num=1 desc_build_us=0 inner_us=124 total_us=124 status=0
[2026-08-24 20:57:25.738149][UC][I] [HIXL_WORKER_PERF] task_id=447 queue_depth=1 enqueue_lock_wait_us=1 enqueue_us=0 queue_wait_us=13 execute_us=130 result_post_us=11 total_us=155 status=0 [21272,21285][hixl_instance.cpp:107,Run]
[2026-08-24 20:57:25.738162][UC][I] [PERF] component=transport event=transfer_submitted manager=127.0.0.1:8000 target=127.0.0.1:4501 handle=150 transport_handle=150 opcode=1 direct=2 segments=1 bytes=57 submitted_ts_us=1787576245738161 manager_execute_async_ts_us=1787576245737991 backend_execute_async_ts_us=1787576245738006 manager_to_backend_execute_async_us=15 submit_us=170 [21272,21285][transport_manager.cpp:674,ExecuteAsync]
[HIXL_QUERY_PERF] layer=comm_channel request=0x5e mutex_wait_us=0 check_us=0 lookup_us=0 flag_check_us=0 complete_us=0 total_us=0 transfer_status=0
[HIXL_QUERY_PERF] layer=adxl_inner request=0x5e context_us=1 req_lock_wait_us=0 lookup_us=1 channel_us=6 cleanup_us=1 total_us=9 status=0 transfer_status=0
[HIXL_QUERY_PERF] layer=comm_engine request=0x5e total_us=11 status=0 transfer_status=0
[2026-08-24 20:57:25.738202][UC][I] [HIXL_WORKER_PERF] task_id=448 queue_depth=1 enqueue_lock_wait_us=1 enqueue_us=0 queue_wait_us=9 execute_us=14 result_post_us=10 total_us=34 status=0 [21272,21285][hixl_instance.cpp:107,Run]
[2026-08-24 20:57:25.738213][UC][I] [QUERY_PERF] component=ucm layer=hixl_instance request=0x5e queue_wait_us=11 backend_us=13 run_post_us=20 total_us=44 api_status=0 transfer_status=0 [21272,21285][hixl_instance.cpp:370,GetTransferStatus]
[2026-08-24 20:57:25.738219][UC][I] [QUERY_PERF] component=ucm layer=hixl_transport handle=150 request=0x5e lifecycle_lock_us=0 pending_lock_wait_us=0 pending_lookup_us=0 instance_us=50 erase_us=0 total_us=50 transfer_status=0 [21272,21285][hixl_transport.cpp:734,GetStatus]
[2026-08-24 20:57:25.738230][UC][I] [QUERY_PERF] component=ucm layer=transport_manager handle=150 transport_handle=150 transfers_lock_wait_us=0 lookup_us=0 transport_us=62 total_us=62 api_status=0 transfer_status=0 [21272,21285][transport_manager.cpp:716,GetStatus]
[HIXL_QUERY_PERF] layer=comm_channel request=0x5e mutex_wait_us=0 check_us=1 lookup_us=0 flag_check_us=0 complete_us=0 total_us=1 transfer_status=0
[HIXL_QUERY_PERF] layer=adxl_inner request=0x5e context_us=1 req_lock_wait_us=0 lookup_us=0 channel_us=7 cleanup_us=0 total_us=8 status=0 transfer_status=0
[HIXL_QUERY_PERF] layer=comm_engine request=0x5e total_us=10 status=0 transfer_status=0
[2026-08-24 20:57:25.738272][UC][I] [HIXL_WORKER_PERF] task_id=449 queue_depth=1 enqueue_lock_wait_us=1 enqueue_us=0 queue_wait_us=9 execute_us=17 result_post_us=10 total_us=37 status=0 [21272,21285][hixl_instance.cpp:107,Run]
[2026-08-24 20:57:25.738286][UC][I] [QUERY_PERF] component=ucm layer=hixl_instance request=0x5e queue_wait_us=11 backend_us=16 run_post_us=24 total_us=51 api_status=0 transfer_status=0 [21272,21285][hixl_instance.cpp:370,GetTransferStatus]
[2026-08-24 20:57:25.738291][UC][I] [QUERY_PERF] component=ucm layer=hixl_transport handle=150 request=0x5e lifecycle_lock_us=0 pending_lock_wait_us=0 pending_lookup_us=0 instance_us=56 erase_us=0 total_us=56 transfer_status=0 [21272,21285][hixl_transport.cpp:734,GetStatus]
[2026-08-24 20:57:25.738295][UC][I] [QUERY_PERF] component=ucm layer=transport_manager handle=150 transport_handle=150 transfers_lock_wait_us=0 lookup_us=0 transport_us=59 total_us=59 api_status=0 transfer_status=0 [21272,21285][transport_manager.cpp:716,GetStatus]
[HIXL_QUERY_PERF] layer=comm_channel request=0x5e mutex_wait_us=0 check_us=0 lookup_us=0 flag_check_us=0 complete_us=0 total_us=0 transfer_status=0
[HIXL_QUERY_PERF] layer=adxl_inner request=0x5e context_us=0 req_lock_wait_us=1 lookup_us=0 channel_us=8 cleanup_us=0 total_us=9 status=0 transfer_status=0
[HIXL_QUERY_PERF] layer=comm_engine request=0x5e total_us=11 status=0 transfer_status=0
[2026-08-24 20:57:25.738332][UC][I] [HIXL_WORKER_PERF] task_id=450 queue_depth=1 enqueue_lock_wait_us=1 enqueue_us=0 queue_wait_us=9 execute_us=14 result_post_us=9 total_us=33 status=0 [21272,21285][hixl_instance.cpp:107,Run]
[2026-08-24 20:57:25.738343][UC][I] [QUERY_PERF] component=ucm layer=hixl_instance request=0x5e queue_wait_us=10 backend_us=13 run_post_us=21 total_us=44 api_status=0 transfer_status=0 [21272,21285][hixl_instance.cpp:370,GetTransferStatus]
[2026-08-24 20:57:25.738348][UC][I] [QUERY_PERF] component=ucm layer=hixl_transport handle=150 request=0x5e lifecycle_lock_us=0 pending_lock_wait_us=0 pending_lookup_us=0 instance_us=48 erase_us=0 total_us=48 transfer_status=0 [21272,21285][hixl_transport.cpp:734,GetStatus]
[2026-08-24 20:57:25.738351][UC][I] [QUERY_PERF] component=ucm layer=transport_manager handle=150 transport_handle=150 transfers_lock_wait_us=0 lookup_us=0 transport_us=52 total_us=52 api_status=0 transfer_status=0 [21272,21285][transport_manager.cpp:716,GetStatus]
[HIXL_QUERY_PERF] layer=comm_channel request=0x5e mutex_wait_us=0 check_us=0 lookup_us=0 flag_check_us=0 complete_us=0 total_us=0 transfer_status=0
[HIXL_QUERY_PERF] layer=adxl_inner request=0x5e context_us=1 req_lock_wait_us=0 lookup_us=0 channel_us=8 cleanup_us=0 total_us=9 status=0 transfer_status=0
[HIXL_QUERY_PERF] layer=comm_engine request=0x5e total_us=11 status=0 transfer_status=0
[2026-08-24 20:57:25.738390][UC][I] [HIXL_WORKER_PERF] task_id=451 queue_depth=1 enqueue_lock_wait_us=1 enqueue_us=0 queue_wait_us=9 execute_us=14 result_post_us=10 total_us=34 status=0 [21272,21285][hixl_instance.cpp:107,Run]
[2026-08-24 20:57:25.738399][UC][I] [QUERY_PERF] component=ucm layer=hixl_instance request=0x5e queue_wait_us=11 backend_us=13 run_post_us=18 total_us=42 api_status=0 transfer_status=0 [21272,21285][hixl_instance.cpp:370,GetTransferStatus]
[2026-08-24 20:57:25.738402][UC][I] [QUERY_PERF] component=ucm layer=hixl_transport handle=150 request=0x5e lifecycle_lock_us=0 pending_lock_wait_us=0 pending_lookup_us=0 instance_us=45 erase_us=0 total_us=45 transfer_status=0 [21272,21285][hixl_transport.cpp:734,GetStatus]
[2026-08-24 20:57:25.738405][UC][I] [QUERY_PERF] component=ucm layer=transport_manager handle=150 transport_handle=150 transfers_lock_wait_us=0 lookup_us=0 transport_us=49 total_us=49 api_status=0 transfer_status=0 [21272,21285][transport_manager.cpp:716,GetStatus]
[HIXL_QUERY_PERF] layer=comm_channel request=0x5e mutex_wait_us=0 check_us=1 lookup_us=0 flag_check_us=0 complete_us=2 total_us=3 transfer_status=1
[HIXL_QUERY_PERF] layer=adxl_inner request=0x5e context_us=0 req_lock_wait_us=0 lookup_us=0 channel_us=10 cleanup_us=1 total_us=11 status=0 transfer_status=1
[HIXL_QUERY_PERF] layer=comm_engine request=0x5e total_us=18 status=0 transfer_status=1
[2026-08-24 20:57:25.738448][UC][I] [HIXL_WORKER_PERF] task_id=452 queue_depth=1 enqueue_lock_wait_us=0 enqueue_us=1 queue_wait_us=9 execute_us=19 result_post_us=10 total_us=39 status=0 [21272,21285][hixl_instance.cpp:107,Run]
[2026-08-24 20:57:25.738458][UC][I] [QUERY_PERF] component=ucm layer=hixl_instance request=0x5e queue_wait_us=10 backend_us=19 run_post_us=20 total_us=49 api_status=0 transfer_status=1 [21272,21285][hixl_instance.cpp:370,GetTransferStatus]
[2026-08-24 20:57:25.738464][UC][I] [QUERY_PERF] component=ucm layer=hixl_transport handle=150 request=0x5e lifecycle_lock_us=0 pending_lock_wait_us=0 pending_lookup_us=0 instance_us=54 erase_us=0 total_us=54 transfer_status=1 [21272,21285][hixl_transport.cpp:734,GetStatus]
[2026-08-24 20:57:25.738474][UC][I] [QUERY_PERF] component=ucm layer=transport_manager handle=150 transport_handle=150 transfers_lock_wait_us=1 lookup_us=0 transport_us=65 total_us=66 api_status=0 transfer_status=1 [21272,21285][transport_manager.cpp:716,GetStatus]
[2026-08-24 20:57:25.738478][UC][I] [PERF] component=transport event=transfer_done manager=127.0.0.1:8000 target=127.0.0.1:4501 handle=150 transport_handle=150 opcode=1 direct=2 segments=1 bytes=57 status=1 api_status=0 submitted_ts_us=1787576245738161 completed_ts_us=1787576245738477 manager_get_status_ts_us=1787576245738408 backend_query_ts_us=1787576245738419 submit_us=170 transfer_us=317 manager_to_backend_query_us=11 total_us=487 [21272,21285][transport_manager.cpp:727,GetStatus]
[2026-08-24 20:57:25.738484][UC][I] [PERF] component=drampool event=request_done request_id=30 opcode=1 peer=127.0.0.1:4501 batch_size=96 data_bytes=0 failed_items=0 status=SUCCESS failed_stage=NONE received_ts_us=1787576245737360 worker_started_ts_us=1787576245737442 data_transfer_submitted_ts_us=0 data_transfer_completed_ts_us=0 response_submitted_ts_us=1787576245738167 completed_ts_us=1787576245738482 data_tm_execute_async_ts_us=0 data_hixl_execute_async_ts_us=0 data_tm_get_status_ts_us=0 data_hixl_query_handle_ts_us=0 response_tm_execute_async_ts_us=1787576245737991 response_hixl_execute_async_ts_us=1787576245738006 response_tm_get_status_ts_us=1787576245738408 response_hixl_query_handle_ts_us=1787576245738419 request_queue_us=82 metadata_prepare_us=468 taskworker_prepare_us=470 poller_queue_us=76 data_transfer_us=0 metadata_settle_us=0 response_slot_wait_us=78 response_submit_us=178 response_transfer_us=314 data_tm_to_hixl_execute_async_us=0 data_tm_to_hixl_query_handle_us=0 response_tm_to_hixl_execute_async_us=15 response_tm_to_hixl_query_handle_us=11 total_us=1122 [21272,21285][completion_poller.cc:56,LogRequestDone]
[2026-08-24 20:57:28.933424][UC][I] [HIXL_WORKER_PERF] task_id=453 queue_depth=1 enqueue_lock_wait_us=2 enqueue_us=1 queue_wait_us=22 execute_us=196116 result_post_us=24 total_us=196165 status=0 [21272,21334][hixl_instance.cpp:107,Run]
[2026-08-24 20:57:29.111438][UC][I] [HIXL_WORKER_PERF] task_id=454 queue_depth=1 enqueue_lock_wait_us=0 enqueue_us=1 queue_wait_us=16 execute_us=177367 result_post_us=13 total_us=177397 status=0 [21272,21334][hixl_instance.cpp:107,Run]
[2026-08-24 20:57:34.203535][UC][I] [HIXL_WORKER_PERF] task_id=455 queue_depth=1 enqueue_lock_wait_us=2 enqueue_us=1 queue_wait_us=22 execute_us=193800 result_post_us=24 total_us=193849 status=0 [21272,21334][hixl_instance.cpp:107,Run]
[2026-08-24 20:57:34.547279][UC][I] [HIXL_WORKER_PERF] task_id=456 queue_depth=1 enqueue_lock_wait_us=1 enqueue_us=0 queue_wait_us=15 execute_us=343566 result_post_us=21 total_us=343603 status=0 [21272,21334][hixl_instance.cpp:107,Run]
[2026-08-24 20:57:34.743023][UC][I] [HIXL_WORKER_PERF] task_id=457 queue_depth=1 enqueue_lock_wait_us=1 enqueue_us=0 queue_wait_us=25 execute_us=195579 result_post_us=21 total_us=195626 status=0 [21272,21334][hixl_instance.cpp:107,Run]
[2026-08-24 20:57:34.800186][UC][I] [HIXL_WORKER_PERF] task_id=458 queue_depth=1 enqueue_lock_wait_us=1 enqueue_us=0 queue_wait_us=16 execute_us=57055 result_post_us=19 total_us=57091 status=0 [21272,21334][hixl_instance.cpp:107,Run]
