[2026-08-24 20:42:28.635913][UC][I] DramPool CompletionPoller started [14755,14768][drampool_server.cc:555,CompletionPollerLoop]
[2026-08-24 20:42:28.636072][UC][I] DramPool TaskWorker started [14755,14769][drampool_server.cc:473,TaskWorkerLoop]
[2026-08-24 20:42:28.636208][UC][I] DramPool GCThread started, interval_ms=1000 [14755,14770][drampool_server.cc:562,GCThreadLoop]
[2026-08-24 20:42:28.636351][UC][I] DramPool RequestReceiver started, addr=127.0.0.1:9000 [14755,14771][drampool_server.cc:480,RequestReceiveLoop]
[2026-08-24 20:42:30.428920][UC][I] DramPool health server is disabled [14755,14755][health_server.cc:140,Start]
[2026-08-24 20:42:30.428984][UC][I] DramPool service ready, addr=127.0.0.1:9000 [14755,14755][drampool_daemon.cc:79,Run]
[HIXL_PERF] event=hccl_batch op=1 desc_num=1 hccl_us=220 status=0
[HIXL_PERF] event=issue_hccl_batch op=1 list_num=1 total_us=272
[HIXL_PERF] event=issue_async_host_flag op=1 list_num=1 context_us=0 hccl_issue_us=277 flag_memcpy_us=14 total_us=291
[HIXL_PERF] event=comm_channel_async op=1 list_num=1 mutex_wait_us=1 slot_us=1450 host_flag_us=8 record_us=1 issue_us=295 total_us=1755
[HIXL_PERF] event=adxl_inner_async op=1 list_num=1 context_us=8 connect_us=0 get_channel_us=4 channel_async_us=1758 tail_us=8 total_us=1778
[HIXL_PERF] event=comm_engine_async op=1 list_num=1 desc_build_us=1 inner_us=1783 total_us=1784 status=0
[2026-08-24 20:43:21.633258][UC][I] [PERF] component=transport event=transfer_submitted manager=127.0.0.1:8000 target=127.0.0.1:4500 handle=1 transport_handle=1 opcode=1 direct=2 segments=1 bytes=10 submitted_ts_us=1787575401633255 manager_execute_async_ts_us=1787575401631414 backend_execute_async_ts_us=1787575401631440 manager_to_backend_execute_async_us=25 submit_us=1837 [14755,14768][transport_manager.cpp:674,ExecuteAsync]
[HIXL_QUERY_PERF] layer=comm_channel request=0x1 mutex_wait_us=0 check_us=0 lookup_us=1 flag_check_us=0 complete_us=0 total_us=1 transfer_status=0
[HIXL_QUERY_PERF] layer=adxl_inner request=0x1 context_us=1 req_lock_wait_us=0 lookup_us=2 channel_us=7 cleanup_us=1 total_us=11 status=0 transfer_status=0
[HIXL_QUERY_PERF] layer=comm_engine request=0x1 total_us=15 status=0 transfer_status=0
[2026-08-24 20:43:21.633329][UC][I] [QUERY_PERF] component=ucm layer=hixl_instance request=0x1 queue_wait_us=6 backend_us=19 run_post_us=4 total_us=29 api_status=0 transfer_status=0 [14755,14768][hixl_instance.cpp:342,GetTransferStatus]
[2026-08-24 20:43:21.633336][UC][I] [QUERY_PERF] component=ucm layer=hixl_transport handle=1 request=0x1 lifecycle_lock_us=0 pending_lock_wait_us=0 pending_lookup_us=0 instance_us=37 erase_us=0 total_us=37 transfer_status=0 [14755,14768][hixl_transport.cpp:734,GetStatus]
[2026-08-24 20:43:21.633341][UC][I] [QUERY_PERF] component=ucm layer=transport_manager handle=1 transport_handle=1 transfers_lock_wait_us=0 lookup_us=0 transport_us=43 total_us=43 api_status=0 transfer_status=0 [14755,14768][transport_manager.cpp:716,GetStatus]
[HIXL_QUERY_PERF] layer=comm_channel request=0x1 mutex_wait_us=0 check_us=0 lookup_us=0 flag_check_us=0 complete_us=0 total_us=0 transfer_status=0
[HIXL_QUERY_PERF] layer=adxl_inner request=0x1 context_us=1 req_lock_wait_us=0 lookup_us=0 channel_us=4 cleanup_us=1 total_us=6 status=0 transfer_status=0
[HIXL_QUERY_PERF] layer=comm_engine request=0x1 total_us=8 status=0 transfer_status=0
[2026-08-24 20:43:21.633363][UC][I] [QUERY_PERF] component=ucm layer=hixl_instance request=0x1 queue_wait_us=4 backend_us=9 run_post_us=4 total_us=17 api_status=0 transfer_status=0 [14755,14768][hixl_instance.cpp:342,GetTransferStatus]
[2026-08-24 20:43:21.633368][UC][I] [QUERY_PERF] component=ucm layer=hixl_transport handle=1 request=0x1 lifecycle_lock_us=0 pending_lock_wait_us=0 pending_lookup_us=0 instance_us=22 erase_us=0 total_us=22 transfer_status=0 [14755,14768][hixl_transport.cpp:734,GetStatus]
[2026-08-24 20:43:21.633371][UC][I] [QUERY_PERF] component=ucm layer=transport_manager handle=1 transport_handle=1 transfers_lock_wait_us=0 lookup_us=0 transport_us=26 total_us=26 api_status=0 transfer_status=0 [14755,14768][transport_manager.cpp:716,GetStatus]
[HIXL_QUERY_PERF] layer=comm_channel request=0x1 mutex_wait_us=0 check_us=0 lookup_us=0 flag_check_us=0 complete_us=0 total_us=0 transfer_status=0
[HIXL_QUERY_PERF] layer=adxl_inner request=0x1 context_us=0 req_lock_wait_us=0 lookup_us=1 channel_us=3 cleanup_us=0 total_us=4 status=0 transfer_status=0
[HIXL_QUERY_PERF] layer=comm_engine request=0x1 total_us=9 status=0 transfer_status=0
[2026-08-24 20:43:21.633405][UC][I] [QUERY_PERF] component=ucm layer=hixl_instance request=0x1 queue_wait_us=4 backend_us=12 run_post_us=4 total_us=20 api_status=0 transfer_status=0 [14755,14768][hixl_instance.cpp:342,GetTransferStatus]
[2026-08-24 20:43:21.633410][UC][I] [QUERY_PERF] component=ucm layer=hixl_transport handle=1 request=0x1 lifecycle_lock_us=0 pending_lock_wait_us=0 pending_lookup_us=0 instance_us=25 erase_us=0 total_us=25 transfer_status=0 [14755,14768][hixl_transport.cpp:734,GetStatus]
[2026-08-24 20:43:21.633414][UC][I] [QUERY_PERF] component=ucm layer=transport_manager handle=1 transport_handle=1 transfers_lock_wait_us=0 lookup_us=0 transport_us=28 total_us=28 api_status=0 transfer_status=0 [14755,14768][transport_manager.cpp:716,GetStatus]
[HIXL_QUERY_PERF] layer=comm_channel request=0x1 mutex_wait_us=0 check_us=0 lookup_us=0 flag_check_us=0 complete_us=0 total_us=0 transfer_status=0
[HIXL_QUERY_PERF] layer=adxl_inner request=0x1 context_us=0 req_lock_wait_us=0 lookup_us=1 channel_us=3 cleanup_us=0 total_us=4 status=0 transfer_status=0
[HIXL_QUERY_PERF] layer=comm_engine request=0x1 total_us=7 status=0 transfer_status=0
[2026-08-24 20:43:21.633436][UC][I] [QUERY_PERF] component=ucm layer=hixl_instance request=0x1 queue_wait_us=5 backend_us=9 run_post_us=4 total_us=18 api_status=0 transfer_status=0 [14755,14768][hixl_instance.cpp:342,GetTransferStatus]
[2026-08-24 20:43:21.633440][UC][I] [QUERY_PERF] component=ucm layer=hixl_transport handle=1 request=0x1 lifecycle_lock_us=0 pending_lock_wait_us=0 pending_lookup_us=0 instance_us=23 erase_us=0 total_us=23 transfer_status=0 [14755,14768][hixl_transport.cpp:734,GetStatus]
[2026-08-24 20:43:21.633443][UC][I] [QUERY_PERF] component=ucm layer=transport_manager handle=1 transport_handle=1 transfers_lock_wait_us=0 lookup_us=1 transport_us=26 total_us=27 api_status=0 transfer_status=0 [14755,14768][transport_manager.cpp:716,GetStatus]
[HIXL_QUERY_PERF] layer=comm_channel request=0x1 mutex_wait_us=0 check_us=1 lookup_us=0 flag_check_us=0 complete_us=0 total_us=1 transfer_status=0
[HIXL_QUERY_PERF] layer=adxl_inner request=0x1 context_us=0 req_lock_wait_us=0 lookup_us=0 channel_us=3 cleanup_us=0 total_us=3 status=0 transfer_status=0
[HIXL_QUERY_PERF] layer=comm_engine request=0x1 total_us=6 status=0 transfer_status=0
[2026-08-24 20:43:21.633477][UC][I] [QUERY_PERF] component=ucm layer=hixl_instance request=0x1 queue_wait_us=3 backend_us=8 run_post_us=4 total_us=15 api_status=0 transfer_status=0 [14755,14768][hixl_instance.cpp:342,GetTransferStatus]
[2026-08-24 20:43:21.633482][UC][I] [QUERY_PERF] component=ucm layer=hixl_transport handle=1 request=0x1 lifecycle_lock_us=1 pending_lock_wait_us=0 pending_lookup_us=0 instance_us=21 erase_us=0 total_us=22 transfer_status=0 [14755,14768][hixl_transport.cpp:734,GetStatus]
[2026-08-24 20:43:21.633486][UC][I] [QUERY_PERF] component=ucm layer=transport_manager handle=1 transport_handle=1 transfers_lock_wait_us=0 lookup_us=0 transport_us=26 total_us=26 api_status=0 transfer_status=0 [14755,14768][transport_manager.cpp:716,GetStatus]
[HIXL_QUERY_PERF] layer=comm_channel request=0x1 mutex_wait_us=0 check_us=0 lookup_us=0 flag_check_us=0 complete_us=0 total_us=0 transfer_status=0
[HIXL_QUERY_PERF] layer=adxl_inner request=0x1 context_us=0 req_lock_wait_us=0 lookup_us=1 channel_us=2 cleanup_us=0 total_us=3 status=0 transfer_status=0
[HIXL_QUERY_PERF] layer=comm_engine request=0x1 total_us=5 status=0 transfer_status=0
[2026-08-24 20:43:21.633504][UC][I] [QUERY_PERF] component=ucm layer=hixl_instance request=0x1 queue_wait_us=3 backend_us=7 run_post_us=4 total_us=14 api_status=0 transfer_status=0 [14755,14768][hixl_instance.cpp:342,GetTransferStatus]
[2026-08-24 20:43:21.633513][UC][I] [QUERY_PERF] component=ucm layer=hixl_transport handle=1 request=0x1 lifecycle_lock_us=0 pending_lock_wait_us=0 pending_lookup_us=0 instance_us=23 erase_us=0 total_us=23 transfer_status=0 [14755,14768][hixl_transport.cpp:734,GetStatus]
[2026-08-24 20:43:21.633516][UC][I] [QUERY_PERF] component=ucm layer=transport_manager handle=1 transport_handle=1 transfers_lock_wait_us=0 lookup_us=0 transport_us=27 total_us=27 api_status=0 transfer_status=0 [14755,14768][transport_manager.cpp:716,GetStatus]
[HIXL_QUERY_PERF] layer=comm_channel request=0x1 mutex_wait_us=0 check_us=0 lookup_us=0 flag_check_us=0 complete_us=0 total_us=0 transfer_status=0
[HIXL_QUERY_PERF] layer=adxl_inner request=0x1 context_us=1 req_lock_wait_us=0 lookup_us=0 channel_us=3 cleanup_us=0 total_us=4 status=0 transfer_status=0
[HIXL_QUERY_PERF] layer=comm_engine request=0x1 total_us=6 status=0 transfer_status=0
[2026-08-24 20:43:21.633535][UC][I] [QUERY_PERF] component=ucm layer=hixl_instance request=0x1 queue_wait_us=4 backend_us=7 run_post_us=4 total_us=15 api_status=0 transfer_status=0 [14755,14768][hixl_instance.cpp:342,GetTransferStatus]
[2026-08-24 20:43:21.633539][UC][I] [QUERY_PERF] component=ucm layer=hixl_transport handle=1 request=0x1 lifecycle_lock_us=0 pending_lock_wait_us=0 pending_lookup_us=0 instance_us=19 erase_us=0 total_us=19 transfer_status=0 [14755,14768][hixl_transport.cpp:734,GetStatus]
[2026-08-24 20:43:21.633542][UC][I] [QUERY_PERF] component=ucm layer=transport_manager handle=1 transport_handle=1 transfers_lock_wait_us=0 lookup_us=0 transport_us=22 total_us=22 api_status=0 transfer_status=0 [14755,14768][transport_manager.cpp:716,GetStatus]
[HIXL_QUERY_PERF] layer=comm_channel request=0x1 mutex_wait_us=0 check_us=0 lookup_us=1 flag_check_us=0 complete_us=0 total_us=1 transfer_status=0
[HIXL_QUERY_PERF] layer=adxl_inner request=0x1 context_us=1 req_lock_wait_us=0 lookup_us=0 channel_us=3 cleanup_us=0 total_us=4 status=0 transfer_status=0
[HIXL_QUERY_PERF] layer=comm_engine request=0x1 total_us=6 status=0 transfer_status=0
[2026-08-24 20:43:21.633560][UC][I] [QUERY_PERF] component=ucm layer=hixl_instance request=0x1 queue_wait_us=4 backend_us=8 run_post_us=3 total_us=15 api_status=0 transfer_status=0 [14755,14768][hixl_instance.cpp:342,GetTransferStatus]
[2026-08-24 20:43:21.633565][UC][I] [QUERY_PERF] component=ucm layer=hixl_transport handle=1 request=0x1 lifecycle_lock_us=0 pending_lock_wait_us=0 pending_lookup_us=0 instance_us=20 erase_us=0 total_us=20 transfer_status=0 [14755,14768][hixl_transport.cpp:734,GetStatus]
[2026-08-24 20:43:21.633568][UC][I] [QUERY_PERF] component=ucm layer=transport_manager handle=1 transport_handle=1 transfers_lock_wait_us=0 lookup_us=0 transport_us=24 total_us=24 api_status=0 transfer_status=0 [14755,14768][transport_manager.cpp:716,GetStatus]
[HIXL_QUERY_PERF] layer=comm_channel request=0x1 mutex_wait_us=0 check_us=0 lookup_us=0 flag_check_us=1 complete_us=0 total_us=1 transfer_status=0
[HIXL_QUERY_PERF] layer=adxl_inner request=0x1 context_us=1 req_lock_wait_us=0 lookup_us=0 channel_us=4 cleanup_us=0 total_us=5 status=0 transfer_status=0
[HIXL_QUERY_PERF] layer=comm_engine request=0x1 total_us=8 status=0 transfer_status=0
[2026-08-24 20:43:21.633591][UC][I] [QUERY_PERF] component=ucm layer=hixl_instance request=0x1 queue_wait_us=3 backend_us=10 run_post_us=3 total_us=16 api_status=0 transfer_status=0 [14755,14768][hixl_instance.cpp:342,GetTransferStatus]
[2026-08-24 20:43:21.633597][UC][I] [QUERY_PERF] component=ucm layer=hixl_transport handle=1 request=0x1 lifecycle_lock_us=0 pending_lock_wait_us=0 pending_lookup_us=1 instance_us=22 erase_us=0 total_us=23 transfer_status=0 [14755,14768][hixl_transport.cpp:734,GetStatus]
[2026-08-24 20:43:21.633601][UC][I] [QUERY_PERF] component=ucm layer=transport_manager handle=1 transport_handle=1 transfers_lock_wait_us=0 lookup_us=0 transport_us=28 total_us=28 api_status=0 transfer_status=0 [14755,14768][transport_manager.cpp:716,GetStatus]
[HIXL_QUERY_PERF] layer=comm_channel request=0x1 mutex_wait_us=1 check_us=0 lookup_us=0 flag_check_us=0 complete_us=0 total_us=1 transfer_status=0
[HIXL_QUERY_PERF] layer=adxl_inner request=0x1 context_us=0 req_lock_wait_us=0 lookup_us=0 channel_us=12 cleanup_us=0 total_us=12 status=0 transfer_status=0
[HIXL_QUERY_PERF] layer=comm_engine request=0x1 total_us=15 status=0 transfer_status=0
[2026-08-24 20:43:21.633629][UC][I] [QUERY_PERF] component=ucm layer=hixl_instance request=0x1 queue_wait_us=3 backend_us=18 run_post_us=4 total_us=25 api_status=0 transfer_status=0 [14755,14768][hixl_instance.cpp:342,GetTransferStatus]
[2026-08-24 20:43:21.633641][UC][I] [QUERY_PERF] component=ucm layer=hixl_transport handle=1 request=0x1 lifecycle_lock_us=0 pending_lock_wait_us=0 pending_lookup_us=0 instance_us=37 erase_us=0 total_us=37 transfer_status=0 [14755,14768][hixl_transport.cpp:734,GetStatus]
[2026-08-24 20:43:21.633646][UC][I] [QUERY_PERF] component=ucm layer=transport_manager handle=1 transport_handle=1 transfers_lock_wait_us=0 lookup_us=0 transport_us=41 total_us=41 api_status=0 transfer_status=0 [14755,14768][transport_manager.cpp:716,GetStatus]
[HIXL_QUERY_PERF] layer=comm_channel request=0x1 mutex_wait_us=0 check_us=0 lookup_us=0 flag_check_us=0 complete_us=0 total_us=0 transfer_status=0
[HIXL_QUERY_PERF] layer=adxl_inner request=0x1 context_us=1 req_lock_wait_us=0 lookup_us=0 channel_us=4 cleanup_us=0 total_us=5 status=0 transfer_status=0
[HIXL_QUERY_PERF] layer=comm_engine request=0x1 total_us=7 status=0 transfer_status=0
[2026-08-24 20:43:21.633665][UC][I] [QUERY_PERF] component=ucm layer=hixl_instance request=0x1 queue_wait_us=4 backend_us=8 run_post_us=4 total_us=16 api_status=0 transfer_status=0 [14755,14768][hixl_instance.cpp:342,GetTransferStatus]
[2026-08-24 20:43:21.633670][UC][I] [QUERY_PERF] component=ucm layer=hixl_transport handle=1 request=0x1 lifecycle_lock_us=0 pending_lock_wait_us=0 pending_lookup_us=0 instance_us=21 erase_us=0 total_us=21 transfer_status=0 [14755,14768][hixl_transport.cpp:734,GetStatus]
[2026-08-24 20:43:21.633675][UC][I] [QUERY_PERF] component=ucm layer=transport_manager handle=1 transport_handle=1 transfers_lock_wait_us=0 lookup_us=0 transport_us=25 total_us=25 api_status=0 transfer_status=0 [14755,14768][transport_manager.cpp:716,GetStatus]
[HIXL_QUERY_PERF] layer=comm_channel request=0x1 mutex_wait_us=0 check_us=0 lookup_us=0 flag_check_us=0 complete_us=0 total_us=0 transfer_status=0
[HIXL_QUERY_PERF] layer=adxl_inner request=0x1 context_us=0 req_lock_wait_us=0 lookup_us=1 channel_us=3 cleanup_us=0 total_us=4 status=0 transfer_status=0
[HIXL_QUERY_PERF] layer=comm_engine request=0x1 total_us=7 status=0 transfer_status=0
[2026-08-24 20:43:21.633694][UC][I] [QUERY_PERF] component=ucm layer=hixl_instance request=0x1 queue_wait_us=4 backend_us=8 run_post_us=4 total_us=16 api_status=0 transfer_status=0 [14755,14768][hixl_instance.cpp:342,GetTransferStatus]
[2026-08-24 20:43:21.633700][UC][I] [QUERY_PERF] component=ucm layer=hixl_transport handle=1 request=0x1 lifecycle_lock_us=0 pending_lock_wait_us=0 pending_lookup_us=0 instance_us=21 erase_us=0 total_us=21 transfer_status=0 [14755,14768][hixl_transport.cpp:734,GetStatus]
[2026-08-24 20:43:21.633703][UC][I] [QUERY_PERF] component=ucm layer=transport_manager handle=1 transport_handle=1 transfers_lock_wait_us=0 lookup_us=0 transport_us=24 total_us=24 api_status=0 transfer_status=0 [14755,14768][transport_manager.cpp:716,GetStatus]
[HIXL_QUERY_PERF] layer=comm_channel request=0x1 mutex_wait_us=0 check_us=0 lookup_us=0 flag_check_us=0 complete_us=0 total_us=0 transfer_status=0
[HIXL_QUERY_PERF] layer=adxl_inner request=0x1 context_us=1 req_lock_wait_us=0 lookup_us=0 channel_us=3 cleanup_us=0 total_us=4 status=0 transfer_status=0
[HIXL_QUERY_PERF] layer=comm_engine request=0x1 total_us=5 status=0 transfer_status=0
[2026-08-24 20:43:21.633720][UC][I] [QUERY_PERF] component=ucm layer=hixl_instance request=0x1 queue_wait_us=3 backend_us=8 run_post_us=3 total_us=14 api_status=0 transfer_status=0 [14755,14768][hixl_instance.cpp:342,GetTransferStatus]
[2026-08-24 20:43:21.633726][UC][I] [QUERY_PERF] component=ucm layer=hixl_transport handle=1 request=0x1 lifecycle_lock_us=0 pending_lock_wait_us=1 pending_lookup_us=0 instance_us=19 erase_us=0 total_us=20 transfer_status=0 [14755,14768][hixl_transport.cpp:734,GetStatus]
[2026-08-24 20:43:21.633733][UC][I] [QUERY_PERF] component=ucm layer=transport_manager handle=1 transport_handle=1 transfers_lock_wait_us=0 lookup_us=0 transport_us=27 total_us=27 api_status=0 transfer_status=0 [14755,14768][transport_manager.cpp:716,GetStatus]
[HIXL_QUERY_PERF] layer=comm_channel request=0x1 mutex_wait_us=0 check_us=0 lookup_us=0 flag_check_us=0 complete_us=0 total_us=0 transfer_status=0
[HIXL_QUERY_PERF] layer=adxl_inner request=0x1 context_us=1 req_lock_wait_us=0 lookup_us=0 channel_us=4 cleanup_us=0 total_us=5 status=0 transfer_status=0
[HIXL_QUERY_PERF] layer=comm_engine request=0x1 total_us=7 status=0 transfer_status=0
[2026-08-24 20:43:21.633753][UC][I] [QUERY_PERF] component=ucm layer=hixl_instance request=0x1 queue_wait_us=3 backend_us=9 run_post_us=3 total_us=15 api_status=0 transfer_status=0 [14755,14768][hixl_instance.cpp:342,GetTransferStatus]
[2026-08-24 20:43:21.633759][UC][I] [QUERY_PERF] component=ucm layer=hixl_transport handle=1 request=0x1 lifecycle_lock_us=0 pending_lock_wait_us=1 pending_lookup_us=0 instance_us=21 erase_us=0 total_us=22 transfer_status=0 [14755,14768][hixl_transport.cpp:734,GetStatus]
[2026-08-24 20:43:21.633763][UC][I] [QUERY_PERF] component=ucm layer=transport_manager handle=1 transport_handle=1 transfers_lock_wait_us=0 lookup_us=0 transport_us=26 total_us=26 api_status=0 transfer_status=0 [14755,14768][transport_manager.cpp:716,GetStatus]
[HIXL_QUERY_PERF] layer=comm_channel request=0x1 mutex_wait_us=0 check_us=1 lookup_us=0 flag_check_us=0 complete_us=0 total_us=1 transfer_status=0
[HIXL_QUERY_PERF] layer=adxl_inner request=0x1 context_us=0 req_lock_wait_us=0 lookup_us=0 channel_us=5 cleanup_us=0 total_us=5 status=0 transfer_status=0
[HIXL_QUERY_PERF] layer=comm_engine request=0x1 total_us=8 status=0 transfer_status=0
[2026-08-24 20:43:21.633785][UC][I] [QUERY_PERF] component=ucm layer=hixl_instance request=0x1 queue_wait_us=3 backend_us=11 run_post_us=4 total_us=18 api_status=0 transfer_status=0 [14755,14768][hixl_instance.cpp:342,GetTransferStatus]
[2026-08-24 20:43:21.633790][UC][I] [QUERY_PERF] component=ucm layer=hixl_transport handle=1 request=0x1 lifecycle_lock_us=0 pending_lock_wait_us=0 pending_lookup_us=0 instance_us=23 erase_us=0 total_us=23 transfer_status=0 [14755,14768][hixl_transport.cpp:734,GetStatus]
[2026-08-24 20:43:21.633798][UC][I] [QUERY_PERF] component=ucm layer=transport_manager handle=1 transport_handle=1 transfers_lock_wait_us=1 lookup_us=0 transport_us=30 total_us=31 api_status=0 transfer_status=0 [14755,14768][transport_manager.cpp:716,GetStatus]
[HIXL_QUERY_PERF] layer=comm_channel request=0x1 mutex_wait_us=0 check_us=0 lookup_us=1 flag_check_us=0 complete_us=0 total_us=1 transfer_status=0
[HIXL_QUERY_PERF] layer=adxl_inner request=0x1 context_us=1 req_lock_wait_us=0 lookup_us=0 channel_us=4 cleanup_us=0 total_us=5 status=0 transfer_status=0
[HIXL_QUERY_PERF] layer=comm_engine request=0x1 total_us=7 status=0 transfer_status=0
[2026-08-24 20:43:21.633819][UC][I] [QUERY_PERF] component=ucm layer=hixl_instance request=0x1 queue_wait_us=3 backend_us=8 run_post_us=3 total_us=14 api_status=0 transfer_status=0 [14755,14768][hixl_instance.cpp:342,GetTransferStatus]
[2026-08-24 20:43:21.633823][UC][I] [QUERY_PERF] component=ucm layer=hixl_transport handle=1 request=0x1 lifecycle_lock_us=0 pending_lock_wait_us=0 pending_lookup_us=0 instance_us=19 erase_us=0 total_us=19 transfer_status=0 [14755,14768][hixl_transport.cpp:734,GetStatus]
[2026-08-24 20:43:21.633826][UC][I] [QUERY_PERF] component=ucm layer=transport_manager handle=1 transport_handle=1 transfers_lock_wait_us=0 lookup_us=0 transport_us=22 total_us=22 api_status=0 transfer_status=0 [14755,14768][transport_manager.cpp:716,GetStatus]
[HIXL_QUERY_PERF] layer=comm_channel request=0x1 mutex_wait_us=0 check_us=0 lookup_us=0 flag_check_us=0 complete_us=0 total_us=0 transfer_status=0
[HIXL_QUERY_PERF] layer=adxl_inner request=0x1 context_us=1 req_lock_wait_us=0 lookup_us=0 channel_us=8 cleanup_us=0 total_us=9 status=0 transfer_status=0
[HIXL_QUERY_PERF] layer=comm_engine request=0x1 total_us=12 status=0 transfer_status=0
[2026-08-24 20:43:21.633849][UC][I] [QUERY_PERF] component=ucm layer=hixl_instance request=0x1 queue_wait_us=3 backend_us=13 run_post_us=4 total_us=20 api_status=0 transfer_status=0 [14755,14768][hixl_instance.cpp:342,GetTransferStatus]
[2026-08-24 20:43:21.633854][UC][I] [QUERY_PERF] component=ucm layer=hixl_transport handle=1 request=0x1 lifecycle_lock_us=0 pending_lock_wait_us=1 pending_lookup_us=0 instance_us=24 erase_us=0 total_us=25 transfer_status=0 [14755,14768][hixl_transport.cpp:734,GetStatus]
[2026-08-24 20:43:21.633857][UC][I] [QUERY_PERF] component=ucm layer=transport_manager handle=1 transport_handle=1 transfers_lock_wait_us=0 lookup_us=0 transport_us=29 total_us=29 api_status=0 transfer_status=0 [14755,14768][transport_manager.cpp:716,GetStatus]
[HIXL_QUERY_PERF] layer=comm_channel request=0x1 mutex_wait_us=0 check_us=0 lookup_us=0 flag_check_us=0 complete_us=0 total_us=0 transfer_status=0
[HIXL_QUERY_PERF] layer=adxl_inner request=0x1 context_us=0 req_lock_wait_us=0 lookup_us=1 channel_us=3 cleanup_us=0 total_us=4 status=0 transfer_status=0
[HIXL_QUERY_PERF] layer=comm_engine request=0x1 total_us=8 status=0 transfer_status=0
[2026-08-24 20:43:21.633879][UC][I] [QUERY_PERF] component=ucm layer=hixl_instance request=0x1 queue_wait_us=4 backend_us=10 run_post_us=3 total_us=17 api_status=0 transfer_status=0 [14755,14768][hixl_instance.cpp:342,GetTransferStatus]
[2026-08-24 20:43:21.633884][UC][I] [QUERY_PERF] component=ucm layer=hixl_transport handle=1 request=0x1 lifecycle_lock_us=0 pending_lock_wait_us=0 pending_lookup_us=0 instance_us=22 erase_us=0 total_us=22 transfer_status=0 [14755,14768][hixl_transport.cpp:734,GetStatus]
[2026-08-24 20:43:21.633888][UC][I] [QUERY_PERF] component=ucm layer=transport_manager handle=1 transport_handle=1 transfers_lock_wait_us=0 lookup_us=0 transport_us=26 total_us=26 api_status=0 transfer_status=0 [14755,14768][transport_manager.cpp:716,GetStatus]
[HIXL_QUERY_PERF] layer=comm_channel request=0x1 mutex_wait_us=0 check_us=0 lookup_us=0 flag_check_us=0 complete_us=0 total_us=0 transfer_status=0
[HIXL_QUERY_PERF] layer=adxl_inner request=0x1 context_us=1 req_lock_wait_us=0 lookup_us=0 channel_us=4 cleanup_us=0 total_us=5 status=0 transfer_status=0
[HIXL_QUERY_PERF] layer=comm_engine request=0x1 total_us=7 status=0 transfer_status=0
[2026-08-24 20:43:21.633909][UC][I] [QUERY_PERF] component=ucm layer=hixl_instance request=0x1 queue_wait_us=3 backend_us=10 run_post_us=3 total_us=16 api_status=0 transfer_status=0 [14755,14768][hixl_instance.cpp:342,GetTransferStatus]
[2026-08-24 20:43:21.633915][UC][I] [QUERY_PERF] component=ucm layer=hixl_transport handle=1 request=0x1 lifecycle_lock_us=1 pending_lock_wait_us=0 pending_lookup_us=0 instance_us=22 erase_us=0 total_us=23 transfer_status=0 [14755,14768][hixl_transport.cpp:734,GetStatus]
[2026-08-24 20:43:21.633919][UC][I] [QUERY_PERF] component=ucm layer=transport_manager handle=1 transport_handle=1 transfers_lock_wait_us=0 lookup_us=0 transport_us=28 total_us=28 api_status=0 transfer_status=0 [14755,14768][transport_manager.cpp:716,GetStatus]
[HIXL_QUERY_PERF] layer=comm_channel request=0x1 mutex_wait_us=0 check_us=0 lookup_us=0 flag_check_us=0 complete_us=0 total_us=0 transfer_status=0
[HIXL_QUERY_PERF] layer=adxl_inner request=0x1 context_us=0 req_lock_wait_us=1 lookup_us=0 channel_us=3 cleanup_us=0 total_us=4 status=0 transfer_status=0
[HIXL_QUERY_PERF] layer=comm_engine request=0x1 total_us=6 status=0 transfer_status=0
[2026-08-24 20:43:21.633938][UC][I] [QUERY_PERF] component=ucm layer=hixl_instance request=0x1 queue_wait_us=4 backend_us=8 run_post_us=3 total_us=15 api_status=0 transfer_status=0 [14755,14768][hixl_instance.cpp:342,GetTransferStatus]
[2026-08-24 20:43:21.633942][UC][I] [QUERY_PERF] component=ucm layer=hixl_transport handle=1 request=0x1 lifecycle_lock_us=0 pending_lock_wait_us=0 pending_lookup_us=0 instance_us=19 erase_us=0 total_us=19 transfer_status=0 [14755,14768][hixl_transport.cpp:734,GetStatus]
[2026-08-24 20:43:21.633951][UC][I] [QUERY_PERF] component=ucm layer=transport_manager handle=1 transport_handle=1 transfers_lock_wait_us=0 lookup_us=0 transport_us=27 total_us=27 api_status=0 transfer_status=0 [14755,14768][transport_manager.cpp:716,GetStatus]
[HIXL_QUERY_PERF] layer=comm_channel request=0x1 mutex_wait_us=0 check_us=0 lookup_us=0 flag_check_us=0 complete_us=0 total_us=0 transfer_status=0
[HIXL_QUERY_PERF] layer=adxl_inner request=0x1 context_us=0 req_lock_wait_us=0 lookup_us=1 channel_us=5 cleanup_us=0 total_us=6 status=0 transfer_status=0
[HIXL_QUERY_PERF] layer=comm_engine request=0x1 total_us=9 status=0 transfer_status=0
[2026-08-24 20:43:21.633979][UC][I] [QUERY_PERF] component=ucm layer=hixl_instance request=0x1 queue_wait_us=4 backend_us=12 run_post_us=3 total_us=19 api_status=0 transfer_status=0 [14755,14768][hixl_instance.cpp:342,GetTransferStatus]
[2026-08-24 20:43:21.633985][UC][I] [QUERY_PERF] component=ucm layer=hixl_transport handle=1 request=0x1 lifecycle_lock_us=0 pending_lock_wait_us=0 pending_lookup_us=0 instance_us=25 erase_us=0 total_us=25 transfer_status=0 [14755,14768][hixl_transport.cpp:734,GetStatus]
[2026-08-24 20:43:21.633989][UC][I] [QUERY_PERF] component=ucm layer=transport_manager handle=1 transport_handle=1 transfers_lock_wait_us=0 lookup_us=0 transport_us=29 total_us=29 api_status=0 transfer_status=0 [14755,14768][transport_manager.cpp:716,GetStatus]
[HIXL_QUERY_PERF] layer=comm_channel request=0x1 mutex_wait_us=0 check_us=0 lookup_us=0 flag_check_us=0 complete_us=0 total_us=0 transfer_status=0
[HIXL_QUERY_PERF] layer=adxl_inner request=0x1 context_us=0 req_lock_wait_us=0 lookup_us=1 channel_us=2 cleanup_us=0 total_us=3 status=0 transfer_status=0
[HIXL_QUERY_PERF] layer=comm_engine request=0x1 total_us=5 status=0 transfer_status=0
[2026-08-24 20:43:21.634006][UC][I] [QUERY_PERF] component=ucm layer=hixl_instance request=0x1 queue_wait_us=4 backend_us=6 run_post_us=4 total_us=14 api_status=0 transfer_status=0 [14755,14768][hixl_instance.cpp:342,GetTransferStatus]
[2026-08-24 20:43:21.634010][UC][I] [QUERY_PERF] component=ucm layer=hixl_transport handle=1 request=0x1 lifecycle_lock_us=0 pending_lock_wait_us=0 pending_lookup_us=0 instance_us=18 erase_us=0 total_us=18 transfer_status=0 [14755,14768][hixl_transport.cpp:734,GetStatus]
[2026-08-24 20:43:21.634013][UC][I] [QUERY_PERF] component=ucm layer=transport_manager handle=1 transport_handle=1 transfers_lock_wait_us=0 lookup_us=0 transport_us=21 total_us=21 api_status=0 transfer_status=0 [14755,14768][transport_manager.cpp:716,GetStatus]
[HIXL_QUERY_PERF] layer=comm_channel request=0x1 mutex_wait_us=0 check_us=0 lookup_us=1 flag_check_us=0 complete_us=0 total_us=1 transfer_status=0
[HIXL_QUERY_PERF] layer=adxl_inner request=0x1 context_us=0 req_lock_wait_us=0 lookup_us=0 channel_us=5 cleanup_us=0 total_us=5 status=0 transfer_status=0
[HIXL_QUERY_PERF] layer=comm_engine request=0x1 total_us=8 status=0 transfer_status=0
[2026-08-24 20:43:21.634033][UC][I] [QUERY_PERF] component=ucm layer=hixl_instance request=0x1 queue_wait_us=3 backend_us=10 run_post_us=4 total_us=17 api_status=0 transfer_status=0 [14755,14768][hixl_instance.cpp:342,GetTransferStatus]
[2026-08-24 20:43:21.634037][UC][I] [QUERY_PERF] component=ucm layer=hixl_transport handle=1 request=0x1 lifecycle_lock_us=0 pending_lock_wait_us=0 pending_lookup_us=0 instance_us=21 erase_us=0 total_us=21 transfer_status=0 [14755,14768][hixl_transport.cpp:734,GetStatus]
[2026-08-24 20:43:21.634041][UC][I] [QUERY_PERF] component=ucm layer=transport_manager handle=1 transport_handle=1 transfers_lock_wait_us=1 lookup_us=0 transport_us=25 total_us=26 api_status=0 transfer_status=0 [14755,14768][transport_manager.cpp:716,GetStatus]
[HIXL_QUERY_PERF] layer=comm_channel request=0x1 mutex_wait_us=0 check_us=0 lookup_us=0 flag_check_us=0 complete_us=0 total_us=0 transfer_status=0
[HIXL_QUERY_PERF] layer=adxl_inner request=0x1 context_us=0 req_lock_wait_us=1 lookup_us=0 channel_us=4 cleanup_us=0 total_us=5 status=0 transfer_status=0
[HIXL_QUERY_PERF] layer=comm_engine request=0x1 total_us=10 status=0 transfer_status=0
[2026-08-24 20:43:21.634066][UC][I] [QUERY_PERF] component=ucm layer=hixl_instance request=0x1 queue_wait_us=4 backend_us=13 run_post_us=4 total_us=21 api_status=0 transfer_status=0 [14755,14768][hixl_instance.cpp:342,GetTransferStatus]
[2026-08-24 20:43:21.634071][UC][I] [QUERY_PERF] component=ucm layer=hixl_transport handle=1 request=0x1 lifecycle_lock_us=0 pending_lock_wait_us=0 pending_lookup_us=0 instance_us=26 erase_us=0 total_us=26 transfer_status=0 [14755,14768][hixl_transport.cpp:734,GetStatus]
[2026-08-24 20:43:21.634075][UC][I] [QUERY_PERF] component=ucm layer=transport_manager handle=1 transport_handle=1 transfers_lock_wait_us=0 lookup_us=0 transport_us=30 total_us=30 api_status=0 transfer_status=0 [14755,14768][transport_manager.cpp:716,GetStatus]
[HIXL_QUERY_PERF] layer=comm_channel request=0x1 mutex_wait_us=0 check_us=0 lookup_us=0 flag_check_us=0 complete_us=0 total_us=0 transfer_status=0
[HIXL_QUERY_PERF] layer=adxl_inner request=0x1 context_us=0 req_lock_wait_us=0 lookup_us=1 channel_us=2 cleanup_us=0 total_us=3 status=0 transfer_status=0
[HIXL_QUERY_PERF] layer=comm_engine request=0x1 total_us=6 status=0 transfer_status=0
[2026-08-24 20:43:21.634094][UC][I] [QUERY_PERF] component=ucm layer=hixl_instance request=0x1 queue_wait_us=3 backend_us=9 run_post_us=3 total_us=15 api_status=0 transfer_status=0 [14755,14768][hixl_instance.cpp:342,GetTransferStatus]
[2026-08-24 20:43:21.634100][UC][I] [QUERY_PERF] component=ucm layer=hixl_transport handle=1 request=0x1 lifecycle_lock_us=1 pending_lock_wait_us=0 pending_lookup_us=0 instance_us=21 erase_us=0 total_us=22 transfer_status=0 [14755,14768][hixl_transport.cpp:734,GetStatus]
[2026-08-24 20:43:21.634104][UC][I] [QUERY_PERF] component=ucm layer=transport_manager handle=1 transport_handle=1 transfers_lock_wait_us=0 lookup_us=0 transport_us=26 total_us=26 api_status=0 transfer_status=0 [14755,14768][transport_manager.cpp:716,GetStatus]
[HIXL_QUERY_PERF] layer=comm_channel request=0x1 mutex_wait_us=0 check_us=0 lookup_us=0 flag_check_us=0 complete_us=0 total_us=0 transfer_status=0
[HIXL_QUERY_PERF] layer=adxl_inner request=0x1 context_us=0 req_lock_wait_us=0 lookup_us=0 channel_us=5 cleanup_us=0 total_us=5 status=0 transfer_status=0
[HIXL_QUERY_PERF] layer=comm_engine request=0x1 total_us=8 status=0 transfer_status=0
[2026-08-24 20:43:21.634125][UC][I] [QUERY_PERF] component=ucm layer=hixl_instance request=0x1 queue_wait_us=3 backend_us=10 run_post_us=4 total_us=17 api_status=0 transfer_status=0 [14755,14768][hixl_instance.cpp:342,GetTransferStatus]
[2026-08-24 20:43:21.634141][UC][I] [QUERY_PERF] component=ucm layer=hixl_transport handle=1 request=0x1 lifecycle_lock_us=0 pending_lock_wait_us=0 pending_lookup_us=0 instance_us=34 erase_us=0 total_us=34 transfer_status=0 [14755,14768][hixl_transport.cpp:734,GetStatus]
[2026-08-24 20:43:21.634146][UC][I] [QUERY_PERF] component=ucm layer=transport_manager handle=1 transport_handle=1 transfers_lock_wait_us=0 lookup_us=0 transport_us=39 total_us=39 api_status=0 transfer_status=0 [14755,14768][transport_manager.cpp:716,GetStatus]
[HIXL_QUERY_PERF] layer=comm_channel request=0x1 mutex_wait_us=0 check_us=0 lookup_us=0 flag_check_us=0 complete_us=0 total_us=0 transfer_status=0
[HIXL_QUERY_PERF] layer=adxl_inner request=0x1 context_us=0 req_lock_wait_us=1 lookup_us=0 channel_us=4 cleanup_us=0 total_us=5 status=0 transfer_status=0
[HIXL_QUERY_PERF] layer=comm_engine request=0x1 total_us=6 status=0 transfer_status=0
[2026-08-24 20:43:21.634166][UC][I] [QUERY_PERF] component=ucm layer=hixl_instance request=0x1 queue_wait_us=4 backend_us=9 run_post_us=4 total_us=17 api_status=0 transfer_status=0 [14755,14768][hixl_instance.cpp:342,GetTransferStatus]
[2026-08-24 20:43:21.634172][UC][I] [QUERY_PERF] component=ucm layer=hixl_transport handle=1 request=0x1 lifecycle_lock_us=0 pending_lock_wait_us=0 pending_lookup_us=0 instance_us=22 erase_us=0 total_us=22 transfer_status=0 [14755,14768][hixl_transport.cpp:734,GetStatus]
[2026-08-24 20:43:21.634177][UC][I] [QUERY_PERF] component=ucm layer=transport_manager handle=1 transport_handle=1 transfers_lock_wait_us=0 lookup_us=0 transport_us=28 total_us=28 api_status=0 transfer_status=0 [14755,14768][transport_manager.cpp:716,GetStatus]
[HIXL_QUERY_PERF] layer=comm_channel request=0x1 mutex_wait_us=0 check_us=0 lookup_us=0 flag_check_us=0 complete_us=0 total_us=0 transfer_status=0
[HIXL_QUERY_PERF] layer=adxl_inner request=0x1 context_us=1 req_lock_wait_us=0 lookup_us=0 channel_us=3 cleanup_us=0 total_us=4 status=0 transfer_status=0
[HIXL_QUERY_PERF] layer=comm_engine request=0x1 total_us=7 status=0 transfer_status=0
[2026-08-24 20:43:21.634197][UC][I] [QUERY_PERF] component=ucm layer=hixl_instance request=0x1 queue_wait_us=4 backend_us=9 run_post_us=3 total_us=16 api_status=0 transfer_status=0 [14755,14768][hixl_instance.cpp:342,GetTransferStatus]
[2026-08-24 20:43:21.634203][UC][I] [QUERY_PERF] component=ucm layer=hixl_transport handle=1 request=0x1 lifecycle_lock_us=0 pending_lock_wait_us=0 pending_lookup_us=0 instance_us=22 erase_us=0 total_us=22 transfer_status=0 [14755,14768][hixl_transport.cpp:734,GetStatus]
[2026-08-24 20:43:21.634207][UC][I] [QUERY_PERF] component=ucm layer=transport_manager handle=1 transport_handle=1 transfers_lock_wait_us=0 lookup_us=0 transport_us=27 total_us=27 api_status=0 transfer_status=0 [14755,14768][transport_manager.cpp:716,GetStatus]
[HIXL_QUERY_PERF] layer=comm_channel request=0x1 mutex_wait_us=0 check_us=0 lookup_us=0 flag_check_us=0 complete_us=0 total_us=0 transfer_status=0
[HIXL_QUERY_PERF] layer=adxl_inner request=0x1 context_us=0 req_lock_wait_us=0 lookup_us=1 channel_us=2 cleanup_us=0 total_us=3 status=0 transfer_status=0
[HIXL_QUERY_PERF] layer=comm_engine request=0x1 total_us=5 status=0 transfer_status=0
[2026-08-24 20:43:21.634226][UC][I] [QUERY_PERF] component=ucm layer=hixl_instance request=0x1 queue_wait_us=4 backend_us=6 run_post_us=4 total_us=14 api_status=0 transfer_status=0 [14755,14768][hixl_instance.cpp:342,GetTransferStatus]
[2026-08-24 20:43:21.634231][UC][I] [QUERY_PERF] component=ucm layer=hixl_transport handle=1 request=0x1 lifecycle_lock_us=0 pending_lock_wait_us=0 pending_lookup_us=0 instance_us=19 erase_us=0 total_us=19 transfer_status=0 [14755,14768][hixl_transport.cpp:734,GetStatus]
[2026-08-24 20:43:21.634235][UC][I] [QUERY_PERF] component=ucm layer=transport_manager handle=1 transport_handle=1 transfers_lock_wait_us=0 lookup_us=0 transport_us=24 total_us=24 api_status=0 transfer_status=0 [14755,14768][transport_manager.cpp:716,GetStatus]
[HIXL_QUERY_PERF] layer=comm_channel request=0x1 mutex_wait_us=0 check_us=0 lookup_us=0 flag_check_us=0 complete_us=0 total_us=0 transfer_status=0
[HIXL_QUERY_PERF] layer=adxl_inner request=0x1 context_us=1 req_lock_wait_us=0 lookup_us=0 channel_us=4 cleanup_us=0 total_us=5 status=0 transfer_status=0
[HIXL_QUERY_PERF] layer=comm_engine request=0x1 total_us=8 status=0 transfer_status=0
[2026-08-24 20:43:21.634257][UC][I] [QUERY_PERF] component=ucm layer=hixl_instance request=0x1 queue_wait_us=4 backend_us=10 run_post_us=4 total_us=18 api_status=0 transfer_status=0 [14755,14768][hixl_instance.cpp:342,GetTransferStatus]
[2026-08-24 20:43:21.634262][UC][I] [QUERY_PERF] component=ucm layer=hixl_transport handle=1 request=0x1 lifecycle_lock_us=0 pending_lock_wait_us=0 pending_lookup_us=0 instance_us=22 erase_us=0 total_us=22 transfer_status=0 [14755,14768][hixl_transport.cpp:734,GetStatus]
[2026-08-24 20:43:21.634266][UC][I] [QUERY_PERF] component=ucm layer=transport_manager handle=1 transport_handle=1 transfers_lock_wait_us=0 lookup_us=0 transport_us=27 total_us=27 api_status=0 transfer_status=0 [14755,14768][transport_manager.cpp:716,GetStatus]
[HIXL_QUERY_PERF] layer=comm_channel request=0x1 mutex_wait_us=0 check_us=0 lookup_us=0 flag_check_us=0 complete_us=0 total_us=0 transfer_status=0
[HIXL_QUERY_PERF] layer=adxl_inner request=0x1 context_us=1 req_lock_wait_us=0 lookup_us=0 channel_us=4 cleanup_us=0 total_us=5 status=0 transfer_status=0
[HIXL_QUERY_PERF] layer=comm_engine request=0x1 total_us=11 status=0 transfer_status=0
[2026-08-24 20:43:21.634290][UC][I] [QUERY_PERF] component=ucm layer=hixl_instance request=0x1 queue_wait_us=4 backend_us=13 run_post_us=4 total_us=21 api_status=0 transfer_status=0 [14755,14768][hixl_instance.cpp:342,GetTransferStatus]
[2026-08-24 20:43:21.634294][UC][I] [QUERY_PERF] component=ucm layer=hixl_transport handle=1 request=0x1 lifecycle_lock_us=0 pending_lock_wait_us=0 pending_lookup_us=0 instance_us=25 erase_us=0 total_us=25 transfer_status=0 [14755,14768][hixl_transport.cpp:734,GetStatus]
[2026-08-24 20:43:21.634303][UC][I] [QUERY_PERF] component=ucm layer=transport_manager handle=1 transport_handle=1 transfers_lock_wait_us=0 lookup_us=0 transport_us=34 total_us=34 api_status=0 transfer_status=0 [14755,14768][transport_manager.cpp:716,GetStatus]
[HIXL_QUERY_PERF] layer=comm_channel request=0x1 mutex_wait_us=0 check_us=0 lookup_us=0 flag_check_us=0 complete_us=0 total_us=0 transfer_status=0
[HIXL_QUERY_PERF] layer=adxl_inner request=0x1 context_us=0 req_lock_wait_us=0 lookup_us=1 channel_us=4 cleanup_us=0 total_us=5 status=0 transfer_status=0
[HIXL_QUERY_PERF] layer=comm_engine request=0x1 total_us=7 status=0 transfer_status=0
[2026-08-24 20:43:21.634325][UC][I] [QUERY_PERF] component=ucm layer=hixl_instance request=0x1 queue_wait_us=4 backend_us=10 run_post_us=3 total_us=17 api_status=0 transfer_status=0 [14755,14768][hixl_instance.cpp:342,GetTransferStatus]
[2026-08-24 20:43:21.634330][UC][I] [QUERY_PERF] component=ucm layer=hixl_transport handle=1 request=0x1 lifecycle_lock_us=0 pending_lock_wait_us=0 pending_lookup_us=0 instance_us=22 erase_us=0 total_us=22 transfer_status=0 [14755,14768][hixl_transport.cpp:734,GetStatus]
[2026-08-24 20:43:21.634333][UC][I] [QUERY_PERF] component=ucm layer=transport_manager handle=1 transport_handle=1 transfers_lock_wait_us=0 lookup_us=0 transport_us=24 total_us=24 api_status=0 transfer_status=0 [14755,14768][transport_manager.cpp:716,GetStatus]
[HIXL_QUERY_PERF] layer=comm_channel request=0x1 mutex_wait_us=0 check_us=0 lookup_us=0 flag_check_us=0 complete_us=0 total_us=0 transfer_status=0
[HIXL_QUERY_PERF] layer=adxl_inner request=0x1 context_us=1 req_lock_wait_us=0 lookup_us=0 channel_us=3 cleanup_us=0 total_us=4 status=0 transfer_status=0
[HIXL_QUERY_PERF] layer=comm_engine request=0x1 total_us=6 status=0 transfer_status=0
[2026-08-24 20:43:21.634351][UC][I] [QUERY_PERF] component=ucm layer=hixl_instance request=0x1 queue_wait_us=3 backend_us=8 run_post_us=3 total_us=14 api_status=0 transfer_status=0 [14755,14768][hixl_instance.cpp:342,GetTransferStatus]
[2026-08-24 20:43:21.634355][UC][I] [QUERY_PERF] component=ucm layer=hixl_transport handle=1 request=0x1 lifecycle_lock_us=1 pending_lock_wait_us=0 pending_lookup_us=0 instance_us=19 erase_us=0 total_us=20 transfer_status=0 [14755,14768][hixl_transport.cpp:734,GetStatus]
[2026-08-24 20:43:21.634358][UC][I] [QUERY_PERF] component=ucm layer=transport_manager handle=1 transport_handle=1 transfers_lock_wait_us=0 lookup_us=0 transport_us=23 total_us=23 api_status=0 transfer_status=0 [14755,14768][transport_manager.cpp:716,GetStatus]
[HIXL_QUERY_PERF] layer=comm_channel request=0x1 mutex_wait_us=0 check_us=0 lookup_us=0 flag_check_us=0 complete_us=0 total_us=0 transfer_status=0
[HIXL_QUERY_PERF] layer=adxl_inner request=0x1 context_us=0 req_lock_wait_us=0 lookup_us=1 channel_us=3 cleanup_us=0 total_us=4 status=0 transfer_status=0
[HIXL_QUERY_PERF] layer=comm_engine request=0x1 total_us=7 status=0 transfer_status=0
[2026-08-24 20:43:21.634379][UC][I] [QUERY_PERF] component=ucm layer=hixl_instance request=0x1 queue_wait_us=4 backend_us=8 run_post_us=4 total_us=16 api_status=0 transfer_status=0 [14755,14768][hixl_instance.cpp:342,GetTransferStatus]
[2026-08-24 20:43:21.634385][UC][I] [QUERY_PERF] component=ucm layer=hixl_transport handle=1 request=0x1 lifecycle_lock_us=0 pending_lock_wait_us=0 pending_lookup_us=0 instance_us=21 erase_us=0 total_us=21 transfer_status=0 [14755,14768][hixl_transport.cpp:734,GetStatus]
[2026-08-24 20:43:21.634388][UC][I] [QUERY_PERF] component=ucm layer=transport_manager handle=1 transport_handle=1 transfers_lock_wait_us=0 lookup_us=0 transport_us=25 total_us=25 api_status=0 transfer_status=0 [14755,14768][transport_manager.cpp:716,GetStatus]
[HIXL_QUERY_PERF] layer=comm_channel request=0x1 mutex_wait_us=0 check_us=0 lookup_us=0 flag_check_us=0 complete_us=0 total_us=0 transfer_status=0
[HIXL_QUERY_PERF] layer=adxl_inner request=0x1 context_us=1 req_lock_wait_us=0 lookup_us=0 channel_us=4 cleanup_us=0 total_us=5 status=0 transfer_status=0
[HIXL_QUERY_PERF] layer=comm_engine request=0x1 total_us=6 status=0 transfer_status=0
[2026-08-24 20:43:21.634410][UC][I] [QUERY_PERF] component=ucm layer=hixl_instance request=0x1 queue_wait_us=4 backend_us=9 run_post_us=3 total_us=16 api_status=0 transfer_status=0 [14755,14768][hixl_instance.cpp:342,GetTransferStatus]
[2026-08-24 20:43:21.634415][UC][I] [QUERY_PERF] component=ucm layer=hixl_transport handle=1 request=0x1 lifecycle_lock_us=0 pending_lock_wait_us=0 pending_lookup_us=0 instance_us=22 erase_us=0 total_us=22 transfer_status=0 [14755,14768][hixl_transport.cpp:734,GetStatus]
[2026-08-24 20:43:21.634420][UC][I] [QUERY_PERF] component=ucm layer=transport_manager handle=1 transport_handle=1 transfers_lock_wait_us=0 lookup_us=0 transport_us=26 total_us=26 api_status=0 transfer_status=0 [14755,14768][transport_manager.cpp:716,GetStatus]
[HIXL_QUERY_PERF] layer=comm_channel request=0x1 mutex_wait_us=0 check_us=1 lookup_us=0 flag_check_us=0 complete_us=0 total_us=1 transfer_status=0
[HIXL_QUERY_PERF] layer=adxl_inner request=0x1 context_us=0 req_lock_wait_us=0 lookup_us=0 channel_us=5 cleanup_us=0 total_us=5 status=0 transfer_status=0
[HIXL_QUERY_PERF] layer=comm_engine request=0x1 total_us=8 status=0 transfer_status=0
[2026-08-24 20:43:21.634441][UC][I] [QUERY_PERF] component=ucm layer=hixl_instance request=0x1 queue_wait_us=3 backend_us=11 run_post_us=4 total_us=18 api_status=0 transfer_status=0 [14755,14768][hixl_instance.cpp:342,GetTransferStatus]
[2026-08-24 20:43:21.634445][UC][I] [QUERY_PERF] component=ucm layer=hixl_transport handle=1 request=0x1 lifecycle_lock_us=0 pending_lock_wait_us=0 pending_lookup_us=0 instance_us=22 erase_us=0 total_us=22 transfer_status=0 [14755,14768][hixl_transport.cpp:734,GetStatus]
[2026-08-24 20:43:21.634448][UC][I] [QUERY_PERF] component=ucm layer=transport_manager handle=1 transport_handle=1 transfers_lock_wait_us=0 lookup_us=0 transport_us=24 total_us=24 api_status=0 transfer_status=0 [14755,14768][transport_manager.cpp:716,GetStatus]
[HIXL_QUERY_PERF] layer=comm_channel request=0x1 mutex_wait_us=0 check_us=0 lookup_us=0 flag_check_us=0 complete_us=0 total_us=0 transfer_status=0
[HIXL_QUERY_PERF] layer=adxl_inner request=0x1 context_us=0 req_lock_wait_us=1 lookup_us=0 channel_us=4 cleanup_us=0 total_us=5 status=0 transfer_status=0
[HIXL_QUERY_PERF] layer=comm_engine request=0x1 total_us=8 status=0 transfer_status=0
[2026-08-24 20:43:21.634472][UC][I] [QUERY_PERF] component=ucm layer=hixl_instance request=0x1 queue_wait_us=4 backend_us=9 run_post_us=4 total_us=17 api_status=0 transfer_status=0 [14755,14768][hixl_instance.cpp:342,GetTransferStatus]
[2026-08-24 20:43:21.634477][UC][I] [QUERY_PERF] component=ucm layer=hixl_transport handle=1 request=0x1 lifecycle_lock_us=0 pending_lock_wait_us=0 pending_lookup_us=0 instance_us=22 erase_us=0 total_us=22 transfer_status=0 [14755,14768][hixl_transport.cpp:734,GetStatus]
[2026-08-24 20:43:21.634480][UC][I] [QUERY_PERF] component=ucm layer=transport_manager handle=1 transport_handle=1 transfers_lock_wait_us=0 lookup_us=0 transport_us=25 total_us=25 api_status=0 transfer_status=0 [14755,14768][transport_manager.cpp:716,GetStatus]
[HIXL_QUERY_PERF] layer=comm_channel request=0x1 mutex_wait_us=0 check_us=0 lookup_us=0 flag_check_us=0 complete_us=0 total_us=0 transfer_status=0
[HIXL_QUERY_PERF] layer=adxl_inner request=0x1 context_us=0 req_lock_wait_us=0 lookup_us=1 channel_us=3 cleanup_us=0 total_us=4 status=0 transfer_status=0
[HIXL_QUERY_PERF] layer=comm_engine request=0x1 total_us=7 status=0 transfer_status=0
[2026-08-24 20:43:21.634506][UC][I] [QUERY_PERF] component=ucm layer=hixl_instance request=0x1 queue_wait_us=3 backend_us=14 run_post_us=3 total_us=20 api_status=0 transfer_status=0 [14755,14768][hixl_instance.cpp:342,GetTransferStatus]
[2026-08-24 20:43:21.634511][UC][I] [QUERY_PERF] component=ucm layer=hixl_transport handle=1 request=0x1 lifecycle_lock_us=0 pending_lock_wait_us=0 pending_lookup_us=1 instance_us=26 erase_us=0 total_us=27 transfer_status=0 [14755,14768][hixl_transport.cpp:734,GetStatus]
[2026-08-24 20:43:21.634515][UC][I] [QUERY_PERF] component=ucm layer=transport_manager handle=1 transport_handle=1 transfers_lock_wait_us=0 lookup_us=0 transport_us=31 total_us=31 api_status=0 transfer_status=0 [14755,14768][transport_manager.cpp:716,GetStatus]
[HIXL_QUERY_PERF] layer=comm_channel request=0x1 mutex_wait_us=0 check_us=0 lookup_us=0 flag_check_us=0 complete_us=0 total_us=0 transfer_status=0
[HIXL_QUERY_PERF] layer=adxl_inner request=0x1 context_us=0 req_lock_wait_us=0 lookup_us=1 channel_us=2 cleanup_us=0 total_us=3 status=0 transfer_status=0
[HIXL_QUERY_PERF] layer=comm_engine request=0x1 total_us=5 status=0 transfer_status=0
[2026-08-24 20:43:21.634533][UC][I] [QUERY_PERF] component=ucm layer=hixl_instance request=0x1 queue_wait_us=3 backend_us=8 run_post_us=3 total_us=14 api_status=0 transfer_status=0 [14755,14768][hixl_instance.cpp:342,GetTransferStatus]
[2026-08-24 20:43:21.634537][UC][I] [QUERY_PERF] component=ucm layer=hixl_transport handle=1 request=0x1 lifecycle_lock_us=0 pending_lock_wait_us=0 pending_lookup_us=0 instance_us=18 erase_us=0 total_us=18 transfer_status=0 [14755,14768][hixl_transport.cpp:734,GetStatus]
[2026-08-24 20:43:21.634540][UC][I] [QUERY_PERF] component=ucm layer=transport_manager handle=1 transport_handle=1 transfers_lock_wait_us=0 lookup_us=0 transport_us=22 total_us=22 api_status=0 transfer_status=0 [14755,14768][transport_manager.cpp:716,GetStatus]
[HIXL_QUERY_PERF] layer=comm_channel request=0x1 mutex_wait_us=0 check_us=0 lookup_us=1 flag_check_us=0 complete_us=0 total_us=1 transfer_status=0
[HIXL_QUERY_PERF] layer=adxl_inner request=0x1 context_us=1 req_lock_wait_us=0 lookup_us=0 channel_us=4 cleanup_us=0 total_us=5 status=0 transfer_status=0
[HIXL_QUERY_PERF] layer=comm_engine request=0x1 total_us=7 status=0 transfer_status=0
[2026-08-24 20:43:21.634561][UC][I] [QUERY_PERF] component=ucm layer=hixl_instance request=0x1 queue_wait_us=3 backend_us=9 run_post_us=3 total_us=15 api_status=0 transfer_status=0 [14755,14768][hixl_instance.cpp:342,GetTransferStatus]
[2026-08-24 20:43:21.634566][UC][I] [QUERY_PERF] component=ucm layer=hixl_transport handle=1 request=0x1 lifecycle_lock_us=0 pending_lock_wait_us=0 pending_lookup_us=0 instance_us=21 erase_us=0 total_us=21 transfer_status=0 [14755,14768][hixl_transport.cpp:734,GetStatus]
[2026-08-24 20:43:21.634570][UC][I] [QUERY_PERF] component=ucm layer=transport_manager handle=1 transport_handle=1 transfers_lock_wait_us=0 lookup_us=0 transport_us=25 total_us=25 api_status=0 transfer_status=0 [14755,14768][transport_manager.cpp:716,GetStatus]
[HIXL_QUERY_PERF] layer=comm_channel request=0x1 mutex_wait_us=0 check_us=0 lookup_us=0 flag_check_us=0 complete_us=0 total_us=0 transfer_status=0
[HIXL_QUERY_PERF] layer=adxl_inner request=0x1 context_us=0 req_lock_wait_us=0 lookup_us=1 channel_us=3 cleanup_us=0 total_us=4 status=0 transfer_status=0
[HIXL_QUERY_PERF] layer=comm_engine request=0x1 total_us=6 status=0 transfer_status=0
[2026-08-24 20:43:21.634591][UC][I] [QUERY_PERF] component=ucm layer=hixl_instance request=0x1 queue_wait_us=4 backend_us=9 run_post_us=3 total_us=16 api_status=0 transfer_status=0 [14755,14768][hixl_instance.cpp:342,GetTransferStatus]
[2026-08-24 20:43:21.634596][UC][I] [QUERY_PERF] component=ucm layer=hixl_transport handle=1 request=0x1 lifecycle_lock_us=0 pending_lock_wait_us=0 pending_lookup_us=0 instance_us=21 erase_us=0 total_us=21 transfer_status=0 [14755,14768][hixl_transport.cpp:734,GetStatus]
[2026-08-24 20:43:21.634601][UC][I] [QUERY_PERF] component=ucm layer=transport_manager handle=1 transport_handle=1 transfers_lock_wait_us=0 lookup_us=1 transport_us=26 total_us=27 api_status=0 transfer_status=0 [14755,14768][transport_manager.cpp:716,GetStatus]
[HIXL_QUERY_PERF] layer=comm_channel request=0x1 mutex_wait_us=1 check_us=0 lookup_us=0 flag_check_us=0 complete_us=0 total_us=1 transfer_status=0
[HIXL_QUERY_PERF] layer=adxl_inner request=0x1 context_us=0 req_lock_wait_us=0 lookup_us=0 channel_us=5 cleanup_us=0 total_us=5 status=0 transfer_status=0
[HIXL_QUERY_PERF] layer=comm_engine request=0x1 total_us=8 status=0 transfer_status=0
[2026-08-24 20:43:21.634630][UC][I] [QUERY_PERF] component=ucm layer=hixl_instance request=0x1 queue_wait_us=3 backend_us=11 run_post_us=4 total_us=18 api_status=0 transfer_status=0 [14755,14768][hixl_instance.cpp:342,GetTransferStatus]
[2026-08-24 20:43:21.634636][UC][I] [QUERY_PERF] component=ucm layer=hixl_transport handle=1 request=0x1 lifecycle_lock_us=0 pending_lock_wait_us=0 pending_lookup_us=0 instance_us=24 erase_us=0 total_us=24 transfer_status=0 [14755,14768][hixl_transport.cpp:734,GetStatus]
[2026-08-24 20:43:21.634639][UC][I] [QUERY_PERF] component=ucm layer=transport_manager handle=1 transport_handle=1 transfers_lock_wait_us=0 lookup_us=0 transport_us=27 total_us=27 api_status=0 transfer_status=0 [14755,14768][transport_manager.cpp:716,GetStatus]
[HIXL_QUERY_PERF] layer=comm_channel request=0x1 mutex_wait_us=0 check_us=0 lookup_us=0 flag_check_us=0 complete_us=0 total_us=0 transfer_status=0
[HIXL_QUERY_PERF] layer=adxl_inner request=0x1 context_us=0 req_lock_wait_us=1 lookup_us=0 channel_us=3 cleanup_us=0 total_us=4 status=0 transfer_status=0
[HIXL_QUERY_PERF] layer=comm_engine request=0x1 total_us=6 status=0 transfer_status=0
[2026-08-24 20:43:21.634659][UC][I] [QUERY_PERF] component=ucm layer=hixl_instance request=0x1 queue_wait_us=4 backend_us=9 run_post_us=3 total_us=16 api_status=0 transfer_status=0 [14755,14768][hixl_instance.cpp:342,GetTransferStatus]
[2026-08-24 20:43:21.634663][UC][I] [QUERY_PERF] component=ucm layer=hixl_transport handle=1 request=0x1 lifecycle_lock_us=0 pending_lock_wait_us=0 pending_lookup_us=0 instance_us=20 erase_us=0 total_us=20 transfer_status=0 [14755,14768][hixl_transport.cpp:734,GetStatus]
[2026-08-24 20:43:21.634665][UC][I] [QUERY_PERF] component=ucm layer=transport_manager handle=1 transport_handle=1 transfers_lock_wait_us=0 lookup_us=0 transport_us=23 total_us=23 api_status=0 transfer_status=0 [14755,14768][transport_manager.cpp:716,GetStatus]
[HIXL_QUERY_PERF] layer=comm_channel request=0x1 mutex_wait_us=0 check_us=0 lookup_us=0 flag_check_us=0 complete_us=0 total_us=0 transfer_status=0
[HIXL_QUERY_PERF] layer=adxl_inner request=0x1 context_us=0 req_lock_wait_us=0 lookup_us=1 channel_us=4 cleanup_us=0 total_us=5 status=0 transfer_status=0
[HIXL_QUERY_PERF] layer=comm_engine request=0x1 total_us=8 status=0 transfer_status=0
[2026-08-24 20:43:21.634687][UC][I] [QUERY_PERF] component=ucm layer=hixl_instance request=0x1 queue_wait_us=4 backend_us=12 run_post_us=3 total_us=19 api_status=0 transfer_status=0 [14755,14768][hixl_instance.cpp:342,GetTransferStatus]
[2026-08-24 20:43:21.634693][UC][I] [QUERY_PERF] component=ucm layer=hixl_transport handle=1 request=0x1 lifecycle_lock_us=0 pending_lock_wait_us=0 pending_lookup_us=0 instance_us=25 erase_us=0 total_us=25 transfer_status=0 [14755,14768][hixl_transport.cpp:734,GetStatus]
[2026-08-24 20:43:21.634696][UC][I] [QUERY_PERF] component=ucm layer=transport_manager handle=1 transport_handle=1 transfers_lock_wait_us=0 lookup_us=0 transport_us=28 total_us=28 api_status=0 transfer_status=0 [14755,14768][transport_manager.cpp:716,GetStatus]
[HIXL_QUERY_PERF] layer=comm_channel request=0x1 mutex_wait_us=0 check_us=0 lookup_us=0 flag_check_us=0 complete_us=0 total_us=0 transfer_status=0
[HIXL_QUERY_PERF] layer=adxl_inner request=0x1 context_us=1 req_lock_wait_us=0 lookup_us=0 channel_us=3 cleanup_us=0 total_us=4 status=0 transfer_status=0
[HIXL_QUERY_PERF] layer=comm_engine request=0x1 total_us=6 status=0 transfer_status=0
[2026-08-24 20:43:21.634713][UC][I] [QUERY_PERF] component=ucm layer=hixl_instance request=0x1 queue_wait_us=3 backend_us=7 run_post_us=4 total_us=14 api_status=0 transfer_status=0 [14755,14768][hixl_instance.cpp:342,GetTransferStatus]
[2026-08-24 20:43:21.634722][UC][I] [QUERY_PERF] component=ucm layer=hixl_transport handle=1 request=0x1 lifecycle_lock_us=0 pending_lock_wait_us=0 pending_lookup_us=0 instance_us=22 erase_us=0 total_us=22 transfer_status=0 [14755,14768][hixl_transport.cpp:734,GetStatus]
[2026-08-24 20:43:21.634726][UC][I] [QUERY_PERF] component=ucm layer=transport_manager handle=1 transport_handle=1 transfers_lock_wait_us=0 lookup_us=0 transport_us=28 total_us=28 api_status=0 transfer_status=0 [14755,14768][transport_manager.cpp:716,GetStatus]
[HIXL_QUERY_PERF] layer=comm_channel request=0x1 mutex_wait_us=0 check_us=0 lookup_us=0 flag_check_us=0 complete_us=0 total_us=0 transfer_status=0
[HIXL_QUERY_PERF] layer=adxl_inner request=0x1 context_us=0 req_lock_wait_us=0 lookup_us=1 channel_us=3 cleanup_us=0 total_us=4 status=0 transfer_status=0
[HIXL_QUERY_PERF] layer=comm_engine request=0x1 total_us=6 status=0 transfer_status=0
[2026-08-24 20:43:21.634745][UC][I] [QUERY_PERF] component=ucm layer=hixl_instance request=0x1 queue_wait_us=4 backend_us=7 run_post_us=4 total_us=15 api_status=0 transfer_status=0 [14755,14768][hixl_instance.cpp:342,GetTransferStatus]
[2026-08-24 20:43:21.634751][UC][I] [QUERY_PERF] component=ucm layer=hixl_transport handle=1 request=0x1 lifecycle_lock_us=0 pending_lock_wait_us=1 pending_lookup_us=0 instance_us=20 erase_us=0 total_us=21 transfer_status=0 [14755,14768][hixl_transport.cpp:734,GetStatus]
[2026-08-24 20:43:21.634754][UC][I] [QUERY_PERF] component=ucm layer=transport_manager handle=1 transport_handle=1 transfers_lock_wait_us=0 lookup_us=0 transport_us=25 total_us=25 api_status=0 transfer_status=0 [14755,14768][transport_manager.cpp:716,GetStatus]
[HIXL_QUERY_PERF] layer=comm_channel request=0x1 mutex_wait_us=0 check_us=1 lookup_us=0 flag_check_us=0 complete_us=0 total_us=1 transfer_status=0
[HIXL_QUERY_PERF] layer=adxl_inner request=0x1 context_us=0 req_lock_wait_us=0 lookup_us=0 channel_us=4 cleanup_us=0 total_us=4 status=0 transfer_status=0
[HIXL_QUERY_PERF] layer=comm_engine request=0x1 total_us=7 status=0 transfer_status=0
[2026-08-24 20:43:21.634776][UC][I] [QUERY_PERF] component=ucm layer=hixl_instance request=0x1 queue_wait_us=3 backend_us=9 run_post_us=4 total_us=16 api_status=0 transfer_status=0 [14755,14768][hixl_instance.cpp:342,GetTransferStatus]
[2026-08-24 20:43:21.634780][UC][I] [QUERY_PERF] component=ucm layer=hixl_transport handle=1 request=0x1 lifecycle_lock_us=0 pending_lock_wait_us=0 pending_lookup_us=0 instance_us=19 erase_us=0 total_us=19 transfer_status=0 [14755,14768][hixl_transport.cpp:734,GetStatus]
[2026-08-24 20:43:21.634788][UC][I] [QUERY_PERF] component=ucm layer=transport_manager handle=1 transport_handle=1 transfers_lock_wait_us=1 lookup_us=0 transport_us=27 total_us=28 api_status=0 transfer_status=0 [14755,14768][transport_manager.cpp:716,GetStatus]
[HIXL_QUERY_PERF] layer=comm_channel request=0x1 mutex_wait_us=0 check_us=0 lookup_us=1 flag_check_us=0 complete_us=0 total_us=1 transfer_status=0
[HIXL_QUERY_PERF] layer=adxl_inner request=0x1 context_us=1 req_lock_wait_us=0 lookup_us=0 channel_us=3 cleanup_us=0 total_us=4 status=0 transfer_status=0
[HIXL_QUERY_PERF] layer=comm_engine request=0x1 total_us=6 status=0 transfer_status=0
[2026-08-24 20:43:21.634805][UC][I] [QUERY_PERF] component=ucm layer=hixl_instance request=0x1 queue_wait_us=3 backend_us=7 run_post_us=3 total_us=13 api_status=0 transfer_status=0 [14755,14768][hixl_instance.cpp:342,GetTransferStatus]
[2026-08-24 20:43:21.634809][UC][I] [QUERY_PERF] component=ucm layer=hixl_transport handle=1 request=0x1 lifecycle_lock_us=0 pending_lock_wait_us=0 pending_lookup_us=0 instance_us=18 erase_us=0 total_us=18 transfer_status=0 [14755,14768][hixl_transport.cpp:734,GetStatus]
[2026-08-24 20:43:21.634814][UC][I] [QUERY_PERF] component=ucm layer=transport_manager handle=1 transport_handle=1 transfers_lock_wait_us=1 lookup_us=0 transport_us=22 total_us=23 api_status=0 transfer_status=0 [14755,14768][transport_manager.cpp:716,GetStatus]
[HIXL_QUERY_PERF] layer=comm_channel request=0x1 mutex_wait_us=0 check_us=0 lookup_us=0 flag_check_us=1 complete_us=0 total_us=1 transfer_status=0
[HIXL_QUERY_PERF] layer=adxl_inner request=0x1 context_us=1 req_lock_wait_us=0 lookup_us=0 channel_us=4 cleanup_us=0 total_us=5 status=0 transfer_status=0
[HIXL_QUERY_PERF] layer=comm_engine request=0x1 total_us=7 status=0 transfer_status=0
[2026-08-24 20:43:21.634837][UC][I] [QUERY_PERF] component=ucm layer=hixl_instance request=0x1 queue_wait_us=3 backend_us=8 run_post_us=4 total_us=15 api_status=0 transfer_status=0 [14755,14768][hixl_instance.cpp:342,GetTransferStatus]
[2026-08-24 20:43:21.634842][UC][I] [QUERY_PERF] component=ucm layer=hixl_transport handle=1 request=0x1 lifecycle_lock_us=0 pending_lock_wait_us=0 pending_lookup_us=0 instance_us=19 erase_us=0 total_us=19 transfer_status=0 [14755,14768][hixl_transport.cpp:734,GetStatus]
[2026-08-24 20:43:21.634847][UC][I] [QUERY_PERF] component=ucm layer=transport_manager handle=1 transport_handle=1 transfers_lock_wait_us=0 lookup_us=1 transport_us=25 total_us=26 api_status=0 transfer_status=0 [14755,14768][transport_manager.cpp:716,GetStatus]
[HIXL_QUERY_PERF] layer=comm_channel request=0x1 mutex_wait_us=0 check_us=0 lookup_us=1 flag_check_us=0 complete_us=5 total_us=6 transfer_status=1
[HIXL_QUERY_PERF] layer=adxl_inner request=0x1 context_us=1 req_lock_wait_us=0 lookup_us=0 channel_us=12 cleanup_us=0 total_us=13 status=0 transfer_status=1
[HIXL_QUERY_PERF] layer=comm_engine request=0x1 total_us=19 status=0 transfer_status=1
[2026-08-24 20:43:21.634879][UC][I] [QUERY_PERF] component=ucm layer=hixl_instance request=0x1 queue_wait_us=3 backend_us=22 run_post_us=4 total_us=29 api_status=0 transfer_status=1 [14755,14768][hixl_instance.cpp:342,GetTransferStatus]
[2026-08-24 20:43:21.634885][UC][I] [QUERY_PERF] component=ucm layer=hixl_transport handle=1 request=0x1 lifecycle_lock_us=0 pending_lock_wait_us=0 pending_lookup_us=0 instance_us=33 erase_us=0 total_us=33 transfer_status=1 [14755,14768][hixl_transport.cpp:734,GetStatus]
[2026-08-24 20:43:21.634887][UC][I] [QUERY_PERF] component=ucm layer=transport_manager handle=1 transport_handle=1 transfers_lock_wait_us=1 lookup_us=0 transport_us=37 total_us=38 api_status=0 transfer_status=1 [14755,14768][transport_manager.cpp:716,GetStatus]
[2026-08-24 20:43:21.634891][UC][I] [PERF] component=transport event=transfer_done manager=127.0.0.1:8000 target=127.0.0.1:4500 handle=1 transport_handle=1 opcode=1 direct=2 segments=1 bytes=10 status=1 api_status=0 submitted_ts_us=1787575401633255 completed_ts_us=1787575401634889 manager_get_status_ts_us=1787575401634849 backend_query_ts_us=1787575401634853 submit_us=1837 transfer_us=1635 manager_to_backend_query_us=4 total_us=3472 [14755,14768][transport_manager.cpp:727,GetStatus]
[2026-08-24 20:43:21.634902][UC][I] [PERF] component=drampool event=request_done request_id=1 opcode=0 peer=127.0.0.1:4500 batch_size=2 data_bytes=0 failed_items=0 status=SUCCESS failed_stage=NONE received_ts_us=1787575401631102 worker_started_ts_us=1787575401631257 data_transfer_submitted_ts_us=0 data_transfer_completed_ts_us=0 response_submitted_ts_us=1787575401633295 completed_ts_us=1787575401634898 data_tm_execute_async_ts_us=0 data_hixl_execute_async_ts_us=0 data_tm_get_status_ts_us=0 data_hixl_query_handle_ts_us=0 response_tm_execute_async_ts_us=1787575401631414 response_hixl_execute_async_ts_us=1787575401631440 response_tm_get_status_ts_us=1787575401634849 response_hixl_query_handle_ts_us=1787575401634853 request_queue_us=155 metadata_prepare_us=1 taskworker_prepare_us=8 poller_queue_us=139 data_transfer_us=0 metadata_settle_us=0 response_slot_wait_us=143 response_submit_us=1888 response_transfer_us=1601 data_tm_to_hixl_execute_async_us=0 data_tm_to_hixl_query_handle_us=0 response_tm_to_hixl_execute_async_us=25 response_tm_to_hixl_query_handle_us=4 total_us=3797 [14755,14768][completion_poller.cc:56,LogRequestDone]
[HIXL_PERF] event=hccl_batch op=0 desc_num=108 hccl_us=562 status=0
[HIXL_PERF] event=issue_hccl_batch op=0 list_num=108 total_us=592
[HIXL_PERF] event=issue_async_host_flag op=0 list_num=108 context_us=1 hccl_issue_us=595 flag_memcpy_us=7 total_us=603
[HIXL_PERF] event=comm_channel_async op=0 list_num=108 mutex_wait_us=1 slot_us=1460 host_flag_us=5 record_us=2 issue_us=609 total_us=2077
[HIXL_PERF] event=adxl_inner_async op=0 list_num=108 context_us=1 connect_us=0 get_channel_us=0 channel_async_us=2080 tail_us=1 total_us=2082
[HIXL_PERF] event=comm_engine_async op=0 list_num=108 desc_build_us=1 inner_us=2085 total_us=2086 status=0
[2026-08-24 20:43:21.892274][UC][I] [PERF] component=transport event=transfer_submitted manager=127.0.0.1:8000 target=127.0.0.1:4501 handle=2 transport_handle=2 opcode=0 direct=2 segments=108 bytes=7962624 submitted_ts_us=1787575401892272 manager_execute_async_ts_us=1787575401890142 backend_execute_async_ts_us=1787575401890164 manager_to_backend_execute_async_us=22 submit_us=2126 [14755,14769][transport_manager.cpp:674,ExecuteAsync]
[HIXL_QUERY_PERF] layer=comm_channel request=0x2 mutex_wait_us=0 check_us=0 lookup_us=1 flag_check_us=0 complete_us=0 total_us=1 transfer_status=0
[HIXL_QUERY_PERF] layer=adxl_inner request=0x2 context_us=1 req_lock_wait_us=1 lookup_us=1 channel_us=9 cleanup_us=0 total_us=12 status=0 transfer_status=0
[HIXL_QUERY_PERF] layer=comm_engine request=0x2 total_us=15 status=0 transfer_status=0
[2026-08-24 20:43:21.892480][UC][I] [QUERY_PERF] component=ucm layer=hixl_instance request=0x2 queue_wait_us=8 backend_us=17 run_post_us=5 total_us=30 api_status=0 transfer_status=0 [14755,14768][hixl_instance.cpp:342,GetTransferStatus]
[2026-08-24 20:43:21.892489][UC][I] [QUERY_PERF] component=ucm layer=hixl_transport handle=2 request=0x2 lifecycle_lock_us=0 pending_lock_wait_us=0 pending_lookup_us=0 instance_us=38 erase_us=0 total_us=38 transfer_status=0 [14755,14768][hixl_transport.cpp:734,GetStatus]
[2026-08-24 20:43:21.892492][UC][I] [QUERY_PERF] component=ucm layer=transport_manager handle=2 transport_handle=2 transfers_lock_wait_us=0 lookup_us=0 transport_us=42 total_us=42 api_status=0 transfer_status=0 [14755,14768][transport_manager.cpp:716,GetStatus]
[HIXL_QUERY_PERF] layer=comm_channel request=0x2 mutex_wait_us=0 check_us=0 lookup_us=0 flag_check_us=0 complete_us=0 total_us=0 transfer_status=0
[HIXL_QUERY_PERF] layer=adxl_inner request=0x2 context_us=0 req_lock_wait_us=0 lookup_us=1 channel_us=7 cleanup_us=0 total_us=8 status=0 transfer_status=0
[HIXL_QUERY_PERF] layer=comm_engine request=0x2 total_us=10 status=0 transfer_status=0
[2026-08-24 20:43:21.892517][UC][I] [QUERY_PERF] component=ucm layer=hixl_instance request=0x2 queue_wait_us=4 backend_us=14 run_post_us=4 total_us=22 api_status=0 transfer_status=0 [14755,14768][hixl_instance.cpp:342,GetTransferStatus]
[2026-08-24 20:43:21.892525][UC][I] [QUERY_PERF] component=ucm layer=hixl_transport handle=2 request=0x2 lifecycle_lock_us=0 pending_lock_wait_us=0 pending_lookup_us=0 instance_us=30 erase_us=0 total_us=30 transfer_status=0 [14755,14768][hixl_transport.cpp:734,GetStatus]
[2026-08-24 20:43:21.892530][UC][I] [QUERY_PERF] component=ucm layer=transport_manager handle=2 transport_handle=2 transfers_lock_wait_us=0 lookup_us=0 transport_us=36 total_us=36 api_status=0 transfer_status=0 [14755,14768][transport_manager.cpp:716,GetStatus]
[HIXL_QUERY_PERF] layer=comm_channel request=0x2 mutex_wait_us=0 check_us=0 lookup_us=0 flag_check_us=0 complete_us=0 total_us=0 transfer_status=0
[HIXL_QUERY_PERF] layer=adxl_inner request=0x2 context_us=0 req_lock_wait_us=0 lookup_us=1 channel_us=3 cleanup_us=0 total_us=4 status=0 transfer_status=0
[HIXL_QUERY_PERF] layer=comm_engine request=0x2 total_us=6 status=0 transfer_status=0
[2026-08-24 20:43:21.892550][UC][I] [QUERY_PERF] component=ucm layer=hixl_instance request=0x2 queue_wait_us=4 backend_us=8 run_post_us=3 total_us=15 api_status=0 transfer_status=0 [14755,14768][hixl_instance.cpp:342,GetTransferStatus]
[2026-08-24 20:43:21.892556][UC][I] [QUERY_PERF] component=ucm layer=hixl_transport handle=2 request=0x2 lifecycle_lock_us=0 pending_lock_wait_us=0 pending_lookup_us=0 instance_us=21 erase_us=0 total_us=21 transfer_status=0 [14755,14768][hixl_transport.cpp:734,GetStatus]
[2026-08-24 20:43:21.892570][UC][I] [QUERY_PERF] component=ucm layer=transport_manager handle=2 transport_handle=2 transfers_lock_wait_us=1 lookup_us=0 transport_us=35 total_us=36 api_status=0 transfer_status=0 [14755,14768][transport_manager.cpp:716,GetStatus]
[HIXL_QUERY_PERF] layer=comm_channel request=0x2 mutex_wait_us=0 check_us=1 lookup_us=0 flag_check_us=0 complete_us=0 total_us=1 transfer_status=0
[HIXL_QUERY_PERF] layer=adxl_inner request=0x2 context_us=1 req_lock_wait_us=0 lookup_us=0 channel_us=6 cleanup_us=0 total_us=7 status=0 transfer_status=0
[HIXL_QUERY_PERF] layer=comm_engine request=0x2 total_us=10 status=0 transfer_status=0
[2026-08-24 20:43:21.892595][UC][I] [QUERY_PERF] component=ucm layer=hixl_instance request=0x2 queue_wait_us=3 backend_us=11 run_post_us=4 total_us=18 api_status=0 transfer_status=0 [14755,14768][hixl_instance.cpp:342,GetTransferStatus]
[2026-08-24 20:43:21.892600][UC][I] [QUERY_PERF] component=ucm layer=hixl_transport handle=2 request=0x2 lifecycle_lock_us=0 pending_lock_wait_us=0 pending_lookup_us=1 instance_us=23 erase_us=0 total_us=24 transfer_status=0 [14755,14768][hixl_transport.cpp:734,GetStatus]
[2026-08-24 20:43:21.892604][UC][I] [QUERY_PERF] component=ucm layer=transport_manager handle=2 transport_handle=2 transfers_lock_wait_us=0 lookup_us=0 transport_us=28 total_us=28 api_status=0 transfer_status=0 [14755,14768][transport_manager.cpp:716,GetStatus]
[HIXL_QUERY_PERF] layer=comm_channel request=0x2 mutex_wait_us=0 check_us=0 lookup_us=0 flag_check_us=0 complete_us=0 total_us=0 transfer_status=0
[HIXL_QUERY_PERF] layer=adxl_inner request=0x2 context_us=0 req_lock_wait_us=0 lookup_us=1 channel_us=5 cleanup_us=0 total_us=6 status=0 transfer_status=0
[HIXL_QUERY_PERF] layer=comm_engine request=0x2 total_us=9 status=0 transfer_status=0
[2026-08-24 20:43:21.892630][UC][I] [QUERY_PERF] component=ucm layer=hixl_instance request=0x2 queue_wait_us=3 backend_us=15 run_post_us=4 total_us=22 api_status=0 transfer_status=0 [14755,14768][hixl_instance.cpp:342,GetTransferStatus]
[2026-08-24 20:43:21.892646][UC][I] [QUERY_PERF] component=ucm layer=hixl_transport handle=2 request=0x2 lifecycle_lock_us=0 pending_lock_wait_us=0 pending_lookup_us=0 instance_us=38 erase_us=0 total_us=38 transfer_status=0 [14755,14768][hixl_transport.cpp:734,GetStatus]
[2026-08-24 20:43:21.892650][UC][I] [QUERY_PERF] component=ucm layer=transport_manager handle=2 transport_handle=2 transfers_lock_wait_us=0 lookup_us=1 transport_us=41 total_us=42 api_status=0 transfer_status=0 [14755,14768][transport_manager.cpp:716,GetStatus]
[HIXL_QUERY_PERF] layer=comm_channel request=0x2 mutex_wait_us=0 check_us=0 lookup_us=0 flag_check_us=1 complete_us=0 total_us=1 transfer_status=0
[HIXL_QUERY_PERF] layer=adxl_inner request=0x2 context_us=1 req_lock_wait_us=0 lookup_us=0 channel_us=7 cleanup_us=0 total_us=8 status=0 transfer_status=0
[HIXL_QUERY_PERF] layer=comm_engine request=0x2 total_us=13 status=0 transfer_status=0
[2026-08-24 20:43:21.892676][UC][I] [QUERY_PERF] component=ucm layer=hixl_instance request=0x2 queue_wait_us=3 backend_us=16 run_post_us=4 total_us=23 api_status=0 transfer_status=0 [14755,14768][hixl_instance.cpp:342,GetTransferStatus]
[2026-08-24 20:43:21.892681][UC][I] [QUERY_PERF] component=ucm layer=hixl_transport handle=2 request=0x2 lifecycle_lock_us=0 pending_lock_wait_us=0 pending_lookup_us=1 instance_us=28 erase_us=0 total_us=29 transfer_status=0 [14755,14768][hixl_transport.cpp:734,GetStatus]
[2026-08-24 20:43:21.892684][UC][I] [QUERY_PERF] component=ucm layer=transport_manager handle=2 transport_handle=2 transfers_lock_wait_us=0 lookup_us=0 transport_us=32 total_us=32 api_status=0 transfer_status=0 [14755,14768][transport_manager.cpp:716,GetStatus]
[HIXL_QUERY_PERF] layer=comm_channel request=0x2 mutex_wait_us=0 check_us=0 lookup_us=0 flag_check_us=0 complete_us=0 total_us=0 transfer_status=0
[HIXL_QUERY_PERF] layer=adxl_inner request=0x2 context_us=1 req_lock_wait_us=0 lookup_us=0 channel_us=3 cleanup_us=0 total_us=4 status=0 transfer_status=0
[HIXL_QUERY_PERF] layer=comm_engine request=0x2 total_us=8 status=0 transfer_status=0
[2026-08-24 20:43:21.892707][UC][I] [QUERY_PERF] component=ucm layer=hixl_instance request=0x2 queue_wait_us=4 backend_us=12 run_post_us=3 total_us=19 api_status=0 transfer_status=0 [14755,14768][hixl_instance.cpp:342,GetTransferStatus]
[2026-08-24 20:43:21.892711][UC][I] [QUERY_PERF] component=ucm layer=hixl_transport handle=2 request=0x2 lifecycle_lock_us=0 pending_lock_wait_us=0 pending_lookup_us=0 instance_us=24 erase_us=0 total_us=24 transfer_status=0 [14755,14768][hixl_transport.cpp:734,GetStatus]
[2026-08-24 20:43:21.892715][UC][I] [QUERY_PERF] component=ucm layer=transport_manager handle=2 transport_handle=2 transfers_lock_wait_us=0 lookup_us=0 transport_us=28 total_us=28 api_status=0 transfer_status=0 [14755,14768][transport_manager.cpp:716,GetStatus]
[HIXL_QUERY_PERF] layer=comm_channel request=0x2 mutex_wait_us=0 check_us=0 lookup_us=0 flag_check_us=0 complete_us=0 total_us=0 transfer_status=0
[HIXL_QUERY_PERF] layer=adxl_inner request=0x2 context_us=0 req_lock_wait_us=0 lookup_us=1 channel_us=5 cleanup_us=0 total_us=6 status=0 transfer_status=0
[HIXL_QUERY_PERF] layer=comm_engine request=0x2 total_us=9 status=0 transfer_status=0
[2026-08-24 20:43:21.892744][UC][I] [QUERY_PERF] component=ucm layer=hixl_instance request=0x2 queue_wait_us=4 backend_us=13 run_post_us=4 total_us=21 api_status=0 transfer_status=0 [14755,14768][hixl_instance.cpp:342,GetTransferStatus]
[2026-08-24 20:43:21.892751][UC][I] [QUERY_PERF] component=ucm layer=hixl_transport handle=2 request=0x2 lifecycle_lock_us=0 pending_lock_wait_us=0 pending_lookup_us=0 instance_us=28 erase_us=0 total_us=28 transfer_status=0 [14755,14768][hixl_transport.cpp:734,GetStatus]
[2026-08-24 20:43:21.892754][UC][I] [QUERY_PERF] component=ucm layer=transport_manager handle=2 transport_handle=2 transfers_lock_wait_us=0 lookup_us=0 transport_us=31 total_us=31 api_status=0 transfer_status=0 [14755,14768][transport_manager.cpp:716,GetStatus]
[HIXL_QUERY_PERF] layer=comm_channel request=0x2 mutex_wait_us=0 check_us=0 lookup_us=0 flag_check_us=0 complete_us=0 total_us=0 transfer_status=0
[HIXL_QUERY_PERF] layer=adxl_inner request=0x2 context_us=1 req_lock_wait_us=0 lookup_us=0 channel_us=3 cleanup_us=1 total_us=5 status=0 transfer_status=0
[HIXL_QUERY_PERF] layer=comm_engine request=0x2 total_us=6 status=0 transfer_status=0
[2026-08-24 20:43:21.892772][UC][I] [QUERY_PERF] component=ucm layer=hixl_instance request=0x2 queue_wait_us=4 backend_us=7 run_post_us=4 total_us=15 api_status=0 transfer_status=0 [14755,14768][hixl_instance.cpp:342,GetTransferStatus]
[2026-08-24 20:43:21.892780][UC][I] [QUERY_PERF] component=ucm layer=hixl_transport handle=2 request=0x2 lifecycle_lock_us=0 pending_lock_wait_us=0 pending_lookup_us=0 instance_us=23 erase_us=0 total_us=23 transfer_status=0 [14755,14768][hixl_transport.cpp:734,GetStatus]
[2026-08-24 20:43:21.892787][UC][I] [QUERY_PERF] component=ucm layer=transport_manager handle=2 transport_handle=2 transfers_lock_wait_us=0 lookup_us=0 transport_us=30 total_us=30 api_status=0 transfer_status=0 [14755,14768][transport_manager.cpp:716,GetStatus]
[HIXL_QUERY_PERF] layer=comm_channel request=0x2 mutex_wait_us=0 check_us=0 lookup_us=1 flag_check_us=0 complete_us=0 total_us=1 transfer_status=0
[HIXL_QUERY_PERF] layer=adxl_inner request=0x2 context_us=0 req_lock_wait_us=0 lookup_us=0 channel_us=4 cleanup_us=0 total_us=4 status=0 transfer_status=0
[HIXL_QUERY_PERF] layer=comm_engine request=0x2 total_us=6 status=0 transfer_status=0
[2026-08-24 20:43:21.892808][UC][I] [QUERY_PERF] component=ucm layer=hixl_instance request=0x2 queue_wait_us=3 backend_us=8 run_post_us=4 total_us=15 api_status=0 transfer_status=0 [14755,14768][hixl_instance.cpp:342,GetTransferStatus]
[2026-08-24 20:43:21.892813][UC][I] [QUERY_PERF] component=ucm layer=hixl_transport handle=2 request=0x2 lifecycle_lock_us=1 pending_lock_wait_us=0 pending_lookup_us=0 instance_us=19 erase_us=0 total_us=20 transfer_status=0 [14755,14768][hixl_transport.cpp:734,GetStatus]
[2026-08-24 20:43:21.892828][UC][I] [QUERY_PERF] component=ucm layer=transport_manager handle=2 transport_handle=2 transfers_lock_wait_us=0 lookup_us=0 transport_us=36 total_us=36 api_status=0 transfer_status=0 [14755,14768][transport_manager.cpp:716,GetStatus]
[HIXL_QUERY_PERF] layer=comm_channel request=0x2 mutex_wait_us=0 check_us=0 lookup_us=0 flag_check_us=0 complete_us=0 total_us=0 transfer_status=0
[HIXL_QUERY_PERF] layer=adxl_inner request=0x2 context_us=0 req_lock_wait_us=0 lookup_us=1 channel_us=5 cleanup_us=0 total_us=6 status=0 transfer_status=0
[HIXL_QUERY_PERF] layer=comm_engine request=0x2 total_us=8 status=0 transfer_status=0
[2026-08-24 20:43:21.892854][UC][I] [QUERY_PERF] component=ucm layer=hixl_instance request=0x2 queue_wait_us=5 backend_us=10 run_post_us=3 total_us=18 api_status=0 transfer_status=0 [14755,14768][hixl_instance.cpp:342,GetTransferStatus]
[2026-08-24 20:43:21.892858][UC][I] [QUERY_PERF] component=ucm layer=hixl_transport handle=2 request=0x2 lifecycle_lock_us=0 pending_lock_wait_us=0 pending_lookup_us=0 instance_us=23 erase_us=0 total_us=23 transfer_status=0 [14755,14768][hixl_transport.cpp:734,GetStatus]
[2026-08-24 20:43:21.892863][UC][I] [QUERY_PERF] component=ucm layer=transport_manager handle=2 transport_handle=2 transfers_lock_wait_us=0 lookup_us=0 transport_us=27 total_us=27 api_status=0 transfer_status=0 [14755,14768][transport_manager.cpp:716,GetStatus]
[HIXL_QUERY_PERF] layer=comm_channel request=0x2 mutex_wait_us=0 check_us=0 lookup_us=0 flag_check_us=0 complete_us=0 total_us=0 transfer_status=0
[HIXL_QUERY_PERF] layer=adxl_inner request=0x2 context_us=1 req_lock_wait_us=0 lookup_us=0 channel_us=5 cleanup_us=0 total_us=6 status=0 transfer_status=0
[HIXL_QUERY_PERF] layer=comm_engine request=0x2 total_us=9 status=0 transfer_status=0
[2026-08-24 20:43:21.892887][UC][I] [QUERY_PERF] component=ucm layer=hixl_instance request=0x2 queue_wait_us=4 backend_us=11 run_post_us=4 total_us=19 api_status=0 transfer_status=0 [14755,14768][hixl_instance.cpp:342,GetTransferStatus]
[2026-08-24 20:43:21.892894][UC][I] [QUERY_PERF] component=ucm layer=hixl_transport handle=2 request=0x2 lifecycle_lock_us=0 pending_lock_wait_us=0 pending_lookup_us=0 instance_us=26 erase_us=0 total_us=26 transfer_status=0 [14755,14768][hixl_transport.cpp:734,GetStatus]
[2026-08-24 20:43:21.892899][UC][I] [QUERY_PERF] component=ucm layer=transport_manager handle=2 transport_handle=2 transfers_lock_wait_us=0 lookup_us=0 transport_us=31 total_us=31 api_status=0 transfer_status=0 [14755,14768][transport_manager.cpp:716,GetStatus]
[HIXL_QUERY_PERF] layer=comm_channel request=0x2 mutex_wait_us=0 check_us=0 lookup_us=0 flag_check_us=0 complete_us=0 total_us=0 transfer_status=0
[HIXL_QUERY_PERF] layer=adxl_inner request=0x2 context_us=1 req_lock_wait_us=0 lookup_us=0 channel_us=5 cleanup_us=0 total_us=6 status=0 transfer_status=0
[HIXL_QUERY_PERF] layer=comm_engine request=0x2 total_us=8 status=0 transfer_status=0
[2026-08-24 20:43:21.892921][UC][I] [QUERY_PERF] component=ucm layer=hixl_instance request=0x2 queue_wait_us=3 backend_us=9 run_post_us=4 total_us=16 api_status=0 transfer_status=0 [14755,14768][hixl_instance.cpp:342,GetTransferStatus]
[2026-08-24 20:43:21.892926][UC][I] [QUERY_PERF] component=ucm layer=hixl_transport handle=2 request=0x2 lifecycle_lock_us=1 pending_lock_wait_us=0 pending_lookup_us=0 instance_us=21 erase_us=0 total_us=22 transfer_status=0 [14755,14768][hixl_transport.cpp:734,GetStatus]
[2026-08-24 20:43:21.892932][UC][I] [QUERY_PERF] component=ucm layer=transport_manager handle=2 transport_handle=2 transfers_lock_wait_us=0 lookup_us=0 transport_us=28 total_us=28 api_status=0 transfer_status=0 [14755,14768][transport_manager.cpp:716,GetStatus]
[HIXL_QUERY_PERF] layer=comm_channel request=0x2 mutex_wait_us=0 check_us=0 lookup_us=0 flag_check_us=0 complete_us=0 total_us=0 transfer_status=0
[HIXL_QUERY_PERF] layer=adxl_inner request=0x2 context_us=1 req_lock_wait_us=0 lookup_us=0 channel_us=4 cleanup_us=0 total_us=5 status=0 transfer_status=0
[HIXL_QUERY_PERF] layer=comm_engine request=0x2 total_us=7 status=0 transfer_status=0
[2026-08-24 20:43:21.892957][UC][I] [QUERY_PERF] component=ucm layer=hixl_instance request=0x2 queue_wait_us=3 backend_us=11 run_post_us=4 total_us=18 api_status=0 transfer_status=0 [14755,14768][hixl_instance.cpp:342,GetTransferStatus]
[2026-08-24 20:43:21.892964][UC][I] [QUERY_PERF] component=ucm layer=hixl_transport handle=2 request=0x2 lifecycle_lock_us=0 pending_lock_wait_us=1 pending_lookup_us=0 instance_us=25 erase_us=0 total_us=26 transfer_status=0 [14755,14768][hixl_transport.cpp:734,GetStatus]
[2026-08-24 20:43:21.892968][UC][I] [QUERY_PERF] component=ucm layer=transport_manager handle=2 transport_handle=2 transfers_lock_wait_us=0 lookup_us=0 transport_us=30 total_us=30 api_status=0 transfer_status=0 [14755,14768][transport_manager.cpp:716,GetStatus]
[HIXL_QUERY_PERF] layer=comm_channel request=0x2 mutex_wait_us=0 check_us=0 lookup_us=0 flag_check_us=0 complete_us=0 total_us=0 transfer_status=0
[HIXL_QUERY_PERF] layer=adxl_inner request=0x2 context_us=1 req_lock_wait_us=0 lookup_us=0 channel_us=3 cleanup_us=0 total_us=4 status=0 transfer_status=0
[HIXL_QUERY_PERF] layer=comm_engine request=0x2 total_us=8 status=0 transfer_status=0
[2026-08-24 20:43:21.892992][UC][I] [QUERY_PERF] component=ucm layer=hixl_instance request=0x2 queue_wait_us=4 backend_us=11 run_post_us=4 total_us=19 api_status=0 transfer_status=0 [14755,14768][hixl_instance.cpp:342,GetTransferStatus]
[2026-08-24 20:43:21.892998][UC][I] [QUERY_PERF] component=ucm layer=hixl_transport handle=2 request=0x2 lifecycle_lock_us=0 pending_lock_wait_us=0 pending_lookup_us=0 instance_us=25 erase_us=0 total_us=25 transfer_status=0 [14755,14768][hixl_transport.cpp:734,GetStatus]
[2026-08-24 20:43:21.893001][UC][I] [QUERY_PERF] component=ucm layer=transport_manager handle=2 transport_handle=2 transfers_lock_wait_us=0 lookup_us=0 transport_us=28 total_us=28 api_status=0 transfer_status=0 [14755,14768][transport_manager.cpp:716,GetStatus]
[HIXL_QUERY_PERF] layer=comm_channel request=0x2 mutex_wait_us=0 check_us=0 lookup_us=0 flag_check_us=0 complete_us=0 total_us=0 transfer_status=0
[HIXL_QUERY_PERF] layer=adxl_inner request=0x2 context_us=0 req_lock_wait_us=0 lookup_us=1 channel_us=5 cleanup_us=0 total_us=6 status=0 transfer_status=0
[HIXL_QUERY_PERF] layer=comm_engine request=0x2 total_us=10 status=0 transfer_status=0
[2026-08-24 20:43:21.893032][UC][I] [QUERY_PERF] component=ucm layer=hixl_instance request=0x2 queue_wait_us=5 backend_us=11 run_post_us=4 total_us=20 api_status=0 transfer_status=0 [14755,14768][hixl_instance.cpp:342,GetTransferStatus]
[2026-08-24 20:43:21.893036][UC][I] [QUERY_PERF] component=ucm layer=hixl_transport handle=2 request=0x2 lifecycle_lock_us=0 pending_lock_wait_us=0 pending_lookup_us=0 instance_us=25 erase_us=0 total_us=25 transfer_status=0 [14755,14768][hixl_transport.cpp:734,GetStatus]
[2026-08-24 20:43:21.893039][UC][I] [QUERY_PERF] component=ucm layer=transport_manager handle=2 transport_handle=2 transfers_lock_wait_us=0 lookup_us=0 transport_us=28 total_us=28 api_status=0 transfer_status=0 [14755,14768][transport_manager.cpp:716,GetStatus]
[HIXL_QUERY_PERF] layer=comm_channel request=0x2 mutex_wait_us=0 check_us=1 lookup_us=0 flag_check_us=0 complete_us=0 total_us=1 transfer_status=0
[HIXL_QUERY_PERF] layer=adxl_inner request=0x2 context_us=0 req_lock_wait_us=0 lookup_us=0 channel_us=5 cleanup_us=0 total_us=5 status=0 transfer_status=0
[HIXL_QUERY_PERF] layer=comm_engine request=0x2 total_us=8 status=0 transfer_status=0
[2026-08-24 20:43:21.893061][UC][I] [QUERY_PERF] component=ucm layer=hixl_instance request=0x2 queue_wait_us=4 backend_us=10 run_post_us=4 total_us=18 api_status=0 transfer_status=0 [14755,14768][hixl_instance.cpp:342,GetTransferStatus]
[2026-08-24 20:43:21.893067][UC][I] [QUERY_PERF] component=ucm layer=hixl_transport handle=2 request=0x2 lifecycle_lock_us=0 pending_lock_wait_us=0 pending_lookup_us=0 instance_us=24 erase_us=0 total_us=24 transfer_status=0 [14755,14768][hixl_transport.cpp:734,GetStatus]
[2026-08-24 20:43:21.893071][UC][I] [QUERY_PERF] component=ucm layer=transport_manager handle=2 transport_handle=2 transfers_lock_wait_us=0 lookup_us=0 transport_us=28 total_us=28 api_status=0 transfer_status=0 [14755,14768][transport_manager.cpp:716,GetStatus]
[HIXL_QUERY_PERF] layer=comm_channel request=0x2 mutex_wait_us=0 check_us=0 lookup_us=0 flag_check_us=0 complete_us=0 total_us=0 transfer_status=0
[HIXL_QUERY_PERF] layer=adxl_inner request=0x2 context_us=0 req_lock_wait_us=0 lookup_us=1 channel_us=4 cleanup_us=0 total_us=5 status=0 transfer_status=0
[HIXL_QUERY_PERF] layer=comm_engine request=0x2 total_us=9 status=0 transfer_status=0
[2026-08-24 20:43:21.893101][UC][I] [QUERY_PERF] component=ucm layer=hixl_instance request=0x2 queue_wait_us=4 backend_us=13 run_post_us=4 total_us=21 api_status=0 transfer_status=0 [14755,14768][hixl_instance.cpp:342,GetTransferStatus]
[2026-08-24 20:43:21.893108][UC][I] [QUERY_PERF] component=ucm layer=hixl_transport handle=2 request=0x2 lifecycle_lock_us=0 pending_lock_wait_us=0 pending_lookup_us=0 instance_us=27 erase_us=0 total_us=27 transfer_status=0 [14755,14768][hixl_transport.cpp:734,GetStatus]
[2026-08-24 20:43:21.893111][UC][I] [QUERY_PERF] component=ucm layer=transport_manager handle=2 transport_handle=2 transfers_lock_wait_us=0 lookup_us=1 transport_us=31 total_us=32 api_status=0 transfer_status=0 [14755,14768][transport_manager.cpp:716,GetStatus]
[HIXL_QUERY_PERF] layer=comm_channel request=0x2 mutex_wait_us=0 check_us=0 lookup_us=1 flag_check_us=0 complete_us=0 total_us=1 transfer_status=0
[HIXL_QUERY_PERF] layer=adxl_inner request=0x2 context_us=0 req_lock_wait_us=0 lookup_us=0 channel_us=6 cleanup_us=0 total_us=6 status=0 transfer_status=0
[HIXL_QUERY_PERF] layer=comm_engine request=0x2 total_us=12 status=0 transfer_status=0
[2026-08-24 20:43:21.893138][UC][I] [QUERY_PERF] component=ucm layer=hixl_instance request=0x2 queue_wait_us=3 backend_us=16 run_post_us=4 total_us=23 api_status=0 transfer_status=0 [14755,14768][hixl_instance.cpp:342,GetTransferStatus]
[2026-08-24 20:43:21.893145][UC][I] [QUERY_PERF] component=ucm layer=hixl_transport handle=2 request=0x2 lifecycle_lock_us=0 pending_lock_wait_us=0 pending_lookup_us=1 instance_us=29 erase_us=0 total_us=30 transfer_status=0 [14755,14768][hixl_transport.cpp:734,GetStatus]
[2026-08-24 20:43:21.893148][UC][I] [QUERY_PERF] component=ucm layer=transport_manager handle=2 transport_handle=2 transfers_lock_wait_us=0 lookup_us=0 transport_us=33 total_us=33 api_status=0 transfer_status=0 [14755,14768][transport_manager.cpp:716,GetStatus]
[HIXL_QUERY_PERF] layer=comm_channel request=0x2 mutex_wait_us=0 check_us=0 lookup_us=0 flag_check_us=0 complete_us=0 total_us=0 transfer_status=0
[HIXL_QUERY_PERF] layer=adxl_inner request=0x2 context_us=1 req_lock_wait_us=0 lookup_us=0 channel_us=3 cleanup_us=0 total_us=4 status=0 transfer_status=0
[HIXL_QUERY_PERF] layer=comm_engine request=0x2 total_us=6 status=0 transfer_status=0
[2026-08-24 20:43:21.893166][UC][I] [QUERY_PERF] component=ucm layer=hixl_instance request=0x2 queue_wait_us=4 backend_us=8 run_post_us=3 total_us=15 api_status=0 transfer_status=0 [14755,14768][hixl_instance.cpp:342,GetTransferStatus]
[2026-08-24 20:43:21.893172][UC][I] [QUERY_PERF] component=ucm layer=hixl_transport handle=2 request=0x2 lifecycle_lock_us=0 pending_lock_wait_us=0 pending_lookup_us=0 instance_us=22 erase_us=0 total_us=22 transfer_status=0 [14755,14768][hixl_transport.cpp:734,GetStatus]
[2026-08-24 20:43:21.893177][UC][I] [QUERY_PERF] component=ucm layer=transport_manager handle=2 transport_handle=2 transfers_lock_wait_us=0 lookup_us=0 transport_us=26 total_us=26 api_status=0 transfer_status=0 [14755,14768][transport_manager.cpp:716,GetStatus]
[HIXL_QUERY_PERF] layer=comm_channel request=0x2 mutex_wait_us=0 check_us=0 lookup_us=0 flag_check_us=0 complete_us=0 total_us=0 transfer_status=0
[HIXL_QUERY_PERF] layer=adxl_inner request=0x2 context_us=1 req_lock_wait_us=0 lookup_us=0 channel_us=6 cleanup_us=0 total_us=7 status=0 transfer_status=0
[HIXL_QUERY_PERF] layer=comm_engine request=0x2 total_us=10 status=0 transfer_status=0
[2026-08-24 20:43:21.893205][UC][I] [QUERY_PERF] component=ucm layer=hixl_instance request=0x2 queue_wait_us=3 backend_us=17 run_post_us=3 total_us=23 api_status=0 transfer_status=0 [14755,14768][hixl_instance.cpp:342,GetTransferStatus]
[2026-08-24 20:43:21.893218][UC][I] [QUERY_PERF] component=ucm layer=hixl_transport handle=2 request=0x2 lifecycle_lock_us=0 pending_lock_wait_us=1 pending_lookup_us=0 instance_us=36 erase_us=0 total_us=37 transfer_status=0 [14755,14768][hixl_transport.cpp:734,GetStatus]
[2026-08-24 20:43:21.893225][UC][I] [QUERY_PERF] component=ucm layer=transport_manager handle=2 transport_handle=2 transfers_lock_wait_us=0 lookup_us=0 transport_us=45 total_us=45 api_status=0 transfer_status=0 [14755,14768][transport_manager.cpp:716,GetStatus]
[HIXL_QUERY_PERF] layer=comm_channel request=0x2 mutex_wait_us=0 check_us=0 lookup_us=0 flag_check_us=0 complete_us=0 total_us=0 transfer_status=0
[HIXL_QUERY_PERF] layer=adxl_inner request=0x2 context_us=0 req_lock_wait_us=0 lookup_us=0 channel_us=5 cleanup_us=0 total_us=5 status=0 transfer_status=0
[HIXL_QUERY_PERF] layer=comm_engine request=0x2 total_us=7 status=0 transfer_status=0
[2026-08-24 20:43:21.893250][UC][I] [QUERY_PERF] component=ucm layer=hixl_instance request=0x2 queue_wait_us=3 backend_us=10 run_post_us=3 total_us=16 api_status=0 transfer_status=0 [14755,14768][hixl_instance.cpp:342,GetTransferStatus]
[2026-08-24 20:43:21.893254][UC][I] [QUERY_PERF] component=ucm layer=hixl_transport handle=2 request=0x2 lifecycle_lock_us=0 pending_lock_wait_us=0 pending_lookup_us=0 instance_us=20 erase_us=0 total_us=20 transfer_status=0 [14755,14768][hixl_transport.cpp:734,GetStatus]
[2026-08-24 20:43:21.893257][UC][I] [QUERY_PERF] component=ucm layer=transport_manager handle=2 transport_handle=2 transfers_lock_wait_us=0 lookup_us=0 transport_us=25 total_us=25 api_status=0 transfer_status=0 [14755,14768][transport_manager.cpp:716,GetStatus]
[HIXL_QUERY_PERF] layer=comm_channel request=0x2 mutex_wait_us=0 check_us=0 lookup_us=0 flag_check_us=0 complete_us=0 total_us=0 transfer_status=0
[HIXL_QUERY_PERF] layer=adxl_inner request=0x2 context_us=0 req_lock_wait_us=1 lookup_us=0 channel_us=5 cleanup_us=0 total_us=6 status=0 transfer_status=0
[HIXL_QUERY_PERF] layer=comm_engine request=0x2 total_us=11 status=0 transfer_status=0
[2026-08-24 20:43:21.893284][UC][I] [QUERY_PERF] component=ucm layer=hixl_instance request=0x2 queue_wait_us=4 backend_us=14 run_post_us=3 total_us=21 api_status=0 transfer_status=0 [14755,14768][hixl_instance.cpp:342,GetTransferStatus]
[2026-08-24 20:43:21.893289][UC][I] [QUERY_PERF] component=ucm layer=hixl_transport handle=2 request=0x2 lifecycle_lock_us=0 pending_lock_wait_us=0 pending_lookup_us=0 instance_us=27 erase_us=0 total_us=27 transfer_status=0 [14755,14768][hixl_transport.cpp:734,GetStatus]
[2026-08-24 20:43:21.893295][UC][I] [QUERY_PERF] component=ucm layer=transport_manager handle=2 transport_handle=2 transfers_lock_wait_us=0 lookup_us=0 transport_us=33 total_us=33 api_status=0 transfer_status=0 [14755,14768][transport_manager.cpp:716,GetStatus]
[HIXL_QUERY_PERF] layer=comm_channel request=0x2 mutex_wait_us=0 check_us=0 lookup_us=0 flag_check_us=0 complete_us=0 total_us=1 transfer_status=0
[HIXL_QUERY_PERF] layer=adxl_inner request=0x2 context_us=1 req_lock_wait_us=0 lookup_us=0 channel_us=4 cleanup_us=0 total_us=5 status=0 transfer_status=0
[HIXL_QUERY_PERF] layer=comm_engine request=0x2 total_us=6 status=0 transfer_status=0
[2026-08-24 20:43:21.893314][UC][I] [QUERY_PERF] component=ucm layer=hixl_instance request=0x2 queue_wait_us=3 backend_us=8 run_post_us=3 total_us=14 api_status=0 transfer_status=0 [14755,14768][hixl_instance.cpp:342,GetTransferStatus]
[2026-08-24 20:43:21.893321][UC][I] [QUERY_PERF] component=ucm layer=hixl_transport handle=2 request=0x2 lifecycle_lock_us=0 pending_lock_wait_us=0 pending_lookup_us=0 instance_us=21 erase_us=0 total_us=21 transfer_status=0 [14755,14768][hixl_transport.cpp:734,GetStatus]
[2026-08-24 20:43:21.893327][UC][I] [QUERY_PERF] component=ucm layer=transport_manager handle=2 transport_handle=2 transfers_lock_wait_us=0 lookup_us=0 transport_us=28 total_us=28 api_status=0 transfer_status=0 [14755,14768][transport_manager.cpp:716,GetStatus]
[HIXL_QUERY_PERF] layer=comm_channel request=0x2 mutex_wait_us=0 check_us=0 lookup_us=0 flag_check_us=0 complete_us=0 total_us=0 transfer_status=0
[HIXL_QUERY_PERF] layer=adxl_inner request=0x2 context_us=1 req_lock_wait_us=0 lookup_us=0 channel_us=3 cleanup_us=0 total_us=4 status=0 transfer_status=0
[HIXL_QUERY_PERF] layer=comm_engine request=0x2 total_us=6 status=0 transfer_status=0
[2026-08-24 20:43:21.893352][UC][I] [QUERY_PERF] component=ucm layer=hixl_instance request=0x2 queue_wait_us=4 backend_us=10 run_post_us=4 total_us=18 api_status=0 transfer_status=0 [14755,14768][hixl_instance.cpp:342,GetTransferStatus]
[2026-08-24 20:43:21.893359][UC][I] [QUERY_PERF] component=ucm layer=hixl_transport handle=2 request=0x2 lifecycle_lock_us=0 pending_lock_wait_us=0 pending_lookup_us=0 instance_us=24 erase_us=0 total_us=24 transfer_status=0 [14755,14768][hixl_transport.cpp:734,GetStatus]
[2026-08-24 20:43:21.893363][UC][I] [QUERY_PERF] component=ucm layer=transport_manager handle=2 transport_handle=2 transfers_lock_wait_us=0 lookup_us=0 transport_us=29 total_us=29 api_status=0 transfer_status=0 [14755,14768][transport_manager.cpp:716,GetStatus]
[HIXL_QUERY_PERF] layer=comm_channel request=0x2 mutex_wait_us=0 check_us=0 lookup_us=1 flag_check_us=0 complete_us=0 total_us=1 transfer_status=0
[HIXL_QUERY_PERF] layer=adxl_inner request=0x2 context_us=1 req_lock_wait_us=0 lookup_us=0 channel_us=4 cleanup_us=0 total_us=5 status=0 transfer_status=0
[HIXL_QUERY_PERF] layer=comm_engine request=0x2 total_us=7 status=0 transfer_status=0
[2026-08-24 20:43:21.893381][UC][I] [QUERY_PERF] component=ucm layer=hixl_instance request=0x2 queue_wait_us=3 backend_us=8 run_post_us=3 total_us=14 api_status=0 transfer_status=0 [14755,14768][hixl_instance.cpp:342,GetTransferStatus]
[2026-08-24 20:43:21.893390][UC][I] [QUERY_PERF] component=ucm layer=hixl_transport handle=2 request=0x2 lifecycle_lock_us=0 pending_lock_wait_us=0 pending_lookup_us=0 instance_us=23 erase_us=0 total_us=23 transfer_status=0 [14755,14768][hixl_transport.cpp:734,GetStatus]
[2026-08-24 20:43:21.893401][UC][I] [QUERY_PERF] component=ucm layer=transport_manager handle=2 transport_handle=2 transfers_lock_wait_us=0 lookup_us=1 transport_us=34 total_us=35 api_status=0 transfer_status=0 [14755,14768][transport_manager.cpp:716,GetStatus]
[HIXL_QUERY_PERF] layer=comm_channel request=0x2 mutex_wait_us=0 check_us=0 lookup_us=0 flag_check_us=0 complete_us=0 total_us=0 transfer_status=0
[HIXL_QUERY_PERF] layer=adxl_inner request=0x2 context_us=1 req_lock_wait_us=0 lookup_us=0 channel_us=6 cleanup_us=0 total_us=7 status=0 transfer_status=0
[HIXL_QUERY_PERF] layer=comm_engine request=0x2 total_us=13 status=0 transfer_status=0
[2026-08-24 20:43:21.893429][UC][I] [QUERY_PERF] component=ucm layer=hixl_instance request=0x2 queue_wait_us=3 backend_us=17 run_post_us=3 total_us=23 api_status=0 transfer_status=0 [14755,14768][hixl_instance.cpp:342,GetTransferStatus]
[2026-08-24 20:43:21.893435][UC][I] [QUERY_PERF] component=ucm layer=hixl_transport handle=2 request=0x2 lifecycle_lock_us=1 pending_lock_wait_us=0 pending_lookup_us=0 instance_us=29 erase_us=0 total_us=30 transfer_status=0 [14755,14768][hixl_transport.cpp:734,GetStatus]
[2026-08-24 20:43:21.893438][UC][I] [QUERY_PERF] component=ucm layer=transport_manager handle=2 transport_handle=2 transfers_lock_wait_us=0 lookup_us=0 transport_us=33 total_us=33 api_status=0 transfer_status=0 [14755,14768][transport_manager.cpp:716,GetStatus]
[HIXL_QUERY_PERF] layer=comm_channel request=0x2 mutex_wait_us=0 check_us=0 lookup_us=0 flag_check_us=1 complete_us=0 total_us=1 transfer_status=0
[HIXL_QUERY_PERF] layer=adxl_inner request=0x2 context_us=1 req_lock_wait_us=0 lookup_us=0 channel_us=5 cleanup_us=0 total_us=6 status=0 transfer_status=0
[HIXL_QUERY_PERF] layer=comm_engine request=0x2 total_us=10 status=0 transfer_status=0
[2026-08-24 20:43:21.893459][UC][I] [QUERY_PERF] component=ucm layer=hixl_instance request=0x2 queue_wait_us=3 backend_us=11 run_post_us=3 total_us=17 api_status=0 transfer_status=0 [14755,14768][hixl_instance.cpp:342,GetTransferStatus]
[2026-08-24 20:43:21.893469][UC][I] [QUERY_PERF] component=ucm layer=hixl_transport handle=2 request=0x2 lifecycle_lock_us=0 pending_lock_wait_us=0 pending_lookup_us=0 instance_us=28 erase_us=0 total_us=28 transfer_status=0 [14755,14768][hixl_transport.cpp:734,GetStatus]
[2026-08-24 20:43:21.893474][UC][I] [QUERY_PERF] component=ucm layer=transport_manager handle=2 transport_handle=2 transfers_lock_wait_us=1 lookup_us=0 transport_us=33 total_us=34 api_status=0 transfer_status=0 [14755,14768][transport_manager.cpp:716,GetStatus]
[HIXL_QUERY_PERF] layer=comm_channel request=0x2 mutex_wait_us=0 check_us=0 lookup_us=0 flag_check_us=0 complete_us=5 total_us=5 transfer_status=1
[HIXL_QUERY_PERF] layer=adxl_inner request=0x2 context_us=0 req_lock_wait_us=0 lookup_us=1 channel_us=11 cleanup_us=0 total_us=12 status=0 transfer_status=1
[HIXL_QUERY_PERF] layer=comm_engine request=0x2 total_us=16 status=0 transfer_status=1
[2026-08-24 20:43:21.893509][UC][I] [QUERY_PERF] component=ucm layer=hixl_instance request=0x2 queue_wait_us=4 backend_us=20 run_post_us=4 total_us=28 api_status=0 transfer_status=1 [14755,14768][hixl_instance.cpp:342,GetTransferStatus]
[2026-08-24 20:43:21.893516][UC][I] [QUERY_PERF] component=ucm layer=hixl_transport handle=2 request=0x2 lifecycle_lock_us=0 pending_lock_wait_us=0 pending_lookup_us=0 instance_us=34 erase_us=0 total_us=34 transfer_status=1 [14755,14768][hixl_transport.cpp:734,GetStatus]
[2026-08-24 20:43:21.893519][UC][I] [QUERY_PERF] component=ucm layer=transport_manager handle=2 transport_handle=2 transfers_lock_wait_us=0 lookup_us=0 transport_us=38 total_us=38 api_status=0 transfer_status=1 [14755,14768][transport_manager.cpp:716,GetStatus]
[2026-08-24 20:43:21.893522][UC][I] [PERF] component=transport event=transfer_done manager=127.0.0.1:8000 target=127.0.0.1:4501 handle=2 transport_handle=2 opcode=0 direct=2 segments=108 bytes=7962624 status=1 api_status=0 submitted_ts_us=1787575401892272 completed_ts_us=1787575401893521 manager_get_status_ts_us=1787575401893481 backend_query_ts_us=1787575401893485 submit_us=2126 transfer_us=1249 manager_to_backend_query_us=4 total_us=3375 [14755,14768][transport_manager.cpp:727,GetStatus]
[HIXL_PERF] event=hccl_batch op=1 desc_num=1 hccl_us=87 status=0
[HIXL_PERF] event=issue_hccl_batch op=1 list_num=1 total_us=97
[HIXL_PERF] event=issue_async_host_flag op=1 list_num=1 context_us=0 hccl_issue_us=99 flag_memcpy_us=5 total_us=104
[HIXL_PERF] event=comm_channel_async op=1 list_num=1 mutex_wait_us=0 slot_us=0 host_flag_us=0 record_us=1 issue_us=108 total_us=109
[HIXL_PERF] event=adxl_inner_async op=1 list_num=1 context_us=0 connect_us=0 get_channel_us=0 channel_async_us=114 tail_us=0 total_us=114
[HIXL_PERF] event=comm_engine_async op=1 list_num=1 desc_build_us=0 inner_us=119 total_us=119 status=0
[2026-08-24 20:43:21.893696][UC][I] [PERF] component=transport event=transfer_submitted manager=127.0.0.1:8000 target=127.0.0.1:4501 handle=3 transport_handle=3 opcode=1 direct=2 segments=1 bytes=63 submitted_ts_us=1787575401893695 manager_execute_async_ts_us=1787575401893560 backend_execute_async_ts_us=1787575401893566 manager_to_backend_execute_async_us=6 submit_us=134 [14755,14768][transport_manager.cpp:674,ExecuteAsync]
[HIXL_QUERY_PERF] layer=comm_channel request=0x3 mutex_wait_us=0 check_us=0 lookup_us=0 flag_check_us=1 complete_us=1 total_us=2 transfer_status=1
[HIXL_QUERY_PERF] layer=adxl_inner request=0x3 context_us=0 req_lock_wait_us=0 lookup_us=1 channel_us=7 cleanup_us=0 total_us=8 status=0 transfer_status=1
[HIXL_QUERY_PERF] layer=comm_engine request=0x3 total_us=12 status=0 transfer_status=1
[2026-08-24 20:43:21.893727][UC][I] [QUERY_PERF] component=ucm layer=hixl_instance request=0x3 queue_wait_us=4 backend_us=14 run_post_us=4 total_us=22 api_status=0 transfer_status=1 [14755,14768][hixl_instance.cpp:342,GetTransferStatus]
[2026-08-24 20:43:21.893735][UC][I] [QUERY_PERF] component=ucm layer=hixl_transport handle=3 request=0x3 lifecycle_lock_us=0 pending_lock_wait_us=0 pending_lookup_us=0 instance_us=29 erase_us=0 total_us=29 transfer_status=1 [14755,14768][hixl_transport.cpp:734,GetStatus]
[2026-08-24 20:43:21.893752][UC][I] [QUERY_PERF] component=ucm layer=transport_manager handle=3 transport_handle=3 transfers_lock_wait_us=0 lookup_us=1 transport_us=47 total_us=48 api_status=0 transfer_status=1 [14755,14768][transport_manager.cpp:716,GetStatus]
[2026-08-24 20:43:21.893758][UC][I] [PERF] component=transport event=transfer_done manager=127.0.0.1:8000 target=127.0.0.1:4501 handle=3 transport_handle=3 opcode=1 direct=2 segments=1 bytes=63 status=1 api_status=0 submitted_ts_us=1787575401893695 completed_ts_us=1787575401893757 manager_get_status_ts_us=1787575401893704 backend_query_ts_us=1787575401893709 submit_us=134 transfer_us=62 manager_to_backend_query_us=5 total_us=196 [14755,14768][transport_manager.cpp:727,GetStatus]
[2026-08-24 20:43:21.893764][UC][I] [PERF] component=drampool event=request_done request_id=1 opcode=1 peer=127.0.0.1:4501 batch_size=108 data_bytes=7962624 failed_items=0 status=SUCCESS failed_stage=NONE received_ts_us=1787575401890004 worker_started_ts_us=1787575401890016 data_transfer_submitted_ts_us=1787575401892298 data_transfer_completed_ts_us=1787575401893526 response_submitted_ts_us=1787575401893703 completed_ts_us=1787575401893761 data_tm_execute_async_ts_us=1787575401890142 data_hixl_execute_async_ts_us=1787575401890164 data_tm_get_status_ts_us=1787575401893481 data_hixl_query_handle_ts_us=1787575401893485 response_tm_execute_async_ts_us=1787575401893560 response_hixl_execute_async_ts_us=1787575401893566 response_tm_get_status_ts_us=1787575401893704 response_hixl_query_handle_ts_us=1787575401893709 request_queue_us=12 metadata_prepare_us=113 taskworker_prepare_us=2284 poller_queue_us=149 data_transfer_us=1229 metadata_settle_us=29 response_slot_wait_us=1 response_submit_us=146 response_transfer_us=58 data_tm_to_hixl_execute_async_us=22 data_tm_to_hixl_query_handle_us=4 response_tm_to_hixl_execute_async_us=6 response_tm_to_hixl_query_handle_us=5 total_us=3757 [14755,14768][completion_poller.cc:56,LogRequestDone]
[HIXL_PERF] event=hccl_batch op=1 desc_num=1 hccl_us=92 status=0
[HIXL_PERF] event=issue_hccl_batch op=1 list_num=1 total_us=110
[HIXL_PERF] event=issue_async_host_flag op=1 list_num=1 context_us=1 hccl_issue_us=113 flag_memcpy_us=5 total_us=119
[HIXL_PERF] event=comm_channel_async op=1 list_num=1 mutex_wait_us=0 slot_us=0 host_flag_us=1 record_us=0 issue_us=135 total_us=136
[HIXL_PERF] event=adxl_inner_async op=1 list_num=1 context_us=3 connect_us=0 get_channel_us=1 channel_async_us=142 tail_us=0 total_us=146
[HIXL_PERF] event=comm_engine_async op=1 list_num=1 desc_build_us=0 inner_us=149 total_us=149 status=0
[2026-08-24 20:43:26.651903][UC][I] [PERF] component=transport event=transfer_submitted manager=127.0.0.1:8000 target=127.0.0.1:4500 handle=4 transport_handle=4 opcode=1 direct=2 segments=1 bytes=10 submitted_ts_us=1787575406651902 manager_execute_async_ts_us=1787575406651718 backend_execute_async_ts_us=1787575406651733 manager_to_backend_execute_async_us=15 submit_us=182 [14755,14768][transport_manager.cpp:674,ExecuteAsync]
[HIXL_QUERY_PERF] layer=comm_channel request=0x4 mutex_wait_us=0 check_us=1 lookup_us=0 flag_check_us=1 complete_us=5 total_us=7 transfer_status=1
[HIXL_QUERY_PERF] layer=adxl_inner request=0x4 context_us=7 req_lock_wait_us=0 lookup_us=3 channel_us=17 cleanup_us=2 total_us=29 status=0 transfer_status=1
[HIXL_QUERY_PERF] layer=comm_engine request=0x4 total_us=33 status=0 transfer_status=1
[2026-08-24 20:43:26.651989][UC][I] [QUERY_PERF] component=ucm layer=hixl_instance request=0x4 queue_wait_us=13 backend_us=36 run_post_us=7 total_us=56 api_status=0 transfer_status=1 [14755,14768][hixl_instance.cpp:342,GetTransferStatus]
[2026-08-24 20:43:26.651996][UC][I] [QUERY_PERF] component=ucm layer=hixl_transport handle=4 request=0x4 lifecycle_lock_us=0 pending_lock_wait_us=1 pending_lookup_us=0 instance_us=62 erase_us=1 total_us=64 transfer_status=1 [14755,14768][hixl_transport.cpp:734,GetStatus]
[2026-08-24 20:43:26.652011][UC][I] [QUERY_PERF] component=ucm layer=transport_manager handle=4 transport_handle=4 transfers_lock_wait_us=0 lookup_us=0 transport_us=79 total_us=79 api_status=0 transfer_status=1 [14755,14768][transport_manager.cpp:716,GetStatus]
[2026-08-24 20:43:26.652015][UC][I] [PERF] component=transport event=transfer_done manager=127.0.0.1:8000 target=127.0.0.1:4500 handle=4 transport_handle=4 opcode=1 direct=2 segments=1 bytes=10 status=1 api_status=0 submitted_ts_us=1787575406651902 completed_ts_us=1787575406652014 manager_get_status_ts_us=1787575406651931 backend_query_ts_us=1787575406651945 submit_us=182 transfer_us=112 manager_to_backend_query_us=14 total_us=294 [14755,14768][transport_manager.cpp:727,GetStatus]
[2026-08-24 20:43:26.652023][UC][I] [PERF] component=drampool event=request_done request_id=2 opcode=0 peer=127.0.0.1:4500 batch_size=2 data_bytes=0 failed_items=0 status=SUCCESS failed_stage=NONE received_ts_us=1787575406651470 worker_started_ts_us=1787575406651560 data_transfer_submitted_ts_us=0 data_transfer_completed_ts_us=0 response_submitted_ts_us=1787575406651930 completed_ts_us=1787575406652020 data_tm_execute_async_ts_us=0 data_hixl_execute_async_ts_us=0 data_tm_get_status_ts_us=0 data_hixl_query_handle_ts_us=0 response_tm_execute_async_ts_us=1787575406651718 response_hixl_execute_async_ts_us=1787575406651733 response_tm_get_status_ts_us=1787575406651931 response_hixl_query_handle_ts_us=1787575406651945 request_queue_us=91 metadata_prepare_us=1 taskworker_prepare_us=5 poller_queue_us=144 data_transfer_us=0 metadata_settle_us=0 response_slot_wait_us=148 response_submit_us=218 response_transfer_us=88 data_tm_to_hixl_execute_async_us=0 data_tm_to_hixl_query_handle_us=0 response_tm_to_hixl_execute_async_us=15 response_tm_to_hixl_query_handle_us=14 total_us=550 [14755,14768][completion_poller.cc:56,LogRequestDone]
[HIXL_PERF] event=hccl_batch op=1 desc_num=108 hccl_us=188 status=0
[HIXL_PERF] event=issue_hccl_batch op=1 list_num=108 total_us=226
[HIXL_PERF] event=issue_async_host_flag op=1 list_num=108 context_us=1 hccl_issue_us=228 flag_memcpy_us=9 total_us=238
[HIXL_PERF] event=comm_channel_async op=1 list_num=108 mutex_wait_us=1 slot_us=1 host_flag_us=0 record_us=1 issue_us=244 total_us=247
[HIXL_PERF] event=adxl_inner_async op=1 list_num=108 context_us=0 connect_us=0 get_channel_us=1 channel_async_us=251 tail_us=1 total_us=253
[HIXL_PERF] event=comm_engine_async op=1 list_num=108 desc_build_us=1 inner_us=258 total_us=259 status=0
[2026-08-24 20:43:26.656021][UC][I] [PERF] component=transport event=transfer_submitted manager=127.0.0.1:8000 target=127.0.0.1:4501 handle=5 transport_handle=5 opcode=1 direct=2 segments=108 bytes=7962624 submitted_ts_us=1787575406656020 manager_execute_async_ts_us=1787575406655717 backend_execute_async_ts_us=1787575406655742 manager_to_backend_execute_async_us=25 submit_us=292 [14755,14769][transport_manager.cpp:674,ExecuteAsync]
[HIXL_QUERY_PERF] layer=comm_channel request=0x5 mutex_wait_us=0 check_us=0 lookup_us=1 flag_check_us=0 complete_us=0 total_us=1 transfer_status=0
[HIXL_QUERY_PERF] layer=adxl_inner request=0x5 context_us=1 req_lock_wait_us=0 lookup_us=1 channel_us=9 cleanup_us=0 total_us=11 status=0 transfer_status=0
[HIXL_QUERY_PERF] layer=comm_engine request=0x5 total_us=14 status=0 transfer_status=0
[2026-08-24 20:43:26.656186][UC][I] [QUERY_PERF] component=ucm layer=hixl_instance request=0x5 queue_wait_us=6 backend_us=17 run_post_us=5 total_us=28 api_status=0 transfer_status=0 [14755,14768][hixl_instance.cpp:342,GetTransferStatus]
[2026-08-24 20:43:26.656195][UC][I] [QUERY_PERF] component=ucm layer=hixl_transport handle=5 request=0x5 lifecycle_lock_us=0 pending_lock_wait_us=0 pending_lookup_us=1 instance_us=38 erase_us=0 total_us=39 transfer_status=0 [14755,14768][hixl_transport.cpp:734,GetStatus]
[2026-08-24 20:43:26.656203][UC][I] [QUERY_PERF] component=ucm layer=transport_manager handle=5 transport_handle=5 transfers_lock_wait_us=0 lookup_us=1 transport_us=46 total_us=47 api_status=0 transfer_status=0 [14755,14768][transport_manager.cpp:716,GetStatus]
[HIXL_QUERY_PERF] layer=comm_channel request=0x5 mutex_wait_us=0 check_us=0 lookup_us=1 flag_check_us=0 complete_us=0 total_us=1 transfer_status=0
[HIXL_QUERY_PERF] layer=adxl_inner request=0x5 context_us=1 req_lock_wait_us=0 lookup_us=0 channel_us=6 cleanup_us=0 total_us=7 status=0 transfer_status=0
[HIXL_QUERY_PERF] layer=comm_engine request=0x5 total_us=13 status=0 transfer_status=0
[2026-08-24 20:43:26.656238][UC][I] [QUERY_PERF] component=ucm layer=hixl_instance request=0x5 queue_wait_us=4 backend_us=18 run_post_us=4 total_us=26 api_status=0 transfer_status=0 [14755,14768][hixl_instance.cpp:342,GetTransferStatus]
[2026-08-24 20:43:26.656244][UC][I] [QUERY_PERF] component=ucm layer=hixl_transport handle=5 request=0x5 lifecycle_lock_us=0 pending_lock_wait_us=0 pending_lookup_us=0 instance_us=32 erase_us=0 total_us=32 transfer_status=0 [14755,14768][hixl_transport.cpp:734,GetStatus]
[2026-08-24 20:43:26.656249][UC][I] [QUERY_PERF] component=ucm layer=transport_manager handle=5 transport_handle=5 transfers_lock_wait_us=0 lookup_us=0 transport_us=38 total_us=38 api_status=0 transfer_status=0 [14755,14768][transport_manager.cpp:716,GetStatus]
[HIXL_QUERY_PERF] layer=comm_channel request=0x5 mutex_wait_us=0 check_us=0 lookup_us=0 flag_check_us=0 complete_us=3 total_us=3 transfer_status=1
[HIXL_QUERY_PERF] layer=adxl_inner request=0x5 context_us=0 req_lock_wait_us=0 lookup_us=1 channel_us=9 cleanup_us=0 total_us=10 status=0 transfer_status=1
[HIXL_QUERY_PERF] layer=comm_engine request=0x5 total_us=15 status=0 transfer_status=1
[2026-08-24 20:43:26.656283][UC][I] [QUERY_PERF] component=ucm layer=hixl_instance request=0x5 queue_wait_us=4 backend_us=19 run_post_us=4 total_us=27 api_status=0 transfer_status=1 [14755,14768][hixl_instance.cpp:342,GetTransferStatus]
[2026-08-24 20:43:26.656291][UC][I] [QUERY_PERF] component=ucm layer=hixl_transport handle=5 request=0x5 lifecycle_lock_us=0 pending_lock_wait_us=0 pending_lookup_us=0 instance_us=34 erase_us=0 total_us=34 transfer_status=1 [14755,14768][hixl_transport.cpp:734,GetStatus]
[2026-08-24 20:43:26.656297][UC][I] [QUERY_PERF] component=ucm layer=transport_manager handle=5 transport_handle=5 transfers_lock_wait_us=0 lookup_us=0 transport_us=40 total_us=40 api_status=0 transfer_status=1 [14755,14768][transport_manager.cpp:716,GetStatus]
[2026-08-24 20:43:26.656302][UC][I] [PERF] component=transport event=transfer_done manager=127.0.0.1:8000 target=127.0.0.1:4501 handle=5 transport_handle=5 opcode=1 direct=2 segments=108 bytes=7962624 status=1 api_status=0 submitted_ts_us=1787575406656020 completed_ts_us=1787575406656301 manager_get_status_ts_us=1787575406656255 backend_query_ts_us=1787575406656260 submit_us=292 transfer_us=281 manager_to_backend_query_us=4 total_us=573 [14755,14768][transport_manager.cpp:727,GetStatus]
[HIXL_PERF] event=hccl_batch op=1 desc_num=1 hccl_us=71 status=0
[HIXL_PERF] event=issue_hccl_batch op=1 list_num=1 total_us=81
[HIXL_PERF] event=issue_async_host_flag op=1 list_num=1 context_us=0 hccl_issue_us=83 flag_memcpy_us=6 total_us=89
[HIXL_PERF] event=comm_channel_async op=1 list_num=1 mutex_wait_us=0 slot_us=0 host_flag_us=0 record_us=0 issue_us=93 total_us=93
[HIXL_PERF] event=adxl_inner_async op=1 list_num=1 context_us=0 connect_us=0 get_channel_us=0 channel_async_us=96 tail_us=0 total_us=96
[HIXL_PERF] event=comm_engine_async op=1 list_num=1 desc_build_us=0 inner_us=99 total_us=99 status=0
[2026-08-24 20:43:26.656455][UC][I] [PERF] component=transport event=transfer_submitted manager=127.0.0.1:8000 target=127.0.0.1:4501 handle=6 transport_handle=6 opcode=1 direct=2 segments=1 bytes=63 submitted_ts_us=1787575406656454 manager_execute_async_ts_us=1787575406656338 backend_execute_async_ts_us=1787575406656344 manager_to_backend_execute_async_us=6 submit_us=115 [14755,14768][transport_manager.cpp:674,ExecuteAsync]
[HIXL_QUERY_PERF] layer=comm_channel request=0x6 mutex_wait_us=0 check_us=0 lookup_us=0 flag_check_us=1 complete_us=1 total_us=2 transfer_status=1
[HIXL_QUERY_PERF] layer=adxl_inner request=0x6 context_us=0 req_lock_wait_us=0 lookup_us=1 channel_us=5 cleanup_us=0 total_us=6 status=0 transfer_status=1
[HIXL_QUERY_PERF] layer=comm_engine request=0x6 total_us=15 status=0 transfer_status=1
[2026-08-24 20:43:26.656495][UC][I] [QUERY_PERF] component=ucm layer=hixl_instance request=0x6 queue_wait_us=5 backend_us=16 run_post_us=5 total_us=26 api_status=0 transfer_status=1 [14755,14768][hixl_instance.cpp:342,GetTransferStatus]
[2026-08-24 20:43:26.656500][UC][I] [QUERY_PERF] component=ucm layer=hixl_transport handle=6 request=0x6 lifecycle_lock_us=0 pending_lock_wait_us=0 pending_lookup_us=0 instance_us=30 erase_us=0 total_us=30 transfer_status=1 [14755,14768][hixl_transport.cpp:734,GetStatus]
[2026-08-24 20:43:26.656503][UC][I] [QUERY_PERF] component=ucm layer=transport_manager handle=6 transport_handle=6 transfers_lock_wait_us=0 lookup_us=0 transport_us=34 total_us=34 api_status=0 transfer_status=1 [14755,14768][transport_manager.cpp:716,GetStatus]
[2026-08-24 20:43:26.656506][UC][I] [PERF] component=transport event=transfer_done manager=127.0.0.1:8000 target=127.0.0.1:4501 handle=6 transport_handle=6 opcode=1 direct=2 segments=1 bytes=63 status=1 api_status=0 submitted_ts_us=1787575406656454 completed_ts_us=1787575406656505 manager_get_status_ts_us=1787575406656468 backend_query_ts_us=1787575406656474 submit_us=115 transfer_us=51 manager_to_backend_query_us=5 total_us=166 [14755,14768][transport_manager.cpp:727,GetStatus]
[2026-08-24 20:43:26.656512][UC][I] [PERF] component=drampool event=request_done request_id=2 opcode=2 peer=127.0.0.1:4501 batch_size=108 data_bytes=7962624 failed_items=0 status=SUCCESS failed_stage=NONE received_ts_us=1787575406655640 worker_started_ts_us=1787575406655680 data_transfer_submitted_ts_us=1787575406656038 data_transfer_completed_ts_us=1787575406656307 response_submitted_ts_us=1787575406656468 completed_ts_us=1787575406656509 data_tm_execute_async_ts_us=1787575406655717 data_hixl_execute_async_ts_us=1787575406655742 data_tm_get_status_ts_us=1787575406656255 data_hixl_query_handle_ts_us=1787575406656260 response_tm_execute_async_ts_us=1787575406656338 response_hixl_execute_async_ts_us=1787575406656344 response_tm_get_status_ts_us=1787575406656468 response_hixl_query_handle_ts_us=1787575406656474 request_queue_us=40 metadata_prepare_us=34 taskworker_prepare_us=360 poller_queue_us=115 data_transfer_us=268 metadata_settle_us=27 response_slot_wait_us=1 response_submit_us=133 response_transfer_us=41 data_tm_to_hixl_execute_async_us=25 data_tm_to_hixl_query_handle_us=4 response_tm_to_hixl_execute_async_us=6 response_tm_to_hixl_query_handle_us=5 total_us=869 [14755,14768][completion_poller.cc:56,LogRequestDone]
[HIXL_PERF] event=hccl_batch op=1 desc_num=108 hccl_us=589 status=0
[HIXL_PERF] event=issue_hccl_batch op=1 list_num=108 total_us=615
[HIXL_PERF] event=issue_async_host_flag op=1 list_num=108 context_us=1 hccl_issue_us=620 flag_memcpy_us=15 total_us=636
[HIXL_PERF] event=comm_channel_async op=1 list_num=108 mutex_wait_us=1 slot_us=1289 host_flag_us=12 record_us=2 issue_us=645 total_us=1949
[HIXL_PERF] event=adxl_inner_async op=1 list_num=108 context_us=13 connect_us=0 get_channel_us=6 channel_async_us=1953 tail_us=2 total_us=1974
[HIXL_PERF] event=comm_engine_async op=1 list_num=108 desc_build_us=2 inner_us=1981 total_us=1983 status=0
[2026-08-24 20:43:26.658123][UC][I] [PERF] component=transport event=transfer_submitted manager=127.0.0.1:8000 target=127.0.0.1:4502 handle=7 transport_handle=7 opcode=1 direct=2 segments=108 bytes=7962624 submitted_ts_us=1787575406658121 manager_execute_async_ts_us=1787575406656057 backend_execute_async_ts_us=1787575406656092 manager_to_backend_execute_async_us=35 submit_us=2063 [14755,14769][transport_manager.cpp:674,ExecuteAsync]
[HIXL_QUERY_PERF] layer=comm_channel request=0x1 mutex_wait_us=0 check_us=0 lookup_us=1 flag_check_us=0 complete_us=0 total_us=1 transfer_status=0
[HIXL_QUERY_PERF] layer=adxl_inner request=0x1 context_us=1 req_lock_wait_us=0 lookup_us=1 channel_us=14 cleanup_us=0 total_us=16 status=0 transfer_status=0
[HIXL_QUERY_PERF] layer=comm_engine request=0x1 total_us=20 status=0 transfer_status=0
[2026-08-24 20:43:26.658255][UC][I] [QUERY_PERF] component=ucm layer=hixl_instance request=0x1 queue_wait_us=15 backend_us=31 run_post_us=13 total_us=59 api_status=0 transfer_status=0 [14755,14768][hixl_instance.cpp:342,GetTransferStatus]
[2026-08-24 20:43:26.658265][UC][I] [QUERY_PERF] component=ucm layer=hixl_transport handle=7 request=0x1 lifecycle_lock_us=0 pending_lock_wait_us=0 pending_lookup_us=0 instance_us=69 erase_us=0 total_us=69 transfer_status=0 [14755,14768][hixl_transport.cpp:734,GetStatus]
[2026-08-24 20:43:26.658269][UC][I] [QUERY_PERF] component=ucm layer=transport_manager handle=7 transport_handle=7 transfers_lock_wait_us=0 lookup_us=1 transport_us=73 total_us=74 api_status=0 transfer_status=0 [14755,14768][transport_manager.cpp:716,GetStatus]
[HIXL_QUERY_PERF] layer=comm_channel request=0x1 mutex_wait_us=0 check_us=0 lookup_us=1 flag_check_us=0 complete_us=0 total_us=1 transfer_status=0
[HIXL_QUERY_PERF] layer=adxl_inner request=0x1 context_us=1 req_lock_wait_us=0 lookup_us=0 channel_us=11 cleanup_us=0 total_us=12 status=0 transfer_status=0
[HIXL_QUERY_PERF] layer=comm_engine request=0x1 total_us=15 status=0 transfer_status=0
[2026-08-24 20:43:26.658311][UC][I] [QUERY_PERF] component=ucm layer=hixl_instance request=0x1 queue_wait_us=11 backend_us=16 run_post_us=11 total_us=38 api_status=0 transfer_status=0 [14755,14768][hixl_instance.cpp:342,GetTransferStatus]
[2026-08-24 20:43:26.658323][UC][I] [QUERY_PERF] component=ucm layer=hixl_transport handle=7 request=0x1 lifecycle_lock_us=0 pending_lock_wait_us=0 pending_lookup_us=0 instance_us=51 erase_us=0 total_us=51 transfer_status=0 [14755,14768][hixl_transport.cpp:734,GetStatus]
[2026-08-24 20:43:26.658327][UC][I] [QUERY_PERF] component=ucm layer=transport_manager handle=7 transport_handle=7 transfers_lock_wait_us=0 lookup_us=0 transport_us=54 total_us=54 api_status=0 transfer_status=0 [14755,14768][transport_manager.cpp:716,GetStatus]
[HIXL_QUERY_PERF] layer=comm_channel request=0x1 mutex_wait_us=1 check_us=0 lookup_us=0 flag_check_us=0 complete_us=0 total_us=1 transfer_status=0
[HIXL_QUERY_PERF] layer=adxl_inner request=0x1 context_us=0 req_lock_wait_us=0 lookup_us=0 channel_us=11 cleanup_us=0 total_us=11 status=0 transfer_status=0
[HIXL_QUERY_PERF] layer=comm_engine request=0x1 total_us=15 status=0 transfer_status=0
[2026-08-24 20:43:26.658373][UC][I] [QUERY_PERF] component=ucm layer=hixl_instance request=0x1 queue_wait_us=11 backend_us=21 run_post_us=10 total_us=42 api_status=0 transfer_status=0 [14755,14768][hixl_instance.cpp:342,GetTransferStatus]
[2026-08-24 20:43:26.658382][UC][I] [QUERY_PERF] component=ucm layer=hixl_transport handle=7 request=0x1 lifecycle_lock_us=0 pending_lock_wait_us=0 pending_lookup_us=0 instance_us=52 erase_us=0 total_us=52 transfer_status=0 [14755,14768][hixl_transport.cpp:734,GetStatus]
[2026-08-24 20:43:26.658385][UC][I] [QUERY_PERF] component=ucm layer=transport_manager handle=7 transport_handle=7 transfers_lock_wait_us=0 lookup_us=0 transport_us=55 total_us=55 api_status=0 transfer_status=0 [14755,14768][transport_manager.cpp:716,GetStatus]
[HIXL_QUERY_PERF] layer=comm_channel request=0x1 mutex_wait_us=0 check_us=0 lookup_us=1 flag_check_us=0 complete_us=0 total_us=1 transfer_status=0
[HIXL_QUERY_PERF] layer=adxl_inner request=0x1 context_us=1 req_lock_wait_us=0 lookup_us=0 channel_us=11 cleanup_us=0 total_us=12 status=0 transfer_status=0
[HIXL_QUERY_PERF] layer=comm_engine request=0x1 total_us=14 status=0 transfer_status=0
[2026-08-24 20:43:26.658427][UC][I] [QUERY_PERF] component=ucm layer=hixl_instance request=0x1 queue_wait_us=11 backend_us=16 run_post_us=10 total_us=37 api_status=0 transfer_status=0 [14755,14768][hixl_instance.cpp:342,GetTransferStatus]
[2026-08-24 20:43:26.658436][UC][I] [QUERY_PERF] component=ucm layer=hixl_transport handle=7 request=0x1 lifecycle_lock_us=0 pending_lock_wait_us=0 pending_lookup_us=0 instance_us=47 erase_us=0 total_us=47 transfer_status=0 [14755,14768][hixl_transport.cpp:734,GetStatus]
[2026-08-24 20:43:26.658439][UC][I] [QUERY_PERF] component=ucm layer=transport_manager handle=7 transport_handle=7 transfers_lock_wait_us=0 lookup_us=0 transport_us=50 total_us=50 api_status=0 transfer_status=0 [14755,14768][transport_manager.cpp:716,GetStatus]
[HIXL_QUERY_PERF] layer=comm_channel request=0x1 mutex_wait_us=0 check_us=0 lookup_us=0 flag_check_us=0 complete_us=0 total_us=0 transfer_status=0
[HIXL_QUERY_PERF] layer=adxl_inner request=0x1 context_us=0 req_lock_wait_us=1 lookup_us=0 channel_us=11 cleanup_us=0 total_us=12 status=0 transfer_status=0
[HIXL_QUERY_PERF] layer=comm_engine request=0x1 total_us=15 status=0 transfer_status=0
[2026-08-24 20:43:26.658483][UC][I] [QUERY_PERF] component=ucm layer=hixl_instance request=0x1 queue_wait_us=10 backend_us=17 run_post_us=11 total_us=38 api_status=0 transfer_status=0 [14755,14768][hixl_instance.cpp:342,GetTransferStatus]
[2026-08-24 20:43:26.658493][UC][I] [QUERY_PERF] component=ucm layer=hixl_transport handle=7 request=0x1 lifecycle_lock_us=0 pending_lock_wait_us=0 pending_lookup_us=0 instance_us=48 erase_us=0 total_us=48 transfer_status=0 [14755,14768][hixl_transport.cpp:734,GetStatus]
[2026-08-24 20:43:26.658496][UC][I] [QUERY_PERF] component=ucm layer=transport_manager handle=7 transport_handle=7 transfers_lock_wait_us=0 lookup_us=0 transport_us=51 total_us=51 api_status=0 transfer_status=0 [14755,14768][transport_manager.cpp:716,GetStatus]
[HIXL_QUERY_PERF] layer=comm_channel request=0x1 mutex_wait_us=0 check_us=0 lookup_us=0 flag_check_us=0 complete_us=0 total_us=0 transfer_status=0
[HIXL_QUERY_PERF] layer=adxl_inner request=0x1 context_us=0 req_lock_wait_us=0 lookup_us=0 channel_us=11 cleanup_us=0 total_us=11 status=0 transfer_status=0
[HIXL_QUERY_PERF] layer=comm_engine request=0x1 total_us=14 status=0 transfer_status=0
[2026-08-24 20:43:26.658537][UC][I] [QUERY_PERF] component=ucm layer=hixl_instance request=0x1 queue_wait_us=11 backend_us=16 run_post_us=11 total_us=38 api_status=0 transfer_status=0 [14755,14768][hixl_instance.cpp:342,GetTransferStatus]
[2026-08-24 20:43:26.658546][UC][I] [QUERY_PERF] component=ucm layer=hixl_transport handle=7 request=0x1 lifecycle_lock_us=0 pending_lock_wait_us=0 pending_lookup_us=0 instance_us=47 erase_us=0 total_us=47 transfer_status=0 [14755,14768][hixl_transport.cpp:734,GetStatus]
[2026-08-24 20:43:26.658549][UC][I] [QUERY_PERF] component=ucm layer=transport_manager handle=7 transport_handle=7 transfers_lock_wait_us=0 lookup_us=0 transport_us=50 total_us=50 api_status=0 transfer_status=0 [14755,14768][transport_manager.cpp:716,GetStatus]
[HIXL_QUERY_PERF] layer=comm_channel request=0x1 mutex_wait_us=0 check_us=0 lookup_us=0 flag_check_us=0 complete_us=0 total_us=0 transfer_status=0
[HIXL_QUERY_PERF] layer=adxl_inner request=0x1 context_us=1 req_lock_wait_us=0 lookup_us=0 channel_us=10 cleanup_us=0 total_us=11 status=0 transfer_status=0
[HIXL_QUERY_PERF] layer=comm_engine request=0x1 total_us=14 status=0 transfer_status=0
[2026-08-24 20:43:26.658589][UC][I] [QUERY_PERF] component=ucm layer=hixl_instance request=0x1 queue_wait_us=11 backend_us=15 run_post_us=10 total_us=36 api_status=0 transfer_status=0 [14755,14768][hixl_instance.cpp:342,GetTransferStatus]
[2026-08-24 20:43:26.658598][UC][I] [QUERY_PERF] component=ucm layer=hixl_transport handle=7 request=0x1 lifecycle_lock_us=0 pending_lock_wait_us=0 pending_lookup_us=0 instance_us=46 erase_us=0 total_us=46 transfer_status=0 [14755,14768][hixl_transport.cpp:734,GetStatus]
[2026-08-24 20:43:26.658604][UC][I] [QUERY_PERF] component=ucm layer=transport_manager handle=7 transport_handle=7 transfers_lock_wait_us=0 lookup_us=0 transport_us=51 total_us=51 api_status=0 transfer_status=0 [14755,14768][transport_manager.cpp:716,GetStatus]
[HIXL_QUERY_PERF] layer=comm_channel request=0x1 mutex_wait_us=0 check_us=0 lookup_us=0 flag_check_us=0 complete_us=0 total_us=0 transfer_status=0
[HIXL_QUERY_PERF] layer=adxl_inner request=0x1 context_us=1 req_lock_wait_us=0 lookup_us=0 channel_us=11 cleanup_us=0 total_us=12 status=0 transfer_status=0
[HIXL_QUERY_PERF] layer=comm_engine request=0x1 total_us=16 status=0 transfer_status=0
[2026-08-24 20:43:26.658651][UC][I] [QUERY_PERF] component=ucm layer=hixl_instance request=0x1 queue_wait_us=11 backend_us=22 run_post_us=11 total_us=44 api_status=0 transfer_status=0 [14755,14768][hixl_instance.cpp:342,GetTransferStatus]
[2026-08-24 20:43:26.658661][UC][I] [QUERY_PERF] component=ucm layer=hixl_transport handle=7 request=0x1 lifecycle_lock_us=0 pending_lock_wait_us=0 pending_lookup_us=0 instance_us=53 erase_us=0 total_us=53 transfer_status=0 [14755,14768][hixl_transport.cpp:734,GetStatus]
[2026-08-24 20:43:26.658664][UC][I] [QUERY_PERF] component=ucm layer=transport_manager handle=7 transport_handle=7 transfers_lock_wait_us=0 lookup_us=0 transport_us=57 total_us=57 api_status=0 transfer_status=0 [14755,14768][transport_manager.cpp:716,GetStatus]
[HIXL_QUERY_PERF] layer=comm_channel request=0x1 mutex_wait_us=0 check_us=0 lookup_us=0 flag_check_us=0 complete_us=0 total_us=0 transfer_status=0
[HIXL_QUERY_PERF] layer=adxl_inner request=0x1 context_us=1 req_lock_wait_us=0 lookup_us=0 channel_us=14 cleanup_us=0 total_us=15 status=0 transfer_status=0
[HIXL_QUERY_PERF] layer=comm_engine request=0x1 total_us=17 status=0 transfer_status=0
[2026-08-24 20:43:26.658708][UC][I] [QUERY_PERF] component=ucm layer=hixl_instance request=0x1 queue_wait_us=12 backend_us=18 run_post_us=11 total_us=41 api_status=0 transfer_status=0 [14755,14768][hixl_instance.cpp:342,GetTransferStatus]
[2026-08-24 20:43:26.658720][UC][I] [QUERY_PERF] component=ucm layer=hixl_transport handle=7 request=0x1 lifecycle_lock_us=0 pending_lock_wait_us=0 pending_lookup_us=0 instance_us=52 erase_us=0 total_us=52 transfer_status=0 [14755,14768][hixl_transport.cpp:734,GetStatus]
[2026-08-24 20:43:26.658725][UC][I] [QUERY_PERF] component=ucm layer=transport_manager handle=7 transport_handle=7 transfers_lock_wait_us=0 lookup_us=0 transport_us=58 total_us=58 api_status=0 transfer_status=0 [14755,14768][transport_manager.cpp:716,GetStatus]
[HIXL_QUERY_PERF] layer=comm_channel request=0x1 mutex_wait_us=0 check_us=0 lookup_us=0 flag_check_us=0 complete_us=0 total_us=0 transfer_status=0
[HIXL_QUERY_PERF] layer=adxl_inner request=0x1 context_us=1 req_lock_wait_us=0 lookup_us=0 channel_us=9 cleanup_us=0 total_us=10 status=0 transfer_status=0
[HIXL_QUERY_PERF] layer=comm_engine request=0x1 total_us=11 status=0 transfer_status=0
[2026-08-24 20:43:26.658764][UC][I] [QUERY_PERF] component=ucm layer=hixl_instance request=0x1 queue_wait_us=11 backend_us=13 run_post_us=10 total_us=34 api_status=0 transfer_status=0 [14755,14768][hixl_instance.cpp:342,GetTransferStatus]
[2026-08-24 20:43:26.658774][UC][I] [QUERY_PERF] component=ucm layer=hixl_transport handle=7 request=0x1 lifecycle_lock_us=0 pending_lock_wait_us=0 pending_lookup_us=0 instance_us=45 erase_us=0 total_us=45 transfer_status=0 [14755,14768][hixl_transport.cpp:734,GetStatus]
[2026-08-24 20:43:26.658778][UC][I] [QUERY_PERF] component=ucm layer=transport_manager handle=7 transport_handle=7 transfers_lock_wait_us=0 lookup_us=0 transport_us=48 total_us=48 api_status=0 transfer_status=0 [14755,14768][transport_manager.cpp:716,GetStatus]
[HIXL_QUERY_PERF] layer=comm_channel request=0x1 mutex_wait_us=0 check_us=0 lookup_us=0 flag_check_us=0 complete_us=0 total_us=0 transfer_status=0
[HIXL_QUERY_PERF] layer=adxl_inner request=0x1 context_us=1 req_lock_wait_us=0 lookup_us=0 channel_us=7 cleanup_us=0 total_us=8 status=0 transfer_status=0
[HIXL_QUERY_PERF] layer=comm_engine request=0x1 total_us=10 status=0 transfer_status=0
[2026-08-24 20:43:26.658815][UC][I] [QUERY_PERF] component=ucm layer=hixl_instance request=0x1 queue_wait_us=10 backend_us=13 run_post_us=10 total_us=33 api_status=0 transfer_status=0 [14755,14768][hixl_instance.cpp:342,GetTransferStatus]
[2026-08-24 20:43:26.658824][UC][I] [QUERY_PERF] component=ucm layer=hixl_transport handle=7 request=0x1 lifecycle_lock_us=0 pending_lock_wait_us=0 pending_lookup_us=0 instance_us=43 erase_us=0 total_us=43 transfer_status=0 [14755,14768][hixl_transport.cpp:734,GetStatus]
[2026-08-24 20:43:26.658830][UC][I] [QUERY_PERF] component=ucm layer=transport_manager handle=7 transport_handle=7 transfers_lock_wait_us=0 lookup_us=0 transport_us=49 total_us=49 api_status=0 transfer_status=0 [14755,14768][transport_manager.cpp:716,GetStatus]
[HIXL_QUERY_PERF] layer=comm_channel request=0x1 mutex_wait_us=0 check_us=0 lookup_us=0 flag_check_us=0 complete_us=0 total_us=0 transfer_status=0
[HIXL_QUERY_PERF] layer=adxl_inner request=0x1 context_us=1 req_lock_wait_us=0 lookup_us=0 channel_us=8 cleanup_us=0 total_us=9 status=0 transfer_status=0
[HIXL_QUERY_PERF] layer=comm_engine request=0x1 total_us=12 status=0 transfer_status=0
[2026-08-24 20:43:26.658873][UC][I] [QUERY_PERF] component=ucm layer=hixl_instance request=0x1 queue_wait_us=10 backend_us=15 run_post_us=10 total_us=35 api_status=0 transfer_status=0 [14755,14768][hixl_instance.cpp:342,GetTransferStatus]
[2026-08-24 20:43:26.658882][UC][I] [QUERY_PERF] component=ucm layer=hixl_transport handle=7 request=0x1 lifecycle_lock_us=0 pending_lock_wait_us=0 pending_lookup_us=0 instance_us=43 erase_us=0 total_us=43 transfer_status=0 [14755,14768][hixl_transport.cpp:734,GetStatus]
[2026-08-24 20:43:26.658889][UC][I] [QUERY_PERF] component=ucm layer=transport_manager handle=7 transport_handle=7 transfers_lock_wait_us=0 lookup_us=0 transport_us=51 total_us=51 api_status=0 transfer_status=0 [14755,14768][transport_manager.cpp:716,GetStatus]
[HIXL_QUERY_PERF] layer=comm_channel request=0x1 mutex_wait_us=0 check_us=0 lookup_us=0 flag_check_us=0 complete_us=0 total_us=0 transfer_status=0
[HIXL_QUERY_PERF] layer=adxl_inner request=0x1 context_us=1 req_lock_wait_us=0 lookup_us=0 channel_us=7 cleanup_us=0 total_us=8 status=0 transfer_status=0
[HIXL_QUERY_PERF] layer=comm_engine request=0x1 total_us=10 status=0 transfer_status=0
[2026-08-24 20:43:26.658932][UC][I] [QUERY_PERF] component=ucm layer=hixl_instance request=0x1 queue_wait_us=10 backend_us=15 run_post_us=11 total_us=36 api_status=0 transfer_status=0 [14755,14768][hixl_instance.cpp:342,GetTransferStatus]
[2026-08-24 20:43:26.658943][UC][I] [QUERY_PERF] component=ucm layer=hixl_transport handle=7 request=0x1 lifecycle_lock_us=0 pending_lock_wait_us=0 pending_lookup_us=0 instance_us=47 erase_us=0 total_us=47 transfer_status=0 [14755,14768][hixl_transport.cpp:734,GetStatus]
[2026-08-24 20:43:26.658949][UC][I] [QUERY_PERF] component=ucm layer=transport_manager handle=7 transport_handle=7 transfers_lock_wait_us=0 lookup_us=0 transport_us=53 total_us=53 api_status=0 transfer_status=0 [14755,14768][transport_manager.cpp:716,GetStatus]
[HIXL_QUERY_PERF] layer=comm_channel request=0x1 mutex_wait_us=0 check_us=0 lookup_us=0 flag_check_us=0 complete_us=0 total_us=0 transfer_status=0
[HIXL_QUERY_PERF] layer=adxl_inner request=0x1 context_us=0 req_lock_wait_us=1 lookup_us=0 channel_us=6 cleanup_us=0 total_us=7 status=0 transfer_status=0
[HIXL_QUERY_PERF] layer=comm_engine request=0x1 total_us=9 status=0 transfer_status=0
[2026-08-24 20:43:26.658989][UC][I] [QUERY_PERF] component=ucm layer=hixl_instance request=0x1 queue_wait_us=11 backend_us=11 run_post_us=11 total_us=33 api_status=0 transfer_status=0 [14755,14768][hixl_instance.cpp:342,GetTransferStatus]
[2026-08-24 20:43:26.659000][UC][I] [QUERY_PERF] component=ucm layer=hixl_transport handle=7 request=0x1 lifecycle_lock_us=0 pending_lock_wait_us=0 pending_lookup_us=0 instance_us=43 erase_us=0 total_us=43 transfer_status=0 [14755,14768][hixl_transport.cpp:734,GetStatus]
[2026-08-24 20:43:26.659005][UC][I] [QUERY_PERF] component=ucm layer=transport_manager handle=7 transport_handle=7 transfers_lock_wait_us=0 lookup_us=0 transport_us=48 total_us=48 api_status=0 transfer_status=0 [14755,14768][transport_manager.cpp:716,GetStatus]
[HIXL_QUERY_PERF] layer=comm_channel request=0x1 mutex_wait_us=0 check_us=0 lookup_us=0 flag_check_us=0 complete_us=0 total_us=0 transfer_status=0
[HIXL_QUERY_PERF] layer=adxl_inner request=0x1 context_us=0 req_lock_wait_us=0 lookup_us=1 channel_us=7 cleanup_us=0 total_us=8 status=0 transfer_status=0
[HIXL_QUERY_PERF] layer=comm_engine request=0x1 total_us=11 status=0 transfer_status=0
[2026-08-24 20:43:26.659044][UC][I] [QUERY_PERF] component=ucm layer=hixl_instance request=0x1 queue_wait_us=10 backend_us=13 run_post_us=11 total_us=34 api_status=0 transfer_status=0 [14755,14768][hixl_instance.cpp:342,GetTransferStatus]
[2026-08-24 20:43:26.659058][UC][I] [QUERY_PERF] component=ucm layer=hixl_transport handle=7 request=0x1 lifecycle_lock_us=0 pending_lock_wait_us=0 pending_lookup_us=0 instance_us=48 erase_us=0 total_us=48 transfer_status=0 [14755,14768][hixl_transport.cpp:734,GetStatus]
[2026-08-24 20:43:26.659062][UC][I] [QUERY_PERF] component=ucm layer=transport_manager handle=7 transport_handle=7 transfers_lock_wait_us=0 lookup_us=1 transport_us=52 total_us=53 api_status=0 transfer_status=0 [14755,14768][transport_manager.cpp:716,GetStatus]
[HIXL_QUERY_PERF] layer=comm_channel request=0x1 mutex_wait_us=0 check_us=0 lookup_us=1 flag_check_us=0 complete_us=0 total_us=1 transfer_status=0
[HIXL_QUERY_PERF] layer=adxl_inner request=0x1 context_us=1 req_lock_wait_us=0 lookup_us=0 channel_us=9 cleanup_us=0 total_us=10 status=0 transfer_status=0
[HIXL_QUERY_PERF] layer=comm_engine request=0x1 total_us=14 status=0 transfer_status=0
[2026-08-24 20:43:26.659102][UC][I] [QUERY_PERF] component=ucm layer=hixl_instance request=0x1 queue_wait_us=11 backend_us=15 run_post_us=11 total_us=37 api_status=0 transfer_status=0 [14755,14768][hixl_instance.cpp:342,GetTransferStatus]
[2026-08-24 20:43:26.659112][UC][I] [QUERY_PERF] component=ucm layer=hixl_transport handle=7 request=0x1 lifecycle_lock_us=0 pending_lock_wait_us=0 pending_lookup_us=0 instance_us=46 erase_us=0 total_us=46 transfer_status=0 [14755,14768][hixl_transport.cpp:734,GetStatus]
[2026-08-24 20:43:26.659115][UC][I] [QUERY_PERF] component=ucm layer=transport_manager handle=7 transport_handle=7 transfers_lock_wait_us=1 lookup_us=0 transport_us=50 total_us=51 api_status=0 transfer_status=0 [14755,14768][transport_manager.cpp:716,GetStatus]
[HIXL_QUERY_PERF] layer=comm_channel request=0x1 mutex_wait_us=0 check_us=0 lookup_us=0 flag_check_us=0 complete_us=0 total_us=0 transfer_status=0
[HIXL_QUERY_PERF] layer=adxl_inner request=0x1 context_us=0 req_lock_wait_us=0 lookup_us=1 channel_us=8 cleanup_us=0 total_us=9 status=0 transfer_status=0
[HIXL_QUERY_PERF] layer=comm_engine request=0x1 total_us=11 status=0 transfer_status=0
[2026-08-24 20:43:26.659153][UC][I] [QUERY_PERF] component=ucm layer=hixl_instance request=0x1 queue_wait_us=11 backend_us=14 run_post_us=10 total_us=35 api_status=0 transfer_status=0 [14755,14768][hixl_instance.cpp:342,GetTransferStatus]
[2026-08-24 20:43:26.659164][UC][I] [QUERY_PERF] component=ucm layer=hixl_transport handle=7 request=0x1 lifecycle_lock_us=0 pending_lock_wait_us=0 pending_lookup_us=0 instance_us=46 erase_us=0 total_us=46 transfer_status=0 [14755,14768][hixl_transport.cpp:734,GetStatus]
[2026-08-24 20:43:26.659167][UC][I] [QUERY_PERF] component=ucm layer=transport_manager handle=7 transport_handle=7 transfers_lock_wait_us=0 lookup_us=0 transport_us=48 total_us=48 api_status=0 transfer_status=0 [14755,14768][transport_manager.cpp:716,GetStatus]
[HIXL_QUERY_PERF] layer=comm_channel request=0x1 mutex_wait_us=0 check_us=0 lookup_us=0 flag_check_us=0 complete_us=0 total_us=1 transfer_status=0
[HIXL_QUERY_PERF] layer=adxl_inner request=0x1 context_us=1 req_lock_wait_us=0 lookup_us=0 channel_us=8 cleanup_us=0 total_us=9 status=0 transfer_status=0
[HIXL_QUERY_PERF] layer=comm_engine request=0x1 total_us=12 status=0 transfer_status=0
[2026-08-24 20:43:26.659207][UC][I] [QUERY_PERF] component=ucm layer=hixl_instance request=0x1 queue_wait_us=11 backend_us=15 run_post_us=10 total_us=36 api_status=0 transfer_status=0 [14755,14768][hixl_instance.cpp:342,GetTransferStatus]
[2026-08-24 20:43:26.659220][UC][I] [QUERY_PERF] component=ucm layer=hixl_transport handle=7 request=0x1 lifecycle_lock_us=0 pending_lock_wait_us=0 pending_lookup_us=0 instance_us=49 erase_us=0 total_us=49 transfer_status=0 [14755,14768][hixl_transport.cpp:734,GetStatus]
[2026-08-24 20:43:26.659226][UC][I] [QUERY_PERF] component=ucm layer=transport_manager handle=7 transport_handle=7 transfers_lock_wait_us=1 lookup_us=0 transport_us=56 total_us=57 api_status=0 transfer_status=0 [14755,14768][transport_manager.cpp:716,GetStatus]
[HIXL_QUERY_PERF] layer=comm_channel request=0x1 mutex_wait_us=0 check_us=0 lookup_us=0 flag_check_us=0 complete_us=0 total_us=0 transfer_status=0
[HIXL_QUERY_PERF] layer=adxl_inner request=0x1 context_us=1 req_lock_wait_us=0 lookup_us=0 channel_us=7 cleanup_us=0 total_us=8 status=0 transfer_status=0
[HIXL_QUERY_PERF] layer=comm_engine request=0x1 total_us=12 status=0 transfer_status=0
[2026-08-24 20:43:26.659272][UC][I] [QUERY_PERF] component=ucm layer=hixl_instance request=0x1 queue_wait_us=11 backend_us=14 run_post_us=10 total_us=35 api_status=0 transfer_status=0 [14755,14768][hixl_instance.cpp:342,GetTransferStatus]
[2026-08-24 20:43:26.659284][UC][I] [QUERY_PERF] component=ucm layer=hixl_transport handle=7 request=0x1 lifecycle_lock_us=0 pending_lock_wait_us=0 pending_lookup_us=0 instance_us=47 erase_us=0 total_us=47 transfer_status=0 [14755,14768][hixl_transport.cpp:734,GetStatus]
[2026-08-24 20:43:26.659287][UC][I] [QUERY_PERF] component=ucm layer=transport_manager handle=7 transport_handle=7 transfers_lock_wait_us=0 lookup_us=0 transport_us=51 total_us=51 api_status=0 transfer_status=0 [14755,14768][transport_manager.cpp:716,GetStatus]
[HIXL_QUERY_PERF] layer=comm_channel request=0x1 mutex_wait_us=0 check_us=0 lookup_us=1 flag_check_us=0 complete_us=0 total_us=1 transfer_status=0
[HIXL_QUERY_PERF] layer=adxl_inner request=0x1 context_us=0 req_lock_wait_us=0 lookup_us=0 channel_us=7 cleanup_us=0 total_us=7 status=0 transfer_status=0
[HIXL_QUERY_PERF] layer=comm_engine request=0x1 total_us=9 status=0 transfer_status=0
[2026-08-24 20:43:26.659324][UC][I] [QUERY_PERF] component=ucm layer=hixl_instance request=0x1 queue_wait_us=11 backend_us=12 run_post_us=11 total_us=34 api_status=0 transfer_status=0 [14755,14768][hixl_instance.cpp:342,GetTransferStatus]
[2026-08-24 20:43:26.659338][UC][I] [QUERY_PERF] component=ucm layer=hixl_transport handle=7 request=0x1 lifecycle_lock_us=0 pending_lock_wait_us=0 pending_lookup_us=0 instance_us=47 erase_us=0 total_us=47 transfer_status=0 [14755,14768][hixl_transport.cpp:734,GetStatus]
[2026-08-24 20:43:26.659341][UC][I] [QUERY_PERF] component=ucm layer=transport_manager handle=7 transport_handle=7 transfers_lock_wait_us=0 lookup_us=0 transport_us=50 total_us=50 api_status=0 transfer_status=0 [14755,14768][transport_manager.cpp:716,GetStatus]
[HIXL_QUERY_PERF] layer=comm_channel request=0x1 mutex_wait_us=0 check_us=0 lookup_us=1 flag_check_us=0 complete_us=0 total_us=1 transfer_status=0
[HIXL_QUERY_PERF] layer=adxl_inner request=0x1 context_us=0 req_lock_wait_us=0 lookup_us=0 channel_us=8 cleanup_us=0 total_us=8 status=0 transfer_status=0
[HIXL_QUERY_PERF] layer=comm_engine request=0x1 total_us=11 status=0 transfer_status=0
[2026-08-24 20:43:26.659379][UC][I] [QUERY_PERF] component=ucm layer=hixl_instance request=0x1 queue_wait_us=11 backend_us=13 run_post_us=11 total_us=35 api_status=0 transfer_status=0 [14755,14768][hixl_instance.cpp:342,GetTransferStatus]
[2026-08-24 20:43:26.659388][UC][I] [QUERY_PERF] component=ucm layer=hixl_transport handle=7 request=0x1 lifecycle_lock_us=0 pending_lock_wait_us=0 pending_lookup_us=0 instance_us=44 erase_us=0 total_us=44 transfer_status=0 [14755,14768][hixl_transport.cpp:734,GetStatus]
[2026-08-24 20:43:26.659391][UC][I] [QUERY_PERF] component=ucm layer=transport_manager handle=7 transport_handle=7 transfers_lock_wait_us=1 lookup_us=0 transport_us=47 total_us=48 api_status=0 transfer_status=0 [14755,14768][transport_manager.cpp:716,GetStatus]
[HIXL_QUERY_PERF] layer=comm_channel request=0x1 mutex_wait_us=0 check_us=0 lookup_us=0 flag_check_us=0 complete_us=0 total_us=0 transfer_status=0
[HIXL_QUERY_PERF] layer=adxl_inner request=0x1 context_us=0 req_lock_wait_us=0 lookup_us=1 channel_us=7 cleanup_us=0 total_us=8 status=0 transfer_status=0
[HIXL_QUERY_PERF] layer=comm_engine request=0x1 total_us=12 status=0 transfer_status=0
[2026-08-24 20:43:26.659434][UC][I] [QUERY_PERF] component=ucm layer=hixl_instance request=0x1 queue_wait_us=11 backend_us=18 run_post_us=11 total_us=40 api_status=0 transfer_status=0 [14755,14768][hixl_instance.cpp:342,GetTransferStatus]
[2026-08-24 20:43:26.659445][UC][I] [QUERY_PERF] component=ucm layer=hixl_transport handle=7 request=0x1 lifecycle_lock_us=0 pending_lock_wait_us=0 pending_lookup_us=0 instance_us=50 erase_us=0 total_us=50 transfer_status=0 [14755,14768][hixl_transport.cpp:734,GetStatus]
[2026-08-24 20:43:26.659448][UC][I] [QUERY_PERF] component=ucm layer=transport_manager handle=7 transport_handle=7 transfers_lock_wait_us=0 lookup_us=0 transport_us=54 total_us=54 api_status=0 transfer_status=0 [14755,14768][transport_manager.cpp:716,GetStatus]
[HIXL_QUERY_PERF] layer=comm_channel request=0x1 mutex_wait_us=0 check_us=0 lookup_us=0 flag_check_us=0 complete_us=0 total_us=0 transfer_status=0
[HIXL_QUERY_PERF] layer=adxl_inner request=0x1 context_us=0 req_lock_wait_us=0 lookup_us=1 channel_us=11 cleanup_us=0 total_us=12 status=0 transfer_status=0
[HIXL_QUERY_PERF] layer=comm_engine request=0x1 total_us=15 status=0 transfer_status=0
[2026-08-24 20:43:26.659490][UC][I] [QUERY_PERF] component=ucm layer=hixl_instance request=0x1 queue_wait_us=10 backend_us=17 run_post_us=11 total_us=38 api_status=0 transfer_status=0 [14755,14768][hixl_instance.cpp:342,GetTransferStatus]
[2026-08-24 20:43:26.659502][UC][I] [QUERY_PERF] component=ucm layer=hixl_transport handle=7 request=0x1 lifecycle_lock_us=0 pending_lock_wait_us=0 pending_lookup_us=1 instance_us=50 erase_us=0 total_us=51 transfer_status=0 [14755,14768][hixl_transport.cpp:734,GetStatus]
[2026-08-24 20:43:26.659506][UC][I] [QUERY_PERF] component=ucm layer=transport_manager handle=7 transport_handle=7 transfers_lock_wait_us=0 lookup_us=0 transport_us=54 total_us=54 api_status=0 transfer_status=0 [14755,14768][transport_manager.cpp:716,GetStatus]
[HIXL_QUERY_PERF] layer=comm_channel request=0x1 mutex_wait_us=0 check_us=0 lookup_us=0 flag_check_us=0 complete_us=0 total_us=0 transfer_status=0
[HIXL_QUERY_PERF] layer=adxl_inner request=0x1 context_us=0 req_lock_wait_us=0 lookup_us=1 channel_us=8 cleanup_us=0 total_us=9 status=0 transfer_status=0
[HIXL_QUERY_PERF] layer=comm_engine request=0x1 total_us=14 status=0 transfer_status=0
[2026-08-24 20:43:26.659550][UC][I] [QUERY_PERF] component=ucm layer=hixl_instance request=0x1 queue_wait_us=10 backend_us=19 run_post_us=11 total_us=40 api_status=0 transfer_status=0 [14755,14768][hixl_instance.cpp:342,GetTransferStatus]
[2026-08-24 20:43:26.659559][UC][I] [QUERY_PERF] component=ucm layer=hixl_transport handle=7 request=0x1 lifecycle_lock_us=0 pending_lock_wait_us=0 pending_lookup_us=0 instance_us=50 erase_us=0 total_us=50 transfer_status=0 [14755,14768][hixl_transport.cpp:734,GetStatus]
[2026-08-24 20:43:26.659562][UC][I] [QUERY_PERF] component=ucm layer=transport_manager handle=7 transport_handle=7 transfers_lock_wait_us=0 lookup_us=0 transport_us=53 total_us=53 api_status=0 transfer_status=0 [14755,14768][transport_manager.cpp:716,GetStatus]
[HIXL_QUERY_PERF] layer=comm_channel request=0x1 mutex_wait_us=0 check_us=0 lookup_us=0 flag_check_us=0 complete_us=0 total_us=0 transfer_status=0
[HIXL_QUERY_PERF] layer=adxl_inner request=0x1 context_us=0 req_lock_wait_us=1 lookup_us=0 channel_us=10 cleanup_us=0 total_us=11 status=0 transfer_status=0
[HIXL_QUERY_PERF] layer=comm_engine request=0x1 total_us=13 status=0 transfer_status=0
[2026-08-24 20:43:26.659603][UC][I] [QUERY_PERF] component=ucm layer=hixl_instance request=0x1 queue_wait_us=11 backend_us=16 run_post_us=10 total_us=37 api_status=0 transfer_status=0 [14755,14768][hixl_instance.cpp:342,GetTransferStatus]
[2026-08-24 20:43:26.659612][UC][I] [QUERY_PERF] component=ucm layer=hixl_transport handle=7 request=0x1 lifecycle_lock_us=0 pending_lock_wait_us=0 pending_lookup_us=0 instance_us=47 erase_us=0 total_us=47 transfer_status=0 [14755,14768][hixl_transport.cpp:734,GetStatus]
[2026-08-24 20:43:26.659615][UC][I] [QUERY_PERF] component=ucm layer=transport_manager handle=7 transport_handle=7 transfers_lock_wait_us=0 lookup_us=0 transport_us=50 total_us=50 api_status=0 transfer_status=0 [14755,14768][transport_manager.cpp:716,GetStatus]
[HIXL_QUERY_PERF] layer=comm_channel request=0x1 mutex_wait_us=0 check_us=0 lookup_us=0 flag_check_us=0 complete_us=0 total_us=0 transfer_status=0
[HIXL_QUERY_PERF] layer=adxl_inner request=0x1 context_us=0 req_lock_wait_us=0 lookup_us=1 channel_us=13 cleanup_us=0 total_us=14 status=0 transfer_status=0
[HIXL_QUERY_PERF] layer=comm_engine request=0x1 total_us=16 status=0 transfer_status=0
[2026-08-24 20:43:26.659664][UC][I] [QUERY_PERF] component=ucm layer=hixl_instance request=0x1 queue_wait_us=11 backend_us=19 run_post_us=10 total_us=40 api_status=0 transfer_status=0 [14755,14768][hixl_instance.cpp:342,GetTransferStatus]
[2026-08-24 20:43:26.659673][UC][I] [QUERY_PERF] component=ucm layer=hixl_transport handle=7 request=0x1 lifecycle_lock_us=0 pending_lock_wait_us=0 pending_lookup_us=0 instance_us=50 erase_us=0 total_us=50 transfer_status=0 [14755,14768][hixl_transport.cpp:734,GetStatus]
[2026-08-24 20:43:26.659677][UC][I] [QUERY_PERF] component=ucm layer=transport_manager handle=7 transport_handle=7 transfers_lock_wait_us=0 lookup_us=0 transport_us=54 total_us=54 api_status=0 transfer_status=0 [14755,14768][transport_manager.cpp:716,GetStatus]
[HIXL_QUERY_PERF] layer=comm_channel request=0x1 mutex_wait_us=0 check_us=0 lookup_us=0 flag_check_us=0 complete_us=0 total_us=0 transfer_status=0
[HIXL_QUERY_PERF] layer=adxl_inner request=0x1 context_us=0 req_lock_wait_us=1 lookup_us=0 channel_us=6 cleanup_us=0 total_us=7 status=0 transfer_status=0
[HIXL_QUERY_PERF] layer=comm_engine request=0x1 total_us=10 status=0 transfer_status=0
[2026-08-24 20:43:26.659715][UC][I] [QUERY_PERF] component=ucm layer=hixl_instance request=0x1 queue_wait_us=11 backend_us=13 run_post_us=10 total_us=34 api_status=0 transfer_status=0 [14755,14768][hixl_instance.cpp:342,GetTransferStatus]
[2026-08-24 20:43:26.659728][UC][I] [QUERY_PERF] component=ucm layer=hixl_transport handle=7 request=0x1 lifecycle_lock_us=0 pending_lock_wait_us=0 pending_lookup_us=0 instance_us=48 erase_us=0 total_us=48 transfer_status=0 [14755,14768][hixl_transport.cpp:734,GetStatus]
[2026-08-24 20:43:26.659731][UC][I] [QUERY_PERF] component=ucm layer=transport_manager handle=7 transport_handle=7 transfers_lock_wait_us=0 lookup_us=0 transport_us=51 total_us=51 api_status=0 transfer_status=0 [14755,14768][transport_manager.cpp:716,GetStatus]
[HIXL_QUERY_PERF] layer=comm_channel request=0x1 mutex_wait_us=0 check_us=0 lookup_us=0 flag_check_us=0 complete_us=0 total_us=0 transfer_status=0
[HIXL_QUERY_PERF] layer=adxl_inner request=0x1 context_us=0 req_lock_wait_us=1 lookup_us=0 channel_us=7 cleanup_us=0 total_us=8 status=0 transfer_status=0
[HIXL_QUERY_PERF] layer=comm_engine request=0x1 total_us=11 status=0 transfer_status=0
[2026-08-24 20:43:26.659771][UC][I] [QUERY_PERF] component=ucm layer=hixl_instance request=0x1 queue_wait_us=11 backend_us=13 run_post_us=12 total_us=36 api_status=0 transfer_status=0 [14755,14768][hixl_instance.cpp:342,GetTransferStatus]
[2026-08-24 20:43:26.659781][UC][I] [QUERY_PERF] component=ucm layer=hixl_transport handle=7 request=0x1 lifecycle_lock_us=0 pending_lock_wait_us=0 pending_lookup_us=0 instance_us=47 erase_us=0 total_us=47 transfer_status=0 [14755,14768][hixl_transport.cpp:734,GetStatus]
[2026-08-24 20:43:26.659787][UC][I] [QUERY_PERF] component=ucm layer=transport_manager handle=7 transport_handle=7 transfers_lock_wait_us=0 lookup_us=0 transport_us=52 total_us=52 api_status=0 transfer_status=0 [14755,14768][transport_manager.cpp:716,GetStatus]
[HIXL_QUERY_PERF] layer=comm_channel request=0x1 mutex_wait_us=0 check_us=0 lookup_us=0 flag_check_us=0 complete_us=0 total_us=1 transfer_status=0
[HIXL_QUERY_PERF] layer=adxl_inner request=0x1 context_us=1 req_lock_wait_us=0 lookup_us=0 channel_us=11 cleanup_us=0 total_us=12 status=0 transfer_status=0
[HIXL_QUERY_PERF] layer=comm_engine request=0x1 total_us=16 status=0 transfer_status=0
[2026-08-24 20:43:26.659831][UC][I] [QUERY_PERF] component=ucm layer=hixl_instance request=0x1 queue_wait_us=11 backend_us=18 run_post_us=11 total_us=40 api_status=0 transfer_status=0 [14755,14768][hixl_instance.cpp:342,GetTransferStatus]
[2026-08-24 20:43:26.659841][UC][I] [QUERY_PERF] component=ucm layer=hixl_transport handle=7 request=0x1 lifecycle_lock_us=0 pending_lock_wait_us=1 pending_lookup_us=0 instance_us=50 erase_us=0 total_us=51 transfer_status=0 [14755,14768][hixl_transport.cpp:734,GetStatus]
[2026-08-24 20:43:26.659844][UC][I] [QUERY_PERF] component=ucm layer=transport_manager handle=7 transport_handle=7 transfers_lock_wait_us=0 lookup_us=0 transport_us=54 total_us=54 api_status=0 transfer_status=0 [14755,14768][transport_manager.cpp:716,GetStatus]
[HIXL_QUERY_PERF] layer=comm_channel request=0x1 mutex_wait_us=0 check_us=0 lookup_us=0 flag_check_us=0 complete_us=18 total_us=18 transfer_status=1
[HIXL_QUERY_PERF] layer=adxl_inner request=0x1 context_us=0 req_lock_wait_us=0 lookup_us=1 channel_us=37 cleanup_us=0 total_us=38 status=0 transfer_status=1
[HIXL_QUERY_PERF] layer=comm_engine request=0x1 total_us=42 status=0 transfer_status=1
[2026-08-24 20:43:26.659918][UC][I] [QUERY_PERF] component=ucm layer=hixl_instance request=0x1 queue_wait_us=10 backend_us=48 run_post_us=12 total_us=70 api_status=0 transfer_status=1 [14755,14768][hixl_instance.cpp:342,GetTransferStatus]
[2026-08-24 20:43:26.659928][UC][I] [QUERY_PERF] component=ucm layer=hixl_transport handle=7 request=0x1 lifecycle_lock_us=0 pending_lock_wait_us=0 pending_lookup_us=0 instance_us=80 erase_us=0 total_us=80 transfer_status=1 [14755,14768][hixl_transport.cpp:734,GetStatus]
[2026-08-24 20:43:26.659931][UC][I] [QUERY_PERF] component=ucm layer=transport_manager handle=7 transport_handle=7 transfers_lock_wait_us=0 lookup_us=0 transport_us=84 total_us=84 api_status=0 transfer_status=1 [14755,14768][transport_manager.cpp:716,GetStatus]
[2026-08-24 20:43:26.659935][UC][I] [PERF] component=transport event=transfer_done manager=127.0.0.1:8000 target=127.0.0.1:4502 handle=7 transport_handle=7 opcode=1 direct=2 segments=108 bytes=7962624 status=1 api_status=0 submitted_ts_us=1787575406658121 completed_ts_us=1787575406659933 manager_get_status_ts_us=1787575406659847 backend_query_ts_us=1787575406659859 submit_us=2063 transfer_us=1813 manager_to_backend_query_us=11 total_us=3876 [14755,14768][transport_manager.cpp:727,GetStatus]
[HIXL_PERF] event=hccl_batch op=1 desc_num=1 hccl_us=89 status=0
[HIXL_PERF] event=issue_hccl_batch op=1 list_num=1 total_us=102
[HIXL_PERF] event=issue_async_host_flag op=1 list_num=1 context_us=0 hccl_issue_us=105 flag_memcpy_us=6 total_us=111
[HIXL_PERF] event=comm_channel_async op=1 list_num=1 mutex_wait_us=0 slot_us=0 host_flag_us=0 record_us=1 issue_us=114 total_us=115
[HIXL_PERF] event=adxl_inner_async op=1 list_num=1 context_us=0 connect_us=0 get_channel_us=0 channel_async_us=118 tail_us=1 total_us=119
[HIXL_PERF] event=comm_engine_async op=1 list_num=1 desc_build_us=0 inner_us=122 total_us=122 status=0
[2026-08-24 20:43:26.660115][UC][I] [PERF] component=transport event=transfer_submitted manager=127.0.0.1:8000 target=127.0.0.1:4502 handle=8 transport_handle=8 opcode=1 direct=2 segments=1 bytes=63 submitted_ts_us=1787575406660114 manager_execute_async_ts_us=1787575406659957 backend_execute_async_ts_us=1787575406659971 manager_to_backend_execute_async_us=14 submit_us=157 [14755,14768][transport_manager.cpp:674,ExecuteAsync]
[HIXL_QUERY_PERF] layer=comm_channel request=0x2 mutex_wait_us=0 check_us=0 lookup_us=1 flag_check_us=0 complete_us=2 total_us=3 transfer_status=1
[HIXL_QUERY_PERF] layer=adxl_inner request=0x2 context_us=1 req_lock_wait_us=0 lookup_us=0 channel_us=10 cleanup_us=1 total_us=12 status=0 transfer_status=1
[HIXL_QUERY_PERF] layer=comm_engine request=0x2 total_us=15 status=0 transfer_status=1
[2026-08-24 20:43:26.660166][UC][I] [QUERY_PERF] component=ucm layer=hixl_instance request=0x2 queue_wait_us=11 backend_us=17 run_post_us=11 total_us=39 api_status=0 transfer_status=1 [14755,14768][hixl_instance.cpp:342,GetTransferStatus]
[2026-08-24 20:43:26.660177][UC][I] [QUERY_PERF] component=ucm layer=hixl_transport handle=8 request=0x2 lifecycle_lock_us=0 pending_lock_wait_us=0 pending_lookup_us=0 instance_us=49 erase_us=0 total_us=49 transfer_status=1 [14755,14768][hixl_transport.cpp:734,GetStatus]
[2026-08-24 20:43:26.660183][UC][I] [QUERY_PERF] component=ucm layer=transport_manager handle=8 transport_handle=8 transfers_lock_wait_us=0 lookup_us=0 transport_us=56 total_us=56 api_status=0 transfer_status=1 [14755,14768][transport_manager.cpp:716,GetStatus]
[2026-08-24 20:43:26.660188][UC][I] [PERF] component=transport event=transfer_done manager=127.0.0.1:8000 target=127.0.0.1:4502 handle=8 transport_handle=8 opcode=1 direct=2 segments=1 bytes=63 status=1 api_status=0 submitted_ts_us=1787575406660114 completed_ts_us=1787575406660187 manager_get_status_ts_us=1787575406660126 backend_query_ts_us=1787575406660139 submit_us=157 transfer_us=73 manager_to_backend_query_us=11 total_us=230 [14755,14768][transport_manager.cpp:727,GetStatus]
[2026-08-24 20:43:26.660196][UC][I] [PERF] component=drampool event=request_done request_id=1 opcode=2 peer=127.0.0.1:4502 batch_size=108 data_bytes=7962624 failed_items=0 status=SUCCESS failed_stage=NONE received_ts_us=1787575406655821 worker_started_ts_us=1787575406656041 data_transfer_submitted_ts_us=1787575406658134 data_transfer_completed_ts_us=1787575406659938 response_submitted_ts_us=1787575406660125 completed_ts_us=1787575406660194 data_tm_execute_async_ts_us=1787575406656057 data_hixl_execute_async_ts_us=1787575406656092 data_tm_get_status_ts_us=1787575406659847 data_hixl_query_handle_ts_us=1787575406659859 response_tm_execute_async_ts_us=1787575406659957 response_hixl_execute_async_ts_us=1787575406659971 response_tm_get_status_ts_us=1787575406660126 response_hixl_query_handle_ts_us=1787575406660139 request_queue_us=220 metadata_prepare_us=15 taskworker_prepare_us=2094 poller_queue_us=59 data_transfer_us=1805 metadata_settle_us=16 response_slot_wait_us=0 response_submit_us=171 response_transfer_us=67 data_tm_to_hixl_execute_async_us=35 data_tm_to_hixl_query_handle_us=11 response_tm_to_hixl_execute_async_us=14 response_tm_to_hixl_query_handle_us=11 total_us=4373 [14755,14768][completion_poller.cc:56,LogRequestDone]
[HIXL_PERF] event=hccl_batch op=1 desc_num=1 hccl_us=125 status=0
[HIXL_PERF] event=issue_hccl_batch op=1 list_num=1 total_us=148
[HIXL_PERF] event=issue_async_host_flag op=1 list_num=1 context_us=1 hccl_issue_us=151 flag_memcpy_us=8 total_us=160
[HIXL_PERF] event=comm_channel_async op=1 list_num=1 mutex_wait_us=1 slot_us=0 host_flag_us=1 record_us=0 issue_us=166 total_us=168
[HIXL_PERF] event=adxl_inner_async op=1 list_num=1 context_us=5 connect_us=0 get_channel_us=2 channel_async_us=170 tail_us=2 total_us=179
[HIXL_PERF] event=comm_engine_async op=1 list_num=1 desc_build_us=0 inner_us=181 total_us=181 status=0
[2026-08-24 20:43:31.507080][UC][I] [PERF] component=transport event=transfer_submitted manager=127.0.0.1:8000 target=127.0.0.1:4500 handle=9 transport_handle=9 opcode=1 direct=2 segments=1 bytes=10 submitted_ts_us=1787575411507079 manager_execute_async_ts_us=1787575411506868 backend_execute_async_ts_us=1787575411506884 manager_to_backend_execute_async_us=15 submit_us=209 [14755,14768][transport_manager.cpp:674,ExecuteAsync]
[HIXL_QUERY_PERF] layer=comm_channel request=0x7 mutex_wait_us=0 check_us=0 lookup_us=1 flag_check_us=0 complete_us=3 total_us=4 transfer_status=1
[HIXL_QUERY_PERF] layer=adxl_inner request=0x7 context_us=1 req_lock_wait_us=0 lookup_us=1 channel_us=12 cleanup_us=1 total_us=15 status=0 transfer_status=1
[HIXL_QUERY_PERF] layer=comm_engine request=0x7 total_us=21 status=0 transfer_status=1
[2026-08-24 20:43:31.507139][UC][I] [QUERY_PERF] component=ucm layer=hixl_instance request=0x7 queue_wait_us=5 backend_us=25 run_post_us=4 total_us=34 api_status=0 transfer_status=1 [14755,14768][hixl_instance.cpp:342,GetTransferStatus]
[2026-08-24 20:43:31.507147][UC][I] [QUERY_PERF] component=ucm layer=hixl_transport handle=9 request=0x7 lifecycle_lock_us=0 pending_lock_wait_us=0 pending_lookup_us=0 instance_us=42 erase_us=0 total_us=42 transfer_status=1 [14755,14768][hixl_transport.cpp:734,GetStatus]
[2026-08-24 20:43:31.507151][UC][I] [QUERY_PERF] component=ucm layer=transport_manager handle=9 transport_handle=9 transfers_lock_wait_us=0 lookup_us=0 transport_us=48 total_us=48 api_status=0 transfer_status=1 [14755,14768][transport_manager.cpp:716,GetStatus]
[2026-08-24 20:43:31.507171][UC][I] [PERF] component=transport event=transfer_done manager=127.0.0.1:8000 target=127.0.0.1:4500 handle=9 transport_handle=9 opcode=1 direct=2 segments=1 bytes=10 status=1 api_status=0 submitted_ts_us=1787575411507079 completed_ts_us=1787575411507170 manager_get_status_ts_us=1787575411507103 backend_query_ts_us=1787575411507109 submit_us=209 transfer_us=91 manager_to_backend_query_us=6 total_us=300 [14755,14768][transport_manager.cpp:727,GetStatus]
[2026-08-24 20:43:31.507183][UC][I] [PERF] component=drampool event=request_done request_id=3 opcode=0 peer=127.0.0.1:4500 batch_size=2 data_bytes=0 failed_items=0 status=SUCCESS failed_stage=NONE received_ts_us=1787575411506581 worker_started_ts_us=1787575411506712 data_transfer_submitted_ts_us=0 data_transfer_completed_ts_us=0 response_submitted_ts_us=1787575411507102 completed_ts_us=1787575411507180 data_tm_execute_async_ts_us=0 data_hixl_execute_async_ts_us=0 data_tm_get_status_ts_us=0 data_hixl_query_handle_ts_us=0 response_tm_execute_async_ts_us=1787575411506868 response_hixl_execute_async_ts_us=1787575411506884 response_tm_get_status_ts_us=1787575411507103 response_hixl_query_handle_ts_us=1787575411507109 request_queue_us=131 metadata_prepare_us=1 taskworker_prepare_us=5 poller_queue_us=145 data_transfer_us=0 metadata_settle_us=0 response_slot_wait_us=148 response_submit_us=238 response_transfer_us=76 data_tm_to_hixl_execute_async_us=0 data_tm_to_hixl_query_handle_us=0 response_tm_to_hixl_execute_async_us=15 response_tm_to_hixl_query_handle_us=6 total_us=599 [14755,14768][completion_poller.cc:56,LogRequestDone]
[HIXL_PERF] event=hccl_batch op=0 desc_num=108 hccl_us=139 status=0
[HIXL_PERF] event=issue_hccl_batch op=0 list_num=108 total_us=156
[HIXL_PERF] event=issue_async_host_flag op=0 list_num=108 context_us=0 hccl_issue_us=159 flag_memcpy_us=5 total_us=164
[HIXL_PERF] event=comm_channel_async op=0 list_num=108 mutex_wait_us=0 slot_us=1 host_flag_us=0 record_us=1 issue_us=168 total_us=170
[HIXL_PERF] event=adxl_inner_async op=0 list_num=108 context_us=0 connect_us=0 get_channel_us=1 channel_async_us=174 tail_us=1 total_us=176
[HIXL_PERF] event=comm_engine_async op=0 list_num=108 desc_build_us=1 inner_us=178 total_us=179 status=0
[2026-08-24 20:43:31.575352][UC][I] [PERF] component=transport event=transfer_submitted manager=127.0.0.1:8000 target=127.0.0.1:4501 handle=10 transport_handle=10 opcode=0 direct=2 segments=108 bytes=7962624 submitted_ts_us=1787575411575350 manager_execute_async_ts_us=1787575411575138 backend_execute_async_ts_us=1787575411575157 manager_to_backend_execute_async_us=18 submit_us=206 [14755,14769][transport_manager.cpp:674,ExecuteAsync]
[HIXL_QUERY_PERF] layer=comm_channel request=0x8 mutex_wait_us=0 check_us=0 lookup_us=0 flag_check_us=1 complete_us=0 total_us=1 transfer_status=0
[HIXL_QUERY_PERF] layer=adxl_inner request=0x8 context_us=1 req_lock_wait_us=0 lookup_us=1 channel_us=10 cleanup_us=0 total_us=12 status=0 transfer_status=0
[HIXL_QUERY_PERF] layer=comm_engine request=0x8 total_us=15 status=0 transfer_status=0
[2026-08-24 20:43:31.575472][UC][I] [QUERY_PERF] component=ucm layer=hixl_instance request=0x8 queue_wait_us=5 backend_us=16 run_post_us=4 total_us=25 api_status=0 transfer_status=0 [14755,14768][hixl_instance.cpp:342,GetTransferStatus]
[2026-08-24 20:43:31.575479][UC][I] [QUERY_PERF] component=ucm layer=hixl_transport handle=10 request=0x8 lifecycle_lock_us=1 pending_lock_wait_us=0 pending_lookup_us=0 instance_us=33 erase_us=0 total_us=34 transfer_status=0 [14755,14768][hixl_transport.cpp:734,GetStatus]
[2026-08-24 20:43:31.575483][UC][I] [QUERY_PERF] component=ucm layer=transport_manager handle=10 transport_handle=10 transfers_lock_wait_us=0 lookup_us=0 transport_us=38 total_us=38 api_status=0 transfer_status=0 [14755,14768][transport_manager.cpp:716,GetStatus]
[HIXL_QUERY_PERF] layer=comm_channel request=0x8 mutex_wait_us=0 check_us=0 lookup_us=0 flag_check_us=0 complete_us=0 total_us=0 transfer_status=0
[HIXL_QUERY_PERF] layer=adxl_inner request=0x8 context_us=1 req_lock_wait_us=0 lookup_us=0 channel_us=11 cleanup_us=0 total_us=12 status=0 transfer_status=0
[HIXL_QUERY_PERF] layer=comm_engine request=0x8 total_us=16 status=0 transfer_status=0
[2026-08-24 20:43:31.575518][UC][I] [QUERY_PERF] component=ucm layer=hixl_instance request=0x8 queue_wait_us=4 backend_us=17 run_post_us=5 total_us=26 api_status=0 transfer_status=0 [14755,14768][hixl_instance.cpp:342,GetTransferStatus]
[2026-08-24 20:43:31.575523][UC][I] [QUERY_PERF] component=ucm layer=hixl_transport handle=10 request=0x8 lifecycle_lock_us=0 pending_lock_wait_us=0 pending_lookup_us=0 instance_us=30 erase_us=0 total_us=30 transfer_status=0 [14755,14768][hixl_transport.cpp:734,GetStatus]
[2026-08-24 20:43:31.575526][UC][I] [QUERY_PERF] component=ucm layer=transport_manager handle=10 transport_handle=10 transfers_lock_wait_us=0 lookup_us=0 transport_us=33 total_us=33 api_status=0 transfer_status=0 [14755,14768][transport_manager.cpp:716,GetStatus]
[HIXL_QUERY_PERF] layer=comm_channel request=0x8 mutex_wait_us=0 check_us=0 lookup_us=0 flag_check_us=0 complete_us=0 total_us=0 transfer_status=0
[HIXL_QUERY_PERF] layer=adxl_inner request=0x8 context_us=0 req_lock_wait_us=0 lookup_us=1 channel_us=2 cleanup_us=0 total_us=3 status=0 transfer_status=0
[HIXL_QUERY_PERF] layer=comm_engine request=0x8 total_us=5 status=0 transfer_status=0
[2026-08-24 20:43:31.575544][UC][I] [QUERY_PERF] component=ucm layer=hixl_instance request=0x8 queue_wait_us=4 backend_us=7 run_post_us=3 total_us=14 api_status=0 transfer_status=0 [14755,14768][hixl_instance.cpp:342,GetTransferStatus]
[2026-08-24 20:43:31.575548][UC][I] [QUERY_PERF] component=ucm layer=hixl_transport handle=10 request=0x8 lifecycle_lock_us=0 pending_lock_wait_us=0 pending_lookup_us=0 instance_us=18 erase_us=0 total_us=18 transfer_status=0 [14755,14768][hixl_transport.cpp:734,GetStatus]
[2026-08-24 20:43:31.575550][UC][I] [QUERY_PERF] component=ucm layer=transport_manager handle=10 transport_handle=10 transfers_lock_wait_us=0 lookup_us=0 transport_us=21 total_us=21 api_status=0 transfer_status=0 [14755,14768][transport_manager.cpp:716,GetStatus]
[HIXL_QUERY_PERF] layer=comm_channel request=0x8 mutex_wait_us=0 check_us=0 lookup_us=0 flag_check_us=0 complete_us=0 total_us=0 transfer_status=0
[HIXL_QUERY_PERF] layer=adxl_inner request=0x8 context_us=1 req_lock_wait_us=0 lookup_us=0 channel_us=3 cleanup_us=0 total_us=4 status=0 transfer_status=0
[HIXL_QUERY_PERF] layer=comm_engine request=0x8 total_us=5 status=0 transfer_status=0
[2026-08-24 20:43:31.575567][UC][I] [QUERY_PERF] component=ucm layer=hixl_instance request=0x8 queue_wait_us=4 backend_us=7 run_post_us=3 total_us=14 api_status=0 transfer_status=0 [14755,14768][hixl_instance.cpp:342,GetTransferStatus]
[2026-08-24 20:43:31.575571][UC][I] [QUERY_PERF] component=ucm layer=hixl_transport handle=10 request=0x8 lifecycle_lock_us=0 pending_lock_wait_us=0 pending_lookup_us=0 instance_us=18 erase_us=0 total_us=18 transfer_status=0 [14755,14768][hixl_transport.cpp:734,GetStatus]
[2026-08-24 20:43:31.575574][UC][I] [QUERY_PERF] component=ucm layer=transport_manager handle=10 transport_handle=10 transfers_lock_wait_us=0 lookup_us=0 transport_us=21 total_us=21 api_status=0 transfer_status=0 [14755,14768][transport_manager.cpp:716,GetStatus]
[HIXL_QUERY_PERF] layer=comm_channel request=0x8 mutex_wait_us=0 check_us=0 lookup_us=0 flag_check_us=0 complete_us=0 total_us=0 transfer_status=0
[HIXL_QUERY_PERF] layer=adxl_inner request=0x8 context_us=0 req_lock_wait_us=0 lookup_us=1 channel_us=5 cleanup_us=0 total_us=6 status=0 transfer_status=0
[HIXL_QUERY_PERF] layer=comm_engine request=0x8 total_us=9 status=0 transfer_status=0
[2026-08-24 20:43:31.575597][UC][I] [QUERY_PERF] component=ucm layer=hixl_instance request=0x8 queue_wait_us=4 backend_us=11 run_post_us=3 total_us=18 api_status=0 transfer_status=0 [14755,14768][hixl_instance.cpp:342,GetTransferStatus]
[2026-08-24 20:43:31.575604][UC][I] [QUERY_PERF] component=ucm layer=hixl_transport handle=10 request=0x8 lifecycle_lock_us=0 pending_lock_wait_us=0 pending_lookup_us=0 instance_us=26 erase_us=0 total_us=26 transfer_status=0 [14755,14768][hixl_transport.cpp:734,GetStatus]
[2026-08-24 20:43:31.575608][UC][I] [QUERY_PERF] component=ucm layer=transport_manager handle=10 transport_handle=10 transfers_lock_wait_us=0 lookup_us=0 transport_us=30 total_us=30 api_status=0 transfer_status=0 [14755,14768][transport_manager.cpp:716,GetStatus]
[HIXL_QUERY_PERF] layer=comm_channel request=0x8 mutex_wait_us=0 check_us=0 lookup_us=0 flag_check_us=1 complete_us=0 total_us=1 transfer_status=0
[HIXL_QUERY_PERF] layer=adxl_inner request=0x8 context_us=1 req_lock_wait_us=0 lookup_us=0 channel_us=5 cleanup_us=0 total_us=6 status=0 transfer_status=0
[HIXL_QUERY_PERF] layer=comm_engine request=0x8 total_us=8 status=0 transfer_status=0
[2026-08-24 20:43:31.575634][UC][I] [QUERY_PERF] component=ucm layer=hixl_instance request=0x8 queue_wait_us=4 backend_us=9 run_post_us=4 total_us=17 api_status=0 transfer_status=0 [14755,14768][hixl_instance.cpp:342,GetTransferStatus]
[2026-08-24 20:43:31.575638][UC][I] [QUERY_PERF] component=ucm layer=hixl_transport handle=10 request=0x8 lifecycle_lock_us=0 pending_lock_wait_us=0 pending_lookup_us=0 instance_us=20 erase_us=0 total_us=20 transfer_status=0 [14755,14768][hixl_transport.cpp:734,GetStatus]
[2026-08-24 20:43:31.575642][UC][I] [QUERY_PERF] component=ucm layer=transport_manager handle=10 transport_handle=10 transfers_lock_wait_us=0 lookup_us=0 transport_us=24 total_us=24 api_status=0 transfer_status=0 [14755,14768][transport_manager.cpp:716,GetStatus]
[HIXL_QUERY_PERF] layer=comm_channel request=0x8 mutex_wait_us=0 check_us=0 lookup_us=0 flag_check_us=1 complete_us=2 total_us=3 transfer_status=1
[HIXL_QUERY_PERF] layer=adxl_inner request=0x8 context_us=1 req_lock_wait_us=0 lookup_us=0 channel_us=7 cleanup_us=0 total_us=8 status=0 transfer_status=1
[HIXL_QUERY_PERF] layer=comm_engine request=0x8 total_us=10 status=0 transfer_status=1
[2026-08-24 20:43:31.575665][UC][I] [QUERY_PERF] component=ucm layer=hixl_instance request=0x8 queue_wait_us=3 backend_us=12 run_post_us=3 total_us=18 api_status=0 transfer_status=1 [14755,14768][hixl_instance.cpp:342,GetTransferStatus]
[2026-08-24 20:43:31.575670][UC][I] [QUERY_PERF] component=ucm layer=hixl_transport handle=10 request=0x8 lifecycle_lock_us=1 pending_lock_wait_us=0 pending_lookup_us=0 instance_us=23 erase_us=0 total_us=24 transfer_status=1 [14755,14768][hixl_transport.cpp:734,GetStatus]
[2026-08-24 20:43:31.575674][UC][I] [QUERY_PERF] component=ucm layer=transport_manager handle=10 transport_handle=10 transfers_lock_wait_us=0 lookup_us=0 transport_us=29 total_us=29 api_status=0 transfer_status=1 [14755,14768][transport_manager.cpp:716,GetStatus]
[2026-08-24 20:43:31.575677][UC][I] [PERF] component=transport event=transfer_done manager=127.0.0.1:8000 target=127.0.0.1:4501 handle=10 transport_handle=10 opcode=0 direct=2 segments=108 bytes=7962624 status=1 api_status=0 submitted_ts_us=1787575411575350 completed_ts_us=1787575411575676 manager_get_status_ts_us=1787575411575645 backend_query_ts_us=1787575411575649 submit_us=206 transfer_us=325 manager_to_backend_query_us=4 total_us=531 [14755,14768][transport_manager.cpp:727,GetStatus]
[HIXL_PERF] event=hccl_batch op=1 desc_num=1 hccl_us=67 status=0
[HIXL_PERF] event=issue_hccl_batch op=1 list_num=1 total_us=73
[HIXL_PERF] event=issue_async_host_flag op=1 list_num=1 context_us=0 hccl_issue_us=75 flag_memcpy_us=5 total_us=80
[HIXL_PERF] event=comm_channel_async op=1 list_num=1 mutex_wait_us=0 slot_us=0 host_flag_us=0 record_us=1 issue_us=83 total_us=84
[HIXL_PERF] event=adxl_inner_async op=1 list_num=1 context_us=0 connect_us=0 get_channel_us=1 channel_async_us=86 tail_us=0 total_us=87
[HIXL_PERF] event=comm_engine_async op=1 list_num=1 desc_build_us=0 inner_us=89 total_us=89 status=0
[2026-08-24 20:43:31.575822][UC][I] [PERF] component=transport event=transfer_submitted manager=127.0.0.1:8000 target=127.0.0.1:4501 handle=11 transport_handle=11 opcode=1 direct=2 segments=1 bytes=63 submitted_ts_us=1787575411575821 manager_execute_async_ts_us=1787575411575718 backend_execute_async_ts_us=1787575411575723 manager_to_backend_execute_async_us=5 submit_us=103 [14755,14768][transport_manager.cpp:674,ExecuteAsync]
[HIXL_QUERY_PERF] layer=comm_channel request=0x9 mutex_wait_us=0 check_us=0 lookup_us=1 flag_check_us=0 complete_us=0 total_us=1 transfer_status=0
[HIXL_QUERY_PERF] layer=adxl_inner request=0x9 context_us=0 req_lock_wait_us=1 lookup_us=0 channel_us=6 cleanup_us=0 total_us=7 status=0 transfer_status=0
[HIXL_QUERY_PERF] layer=comm_engine request=0x9 total_us=11 status=0 transfer_status=0
[2026-08-24 20:43:31.575852][UC][I] [QUERY_PERF] component=ucm layer=hixl_instance request=0x9 queue_wait_us=5 backend_us=12 run_post_us=4 total_us=21 api_status=0 transfer_status=0 [14755,14768][hixl_instance.cpp:342,GetTransferStatus]
[2026-08-24 20:43:31.575857][UC][I] [QUERY_PERF] component=ucm layer=hixl_transport handle=11 request=0x9 lifecycle_lock_us=0 pending_lock_wait_us=0 pending_lookup_us=0 instance_us=27 erase_us=0 total_us=27 transfer_status=0 [14755,14768][hixl_transport.cpp:734,GetStatus]
[2026-08-24 20:43:31.575860][UC][I] [QUERY_PERF] component=ucm layer=transport_manager handle=11 transport_handle=11 transfers_lock_wait_us=0 lookup_us=0 transport_us=30 total_us=30 api_status=0 transfer_status=0 [14755,14768][transport_manager.cpp:716,GetStatus]
[HIXL_QUERY_PERF] layer=comm_channel request=0x9 mutex_wait_us=0 check_us=0 lookup_us=0 flag_check_us=0 complete_us=2 total_us=2 transfer_status=1
[HIXL_QUERY_PERF] layer=adxl_inner request=0x9 context_us=0 req_lock_wait_us=1 lookup_us=0 channel_us=6 cleanup_us=1 total_us=8 status=0 transfer_status=1
[HIXL_QUERY_PERF] layer=comm_engine request=0x9 total_us=12 status=0 transfer_status=1
[2026-08-24 20:43:31.575895][UC][I] [QUERY_PERF] component=ucm layer=hixl_instance request=0x9 queue_wait_us=5 backend_us=14 run_post_us=5 total_us=24 api_status=0 transfer_status=1 [14755,14768][hixl_instance.cpp:342,GetTransferStatus]
[2026-08-24 20:43:31.575902][UC][I] [QUERY_PERF] component=ucm layer=hixl_transport handle=11 request=0x9 lifecycle_lock_us=0 pending_lock_wait_us=1 pending_lookup_us=0 instance_us=30 erase_us=0 total_us=31 transfer_status=1 [14755,14768][hixl_transport.cpp:734,GetStatus]
[2026-08-24 20:43:31.575905][UC][I] [QUERY_PERF] component=ucm layer=transport_manager handle=11 transport_handle=11 transfers_lock_wait_us=0 lookup_us=0 transport_us=34 total_us=34 api_status=0 transfer_status=1 [14755,14768][transport_manager.cpp:716,GetStatus]
[2026-08-24 20:43:31.575917][UC][I] [PERF] component=transport event=transfer_done manager=127.0.0.1:8000 target=127.0.0.1:4501 handle=11 transport_handle=11 opcode=1 direct=2 segments=1 bytes=63 status=1 api_status=0 submitted_ts_us=1787575411575821 completed_ts_us=1787575411575916 manager_get_status_ts_us=1787575411575870 backend_query_ts_us=1787575411575876 submit_us=103 transfer_us=95 manager_to_backend_query_us=6 total_us=198 [14755,14768][transport_manager.cpp:727,GetStatus]
[2026-08-24 20:43:31.575924][UC][I] [PERF] component=drampool event=request_done request_id=3 opcode=1 peer=127.0.0.1:4501 batch_size=108 data_bytes=7962624 failed_items=0 status=SUCCESS failed_stage=NONE received_ts_us=1787575411574900 worker_started_ts_us=1787575411574990 data_transfer_submitted_ts_us=1787575411575374 data_transfer_completed_ts_us=1787575411575680 response_submitted_ts_us=1787575411575829 completed_ts_us=1787575411575922 data_tm_execute_async_ts_us=1787575411575138 data_hixl_execute_async_ts_us=1787575411575157 data_tm_get_status_ts_us=1787575411575645 data_hixl_query_handle_ts_us=1787575411575649 response_tm_execute_async_ts_us=1787575411575718 response_hixl_execute_async_ts_us=1787575411575723 response_tm_get_status_ts_us=1787575411575870 response_hixl_query_handle_ts_us=1787575411575876 request_queue_us=90 metadata_prepare_us=147 taskworker_prepare_us=386 poller_queue_us=69 data_transfer_us=307 metadata_settle_us=35 response_slot_wait_us=1 response_submit_us=112 response_transfer_us=92 data_tm_to_hixl_execute_async_us=18 data_tm_to_hixl_query_handle_us=4 response_tm_to_hixl_execute_async_us=5 response_tm_to_hixl_query_handle_us=6 total_us=1022 [14755,14768][completion_poller.cc:56,LogRequestDone]
[HIXL_PERF] event=hccl_batch op=1 desc_num=1 hccl_us=83 status=0
[HIXL_PERF] event=issue_hccl_batch op=1 list_num=1 total_us=100
[HIXL_PERF] event=issue_async_host_flag op=1 list_num=1 context_us=1 hccl_issue_us=102 flag_memcpy_us=6 total_us=109
[HIXL_PERF] event=comm_channel_async op=1 list_num=1 mutex_wait_us=0 slot_us=0 host_flag_us=1 record_us=0 issue_us=114 total_us=115
[HIXL_PERF] event=adxl_inner_async op=1 list_num=1 context_us=1 connect_us=0 get_channel_us=1 channel_async_us=120 tail_us=1 total_us=123
[HIXL_PERF] event=comm_engine_async op=1 list_num=1 desc_build_us=0 inner_us=125 total_us=125 status=0
[2026-08-24 20:43:36.343612][UC][I] [PERF] component=transport event=transfer_submitted manager=127.0.0.1:8000 target=127.0.0.1:4500 handle=12 transport_handle=12 opcode=1 direct=2 segments=1 bytes=10 submitted_ts_us=1787575416343610 manager_execute_async_ts_us=1787575416343459 backend_execute_async_ts_us=1787575416343472 manager_to_backend_execute_async_us=13 submit_us=150 [14755,14768][transport_manager.cpp:674,ExecuteAsync]
[HIXL_QUERY_PERF] layer=comm_channel request=0xa mutex_wait_us=0 check_us=1 lookup_us=0 flag_check_us=0 complete_us=2 total_us=3 transfer_status=1
[HIXL_QUERY_PERF] layer=adxl_inner request=0xa context_us=0 req_lock_wait_us=0 lookup_us=1 channel_us=12 cleanup_us=0 total_us=13 status=0 transfer_status=1
[HIXL_QUERY_PERF] layer=comm_engine request=0xa total_us=17 status=0 transfer_status=1
[2026-08-24 20:43:36.343671][UC][I] [QUERY_PERF] component=ucm layer=hixl_instance request=0xa queue_wait_us=5 backend_us=24 run_post_us=5 total_us=34 api_status=0 transfer_status=1 [14755,14768][hixl_instance.cpp:342,GetTransferStatus]
[2026-08-24 20:43:36.343681][UC][I] [QUERY_PERF] component=ucm layer=hixl_transport handle=12 request=0xa lifecycle_lock_us=0 pending_lock_wait_us=0 pending_lookup_us=0 instance_us=44 erase_us=0 total_us=44 transfer_status=1 [14755,14768][hixl_transport.cpp:734,GetStatus]
[2026-08-24 20:43:36.343688][UC][I] [QUERY_PERF] component=ucm layer=transport_manager handle=12 transport_handle=12 transfers_lock_wait_us=0 lookup_us=0 transport_us=52 total_us=52 api_status=0 transfer_status=1 [14755,14768][transport_manager.cpp:716,GetStatus]
[2026-08-24 20:43:36.343697][UC][I] [PERF] component=transport event=transfer_done manager=127.0.0.1:8000 target=127.0.0.1:4500 handle=12 transport_handle=12 opcode=1 direct=2 segments=1 bytes=10 status=1 api_status=0 submitted_ts_us=1787575416343610 completed_ts_us=1787575416343696 manager_get_status_ts_us=1787575416343635 backend_query_ts_us=1787575416343641 submit_us=150 transfer_us=86 manager_to_backend_query_us=6 total_us=236 [14755,14768][transport_manager.cpp:727,GetStatus]
[2026-08-24 20:43:36.343708][UC][I] [PERF] component=drampool event=request_done request_id=4 opcode=0 peer=127.0.0.1:4500 batch_size=2 data_bytes=0 failed_items=0 status=SUCCESS failed_stage=NONE received_ts_us=1787575416343223 worker_started_ts_us=1787575416343304 data_transfer_submitted_ts_us=0 data_transfer_completed_ts_us=0 response_submitted_ts_us=1787575416343633 completed_ts_us=1787575416343704 data_tm_execute_async_ts_us=0 data_hixl_execute_async_ts_us=0 data_tm_get_status_ts_us=0 data_hixl_query_handle_ts_us=0 response_tm_execute_async_ts_us=1787575416343459 response_hixl_execute_async_ts_us=1787575416343472 response_tm_get_status_ts_us=1787575416343635 response_hixl_query_handle_ts_us=1787575416343641 request_queue_us=82 metadata_prepare_us=1 taskworker_prepare_us=4 poller_queue_us=145 data_transfer_us=0 metadata_settle_us=0 response_slot_wait_us=147 response_submit_us=179 response_transfer_us=69 data_tm_to_hixl_execute_async_us=0 data_tm_to_hixl_query_handle_us=0 response_tm_to_hixl_execute_async_us=13 response_tm_to_hixl_query_handle_us=6 total_us=481 [14755,14768][completion_poller.cc:56,LogRequestDone]
[HIXL_PERF] event=hccl_batch op=1 desc_num=108 hccl_us=114 status=0
[HIXL_PERF] event=issue_hccl_batch op=1 list_num=108 total_us=131
[HIXL_PERF] event=issue_async_host_flag op=1 list_num=108 context_us=0 hccl_issue_us=134 flag_memcpy_us=6 total_us=140
[HIXL_PERF] event=comm_channel_async op=1 list_num=108 mutex_wait_us=0 slot_us=0 host_flag_us=1 record_us=0 issue_us=142 total_us=143
[HIXL_PERF] event=adxl_inner_async op=1 list_num=108 context_us=0 connect_us=0 get_channel_us=1 channel_async_us=145 tail_us=0 total_us=146
[HIXL_PERF] event=comm_engine_async op=1 list_num=108 desc_build_us=1 inner_us=149 total_us=150 status=0
[2026-08-24 20:43:36.347477][UC][I] [PERF] component=transport event=transfer_submitted manager=127.0.0.1:8000 target=127.0.0.1:4501 handle=13 transport_handle=13 opcode=1 direct=2 segments=108 bytes=7962624 submitted_ts_us=1787575416347475 manager_execute_async_ts_us=1787575416347299 backend_execute_async_ts_us=1787575416347313 manager_to_backend_execute_async_us=14 submit_us=175 [14755,14769][transport_manager.cpp:674,ExecuteAsync]
[HIXL_QUERY_PERF] layer=comm_channel request=0xb mutex_wait_us=0 check_us=0 lookup_us=0 flag_check_us=0 complete_us=0 total_us=0 transfer_status=0
[HIXL_QUERY_PERF] layer=adxl_inner request=0xb context_us=1 req_lock_wait_us=0 lookup_us=1 channel_us=5 cleanup_us=0 total_us=7 status=0 transfer_status=0
[HIXL_QUERY_PERF] layer=comm_engine request=0xb total_us=9 status=0 transfer_status=0
[2026-08-24 20:43:36.347568][UC][I] [QUERY_PERF] component=ucm layer=hixl_instance request=0xb queue_wait_us=7 backend_us=11 run_post_us=5 total_us=23 api_status=0 transfer_status=0 [14755,14768][hixl_instance.cpp:342,GetTransferStatus]
[2026-08-24 20:43:36.347573][UC][I] [QUERY_PERF] component=ucm layer=hixl_transport handle=13 request=0xb lifecycle_lock_us=0 pending_lock_wait_us=0 pending_lookup_us=0 instance_us=29 erase_us=0 total_us=29 transfer_status=0 [14755,14768][hixl_transport.cpp:734,GetStatus]
[2026-08-24 20:43:36.347577][UC][I] [QUERY_PERF] component=ucm layer=transport_manager handle=13 transport_handle=13 transfers_lock_wait_us=0 lookup_us=1 transport_us=32 total_us=33 api_status=0 transfer_status=0 [14755,14768][transport_manager.cpp:716,GetStatus]
[HIXL_QUERY_PERF] layer=comm_channel request=0xb mutex_wait_us=0 check_us=0 lookup_us=1 flag_check_us=0 complete_us=0 total_us=1 transfer_status=0
[HIXL_QUERY_PERF] layer=adxl_inner request=0xb context_us=1 req_lock_wait_us=0 lookup_us=0 channel_us=5 cleanup_us=0 total_us=6 status=0 transfer_status=0
[HIXL_QUERY_PERF] layer=comm_engine request=0xb total_us=9 status=0 transfer_status=0
[2026-08-24 20:43:36.347602][UC][I] [QUERY_PERF] component=ucm layer=hixl_instance request=0xb queue_wait_us=5 backend_us=12 run_post_us=4 total_us=21 api_status=0 transfer_status=0 [14755,14768][hixl_instance.cpp:342,GetTransferStatus]
[2026-08-24 20:43:36.347607][UC][I] [QUERY_PERF] component=ucm layer=hixl_transport handle=13 request=0xb lifecycle_lock_us=0 pending_lock_wait_us=0 pending_lookup_us=0 instance_us=27 erase_us=0 total_us=27 transfer_status=0 [14755,14768][hixl_transport.cpp:734,GetStatus]
[2026-08-24 20:43:36.347610][UC][I] [QUERY_PERF] component=ucm layer=transport_manager handle=13 transport_handle=13 transfers_lock_wait_us=0 lookup_us=0 transport_us=30 total_us=30 api_status=0 transfer_status=0 [14755,14768][transport_manager.cpp:716,GetStatus]
[HIXL_QUERY_PERF] layer=comm_channel request=0xb mutex_wait_us=0 check_us=0 lookup_us=0 flag_check_us=0 complete_us=0 total_us=0 transfer_status=0
[HIXL_QUERY_PERF] layer=adxl_inner request=0xb context_us=1 req_lock_wait_us=0 lookup_us=0 channel_us=4 cleanup_us=0 total_us=5 status=0 transfer_status=0
[HIXL_QUERY_PERF] layer=comm_engine request=0xb total_us=7 status=0 transfer_status=0
[2026-08-24 20:43:36.347631][UC][I] [QUERY_PERF] component=ucm layer=hixl_instance request=0xb queue_wait_us=5 backend_us=9 run_post_us=4 total_us=18 api_status=0 transfer_status=0 [14755,14768][hixl_instance.cpp:342,GetTransferStatus]
[2026-08-24 20:43:36.347638][UC][I] [QUERY_PERF] component=ucm layer=hixl_transport handle=13 request=0xb lifecycle_lock_us=0 pending_lock_wait_us=0 pending_lookup_us=0 instance_us=25 erase_us=0 total_us=25 transfer_status=0 [14755,14768][hixl_transport.cpp:734,GetStatus]
[2026-08-24 20:43:36.347644][UC][I] [QUERY_PERF] component=ucm layer=transport_manager handle=13 transport_handle=13 transfers_lock_wait_us=0 lookup_us=0 transport_us=31 total_us=31 api_status=0 transfer_status=0 [14755,14768][transport_manager.cpp:716,GetStatus]
[HIXL_QUERY_PERF] layer=comm_channel request=0xb mutex_wait_us=0 check_us=0 lookup_us=0 flag_check_us=0 complete_us=0 total_us=0 transfer_status=0
[HIXL_QUERY_PERF] layer=adxl_inner request=0xb context_us=1 req_lock_wait_us=0 lookup_us=0 channel_us=4 cleanup_us=0 total_us=5 status=0 transfer_status=0
[HIXL_QUERY_PERF] layer=comm_engine request=0xb total_us=9 status=0 transfer_status=0
[2026-08-24 20:43:36.347668][UC][I] [QUERY_PERF] component=ucm layer=hixl_instance request=0xb queue_wait_us=5 backend_us=10 run_post_us=5 total_us=20 api_status=0 transfer_status=0 [14755,14768][hixl_instance.cpp:342,GetTransferStatus]
[2026-08-24 20:43:36.347675][UC][I] [QUERY_PERF] component=ucm layer=hixl_transport handle=13 request=0xb lifecycle_lock_us=0 pending_lock_wait_us=0 pending_lookup_us=0 instance_us=27 erase_us=0 total_us=27 transfer_status=0 [14755,14768][hixl_transport.cpp:734,GetStatus]
[2026-08-24 20:43:36.347679][UC][I] [QUERY_PERF] component=ucm layer=transport_manager handle=13 transport_handle=13 transfers_lock_wait_us=0 lookup_us=0 transport_us=30 total_us=30 api_status=0 transfer_status=0 [14755,14768][transport_manager.cpp:716,GetStatus]
[HIXL_QUERY_PERF] layer=comm_channel request=0xb mutex_wait_us=0 check_us=0 lookup_us=0 flag_check_us=0 complete_us=0 total_us=0 transfer_status=0
[HIXL_QUERY_PERF] layer=adxl_inner request=0xb context_us=0 req_lock_wait_us=0 lookup_us=1 channel_us=3 cleanup_us=0 total_us=4 status=0 transfer_status=0
[HIXL_QUERY_PERF] layer=comm_engine request=0xb total_us=7 status=0 transfer_status=0
[2026-08-24 20:43:36.347701][UC][I] [QUERY_PERF] component=ucm layer=hixl_instance request=0xb queue_wait_us=6 backend_us=9 run_post_us=5 total_us=20 api_status=0 transfer_status=0 [14755,14768][hixl_instance.cpp:342,GetTransferStatus]
[2026-08-24 20:43:36.347713][UC][I] [QUERY_PERF] component=ucm layer=hixl_transport handle=13 request=0xb lifecycle_lock_us=0 pending_lock_wait_us=0 pending_lookup_us=0 instance_us=32 erase_us=0 total_us=32 transfer_status=0 [14755,14768][hixl_transport.cpp:734,GetStatus]
[2026-08-24 20:43:36.347718][UC][I] [QUERY_PERF] component=ucm layer=transport_manager handle=13 transport_handle=13 transfers_lock_wait_us=0 lookup_us=0 transport_us=37 total_us=37 api_status=0 transfer_status=0 [14755,14768][transport_manager.cpp:716,GetStatus]
[HIXL_QUERY_PERF] layer=comm_channel request=0xb mutex_wait_us=0 check_us=0 lookup_us=1 flag_check_us=0 complete_us=0 total_us=1 transfer_status=0
[HIXL_QUERY_PERF] layer=adxl_inner request=0xb context_us=1 req_lock_wait_us=0 lookup_us=0 channel_us=5 cleanup_us=0 total_us=6 status=0 transfer_status=0
[HIXL_QUERY_PERF] layer=comm_engine request=0xb total_us=8 status=0 transfer_status=0
[2026-08-24 20:43:36.347741][UC][I] [QUERY_PERF] component=ucm layer=hixl_instance request=0xb queue_wait_us=5 backend_us=10 run_post_us=5 total_us=20 api_status=0 transfer_status=0 [14755,14768][hixl_instance.cpp:342,GetTransferStatus]
[2026-08-24 20:43:36.347747][UC][I] [QUERY_PERF] component=ucm layer=hixl_transport handle=13 request=0xb lifecycle_lock_us=0 pending_lock_wait_us=0 pending_lookup_us=0 instance_us=26 erase_us=0 total_us=26 transfer_status=0 [14755,14768][hixl_transport.cpp:734,GetStatus]
[2026-08-24 20:43:36.347751][UC][I] [QUERY_PERF] component=ucm layer=transport_manager handle=13 transport_handle=13 transfers_lock_wait_us=0 lookup_us=0 transport_us=30 total_us=30 api_status=0 transfer_status=0 [14755,14768][transport_manager.cpp:716,GetStatus]
[HIXL_QUERY_PERF] layer=comm_channel request=0xb mutex_wait_us=0 check_us=0 lookup_us=0 flag_check_us=1 complete_us=1 total_us=2 transfer_status=1
[HIXL_QUERY_PERF] layer=adxl_inner request=0xb context_us=1 req_lock_wait_us=0 lookup_us=0 channel_us=8 cleanup_us=1 total_us=10 status=0 transfer_status=1
[HIXL_QUERY_PERF] layer=comm_engine request=0xb total_us=12 status=0 transfer_status=1
[2026-08-24 20:43:36.347779][UC][I] [QUERY_PERF] component=ucm layer=hixl_instance request=0xb queue_wait_us=5 backend_us=14 run_post_us=4 total_us=23 api_status=0 transfer_status=1 [14755,14768][hixl_instance.cpp:342,GetTransferStatus]
[2026-08-24 20:43:36.347785][UC][I] [QUERY_PERF] component=ucm layer=hixl_transport handle=13 request=0xb lifecycle_lock_us=1 pending_lock_wait_us=0 pending_lookup_us=0 instance_us=29 erase_us=1 total_us=31 transfer_status=1 [14755,14768][hixl_transport.cpp:734,GetStatus]
[2026-08-24 20:43:36.347789][UC][I] [QUERY_PERF] component=ucm layer=transport_manager handle=13 transport_handle=13 transfers_lock_wait_us=0 lookup_us=0 transport_us=35 total_us=35 api_status=0 transfer_status=1 [14755,14768][transport_manager.cpp:716,GetStatus]
[2026-08-24 20:43:36.347795][UC][I] [PERF] component=transport event=transfer_done manager=127.0.0.1:8000 target=127.0.0.1:4501 handle=13 transport_handle=13 opcode=1 direct=2 segments=108 bytes=7962624 status=1 api_status=0 submitted_ts_us=1787575416347475 completed_ts_us=1787575416347793 manager_get_status_ts_us=1787575416347754 backend_query_ts_us=1787575416347760 submit_us=175 transfer_us=319 manager_to_backend_query_us=6 total_us=494 [14755,14768][transport_manager.cpp:727,GetStatus]
[HIXL_PERF] event=hccl_batch op=1 desc_num=1 hccl_us=78 status=0
[HIXL_PERF] event=issue_hccl_batch op=1 list_num=1 total_us=86
[HIXL_PERF] event=issue_async_host_flag op=1 list_num=1 context_us=0 hccl_issue_us=88 flag_memcpy_us=5 total_us=93
[HIXL_PERF] event=comm_channel_async op=1 list_num=1 mutex_wait_us=0 slot_us=0 host_flag_us=0 record_us=1 issue_us=96 total_us=97
[HIXL_PERF] event=adxl_inner_async op=1 list_num=1 context_us=1 connect_us=0 get_channel_us=0 channel_async_us=99 tail_us=0 total_us=100
[HIXL_PERF] event=comm_engine_async op=1 list_num=1 desc_build_us=1 inner_us=102 total_us=103 status=0
[2026-08-24 20:43:36.347940][UC][I] [PERF] component=transport event=transfer_submitted manager=127.0.0.1:8000 target=127.0.0.1:4501 handle=14 transport_handle=14 opcode=1 direct=2 segments=1 bytes=63 submitted_ts_us=1787575416347939 manager_execute_async_ts_us=1787575416347818 backend_execute_async_ts_us=1787575416347824 manager_to_backend_execute_async_us=7 submit_us=120 [14755,14768][transport_manager.cpp:674,ExecuteAsync]
[HIXL_PERF] event=hccl_batch op=1 desc_num=108 hccl_us=343 status=0
[HIXL_QUERY_PERF] layer=comm_channel request=0xc mutex_wait_us=0 check_us=0 lookup_us=0 flag_check_us=1 complete_us=1 total_us=2 transfer_status=1
[HIXL_QUERY_PERF] layer=adxl_inner request=0xc context_us=1 req_lock_wait_us=0 lookup_us=1 channel_us=14 cleanup_us=0 total_us=16 status=0 transfer_status=1
[HIXL_QUERY_PERF] layer=comm_engine request=0xc total_us=19 status=0 transfer_status=1
[2026-08-24 20:43:36.347980][UC][I] [QUERY_PERF] component=ucm layer=hixl_instance request=0xc queue_wait_us=6 backend_us=20 run_post_us=6 total_us=32 api_status=0 transfer_status=1 [14755,14768][hixl_instance.cpp:342,GetTransferStatus]
[2026-08-24 20:43:36.347986][UC][I] [QUERY_PERF] component=ucm layer=hixl_transport handle=14 request=0xc lifecycle_lock_us=0 pending_lock_wait_us=0 pending_lookup_us=0 instance_us=38 erase_us=0 total_us=38 transfer_status=1 [14755,14768][hixl_transport.cpp:734,GetStatus]
[2026-08-24 20:43:36.347989][UC][I] [QUERY_PERF] component=ucm layer=transport_manager handle=14 transport_handle=14 transfers_lock_wait_us=0 lookup_us=0 transport_us=42 total_us=42 api_status=0 transfer_status=1 [14755,14768][transport_manager.cpp:716,GetStatus]
[2026-08-24 20:43:36.347992][UC][I] [PERF] component=transport event=transfer_done manager=127.0.0.1:8000 target=127.0.0.1:4501 handle=14 transport_handle=14 opcode=1 direct=2 segments=1 bytes=63 status=1 api_status=0 submitted_ts_us=1787575416347939 completed_ts_us=1787575416347991 manager_get_status_ts_us=1787575416347947 backend_query_ts_us=1787575416347954 submit_us=120 transfer_us=53 manager_to_backend_query_us=7 total_us=173 [14755,14768][transport_manager.cpp:727,GetStatus]
[2026-08-24 20:43:36.348007][UC][I] [PERF] component=drampool event=request_done request_id=4 opcode=2 peer=127.0.0.1:4501 batch_size=108 data_bytes=7962624 failed_items=0 status=SUCCESS failed_stage=NONE received_ts_us=1787575416347159 worker_started_ts_us=1787575416347260 data_transfer_submitted_ts_us=1787575416347489 data_transfer_completed_ts_us=1787575416347799 response_submitted_ts_us=1787575416347946 completed_ts_us=1787575416348004 data_tm_execute_async_ts_us=1787575416347299 data_hixl_execute_async_ts_us=1787575416347313 data_tm_get_status_ts_us=1787575416347754 data_hixl_query_handle_ts_us=1787575416347760 response_tm_execute_async_ts_us=1787575416347818 response_hixl_execute_async_ts_us=1787575416347824 response_tm_get_status_ts_us=1787575416347947 response_hixl_query_handle_ts_us=1787575416347954 request_queue_us=101 metadata_prepare_us=36 taskworker_prepare_us=231 poller_queue_us=52 data_transfer_us=309 metadata_settle_us=17 response_slot_wait_us=1 response_submit_us=129 response_transfer_us=57 data_tm_to_hixl_execute_async_us=14 data_tm_to_hixl_query_handle_us=6 response_tm_to_hixl_execute_async_us=7 response_tm_to_hixl_query_handle_us=7 total_us=845 [14755,14768][completion_poller.cc:56,LogRequestDone]
[HIXL_PERF] event=issue_hccl_batch op=1 list_num=108 total_us=370
[HIXL_PERF] event=issue_async_host_flag op=1 list_num=108 context_us=1 hccl_issue_us=528 flag_memcpy_us=15 total_us=544
[HIXL_PERF] event=comm_channel_async op=1 list_num=108 mutex_wait_us=1 slot_us=2 host_flag_us=2 record_us=1 issue_us=553 total_us=559
[HIXL_PERF] event=adxl_inner_async op=1 list_num=108 context_us=16 connect_us=0 get_channel_us=6 channel_async_us=566 tail_us=2 total_us=590
[HIXL_PERF] event=comm_engine_async op=1 list_num=108 desc_build_us=2 inner_us=596 total_us=598 status=0
[2026-08-24 20:43:36.348190][UC][I] [PERF] component=transport event=transfer_submitted manager=127.0.0.1:8000 target=127.0.0.1:4502 handle=15 transport_handle=15 opcode=1 direct=2 segments=108 bytes=7962624 submitted_ts_us=1787575416348188 manager_execute_async_ts_us=1787575416347510 backend_execute_async_ts_us=1787575416347545 manager_to_backend_execute_async_us=35 submit_us=678 [14755,14769][transport_manager.cpp:674,ExecuteAsync]
[HIXL_QUERY_PERF] layer=comm_channel request=0x3 mutex_wait_us=0 check_us=0 lookup_us=1 flag_check_us=1 complete_us=7 total_us=9 transfer_status=1
[HIXL_QUERY_PERF] layer=adxl_inner request=0x3 context_us=1 req_lock_wait_us=0 lookup_us=1 channel_us=23 cleanup_us=2 total_us=27 status=0 transfer_status=1
[HIXL_QUERY_PERF] layer=comm_engine request=0x3 total_us=31 status=0 transfer_status=1
[2026-08-24 20:43:36.348381][UC][I] [QUERY_PERF] component=ucm layer=hixl_instance request=0x3 queue_wait_us=13 backend_us=36 run_post_us=13 total_us=62 api_status=0 transfer_status=1 [14755,14768][hixl_instance.cpp:342,GetTransferStatus]
[2026-08-24 20:43:36.348392][UC][I] [QUERY_PERF] component=ucm layer=hixl_transport handle=15 request=0x3 lifecycle_lock_us=0 pending_lock_wait_us=0 pending_lookup_us=0 instance_us=73 erase_us=0 total_us=73 transfer_status=1 [14755,14768][hixl_transport.cpp:734,GetStatus]
[2026-08-24 20:43:36.348396][UC][I] [QUERY_PERF] component=ucm layer=transport_manager handle=15 transport_handle=15 transfers_lock_wait_us=0 lookup_us=0 transport_us=77 total_us=77 api_status=0 transfer_status=1 [14755,14768][transport_manager.cpp:716,GetStatus]
[2026-08-24 20:43:36.348399][UC][I] [PERF] component=transport event=transfer_done manager=127.0.0.1:8000 target=127.0.0.1:4502 handle=15 transport_handle=15 opcode=1 direct=2 segments=108 bytes=7962624 status=1 api_status=0 submitted_ts_us=1787575416348188 completed_ts_us=1787575416348398 manager_get_status_ts_us=1787575416348317 backend_query_ts_us=1787575416348332 submit_us=678 transfer_us=209 manager_to_backend_query_us=13 total_us=887 [14755,14768][transport_manager.cpp:727,GetStatus]
[HIXL_PERF] event=hccl_batch op=1 desc_num=1 hccl_us=82 status=0
[HIXL_PERF] event=issue_hccl_batch op=1 list_num=1 total_us=91
[HIXL_PERF] event=issue_async_host_flag op=1 list_num=1 context_us=0 hccl_issue_us=94 flag_memcpy_us=5 total_us=99
[HIXL_PERF] event=comm_channel_async op=1 list_num=1 mutex_wait_us=0 slot_us=1 host_flag_us=0 record_us=0 issue_us=103 total_us=104
[HIXL_PERF] event=adxl_inner_async op=1 list_num=1 context_us=1 connect_us=0 get_channel_us=0 channel_async_us=106 tail_us=1 total_us=108
[HIXL_PERF] event=comm_engine_async op=1 list_num=1 desc_build_us=0 inner_us=110 total_us=110 status=0
[2026-08-24 20:43:36.348559][UC][I] [PERF] component=transport event=transfer_submitted manager=127.0.0.1:8000 target=127.0.0.1:4502 handle=16 transport_handle=16 opcode=1 direct=2 segments=1 bytes=63 submitted_ts_us=1787575416348558 manager_execute_async_ts_us=1787575416348415 backend_execute_async_ts_us=1787575416348429 manager_to_backend_execute_async_us=13 submit_us=142 [14755,14768][transport_manager.cpp:674,ExecuteAsync]
[HIXL_QUERY_PERF] layer=comm_channel request=0x4 mutex_wait_us=0 check_us=0 lookup_us=0 flag_check_us=1 complete_us=1 total_us=2 transfer_status=1
[HIXL_QUERY_PERF] layer=adxl_inner request=0x4 context_us=1 req_lock_wait_us=0 lookup_us=1 channel_us=9 cleanup_us=1 total_us=12 status=0 transfer_status=1
[HIXL_QUERY_PERF] layer=comm_engine request=0x4 total_us=14 status=0 transfer_status=1
[2026-08-24 20:43:36.348613][UC][I] [QUERY_PERF] component=ucm layer=hixl_instance request=0x4 queue_wait_us=11 backend_us=17 run_post_us=11 total_us=39 api_status=0 transfer_status=1 [14755,14768][hixl_instance.cpp:342,GetTransferStatus]
[2026-08-24 20:43:36.348627][UC][I] [QUERY_PERF] component=ucm layer=hixl_transport handle=16 request=0x4 lifecycle_lock_us=0 pending_lock_wait_us=0 pending_lookup_us=0 instance_us=53 erase_us=0 total_us=53 transfer_status=1 [14755,14768][hixl_transport.cpp:734,GetStatus]
[2026-08-24 20:43:36.348640][UC][I] [QUERY_PERF] component=ucm layer=transport_manager handle=16 transport_handle=16 transfers_lock_wait_us=0 lookup_us=0 transport_us=66 total_us=66 api_status=0 transfer_status=1 [14755,14768][transport_manager.cpp:716,GetStatus]
[2026-08-24 20:43:36.348646][UC][I] [PERF] component=transport event=transfer_done manager=127.0.0.1:8000 target=127.0.0.1:4502 handle=16 transport_handle=16 opcode=1 direct=2 segments=1 bytes=63 status=1 api_status=0 submitted_ts_us=1787575416348558 completed_ts_us=1787575416348645 manager_get_status_ts_us=1787575416348573 backend_query_ts_us=1787575416348585 submit_us=142 transfer_us=87 manager_to_backend_query_us=11 total_us=229 [14755,14768][transport_manager.cpp:727,GetStatus]
[2026-08-24 20:43:36.348653][UC][I] [PERF] component=drampool event=request_done request_id=2 opcode=2 peer=127.0.0.1:4502 batch_size=108 data_bytes=7962624 failed_items=0 status=SUCCESS failed_stage=NONE received_ts_us=1787575416347161 worker_started_ts_us=1787575416347493 data_transfer_submitted_ts_us=1787575416348200 data_transfer_completed_ts_us=1787575416348404 response_submitted_ts_us=1787575416348572 completed_ts_us=1787575416348650 data_tm_execute_async_ts_us=1787575416347510 data_hixl_execute_async_ts_us=1787575416347545 data_tm_get_status_ts_us=1787575416348317 data_hixl_query_handle_ts_us=1787575416348332 response_tm_execute_async_ts_us=1787575416348415 response_hixl_execute_async_ts_us=1787575416348429 response_tm_get_status_ts_us=1787575416348573 response_hixl_query_handle_ts_us=1787575416348585 request_queue_us=332 metadata_prepare_us=16 taskworker_prepare_us=708 poller_queue_us=116 data_transfer_us=204 metadata_settle_us=10 response_slot_wait_us=0 response_submit_us=158 response_transfer_us=78 data_tm_to_hixl_execute_async_us=35 data_tm_to_hixl_query_handle_us=13 response_tm_to_hixl_execute_async_us=13 response_tm_to_hixl_query_handle_us=11 total_us=1489 [14755,14768][completion_poller.cc:56,LogRequestDone]
